Time_Index,Demand_MW,Demand_MW_25,Demand_MW_30,Demand_MW_35,Demand_heat,Demand_Zero,,,,,,,,,
1,62279.83866,63709.80176,68318.20749,73208.17018,8700,0,,,,,,,,,
2,60027.131,61405.37127,65847.08758,70560.17671,8700,0,,,,,,,,,
3,58408.32703,59749.3991,64071.33177,68657.31891,8700,0,,,,,,,,,
4,57433.97582,58752.67651,63002.51191,67511.99692,8700,0,,,,,,,,,
5,57193.26504,58506.43893,62738.46291,67229.04828,8700,0,,,,,,,,,
6,57479.04915,58798.78473,63051.95534,67564.97933,8700,0,,,,,,,,,
7,57725.51398,59050.90846,63322.31629,67854.69169,8700,0,,,,,,,,,
8,57523.16348,58843.91194,63100.34679,67616.83446,8700,0,,,,,,,,,
9,57181.75696,58494.66663,62725.83906,67215.52086,8700,0,,,,,,,,,
10,55530.34674,56805.33955,60914.31564,65274.33534,8700,0,,,,,,,,,
11,55242.64461,56511.0317,60598.71923,64936.14972,8700,0,,,,,,,,,
12,54537.7744,55789.97747,59825.50802,64107.59493,8700,0,,,,,,,,,
13,53887.56759,55124.84171,59112.26012,63343.29541,8700,0,,,,,,,,,
14,54111.01624,55353.42081,59357.37334,63605.95292,8700,0,,,,,,,,,
15,54367.07114,55615.35481,59638.25415,63906.93812,8700,0,,,,,,,,,
16,55909.15454,57192.84489,61329.85092,65719.61309,8700,0,,,,,,,,,
17,57948.00362,59278.50652,63566.3775,68116.2219,8700,0,,,,,,,,,
18,60351.2754,61736.95812,66202.65954,70941.19919,8700,0,,,,,,,,,
19,61545.23923,62958.33571,67512.38465,72344.66955,8700,0,,,,,,,,,
20,61036.00646,62437.41081,66953.77899,71746.08098,8700,0,,,,,,,,,
21,60181.53114,61563.31648,66016.45765,70741.66966,8700,0,,,,,,,,,
22,59037.43568,60392.95227,64761.43592,69396.81815,8700,0,,,,,,,,,
23,59438.30065,60803.02121,65201.16693,69868.02347,8700,0,,,,,,,,,
24,60470.19228,61858.60537,66333.10606,71080.98258,8700,0,,,,,,,,,
25,58171.45228,59507.08563,63811.49072,68378.87941,8700,0,,,,,,,,,
26,56200.6927,57491.07685,61649.65529,66062.30785,8700,0,,,,,,,,,
27,54959.73752,56221.62897,60288.38276,64603.60052,8700,0,,,,,,,,,
28,54340.21894,55587.88608,59608.79849,63875.37413,8700,0,,,,,,,,,
29,54407.34943,55656.5579,59682.43764,63954.2841,8700,0,,,,,,,,,
30,54976.99965,56239.28745,60307.31855,64623.89166,8700,0,,,,,,,,,
31,55984.9161,57270.34595,61412.95798,65808.66863,8700,0,,,,,,,,,
32,56854.73554,58160.1367,62367.11113,66831.11653,8700,0,,,,,,,,,
33,58182.00135,59517.87692,63823.06258,68391.27955,8700,0,,,,,,,,,
34,57075.30717,58385.77272,62609.06839,67090.39217,8700,0,,,,,,,,,
35,56360.84688,57654.90821,61825.33728,66250.56452,8700,0,,,,,,,,,
36,54947.27043,56208.87564,60274.70693,64588.94581,8700,0,,,,,,,,,
37,53192.28745,54413.59775,58349.5688,62526.01348,8700,0,,,,,,,,,
38,52808.68461,54021.18727,57928.77359,62075.0993,8700,0,,,,,,,,,
39,53218.18064,54440.08545,58377.97247,62556.45019,8700,0,,,,,,,,,
40,55492.94546,56767.07953,60873.28812,65230.37121,8700,0,,,,,,,,,
41,58889.74859,60241.87424,64599.42976,69223.2162,8700,0,,,,,,,,,
42,61590.31256,63004.44393,67561.82808,72397.65195,8700,0,,,,,,,,,
43,62414.09966,63847.14542,68465.48582,73365.99014,8700,0,,,,,,,,,
44,61622.91881,63037.79884,67597.59569,72435.97967,8700,0,,,,,,,,,
45,60399.22575,61786.00943,66255.25894,70997.56346,8700,0,,,,,,,,,
46,59157.31157,60515.58054,64892.93443,69537.72883,8700,0,,,,,,,,,
47,59421.99753,60786.34376,65183.28313,69848.85961,8700,0,,,,,,,,,
48,61594.14859,63008.36804,67566.03604,72402.16109,8700,0,,,,,,,,,
49,59450.76774,60815.77455,65214.84277,69882.67817,8700,0,,,,,,,,,
50,57274.78064,58589.82615,62827.88189,67324.86753,8700,0,,,,,,,,,
51,55919.70362,57203.63618,61341.42279,65732.01323,8700,0,,,,,,,,,
52,55237.84958,56506.12657,60593.4593,64930.51329,8700,0,,,,,,,,,
53,55160.17,56426.66344,60508.24825,64839.20316,8700,0,,,,,,,,,
54,55692.41894,56971.13298,61092.10163,65464.84659,8700,0,,,,,,,,,
55,56463.46064,57759.87801,61937.90001,66371.18407,8700,0,,,,,,,,,
56,56939.12816,58246.467,62459.68609,66930.31764,8700,0,,,,,,,,,
57,56997.62759,58306.30959,62523.85735,66999.08205,8700,0,,,,,,,,,
58,54505.16816,55756.62257,59789.74043,64069.26723,8700,0,,,,,,,,,
59,54169.51568,55413.26342,59421.54462,63674.71734,8700,0,,,,,,,,,
60,53620.00461,54851.13541,58818.75546,63028.78278,8700,0,,,,,,,,,
61,53739.8805,54973.76369,58950.25397,63169.69346,8700,0,,,,,,,,,
62,55432.52802,56705.27488,60807.01287,65159.35224,8700,0,,,,,,,,,
63,57027.35681,58336.72141,62556.46898,67034.0279,8700,0,,,,,,,,,
64,58839.88022,60190.86088,64544.72638,69164.59736,8700,0,,,,,,,,,
65,60611.16632,62002.81621,66487.7483,71246.69353,8700,0,,,,,,,,,
66,62743.9981,64184.61843,68827.36971,73753.77632,8700,0,,,,,,,,,
67,63748.07853,65211.75284,69928.80119,74934.04417,8700,0,,,,,,,,,
68,62954.97966,64400.44418,69058.80708,74001.77913,8700,0,,,,,,,,,
69,62158.04476,63585.21144,68184.60501,73065.00492,8700,0,,,,,,,,,
70,60694.59994,62088.1655,66579.27126,71344.76736,8700,0,,,,,,,,,
71,61094.5059,62497.2534,67017.95028,71814.8454,8700,0,,,,,,,,,
72,61836.77739,63256.56767,67832.18902,72687.36432,8700,0,,,,,,,,,
73,59533.24235,60900.1428,65305.31374,69979.62472,8700,0,,,,,,,,,
74,57550.97469,58872.36171,63130.85445,67649.52575,8700,0,,,,,,,,,
75,56520.04206,57817.75856,61999.9673,66437.6939,8700,0,,,,,,,,,
76,56308.10149,57600.95177,61767.47795,66188.56383,8700,0,,,,,,,,,
77,56804.86717,58109.12334,62312.40776,66772.49769,8700,0,,,,,,,,,
78,58577.11228,59922.0597,64256.48165,68855.72115,8700,0,,,,,,,,,
79,62247.23242,63676.44686,68282.4399,73169.84247,8700,0,,,,,,,,,
80,68721.48931,70299.35457,75384.41118,80780.14638,8700,0,,,,,,,,,
81,77455.16691,79233.55992,84964.86629,91046.33477,8700,0,,,,,,,,,
82,79401.95131,81225.04306,87100.40201,93334.72418,8700,0,,,,,,,,,
83,78681.73698,80488.2924,86310.35899,92488.13286,8700,0,,,,,,,,,
84,76685.08422,78445.79592,84120.1199,90141.12454,8700,0,,,,,,,,,
85,73399.52591,75084.80024,80516.00885,86279.0447,8700,0,,,,,,,,,
86,76298.60436,78050.44237,83696.16871,89686.82858,8700,0,,,,,,,,,
87,77981.66181,79772.1433,85542.40772,91665.21452,8700,0,,,,,,,,,
88,78092.90663,79885.94234,85664.43833,91795.97958,8700,0,,,,,,,,,
89,79444.14762,81268.20821,87146.68948,93384.32472,8700,0,,,,,,,,,
90,78318.2733,80116.48349,85911.65553,92060.89165,8700,0,,,,,,,,,
91,75606.20124,77342.14148,82936.63334,88872.92844,8700,0,,,,,,,,,
92,72613.1401,74280.35878,79653.37866,85354.67065,8700,0,,,,,,,,,
93,69879.96988,71484.43418,76655.21274,82141.90719,8700,0,,,,,,,,,
94,66867.7286,68403.03097,73350.91829,78601.10366,8700,0,,,,,,,,,
95,65653.62562,67161.05184,72019.10143,77173.96032,8700,0,,,,,,,,,
96,67444.09186,68992.6277,73983.1631,79278.6022,8700,0,,,,,,,,,
97,64509.53016,65990.68762,70764.07969,75829.10881,8700,0,,,,,,,,,
98,62294.22377,63724.51715,68333.98731,73225.07946,8700,0,,,,,,,,,
99,60869.13923,62266.71226,66770.73308,71549.93332,8700,0,,,,,,,,,
100,60547.87185,61938.06849,66418.31708,71172.2927,8700,0,,,,,,,,,
101,60958.32689,62357.94769,66868.56797,71654.77086,8700,0,,,,,,,,,
102,62378.6164,63810.84747,68426.56227,73324.28059,8700,0,,,,,,,,,
103,65424.42292,66926.58658,71767.67628,76904.53909,8700,0,,,,,,,,,
104,70664.43768,72286.91359,77515.73895,83064.02667,8700,0,,,,,,,,,
105,78263.60989,80060.56498,85851.69221,91996.63641,8700,0,,,,,,,,,
106,79827.75046,81660.61868,87567.48471,93835.23891,8700,0,,,,,,,,,
107,78952.17699,80764.94179,86607.01963,92806.02732,8700,0,,,,,,,,,
108,77248.98039,79022.6393,84738.68886,90803.9684,8700,0,,,,,,,,,
109,74898.454,76618.14415,82160.26617,88040.99182,8700,0,,,,,,,,,
110,77257.61145,79031.46853,84748.15675,90814.11397,8700,0,,,,,,,,,
111,78265.52791,80062.52705,85853.79618,91998.89098,8700,0,,,,,,,,,
112,79259.05926,81078.87017,86943.6558,93166.75862,8700,0,,,,,,,,,
113,81033.22238,82893.76859,88889.83368,95252.23672,8700,0,,,,,,,,,
114,80289.03287,82132.49227,88073.49095,94377.46319,8700,0,,,,,,,,,
115,78171.54521,79966.38648,85750.70135,91888.41695,8700,0,,,,,,,,,
116,75243.69655,76971.31357,82538.98185,88446.81461,8700,0,,,,,,,,,
117,72331.19201,73991.93708,79344.09418,85023.24873,8700,0,,,,,,,,,
118,69099.33811,70685.87888,75798.89447,81224.29685,8700,0,,,,,,,,,
119,68081.83158,69645.0101,74682.73515,80028.24701,8700,0,,,,,,,,,
120,69852.15868,71455.98444,76624.70509,82109.21592,8700,0,,,,,,,,,
121,66971.30137,68508.9818,73464.53301,78722.85049,8700,0,,,,,,,,,
122,64990.95172,66483.16275,71292.17769,76395.00609,8700,0,,,,,,,,,
123,63729.85739,65193.11334,69908.81342,74912.62575,8700,0,,,,,,,,,
124,63333.78746,64787.94953,69474.34235,74447.05686,8700,0,,,,,,,,,
125,63702.04618,65164.66357,69878.30575,74879.93447,8700,0,,,,,,,,,
126,65039.86108,66533.19508,71345.82908,76452.49764,8700,0,,,,,,,,,
127,68336.92747,69905.96308,74962.56398,80328.10494,8700,0,,,,,,,,,
128,73617.22052,75307.49318,80754.81014,86534.9385,8700,0,,,,,,,,,
129,81168.44238,83032.09328,89038.16399,95411.18391,8700,0,,,,,,,,,
130,82060.31898,83944.44762,90016.51287,96459.55943,8700,0,,,,,,,,,
131,80179.70606,82020.65529,87953.56431,94248.95269,8700,0,,,,,,,,,
132,78160.03713,79954.61417,85738.0775,91874.88953,8700,0,,,,,,,,,
133,74160.97755,75863.73503,81351.28736,87174.10937,8700,0,,,,,,,,,
134,76100.08989,77847.36994,83478.40718,89453.48049,8700,0,,,,,,,,,
135,77394.74947,79171.75529,84898.59105,90975.31581,8700,0,,,,,,,,,
136,79044.24167,80859.1203,86708.01047,92914.24669,8700,0,,,,,,,,,
137,81410.11217,83279.31187,89303.26498,95695.25992,8700,0,,,,,,,,,
138,80581.53004,82431.70526,88394.34731,94721.2853,8700,0,,,,,,,,,
139,77953.8506,79743.69354,85511.90006,91632.52316,8700,0,,,,,,,,,
140,74952.1584,76673.08162,82219.1775,88104.11978,8700,0,,,,,,,,,
141,71987.86747,73640.72971,78967.48245,84619.68055,8700,0,,,,,,,,,
142,68921.92179,70504.38904,75604.27668,81015.74903,8700,0,,,,,,,,,
143,68285.14108,69852.98765,74905.75661,80267.23152,8700,0,,,,,,,,,
144,69645.97215,71245.0638,76398.52766,81866.84954,8700,0,,,,,,,,,
145,66926.22803,68462.87357,73415.08956,78669.86806,8700,0,,,,,,,,,
146,65138.63881,66634.24078,71454.18385,76568.60803,8700,0,,,,,,,,,
147,64058.79682,65529.6053,70269.6453,75299.28464,8700,0,,,,,,,,,
148,63763.42264,65227.44926,69945.63299,74952.08074,8700,0,,,,,,,,,
149,64257.31129,65732.67772,70487.40683,75532.63274,8700,0,,,,,,,,,
150,65754.32136,67264.05958,72129.56016,77292.32527,8700,0,,,,,,,,,
151,68911.37272,70493.59775,75592.70482,81003.34891,8700,0,,,,,,,,,
152,73763.94861,75457.59018,80915.76431,86707.41317,8700,0,,,,,,,,,
153,81494.50479,83365.64217,89395.83992,95794.461,8700,0,,,,,,,,,
154,85103.24848,87057.24366,93354.47094,100036.4361,8700,0,,,,,,,,,
155,86046.91146,88022.57341,94389.62715,101145.6849,8700,0,,,,,,,,,
156,85301.76295,87260.31607,93572.23246,100269.7842,8700,0,,,,,,,,,
157,82141.83458,84027.83484,90105.93185,96555.37866,8700,0,,,,,,,,,
158,84224.79799,86158.6237,92390.84986,99003.84263,8700,0,,,,,,,,,
159,84939.25827,86889.48819,93174.58098,99843.67024,8700,0,,,,,,,,,
160,85151.19884,87106.29497,93407.07038,100092.8003,8700,0,,,,,,,,,
161,86497.6448,88483.65573,94884.06153,101675.509,8700,0,,,,,,,,,
162,84961.31543,86912.05179,93198.77671,99869.5978,8700,0,,,,,,,,,
163,82162.93273,84049.41742,90129.07558,96580.17893,8700,0,,,,,,,,,
164,78737.3594,80545.19192,86371.37431,92553.51539,8700,0,,,,,,,,,
165,75538.11173,77272.48861,82861.94219,88792.8912,8700,0,,,,,,,,,
166,72054.99797,73709.40154,79041.12162,84698.59054,8700,0,,,,,,,,,
167,71124.76109,72757.80615,78020.69322,83605.12368,8700,0,,,,,,,,,
168,72514.36237,74179.31309,79545.02388,85238.56025,8700,0,,,,,,,,,
169,70089.99243,71699.27891,76885.59812,82388.7827,8700,0,,,,,,,,,
170,68051.14335,69613.61727,74649.07153,79992.17387,8700,0,,,,,,,,,
171,67002.9486,68541.35567,73499.2486,78760.05091,8700,0,,,,,,,,,
172,66308.62746,67831.09271,72737.60925,77943.89625,8700,0,,,,,,,,,
173,66306.70945,67829.13066,72735.50529,77941.6417,8700,0,,,,,,,,,
174,67545.74662,69096.61648,74094.67384,79398.09446,8700,0,,,,,,,,,
175,70184.93414,71796.40051,76989.74494,82500.38395,8700,0,,,,,,,,,
176,75191.91017,76918.33816,82482.1745,88385.94113,8700,0,,,,,,,,,
177,83047.13727,84953.92355,91099.00857,97619.53608,8700,0,,,,,,,,,
178,85836.88891,87807.72869,94159.24175,100898.8094,8700,0,,,,,,,,,
179,86174.45941,88153.0499,94529.54156,101295.6139,8700,0,,,,,,,,,
180,85314.23004,87273.06942,93585.9083,100284.4389,8700,0,,,,,,,,,
181,81952.91018,83834.57268,89898.6902,96333.30342,8700,0,,,,,,,,,
182,83510.3377,85427.75918,91607.11883,98164.01493,8700,0,,,,,,,,,
183,84270.83033,86205.71294,92441.3453,99057.95231,8700,0,,,,,,,,,
184,84770.47302,86716.82758,92989.43108,99645.26799,8700,0,,,,,,,,,
185,86069.92763,88046.11804,94414.87483,101172.7397,8700,0,,,,,,,,,
186,84363.85401,86300.87248,92543.38815,99167.29896,8700,0,,,,,,,,,
187,81007.32919,82867.28088,88861.43,95221.80003,8700,0,,,,,,,,,
188,77766.84422,79552.39344,85306.76241,91412.70258,8700,0,,,,,,,,,
189,75046.14109,76769.22218,82322.27232,88214.5938,8700,0,,,,,,,,,
190,71786.47598,73434.71421,78746.56497,84382.95061,8700,0,,,,,,,,,
191,70853.36208,72480.17576,77722.9806,83286.1019,8700,0,,,,,,,,,
192,72295.70875,73955.63911,79305.17061,84981.53918,8700,0,,,,,,,,,
193,69533.76832,71130.28374,76275.44505,81734.95714,8700,0,,,,,,,,,
194,67483.41115,69032.84978,74026.29461,79324.8209,8700,0,,,,,,,,,
195,66226.15285,67746.72446,72647.13828,77846.94971,8700,0,,,,,,,,,
196,65419.62789,66921.68146,71762.41635,76898.90267,8700,0,,,,,,,,,
197,65099.31952,66594.01872,71411.05234,76522.38933,8700,0,,,,,,,,,
198,65270.98179,66769.6224,71599.3582,76724.17343,8700,0,,,,,,,,,
199,66323.97158,67846.78914,72754.44107,77961.93283,8700,0,,,,,,,,,
200,67703.98279,69258.4858,74268.25187,79584.09656,8700,0,,,,,,,,,
201,70306.72804,71920.99084,77123.34741,82643.54921,8700,0,,,,,,,,,
202,70147.53286,71758.14049,76948.7174,82456.41982,8700,0,,,,,,,,,
203,70717.18307,72340.87003,77573.5983,83126.02735,8700,0,,,,,,,,,
204,69928.87924,71534.46652,76708.86412,82199.39874,8700,0,,,,,,,,,
205,67563.00874,69114.27495,74113.60961,79418.38559,8700,0,,,,,,,,,
206,67631.09825,69183.92782,74188.30078,79498.42286,8700,0,,,,,,,,,
207,67755.76917,69311.46121,74325.05922,79644.96997,8700,0,,,,,,,,,
208,68404.05796,69974.6349,75036.20313,80407.01491,8700,0,,,,,,,,,
209,70097.66449,71707.12713,76894.01403,82397.80099,8700,0,,,,,,,,,
210,70970.36095,72599.86095,77851.32315,83423.63073,8700,0,,,,,,,,,
211,71189.01456,72823.53491,78091.17642,83680.65179,8700,0,,,,,,,,,
212,69811.88038,71414.78133,76580.52159,82061.86993,8700,0,,,,,,,,,
213,68302.40321,69870.64612,74924.6924,80287.52266,8700,0,,,,,,,,,
214,66194.50562,67714.3506,72612.42268,77809.74929,8700,0,,,,,,,,,
215,66488.9208,68015.52564,72935.38301,78155.82592,8700,0,,,,,,,,,
216,68337.88647,69906.9441,74963.61596,80329.23221,8700,0,,,,,,,,,
217,66186.83356,67706.50238,72604.00678,77800.731,8700,0,,,,,,,,,
218,64058.79682,65529.6053,70269.6453,75299.28464,8700,0,,,,,,,,,
219,62575.21285,64011.95782,68642.21981,73555.37409,8700,0,,,,,,,,,
220,61680.45923,63096.6604,67660.71496,72503.61679,8700,0,,,,,,,,,
221,61470.43668,62881.81567,67430.32958,72256.74128,8700,0,,,,,,,,,
222,61816.63824,63235.96612,67810.09727,72663.69133,8700,0,,,,,,,,,
223,62222.29824,63650.94019,68255.08821,73140.53306,8700,0,,,,,,,,,
224,62328.74803,63759.8341,68371.85888,73265.66174,8700,0,,,,,,,,,
225,62469.72207,63904.04494,68526.50113,73431.3727,8700,0,,,,,,,,,
226,61051.35058,62453.10724,66970.61082,71764.11755,8700,0,,,,,,,,,
227,61071.48973,62473.70879,66992.70256,71787.79055,8700,0,,,,,,,,,
228,60506.63455,61895.88436,66373.0816,71123.81943,8700,0,,,,,,,,,
229,59543.79143,60910.93409,65316.88561,69992.02486,8700,0,,,,,,,,,
230,59644.48717,61013.94183,65427.34434,70110.38983,8700,0,,,,,,,,,
231,60204.54731,61586.86112,66041.70536,70768.72452,8700,0,,,,,,,,,
232,61897.19483,63318.37231,67898.46426,72758.38329,8700,0,,,,,,,,,
233,64074.14094,65545.30173,70286.47712,75317.32122,8700,0,,,,,,,,,
234,66592.49356,68121.47645,73048.99772,78277.57274,8700,0,,,,,,,,,
235,67838.24378,69395.82947,74415.5302,79741.91652,8700,0,,,,,,,,,
236,67047.06293,68586.48287,73547.64006,78811.90604,8700,0,,,,,,,,,
237,65899.13144,67412.19454,72288.41037,77462.54538,8700,0,,,,,,,,,
238,64453.90775,65933.7881,70703.06439,75763.72626,8700,0,,,,,,,,,
239,64948.75541,66439.99761,71245.89022,76345.40553,8700,0,,,,,,,,,
240,65930.77867,67444.5684,72323.12597,77499.7458,8700,0,,,,,,,,,
241,63692.45611,65154.85331,69867.78588,74868.66161,8700,0,,,,,,,,,
242,61718.81952,63135.90145,67702.79449,72548.70821,8700,0,,,,,,,,,
243,60666.78873,62059.71573,66548.7636,71312.07609,8700,0,,,,,,,,,
244,60170.98207,61552.52521,66004.88579,70729.26953,8700,0,,,,,,,,,
245,60645.69058,62038.13317,66525.61987,71287.27582,8700,0,,,,,,,,,
246,62218.46221,63647.01608,68250.88025,73136.02391,8700,0,,,,,,,,,
247,65816.65683,67327.82629,72197.9394,77365.59884,8700,0,,,,,,,,,
248,71938.95811,73590.69738,78913.83107,84562.189,8700,0,,,,,,,,,
249,81418.74323,83288.14111,89312.73287,95705.40548,8700,0,,,,,,,,,
250,85388.07359,87348.60844,93666.91136,100371.2398,8700,0,,,,,,,,,
251,86851.51841,88845.65437,95272.24517,102091.4774,8700,0,,,,,,,,,
252,86793.01898,88785.81178,95208.07389,102022.7129,8700,0,,,,,,,,,
253,83759.67954,85682.82599,91880.63565,98457.10913,8700,0,,,,,,,,,
254,85642.21047,87608.58037,93945.68822,100669.9704,8700,0,,,,,,,,,
255,86078.5587,88054.94728,94424.34277,101182.8853,8700,0,,,,,,,,,
256,85812.91373,87783.20303,94132.94212,100870.6273,8700,0,,,,,,,,,
257,86141.85317,88119.69502,94493.77399,101257.2862,8700,0,,,,,,,,,
258,83752.9665,85675.95882,91873.2718,98449.21813,8700,0,,,,,,,,,
259,80663.04564,82515.09248,88483.76629,94817.10452,8700,0,,,,,,,,,
260,77284.46365,79058.93727,84777.61241,90845.67795,8700,0,,,,,,,,,
261,74131.24833,75833.32322,81318.67574,87139.16353,8700,0,,,,,,,,,
262,70671.15073,72293.78077,77523.10286,83071.91766,8700,0,,,,,,,,,
263,69606.65286,71204.84172,76355.39614,81820.63084,8700,0,,,,,,,,,
264,71402.87315,73042.30376,78325.76975,83932.03645,8700,0,,,,,,,,,
265,68672.57995,70249.32223,75330.75979,80722.65484,8700,0,,,,,,,,,
266,66814.0242,68348.0935,73292.00695,78537.97568,8700,0,,,,,,,,,
267,65660.33867,67167.91902,72026.46534,77181.85131,8700,0,,,,,,,,,
268,65150.1469,66646.01311,71466.80771,76582.13546,8700,0,,,,,,,,,
269,65309.34207,66808.86344,71641.43772,76769.26484,8700,0,,,,,,,,,
270,66460.15059,67986.09485,72903.82338,78122.00736,8700,0,,,,,,,,,
271,69640.21811,71239.17764,76392.21573,81860.08583,8700,0,,,,,,,,,
272,74733.50478,76449.40765,81979.32422,87847.09871,8700,0,,,,,,,,,
273,82589.69089,84485.97407,90597.21028,97081.82095,8700,0,,,,,,,,,
274,84477.97586,86417.6146,92668.57476,99301.44597,8700,0,,,,,,,,,
275,83117.14479,85025.53846,91175.80369,97701.82789,8700,0,,,,,,,,,
276,80324.51614,82168.79024,88112.41451,94419.17273,8700,0,,,,,,,,,
277,76296.68634,78048.48031,83694.06473,89684.57401,8700,0,,,,,,,,,
278,78626.11457,80431.39289,86249.34368,92422.75032,8700,0,,,,,,,,,
279,80570.02195,82419.93294,88381.72345,94707.75788,8700,0,,,,,,,,,
280,81927.01699,83808.08498,89870.28653,96302.86672,8700,0,,,,,,,,,
281,83083.57954,84991.20253,91138.98411,97662.37291,8700,0,,,,,,,,,
282,81262.42507,83128.23384,89141.25881,95521.65793,8700,0,,,,,,,,,
283,78758.45755,80566.77449,86394.51804,92578.31566,8700,0,,,,,,,,,
284,75825.81386,77566.79646,83177.5386,89131.0768,8700,0,,,,,,,,,
285,72927.69442,74602.13536,79998.43074,85724.42028,8700,0,,,,,,,,,
286,69729.40577,71330.41308,76490.05061,81964.92337,8700,0,,,,,,,,,
287,68586.26931,70161.02988,75236.08086,80621.19914,8700,0,,,,,,,,,
288,70252.06463,71865.07234,77063.3841,82579.29393,8700,0,,,,,,,,,
289,67503.5503,69053.45132,74048.38636,79348.4939,8700,0,,,,,,,,,
290,65442.64406,66945.22607,71787.66406,76925.95751,8700,0,,,,,,,,,
291,64119.21427,65591.40997,70335.92056,75370.30363,8700,0,,,,,,,,,
292,63355.84462,64810.51312,69498.53807,74472.98442,8700,0,,,,,,,,,
293,63464.21243,64921.36909,69617.41273,74600.36769,8700,0,,,,,,,,,
294,64495.14505,65975.97222,70748.29987,75812.19951,8700,0,,,,,,,,,
295,67248.45442,68792.49837,73768.55755,79048.63598,8700,0,,,,,,,,,
296,72157.61173,73814.37135,79153.68435,84819.21008,8700,0,,,,,,,,,
297,79569.77755,81396.72263,87284.49992,93531.99915,8700,0,,,,,,,,,
298,80781.96252,82636.73973,88614.2128,94956.88796,8700,0,,,,,,,,,
299,78982.86521,80796.33462,86640.68324,92842.10044,8700,0,,,,,,,,,
300,75758.68336,77498.12463,83103.89944,89052.16685,8700,0,,,,,,,,,
301,70766.09244,72390.90238,77627.24969,83183.51893,8700,0,,,,,,,,,
302,72271.73357,73931.11346,79278.87091,84953.35703,8700,0,,,,,,,,,
303,72912.35031,74586.43895,79981.59893,85706.38371,8700,0,,,,,,,,,
304,74064.11783,75764.65138,81245.03656,87060.25349,8700,0,,,,,,,,,
305,76399.3001,78153.45011,83806.62745,89805.19351,8700,0,,,,,,,,,
306,75326.17116,77055.68182,82629.45283,88543.76112,8700,0,,,,,,,,,
307,73552.00804,75240.7834,80683.27496,86458.28309,8700,0,,,,,,,,,
308,71122.84307,72755.8441,78018.58923,83602.8691,8700,0,,,,,,,,,
309,68936.3069,70519.10443,75620.05651,81032.65833,8700,0,,,,,,,,,
310,66416.03626,67940.96765,72855.43192,78070.15223,8700,0,,,,,,,,,
311,65454.15214,66956.99839,71800.28791,76939.48494,8700,0,,,,,,,,,
312,67048.02193,68587.46388,73548.69204,78813.03332,8700,0,,,,,,,,,
313,64009.88746,65479.57297,70215.99392,75241.79309,8700,0,,,,,,,,,
314,62119.68448,63545.97039,68142.52549,73019.91351,8700,0,,,,,,,,,
315,60959.2859,62358.92872,66869.61996,71655.89816,8700,0,,,,,,,,,
316,60733.91923,62128.38757,66622.40277,71390.98607,8700,0,,,,,,,,,
317,61269.04519,62675.80017,67209.41209,72020.01134,8700,0,,,,,,,,,
318,62644.26136,64082.59171,68717.96295,73636.53864,8700,0,,,,,,,,,
319,65714.04307,67222.85649,72085.37668,77244.9793,8700,0,,,,,,,,,
320,70814.04279,72439.95368,77679.84909,83239.88319,8700,0,,,,,,,,,
321,77446.53585,79224.7307,84955.3984,91036.18921,8700,0,,,,,,,,,
322,77201.03003,78973.58799,84686.08945,90747.60415,8700,0,,,,,,,,,
323,75460.43216,77193.02549,82776.73116,88701.58111,8700,0,,,,,,,,,
324,72607.38605,74274.47262,79647.06673,85347.90694,8700,0,,,,,,,,,
325,68049.22534,69611.65522,74646.96756,79989.91931,8700,0,,,,,,,,,
326,69663.23428,71262.72227,76417.46345,81887.14069,8700,0,,,,,,,,,
327,70506.20151,72125.04427,77342.16092,82878.02457,8700,0,,,,,,,,,
328,71612.8957,73257.14849,78556.15513,84178.91196,8700,0,,,,,,,,,
329,73996.02833,75694.99853,81170.34542,86980.21624,8700,0,,,,,,,,,
330,74041.10166,75741.10676,81219.78885,87033.19865,8700,0,,,,,,,,,
331,73217.31457,74898.40528,80316.13113,86064.86047,8700,0,,,,,,,,,
332,71046.12251,72677.36201,77934.4302,83512.68627,8700,0,,,,,,,,,
333,68770.39867,70349.3869,75438.06256,80837.63795,8700,0,,,,,,,,,
334,66126.41612,67644.69775,72537.73153,77729.71203,8700,0,,,,,,,,,
335,65107.95058,66602.84794,71420.52023,76532.5349,8700,0,,,,,,,,,
336,66276.98023,67798.71885,72702.89365,77906.69583,8700,0,,,,,,,,,
337,63437.36023,64893.90036,69587.95707,74568.8037,8700,0,,,,,,,,,
338,61012.03129,62412.88516,66927.4793,71717.89885,8700,0,,,,,,,,,
339,59583.11072,60951.15616,65360.01712,70038.24356,8700,0,,,,,,,,,
340,59117.03327,60474.37744,64848.75093,69490.38284,8700,0,,,,,,,,,
341,59479.53795,60845.20533,65246.4024,69916.49673,8700,0,,,,,,,,,
342,60704.19001,62097.97575,66589.79114,71356.04022,8700,0,,,,,,,,,
343,63552.44108,65011.62349,69714.19563,74704.07795,8700,0,,,,,,,,,
344,68168.14222,69733.30247,74777.41408,80129.7027,8700,0,,,,,,,,,
345,74833.24152,76551.43437,82088.73099,87964.33644,8700,0,,,,,,,,,
346,75635.93046,77372.55329,82969.24497,88907.87436,8700,0,,,,,,,,,
347,75070.11627,76793.74783,82348.57202,88242.77593,8700,0,,,,,,,,,
348,73782.16974,75476.22968,80935.75208,86728.83158,8700,0,,,,,,,,,
349,70600.18421,72221.18484,77445.25576,82988.49855,8700,0,,,,,,,,,
350,73038.93925,74715.9344,80120.46135,85855.18539,8700,0,,,,,,,,,
351,73523.23783,75211.35262,80651.71532,86424.46452,8700,0,,,,,,,,,
352,73530.90989,75219.20083,80660.13122,86433.48281,8700,0,,,,,,,,,
353,73907.79967,75604.74411,81073.56251,86876.50598,8700,0,,,,,,,,,
354,72226.66024,73885.00523,79229.42748,84900.37463,8700,0,,,,,,,,,
355,70878.29627,72505.68244,77750.33228,83315.41133,8700,0,,,,,,,,,
356,68864.38137,70445.52747,75541.15739,80948.11191,8700,0,,,,,,,,,
357,67229.27427,68772.87784,73747.51778,79026.09027,8700,0,,,,,,,,,
358,65142.47484,66638.16489,71458.3918,76573.11718,8700,0,,,,,,,,,
359,64259.22931,65734.63978,70489.51082,75534.8873,8700,0,,,,,,,,,
360,66195.46463,67715.33163,72613.47468,77810.87659,8700,0,,,,,,,,,
361,63170.75625,64621.17507,69295.50439,74255.41834,8700,0,,,,,,,,,
362,60899.82746,62298.1051,66804.3967,71586.00646,8700,0,,,,,,,,,
363,59544.75043,60911.91511,65317.93759,69993.15213,8700,0,,,,,,,,,
364,59053.7388,60409.62971,64779.31971,69415.982,8700,0,,,,,,,,,
365,59407.61242,60771.62837,65167.5033,69831.95032,8700,0,,,,,,,,,
366,60189.2032,61571.1647,66024.87356,70750.68795,8700,0,,,,,,,,,
367,61423.44533,62833.74539,67378.78218,72201.50429,8700,0,,,,,,,,,
368,63143.90406,64593.70634,69266.04872,74223.85436,8700,0,,,,,,,,,
369,65367.84151,66868.70604,71705.60899,76838.02926,8700,0,,,,,,,,,
370,64732.0198,66218.28568,71008.14091,76090.63902,8700,0,,,,,,,,,
371,64285.1225,65761.12749,70517.91449,75565.324,8700,0,,,,,,,,,
372,62242.43739,63671.54174,68277.17996,73164.20606,8700,0,,,,,,,,,
373,58994.28036,60348.80609,64714.09645,69346.09031,8700,0,,,,,,,,,
374,59589.82377,60958.02335,65367.38103,70046.13456,8700,0,,,,,,,,,
375,60243.86661,61627.0832,66084.83688,70814.94323,8700,0,,,,,,,,,
376,61697.72136,63114.31887,67679.65075,72523.90793,8700,0,,,,,,,,,
377,64162.36959,65635.55614,70383.26002,75421.03147,8700,0,,,,,,,,,
378,65545.25782,67050.19588,71900.22678,77046.57706,8700,0,,,,,,,,,
379,66504.26491,68031.22206,72952.21482,78173.86248,8700,0,,,,,,,,,
380,65715.00207,67223.83751,72086.42866,77246.10658,8700,0,,,,,,,,,
381,64558.43952,66040.71995,70817.73108,75886.60035,8700,0,,,,,,,,,
382,63034.57725,64481.86937,69146.12208,74095.34382,8700,0,,,,,,,,,
383,63318.44335,64772.25311,69457.51055,74429.0203,8700,0,,,,,,,,,
384,65060.00023,66553.79664,71367.92084,76476.17063,8700,0,,,,,,,,,
385,62685.49867,64124.77583,68763.19844,73685.01192,8700,0,,,,,,,,,
386,60268.80079,61652.58988,66112.18857,70844.25264,8700,0,,,,,,,,,
387,58948.24802,60301.71683,64663.60103,69291.98061,8700,0,,,,,,,,,
388,58255.8449,59593.41594,63904.06566,68478.08052,8700,0,,,,,,,,,
389,58384.35185,59724.87345,64045.03207,68629.13678,8700,0,,,,,,,,,
390,58978.93625,60333.10966,64697.26465,69328.05374,8700,0,,,,,,,,,
391,59551.46348,60918.7823,65325.3015,70001.04314,8700,0,,,,,,,,,
392,59934.10731,61310.21173,65745.04474,70450.83002,8700,0,,,,,,,,,
393,59594.6188,60962.92847,65372.64097,70051.77099,8700,0,,,,,,,,,
394,56746.36774,58049.28074,62248.23649,66703.73327,8700,0,,,,,,,,,
395,55598.43624,56874.9924,60989.0068,65354.37261,8700,0,,,,,,,,,
396,54362.2761,55610.44967,59632.99421,63901.3017,8700,0,,,,,,,,,
397,53105.0178,54324.32436,58253.83789,62423.4305,8700,0,,,,,,,,,
398,53357.23667,54582.33425,58530.51074,62719.90658,8700,0,,,,,,,,,
399,54479.27497,55730.13486,59761.33676,64038.83053,8700,0,,,,,,,,,
400,57032.15185,58341.62655,62561.72893,67039.66433,8700,0,,,,,,,,,
401,60653.36263,62045.98136,66534.03577,71296.2941,8700,0,,,,,,,,,
402,63855.48732,65321.62776,70046.62385,75060.30013,8700,0,,,,,,,,,
403,65509.77456,67013.89791,71861.30323,77004.8675,8700,0,,,,,,,,,
404,64966.01753,66457.65607,71264.826,76365.69666,8700,0,,,,,,,,,
405,63790.27484,65254.91799,69975.08866,74983.64473,8700,0,,,,,,,,,
406,62467.80406,63902.08289,68524.39715,73429.11813,8700,0,,,,,,,,,
407,62643.30235,64081.61068,68716.91096,73635.41136,8700,0,,,,,,,,,
408,63184.18235,64634.90944,69310.23221,74271.20034,8700,0,,,,,,,,,
409,60878.7293,62276.52252,66781.25297,71561.20617,8700,0,,,,,,,,,
410,58907.96972,60260.51373,64619.41753,69244.63462,8700,0,,,,,,,,,
411,57573.99086,58895.90633,63156.10216,67676.58059,8700,0,,,,,,,,,
412,57394.65653,58712.45443,62959.3804,67465.77822,8700,0,,,,,,,,,
413,57812.78362,59140.18184,63418.04718,67957.27465,8700,0,,,,,,,,,
414,59705.86363,61076.72751,65494.67159,70182.53611,8700,0,,,,,,,,,
415,63447.9093,64904.69163,69599.52892,74581.20383,8700,0,,,,,,,,,
416,69779.27414,71381.42644,76544.75399,82023.54222,8700,0,,,,,,,,,
417,78870.66138,80681.55457,86517.60063,92710.20809,8700,0,,,,,,,,,
418,82388.2994,84279.95857,90376.29278,96845.091,8700,0,,,,,,,,,
419,83120.02181,85028.48153,91178.95965,97705.20983,8700,0,,,,,,,,,
420,81905.91883,83786.50239,89847.1428,96278.06645,8700,0,,,,,,,,,
421,77689.16464,79472.93031,85221.55137,91321.39241,8700,0,,,,,,,,,
422,79238.92011,81058.26862,86921.56406,93143.08564,8700,0,,,,,,,,,
423,80115.45259,81954.92653,87883.08112,94173.42459,8700,0,,,,,,,,,
424,79731.84975,81562.51607,87462.2859,93722.51041,8700,0,,,,,,,,,
425,80757.98734,82612.21407,88587.91311,94928.70574,8700,0,,,,,,,,,
426,79602.38379,81430.07753,87320.26752,93570.32684,8700,0,,,,,,,,,
427,78213.74152,80009.55162,85796.98883,91938.01758,8700,0,,,,,,,,,
428,75462.35017,77194.98754,82778.83513,88703.83568,8700,0,,,,,,,,,
429,72728.22095,74398.08192,79779.61723,85489.9449,8700,0,,,,,,,,,
430,69517.4652,71113.60629,76257.56126,81715.79329,8700,0,,,,,,,,,
431,68472.14747,70044.28776,75110.89428,80487.05219,8700,0,,,,,,,,,
432,70010.39485,71617.85374,76798.28312,82295.21801,8700,0,,,,,,,,,
433,67414.36264,68962.21589,73950.55148,79243.65635,8700,0,,,,,,,,,
434,65520.32363,67024.6892,71872.87508,77017.26763,8700,0,,,,,,,,,
435,64412.67044,65891.60396,70657.8289,75715.25297,8700,0,,,,,,,,,
436,63961.93711,65430.52168,70163.39452,75185.42882,8700,0,,,,,,,,,
437,64482.67796,65963.21888,70734.62403,75797.54481,8700,0,,,,,,,,,
438,65808.98477,67319.97808,72189.5235,77356.58055,8700,0,,,,,,,,,
439,68992.88832,70576.98497,75682.1238,81099.16817,8700,0,,,,,,,,,
440,74151.38748,75853.92477,81340.76748,87162.83651,8700,0,,,,,,,,,
441,81482.0377,83352.88884,89382.16408,95779.80629,8700,0,,,,,,,,,
442,81849.33741,83728.62185,89785.07549,96211.55664,8700,0,,,,,,,,,
443,80426.17089,82272.77903,88223.92525,94538.66503,8700,0,,,,,,,,,
444,77784.10635,79570.05191,85325.6982,91432.99371,8700,0,,,,,,,,,
445,73270.05996,74952.36172,80373.99048,86126.86117,8700,0,,,,,,,,,
446,74808.30733,76525.92769,82061.37928,87935.02703,8700,0,,,,,,,,,
447,75623.46336,77359.79993,82955.56912,88893.21957,8700,0,,,,,,,,,
448,76984.29443,78751.87608,84448.34016,90492.83764,8700,0,,,,,,,,,
449,79809.52933,81641.97919,87547.49694,93813.82049,8700,0,,,,,,,,,
450,79974.47855,81810.71569,87728.43888,94007.71361,8700,0,,,,,,,,,
451,78739.27741,80547.15397,86373.47827,92555.76996,8700,0,,,,,,,,,
452,76157.63031,77906.23152,83541.52646,89521.11759,8700,0,,,,,,,,,
453,73467.61542,75154.45311,80590.7,86359.08198,8700,0,,,,,,,,,
454,70085.1974,71694.37379,76880.33818,82383.14627,8700,0,,,,,,,,,
455,68768.48066,70347.42486,75435.9586,80835.38338,8700,0,,,,,,,,,
456,70423.7269,72040.67603,77251.68995,82781.07803,8700,0,,,,,,,,,
457,67525.60747,69076.01493,74072.5821,79374.42146,8700,0,,,,,,,,,
458,65457.02917,66959.94148,71803.44389,76942.8668,8700,0,,,,,,,,,
459,64230.45909,65705.20899,70457.95117,75501.06874,8700,0,,,,,,,,,
460,63790.27484,65254.91799,69975.08866,74983.64473,8700,0,,,,,,,,,
461,64078.93597,65550.20686,70291.73706,75322.95764,8700,0,,,,,,,,,
462,65280.57186,66779.43266,71609.87808,76735.44628,8700,0,,,,,,,,,
463,68415.56605,69986.40723,75048.82699,80420.54233,8700,0,,,,,,,,,
464,73507.89372,75195.65621,80634.88351,86406.42797,8700,0,,,,,,,,,
465,80046.40408,81884.29265,87807.33797,94092.25998,8700,0,,,,,,,,,
466,79702.12053,81532.10425,87429.67427,93687.56448,8700,0,,,,,,,,,
467,77848.35982,79635.78066,85396.18138,91508.52181,8700,0,,,,,,,,,
468,74832.28251,76550.45334,82087.67899,87963.20915,8700,0,,,,,,,,,
469,69989.29669,71596.27117,76775.13937,82270.41772,8700,0,,,,,,,,,
470,71507.40492,73149.23561,78440.43645,84054.91055,8700,0,,,,,,,,,
471,72035.81783,73689.78103,79020.08186,84676.04484,8700,0,,,,,,,,,
472,73123.33187,74802.2647,80213.0363,85954.3865,8700,0,,,,,,,,,
473,75601.4062,77337.23634,82931.3734,88867.29201,8700,0,,,,,,,,,
474,75331.92521,77061.56799,82635.76476,88550.52483,8700,0,,,,,,,,,
475,74499.50705,76210.03727,81722.63913,87572.04107,8700,0,,,,,,,,,
476,72499.01825,74163.61666,79528.19208,85220.52369,8700,0,,,,,,,,,
477,70348.92435,71964.15599,77169.63489,82693.14976,8700,0,,,,,,,,,
478,67584.1069,69135.85753,74136.75337,79443.18588,8700,0,,,,,,,,,
479,66407.4052,67932.13841,72845.96403,78060.00666,8700,0,,,,,,,,,
480,67887.15314,69445.8618,74469.18158,79799.40807,8700,0,,,,,,,,,
481,64721.47072,66207.4944,70996.56905,76078.23887,8700,0,,,,,,,,,
482,62442.86987,63876.57621,68497.04546,73399.80871,8700,0,,,,,,,,,
483,61184.65256,62589.46986,67116.83714,71920.81022,8700,0,,,,,,,,,
484,60671.58377,62064.62087,66554.02354,71317.71252,8700,0,,,,,,,,,
485,61036.96547,62438.39184,66954.83098,71747.20827,8700,0,,,,,,,,,
486,62347.92817,63779.45461,68392.89865,73288.20745,8700,0,,,,,,,,,
487,65244.12959,66742.15367,71569.90253,76692.60943,8700,0,,,,,,,,,
488,69975.87059,71582.5368,76760.41155,82254.63572,8700,0,,,,,,,,,
489,76701.38734,78462.47336,84138.0037,90160.28847,8700,0,,,,,,,,,
490,76543.15117,78300.60404,83964.42566,89974.28635,8700,0,,,,,,,,,
491,75747.17528,77486.35231,83091.27559,89038.63942,8700,0,,,,,,,,,
492,75413.44081,77144.95521,82725.18375,88646.34406,8700,0,,,,,,,,,
493,72833.71173,74505.99479,79895.33591,85613.9463,8700,0,,,,,,,,,
494,75805.67471,77546.19492,83155.44685,89107.40381,8700,0,,,,,,,,,
495,76812.63216,78576.27239,84260.0343,90291.05354,8700,0,,,,,,,,,
496,76667.82209,78428.13744,84101.18411,90120.83341,8700,0,,,,,,,,,
497,77137.73556,78908.84027,84616.65823,90673.20325,8700,0,,,,,,,,,
498,75295.48294,77024.28899,82595.78922,88507.688,8700,0,,,,,,,,,
499,73635.44166,75326.13268,80774.79791,86556.35692,8700,0,,,,,,,,,
500,71006.80322,72637.13994,77891.2987,83466.46757,8700,0,,,,,,,,,
501,68559.41711,70133.56114,75206.62519,80589.63515,8700,0,,,,,,,,,
502,65896.25441,67409.25146,72285.2544,77459.16353,8700,0,,,,,,,,,
503,64747.36392,66233.98211,71024.97274,76108.67558,8700,0,,,,,,,,,
504,66129.29314,67647.64083,72540.8875,77733.09389,8700,0,,,,,,,,,
505,63043.20831,64490.69859,69155.58998,74105.48938,8700,0,,,,,,,,,
506,60567.052,61957.68903,66439.35685,71194.83841,8700,0,,,,,,,,,
507,59255.13029,60615.6452,65000.2372,69652.71195,8700,0,,,,,,,,,
508,58720.00433,60068.2326,64413.22788,69023.68667,8700,0,,,,,,,,,
509,59165.94263,60524.40977,64902.40231,69547.8744,8700,0,,,,,,,,,
510,60484.57739,61873.32076,66348.88588,71097.89187,8700,0,,,,,,,,,
511,63178.42831,64629.02328,69303.92028,74264.43663,8700,0,,,,,,,,,
512,67512.18137,69062.28057,74057.85425,79358.63947,8700,0,,,,,,,,,
513,74307.70563,76013.83202,81512.24153,87346.58398,8700,0,,,,,,,,,
514,76113.51599,77861.10432,83493.13502,89469.26248,8700,0,,,,,,,,,
515,75786.49457,77526.57439,83134.40709,89084.85811,8700,0,,,,,,,,,
516,74561.84251,76273.80396,81791.01836,87645.3146,8700,0,,,,,,,,,
517,71511.24095,73153.15971,78444.64439,84059.41969,8700,0,,,,,,,,,
518,73786.00577,75480.15378,80939.96003,86733.34073,8700,0,,,,,,,,,
519,74445.80265,76155.0998,81663.7278,87508.91311,8700,0,,,,,,,,,
520,74036.30662,75736.20161,81214.52891,87027.56222,8700,0,,,,,,,,,
521,74168.6496,75871.58324,81359.70326,87183.12765,8700,0,,,,,,,,,
522,72095.27627,73750.60465,79085.30512,84745.93653,8700,0,,,,,,,,,
523,70220.4174,71832.69848,77028.66849,82542.09351,8700,0,,,,,,,,,
524,67915.92335,69475.29258,74500.74122,79833.22663,8700,0,,,,,,,,,
525,66096.6869,67614.28593,72505.11991,77694.76619,8700,0,,,,,,,,,
526,63422.97512,64879.18496,69572.17725,74551.89441,8700,0,,,,,,,,,
527,62650.0154,64088.47785,68724.27487,73643.30235,8700,0,,,,,,,,,
528,64402.12136,65880.81268,70646.25703,75702.85282,8700,0,,,,,,,,,
529,61157.80037,62562.00114,67087.38148,71889.24624,8700,0,,,,,,,,,
530,58721.92235,60070.19466,64415.33185,69025.94125,8700,0,,,,,,,,,
531,57324.64901,58640.83951,62882.58527,67383.48639,8700,0,,,,,,,,,
532,56756.91681,58060.07203,62259.80836,66716.13341,8700,0,,,,,,,,,
533,56960.22632,58268.04958,62482.82982,66955.11793,8700,0,,,,,,,,,
534,57775.38235,59101.92183,63377.01966,67913.31053,8700,0,,,,,,,,,
535,58821.65909,60172.22138,64524.73862,69143.17893,8700,0,,,,,,,,,
536,59934.10731,61310.21173,65745.04474,70450.83002,8700,0,,,,,,,,,
537,62273.12562,63702.93458,68310.84358,73200.27919,8700,0,,,,,,,,,
538,62449.58292,63883.44339,68504.40938,73407.6997,8700,0,,,,,,,,,
539,62690.2937,64129.68096,68768.45838,73690.64834,8700,0,,,,,,,,,
540,62031.45583,63455.71599,68045.74259,72916.20326,8700,0,,,,,,,,,
541,60197.83427,61579.99394,66034.34145,70760.83352,8700,0,,,,,,,,,
542,60941.06476,62340.28921,66849.63218,71634.47973,8700,0,,,,,,,,,
543,61096.42391,62499.21546,67020.05424,71817.09997,8700,0,,,,,,,,,
544,61100.25994,62503.13957,67024.2622,71821.60911,8700,0,,,,,,,,,
545,61146.29228,62550.22882,67074.75763,71875.71881,8700,0,,,,,,,,,
546,61107.932,62510.98778,67032.67811,71830.6274,8700,0,,,,,,,,,
547,61714.02448,63130.99632,67697.53455,72543.07178,8700,0,,,,,,,,,
548,60833.65597,62230.41429,66731.80953,71508.22376,8700,0,,,,,,,,,
549,59786.42022,61159.13371,65583.03858,70277.22807,8700,0,,,,,,,,,
550,58399.69596,59740.56986,64061.86387,68647.17334,8700,0,,,,,,,,,
551,58453.40036,59795.50733,64120.7752,68710.30133,8700,0,,,,,,,,,
552,59969.59058,61346.50971,65783.9683,70492.53959,8700,0,,,,,,,,,
553,57199.97809,58513.30613,62745.82683,67236.93928,8700,0,,,,,,,,,
554,54849.4517,56108.81097,60167.40413,64473.96269,8700,0,,,,,,,,,
555,53550.9561,54780.50152,58743.01233,62947.61823,8700,0,,,,,,,,,
556,53070.49355,54289.00742,58215.96632,62382.84823,8700,0,,,,,,,,,
557,53449.30135,54676.51275,58631.5016,62828.12597,8700,0,,,,,,,,,
558,54195.40887,55439.75112,59449.9483,63705.15404,8700,0,,,,,,,,,
559,54840.82064,56099.98173,60157.93624,64463.81712,8700,0,,,,,,,,,
560,55009.60589,56272.64233,60343.08614,64662.21937,8700,0,,,,,,,,,
561,54667.24036,55922.416,59967.52641,64259.77846,8700,0,,,,,,,,,
562,52290.82078,53491.43314,57360.70004,61466.36518,8700,0,,,,,,,,,
563,51743.22773,52931.26719,56760.01486,60822.6852,8700,0,,,,,,,,,
564,50381.43766,51538.21003,55266.19185,59221.93989,8700,0,,,,,,,,,
565,49686.15751,50826.96605,54503.50051,58404.65795,8700,0,,,,,,,,,
566,50345.95439,51501.91206,55227.26827,59180.23032,8700,0,,,,,,,,,
567,50185.80021,51338.08068,55051.58628,58991.97367,8700,0,,,,,,,,,
568,51682.81028,52869.46254,56693.73962,60751.66621,8700,0,,,,,,,,,
569,54696.01057,55951.84678,59999.08605,64293.59703,8700,0,,,,,,,,,
570,57528.91752,58849.79809,63106.65872,67623.59817,8700,0,,,,,,,,,
571,59609.00391,60977.64386,65388.42079,70068.68027,8700,0,,,,,,,,,
572,59375.00618,60738.27348,65131.73571,69793.62262,8700,0,,,,,,,,,
573,58554.09611,59898.51508,64231.23395,68828.66631,8700,0,,,,,,,,,
574,57620.0232,58942.99558,63206.5976,67730.69029,8700,0,,,,,,,,,
575,57788.80845,59115.6562,63391.74749,67929.09253,8700,0,,,,,,,,,
576,58284.61511,59622.84672,63935.6253,68511.89909,8700,0,,,,,,,,,
577,55556.23993,56831.82726,60942.71932,65304.77205,8700,0,,,,,,,,,
578,53339.97454,54564.67577,58511.57496,62699.61543,8700,0,,,,,,,,,
579,52414.53269,53617.9855,57496.40649,61611.78499,8700,0,,,,,,,,,
580,52316.71397,53517.92084,57389.10371,61496.80189,8700,0,,,,,,,,,
581,53066.65752,54285.08331,58211.75836,62378.33908,8700,0,,,,,,,,,
582,55168.80107,56435.49269,60517.71616,64849.34875,8700,0,,,,,,,,,
583,59032.64065,60388.04713,64756.17599,69391.18173,8700,0,,,,,,,,,
584,64720.51172,66206.51338,70995.51706,76077.1116,8700,0,,,,,,,,,
585,71970.60534,73623.07123,78948.54666,84599.38942,8700,0,,,,,,,,,
586,71759.62378,73407.24548,78717.1093,84351.38662,8700,0,,,,,,,,,
587,70313.44109,71927.85801,77130.71134,82651.44021,8700,0,,,,,,,,,
588,67679.0486,69232.97911,74240.90017,79554.78714,8700,0,,,,,,,,,
589,64070.30491,65541.37762,70282.26917,75312.81207,8700,0,,,,,,,,,
590,65453.19314,66956.01737,71799.23593,76938.35766,8700,0,,,,,,,,,
591,65475.2503,66978.58097,71823.43166,76964.28522,8700,0,,,,,,,,,
592,66268.34917,67789.88962,72693.42576,77896.55028,8700,0,,,,,,,,,
593,68852.87328,70433.75515,75528.53353,80934.58449,8700,0,,,,,,,,,
594,69097.42009,70683.91682,75796.79048,81222.04228,8700,0,,,,,,,,,
595,69189.48477,70778.09533,75897.78135,81330.26167,8700,0,,,,,,,,,
596,67559.17271,69110.35084,74109.40167,79413.87645,8700,0,,,,,,,,,
597,65853.0991,67365.10529,72237.91495,77408.43568,8700,0,,,,,,,,,
598,63680.94803,65143.08099,69855.16202,74855.13419,8700,0,,,,,,,,,
599,62576.17186,64012.93885,68643.2718,73556.50138,8700,0,,,,,,,,,
600,63874.66746,65341.24828,70067.66361,75082.84585,8700,0,,,,,,,,,
601,60675.4198,62068.54497,66558.2315,71322.22166,8700,0,,,,,,,,,
602,58358.45866,59698.38574,64016.62838,68598.70007,8700,0,,,,,,,,,
603,57231.62532,58545.67998,62780.54243,67274.13969,8700,0,,,,,,,,,
604,56796.2361,58100.29409,62302.93985,66762.35211,8700,0,,,,,,,,,
605,57240.25639,58554.50922,62790.01033,67284.28527,8700,0,,,,,,,,,
606,58711.37327,60059.40337,64403.75999,69013.54111,8700,0,,,,,,,,,
607,61768.68788,63186.91481,67757.49786,72607.32704,8700,0,,,,,,,,,
608,66089.01484,67606.43772,72496.704,77685.7479,8700,0,,,,,,,,,
609,73381.30478,75066.16074,80496.02108,86257.62628,8700,0,,,,,,,,,
610,75657.98762,77395.11688,82993.44069,88933.80192,8700,0,,,,,,,,,
611,75943.77173,77687.46268,83306.93313,89269.73294,8700,0,,,,,,,,,
612,75393.30166,77124.35365,82703.09199,88622.67107,8700,0,,,,,,,,,
613,72560.39471,74226.40235,79595.51932,85292.66996,8700,0,,,,,,,,,
614,74113.9862,75815.66474,81299.73995,87118.87231,8700,0,,,,,,,,,
615,74477.44989,76187.47366,81698.44342,87546.11351,8700,0,,,,,,,,,
616,74300.03357,76005.98382,81503.82562,87337.5657,8700,0,,,,,,,,,
617,74629.93201,76343.45682,81865.7095,87725.35192,8700,0,,,,,,,,,
618,72620.81215,74288.20699,79661.79456,85363.68893,8700,0,,,,,,,,,
619,71535.21612,73177.68536,78470.9441,84087.60183,8700,0,,,,,,,,,
620,69367.86009,70960.56621,76093.45112,81539.93677,8700,0,,,,,,,,,
621,67299.28179,68844.49275,73824.31291,79108.3821,8700,0,,,,,,,,,
622,64534.46434,66016.19429,70791.43138,75858.41822,8700,0,,,,,,,,,
623,63393.2459,64848.77315,69539.56561,74516.94856,8700,0,,,,,,,,,
624,64888.33796,66378.19295,71179.61496,76274.38654,8700,0,,,,,,,,,
625,61659.36108,63075.07783,67637.57123,72478.81651,8700,0,,,,,,,,,
626,59541.87341,60908.97203,65314.78163,69989.77029,8700,0,,,,,,,,,
627,58544.50604,59888.70482,64220.71407,68817.39345,8700,0,,,,,,,,,
628,58253.92689,59591.45388,63901.9617,68475.82597,8700,0,,,,,,,,,
629,58899.33866,60251.6845,64609.94964,69234.48904,8700,0,,,,,,,,,
630,60419.3649,61806.61098,66277.35069,71021.23645,8700,0,,,,,,,,,
631,63645.46477,65106.78304,69816.23847,74813.42464,8700,0,,,,,,,,,
632,68436.66421,70007.9898,75071.97073,80445.34262,8700,0,,,,,,,,,
633,74047.81471,75747.97394,81227.15276,87041.08965,8700,0,,,,,,,,,
634,72967.01371,74642.35744,80041.56224,85770.63897,8700,0,,,,,,,,,
635,70546.47981,72166.24737,77386.34443,82925.37057,8700,0,,,,,,,,,
636,67614.79513,69167.25037,74170.41697,79479.25902,8700,0,,,,,,,,,
637,63450.78633,64907.63472,69602.68489,74584.58569,8700,0,,,,,,,,,
638,65576.90505,67082.56974,71934.94239,77083.77748,8700,0,,,,,,,,,
639,67523.68945,69074.05287,74070.47811,79372.16689,8700,0,,,,,,,,,
640,69687.20946,71287.24792,76443.76314,81915.32282,8700,0,,,,,,,,,
641,71757.70577,73405.28344,78715.00532,84349.13205,8700,0,,,,,,,,,
642,71412.46322,73052.11401,78336.28963,83943.30931,8700,0,,,,,,,,,
643,71144.90024,72778.40771,78042.78497,83628.79667,8700,0,,,,,,,,,
644,69575.96463,71173.44889,76321.73253,81784.55771,8700,0,,,,,,,,,
645,68093.33967,69656.78243,74695.35902,80041.77444,8700,0,,,,,,,,,
646,65814.73881,67325.86423,72195.83542,77363.34426,8700,0,,,,,,,,,
647,64685.98746,66171.19642,70957.64549,76036.52931,8700,0,,,,,,,,,
648,65988.3191,67503.42998,72386.24526,77567.38293,8700,0,,,,,,,,,
649,62771.8093,64213.06818,68857.87735,73786.4676,8700,0,,,,,,,,,
650,60561.29795,61951.80285,66433.04491,71188.07469,8700,0,,,,,,,,,
651,59345.27696,60707.86167,65099.12409,69758.67678,8700,0,,,,,,,,,
652,58914.68277,60267.38091,64626.78144,69252.52561,8700,0,,,,,,,,,
653,59573.52065,60941.3459,65349.49723,70026.97071,8700,0,,,,,,,,,
654,61210.54576,62615.95758,67145.24083,71951.24693,8700,0,,,,,,,,,
655,64103.87016,65575.71354,70319.08875,75352.26706,8700,0,,,,,,,,,
656,68786.70179,70366.06434,75455.94636,80856.80179,8700,0,,,,,,,,,
657,74391.13925,76099.1813,81603.76449,87444.65786,8700,0,,,,,,,,,
658,74373.87712,76081.52283,81584.82871,87424.36673,8700,0,,,,,,,,,
659,74536.90833,76248.29729,81763.66668,87616.00519,8700,0,,,,,,,,,
660,74992.4367,76714.28472,82263.361,88151.46584,8700,0,,,,,,,,,
661,73301.70719,74984.73557,80408.70607,86164.06159,8700,0,,,,,,,,,
662,74957.91244,76678.96777,82225.48942,88110.88349,8700,0,,,,,,,,,
663,75050.93613,76774.12731,82327.53226,88220.23023,8700,0,,,,,,,,,
664,75630.17641,77366.66712,82962.93304,88901.11056,8700,0,,,,,,,,,
665,77348.71712,79124.66602,84848.0956,90921.20605,8700,0,,,,,,,,,
666,76988.13046,78755.80019,84452.54812,90497.34678,8700,0,,,,,,,,,
667,76374.36592,78127.94343,83779.27577,89775.8841,8700,0,,,,,,,,,
668,74324.00875,76030.50947,81530.12533,87365.74782,8700,0,,,,,,,,,
669,71984.03144,73636.80561,78963.2745,84615.17141,8700,0,,,,,,,,,
670,69008.23243,70592.68139,75698.9556,81117.20473,8700,0,,,,,,,,,
671,68042.51229,69604.78804,74639.60364,79982.02832,8700,0,,,,,,,,,
672,69645.97215,71245.0638,76398.52766,81866.84954,8700,0,,,,,,,,,
673,66919.51498,68456.00638,73407.72565,78661.97707,8700,0,,,,,,,,,
674,64801.06831,66288.91956,71083.88405,76171.80356,8700,0,,,,,,,,,
675,63849.73328,65315.74161,70040.31192,75053.53642,8700,0,,,,,,,,,
676,63314.60732,64768.329,69453.30259,74424.51116,8700,0,,,,,,,,,
677,63718.34931,65181.34102,69896.18956,74899.09833,8700,0,,,,,,,,,
678,65000.54179,66492.97301,71302.69757,76406.27894,8700,0,,,,,,,,,
679,68132.65896,69697.00449,74738.49053,80087.99314,8700,0,,,,,,,,,
680,73147.30705,74826.79036,80239.33599,85982.56864,8700,0,,,,,,,,,
681,79957.21642,81793.05722,87709.5031,93987.42248,8700,0,,,,,,,,,
682,80528.78465,82377.74883,88336.48797,94659.28453,8700,0,,,,,,,,,
683,79032.73358,80847.34798,86695.38662,92900.71927,8700,0,,,,,,,,,
684,76043.50847,77789.4894,83416.33989,89386.97059,8700,0,,,,,,,,,
685,71711.67343,73358.19418,78664.5099,84295.02235,8700,0,,,,,,,,,
686,73170.32322,74850.33499,80264.58371,86009.62349,8700,0,,,,,,,,,
687,73847.38223,75542.93947,81007.28727,86805.487,8700,0,,,,,,,,,
688,74747.88989,76464.12305,81995.10404,87864.00798,8700,0,,,,,,,,,
689,77527.09244,79307.13689,85043.76538,91130.88115,8700,0,,,,,,,,,
690,77453.2489,79231.59787,84962.76231,91044.0802,8700,0,,,,,,,,,
691,76303.39939,78055.34748,83701.42864,89692.46501,8700,0,,,,,,,,,
692,73928.89783,75626.32669,81096.70625,86901.30626,8700,0,,,,,,,,,
693,71683.86222,73329.74441,78634.00224,84262.33107,8700,0,,,,,,,,,
694,68682.17002,70259.13249,75341.27966,80733.92769,8700,0,,,,,,,,,
695,67633.97527,69186.87089,74191.45674,79501.80473,8700,0,,,,,,,,,
696,69452.25272,71046.89651,76186.02607,81639.13789,8700,0,,,,,,,,,
697,66377.67598,67901.72661,72813.35241,78025.06081,8700,0,,,,,,,,,
698,64172.91867,65646.34743,70394.8319,75433.43162,8700,0,,,,,,,,,
699,62597.27001,64034.52142,68666.41553,73581.30166,8700,0,,,,,,,,,
700,61691.00831,63107.45169,67672.28684,72516.01693,8700,0,,,,,,,,,
701,61558.66533,62972.07008,67527.11248,72360.45155,8700,0,,,,,,,,,
702,61948.02221,63370.3667,67954.21963,72818.12943,8700,0,,,,,,,,,
703,63035.53625,64482.85039,69147.17406,74096.47109,8700,0,,,,,,,,,
704,64302.38463,65778.78597,70536.85028,75585.61515,8700,0,,,,,,,,,
705,66135.04718,67653.52697,72547.19942,77739.8576,8700,0,,,,,,,,,
706,65493.47144,66997.22046,71843.41943,76985.70365,8700,0,,,,,,,,,
707,65677.6008,67185.57749,72045.40113,77202.14245,8700,0,,,,,,,,,
708,64284.16349,65760.14646,70516.8625,75564.19673,8700,0,,,,,,,,,
709,61254.66008,62661.08478,67193.63227,72003.10205,8700,0,,,,,,,,,
710,60777.07455,62172.53375,66669.74223,71441.71392,8700,0,,,,,,,,,
711,60129.74476,61510.34107,65959.6503,70680.79625,8700,0,,,,,,,,,
712,59853.55072,61227.80554,65656.67775,70356.13806,8700,0,,,,,,,,,
713,61090.66987,62493.32931,67013.74232,71810.33626,8700,0,,,,,,,,,
714,62366.1493,63798.09411,68412.88641,73309.62586,8700,0,,,,,,,,,
715,63955.22406,65423.65448,70156.03061,75177.53782,8700,0,,,,,,,,,
716,63646.42377,65107.76406,69817.29045,74814.55192,8700,0,,,,,,,,,
717,62548.36065,63984.48908,68612.76415,73523.8101,8700,0,,,,,,,,,
718,61144.37427,62548.26677,67072.65365,71873.46424,8700,0,,,,,,,,,
719,61191.36561,62596.33705,67124.20106,71928.70122,8700,0,,,,,,,,,
720,63114.17484,64563.29454,69233.43709,74188.90851,8700,0,,,,,,,,,
721,60477.86434,61866.45359,66341.52197,71090.00087,8700,0,,,,,,,,,
722,58198.30448,59534.55437,63840.94638,68410.4434,8700,0,,,,,,,,,
723,56879.66972,58185.64338,62394.46282,66860.42594,8700,0,,,,,,,,,
724,56253.43809,57545.03329,61707.51463,66124.30856,8700,0,,,,,,,,,
725,56344.54376,57638.23076,61807.45348,66231.40067,8700,0,,,,,,,,,
726,56884.46476,58190.54851,62399.72277,66866.06237,8700,0,,,,,,,,,
727,57590.29398,58912.58378,63173.98596,67695.74445,8700,0,,,,,,,,,
728,57757.16121,59083.28233,63357.03188,67891.8921,8700,0,,,,,,,,,
729,57032.15185,58341.62655,62561.72893,67039.66433,8700,0,,,,,,,,,
730,54195.40887,55439.75112,59449.9483,63705.15404,8700,0,,,,,,,,,
731,53857.83837,55094.42991,59079.6485,63308.34957,8700,0,,,,,,,,,
732,52552.62972,53759.25329,57647.89277,61774.1141,8700,0,,,,,,,,,
733,51251.25709,52428.00076,56220.345,60244.38777,8700,0,,,,,,,,,
734,51454.56659,52635.97831,56443.36646,60483.37228,8700,0,,,,,,,,,
735,52433.71284,53637.60604,57517.44626,61634.33072,8700,0,,,,,,,,,
736,53957.57511,55196.45663,59189.05526,63425.58725,8700,0,,,,,,,,,
737,56258.23312,57549.93841,61712.77456,66129.94497,8700,0,,,,,,,,,
738,58797.68391,60147.69572,64498.43891,69114.9968,8700,0,,,,,,,,,
739,60967.91696,62367.75795,66879.08784,71666.04371,8700,0,,,,,,,,,
740,60653.36263,62045.98136,66534.03577,71296.2941,8700,0,,,,,,,,,
741,59913.96817,61289.6102,65722.95299,70427.15705,8700,0,,,,,,,,,
742,58632.73469,59978.95923,64317.49697,68921.1037,8700,0,,,,,,,,,
743,58632.73469,59978.95923,64317.49697,68921.1037,8700,0,,,,,,,,,
744,58894.54362,60246.77936,64604.6897,69228.85262,8700,0,,,,,,,,,
745,56124.93114,57413.57578,61566.54824,65973.25231,8700,0,,,,,,,,,
746,53942.23099,55180.7602,59172.22345,63407.55068,8700,0,,,,,,,,,
747,52988.01894,54204.63917,58125.49535,62285.90168,8700,0,,,,,,,,,
748,52800.05355,54012.35805,57919.3057,62064.95374,8700,0,,,,,,,,,
749,53422.44915,54649.04402,58602.04593,62796.56199,8700,0,,,,,,,,,
750,55025.90901,56289.31978,60360.96994,64681.38321,8700,0,,,,,,,,,
751,58676.84901,60024.08642,64365.88842,68972.95883,8700,0,,,,,,,,,
752,64051.12477,65521.75711,70261.22941,75290.26637,8700,0,,,,,,,,,
753,72294.74974,73954.65809,79304.11863,84980.41189,8700,0,,,,,,,,,
754,74685.55443,76400.35634,81926.72483,87790.73445,8700,0,,,,,,,,,
755,74538.82634,76250.25934,81765.77065,87618.25976,8700,0,,,,,,,,,
756,73622.97457,75313.37935,80761.12207,86541.70222,8700,0,,,,,,,,,
757,70431.39896,72048.52423,77260.10586,82790.0963,8700,0,,,,,,,,,
758,72229.53726,73887.9483,79232.58344,84903.75648,8700,0,,,,,,,,,
759,72798.22847,74469.69684,79856.41235,85572.23675,8700,0,,,,,,,,,
760,73088.80762,74766.94777,80175.16473,85913.80423,8700,0,,,,,,,,,
761,73780.25173,75474.26763,80933.6481,86726.57702,8700,0,,,,,,,,,
762,72256.38946,73915.41705,79262.03911,84935.32048,8700,0,,,,,,,,,
763,71448.90549,73089.393,78376.26518,83986.14615,8700,0,,,,,,,,,
764,69422.5235,71016.4847,76153.41445,81604.19205,8700,0,,,,,,,,,
765,67304.07683,68849.39789,73829.57285,79114.01853,8700,0,,,,,,,,,
766,64776.13413,66263.41289,71056.53237,76142.49415,8700,0,,,,,,,,,
767,63871.79044,65338.30521,70064.50765,75079.46399,8700,0,,,,,,,,,
768,65538.54477,67043.3287,71892.86286,77038.68607,8700,0,,,,,,,,,
769,62717.1459,64157.14969,68797.91404,73722.21234,8700,0,,,,,,,,,
770,60587.19114,61978.29055,66461.44859,71218.5114,8700,0,,,,,,,,,
771,59829.57554,61203.27988,65630.37804,70327.95591,8700,0,,,,,,,,,
772,59638.73313,61008.05568,65421.03242,70103.62612,8700,0,,,,,,,,,
773,60427.99597,61815.44022,66286.81859,71031.38202,8700,0,,,,,,,,,
774,62260.65852,63690.18123,68297.16773,73185.62447,8700,0,,,,,,,,,
775,65724.59214,67233.64778,72096.94854,77257.37943,8700,0,,,,,,,,,
776,71049.95853,72681.28611,77938.63815,83517.1954,8700,0,,,,,,,,,
777,77155.9567,78927.47976,84636.64602,90694.62175,8700,0,,,,,,,,,
778,76142.2862,77890.5351,83524.69465,89503.08103,8700,0,,,,,,,,,
779,74575.26861,76287.53833,81805.74619,87661.09667,8700,0,,,,,,,,,
780,72249.67641,73908.54986,79254.67519,84927.42948,8700,0,,,,,,,,,
781,68130.74094,69695.04243,74736.38654,80085.73857,8700,0,,,,,,,,,
782,70599.2252,72220.20382,77444.20377,82987.37126,8700,0,,,,,,,,,
783,72018.5557,73672.12256,79001.14608,84655.75369,8700,0,,,,,,,,,
784,73607.63045,75297.68292,80744.29025,86523.66564,8700,0,,,,,,,,,
785,76793.45202,78556.65187,84238.99454,90268.50783,8700,0,,,,,,,,,
786,77158.83372,78930.42285,84639.80199,90698.00361,8700,0,,,,,,,,,
787,76976.62237,78744.02787,84439.92425,90483.81936,8700,0,,,,,,,,,
788,74774.74209,76491.59178,82024.55971,87895.57205,8700,0,,,,,,,,,
789,72193.09499,73850.66931,79192.6079,84860.91964,8700,0,,,,,,,,,
790,69135.78038,70723.15787,75838.87002,81267.1337,8700,0,,,,,,,,,
791,67641.64732,69194.71909,74199.87264,79510.823,8700,0,,,,,,,,,
792,69214.41896,70803.60201,75925.13304,81359.57111,8700,0,,,,,,,,,
793,66140.80122,67659.41313,72553.51135,77746.62131,8700,0,,,,,,,,,
794,64180.59072,65654.19563,70403.24779,75442.44989,8700,0,,,,,,,,,
795,63020.19214,64467.15397,69130.34226,74078.43453,8700,0,,,,,,,,,
796,62628.91725,64066.8953,68701.13114,73618.50208,8700,0,,,,,,,,,
797,63045.12633,64492.66065,69157.69396,74107.74395,8700,0,,,,,,,,,
798,64496.10406,65976.95325,70749.35186,75813.32681,8700,0,,,,,,,,,
799,67702.06477,69256.52374,74266.14788,79581.84198,8700,0,,,,,,,,,
800,72825.08066,74497.16556,79885.86802,85603.80073,8700,0,,,,,,,,,
801,79208.23188,81026.87578,86887.90043,93107.01251,8700,0,,,,,,,,,
802,78421.84606,80222.43431,86025.27023,92182.63852,8700,0,,,,,,,,,
803,75942.81273,77686.48166,83305.88115,89268.60566,8700,0,,,,,,,,,
804,72839.46577,74511.88096,79901.64784,85620.71001,8700,0,,,,,,,,,
805,68423.23811,69994.25543,75057.2429,80429.56062,8700,0,,,,,,,,,
806,70243.43357,71856.24311,77053.91621,82569.14836,8700,0,,,,,,,,,
807,71487.26577,73128.63405,78418.3447,84031.23756,8700,0,,,,,,,,,
808,73086.8896,74764.98571,80173.06075,85911.54965,8700,0,,,,,,,,,
809,76078.03273,77824.80636,83454.21146,89427.55294,8700,0,,,,,,,,,
810,75306.99102,77036.0613,82608.41307,88521.21542,8700,0,,,,,,,,,
811,74488.95797,76199.24597,81711.06727,87559.64093,8700,0,,,,,,,,,
812,72625.60719,74293.11212,79667.05451,85369.32536,8700,0,,,,,,,,,
813,70643.33953,72265.33102,77492.59523,83039.22639,8700,0,,,,,,,,,
814,67714.53186,69269.27708,74279.82373,79596.49669,8700,0,,,,,,,,,
815,66347.94676,67871.31479,72780.74078,77990.11496,8700,0,,,,,,,,,
816,67872.76803,69431.1464,74453.40176,79782.49879,8700,0,,,,,,,,,
817,64685.98746,66171.19642,70957.64549,76036.52931,8700,0,,,,,,,,,
818,62623.1632,64061.00912,68694.81921,73611.73836,8700,0,,,,,,,,,
819,61386.04405,62795.48536,67337.75463,72157.54016,8700,0,,,,,,,,,
820,61100.25994,62503.13957,67024.2622,71821.60911,8700,0,,,,,,,,,
821,61758.13881,63176.12353,67745.926,72594.92691,8700,0,,,,,,,,,
822,63345.29555,64799.72184,69486.96622,74460.58429,8700,0,,,,,,,,,
823,66344.11073,67867.39068,72776.53282,77985.60582,8700,0,,,,,,,,,
824,71224.49783,72859.83288,78130.09997,83722.36136,8700,0,,,,,,,,,
825,77245.14436,79018.7152,84734.48091,90799.45926,8700,0,,,,,,,,,
826,77491.60918,79270.83892,85004.84183,91089.1716,8700,0,,,,,,,,,
827,76232.43287,77982.75157,83623.58153,89609.04583,8700,0,,,,,,,,,
828,73471.45145,75158.37721,80594.90796,86363.59111,8700,0,,,,,,,,,
829,68765.60364,70344.48178,75432.80263,80832.00153,8700,0,,,,,,,,,
830,70257.81868,71870.9585,77069.69603,82586.05765,8700,0,,,,,,,,,
831,71029.81939,72660.68457,77916.54641,83493.52242,8700,0,,,,,,,,,
832,71974.44137,73626.99534,78952.75462,84603.89855,8700,0,,,,,,,,,
833,74510.05613,76220.82855,81734.21101,87584.44121,8700,0,,,,,,,,,
834,74951.19939,76672.10059,82218.1255,88102.9925,8700,0,,,,,,,,,
835,75190.95116,76917.35713,82481.12251,88384.81384,8700,0,,,,,,,,,
836,73293.07613,74975.90634,80399.23818,86153.91603,8700,0,,,,,,,,,
837,71075.85173,72707.77383,77967.04183,83547.63211,8700,0,,,,,,,,,
838,68003.193,69564.56596,74596.47214,79935.80961,8700,0,,,,,,,,,
839,66754.56576,68287.26989,73226.7837,78468.08398,8700,0,,,,,,,,,
840,68330.21442,69899.09589,74955.20006,80320.21395,8700,0,,,,,,,,,
841,65419.62789,66921.68146,71762.41635,76898.90267,8700,0,,,,,,,,,
842,63060.47044,64508.35707,69174.52576,74125.78052,8700,0,,,,,,,,,
843,61768.68788,63186.91481,67757.49786,72607.32704,8700,0,,,,,,,,,
844,61348.64278,62757.22535,67296.7271,72113.57604,8700,0,,,,,,,,,
845,61774.44193,63192.80097,67763.8098,72614.09076,8700,0,,,,,,,,,
846,63329.95143,64784.02541,69470.1344,74442.54771,8700,0,,,,,,,,,
847,66436.17541,67961.5692,72877.52367,78093.82523,8700,0,,,,,,,,,
848,71138.18719,72771.54053,78035.42105,83620.90568,8700,0,,,,,,,,,
849,77312.27486,79087.38704,84808.12008,90878.36921,8700,0,,,,,,,,,
850,77389.95443,79166.85015,84893.3311,90969.67939,8700,0,,,,,,,,,
851,76135.57315,77883.66791,83517.33073,89495.19004,8700,0,,,,,,,,,
852,73924.10279,75621.42156,81091.44632,86895.66982,8700,0,,,,,,,,,
853,69764.88903,71366.71104,76528.97417,82006.63294,8700,0,,,,,,,,,
854,72008.00662,73661.33126,78989.5742,84643.35354,8700,0,,,,,,,,,
855,72616.97613,74284.28289,79657.58662,85359.1798,8700,0,,,,,,,,,
856,72736.85201,74406.91116,79789.08512,85500.09047,8700,0,,,,,,,,,
857,73990.27428,75689.11236,81164.03348,86973.45252,8700,0,,,,,,,,,
858,72544.09159,74209.7249,79577.63552,85273.50611,8700,0,,,,,,,,,
859,71874.70464,73524.96863,78843.34786,84486.66088,8700,0,,,,,,,,,
860,70066.01726,71674.75326,76859.29841,82360.60057,8700,0,,,,,,,,,
861,68152.79811,69717.60605,74760.58227,80111.66614,8700,0,,,,,,,,,
862,65450.31612,66953.0743,71796.07996,76934.9758,8700,0,,,,,,,,,
863,64328.27782,65805.27367,70565.25395,75616.05186,8700,0,,,,,,,,,
864,66025.72037,67541.69,72427.27279,77611.34706,8700,0,,,,,,,,,
865,63032.65923,64479.90731,69144.0181,74093.08924,8700,0,,,,,,,,,
866,60806.80377,62202.94555,66702.35386,71476.65976,8700,0,,,,,,,,,
867,59375.96519,60739.25451,65132.78771,69794.74991,8700,0,,,,,,,,,
868,58832.20816,60183.01266,64536.31047,69155.57907,8700,0,,,,,,,,,
869,58865.77341,60217.34858,64573.13006,69195.03407,8700,0,,,,,,,,,
870,59509.26717,60875.61714,65279.01404,69951.44259,8700,0,,,,,,,,,
871,60544.03583,61934.14439,66414.10914,71167.78357,8700,0,,,,,,,,,
872,61795.54008,63214.38354,67786.95354,72638.89104,8700,0,,,,,,,,,
873,63620.53058,65081.27635,69788.88678,74784.11521,8700,0,,,,,,,,,
874,62899.35725,64343.54467,68997.79177,73936.39658,8700,0,,,,,,,,,
875,62882.09512,64325.8862,68978.85598,73916.10543,8700,0,,,,,,,,,
876,61565.37838,62978.93726,67534.4764,72368.34254,8700,0,,,,,,,,,
877,58501.35072,59844.55864,64173.37461,68766.66561,8700,0,,,,,,,,,
878,58564.64518,59909.30636,64242.80581,68841.06644,8700,0,,,,,,,,,
879,58244.33682,59581.64363,63891.44181,68464.55311,8700,0,,,,,,,,,
880,58576.15327,59921.07867,64255.42967,68854.59386,8700,0,,,,,,,,,
881,59903.41909,61278.81891,65711.38112,70414.75689,8700,0,,,,,,,,,
882,60646.64958,62039.11419,66526.67185,71288.40309,8700,0,,,,,,,,,
883,62122.5615,63548.91347,68145.68146,73023.29537,8700,0,,,,,,,,,
884,61718.81952,63135.90145,67702.79449,72548.70821,8700,0,,,,,,,,,
885,60938.18774,62337.34614,66846.47623,71631.09787,8700,0,,,,,,,,,
886,59457.48079,60822.64173,65222.20668,69890.56918,8700,0,,,,,,,,,
887,59314.58873,60676.46884,65065.46046,69722.60365,8700,0,,,,,,,,,
888,60721.45214,62115.63423,66608.72692,71376.33136,8700,0,,,,,,,,,
889,57773.46433,59099.95977,63374.91567,67911.05597,8700,0,,,,,,,,,
890,55371.15156,56642.48921,60739.68563,65087.20597,8700,0,,,,,,,,,
891,53952.78007,55191.55149,59183.79531,63419.95082,8700,0,,,,,,,,,
892,53568.21823,54798.16,58761.94811,62967.90937,8700,0,,,,,,,,,
893,53895.23965,55132.68993,59120.67603,63352.3137,8700,0,,,,,,,,,
894,54605.8639,55859.63031,59900.19916,64187.63219,8700,0,,,,,,,,,
895,55489.10944,56763.15543,60869.08016,65225.86208,8700,0,,,,,,,,,
896,55790.23766,57071.19764,61199.4044,65579.82969,8700,0,,,,,,,,,
897,55846.81908,57129.07819,61261.4717,65646.33954,8700,0,,,,,,,,,
898,54502.29114,55753.67949,59786.58447,64065.88538,8700,0,,,,,,,,,
899,54204.03993,55448.58035,59459.41619,63715.2996,8700,0,,,,,,,,,
900,52420.28674,53623.87167,57502.71843,61618.54872,8700,0,,,,,,,,,
901,50486.92844,51646.1229,55381.91053,59345.94129,8700,0,,,,,,,,,
902,50384.31468,51541.15311,55269.34781,59225.32176,8700,0,,,,,,,,,
903,50812.03184,51978.69077,55738.53447,59728.09105,8700,0,,,,,,,,,
904,52465.36007,53669.9799,57552.16186,61671.53113,8700,0,,,,,,,,,
905,55407.59383,56679.7682,60779.66118,65130.04281,8700,0,,,,,,,,,
906,58352.70462,59692.49957,64010.31645,68591.93636,8700,0,,,,,,,,,
907,61079.16178,62481.55699,67001.11845,71796.80882,8700,0,,,,,,,,,
908,61086.83384,62489.4052,67009.53437,71805.82711,8700,0,,,,,,,,,
909,60600.61724,61992.02493,66476.17643,71234.29339,8700,0,,,,,,,,,
910,59631.06107,61000.20746,65412.61651,70094.60783,8700,0,,,,,,,,,
911,59813.27242,61186.60244,65612.49425,70308.79207,8700,0,,,,,,,,,
912,59898.62405,61273.91377,65706.12119,70409.12047,8700,0,,,,,,,,,
913,57287.24774,58602.5795,62841.55774,67339.52225,8700,0,,,,,,,,,
914,55312.65213,56582.6466,60675.51436,65018.44155,8700,0,,,,,,,,,
915,54312.40773,55559.43631,59578.29083,63842.68286,8700,0,,,,,,,,,
916,54282.67851,55529.02449,59545.6792,63807.73701,8700,0,,,,,,,,,
917,55164.96504,56431.56859,60513.50821,64844.83961,8700,0,,,,,,,,,
918,57433.97582,58752.67651,63002.51191,67511.99692,8700,0,,,,,,,,,
919,61310.28249,62717.9843,67254.64758,72068.48461,8700,0,,,,,,,,,
920,67396.14151,68943.5764,73930.5637,79222.23793,8700,0,,,,,,,,,
921,74059.32279,75759.74624,81239.77662,87054.61706,8700,0,,,,,,,,,
922,73561.59811,75250.59365,80693.79483,86469.55594,8700,0,,,,,,,,,
923,72359.96222,74021.36787,79375.65381,85057.0673,8700,0,,,,,,,,,
924,69881.8879,71486.39624,76657.31672,82144.16176,8700,0,,,,,,,,,
925,65993.11413,67508.3351,72391.50519,77573.01936,8700,0,,,,,,,,,
926,68038.67626,69600.86393,74635.39569,79977.51917,8700,0,,,,,,,,,
927,69218.25499,70807.52613,75929.34099,81364.08025,8700,0,,,,,,,,,
928,70778.55953,72403.65572,77640.92553,83198.17363,8700,0,,,,,,,,,
929,73817.65301,75512.52766,80974.67564,86770.54116,8700,0,,,,,,,,,
930,74658.70223,76372.88761,81897.26915,87759.17047,8700,0,,,,,,,,,
931,74754.60294,76470.99023,82002.46796,87871.89898,8700,0,,,,,,,,,
932,72758.90918,74429.47477,79813.28085,85526.01805,8700,0,,,,,,,,,
933,70481.26733,72099.53759,77314.80924,82848.71516,8700,0,,,,,,,,,
934,67584.1069,69135.85753,74136.75337,79443.18588,8700,0,,,,,,,,,
935,65975.852,67490.67663,72372.56941,77552.72821,8700,0,,,,,,,,,
936,67330.92903,68876.86663,73859.02851,79145.58252,8700,0,,,,,,,,,
937,64334.99087,65812.14085,70572.61787,75623.94286,8700,0,,,,,,,,,
938,62126.39753,63552.83757,68149.8894,73027.80451,8700,0,,,,,,,,,
939,60848.04107,62245.12968,66747.58934,71525.13304,8700,0,,,,,,,,,
940,60564.17497,61954.74593,66436.20088,71191.45655,8700,0,,,,,,,,,
941,61202.8737,62608.10937,67136.82492,71942.22864,8700,0,,,,,,,,,
942,62643.30235,64081.61068,68716.91096,73635.41136,8700,0,,,,,,,,,
943,65853.0991,67365.10529,72237.91495,77408.43568,8700,0,,,,,,,,,
944,70679.7818,72302.61002,77532.57077,83082.06324,8700,0,,,,,,,,,
945,75870.88719,77612.90469,83226.98204,89184.05928,8700,0,,,,,,,,,
946,74414.15542,76122.72593,81629.0122,87471.7127,8700,0,,,,,,,,,
947,72643.82832,74311.75162,79687.04227,85390.74378,8700,0,,,,,,,,,
948,69645.97215,71245.0638,76398.52766,81866.84954,8700,0,,,,,,,,,
949,65504.02051,67008.01176,71854.99129,76998.10378,8700,0,,,,,,,,,
950,66811.14718,68345.15043,73288.85099,78534.59382,8700,0,,,,,,,,,
951,67488.20619,69037.75491,74031.55456,79330.45733,8700,0,,,,,,,,,
952,68509.54874,70082.54777,75151.92181,80531.01631,8700,0,,,,,,,,,
953,71341.49669,72979.51807,78258.44251,83859.89018,8700,0,,,,,,,,,
954,71982.11343,73634.84356,78961.17053,84612.91684,8700,0,,,,,,,,,
955,72213.23414,73871.27087,79214.69964,84884.59264,8700,0,,,,,,,,,
956,70627.03641,72248.65358,77474.71142,83020.06253,8700,0,,,,,,,,,
957,68953.56903,70536.7629,75638.99229,81052.94947,8700,0,,,,,,,,,
958,66498.51087,68025.33589,72945.90289,78167.09877,8700,0,,,,,,,,,
959,65086.85243,66581.26537,71397.37649,76507.73462,8700,0,,,,,,,,,
960,66542.6252,68070.4631,72994.29435,78218.9539,8700,0,,,,,,,,,
961,63243.64079,64695.73306,69375.45546,74341.09203,8700,0,,,,,,,,,
962,61073.40774,62475.67084,66994.80653,71790.04511,8700,0,,,,,,,,,
963,59926.43526,61302.36353,65736.62884,70441.81175,8700,0,,,,,,,,,
964,59515.98022,60882.48433,65286.37795,69959.33358,8700,0,,,,,,,,,
965,59954.24646,61330.81329,65767.13648,70474.50302,8700,0,,,,,,,,,
966,61288.22533,62695.4207,67230.45185,72042.55704,8700,0,,,,,,,,,
967,64069.3459,65540.3966,70281.21718,75311.68479,8700,0,,,,,,,,,
968,68335.96846,69904.98205,74961.51198,80326.97765,8700,0,,,,,,,,,
969,73142.51201,74821.88523,80234.07606,85976.93221,8700,0,,,,,,,,,
970,72249.67641,73908.54986,79254.67519,84927.42948,8700,0,,,,,,,,,
971,70461.12818,72078.93605,77292.7175,82825.04216,8700,0,,,,,,,,,
972,67418.19867,68966.14,73954.75942,79248.1655,8700,0,,,,,,,,,
973,63680.94803,65143.08099,69855.16202,74855.13419,8700,0,,,,,,,,,
974,64633.24207,66117.23998,70899.78615,75974.52862,8700,0,,,,,,,,,
975,64331.15484,65808.21674,70568.40992,75619.43371,8700,0,,,,,,,,,
976,63794.11087,65258.8421,69979.29662,74988.15387,8700,0,,,,,,,,,
977,64236.21314,65711.09516,70464.26311,75507.83246,8700,0,,,,,,,,,
978,63431.60618,64888.01418,69581.64514,74562.03998,8700,0,,,,,,,,,
979,64269.77838,65745.43107,70501.08268,75547.28744,8700,0,,,,,,,,,
980,63598.47342,65058.71275,69764.69105,74758.18765,8700,0,,,,,,,,,
981,62825.5137,64268.00565,68916.78869,73849.59559,8700,0,,,,,,,,,
982,61221.09483,62626.74886,67156.81269,71963.64706,8700,0,,,,,,,,,
983,60381.00462,61767.36994,66235.27117,70976.14504,8700,0,,,,,,,,,
984,61588.39455,63002.48189,67559.72412,72395.39739,8700,0,,,,,,,,,
985,58508.06377,59851.42582,64180.73852,68774.55661,8700,0,,,,,,,,,
986,55964.77695,57249.7444,61390.86623,65784.99565,8700,0,,,,,,,,,
987,54132.1144,55375.00339,59380.51709,63630.75319,8700,0,,,,,,,,,
988,53266.13099,54489.13675,58430.57188,62612.81445,8700,0,,,,,,,,,
989,53106.93582,54326.28642,58255.94187,62425.68508,8700,0,,,,,,,,,
990,53464.64546,54692.20917,58648.33339,62846.16254,8700,0,,,,,,,,,
991,53771.52773,55006.13754,58984.96958,63206.89387,8700,0,,,,,,,,,
992,53353.40064,54578.41014,58526.30279,62715.39743,8700,0,,,,,,,,,
993,52005.99567,53200.06837,57048.25959,61131.5614,8700,0,,,,,,,,,
994,49937.41737,51083.99491,54779.12138,58700.00673,8700,0,,,,,,,,,
995,49145.27751,50273.66729,53910.17926,57768.86898,8700,0,,,,,,,,,
996,47903.36333,49003.2384,52547.85474,56309.03435,8700,0,,,,,,,,,
997,47169.7229,48252.75338,51743.08388,55446.661,8700,0,,,,,,,,,
998,46993.26559,48072.24455,51549.51809,55239.24048,8700,0,,,,,,,,,
999,47884.18318,48983.61786,52526.81498,56286.48864,8700,0,,,,,,,,,
1000,49167.33468,50296.23089,53934.37499,57794.79655,8700,0,,,,,,,,,
1001,50880.12134,52048.34363,55813.22562,59808.1283,8700,0,,,,,,,,,
1002,52588.11298,53795.55125,57686.81633,61815.82366,8700,0,,,,,,,,,
1003,54470.6439,55721.30563,59751.86886,64028.68494,8700,0,,,,,,,,,
1004,54602.02787,55855.70621,59895.99122,64183.12305,8700,0,,,,,,,,,
1005,54224.17908,55469.18191,59481.50793,63738.97259,8700,0,,,,,,,,,
1006,53448.34234,54675.53172,58630.44961,62826.99869,8700,0,,,,,,,,,
1007,53921.13284,55159.17763,59149.07971,63382.75041,8700,0,,,,,,,,,
1008,54448.58674,55698.74202,59727.67313,64002.75739,8700,0,,,,,,,,,
1009,52007.91369,53202.03042,57050.36357,61133.81598,8700,0,,,,,,,,,
1010,49612.31397,50751.42704,54422.49743,58317.85698,8700,0,,,,,,,,,
1011,48255.31893,49363.275,52933.93435,56722.74811,8700,0,,,,,,,,,
1012,47743.20914,48839.40702,52372.17273,56120.77769,8700,0,,,,,,,,,
1013,47879.38815,48978.71275,52521.55504,56280.85221,8700,0,,,,,,,,,
1014,48707.01127,49825.33833,53429.42072,57253.69953,8700,0,,,,,,,,,
1015,49502.98716,50639.59005,54302.5708,58189.34644,8700,0,,,,,,,,,
1016,49829.04957,50973.13894,54660.24673,58572.62349,8700,0,,,,,,,,,
1017,48132.56602,49237.70365,52799.27988,56578.45557,8700,0,,,,,,,,,
1018,43911.9758,44920.20746,48169.4805,51617.2724,8700,0,,,,,,,,,
1019,41490.48289,42443.11637,45513.21069,48770.8767,8700,0,,,,,,,,,
1020,39546.57551,40454.57631,43380.83093,46485.86914,8700,0,,,,,,,,,
1021,38488.79069,39372.50445,42220.48812,45242.47332,8700,0,,,,,,,,,
1022,38091.76175,38966.3596,41784.96507,44775.77714,8700,0,,,,,,,,,
1023,38603.87154,39490.22759,42346.72668,45377.74756,8700,0,,,,,,,,,
1024,40585.1802,41517.02767,44520.13399,47706.71926,8700,0,,,,,,,,,
1025,43998.28644,45008.49981,48264.15943,51718.72809,8700,0,,,,,,,,,
1026,47370.15538,48457.78784,51962.94939,55682.26365,8700,0,,,,,,,,,
1027,50325.81524,51481.3105,55205.17653,59156.55734,8700,0,,,,,,,,,
1028,50899.30149,52067.96416,55834.26538,59830.67402,8700,0,,,,,,,,,
1029,51077.67681,52250.43504,56029.93517,60040.34912,8700,0,,,,,,,,,
1030,51253.1751,52429.96281,56222.44897,60246.64234,8700,0,,,,,,,,,
1031,51970.51241,53163.77039,57009.33603,61089.85184,8700,0,,,,,,,,,
1032,52588.11298,53795.55125,57686.81633,61815.82366,8700,0,,,,,,,,,
1033,50044.82617,51193.86985,54896.94405,58826.26272,8700,0,,,,,,,,,
1034,47982.00191,49083.68255,52634.11776,56401.47176,8700,0,,,,,,,,,
1035,46828.31637,47903.50805,51368.57614,55045.34738,8700,0,,,,,,,,,
1036,46425.5334,47491.47707,50926.74117,54571.88751,8700,0,,,,,,,,,
1037,46752.55481,47826.00698,51285.46908,54956.29184,8700,0,,,,,,,,,
1038,47577.30091,48669.68949,52190.1788,55925.7573,8700,0,,,,,,,,,
1039,48534.38999,49648.75361,53240.06287,57050.78816,8700,0,,,,,,,,,
1040,48783.73184,49903.82042,53513.57976,57343.88238,8700,0,,,,,,,,,
1041,47492.90829,48583.35918,52097.60386,55826.55619,8700,0,,,,,,,,,
1042,44770.28715,45798.22588,49111.00979,52626.19286,8700,0,,,,,,,,,
1043,44040.48275,45051.66497,48310.4469,51768.32865,8700,0,,,,,,,,,
1044,42435.10488,43409.42715,46549.41891,49881.25285,8700,0,,,,,,,,,
1045,41307.31254,42255.74037,45312.28098,48555.56519,8700,0,,,,,,,,,
1046,41065.64275,42008.52178,45047.17999,48271.48925,8700,0,,,,,,,,,
1047,41548.02332,42501.97795,45576.32998,48838.51383,8700,0,,,,,,,,,
1048,43563.85623,44564.09496,47787.60885,51208.06779,8700,0,,,,,,,,,
1049,46751.59581,47825.02596,51284.4171,54955.16455,8700,0,,,,,,,,,
1050,50115.79269,51266.46577,54974.79115,58909.68183,8700,0,,,,,,,,,
1051,52922.80645,54137.92937,58053.96016,62209.24627,8700,0,,,,,,,,,
1052,53403.26901,54629.4235,58581.00617,62774.01628,8700,0,,,,,,,,,
1053,53172.1483,54392.99619,58327.47706,62502.34048,8700,0,,,,,,,,,
1054,52757.85723,53969.19288,57873.01822,62015.35318,8700,0,,,,,,,,,
1055,53112.68986,54332.17257,58262.2538,62432.44879,8700,0,,,,,,,,,
1056,53243.11482,54465.59213,58405.32416,62585.7596,8700,0,,,,,,,,,
1057,50333.4873,51489.15872,55213.59244,59165.57562,8700,0,,,,,,,,,
1058,48030.91127,49133.71488,52687.76915,56458.9633,8700,0,,,,,,,,,
1059,46847.49652,47923.12859,51389.61591,55067.8931,8700,0,,,,,,,,,
1060,46427.45141,47493.43911,50928.84514,54574.14208,8700,0,,,,,,,,,
1061,46686.38332,47758.31617,51212.88191,54878.50913,8700,0,,,,,,,,,
1062,47547.57169,48639.27768,52157.56717,55890.81145,8700,0,,,,,,,,,
1063,48445.20233,49557.51817,53142.22798,56945.95061,8700,0,,,,,,,,,
1064,48795.23992,49915.59273,53526.20361,57357.40979,8700,0,,,,,,,,,
1065,49500.11014,50636.64697,54299.41484,58185.96459,8700,0,,,,,,,,,
1066,49769.59113,50912.31533,54595.02348,58502.73179,8700,0,,,,,,,,,
1067,49970.98262,51118.33082,54815.94096,58739.46172,8700,0,,,,,,,,,
1068,48846.0673,49967.58712,53581.95899,57417.15592,8700,0,,,,,,,,,
1069,48627.41368,49743.91314,53342.10571,57160.13485,8700,0,,,,,,,,,
1070,49637.24815,50776.93372,54449.84912,58347.16639,8700,0,,,,,,,,,
1071,50125.38276,51276.27604,54985.31104,58920.95468,8700,0,,,,,,,,,
1072,50695.03298,51859.00559,55610.19193,59590.56223,8700,0,,,,,,,,,
1073,51817.07128,53006.80621,56841.01794,60909.48618,8700,0,,,,,,,,,
1074,53238.31979,54460.687,58400.06423,62580.12318,8700,0,,,,,,,,,
1075,55230.17752,56498.27836,60585.04339,64921.49501,8700,0,,,,,,,,,
1076,55322.2422,56592.45687,60686.03423,65029.7144,8700,0,,,,,,,,,
1077,54789.99326,56047.98734,60102.18087,64404.07099,8700,0,,,,,,,,,
1078,53968.12419,55207.24792,59200.62713,63437.98739,8700,0,,,,,,,,,
1079,54028.54163,55269.05256,59266.90237,63509.00637,8700,0,,,,,,,,,
1080,54049.63979,55290.63514,59290.0461,63533.80665,8700,0,,,,,,,,,
1081,51167.82347,52342.65149,56128.82203,60146.31394,8700,0,,,,,,,,,
1082,49061.8439,50188.31802,53818.6563,57670.79515,8700,0,,,,,,,,,
1083,48024.19822,49126.84769,52680.40523,56451.07231,8700,0,,,,,,,,,
1084,47812.25765,48910.04091,52447.91587,56201.94223,8700,0,,,,,,,,,
1085,48625.49567,49741.95109,53340.00174,57157.88028,8700,0,,,,,,,,,
1086,50361.29851,51517.60848,55244.10009,59198.2669,8700,0,,,,,,,,,
1087,53866.46943,55103.25914,59089.11639,63318.49513,8700,0,,,,,,,,,
1088,58994.28036,60348.80609,64714.09645,69346.09031,8700,0,,,,,,,,,
1089,67659.86846,69213.35859,74219.86041,79532.24143,8700,0,,,,,,,,,
1090,71234.0879,72869.64315,78140.61986,83733.63421,8700,0,,,,,,,,,
1091,71761.5418,73409.20754,78719.21327,84353.64119,8700,0,,,,,,,,,
1092,70237.67953,71850.35695,77047.60428,82562.38465,8700,0,,,,,,,,,
1093,65439.76704,66942.28301,71784.5081,76922.57567,8700,0,,,,,,,,,
1094,66394.9381,67919.38506,72832.28818,78045.35194,8700,0,,,,,,,,,
1095,66889.78576,68425.59457,73375.11401,78627.03122,8700,0,,,,,,,,,
1096,67562.04974,69113.29393,74112.55764,79417.25832,8700,0,,,,,,,,,
1097,69424.44151,71018.44675,76155.51841,81606.4466,8700,0,,,,,,,,,
1098,70429.48095,72046.56219,77258.00188,82787.84175,8700,0,,,,,,,,,
1099,71060.50761,72692.0774,77950.21001,83529.59554,8700,0,,,,,,,,,
1100,69621.99697,71220.53814,76372.22795,81838.66741,8700,0,,,,,,,,,
1101,67798.92449,69355.60739,74372.39868,79695.69781,8700,0,,,,,,,,,
1102,65437.84902,66940.32095,71782.40412,76920.32109,8700,0,,,,,,,,,
1103,63948.51101,65416.78731,70148.6667,75169.64682,8700,0,,,,,,,,,
1104,65281.53087,66780.41369,71610.93007,76736.57356,8700,0,,,,,,,,,
1105,62172.42987,63599.92683,68200.38483,73081.91421,8700,0,,,,,,,,,
1106,59954.24646,61330.81329,65767.13648,70474.50302,8700,0,,,,,,,,,
1107,58924.27284,60277.19118,64637.30133,69263.79847,8700,0,,,,,,,,,
1108,58704.66022,60052.53618,64396.39607,69005.6501,8700,0,,,,,,,,,
1109,59398.02235,60761.81811,65156.98342,69820.67748,8700,0,,,,,,,,,
1110,61145.33327,62549.24779,67073.70564,71874.59151,8700,0,,,,,,,,,
1111,64429.93257,65909.26244,70676.76468,75735.5441,8700,0,,,,,,,,,
1112,69210.58293,70799.67792,75920.92508,81355.06196,8700,0,,,,,,,,,
1113,74458.26975,76167.85314,81677.40366,87523.56781,8700,0,,,,,,,,,
1114,74084.25698,75785.25293,81267.12831,87083.92648,8700,0,,,,,,,,,
1115,73412.95201,75098.5346,80530.73669,86294.8267,8700,0,,,,,,,,,
1116,72185.42293,73842.82111,79184.19199,84851.90135,8700,0,,,,,,,,,
1117,70273.16279,71886.65492,77086.52783,82604.09422,8700,0,,,,,,,,,
1118,73768.74364,75462.49532,80921.02425,86713.04958,8700,0,,,,,,,,,
1119,76029.12336,77774.77401,83400.56006,89370.06131,8700,0,,,,,,,,,
1120,77105.12932,78875.48537,84580.89065,90634.87556,8700,0,,,,,,,,,
1121,77402.42152,79179.60348,84907.00694,90984.33409,8700,0,,,,,,,,,
1122,75259.99968,76987.99102,82556.86566,88465.97845,8700,0,,,,,,,,,
1123,74868.72478,76587.73233,82127.65453,88006.04598,8700,0,,,,,,,,,
1124,73245.12577,74926.85503,80346.63878,86097.55175,8700,0,,,,,,,,,
1125,71130.51513,72763.69232,78027.00514,83611.88739,8700,0,,,,,,,,,
1126,68812.59499,70392.55206,75484.35005,80887.23851,8700,0,,,,,,,,,
1127,66914.71995,68451.10126,73402.46571,78656.34065,8700,0,,,,,,,,,
1128,68184.44534,69749.97991,74795.29788,80148.86655,8700,0,,,,,,,,,
1129,65058.08221,66551.83458,71365.81685,76473.91606,8700,0,,,,,,,,,
1130,63084.44562,64532.88273,69200.82546,74153.96266,8700,0,,,,,,,,,
1131,61986.38249,63409.60775,67996.29915,72863.22084,8700,0,,,,,,,,,
1132,61597.02561,63011.31112,67569.19201,72405.54296,8700,0,,,,,,,,,
1133,62070.77512,63495.93806,68088.87411,72962.42196,8700,0,,,,,,,,,
1134,63574.49824,65034.18709,69738.39135,74730.00551,8700,0,,,,,,,,,
1135,66674.00917,68204.86369,73138.41671,78373.392,8700,0,,,,,,,,,
1136,71719.34549,73366.04239,78672.92581,84304.04064,8700,0,,,,,,,,,
1137,78930.11982,80742.37818,86582.82389,92780.09977,8700,0,,,,,,,,,
1138,81274.89217,83140.98718,89154.93467,95536.31264,8700,0,,,,,,,,,
1139,81208.72068,83073.29638,89082.34749,95458.52997,8700,0,,,,,,,,,
1140,79783.63614,81615.49149,87519.09327,93783.3838,8700,0,,,,,,,,,
1141,76114.475,77862.08534,83494.18701,89470.38977,8700,0,,,,,,,,,
1142,77875.21202,79663.24939,85425.63705,91540.08579,8700,0,,,,,,,,,
1143,78488.01755,80290.12511,86097.85741,92260.42119,8700,0,,,,,,,,,
1144,78606.93443,80411.77236,86228.30392,92400.20454,8700,0,,,,,,,,,
1145,79902.55301,81737.13873,87649.53977,93923.16714,8700,0,,,,,,,,,
1146,79050.95472,80865.98749,86715.37439,92922.13777,8700,0,,,,,,,,,
1147,78361.42862,80160.62967,85958.99499,92111.61948,8700,0,,,,,,,,,
1148,76628.5028,78387.91537,84058.0526,90074.61472,8700,0,,,,,,,,,
1149,73903.00464,75599.83898,81068.30257,86870.86956,8700,0,,,,,,,,,
1150,71048.99953,72680.30509,77937.58617,83516.06813,8700,0,,,,,,,,,
1151,69183.73073,70772.20918,75891.46942,81323.49796,8700,0,,,,,,,,,
1152,70392.07967,72008.30216,77216.97435,82743.87761,8700,0,,,,,,,,,
1153,67414.36264,68962.21589,73950.55148,79243.65635,8700,0,,,,,,,,,
1154,65313.1781,66812.78754,71645.64567,76773.77398,8700,0,,,,,,,,,
1155,64122.09129,65594.35303,70339.07653,75373.68548,8700,0,,,,,,,,,
1156,63510.24477,64968.45835,69667.90816,74654.47739,8700,0,,,,,,,,,
1157,63803.70094,65268.65235,69989.81651,74999.42672,8700,0,,,,,,,,,
1158,65184.67115,66681.33004,71504.67928,76622.71773,8700,0,,,,,,,,,
1159,68115.39683,69679.34603,74719.55474,80067.70201,8700,0,,,,,,,,,
1160,73016.88208,74693.3708,80096.26561,85829.25781,8700,0,,,,,,,,,
1161,79669.51429,81498.74936,87393.90668,93649.23679,8700,0,,,,,,,,,
1162,80620.84933,82471.92733,88437.47883,94767.50398,8700,0,,,,,,,,,
1163,79707.87457,81537.99041,87435.9862,93694.32819,8700,0,,,,,,,,,
1164,77717.93486,79502.36111,85253.11101,91355.21096,8700,0,,,,,,,,,
1165,73530.90989,75219.20083,80660.13122,86433.48281,8700,0,,,,,,,,,
1166,75088.33741,76812.38733,82368.5598,88264.19434,8700,0,,,,,,,,,
1167,75507.42351,77241.09577,82828.27858,88756.81808,8700,0,,,,,,,,,
1168,75776.9045,77516.76413,83123.88722,89073.58526,8700,0,,,,,,,,,
1169,77644.09131,79426.82209,85172.10793,91268.41001,8700,0,,,,,,,,,
1170,77350.63514,79126.62807,84850.19959,90923.4607,8700,0,,,,,,,,,
1171,77101.29329,78871.56126,84576.68269,90630.36642,8700,0,,,,,,,,,
1172,75327.13017,77056.66285,82630.50482,88544.8884,8700,0,,,,,,,,,
1173,72770.41726,74441.24707,79825.9047,85539.54546,8700,0,,,,,,,,,
1174,70163.83598,71774.81793,76966.6012,82475.58368,8700,0,,,,,,,,,
1175,68237.19073,69803.93635,74853.15722,80210.86726,8700,0,,,,,,,,,
1176,69496.36704,71092.02372,76234.41751,81690.99301,8700,0,,,,,,,,,
1177,66745.9347,68278.44065,73217.31581,78457.93842,8700,0,,,,,,,,,
1178,64394.44931,65872.96448,70637.84113,75693.83456,8700,0,,,,,,,,,
1179,62995.25796,64441.64729,69102.99058,74049.12511,8700,0,,,,,,,,,
1180,62513.8364,63949.17215,68574.89259,73483.22783,8700,0,,,,,,,,,
1181,62736.32604,64176.77022,68818.9538,73744.75805,8700,0,,,,,,,,,
1182,63960.01909,65428.55961,70161.29055,75183.17424,8700,0,,,,,,,,,
1183,66895.53981,68431.48073,73381.42595,78633.79494,8700,0,,,,,,,,,
1184,71266.69414,72902.99803,78176.38745,83771.96191,8700,0,,,,,,,,,
1185,76048.30351,77794.39453,83421.59983,89392.6071,8700,0,,,,,,,,,
1186,75267.67173,76995.83923,82565.28156,88474.99673,8700,0,,,,,,,,,
1187,73773.53868,75467.40045,80926.28419,86718.68603,8700,0,,,,,,,,,
1188,70675.94577,72298.68591,77528.36281,83077.5541,8700,0,,,,,,,,,
1189,66061.20363,67577.98796,72466.19634,77653.05661,8700,0,,,,,,,,,
1190,67467.10803,69016.17233,74008.41082,79305.65705,8700,0,,,,,,,,,
1191,67772.07229,69328.13866,74342.94302,79664.13381,8700,0,,,,,,,,,
1192,68416.52506,69987.38825,75049.87899,80421.66963,8700,0,,,,,,,,,
1193,70521.54563,72140.7407,77358.99275,82896.06115,8700,0,,,,,,,,,
1194,70409.3418,72025.96064,77235.91014,82764.16875,8700,0,,,,,,,,,
1195,70580.04506,72200.5833,77423.164,82964.82555,8700,0,,,,,,,,,
1196,69134.82137,70722.17685,75837.81803,81266.00642,8700,0,,,,,,,,,
1197,67682.88463,69236.90323,74245.10813,79559.29627,8700,0,,,,,,,,,
1198,65812.8208,67323.90218,72193.73145,77361.0897,8700,0,,,,,,,,,
1199,64291.83555,65767.99467,70525.2784,75573.21501,8700,0,,,,,,,,,
1200,65261.39172,66759.81213,71588.83832,76712.90057,8700,0,,,,,,,,,
1201,61954.73526,63377.23389,67961.58355,72826.02042,8700,0,,,,,,,,,
1202,59155.39355,60513.61848,64890.83045,69535.47425,8700,0,,,,,,,,,
1203,57622.90022,58945.93866,63209.75357,67734.07216,8700,0,,,,,,,,,
1204,56851.85852,58157.19362,62363.95518,66827.73466,8700,0,,,,,,,,,
1205,56906.52192,58213.11211,62423.91848,66891.98994,8700,0,,,,,,,,,
1206,57456.03298,58775.2401,63026.70764,67537.92448,8700,0,,,,,,,,,
1207,58609.71852,59955.4146,64292.24926,68894.04886,8700,0,,,,,,,,,
1208,59670.38036,61040.42954,65455.74802,70140.82654,8700,0,,,,,,,,,
1209,60307.16107,61691.83092,66154.26809,70889.34405,8700,0,,,,,,,,,
1210,58567.52221,59912.24945,64245.96178,68844.44831,8700,0,,,,,,,,,
1211,57381.23043,58698.72007,62944.65257,67449.99622,8700,0,,,,,,,,,
1212,54883.97596,56144.12791,60205.2757,64514.54497,8700,0,,,,,,,,,
1213,51918.72603,53110.79498,56952.52868,61028.97843,8700,0,,,,,,,,,
1214,52087.51128,53283.45559,57137.67858,61227.38067,8700,0,,,,,,,,,
1215,52349.32021,53551.27573,57424.87131,61535.12958,8700,0,,,,,,,,,
1216,53315.04036,54539.16909,58484.22327,62670.30601,8700,0,,,,,,,,,
1217,55588.84617,56865.18214,60978.48691,65343.09975,8700,0,,,,,,,,,
1218,57184.63398,58497.60971,62728.99502,67218.90271,8700,0,,,,,,,,,
1219,59626.26604,60995.30234,65407.35658,70088.97141,8700,0,,,,,,,,,
1220,59792.17426,61165.01986,65589.3505,70283.99178,8700,0,,,,,,,,,
1221,59284.85951,60646.05701,65032.84884,69687.65779,8700,0,,,,,,,,,
1222,58781.38079,60131.01828,64480.55511,69095.83295,8700,0,,,,,,,,,
1223,58648.0788,59994.65564,64334.32877,68939.14027,8700,0,,,,,,,,,
1224,59782.58419,61155.2096,65578.83063,70272.71893,8700,0,,,,,,,,,
1225,56790.48206,58094.40794,62296.62793,66755.5884,8700,0,,,,,,,,,
1226,54235.68716,55480.95422,59494.13178,63752.50001,8700,0,,,,,,,,,
1227,52825.94674,54038.84575,57947.70937,62095.39044,8700,0,,,,,,,,,
1228,52229.44433,53428.64746,57293.37281,61394.21892,8700,0,,,,,,,,,
1229,52528.65454,53734.72763,57621.59307,61745.93196,8700,0,,,,,,,,,
1230,53360.11369,54585.27733,58533.66671,62723.28843,8700,0,,,,,,,,,
1231,53993.05837,55232.75459,59227.97882,63467.29681,8700,0,,,,,,,,,
1232,53911.54277,55149.36738,59138.55983,63371.47755,8700,0,,,,,,,,,
1233,52282.18972,53482.6039,57351.23215,61456.21961,8700,0,,,,,,,,,
1234,49665.05936,50805.38348,54480.35678,58379.85768,8700,0,,,,,,,,,
1235,49085.81907,50212.84366,53844.956,57698.97728,8700,0,,,,,,,,,
1236,47368.23737,48455.82579,51960.84541,55680.00908,8700,0,,,,,,,,,
1237,45986.30815,47042.16708,50444.93065,54055.59079,8700,0,,,,,,,,,
1238,45728.33524,46778.27103,50161.94587,53752.351,8700,0,,,,,,,,,
1239,46113.85609,47172.64355,50584.84504,54205.51974,8700,0,,,,,,,,,
1240,47804.5856,48902.1927,52439.49998,56192.92396,8700,0,,,,,,,,,
1241,50826.41695,51993.40617,55754.3143,59745.00033,8700,0,,,,,,,,,
1242,54135.95043,55378.9275,59384.72503,63635.26234,8700,0,,,,,,,,,
1243,57273.82164,58588.84513,62826.82992,67323.74025,8700,0,,,,,,,,,
1244,57674.6866,58998.91407,63266.56091,67794.94556,8700,0,,,,,,,,,
1245,57252.72348,58567.26257,62803.68616,67298.93997,8700,0,,,,,,,,,
1246,56916.11199,58222.92236,62434.43837,66903.26279,8700,0,,,,,,,,,
1247,56639.91795,57940.38684,62131.46581,66578.60459,8700,0,,,,,,,,,
1248,56252.47908,57544.05226,61706.46264,66123.18126,8700,0,,,,,,,,,
1249,53216.26262,54438.12339,58375.8685,62554.19561,8700,0,,,,,,,,,
1250,51182.20858,52357.36688,56144.60186,60163.22322,8700,0,,,,,,,,,
1251,50104.28461,51254.69346,54962.1673,58896.15441,8700,0,,,,,,,,,
1252,50083.18645,51233.11088,54939.02357,58871.35413,8700,0,,,,,,,,,
1253,50973.14503,52143.50318,55915.26846,59917.475,8700,0,,,,,,,,,
1254,53062.82149,54281.15921,58207.55041,62373.82994,8700,0,,,,,,,,,
1255,56747.32674,58050.26176,62249.28847,66704.86055,8700,0,,,,,,,,,
1256,61705.39342,63122.16709,67688.06666,72532.92622,8700,0,,,,,,,,,
1257,66814.98321,68349.07453,73293.05895,78539.10296,8700,0,,,,,,,,,
1258,66976.0964,68513.88693,73469.79294,78728.48692,8700,0,,,,,,,,,
1259,65791.72264,67302.31961,72170.58771,77336.28941,8700,0,,,,,,,,,
1260,63066.22448,64514.24322,69180.83769,74132.54423,8700,0,,,,,,,,,
1261,59508.30816,60874.63611,65277.96204,69950.31529,8700,0,,,,,,,,,
1262,61776.35994,63194.76302,67765.91377,72616.34533,8700,0,,,,,,,,,
1263,62562.74576,63999.20449,68628.54397,73540.71938,8700,0,,,,,,,,,
1264,63638.75172,65099.91585,69808.87456,74805.53364,8700,0,,,,,,,,,
1265,65768.70647,67278.77497,72145.33999,77309.23456,8700,0,,,,,,,,,
1266,66091.89186,67609.3808,72499.85996,77689.12975,8700,0,,,,,,,,,
1267,67535.19754,69085.8252,74083.10197,79385.69432,8700,0,,,,,,,,,
1268,67046.10392,68585.50184,73546.58807,78810.77875,8700,0,,,,,,,,,
1269,65806.10775,67317.035,72186.36753,77353.19871,8700,0,,,,,,,,,
1270,64184.42675,65658.11974,70407.45575,75446.95904,8700,0,,,,,,,,,
1271,62654.81044,64093.383,68729.53481,73648.93879,8700,0,,,,,,,,,
1272,63124.72391,64574.08581,69245.00896,74201.30864,8700,0,,,,,,,,,
1273,59726.00278,61097.32906,65516.76334,70206.20909,8700,0,,,,,,,,,
1274,57769.6283,59096.03566,63370.70772,67906.54681,8700,0,,,,,,,,,
1275,56590.04958,57889.37347,62076.76244,66519.98575,8700,0,,,,,,,,,
1276,56449.07554,57745.16263,61922.12019,66354.27479,8700,0,,,,,,,,,
1277,57230.66632,58544.69896,62779.49045,67273.01241,8700,0,,,,,,,,,
1278,59060.45185,60416.4969,64786.68364,69423.87301,8700,0,,,,,,,,,
1279,62409.30462,63842.2403,68460.22588,73360.35371,8700,0,,,,,,,,,
1280,66670.17314,68200.93958,73134.20876,78368.88287,8700,0,,,,,,,,,
1281,70866.78818,72493.91012,77737.70843,83301.8839,8700,0,,,,,,,,,
1282,70183.01612,71794.43845,76987.64096,82498.12938,8700,0,,,,,,,,,
1283,69263.32832,70853.63435,75978.78443,81417.06266,8700,0,,,,,,,,,
1284,66667.29612,68197.99651,73131.0528,78365.50101,8700,0,,,,,,,,,
1285,62828.39072,64270.94873,68919.94465,73852.97744,8700,0,,,,,,,,,
1286,64879.7069,66369.36372,71170.14707,76264.24098,8700,0,,,,,,,,,
1287,66176.28449,67695.71111,72592.43492,77788.33088,8700,0,,,,,,,,,
1288,67403.81357,68951.4246,73938.97961,79231.25622,8700,0,,,,,,,,,
1289,69498.28506,71093.98578,76236.5215,81693.24759,8700,0,,,,,,,,,
1290,69816.67541,71419.68645,76585.78152,82067.50635,8700,0,,,,,,,,,
1291,70831.30492,72457.61216,77698.78488,83260.17433,8700,0,,,,,,,,,
1292,69824.34747,71427.53467,76594.19742,82076.52464,8700,0,,,,,,,,,
1293,68204.58449,69770.58146,74817.38962,80172.53955,8700,0,,,,,,,,,
1294,66330.68463,67853.65632,72761.80499,77969.82383,8700,0,,,,,,,,,
1295,64646.66817,66130.97435,70914.51397,75990.31062,8700,0,,,,,,,,,
1296,65039.86108,66533.19508,71345.82908,76452.49764,8700,0,,,,,,,,,
1297,61476.19072,62887.70183,67436.64152,72263.50499,8700,0,,,,,,,,,
1298,59225.40107,60585.2334,64967.62558,69617.7661,8700,0,,,,,,,,,
1299,57895.25823,59224.55009,63508.51815,68054.22121,8700,0,,,,,,,,,
1300,57600.84306,58923.37506,63185.55784,67708.14459,8700,0,,,,,,,,,
1301,58161.86221,59497.27538,63800.97083,68367.60656,8700,0,,,,,,,,,
1302,59724.08476,61095.367,65514.65936,70203.95452,8700,0,,,,,,,,,
1303,62736.32604,64176.77022,68818.9538,73744.75805,8700,0,,,,,,,,,
1304,66923.35101,68459.93049,73411.93359,78666.48622,8700,0,,,,,,,,,
1305,72538.33754,74203.83874,79571.32359,85266.74238,8700,0,,,,,,,,,
1306,73154.0201,74833.65754,80246.69992,85990.45964,8700,0,,,,,,,,,
1307,72112.53839,73768.26311,79104.2409,84766.22766,8700,0,,,,,,,,,
1308,69275.79541,70866.3877,75992.46027,81431.71737,8700,0,,,,,,,,,
1309,65119.45867,66614.62026,71433.1441,76546.06233,8700,0,,,,,,,,,
1310,66657.70605,68188.18625,73120.53291,78354.22816,8700,0,,,,,,,,,
1311,66918.55598,68455.02536,73406.67366,78660.8498,8700,0,,,,,,,,,
1312,67449.84591,68998.51387,73989.47503,79285.36592,8700,0,,,,,,,,,
1313,69234.55811,70824.20357,75947.22479,81383.2441,8700,0,,,,,,,,,
1314,68497.08165,70069.79444,75138.24598,80516.3616,8700,0,,,,,,,,,
1315,69227.84506,70817.33639,75939.86086,81375.35311,8700,0,,,,,,,,,
1316,68384.87782,69955.01437,75015.16337,80384.4692,8700,0,,,,,,,,,
1317,67079.66917,68619.83777,73583.40765,78850.23375,8700,0,,,,,,,,,
1318,65301.67002,66801.01524,71633.02182,76760.24656,8700,0,,,,,,,,,
1319,63708.75923,65171.53075,69885.66967,74887.82546,8700,0,,,,,,,,,
1320,64281.28647,65757.20338,70513.70654,75560.81487,8700,0,,,,,,,,,
1321,60717.61611,62111.71012,66604.51897,71371.82222,8700,0,,,,,,,,,
1322,58507.10476,59850.4448,64179.68653,68773.42932,8700,0,,,,,,,,,
1323,57347.66518,58664.38414,62907.83298,67410.54123,8700,0,,,,,,,,,
1324,56960.22632,58268.04958,62482.82982,66955.11793,8700,0,,,,,,,,,
1325,57720.71894,59046.00333,63317.05633,67849.05526,8700,0,,,,,,,,,
1326,59241.70419,60601.91084,64985.50937,69636.92995,8700,0,,,,,,,,,
1327,62161.88079,63589.13554,68188.81296,73069.51407,8700,0,,,,,,,,,
1328,66404.52817,67929.19533,72842.80806,78056.6248,8700,0,,,,,,,,,
1329,72513.40336,74178.33206,79543.97191,85237.43297,8700,0,,,,,,,,,
1330,74416.07343,76124.68798,81631.11618,87473.96727,8700,0,,,,,,,,,
1331,74515.81017,76226.7147,81740.52293,87591.20492,8700,0,,,,,,,,,
1332,73663.25286,75354.58243,80805.30556,86589.0482,8700,0,,,,,,,,,
1333,71023.10634,72653.81738,77909.18249,83485.63143,8700,0,,,,,,,,,
1334,73455.14833,75141.69977,80577.02417,86344.42726,8700,0,,,,,,,,,
1335,73697.77712,75389.89938,80843.17714,86629.63047,8700,0,,,,,,,,,
1336,73355.41159,75039.67304,80467.61741,86227.18958,8700,0,,,,,,,,,
1337,73576.94223,75266.29008,80710.62665,86487.59252,8700,0,,,,,,,,,
1338,71537.13414,73179.64741,78473.04807,84089.8564,8700,0,,,,,,,,,
1339,70492.77541,72111.30991,77327.43309,82862.24257,8700,0,,,,,,,,,
1340,68961.24109,70544.61111,75647.40819,81061.96776,8700,0,,,,,,,,,
1341,67248.45442,68792.49837,73768.55755,79048.63598,8700,0,,,,,,,,,
1342,65181.79413,66678.38696,71501.52331,76619.33589,8700,0,,,,,,,,,
1343,63602.30945,65062.63685,69768.89901,74762.69679,8700,0,,,,,,,,,
1344,64811.61739,66299.71086,71095.45592,76184.20371,8700,0,,,,,,,,,
1345,61535.64916,62948.52545,67501.86477,72333.39669,8700,0,,,,,,,,,
1346,59049.90277,60405.7056,64775.11176,69411.47286,8700,0,,,,,,,,,
1347,57655.50646,58979.29356,63245.52115,67772.39986,8700,0,,,,,,,,,
1348,57104.07738,58415.2035,62640.62803,67124.21072,8700,0,,,,,,,,,
1349,57473.29511,58792.89857,63045.64342,67558.21562,8700,0,,,,,,,,,
1350,59163.06561,60521.4667,64899.24636,69544.49254,8700,0,,,,,,,,,
1351,62069.81611,63494.95703,68087.82211,72961.29467,8700,0,,,,,,,,,
1352,66044.90051,67561.31051,72448.31255,77633.89277,8700,0,,,,,,,,,
1353,70250.14662,71863.11029,77061.28012,82577.03936,8700,0,,,,,,,,,
1354,69193.3208,70782.01945,75901.98929,81334.77082,8700,0,,,,,,,,,
1355,67696.31073,69250.63759,74259.83596,79575.07827,8700,0,,,,,,,,,
1356,64418.42448,65897.49013,70664.14083,75722.01668,8700,0,,,,,,,,,
1357,60338.80831,61724.20478,66188.9837,70926.54448,8700,0,,,,,,,,,
1358,61826.22831,63245.77638,67820.61714,72674.96417,8700,0,,,,,,,,,
1359,62711.39186,64151.26354,68791.60212,73715.44862,8700,0,,,,,,,,,
1360,63879.4625,65346.15342,70072.92355,75088.48228,8700,0,,,,,,,,,
1361,66036.26945,67552.48128,72438.84466,77623.74719,8700,0,,,,,,,,,
1362,65424.42292,66926.58658,71767.67628,76904.53909,8700,0,,,,,,,,,
1363,65884.74633,67397.47914,72272.63054,77445.6361,8700,0,,,,,,,,,
1364,65203.85129,66700.95056,71525.71904,76645.26344,8700,0,,,,,,,,,
1365,64195.93484,65669.89206,70420.07961,75460.48647,8700,0,,,,,,,,,
1366,62956.89767,64402.40624,69060.91105,74004.0337,8700,0,,,,,,,,,
1367,61549.07526,62962.25983,67516.59261,72349.17869,8700,0,,,,,,,,,
1368,62788.11242,64229.74563,68875.76115,73805.63146,8700,0,,,,,,,,,
1369,59276.22845,60637.22779,65023.38095,69677.51223,8700,0,,,,,,,,,
1370,56824.04731,58128.74386,62333.44751,66795.04339,8700,0,,,,,,,,,
1371,55378.82362,56650.33741,60748.10153,65096.22426,8700,0,,,,,,,,,
1372,54861.9188,56121.56432,60181.07998,64488.6174,8700,0,,,,,,,,,
1373,55167.84206,56434.51166,60516.66416,64848.22145,8700,0,,,,,,,,,
1374,56007.93227,57293.89058,61438.20569,65835.72348,8700,0,,,,,,,,,
1375,57195.18306,58508.40099,62740.56689,67231.30285,8700,0,,,,,,,,,
1376,57836.7588,59164.7075,63444.34689,67985.4568,8700,0,,,,,,,,,
1377,58014.17511,59346.19733,63638.96467,68194.00461,8700,0,,,,,,,,,
1378,56318.65057,57611.74306,61779.04981,66200.96397,8700,0,,,,,,,,,
1379,55875.58929,57158.50897,61293.03134,65680.1581,8700,0,,,,,,,,,
1380,53745.63454,54979.64984,58956.5659,63176.45717,8700,0,,,,,,,,,
1381,50956.84191,52126.82573,55897.38467,59898.31115,8700,0,,,,,,,,,
1382,50875.32631,52043.43851,55807.96569,59802.49189,8700,0,,,,,,,,,
1383,51036.4395,52208.2509,55984.69968,59991.87583,8700,0,,,,,,,,,
1384,52162.31383,53359.97563,57219.73364,61315.30893,8700,0,,,,,,,,,
1385,54145.5405,55388.73776,59395.24491,63646.53519,8700,0,,,,,,,,,
1386,55874.63029,57157.52795,61291.97936,65679.03082,8700,0,,,,,,,,,
1387,58302.83625,59641.48621,63955.61308,68533.31752,8700,0,,,,,,,,,
1388,58650.95582,59997.59872,64337.48473,68942.52212,8700,0,,,,,,,,,
1389,58084.18263,59417.81225,63715.7598,68276.29644,8700,0,,,,,,,,,
1390,57649.75242,58973.40739,63239.20923,67765.63614,8700,0,,,,,,,,,
1391,57395.61554,58713.43546,62960.4324,67466.90551,8700,0,,,,,,,,,
1392,58435.17923,59776.86784,64100.78744,68688.88291,8700,0,,,,,,,,,
1393,55489.10944,56763.15543,60869.08016,65225.86208,8700,0,,,,,,,,,
1394,53011.03511,54228.1838,58150.74306,62312.95653,8700,0,,,,,,,,,
1395,51633.90092,52819.43021,56640.08822,60694.17466,8700,0,,,,,,,,,
1396,51173.57752,52348.53765,56135.13398,60153.07766,8700,0,,,,,,,,,
1397,51363.46092,52542.78083,56343.42761,60376.28017,8700,0,,,,,,,,,
1398,52189.16603,53387.44436,57249.1893,61346.87292,8700,0,,,,,,,,,
1399,52895.95426,54110.46065,58024.5045,62177.6823,8700,0,,,,,,,,,
1400,52823.06972,54035.90266,57944.55341,62092.0086,8700,0,,,,,,,,,
1401,51656.91709,52842.97483,56665.33594,60721.22951,8700,0,,,,,,,,,
1402,50532.96078,51693.21216,55432.40596,59400.051,8700,0,,,,,,,,,
1403,50743.94234,51909.03792,55663.84333,59648.05379,8700,0,,,,,,,,,
1404,50303.75808,51458.7469,55180.98081,59130.62977,8700,0,,,,,,,,,
1405,50028.52305,51177.1924,54879.06025,58807.09885,8700,0,,,,,,,,,
1406,51046.98858,52219.04219,55996.27154,60004.27598,8700,0,,,,,,,,,
1407,52348.3612,53550.29469,57423.81931,61534.0023,8700,0,,,,,,,,,
1408,52356.03326,53558.14292,57432.23522,61543.02058,8700,0,,,,,,,,,
1409,53094.46872,54313.53306,58242.26601,62411.03036,8700,0,,,,,,,,,
1410,54775.60816,56033.27195,60086.40106,64387.16172,8700,0,,,,,,,,,
1411,56873.91568,58179.75723,62388.1509,66853.66224,8700,0,,,,,,,,,
1412,57071.47114,58381.84861,62604.86042,67085.88302,8700,0,,,,,,,,,
1413,56320.56859,57613.70513,61781.1538,66203.21854,8700,0,,,,,,,,,
1414,55842.02405,57124.17307,61256.21177,65640.70312,8700,0,,,,,,,,,
1415,55842.98305,57125.15409,61257.26374,65641.83039,8700,0,,,,,,,,,
1416,55713.5171,56992.71555,61115.24536,65489.64686,8700,0,,,,,,,,,
1417,52566.05582,53772.98766,57662.62061,61789.89609,8700,0,,,,,,,,,
1418,50280.74191,51435.20228,55155.7331,59103.57493,8700,0,,,,,,,,,
1419,49137.60546,50265.81908,53901.76336,57759.8507,8700,0,,,,,,,,,
1420,48788.52687,49908.72555,53518.8397,57349.5188,8700,0,,,,,,,,,
1421,49313.10375,50445.34687,54094.27716,57966.14392,8700,0,,,,,,,,,
1422,50527.20673,51687.326,55426.09401,59393.28728,8700,0,,,,,,,,,
1423,52110.52745,53307.00022,57162.92629,61254.43552,8700,0,,,,,,,,,
1424,53737.96248,54971.80163,58948.14999,63167.43888,8700,0,,,,,,,,,
1425,56932.41511,58239.59981,62452.32216,66922.42664,8700,0,,,,,,,,,
1426,58813.02802,60163.39214,64515.27071,69133.03336,8700,0,,,,,,,,,
1427,60438.54505,61826.23151,66298.39045,71043.78217,8700,0,,,,,,,,,
1428,60902.70448,62301.04818,66807.55266,71589.3883,8700,0,,,,,,,,,
1429,59732.71582,61104.19624,65524.12724,70214.10008,8700,0,,,,,,,,,
1430,60909.41753,62307.91536,66814.91659,71597.27931,8700,0,,,,,,,,,
1431,61221.09483,62626.74886,67156.81269,71963.64706,8700,0,,,,,,,,,
1432,61163.55441,62567.88729,67093.69342,71896.00995,8700,0,,,,,,,,,
1433,61531.81313,62944.60135,67497.65682,72328.88755,8700,0,,,,,,,,,
1434,61543.32122,62956.37366,67510.28068,72342.41498,8700,0,,,,,,,,,
1435,62243.3964,63672.52276,68278.23195,73165.33333,8700,0,,,,,,,,,
1436,62165.71682,63593.05964,68193.02092,73074.02321,8700,0,,,,,,,,,
1437,61212.46377,62617.91962,67147.3448,71953.5015,8700,0,,,,,,,,,
1438,60290.85795,61675.15347,66136.38429,70870.1802,8700,0,,,,,,,,,
1439,59990.68873,61368.09229,65807.11203,70517.33987,8700,0,,,,,,,,,
1440,59792.17426,61165.01986,65589.3505,70283.99178,8700,0,,,,,,,,,
1441,56776.09696,58079.69256,62280.84811,66738.67912,8700,0,,,,,,,,,
1442,54564.6266,55817.4462,59854.96369,64139.15893,8700,0,,,,,,,,,
1443,53648.77482,54880.5662,58850.3151,63062.60134,8700,0,,,,,,,,,
1444,53406.14603,54632.36658,58584.16214,62777.39813,8700,0,,,,,,,,,
1445,54062.10688,55303.38848,59303.72195,63548.46136,8700,0,,,,,,,,,
1446,55888.05639,57171.26231,61306.70719,65694.81281,8700,0,,,,,,,,,
1447,59433.50561,60798.11608,65195.90698,69862.38703,8700,0,,,,,,,,,
1448,64849.97768,66338.95191,71137.53546,76229.29513,8700,0,,,,,,,,,
1449,72098.15329,73753.54773,79088.46108,84749.31838,8700,0,,,,,,,,,
1450,74043.01967,75743.06881,81221.89283,87035.45322,8700,0,,,,,,,,,
1451,72927.69442,74602.13536,79998.43074,85724.42028,8700,0,,,,,,,,,
1452,70908.98449,72537.07527,77783.9959,83351.48445,8700,0,,,,,,,,,
1453,67201.46307,68744.42808,73717.01013,78993.39899,8700,0,,,,,,,,,
1454,68057.8564,69620.48445,74656.43544,80000.06487,8700,0,,,,,,,,,
1455,67854.5469,69412.50691,74433.41399,79761.08037,8700,0,,,,,,,,,
1456,67618.63115,69171.17447,74174.62493,79483.76815,8700,0,,,,,,,,,
1457,68770.39867,70349.3869,75438.06256,80837.63795,8700,0,,,,,,,,,
1458,69982.58364,71589.40399,76767.77546,82262.52672,8700,0,,,,,,,,,
1459,70908.02549,72536.09425,77782.94392,83350.35717,8700,0,,,,,,,,,
1460,70178.22109,71789.53333,76982.38102,82492.49295,8700,0,,,,,,,,,
1461,67806.59654,69363.45559,74380.81458,79704.71609,8700,0,,,,,,,,,
1462,65852.14009,67364.12426,72236.86296,77407.30841,8700,0,,,,,,,,,
1463,64359.92505,65837.64752,70599.96955,75653.25227,8700,0,,,,,,,,,
1464,64748.32292,66234.96313,71026.02472,76109.80287,8700,0,,,,,,,,,
1465,61361.10987,62769.97869,67310.40295,72128.23074,8700,0,,,,,,,,,
1466,59296.3676,60657.82934,65045.47269,69701.18521,8700,0,,,,,,,,,
1467,58227.07469,59563.98515,63872.50602,68444.26197,8700,0,,,,,,,,,
1468,57887.58618,59216.70189,63500.10226,68045.20293,8700,0,,,,,,,,,
1469,58578.07128,59923.04072,64257.53364,68856.84843,8700,0,,,,,,,,,
1470,60198.79327,61580.97496,66035.39343,70761.96081,8700,0,,,,,,,,,
1471,63206.23952,64657.47305,69334.42795,74297.1279,8700,0,,,,,,,,,
1472,67503.5503,69053.45132,74048.38636,79348.4939,8700,0,,,,,,,,,
1473,71683.86222,73329.74441,78634.00224,84262.33107,8700,0,,,,,,,,,
1474,71053.79456,72685.21023,77942.84609,83521.70455,8700,0,,,,,,,,,
1475,69324.70477,70916.42003,76046.11165,81489.20892,8700,0,,,,,,,,,
1476,66721.00051,68252.93396,73189.96412,78428.62899,8700,0,,,,,,,,,
1477,62664.40051,64103.19326,68740.05469,73660.21164,8700,0,,,,,,,,,
1478,64170.04165,65643.40436,70391.67593,75430.04976,8700,0,,,,,,,,,
1479,65089.72945,66584.20844,71400.53246,76511.11649,8700,0,,,,,,,,,
1480,66508.10094,68035.14616,72956.42278,78178.37163,8700,0,,,,,,,,,
1481,68353.23059,69922.64051,74980.44777,80347.26879,8700,0,,,,,,,,,
1482,68725.32534,70303.27867,75388.61913,80784.65553,8700,0,,,,,,,,,
1483,69439.78562,71034.14316,76172.35022,81624.48317,8700,0,,,,,,,,,
1484,68714.77626,70292.48739,75377.04726,80772.25539,8700,0,,,,,,,,,
1485,66708.53342,68240.18063,73176.28827,78413.97428,8700,0,,,,,,,,,
1486,64961.2225,66452.75094,71259.56606,76360.06024,8700,0,,,,,,,,,
1487,63679.98902,65142.09997,69854.11003,74854.0069,8700,0,,,,,,,,,
1488,64151.82051,65624.76485,70371.68815,75408.63133,8700,0,,,,,,,,,
1489,60704.19001,62097.97575,66589.79114,71356.04022,8700,0,,,,,,,,,
1490,58504.22774,59847.50172,64176.53057,68770.04745,8700,0,,,,,,,,,
1491,57312.18192,58628.08618,62868.90943,67368.83166,8700,0,,,,,,,,,
1492,56862.40759,58167.98491,62375.52704,66840.13481,8700,0,,,,,,,,,
1493,57410.95965,58729.13188,62977.2642,67484.94207,8700,0,,,,,,,,,
1494,58973.18221,60327.22352,64690.95273,69321.29004,8700,0,,,,,,,,,
1495,62046.79994,63471.41239,68062.5744,72934.23982,8700,0,,,,,,,,,
1496,66727.71356,68259.80115,73197.32803,78436.51998,8700,0,,,,,,,,,
1497,72649.58237,74317.63777,79693.35421,85397.5075,8700,0,,,,,,,,,
1498,73457.06634,75143.66181,80579.12814,86346.68183,8700,0,,,,,,,,,
1499,72941.12052,74615.86973,80013.15857,85740.20227,8700,0,,,,,,,,,
1500,71892.92577,73543.60812,78863.33564,84508.0793,8700,0,,,,,,,,,
1501,68461.59839,70033.49648,75099.32243,80474.65204,8700,0,,,,,,,,,
1502,70066.01726,71674.75326,76859.29841,82360.60057,8700,0,,,,,,,,,
1503,70166.713,71777.76101,76969.75716,82478.96553,8700,0,,,,,,,,,
1504,70167.67201,71778.74203,76970.80915,82480.09282,8700,0,,,,,,,,,
1505,70532.0947,72151.53198,77370.5646,82908.46127,8700,0,,,,,,,,,
1506,70021.90293,71629.62607,76810.90696,82308.74542,8700,0,,,,,,,,,
1507,70236.72052,71849.37592,77046.55229,82561.25736,8700,0,,,,,,,,,
1508,69020.69953,70605.43474,75712.63145,81131.85945,8700,0,,,,,,,,,
1509,66631.81286,68161.69854,73092.12924,78323.79145,8700,0,,,,,,,,,
1510,64570.90661,66053.47329,70831.40693,75901.25506,8700,0,,,,,,,,,
1511,63288.71413,64741.8413,69424.89891,74394.07446,8700,0,,,,,,,,,
1512,64064.55087,65535.49148,70275.95725,75306.04836,8700,0,,,,,,,,,
1513,60818.31185,62214.71787,66714.97771,71490.18719,8700,0,,,,,,,,,
1514,58270.23001,59608.13133,63919.84549,68494.98982,8700,0,,,,,,,,,
1515,57003.38164,58312.19576,62530.16928,67005.84577,8700,0,,,,,,,,,
1516,56747.32674,58050.26176,62249.28847,66704.86055,8700,0,,,,,,,,,
1517,57257.51852,58572.16769,62808.94612,67304.57641,8700,0,,,,,,,,,
1518,58844.67526,60195.76601,64549.98633,69170.23379,8700,0,,,,,,,,,
1519,61682.37725,63098.62246,67662.81895,72505.87137,8700,0,,,,,,,,,
1520,65827.2059,67338.61758,72209.51126,77377.99897,8700,0,,,,,,,,,
1521,69702.55357,71302.94435,76460.59494,81933.35939,8700,0,,,,,,,,,
1522,68518.17981,70091.37703,75161.38971,80541.16189,8700,0,,,,,,,,,
1523,65733.22321,67242.47701,72106.41644,77267.52501,8700,0,,,,,,,,,
1524,62028.57881,63452.77291,68042.58664,72912.8214,8700,0,,,,,,,,,
1525,57632.49029,58955.74893,63220.27344,67745.345,8700,0,,,,,,,,,
1526,58439.97426,59781.77296,64106.04736,68694.51933,8700,0,,,,,,,,,
1527,58970.30519,60324.28044,64687.79676,69317.90818,8700,0,,,,,,,,,
1528,60549.78987,61940.03055,66420.42107,71174.54728,8700,0,,,,,,,,,
1529,63031.70023,64478.92629,69142.96613,74091.96195,8700,0,,,,,,,,,
1530,64801.06831,66288.91956,71083.88405,76171.80356,8700,0,,,,,,,,,
1531,65877.07427,67389.63094,72264.21464,77436.61782,8700,0,,,,,,,,,
1532,65474.29129,66977.59994,71822.37967,76963.15794,8700,0,,,,,,,,,
1533,63852.6103,65318.68468,70043.46789,75056.91829,8700,0,,,,,,,,,
1534,62520.54945,63956.03933,68582.2565,73491.11883,8700,0,,,,,,,,,
1535,61603.73866,63018.1783,67576.55592,72413.43395,8700,0,,,,,,,,,
1536,61948.02221,63370.3667,67954.21963,72818.12943,8700,0,,,,,,,,,
1537,58573.27625,59918.1356,64252.27371,68851.21201,8700,0,,,,,,,,,
1538,56144.11128,57433.19631,61587.58799,65995.79802,8700,0,,,,,,,,,
1539,54948.22944,56209.85667,60275.75892,64590.0731,8700,0,,,,,,,,,
1540,54505.16816,55756.62257,59789.74043,64069.26723,8700,0,,,,,,,,,
1541,54722.86277,55979.31551,60028.54171,64325.16102,8700,0,,,,,,,,,
1542,55541.85483,56817.11188,60926.93951,65287.86278,8700,0,,,,,,,,,
1543,56789.52305,58093.42691,62295.57594,66754.46111,8700,0,,,,,,,,,
1544,57406.16462,58724.22675,62972.00426,67479.30565,8700,0,,,,,,,,,
1545,58124.46093,59459.01535,63759.94331,68323.64243,8700,0,,,,,,,,,
1546,57163.53582,58476.02712,62705.85129,67194.10242,8700,0,,,,,,,,,
1547,56968.85738,58276.8788,62492.29771,66965.26348,8700,0,,,,,,,,,
1548,56053.96461,57340.97984,61488.70111,65889.83319,8700,0,,,,,,,,,
1549,54566.54461,55819.40824,59857.06766,64141.4135,8700,0,,,,,,,,,
1550,55655.01766,56932.87295,61051.07409,65420.88245,8700,0,,,,,,,,,
1551,55696.25497,56975.05709,61096.30958,65469.35573,8700,0,,,,,,,,,
1552,56003.13724,57288.98545,61432.94575,65830.08707,8700,0,,,,,,,,,
1553,57165.45384,58477.98918,62707.95527,67196.357,8700,0,,,,,,,,,
1554,57997.87199,59329.51989,63621.08087,68174.84074,8700,0,,,,,,,,,
1555,59792.17426,61165.01986,65589.3505,70283.99178,8700,0,,,,,,,,,
1556,60040.5571,61419.10565,65861.81541,70575.95871,8700,0,,,,,,,,,
1557,59097.85313,60454.75691,64827.71117,69467.83713,8700,0,,,,,,,,,
1558,58153.23114,59488.44613,63791.50294,68357.46099,8700,0,,,,,,,,,
1559,57771.54632,59097.99772,63372.8117,67908.8014,8700,0,,,,,,,,,
1560,58640.40675,59986.80743,64325.91288,68930.12199,8700,0,,,,,,,,,
1561,55725.98419,57005.4689,61128.92122,65504.30157,8700,0,,,,,,,,,
1562,53106.93582,54326.28642,58255.94187,62425.68508,8700,0,,,,,,,,,
1563,51735.55567,52923.41898,56751.59896,60813.66691,8700,0,,,,,,,,,
1564,51090.1439,52263.18837,56043.61101,60055.00382,8700,0,,,,,,,,,
1565,51423.87837,52604.58548,56409.70285,60447.29915,8700,0,,,,,,,,,
1566,52174.78092,53372.72898,57233.40948,61329.96363,8700,0,,,,,,,,,
1567,52731.96404,53942.70518,57844.61454,61984.91648,8700,0,,,,,,,,,
1568,52693.60376,53903.46413,57802.53502,61939.82507,8700,0,,,,,,,,,
1569,52553.58872,53760.23431,57648.94476,61775.24138,8700,0,,,,,,,,,
1570,51679.93326,52866.51946,56690.58365,60748.28436,8700,0,,,,,,,,,
1571,51570.60645,52754.68248,56570.65702,60619.77382,8700,0,,,,,,,,,
1572,50204.98035,51357.7012,55072.62605,59014.51937,8700,0,,,,,,,,,
1573,48824.01014,49945.02352,53557.76327,57391.22837,8700,0,,,,,,,,,
1574,48508.4968,49622.2659,53211.6592,57020.35145,8700,0,,,,,,,,,
1575,48301.35127,49410.36426,52984.42978,56776.8578,8700,0,,,,,,,,,
1576,49288.16957,50419.84019,54066.92547,57936.83451,8700,0,,,,,,,,,
1577,51227.28191,52403.47511,56194.04529,60216.20564,8700,0,,,,,,,,,
1578,53838.65823,55074.80938,59058.60874,63285.80386,8700,0,,,,,,,,,
1579,57045.57795,58355.36091,62576.45675,67055.44632,8700,0,,,,,,,,,
1580,58213.64859,59550.25079,63857.77819,68428.47997,8700,0,,,,,,,,,
1581,57862.65199,59191.1952,63472.75057,68015.8935,8700,0,,,,,,,,,
1582,57254.6415,58569.22461,62805.79015,67301.19454,8700,0,,,,,,,,,
1583,56924.74305,58231.75161,62443.90626,66913.40835,8700,0,,,,,,,,,
1584,56497.02589,57794.21394,61974.71959,66410.63906,8700,0,,,,,,,,,
1585,53707.27426,54940.4088,58914.48638,63131.36576,8700,0,,,,,,,,,
1586,51630.06489,52815.5061,56635.88028,60689.66552,8700,0,,,,,,,,,
1587,50751.61439,51916.88613,55672.25922,59657.07206,8700,0,,,,,,,,,
1588,50717.09014,51881.56919,55634.38765,59616.48979,8700,0,,,,,,,,,
1589,51641.57298,52827.27841,56648.50414,60703.19295,8700,0,,,,,,,,,
1590,53799.33894,55034.58731,59015.47722,63239.58516,8700,0,,,,,,,,,
1591,57580.70391,58902.77351,63163.46608,67684.47159,8700,0,,,,,,,,,
1592,62966.48774,64412.2165,69071.43093,74015.30654,8700,0,,,,,,,,,
1593,68846.16023,70426.88797,75521.16962,80926.69349,8700,0,,,,,,,,,
1594,68506.67172,70079.6047,75148.76585,80527.63445,8700,0,,,,,,,,,
1595,65743.77229,67253.2683,72117.98831,77279.92514,8700,0,,,,,,,,,
1596,62370.94434,63802.99925,68418.14636,73315.2623,8700,0,,,,,,,,,
1597,58364.2127,59704.27189,64022.94031,68605.46378,8700,0,,,,,,,,,
1598,59726.00278,61097.32906,65516.76334,70206.20909,8700,0,,,,,,,,,
1599,60665.82973,62058.73471,66547.71162,71310.94881,8700,0,,,,,,,,,
1600,62525.34448,63960.94446,68587.51643,73496.75525,8700,0,,,,,,,,,
1601,64958.34548,66449.80786,71256.4101,76356.67839,8700,0,,,,,,,,,
1602,66642.36193,68172.48981,73103.7011,78336.19158,8700,0,,,,,,,,,
1603,68149.92108,69714.66296,74757.42631,80108.28428,8700,0,,,,,,,,,
1604,67626.30321,69179.02267,74183.04083,79492.78644,8700,0,,,,,,,,,
1605,65443.60307,66946.2071,71788.71605,76927.08481,8700,0,,,,,,,,,
1606,63605.18647,65065.57993,69772.05498,74766.07864,8700,0,,,,,,,,,
1607,62218.46221,63647.01608,68250.88025,73136.02391,8700,0,,,,,,,,,
1608,62426.56675,63859.89876,68479.16167,73380.64485,8700,0,,,,,,,,,
1609,58843.71625,60194.78498,64548.93434,69169.10649,8700,0,,,,,,,,,
1610,56566.0744,57864.84781,62050.46273,66491.8036,8700,0,,,,,,,,,
1611,55610.90334,56887.74575,61002.68264,65369.02733,8700,0,,,,,,,,,
1612,55399.92178,56671.92,60771.24527,65121.02454,8700,0,,,,,,,,,
1613,56073.14476,57360.60037,61509.74089,65912.3789,8700,0,,,,,,,,,
1614,57822.37369,59149.9921,63428.56707,67968.54751,8700,0,,,,,,,,,
1615,60934.35171,62333.42204,66842.26826,71626.58873,8700,0,,,,,,,,,
1616,65213.44136,66710.76082,71536.23892,76656.5363,8700,0,,,,,,,,,
1617,69904.90407,71509.94087,76682.56443,82171.21661,8700,0,,,,,,,,,
1618,69343.88492,70936.04056,76067.15143,81511.75464,8700,0,,,,,,,,,
1619,66470.69966,67996.88614,72915.39525,78134.40749,8700,0,,,,,,,,,
1620,62920.4554,64365.12724,69020.93551,73961.19684,8700,0,,,,,,,,,
1621,58813.98703,60164.37317,64516.32271,69134.16066,8700,0,,,,,,,,,
1622,60160.43299,61541.73392,65993.31392,70716.8694,8700,0,,,,,,,,,
1623,61215.34079,62620.8627,67150.50076,71956.88336,8700,0,,,,,,,,,
1624,63267.61597,64720.25872,69401.75518,74369.27417,8700,0,,,,,,,,,
1625,65386.06264,66887.34554,71725.59677,76859.44768,8700,0,,,,,,,,,
1626,66538.78917,68066.539,72990.0864,78214.44476,8700,0,,,,,,,,,
1627,67885.23513,69443.89975,74467.07761,79797.1535,8700,0,,,,,,,,,
1628,67409.56761,68957.31077,73945.29154,79238.01993,8700,0,,,,,,,,,
1629,65497.30746,67001.14457,71847.62738,76990.21278,8700,0,,,,,,,,,
1630,63601.35044,65061.65582,69767.84701,74761.5695,8700,0,,,,,,,,,
1631,62191.61001,63619.54735,68221.42459,73104.45991,8700,0,,,,,,,,,
1632,62412.18164,63845.18336,68463.38184,73363.73556,8700,0,,,,,,,,,
1633,58908.92873,60261.49477,64620.46952,69245.7619,8700,0,,,,,,,,,
1634,56675.40121,57976.68481,62170.38937,66620.31414,8700,0,,,,,,,,,
1635,55728.86121,57008.41197,61132.07717,65507.68343,8700,0,,,,,,,,,
1636,55481.43738,56755.30721,60860.66426,65216.84379,8700,0,,,,,,,,,
1637,56107.66901,57395.9173,61547.61245,65952.96118,8700,0,,,,,,,,,
1638,57769.6283,59096.03566,63370.70772,67906.54681,8700,0,,,,,,,,,
1639,60990.93313,62391.30258,66904.33556,71693.09857,8700,0,,,,,,,,,
1640,64869.15782,66358.57243,71158.57522,76251.84084,8700,0,,,,,,,,,
1641,68034.84023,69596.93983,74631.18773,79973.01003,8700,0,,,,,,,,,
1642,66442.88846,67968.43638,72884.8876,78101.71622,8700,0,,,,,,,,,
1643,63983.03526,65452.10424,70186.53826,75210.22909,8700,0,,,,,,,,,
1644,61036.96547,62438.39184,66954.83098,71747.20827,8700,0,,,,,,,,,
1645,56913.23497,58219.9793,62431.28241,66899.88093,8700,0,,,,,,,,,
1646,58069.79752,59403.09685,63699.97998,68259.38716,8700,0,,,,,,,,,
1647,58898.37965,60250.70347,64608.89765,69233.36177,8700,0,,,,,,,,,
1648,60495.12646,61884.11205,66360.45775,71110.292,8700,0,,,,,,,,,
1649,63082.5276,64530.92067,69198.72149,74151.70808,8700,0,,,,,,,,,
1650,64447.1947,65926.92092,70695.70047,75755.83525,8700,0,,,,,,,,,
1651,65903.92647,67417.09967,72293.67031,77468.18181,8700,0,,,,,,,,,
1652,65740.89527,67250.32522,72114.83235,77276.5433,8700,0,,,,,,,,,
1653,64288.95853,65765.05161,70522.12245,75569.83316,8700,0,,,,,,,,,
1654,62791.94845,64233.66973,68879.96911,73810.1406,8700,0,,,,,,,,,
1655,61571.13242,62984.82341,67540.78834,72375.10625,8700,0,,,,,,,,,
1656,61834.85937,63254.60562,67830.08503,72685.10974,8700,0,,,,,,,,,
1657,58426.54816,59768.03859,64091.31953,68678.73733,8700,0,,,,,,,,,
1658,56303.30646,57596.04665,61762.21801,66182.92741,8700,0,,,,,,,,,
1659,55385.53667,56657.2046,60755.46545,65104.11525,8700,0,,,,,,,,,
1660,55107.42461,56372.707,60450.38892,64777.20247,8700,0,,,,,,,,,
1661,55645.42759,56923.0627,61040.55421,65409.6096,8700,0,,,,,,,,,
1662,57471.3771,58790.93653,63043.53944,67555.96105,8700,0,,,,,,,,,
1663,60481.70036,61870.37768,66345.7299,71094.51,8700,0,,,,,,,,,
1664,64233.33611,65708.15207,70461.10713,75504.45058,8700,0,,,,,,,,,
1665,68254.45286,69821.59482,74872.09301,80231.15839,8700,0,,,,,,,,,
1666,67066.24307,68606.10339,73568.67982,78834.45175,8700,0,,,,,,,,,
1667,64239.09016,65714.03824,70467.41907,75511.21431,8700,0,,,,,,,,,
1668,61420.56831,62830.8023,67375.62621,72198.12244,8700,0,,,,,,,,,
1669,57656.46547,58980.27459,63246.57314,67773.52715,8700,0,,,,,,,,,
1670,58793.84788,60143.77162,64494.23096,69110.48765,8700,0,,,,,,,,,
1671,59439.25965,60804.00223,65202.21891,69869.15074,8700,0,,,,,,,,,
1672,61485.78079,62897.51208,67447.16139,72274.77785,8700,0,,,,,,,,,
1673,64390.61328,65869.04038,70633.63318,75689.32541,8700,0,,,,,,,,,
1674,65357.29243,66857.91475,71694.03713,76825.62913,8700,0,,,,,,,,,
1675,66089.01484,67606.43772,72496.704,77685.7479,8700,0,,,,,,,,,
1676,65813.7798,67324.8832,72194.78343,77362.21697,8700,0,,,,,,,,,
1677,63869.87243,65336.34316,70062.40367,75077.20942,8700,0,,,,,,,,,
1678,62246.27342,63675.46584,68281.38792,73168.7152,8700,0,,,,,,,,,
1679,60863.38519,62260.8261,66764.42115,71543.16962,8700,0,,,,,,,,,
1680,60872.97526,62270.63636,66774.94104,71554.44246,8700,0,,,,,,,,,
1681,57190.38802,58503.49585,62735.30695,67225.66642,8700,0,,,,,,,,,
1682,54916.5822,56177.48281,60241.0433,64552.87268,8700,0,,,,,,,,,
1683,53967.16518,55206.26689,59199.57513,63436.86011,8700,0,,,,,,,,,
1684,53688.09411,54920.78827,58893.44661,63108.82004,8700,0,,,,,,,,,
1685,54352.68603,55600.63941,59622.47432,63890.02884,8700,0,,,,,,,,,
1686,56024.23539,57310.56803,61456.08948,65854.88733,8700,0,,,,,,,,,
1687,58940.57597,60293.86863,64655.18512,69282.96233,8700,0,,,,,,,,,
1688,63576.41626,65036.14915,69740.49534,74732.26008,8700,0,,,,,,,,,
1689,69482.94094,71078.28934,76219.68968,81675.21102,8700,0,,,,,,,,,
1690,70833.22293,72459.5742,77700.88885,83262.4289,8700,0,,,,,,,,,
1691,70017.1079,71624.72093,76805.64703,82303.10901,8700,0,,,,,,,,,
1692,69263.32832,70853.63435,75978.78443,81417.06266,8700,0,,,,,,,,,
1693,66397.81512,67922.32814,72835.44415,78048.7338,8700,0,,,,,,,,,
1694,68043.4713,69605.76907,74640.65563,79983.1556,8700,0,,,,,,,,,
1695,68367.61569,69937.3559,74996.22759,80364.17807,8700,0,,,,,,,,,
1696,68110.60179,69674.4409,74714.29479,80062.06557,8700,0,,,,,,,,,
1697,67733.71201,69288.89762,74300.8635,79619.0424,8700,0,,,,,,,,,
1698,66567.55938,68095.96978,73021.64603,78248.26333,8700,0,,,,,,,,,
1699,66453.43754,67979.22768,72896.45947,78114.11636,8700,0,,,,,,,,,
1700,65853.0991,67365.10529,72237.91495,77408.43568,8700,0,,,,,,,,,
1701,63787.39782,65251.97491,69971.9327,74980.26288,8700,0,,,,,,,,,
1702,62096.66831,63522.42576,68117.27778,72992.85867,8700,0,,,,,,,,,
1703,61107.932,62510.98778,67032.67811,71830.6274,8700,0,,,,,,,,,
1704,61621.9598,63036.8178,67596.5437,72434.85238,8700,0,,,,,,,,,
1705,58226.11568,59563.00412,63871.45404,68443.13468,8700,0,,,,,,,,,
1706,55668.44376,56946.60732,61065.80192,65436.66444,8700,0,,,,,,,,,
1707,54403.51341,55652.6338,59678.2297,63949.77498,8700,0,,,,,,,,,
1708,53907.70674,55145.44327,59134.35188,63366.96841,8700,0,,,,,,,,,
1709,54253.9083,55499.59371,59514.11956,63773.91845,8700,0,,,,,,,,,
1710,55089.20348,56354.06751,60430.40114,64755.78405,8700,0,,,,,,,,,
1711,56248.64305,57540.12816,61702.25469,66118.67213,8700,0,,,,,,,,,
1712,56460.58362,57756.93493,61934.74404,66367.8022,8700,0,,,,,,,,,
1713,55894.76944,57178.12951,61314.0711,65702.70381,8700,0,,,,,,,,,
1714,53608.49653,54839.36311,58806.13161,63015.25536,8700,0,,,,,,,,,
1715,52319.59099,53520.86392,57392.25967,61500.18374,8700,0,,,,,,,,,
1716,50099.48957,51249.78833,54956.90736,58890.51797,8700,0,,,,,,,,,
1717,47896.65028,48996.37121,52540.49082,56301.14335,8700,0,,,,,,,,,
1718,48538.22602,49652.67772,53244.27082,57055.2973,8700,0,,,,,,,,,
1719,49463.66787,50599.36798,54259.43929,58143.12774,8700,0,,,,,,,,,
1720,51055.61964,52227.87142,56005.73943,60014.42154,8700,0,,,,,,,,,
1721,52779.9144,53991.75649,57897.21394,62041.28074,8700,0,,,,,,,,,
1722,54260.62135,55506.4609,59521.48348,63781.80945,8700,0,,,,,,,,,
1723,56632.24589,57932.53862,62123.04991,66569.5863,8700,0,,,,,,,,,
1724,57372.59937,58689.89082,62935.18468,67439.85066,8700,0,,,,,,,,,
1725,57064.75809,58374.98143,62597.49651,67077.99204,8700,0,,,,,,,,,
1726,56376.191,57670.60464,61842.16911,66268.60109,8700,0,,,,,,,,,
1727,56009.85029,57295.85264,61440.30967,65837.97806,8700,0,,,,,,,,,
1728,56979.40646,58287.67011,62503.86958,66977.66363,8700,0,,,,,,,,,
1729,53786.87185,55021.83397,59001.80139,63224.93045,8700,0,,,,,,,,,
1730,51444.97652,52626.16805,56432.84657,60472.09943,8700,0,,,,,,,,,
1731,50078.39141,51228.20575,54933.76361,58865.7177,8700,0,,,,,,,,,
1732,49742.73893,50884.84659,54565.5678,58471.16779,8700,0,,,,,,,,,
1733,50126.34177,51277.25706,54986.36303,58922.08197,8700,0,,,,,,,,,
1734,51060.41468,52232.77656,56010.99938,60020.05798,8700,0,,,,,,,,,
1735,51737.47369,52925.38104,56753.70294,60815.92149,8700,0,,,,,,,,,
1736,51118.91411,52292.61915,56075.17065,60088.82239,8700,0,,,,,,,,,
1737,49521.20829,50658.22955,54322.55857,58210.76486,8700,0,,,,,,,,,
1738,47629.0873,48722.66491,52246.98616,55986.63072,8700,0,,,,,,,,,
1739,46868.59467,47944.71115,51412.75964,55092.69337,8700,0,,,,,,,,,
1740,45482.82942,46527.12832,49892.63691,53463.76592,8700,0,,,,,,,,,
1741,44878.65495,45909.08183,49229.88445,52753.57611,8700,0,,,,,,,,,
1742,45324.59325,46365.25901,49719.05889,53277.76383,8700,0,,,,,,,,,
1743,45902.87453,46956.81779,50353.40768,53957.51695,8700,0,,,,,,,,,
1744,47249.32049,48334.17855,51830.39889,55540.22569,8700,0,,,,,,,,,
1745,49444.48773,50579.74746,54238.39952,58120.58203,8700,0,,,,,,,,,
1746,52327.26305,53528.71214,57400.67558,61509.20202,8700,0,,,,,,,,,
1747,55400.88078,56672.90102,60772.29725,65122.15181,8700,0,,,,,,,,,
1748,56505.65696,57803.04318,61984.18749,66420.78464,8700,0,,,,,,,,,
1749,56342.62575,57636.26871,61805.34952,66229.14611,8700,0,,,,,,,,,
1750,55840.10603,57122.211,61254.10779,65638.44854,8700,0,,,,,,,,,
1751,55534.18277,56809.26365,60918.5236,65278.84449,8700,0,,,,,,,,,
1752,54947.27043,56208.87564,60274.70693,64588.94581,8700,0,,,,,,,,,
1753,52003.11865,53197.12529,57045.10363,61128.17955,8700,0,,,,,,,,,
1754,50018.93297,51167.38213,54868.54035,58795.826,8700,0,,,,,,,,,
1755,48964.02517,50088.25334,53711.35352,57555.81203,8700,0,,,,,,,,,
1756,48889.22262,50011.7333,53629.29845,57467.88378,8700,0,,,,,,,,,
1757,49750.41099,50892.6948,54573.98371,58480.18608,8700,0,,,,,,,,,
1758,51894.75085,53086.26932,56926.22897,61000.79629,8700,0,,,,,,,,,
1759,55454.58518,56727.83848,60831.20859,65185.2798,8700,0,,,,,,,,,
1760,60168.10505,61549.58213,66001.72984,70725.88767,8700,0,,,,,,,,,
1761,64955.46846,66446.86479,71253.25414,76353.29652,8700,0,,,,,,,,,
1762,64819.28945,66307.55907,71103.87183,76193.22199,8700,0,,,,,,,,,
1763,62533.97554,63969.77369,68596.98432,73506.90082,8700,0,,,,,,,,,
1764,60246.74363,61630.02628,66087.99285,70818.32508,8700,0,,,,,,,,,
1765,57476.17213,58795.84165,63048.79939,67561.59748,8700,0,,,,,,,,,
1766,59293.49058,60654.88626,65042.31674,69697.80337,8700,0,,,,,,,,,
1767,60076.99937,61456.38464,65901.79096,70618.79555,8700,0,,,,,,,,,
1768,61408.10122,62818.04897,67361.95036,72183.46774,8700,0,,,,,,,,,
1769,63995.50236,65464.85759,70200.2141,75224.88382,8700,0,,,,,,,,,
1770,65052.32817,66545.94842,71359.50492,76467.15235,8700,0,,,,,,,,,
1771,65423.46392,66925.60556,71766.6243,76903.41181,8700,0,,,,,,,,,
1772,64909.43612,66399.77553,71202.75871,76299.18683,8700,0,,,,,,,,,
1773,62904.15228,64348.44979,69003.05171,73942.03299,8700,0,,,,,,,,,
1774,61208.62774,62613.99553,67143.13684,71948.99235,8700,0,,,,,,,,,
1775,59913.00916,61288.62916,65721.90101,70426.02975,8700,0,,,,,,,,,
1776,60013.7049,61391.6369,65832.35974,70544.39472,8700,0,,,,,,,,,
1777,56611.14774,57910.95605,62099.90617,66544.78602,8700,0,,,,,,,,,
1778,54500.37312,55751.71743,59784.48048,64063.6308,8700,0,,,,,,,,,
1779,53526.02192,54754.99485,58715.66064,62918.30882,8700,0,,,,,,,,,
1780,53161.59922,54382.2049,58315.90518,62489.94035,8700,0,,,,,,,,,
1781,53820.43709,55056.16988,59038.62097,63264.38543,8700,0,,,,,,,,,
1782,55560.07596,56835.75136,60946.92727,65309.2812,8700,0,,,,,,,,,
1783,58470.66249,59813.1658,64139.71099,68730.59247,8700,0,,,,,,,,,
1784,62141.74164,63568.53398,68166.72121,73045.84108,8700,0,,,,,,,,,
1785,65066.71328,66560.66382,71375.28475,76484.06163,8700,0,,,,,,,,,
1786,63538.05597,64996.9081,69698.4158,74687.16865,8700,0,,,,,,,,,
1787,61345.76576,62754.28227,67293.57115,72110.19417,8700,0,,,,,,,,,
1788,58861.93738,60213.42447,64568.92211,69190.52492,8700,0,,,,,,,,,
1789,55231.13653,56499.25938,60586.09538,64922.62229,8700,0,,,,,,,,,
1790,56732.94164,58035.54637,62233.50865,66687.95128,8700,0,,,,,,,,,
1791,57662.21951,58986.16073,63252.88506,67780.29086,8700,0,,,,,,,,,
1792,59309.7937,60671.5637,65060.20053,69716.96721,8700,0,,,,,,,,,
1793,61904.86689,63326.22052,67906.88017,72767.40158,8700,0,,,,,,,,,
1794,63946.59299,65414.82525,70146.56271,75167.39225,8700,0,,,,,,,,,
1795,65663.21569,67170.86209,72029.62131,77185.23317,8700,0,,,,,,,,,
1796,65737.05924,67246.40112,72110.62439,77272.03415,8700,0,,,,,,,,,
1797,63971.52718,65440.33193,70173.9144,75196.70168,8700,0,,,,,,,,,
1798,62284.6337,63714.70689,68323.46743,73213.80661,8700,0,,,,,,,,,
1799,60973.671,62373.64412,66885.39978,71672.80742,8700,0,,,,,,,,,
1800,61095.4649,62498.23442,67019.00226,71815.97267,8700,0,,,,,,,,,
1801,57592.21199,58914.54582,63176.08994,67697.99901,8700,0,,,,,,,,,
1802,55572.54305,56848.5047,60960.60312,65323.9359,8700,0,,,,,,,,,
1803,54698.88759,55954.78985,60002.24201,64296.97888,8700,0,,,,,,,,,
1804,54493.66007,55744.85026,59777.11657,64055.7398,8700,0,,,,,,,,,
1805,55217.71043,56485.52502,60571.36754,64906.84031,8700,0,,,,,,,,,
1806,56906.52192,58213.11211,62423.91848,66891.98994,8700,0,,,,,,,,,
1807,59886.15696,61261.16043,65692.44533,70394.46576,8700,0,,,,,,,,,
1808,63040.33129,64487.75551,69152.43401,74102.10753,8700,0,,,,,,,,,
1809,64824.08448,66312.4642,71109.13177,76198.85842,8700,0,,,,,,,,,
1810,63112.25682,64561.33248,69231.33312,74186.65393,8700,0,,,,,,,,,
1811,61272.88122,62679.72429,67213.62006,72024.52049,8700,0,,,,,,,,,
1812,58791.92987,60141.80958,64492.12699,69108.23308,8700,0,,,,,,,,,
1813,55438.28206,56711.16104,60813.32479,65166.11595,8700,0,,,,,,,,,
1814,56869.12064,58174.85208,62382.89095,66848.0258,8700,0,,,,,,,,,
1815,57901.97128,59231.41727,63515.88207,68062.11221,8700,0,,,,,,,,,
1816,59711.61767,61082.61366,65500.98351,70189.29982,8700,0,,,,,,,,,
1817,62146.53668,63573.43912,68171.98115,73051.47751,8700,0,,,,,,,,,
1818,63246.51782,64698.67615,69378.61144,74344.4739,8700,0,,,,,,,,,
1819,64600.63583,66083.8851,70864.01856,75936.20091,8700,0,,,,,,,,,
1820,64909.43612,66399.77553,71202.75871,76299.18683,8700,0,,,,,,,,,
1821,63338.5825,64792.85466,69479.60229,74452.6933,8700,0,,,,,,,,,
1822,62050.63597,63475.3365,68066.78235,72938.74896,8700,0,,,,,,,,,
1823,60798.17271,62194.11633,66692.88597,71466.51421,8700,0,,,,,,,,,
1824,60809.68079,62205.88863,66705.50982,71480.04162,8700,0,,,,,,,,,
1825,57113.66745,58425.01376,62651.1479,67135.48358,8700,0,,,,,,,,,
1826,55092.0805,56357.01059,60433.55711,64759.16591,8700,0,,,,,,,,,
1827,54252.94929,55498.61268,59513.06757,63772.79116,8700,0,,,,,,,,,
1828,54096.63114,55338.70542,59341.59353,63589.04364,8700,0,,,,,,,,,
1829,54712.31369,55968.52423,60016.96985,64312.76088,8700,0,,,,,,,,,
1830,56465.37866,57761.84007,61940.00399,66373.43865,8700,0,,,,,,,,,
1831,59289.65455,60650.96216,65038.10877,69693.29422,8700,0,,,,,,,,,
1832,62420.81271,63854.01261,68472.84974,73373.88114,8700,0,,,,,,,,,
1833,64990.95172,66483.16275,71292.17769,76395.00609,8700,0,,,,,,,,,
1834,63446.9503,64903.71061,69598.47695,74580.07654,8700,0,,,,,,,,,
1835,61745.67171,63163.37018,67732.25015,72580.2722,8700,0,,,,,,,,,
1836,59400.89937,60764.76119,65160.13938,69824.05933,8700,0,,,,,,,,,
1837,55692.41894,56971.13298,61092.10163,65464.84659,8700,0,,,,,,,,,
1838,57036.94688,58346.53166,62566.98885,67045.30075,8700,0,,,,,,,,,
1839,58155.14916,59490.40819,63793.60692,68359.71557,8700,0,,,,,,,,,
1840,59827.65753,61201.31783,65628.27407,70325.70135,8700,0,,,,,,,,,
1841,62350.80519,63782.39769,68396.05461,73291.5893,8700,0,,,,,,,,,
1842,64038.65767,65509.00376,70247.55356,75275.61164,8700,0,,,,,,,,,
1843,65290.16193,66789.24291,71620.39796,76746.71914,8700,0,,,,,,,,,
1844,65118.49966,66613.63924,71432.0921,76544.93504,8700,0,,,,,,,,,
1845,63351.04959,64805.608,69493.27814,74467.348,8700,0,,,,,,,,,
1846,61852.1215,63272.26409,67849.02082,72705.40087,8700,0,,,,,,,,,
1847,60479.78235,61868.41563,66343.62594,71092.25543,8700,0,,,,,,,,,
1848,60335.93129,61721.2617,66185.82773,70923.16263,8700,0,,,,,,,,,
1849,56668.68816,57969.81761,62163.02546,66612.42314,8700,0,,,,,,,,,
1850,54572.29865,55825.2944,59863.37958,64148.1772,8700,0,,,,,,,,,
1851,53438.75227,54665.72147,58619.92972,62815.72583,8700,0,,,,,,,,,
1852,53269.00801,54492.07983,58433.72784,62616.1963,8700,0,,,,,,,,,
1853,53842.49426,55078.73349,59062.8167,63290.313,8700,0,,,,,,,,,
1854,55350.05341,56620.90663,60716.54189,65062.40569,8700,0,,,,,,,,,
1855,58071.71554,59405.05891,63702.08397,68261.64174,8700,0,,,,,,,,,
1856,61367.82292,62776.84586,67317.76687,72136.12174,8700,0,,,,,,,,,
1857,64607.34888,66090.75228,70871.38248,75944.09191,8700,0,,,,,,,,,
1858,63102.66675,64551.52222,69220.81324,74175.38107,8700,0,,,,,,,,,
1859,60259.21072,61642.77961,66101.66869,70832.97978,8700,0,,,,,,,,,
1860,57948.00362,59278.50652,63566.3775,68116.2219,8700,0,,,,,,,,,
1861,55140.98986,56407.04292,60487.2085,64816.65746,8700,0,,,,,,,,,
1862,57082.97923,58393.62094,62617.48429,67099.41046,8700,0,,,,,,,,,
1863,58055.41242,59388.38147,63684.20017,68242.47787,8700,0,,,,,,,,,
1864,59705.86363,61076.72751,65494.67159,70182.53611,8700,0,,,,,,,,,
1865,61596.06661,63010.3301,67568.14002,72404.41567,8700,0,,,,,,,,,
1866,62299.01881,63729.42228,68339.24725,73230.71589,8700,0,,,,,,,,,
1867,63122.8059,64572.12376,69242.90498,74199.05407,8700,0,,,,,,,,,
1868,63139.10902,64588.80122,69260.78878,74218.21792,8700,0,,,,,,,,,
1869,61777.31895,63195.74405,67766.96576,72617.47262,8700,0,,,,,,,,,
1870,60381.00462,61767.36994,66235.27117,70976.14504,8700,0,,,,,,,,,
1871,59297.3266,60658.81036,65046.52467,69702.3125,8700,0,,,,,,,,,
1872,59343.35894,60705.89962,65097.0201,69756.4222,8700,0,,,,,,,,,
1873,55728.86121,57008.41197,61132.07717,65507.68343,8700,0,,,,,,,,,
1874,53544.24305,54773.63435,58735.64842,62939.72723,8700,0,,,,,,,,,
1875,52310.95993,53512.03469,57382.79178,61490.03817,8700,0,,,,,,,,,
1876,51868.85766,53059.78162,56897.8253,60970.35959,8700,0,,,,,,,,,
1877,52014.62674,53208.8976,57057.72748,61141.70698,8700,0,,,,,,,,,
1878,52972.67482,54188.94274,58108.66353,62267.86512,8700,0,,,,,,,,,
1879,54141.70447,55384.81365,59391.03696,63642.02605,8700,0,,,,,,,,,
1880,55185.10419,56452.17013,60535.59995,64868.5126,8700,0,,,,,,,,,
1881,57095.44632,58406.37427,62631.16014,67114.06517,8700,0,,,,,,,,,
1882,58038.15029,59370.72299,63665.26438,68222.18674,8700,0,,,,,,,,,
1883,58940.57597,60293.86863,64655.18512,69282.96233,8700,0,,,,,,,,,
1884,58737.26646,60085.89108,64432.16366,69043.97781,8700,0,,,,,,,,,
1885,57209.56816,58523.11638,62756.3467,67248.21212,8700,0,,,,,,,,,
1886,57738.94008,59064.64283,63337.04411,67870.47369,8700,0,,,,,,,,,
1887,57461.78703,58781.12627,63033.01957,67544.68821,8700,0,,,,,,,,,
1888,56767.46589,58070.86331,62271.38022,66728.53355,8700,0,,,,,,,,,
1889,56380.98603,57675.50976,61847.42903,66274.23752,8700,0,,,,,,,,,
1890,56208.36476,57498.92506,61658.0712,66071.32614,8700,0,,,,,,,,,
1891,57202.85511,58516.24919,62748.98279,67240.32113,8700,0,,,,,,,,,
1892,57359.17327,58676.15646,62920.45685,67424.06866,8700,0,,,,,,,,,
1893,56659.09809,57960.00736,62152.50557,66601.15029,8700,0,,,,,,,,,
1894,55775.85256,57056.48226,61183.62459,65562.92043,8700,0,,,,,,,,,
1895,55222.50546,56490.43015,60576.62748,64912.47673,8700,0,,,,,,,,,
1896,56087.52986,57375.31575,61525.5207,65929.28819,8700,0,,,,,,,,,
1897,52942.9456,54158.53093,58076.0519,62232.91926,8700,0,,,,,,,,,
1898,50532.96078,51693.21216,55432.40596,59400.051,8700,0,,,,,,,,,
1899,49205.69496,50335.47194,53976.4545,57839.88796,8700,0,,,,,,,,,
1900,48759.75666,49879.29477,53487.28006,57315.70023,8700,0,,,,,,,,,
1901,49124.17936,50252.08471,53887.03551,57744.0687,8700,0,,,,,,,,,
1902,50063.0473,51212.50934,54916.93181,58847.68113,8700,0,,,,,,,,,
1903,50617.3534,51779.54247,55524.9809,59499.25211,8700,0,,,,,,,,,
1904,50454.3222,51612.76801,55346.14295,59307.61359,8700,0,,,,,,,,,
1905,49634.37113,50773.99064,54446.69315,58343.78455,8700,0,,,,,,,,,
1906,48755.92063,49875.37066,53483.07211,57311.1911,8700,0,,,,,,,,,
1907,48870.04248,49992.11278,53608.25869,57445.33806,8700,0,,,,,,,,,
1908,47882.26517,48981.65581,52524.711,56284.23407,8700,0,,,,,,,,,
1909,46486.90985,47554.26273,50994.0684,54644.03378,8700,0,,,,,,,,,
1910,46039.05354,47096.12352,50502.78999,54117.59149,8700,0,,,,,,,,,
1911,45888.48942,46942.1024,50337.62785,53940.60767,8700,0,,,,,,,,,
1912,46874.34872,47950.59732,51419.07157,55099.45709,8700,0,,,,,,,,,
1913,49512.57723,50649.40031,54313.09068,58200.6193,8700,0,,,,,,,,,
1914,52654.28447,53863.24206,57759.40351,61893.60636,8700,0,,,,,,,,,
1915,55686.6649,56965.24682,61085.7897,65458.08287,8700,0,,,,,,,,,
1916,57135.72462,58447.57737,62675.34364,67161.41116,8700,0,,,,,,,,,
1917,56849.9405,58155.23156,62361.85119,66825.48009,8700,0,,,,,,,,,
1918,56317.69156,57610.76203,61777.99782,66199.83667,8700,0,,,,,,,,,
1919,55840.10603,57122.211,61254.10779,65638.44854,8700,0,,,,,,,,,
1920,55398.96277,56670.93897,60770.19329,65119.89725,8700,0,,,,,,,,,
1921,52490.29425,53695.48657,57579.51354,61700.84054,8700,0,,,,,,,,,
1922,50358.42149,51514.6654,55240.94414,59194.88505,8700,0,,,,,,,,,
1923,49284.33354,50415.91609,54062.71752,57932.32537,8700,0,,,,,,,,,
1924,49218.16205,50348.22527,53990.13035,57854.54267,8700,0,,,,,,,,,
1925,50076.4734,51226.2437,54931.65965,58863.46313,8700,0,,,,,,,,,
1926,52249.58347,53449.24901,57315.46455,61417.8919,8700,0,,,,,,,,,
1927,55940.80178,57225.21875,61364.56653,65756.81351,8700,0,,,,,,,,,
1928,59913.96817,61289.6102,65722.95299,70427.15705,8700,0,,,,,,,,,
1929,63342.41852,64796.77876,69483.81024,74457.20243,8700,0,,,,,,,,,
1930,62520.54945,63956.03933,68582.2565,73491.11883,8700,0,,,,,,,,,
1931,61468.51866,62879.85361,67428.2256,72254.4867,8700,0,,,,,,,,,
1932,59464.19384,60829.50892,65229.5706,69898.46017,8700,0,,,,,,,,,
1933,56441.40348,57737.31441,61913.70429,66345.2565,8700,0,,,,,,,,,
1934,57986.36391,59317.74758,63608.45704,68161.31333,8700,0,,,,,,,,,
1935,59028.80462,60384.12304,64751.96803,69386.67259,8700,0,,,,,,,,,
1936,60506.63455,61895.88436,66373.0816,71123.81943,8700,0,,,,,,,,,
1937,62960.7337,64406.33034,69065.119,74008.54284,8700,0,,,,,,,,,
1938,64553.64448,66035.81481,70812.47114,75880.96393,8700,0,,,,,,,,,
1939,66049.69555,67566.21565,72453.57249,77639.52919,8700,0,,,,,,,,,
1940,65998.86817,67514.22126,72397.81711,77579.78306,8700,0,,,,,,,,,
1941,64146.06647,65618.8787,70365.37622,75401.86763,8700,0,,,,,,,,,
1942,62426.56675,63859.89876,68479.16167,73380.64485,8700,0,,,,,,,,,
1943,61300.69242,62708.17404,67244.1277,72057.21176,8700,0,,,,,,,,,
1944,61457.96959,62869.06234,67416.65375,72242.08657,8700,0,,,,,,,,,
1945,58003.62604,59335.40606,63627.39282,68181.60446,8700,0,,,,,,,,,
1946,55795.99171,57077.08381,61205.71634,65586.59342,8700,0,,,,,,,,,
1947,54849.4517,56108.81097,60167.40413,64473.96269,8700,0,,,,,,,,,
1948,54631.75709,55886.11801,59928.60284,64218.0689,8700,0,,,,,,,,,
1949,55298.26702,56567.93121,60659.73453,65001.53227,8700,0,,,,,,,,,
1950,57023.52079,58332.79731,62552.26104,67029.51876,8700,0,,,,,,,,,
1951,59959.0415,61335.71842,65772.39643,70480.13945,8700,0,,,,,,,,,
1952,62755.50618,64196.39074,68839.99357,73767.30375,8700,0,,,,,,,,,
1953,65124.2537,66619.52539,71438.40402,76551.69875,8700,0,,,,,,,,,
1954,63511.20377,64969.43937,69668.96014,74655.60466,8700,0,,,,,,,,,
1955,61434.95342,62845.5177,67391.40603,72215.03172,8700,0,,,,,,,,,
1956,58948.24802,60301.71683,64663.60103,69291.98061,8700,0,,,,,,,,,
1957,55241.68561,56510.05068,60597.66725,64935.02244,8700,0,,,,,,,,,
1958,56598.68064,57898.20271,62086.23032,66530.13131,8700,0,,,,,,,,,
1959,57632.49029,58955.74893,63220.27344,67745.345,8700,0,,,,,,,,,
1960,59245.54022,60605.83495,64989.71732,69641.43909,8700,0,,,,,,,,,
1961,61742.79469,63160.4271,67729.09419,72576.89033,8700,0,,,,,,,,,
1962,63512.16278,64970.42039,69670.01213,74656.73195,8700,0,,,,,,,,,
1963,64970.81257,66462.5612,71270.08595,76371.33309,8700,0,,,,,,,,,
1964,65288.24392,66787.28086,71618.29398,76744.46457,8700,0,,,,,,,,,
1965,63562.03115,65021.43376,69724.71552,74715.3508,8700,0,,,,,,,,,
1966,62100.50434,63526.34986,68121.48573,72997.3678,8700,0,,,,,,,,,
1967,60715.6981,62109.74807,66602.41499,71369.56765,8700,0,,,,,,,,,
1968,60752.14037,62147.02708,66642.39054,71412.40451,8700,0,,,,,,,,,
1969,57305.46887,58621.219,62861.54551,67360.94068,8700,0,,,,,,,,,
1970,55160.17,56426.66344,60508.24825,64839.20316,8700,0,,,,,,,,,
1971,54275.96546,55522.15731,59538.31528,63799.846,8700,0,,,,,,,,,
1972,54083.20504,55324.97106,59326.86569,63573.26164,8700,0,,,,,,,,,
1973,54774.64915,56032.29092,60085.34907,64386.03443,8700,0,,,,,,,,,
1974,56453.87057,57750.06776,61927.38013,66359.91121,8700,0,,,,,,,,,
1975,59032.64065,60388.04713,64756.17599,69391.18173,8700,0,,,,,,,,,
1976,62054.472,63479.26062,68070.99031,72943.2581,8700,0,,,,,,,,,
1977,65400.44775,66902.06094,71741.37659,76876.35696,8700,0,,,,,,,,,
1978,64665.84831,66150.59488,70935.55374,76012.85632,8700,0,,,,,,,,,
1979,63091.15867,64539.7499,69208.18939,74161.85365,8700,0,,,,,,,,,
1980,60890.23739,62288.29483,66793.87682,71574.7336,8700,0,,,,,,,,,
1981,56932.41511,58239.59981,62452.32216,66922.42664,8700,0,,,,,,,,,
1982,58323.9344,59663.06879,63978.75681,68558.1178,8700,0,,,,,,,,,
1983,58579.03029,59924.02175,64258.58563,68857.97572,8700,0,,,,,,,,,
1984,59665.58533,61035.52442,65450.4881,70135.19011,8700,0,,,,,,,,,
1985,61757.1798,63175.1425,67744.87401,72593.79963,8700,0,,,,,,,,,
1986,62880.17711,64323.92416,68976.75202,73913.85087,8700,0,,,,,,,,,
1987,64123.0503,65595.33406,70340.12852,75374.81277,8700,0,,,,,,,,,
1988,64523.91526,66005.40301,70779.85951,75846.01808,8700,0,,,,,,,,,
1989,63181.30533,64631.96636,69307.07625,74267.81848,8700,0,,,,,,,,,
1990,61703.4754,63120.20503,67685.96267,72530.67163,8700,0,,,,,,,,,
1991,60497.04448,61886.07411,66362.56172,71112.54658,8700,0,,,,,,,,,
1992,60468.27427,61856.64332,66331.00208,71078.72802,8700,0,,,,,,,,,
1993,56826.92433,58131.68694,62336.60348,66798.42524,8700,0,,,,,,,,,
1994,54720.94475,55977.35346,60026.43774,64322.90644,8700,0,,,,,,,,,
1995,53657.40589,54889.39544,58859.783,63072.74691,8700,0,,,,,,,,,
1996,53417.65411,54644.13888,58596.78598,62790.92555,8700,0,,,,,,,,,
1997,54055.39383,55296.52129,59296.35803,63540.57036,8700,0,,,,,,,,,
1998,55663.64873,56941.70218,61060.54199,65431.02802,8700,0,,,,,,,,,
1999,58372.84377,59713.10113,64032.40822,68615.60935,8700,0,,,,,,,,,
2000,60928.59767,62327.53588,66835.95634,71619.82501,8700,0,,,,,,,,,
2001,62792.90746,64234.65076,68881.0211,73811.26789,8700,0,,,,,,,,,
2002,60768.44349,62163.70452,66660.27434,71431.56835,8700,0,,,,,,,,,
2003,59024.00958,60379.2179,64746.70809,69381.03615,8700,0,,,,,,,,,
2004,56851.85852,58157.19362,62363.95518,66827.73466,8700,0,,,,,,,,,
2005,53573.97227,54804.04615,58768.26003,62974.67308,8700,0,,,,,,,,,
2006,55089.20348,56354.06751,60430.40114,64755.78405,8700,0,,,,,,,,,
2007,56304.26547,57597.02768,61763.27,66184.0547,8700,0,,,,,,,,,
2008,58206.93554,59543.38361,63850.41427,68420.58898,8700,0,,,,,,,,,
2009,60800.09072,62196.07838,66694.98995,71468.76877,8700,0,,,,,,,,,
2010,62537.81157,63973.6978,68601.19228,73511.40996,8700,0,,,,,,,,,
2011,64024.27257,65494.28837,70231.77374,75258.70238,8700,0,,,,,,,,,
2012,64664.88931,66149.61386,70934.50176,76011.72904,8700,0,,,,,,,,,
2013,63145.82207,64595.66839,69268.1527,74226.10893,8700,0,,,,,,,,,
2014,61575.92746,62989.72855,67546.04827,72380.74268,8700,0,,,,,,,,,
2015,60340.72632,61726.16683,66191.08767,70928.79905,8700,0,,,,,,,,,
2016,60161.392,61542.71495,65994.3659,70717.99668,8700,0,,,,,,,,,
2017,56547.85327,57846.20833,62030.47496,66470.38519,8700,0,,,,,,,,,
2018,54285.55553,55531.96758,59548.83516,63811.11886,8700,0,,,,,,,,,
2019,53347.6466,54572.52398,58519.99086,62708.63372,8700,0,,,,,,,,,
2020,53089.67369,54308.62794,58237.00607,62405.39394,8700,0,,,,,,,,,
2021,53666.03695,54898.22467,58869.25089,63082.89248,8700,0,,,,,,,,,
2022,55353.88944,56624.83074,60720.74986,65066.91484,8700,0,,,,,,,,,
2023,58180.08334,59515.91488,63820.95861,68389.02498,8700,0,,,,,,,,,
2024,60979.42505,62379.53027,66891.71171,71679.57115,8700,0,,,,,,,,,
2025,63312.6893,64766.36694,69451.19861,74422.25658,8700,0,,,,,,,,,
2026,61132.86618,62536.49445,67060.02979,71859.93681,8700,0,,,,,,,,,
2027,58995.23937,60349.78711,64715.14845,69347.2176,8700,0,,,,,,,,,
2028,57848.26689,59176.47981,63456.97076,67998.98423,8700,0,,,,,,,,,
2029,55571.58405,56847.52368,60959.55114,65322.80863,8700,0,,,,,,,,,
2030,57253.68249,58568.24359,62804.73816,67300.06727,8700,0,,,,,,,,,
2031,57620.9822,58943.9766,63207.64958,67731.81758,8700,0,,,,,,,,,
2032,58627.93965,59974.05408,64312.23702,68915.46727,8700,0,,,,,,,,,
2033,60069.32731,61448.53643,65893.37505,70609.77728,8700,0,,,,,,,,,
2034,60990.93313,62391.30258,66904.33556,71693.09857,8700,0,,,,,,,,,
2035,62074.61115,63499.86215,68093.08205,72966.9311,8700,0,,,,,,,,,
2036,62405.46859,63838.31619,68456.01792,73355.84456,8700,0,,,,,,,,,
2037,61147.25129,62551.20985,67075.80962,71876.84609,8700,0,,,,,,,,,
2038,59926.43526,61302.36353,65736.62884,70441.81175,8700,0,,,,,,,,,
2039,58842.75724,60193.80396,64547.88235,69167.97921,8700,0,,,,,,,,,
2040,58891.6666,60243.83629,64601.53373,69225.47077,8700,0,,,,,,,,,
2041,55205.24334,56472.77168,60557.6917,64892.18559,8700,0,,,,,,,,,
2042,52883.48716,54097.70731,58010.82864,62163.02756,8700,0,,,,,,,,,
2043,51776.79298,52965.60311,56796.83445,60862.1402,8700,0,,,,,,,,,
2044,51520.73808,52703.66912,56515.95364,60561.15498,8700,0,,,,,,,,,
2045,51772.95695,52961.679,56792.62649,60857.63105,8700,0,,,,,,,,,
2046,52557.42475,53764.15841,57653.15271,61779.75052,8700,0,,,,,,,,,
2047,53542.32504,54771.6723,58733.54444,62937.47266,8700,0,,,,,,,,,
2048,53813.72404,55049.3027,59031.25704,63256.49442,8700,0,,,,,,,,,
2049,54660.52731,55915.54882,59960.1625,64251.88747,8700,0,,,,,,,,,
2050,54906.99213,56167.67253,60230.52341,64541.59982,8700,0,,,,,,,,,
2051,55775.85256,57056.48226,61183.62459,65562.92043,8700,0,,,,,,,,,
2052,55901.48249,57184.99668,61321.43502,65710.59481,8700,0,,,,,,,,,
2053,54953.98348,56215.74282,60282.07084,64596.83681,8700,0,,,,,,,,,
2054,56249.60206,57541.10918,61703.30667,66119.79942,8700,0,,,,,,,,,
2055,56247.68405,57539.14714,61701.2027,66117.54485,8700,0,,,,,,,,,
2056,56174.79951,57464.58914,61621.25162,66031.87115,8700,0,,,,,,,,,
2057,56300.42944,57593.10358,61759.06205,66179.54555,8700,0,,,,,,,,,
2058,56145.07029,57434.17733,61588.63998,65996.92531,8700,0,,,,,,,,,
2059,56729.10561,58031.62227,62229.30071,66683.44214,8700,0,,,,,,,,,
2060,56934.33313,58241.56187,62454.42614,66924.68122,8700,0,,,,,,,,,
2061,56119.1771,57407.68963,61560.2363,65966.48861,8700,0,,,,,,,,,
2062,55277.16887,56546.34864,60636.59081,64976.73199,8700,0,,,,,,,,,
2063,54789.99326,56047.98734,60102.18087,64404.07099,8700,0,,,,,,,,,
2064,55192.77624,56460.01833,60544.01585,64877.53087,8700,0,,,,,,,,,
2065,51922.56206,53114.7191,56956.73664,61033.48757,8700,0,,,,,,,,,
2066,49341.87397,50474.77766,54125.83681,57999.9625,8700,0,,,,,,,,,
2067,48088.4517,49192.57645,52750.88844,56526.60045,8700,0,,,,,,,,,
2068,47702.93084,48798.20392,52327.98924,56073.43169,8700,0,,,,,,,,,
2069,48003.10006,49105.26511,52657.2615,56426.27203,8700,0,,,,,,,,,
2070,48668.65099,49786.09728,53387.3412,57208.60812,8700,0,,,,,,,,,
2071,49249.80929,50380.59915,54024.84596,57891.74309,8700,0,,,,,,,,,
2072,49502.02815,50638.60902,54301.5188,58188.21915,8700,0,,,,,,,,,
2073,49748.49297,50890.73274,54571.87973,58477.9315,8700,0,,,,,,,,,
2074,49954.6795,51101.65338,54798.05716,58720.29788,8700,0,,,,,,,,,
2075,50525.28872,51685.36395,55423.99005,59391.03271,8700,0,,,,,,,,,
2076,50134.01383,51285.10527,54994.77894,58931.10026,8700,0,,,,,,,,,
2077,49099.24517,50226.57802,53859.68383,57714.75927,8700,0,,,,,,,,,
2078,48785.64985,49905.78247,53515.68374,57346.13693,8700,0,,,,,,,,,
2079,48353.13765,49463.33967,53041.23713,56837.73121,8700,0,,,,,,,,,
2080,48268.74503,49377.00937,52948.66218,56738.5301,8700,0,,,,,,,,,
2081,49547.10148,50684.71725,54350.96224,58241.20156,8700,0,,,,,,,,,
2082,51792.13709,52981.29952,56813.66626,60880.17675,8700,0,,,,,,,,,
2083,54052.51681,55293.57822,59293.20207,63537.18851,8700,0,,,,,,,,,
2084,55504.45355,56778.85185,60885.91197,65243.89864,8700,0,,,,,,,,,
2085,55246.48064,56514.9558,60602.92718,64940.65886,8700,0,,,,,,,,,
2086,54481.19298,55732.09691,59763.44073,64041.0851,8700,0,,,,,,,,,
2087,54140.74546,55383.83262,59389.98498,63640.89876,8700,0,,,,,,,,,
2088,53498.21071,54726.54508,58685.15298,62885.61753,8700,0,,,,,,,,,
2089,50447.60915,51605.90084,55338.77902,59299.7226,8700,0,,,,,,,,,
2090,48153.66418,49259.28623,52822.42362,56603.25585,8700,0,,,,,,,,,
2091,47159.17382,48241.96208,51731.51201,55434.26085,8700,0,,,,,,,,,
2092,47055.60106,48136.01126,51617.89731,55312.51403,8700,0,,,,,,,,,
2093,47821.84772,48919.85116,52458.43576,56213.21509,8700,0,,,,,,,,,
2094,49953.72049,51100.67235,54797.00517,58719.17059,8700,0,,,,,,,,,
2095,53229.68872,54451.85776,58390.59633,62569.9776,8700,0,,,,,,,,,
2096,57412.87767,58731.09393,62979.36819,67487.19665,8700,0,,,,,,,,,
2097,61659.36108,63075.07783,67637.57123,72478.81651,8700,0,,,,,,,,,
2098,60860.50817,62257.88302,66761.26519,71539.78775,8700,0,,,,,,,,,
2099,59316.50675,60678.43089,65067.56445,69724.85822,8700,0,,,,,,,,,
2100,57255.6005,58570.20563,62806.84213,67302.32183,8700,0,,,,,,,,,
2101,54397.75936,55646.74763,59671.91776,63943.01126,8700,0,,,,,,,,,
2102,56279.33128,57571.52099,61735.9183,66154.74526,8700,0,,,,,,,,,
2103,58427.50717,59769.01962,64092.37153,68679.86462,8700,0,,,,,,,,,
2104,59783.5432,61156.19063,65579.88261,70273.84622,8700,0,,,,,,,,,
2105,61718.81952,63135.90145,67702.79449,72548.70821,8700,0,,,,,,,,,
2106,62687.41668,64126.73788,68765.30242,73687.26649,8700,0,,,,,,,,,
2107,63460.3764,64917.44499,69613.20478,74595.85854,8700,0,,,,,,,,,
2108,64079.89498,65551.18789,70292.78906,75324.08493,8700,0,,,,,,,,,
2109,62371.90335,63803.98028,68419.19835,73316.38959,8700,0,,,,,,,,,
2110,60796.25469,62192.15427,66690.78199,71464.25963,8700,0,,,,,,,,,
2111,59454.60377,60819.69865,65219.05072,69887.18731,8700,0,,,,,,,,,
2112,59110.32022,60467.51026,64841.38701,69482.49185,8700,0,,,,,,,,,
2113,55379.78263,56651.31844,60749.15353,65097.35154,8700,0,,,,,,,,,
2114,53402.31,54628.44247,58579.95418,62772.88899,8700,0,,,,,,,,,
2115,52584.27695,53791.62714,57682.60839,61811.31451,8700,0,,,,,,,,,
2116,52380.96745,53583.64961,57459.58692,61572.33001,8700,0,,,,,,,,,
2117,52956.3717,54172.2653,58090.77974,62248.70126,8700,0,,,,,,,,,
2118,54604.9049,55858.64929,59899.14719,64186.50492,8700,0,,,,,,,,,
2119,57269.0266,58583.94,62821.56997,67318.10382,8700,0,,,,,,,,,
2120,59965.75455,61342.58561,65779.76034,70488.03046,8700,0,,,,,,,,,
2121,62362.31328,63794.17001,68408.67847,73305.11673,8700,0,,,,,,,,,
2122,60976.54802,62376.58718,66888.55573,71676.18928,8700,0,,,,,,,,,
2123,58686.43909,60033.8967,64376.4083,68984.23169,8700,0,,,,,,,,,
2124,56297.55242,57590.1605,61755.90609,66176.1637,8700,0,,,,,,,,,
2125,52997.60901,54214.44943,58136.01523,62297.17454,8700,0,,,,,,,,,
2126,54559.83156,55812.54106,59849.70374,64133.5225,8700,0,,,,,,,,,
2127,55872.71227,57155.56589,61289.87537,65676.77624,8700,0,,,,,,,,,
2128,57452.19696,58771.31601,63022.49968,67533.41535,8700,0,,,,,,,,,
2129,59892.87001,61268.02761,65699.80925,70402.35676,8700,0,,,,,,,,,
2130,61588.39455,63002.48189,67559.72412,72395.39739,8700,0,,,,,,,,,
2131,62854.28391,64297.43643,68948.34832,73883.41414,8700,0,,,,,,,,,
2132,63606.14548,65066.56096,69773.10696,74767.20594,8700,0,,,,,,,,,
2133,62199.28207,63627.39556,68229.8405,73113.4782,8700,0,,,,,,,,,
2134,60845.16405,62242.1866,66744.43337,71521.75117,8700,0,,,,,,,,,
2135,59643.52816,61012.96081,65426.29236,70109.26254,8700,0,,,,,,,,,
2136,59044.14873,60399.81945,64768.79983,69404.70915,8700,0,,,,,,,,,
2137,55278.12788,56547.32967,60637.64279,64977.85928,8700,0,,,,,,,,,
2138,53279.55709,54502.87112,58445.2997,62628.59644,8700,0,,,,,,,,,
2139,52424.12277,53627.79578,57506.92638,61623.05786,8700,0,,,,,,,,,
2140,52256.29652,53456.11619,57322.82847,61425.7829,8700,0,,,,,,,,,
2141,53049.39539,54267.42484,58192.82258,62358.04795,8700,0,,,,,,,,,
2142,54655.73227,55910.64368,59954.90255,64246.25104,8700,0,,,,,,,,,
2143,56557.44334,57856.01859,62040.99484,66481.65804,8700,0,,,,,,,,,
2144,58508.06377,59851.42582,64180.73852,68774.55661,8700,0,,,,,,,,,
2145,60866.26221,62263.76918,66767.57711,71546.55146,8700,0,,,,,,,,,
2146,59605.16788,60973.71975,65384.21284,70064.17113,8700,0,,,,,,,,,
2147,58112.95284,59447.24304,63747.31944,68310.11499,8700,0,,,,,,,,,
2148,56066.43171,57353.73318,61502.37697,65904.48791,8700,0,,,,,,,,,
2149,53349.56461,54574.48603,58522.09483,62710.88829,8700,0,,,,,,,,,
2150,55095.91653,56360.9347,60437.76507,64763.67505,8700,0,,,,,,,,,
2151,56395.37114,57690.22516,61863.20886,66291.14679,8700,0,,,,,,,,,
2152,58195.42745,59531.61128,63837.79042,68407.06155,8700,0,,,,,,,,,
2153,60603.49427,61994.96801,66479.3324,71237.67527,8700,0,,,,,,,,,
2154,61528.93611,62941.65827,67494.50085,72325.50569,8700,0,,,,,,,,,
2155,62381.49342,63813.79054,68429.71823,73327.66244,8700,0,,,,,,,,,
2156,63059.51143,64507.37604,69173.47378,74124.65323,8700,0,,,,,,,,,
2157,61835.81838,63255.58665,67831.13703,72686.23703,8700,0,,,,,,,,,
2158,60497.04448,61886.07411,66362.56172,71112.54658,8700,0,,,,,,,,,
2159,58861.93738,60213.42447,64568.92211,69190.52492,8700,0,,,,,,,,,
2160,58586.70235,59931.86997,64267.00154,68866.99401,8700,0,,,,,,,,,
2161,55012.48291,56275.58542,60346.2421,64665.60122,8700,0,,,,,,,,,
2162,53243.11482,54465.59213,58405.32416,62585.7596,8700,0,,,,,,,,,
2163,52229.44433,53428.64746,57293.37281,61394.21892,8700,0,,,,,,,,,
2164,51898.58688,53090.19344,56930.43693,61005.30544,8700,0,,,,,,,,,
2165,52474.95014,53679.79017,57562.68174,61682.80397,8700,0,,,,,,,,,
2166,53944.14901,55182.72226,59174.32743,63409.80525,8700,0,,,,,,,,,
2167,56308.10149,57600.95177,61767.47795,66188.56383,8700,0,,,,,,,,,
2168,58463.94944,59806.29862,64132.34707,68722.70146,8700,0,,,,,,,,,
2169,60437.58604,61825.25048,66297.33847,71042.65488,8700,0,,,,,,,,,
2170,59546.66845,60913.87717,65320.04157,69995.40671,8700,0,,,,,,,,,
2171,58971.26419,60325.26146,64688.84874,69319.03546,8700,0,,,,,,,,,
2172,57953.75767,59284.3927,63572.68943,68122.98562,8700,0,,,,,,,,,
2173,55846.81908,57129.07819,61261.4717,65646.33954,8700,0,,,,,,,,,
2174,58375.72079,59716.04421,64035.56418,68618.99121,8700,0,,,,,,,,,
2175,59870.81285,61245.46402,65675.61353,70376.42919,8700,0,,,,,,,,,
2176,60772.27951,62167.62861,66664.48228,71436.07748,8700,0,,,,,,,,,
2177,62318.19895,63749.04281,68360.28702,73253.2616,8700,0,,,,,,,,,
2178,62541.6476,63977.62191,68605.40022,73515.91909,8700,0,,,,,,,,,
2179,63091.15867,64539.7499,69208.18939,74161.85365,8700,0,,,,,,,,,
2180,63478.59753,64936.08447,69633.19254,74617.27696,8700,0,,,,,,,,,
2181,61987.3415,63410.58878,67997.35114,72864.34812,8700,0,,,,,,,,,
2182,60325.38221,61710.47042,66174.25586,70910.76248,8700,0,,,,,,,,,
2183,58801.51994,60151.61983,64502.64687,69119.50594,8700,0,,,,,,,,,
2184,58358.45866,59698.38574,64016.62838,68598.70007,8700,0,,,,,,,,,
2185,54756.42802,56013.65143,60065.3613,64364.61601,8700,0,,,,,,,,,
2186,52613.04716,53821.05793,57714.16802,61845.13308,8700,0,,,,,,,,,
2187,51615.67979,52800.79071,56620.10046,60672.75624,8700,0,,,,,,,,,
2188,51220.56886,52396.60793,56186.68137,60208.31464,8700,0,,,,,,,,,
2189,51870.77567,53061.74368,56899.92927,60972.61416,8700,0,,,,,,,,,
2190,53256.54092,54479.3265,58420.05199,62601.5416,8700,0,,,,,,,,,
2191,55572.54305,56848.5047,60960.60312,65323.9359,8700,0,,,,,,,,,
2192,58000.74901,59332.46296,63624.23684,68178.22261,8700,0,,,,,,,,,
2193,60747.34533,62142.12194,66637.13061,71406.76807,8700,0,,,,,,,,,
2194,60067.4093,61446.57438,65891.27107,70607.52271,8700,0,,,,,,,,,
2195,58734.38944,60082.948,64429.0077,69040.59596,8700,0,,,,,,,,,
2196,57076.26618,58386.75375,62610.12038,67091.51947,8700,0,,,,,,,,,
2197,54174.31071,55418.16853,59426.80455,63680.35375,8700,0,,,,,,,,,
2198,56971.7344,58279.82188,62495.45367,66968.64535,8700,0,,,,,,,,,
2199,58712.33228,60060.3844,64404.81198,69014.66839,8700,0,,,,,,,,,
2200,59712.57668,61083.5947,65502.0355,70190.4271,8700,0,,,,,,,,,
2201,60935.31072,62334.40307,66843.32026,71627.71601,8700,0,,,,,,,,,
2202,61020.66235,62421.7144,66936.94719,71728.04442,8700,0,,,,,,,,,
2203,61535.64916,62948.52545,67501.86477,72333.39669,8700,0,,,,,,,,,
2204,61951.85824,63374.29082,67958.42759,72822.63857,8700,0,,,,,,,,,
2205,60592.94519,61984.17673,66467.76053,71225.27511,8700,0,,,,,,,,,
2206,59220.60604,60580.32827,64962.36564,69612.12967,8700,0,,,,,,,,,
2207,57835.79979,59163.72647,63443.29489,67984.32951,8700,0,,,,,,,,,
2208,57448.36093,58767.3919,63018.29174,67528.90621,8700,0,,,,,,,,,
2209,53931.68192,55169.96893,59160.65158,63395.15054,8700,0,,,,,,,,,
2210,51821.86631,53011.71135,56846.27788,60915.12261,8700,0,,,,,,,,,
2211,50765.04049,51930.6205,55686.98706,59672.85406,8700,0,,,,,,,,,
2212,50107.16163,51257.63654,54965.32326,58899.53626,8700,0,,,,,,,,,
2213,50237.58659,51391.0561,55108.39363,59052.84708,8700,0,,,,,,,,,
2214,51094.93893,52268.0935,56048.87094,60060.64024,8700,0,,,,,,,,,
2215,51885.16078,53076.45907,56915.70909,60989.52344,8700,0,,,,,,,,,
2216,52811.56163,54024.13035,57931.92954,62078.48116,8700,0,,,,,,,,,
2217,54625.04404,55879.25084,59921.23893,64210.1779,8700,0,,,,,,,,,
2218,54986.58972,56249.0977,60317.83842,64635.16451,8700,0,,,,,,,,,
2219,55745.16433,57025.08942,61149.96097,65526.84728,8700,0,,,,,,,,,
2220,55963.81795,57248.76338,61389.81424,65783.86836,8700,0,,,,,,,,,
2221,55141.94887,56408.02395,60488.26049,64817.78475,8700,0,,,,,,,,,
2222,56388.65809,57683.35798,61855.84494,66283.2558,8700,0,,,,,,,,,
2223,56594.84461,57894.27859,62082.02237,66525.62217,8700,0,,,,,,,,,
2224,56380.02703,57674.52874,61846.37706,66273.11024,8700,0,,,,,,,,,
2225,56137.39823,57426.32911,61580.22407,65987.90702,8700,0,,,,,,,,,
2226,55763.38546,57043.72891,61169.94874,65548.2657,8700,0,,,,,,,,,
2227,56163.29142,57452.81682,61608.62775,66018.34373,8700,0,,,,,,,,,
2228,56605.39369,57905.06989,62093.59423,66538.0223,8700,0,,,,,,,,,
2229,55840.10603,57122.211,61254.10779,65638.44854,8700,0,,,,,,,,,
2230,55009.60589,56272.64233,60343.08614,64662.21937,8700,0,,,,,,,,,
2231,54260.62135,55506.4609,59521.48348,63781.80945,8700,0,,,,,,,,,
2232,54257.74433,55503.51782,59518.32751,63778.42759,8700,0,,,,,,,,,
2233,51140.01227,52314.20173,56098.31439,60113.62266,8700,0,,,,,,,,,
2234,48886.3456,50008.79022,53626.14249,57464.50191,8700,0,,,,,,,,,
2235,47613.74318,48706.96848,52230.15434,55968.59415,8700,0,,,,,,,,,
2236,47181.23099,48264.52569,51755.70775,55460.18843,8700,0,,,,,,,,,
2237,47462.22006,48551.96635,52063.94023,55790.48305,8700,0,,,,,,,,,
2238,48242.85184,49350.52166,52920.25851,56708.09339,8700,0,,,,,,,,,
2239,48848.94432,49970.53019,53585.11494,57420.53778,8700,0,,,,,,,,,
2240,49392.70134,50526.77204,54181.59217,58059.70861,8700,0,,,,,,,,,
2241,49661.22333,50801.45937,54476.14882,58375.34854,8700,0,,,,,,,,,
2242,50083.18645,51233.11088,54939.02357,58871.35413,8700,0,,,,,,,,,
2243,50491.72347,51651.02804,55387.17046,59351.57772,8700,0,,,,,,,,,
2244,49856.86078,51001.58871,54690.75439,58605.31477,8700,0,,,,,,,,,
2245,48937.17297,50060.78461,53681.89784,57524.24804,8700,0,,,,,,,,,
2246,48603.4385,49719.3875,53315.80601,57131.9527,8700,0,,,,,,,,,
2247,48669.60999,49787.0783,53388.39318,57209.7354,8700,0,,,,,,,,,
2248,49346.669,50479.68278,54131.09675,58005.59891,8700,0,,,,,,,,,
2249,50505.14957,51664.7624,55401.89831,59367.35971,8700,0,,,,,,,,,
2250,52350.27922,53552.25676,57425.9233,61536.25687,8700,0,,,,,,,,,
2251,54044.84475,55285.73,59284.78617,63528.17022,8700,0,,,,,,,,,
2252,55411.42986,56683.6923,60783.86913,65134.55196,8700,0,,,,,,,,,
2253,55145.7849,56411.94806,60492.46844,64822.2939,8700,0,,,,,,,,,
2254,54206.91695,55451.52343,59462.57214,63718.68145,8700,0,,,,,,,,,
2255,53585.48036,54815.81848,58780.8839,62988.20051,8700,0,,,,,,,,,
2256,52690.72674,53900.52105,57799.37905,61936.4432,8700,0,,,,,,,,,
2257,49688.07553,50828.92811,54505.60449,58406.91253,8700,0,,,,,,,,,
2258,47805.5446,48903.17372,52440.55196,56194.05123,8700,0,,,,,,,,,
2259,46882.97978,47959.42655,51428.53946,55109.60265,8700,0,,,,,,,,,
2260,46890.65184,47967.27475,51436.95537,55118.62094,8700,0,,,,,,,,,
2261,47704.84886,48800.16598,52330.09322,56075.68627,8700,0,,,,,,,,,
2262,49655.46929,50795.57322,54469.83689,58368.58483,8700,0,,,,,,,,,
2263,52990.89596,54207.58224,58128.65132,62289.28354,8700,0,,,,,,,,,
2264,55944.63781,57229.14287,61368.77448,65761.32266,8700,0,,,,,,,,,
2265,58518.61284,59862.21711,64192.31038,68786.95674,8700,0,,,,,,,,,
2266,57827.16873,59154.89724,63433.827,67974.18394,8700,0,,,,,,,,,
2267,56803.90816,58108.14231,62311.35576,66771.37039,8700,0,,,,,,,,,
2268,54931.92631,56193.17921,60257.87511,64570.90923,8700,0,,,,,,,,,
2269,52127.78957,53324.65868,57181.86206,61274.72666,8700,0,,,,,,,,,
2270,53682.34007,54914.90212,58887.13469,63102.05633,8700,0,,,,,,,,,
2271,55260.86575,56529.67119,60618.70701,64957.56814,8700,0,,,,,,,,,
2272,56811.58022,58115.99052,62319.77167,66780.38867,8700,0,,,,,,,,,
2273,59318.42476,60680.39293,65069.66841,69727.11278,8700,0,,,,,,,,,
2274,61324.6676,62732.6997,67270.4274,72085.3939,8700,0,,,,,,,,,
2275,62690.2937,64129.68096,68768.45838,73690.64834,8700,0,,,,,,,,,
2276,63515.99881,64974.3445,69674.22008,74661.2411,8700,0,,,,,,,,,
2277,62065.98008,63491.03292,68083.61415,72956.78553,8700,0,,,,,,,,,
2278,60410.73384,61797.78175,66267.8828,71011.09089,8700,0,,,,,,,,,
2279,59089.22206,60445.92768,64818.24327,69457.69156,8700,0,,,,,,,,,
2280,58706.57823,60054.49823,64398.50004,69007.90467,8700,0,,,,,,,,,
2281,55236.89057,56505.14554,60592.4073,64929.38601,8700,0,,,,,,,,,
2282,53393.67894,54619.61324,58570.48629,62762.74342,8700,0,,,,,,,,,
2283,52738.67709,53949.57235,57851.97845,61992.80747,8700,0,,,,,,,,,
2284,52500.84333,53706.27787,57591.08541,61713.24068,8700,0,,,,,,,,,
2285,53098.30475,54317.45717,58246.47396,62415.5395,8700,0,,,,,,,,,
2286,54290.35057,55536.87272,59554.09511,63816.7553,8700,0,,,,,,,,,
2287,56778.97398,58082.63564,62284.00408,66742.06098,8700,0,,,,,,,,,
2288,59434.46462,60799.09711,65196.95896,69863.51432,8700,0,,,,,,,,,
2289,62373.82136,63805.94232,68421.30232,73318.64415,8700,0,,,,,,,,,
2290,61604.69767,63019.15933,67577.60791,72414.56125,8700,0,,,,,,,,,
2291,59170.73767,60529.31491,64907.66226,69553.51083,8700,0,,,,,,,,,
2292,56384.82206,57679.43387,61851.637,66278.74666,8700,0,,,,,,,,,
2293,52800.05355,54012.35805,57919.3057,62064.95374,8700,0,,,,,,,,,
2294,54438.03766,55687.95074,59716.10127,63990.35724,8700,0,,,,,,,,,
2295,55688.58291,56967.20886,61087.89367,65460.33744,8700,0,,,,,,,,,
2296,57528.91752,58849.79809,63106.65872,67623.59817,8700,0,,,,,,,,,
2297,59969.59058,61346.50971,65783.9683,70492.53959,8700,0,,,,,,,,,
2298,61770.6059,63188.87686,67759.60184,72609.58162,8700,0,,,,,,,,,
2299,63188.01838,64638.83355,69314.44017,74275.70948,8700,0,,,,,,,,,
2300,63890.97058,65357.92573,70085.5474,75102.0097,8700,0,,,,,,,,,
2301,62393.96051,63826.54388,68443.39407,73342.31714,8700,0,,,,,,,,,
2302,60781.86958,62177.43887,66675.00217,71447.35034,8700,0,,,,,,,,,
2303,59415.28448,60779.47659,65175.91922,69840.96861,8700,0,,,,,,,,,
2304,58959.75611,60313.48916,64676.22489,69305.50804,8700,0,,,,,,,,,
2305,55270.45582,56539.48146,60629.22688,64968.84099,8700,0,,,,,,,,,
2306,53331.34348,54555.84654,58502.10707,62689.46988,8700,0,,,,,,,,,
2307,52637.02234,53845.58358,57740.46772,61873.31521,8700,0,,,,,,,,,
2308,52465.36007,53669.9799,57552.16186,61671.53113,8700,0,,,,,,,,,
2309,53000.48603,54217.3925,58139.17119,62300.55639,8700,0,,,,,,,,,
2310,54479.27497,55730.13486,59761.33676,64038.83053,8700,0,,,,,,,,,
2311,56820.21128,58124.81975,62329.23956,66790.53424,8700,0,,,,,,,,,
2312,58276.94306,59614.99851,63927.20941,68502.88081,8700,0,,,,,,,,,
2313,59774.91214,61147.36139,65570.41473,70263.70065,8700,0,,,,,,,,,
2314,58486.0066,59828.86222,64156.54279,68748.62903,8700,0,,,,,,,,,
2315,57361.09128,58678.11851,62922.56082,67426.32323,8700,0,,,,,,,,,
2316,55503.49454,56777.87082,60884.85998,65242.77135,8700,0,,,,,,,,,
2317,52426.99979,53630.73886,57510.08234,61626.43971,8700,0,,,,,,,,,
2318,54467.76688,55718.36255,59748.7129,64025.3031,8700,0,,,,,,,,,
2319,55885.17937,57168.31923,61303.55123,65691.43096,8700,0,,,,,,,,,
2320,57548.09767,58869.41862,63127.69849,67646.14389,8700,0,,,,,,,,,
2321,59671.33937,61041.41057,65456.80002,70141.95382,8700,0,,,,,,,,,
2322,61122.3171,62525.70317,67048.45792,71847.53667,8700,0,,,,,,,,,
2323,62397.79654,63830.46798,68447.60203,73346.82629,8700,0,,,,,,,,,
2324,63571.62122,65031.24402,69735.23538,74726.62365,8700,0,,,,,,,,,
2325,62308.60888,63739.23255,68349.76713,73241.98874,8700,0,,,,,,,,,
2326,60782.82859,62178.4199,66676.05416,71448.47763,8700,0,,,,,,,,,
2327,59421.03852,60785.36274,65182.23114,69847.73232,8700,0,,,,,,,,,
2328,58872.48646,60224.21577,64580.49397,69202.92506,8700,0,,,,,,,,,
2329,55363.47951,56634.64099,60731.26973,65078.18769,8700,0,,,,,,,,,
2330,53386.96589,54612.74606,58563.12237,62754.85243,8700,0,,,,,,,,,
2331,52564.1378,53771.0256,57660.51662,61787.64152,8700,0,,,,,,,,,
2332,52299.45184,53500.26237,57370.16793,61476.51074,8700,0,,,,,,,,,
2333,52820.19269,54032.95958,57941.39743,62088.62673,8700,0,,,,,,,,,
2334,54333.50589,55581.01889,59601.43457,63867.48313,8700,0,,,,,,,,,
2335,56704.17142,58006.11559,62201.94901,66654.13271,8700,0,,,,,,,,,
2336,58527.24391,59871.04634,64201.77828,68797.10231,8700,0,,,,,,,,,
2337,60185.36717,61567.24059,66020.66561,70746.17881,8700,0,,,,,,,,,
2338,58617.39057,59963.2628,64300.66516,68903.06713,8700,0,,,,,,,,,
2339,57282.4527,58597.67437,62836.2978,67333.88582,8700,0,,,,,,,,,
2340,55208.12036,56475.71475,60560.84767,64895.56745,8700,0,,,,,,,,,
2341,52084.63425,53280.51251,57134.5226,61223.99881,8700,0,,,,,,,,,
2342,54021.82858,55262.18537,59259.53846,63501.11536,8700,0,,,,,,,,,
2343,55644.46859,56922.08168,61039.50223,65408.48232,8700,0,,,,,,,,,
2344,57454.11497,58773.27806,63024.60366,67535.66992,8700,0,,,,,,,,,
2345,59805.60036,61178.75423,65604.07834,70299.77378,8700,0,,,,,,,,,
2346,61498.24788,62910.26542,67460.83724,72289.43255,8700,0,,,,,,,,,
2347,63177.4693,64628.04225,69302.8683,74263.30934,8700,0,,,,,,,,,
2348,63971.52718,65440.33193,70173.9144,75196.70168,8700,0,,,,,,,,,
2349,62514.7954,63950.15317,68575.94457,73484.35511,8700,0,,,,,,,,,
2350,60898.86845,62297.12407,66803.34471,71584.87916,8700,0,,,,,,,,,
2351,59655.03625,61024.73312,65438.91622,70122.78997,8700,0,,,,,,,,,
2352,59130.45937,60488.1118,64863.47876,69506.16484,8700,0,,,,,,,,,
2353,55573.50206,56849.48573,60961.6551,65325.0632,8700,0,,,,,,,,,
2354,53622.88163,54854.07849,58821.91143,63032.16463,8700,0,,,,,,,,,
2355,52534.40858,53740.61378,57627.90499,61752.69567,8700,0,,,,,,,,,
2356,52382.88546,53585.61165,57461.69089,61574.58457,8700,0,,,,,,,,,
2357,53070.49355,54289.00742,58215.96632,62382.84823,8700,0,,,,,,,,,
2358,54541.61043,55793.90157,59829.71598,64112.10407,8700,0,,,,,,,,,
2359,56730.06461,58032.60329,62230.35268,66684.56941,8700,0,,,,,,,,,
2360,58389.14689,59729.77858,64050.292,68634.77321,8700,0,,,,,,,,,
2361,59826.69852,61200.33681,65627.22207,70324.57406,8700,0,,,,,,,,,
2362,58907.96972,60260.51373,64619.41753,69244.63462,8700,0,,,,,,,,,
2363,58123.50192,59458.03432,63758.89132,68322.51514,8700,0,,,,,,,,,
2364,56806.78518,58111.08539,62314.51173,66774.75225,8700,0,,,,,,,,,
2365,54283.63752,55530.00553,59546.73119,63808.86429,8700,0,,,,,,,,,
2366,56100.95596,57389.05013,61540.24853,65945.07018,8700,0,,,,,,,,,
2367,57322.731,58638.87746,62880.4813,67381.23182,8700,0,,,,,,,,,
2368,58723.84036,60072.15671,64417.43583,69028.19581,8700,0,,,,,,,,,
2369,60743.5093,62138.19782,66632.92264,71402.25893,8700,0,,,,,,,,,
2370,61461.80561,62872.98643,67420.86169,72246.59571,8700,0,,,,,,,,,
2371,62182.97895,63610.71812,68211.9567,73094.31436,8700,0,,,,,,,,,
2372,62814.96462,64257.21437,68905.21681,73837.19544,8700,0,,,,,,,,,
2373,61714.98349,63131.97735,67698.58654,72544.19907,8700,0,,,,,,,,,
2374,60515.26561,61904.7136,66382.5495,71133.96499,8700,0,,,,,,,,,
2375,59147.7215,60505.77028,64882.41455,69526.45598,8700,0,,,,,,,,,
2376,58983.73128,60338.01479,64702.52458,69333.69016,8700,0,,,,,,,,,
2377,55395.12674,56667.01486,60765.98533,65115.3881,8700,0,,,,,,,,,
2378,53283.39312,54506.79523,58449.50766,62633.10559,8700,0,,,,,,,,,
2379,52291.77979,53492.41417,57361.75203,61467.49246,8700,0,,,,,,,,,
2380,51740.35071,52928.32411,56756.8589,60819.30334,8700,0,,,,,,,,,
2381,52056.82305,53252.06276,57104.01496,61191.30754,8700,0,,,,,,,,,
2382,53032.13326,54249.76637,58173.88679,62337.75681,8700,0,,,,,,,,,
2383,53423.40816,54650.02505,58603.09792,62797.68927,8700,0,,,,,,,,,
2384,52233.28035,53432.57156,57297.58075,61398.72805,8700,0,,,,,,,,,
2385,50830.25298,51997.33028,55758.52225,59749.50947,8700,0,,,,,,,,,
2386,49051.29482,50177.52672,53807.08444,57658.39501,8700,0,,,,,,,,,
2387,48701.25723,49819.45217,53423.10879,57246.93582,8700,0,,,,,,,,,
2388,47203.28815,48287.08929,51779.90347,55486.11599,8700,0,,,,,,,,,
2389,45195.12729,46232.82047,49577.0405,53125.58029,8700,0,,,,,,,,,
2390,46152.21637,47211.8846,50626.92457,54250.61115,8700,0,,,,,,,,,
2391,47347.13921,48434.24321,51937.70168,55655.2088,8700,0,,,,,,,,,
2392,48568.91425,49684.07056,53277.93444,57091.37043,8700,0,,,,,,,,,
2393,50174.29212,51326.30837,55038.96242,58978.44624,8700,0,,,,,,,,,
2394,51907.21794,53099.02266,56939.90482,61015.451,8700,0,,,,,,,,,
2395,54131.15539,55374.02236,59379.46509,63629.62591,8700,0,,,,,,,,,
2396,55839.14703,57121.22998,61253.05581,65637.32126,8700,0,,,,,,,,,
2397,55693.37795,56972.11401,61093.15362,65465.97387,8700,0,,,,,,,,,
2398,55140.98986,56407.04292,60487.2085,64816.65746,8700,0,,,,,,,,,
2399,54497.4961,55748.77436,59781.32452,64060.24894,8700,0,,,,,,,,,
2400,54360.35809,55608.48762,59630.89024,63899.04713,8700,0,,,,,,,,,
2401,51244.54404,52421.13359,56212.98108,60236.49677,8700,0,,,,,,,,,
2402,49039.78673,50165.75441,53794.46057,57644.86757,8700,0,,,,,,,,,
2403,47884.18318,48983.61786,52526.81498,56286.48864,8700,0,,,,,,,,,
2404,47538.94063,48630.44845,52148.09928,55880.66589,8700,0,,,,,,,,,
2405,47932.13354,49032.66918,52579.41438,56342.85292,8700,0,,,,,,,,,
2406,48765.5107,49885.18092,53493.59199,57322.46394,8700,0,,,,,,,,,
2407,48932.37794,50055.87948,53676.63791,57518.61162,8700,0,,,,,,,,,
2408,47326.04106,48412.66064,51914.55794,55630.40853,8700,0,,,,,,,,,
2409,44991.81779,46024.84293,49354.01904,52886.59579,8700,0,,,,,,,,,
2410,43181.2124,44172.66551,47367.86562,50758.28091,8700,0,,,,,,,,,
2411,43021.05821,44008.83414,47192.18361,50570.02424,8700,0,,,,,,,,,
2412,41852.02857,42812.96324,45909.81019,49195.86331,8700,0,,,,,,,,,
2413,40927.54573,41867.25401,44895.69372,48109.16016,8700,0,,,,,,,,,
2414,41208.53481,42154.69468,45203.92621,48439.45478,8700,0,,,,,,,,,
2415,42313.31098,43284.83683,46415.81643,49738.0876,8700,0,,,,,,,,,
2416,44279.27552,45295.94048,48572.39193,52049.02272,8700,0,,,,,,,,,
2417,46800.50517,47875.05829,51338.06849,55012.65611,8700,0,,,,,,,,,
2418,49598.88787,50737.69267,54407.7696,58302.07498,8700,0,,,,,,,,,
2419,52260.13255,53460.0403,57327.03641,61430.29204,8700,0,,,,,,,,,
2420,54262.53936,55508.42295,59523.58745,63784.064,8700,0,,,,,,,,,
2421,54328.71085,55576.11375,59596.17463,63861.84671,8700,0,,,,,,,,,
2422,53660.28291,54892.33852,58862.93896,63076.12877,8700,0,,,,,,,,,
2423,52941.02759,54156.56888,58073.94793,62230.6647,8700,0,,,,,,,,,
2424,51814.19425,53003.86312,56837.86197,60906.10432,8700,0,,,,,,,,,
2425,48650.42985,49767.45778,53367.35343,57187.18969,8700,0,,,,,,,,,
2426,46807.21822,47881.92548,51345.43241,55020.54711,8700,0,,,,,,,,,
2427,46063.02871,47120.64916,50529.08969,54145.77361,8700,0,,,,,,,,,
2428,46000.69325,47056.88247,50460.71046,54072.50006,8700,0,,,,,,,,,
2429,46696.9324,47769.10747,51224.45378,54890.90928,8700,0,,,,,,,,,
2430,48394.37496,49505.52379,53086.47262,56886.2045,8700,0,,,,,,,,,
2431,51600.33567,52785.0943,56603.26864,60654.71967,8700,0,,,,,,,,,
2432,56162.33242,57451.8358,61607.57576,66017.21644,8700,0,,,,,,,,,
2433,62180.10193,63607.77504,68208.80074,73090.9325,8700,0,,,,,,,,,
2434,63506.40874,64964.53424,69663.7002,74649.96824,8700,0,,,,,,,,,
2435,63556.27711,65015.5476,69718.40359,74708.5871,8700,0,,,,,,,,,
2436,63638.75172,65099.91585,69808.87456,74805.53364,8700,0,,,,,,,,,
2437,62072.69313,63497.9001,68090.97808,72964.67653,8700,0,,,,,,,,,
2438,64646.66817,66130.97435,70914.51397,75990.31062,8700,0,,,,,,,,,
2439,65533.74973,67038.42356,71887.60293,77033.04962,8700,0,,,,,,,,,
2440,65695.82193,67204.21698,72065.3889,77223.56087,8700,0,,,,,,,,,
2441,66186.83356,67706.50238,72604.00678,77800.731,8700,0,,,,,,,,,
2442,65625.81441,67132.60208,71988.59377,77141.26903,8700,0,,,,,,,,,
2443,64826.96151,66315.40728,71112.28774,76202.24027,8700,0,,,,,,,,,
2444,64066.46888,65537.45353,70278.06121,75308.30293,8700,0,,,,,,,,,
2445,61424.40434,62834.72642,67379.83416,72202.63158,8700,0,,,,,,,,,
2446,60251.53866,61634.9314,66093.25278,70823.9615,8700,0,,,,,,,,,
2447,58717.12731,60065.28952,64410.07191,69020.30482,8700,0,,,,,,,,,
2448,58506.14575,59849.46376,64178.63454,68772.30202,8700,0,,,,,,,,,
2449,55025.90901,56289.31978,60360.96994,64681.38321,8700,0,,,,,,,,,
2450,52972.67482,54188.94274,58108.66353,62267.86512,8700,0,,,,,,,,,
2451,52070.24915,53265.79712,57118.74279,61207.08953,8700,0,,,,,,,,,
2452,51705.82645,52893.00717,56718.98732,60778.72106,8700,0,,,,,,,,,
2453,52070.24915,53265.79712,57118.74279,61207.08953,8700,0,,,,,,,,,
2454,53447.38333,54674.55069,58629.39761,62825.8714,8700,0,,,,,,,,,
2455,56058.75965,57345.88497,61493.96106,65895.46962,8700,0,,,,,,,,,
2456,59597.49582,60965.87155,65375.79694,70055.15284,8700,0,,,,,,,,,
2457,63283.91909,64736.93617,69419.63898,74388.43802,8700,0,,,,,,,,,
2458,63019.23313,64466.17294,69129.29026,74077.30724,8700,0,,,,,,,,,
2459,61202.8737,62608.10937,67136.82492,71942.22864,8700,0,,,,,,,,,
2460,58789.05284,60138.86649,64488.97101,69104.85122,8700,0,,,,,,,,,
2461,55280.04589,56549.29172,60639.74677,64980.11385,8700,0,,,,,,,,,
2462,56722.39256,58024.75509,62221.93678,66675.55113,8700,0,,,,,,,,,
2463,56896.93185,58203.30185,62413.39861,66880.71708,8700,0,,,,,,,,,
2464,57680.44064,59004.80023,63272.87284,67801.70927,8700,0,,,,,,,,,
2465,59963.83653,61340.62354,65777.65637,70485.77587,8700,0,,,,,,,,,
2466,61791.70405,63210.45943,67782.74557,72634.3819,8700,0,,,,,,,,,
2467,63189.9364,64640.79561,69316.54415,74277.96406,8700,0,,,,,,,,,
2468,64032.90363,65503.1176,70241.24163,75268.84793,8700,0,,,,,,,,,
2469,62671.11356,64110.06044,68747.41861,73668.10264,8700,0,,,,,,,,,
2470,60881.60632,62279.4656,66784.40892,71564.58803,8700,0,,,,,,,,,
2471,59413.36646,60777.51453,65173.81523,69838.71403,8700,0,,,,,,,,,
2472,59154.43455,60512.63746,64889.77847,69534.34698,8700,0,,,,,,,,,
2473,55634.87851,56912.2714,61028.98234,65397.20945,8700,0,,,,,,,,,
2474,53678.50404,54910.978,58882.92673,63097.54718,8700,0,,,,,,,,,
2475,52737.71808,53948.59133,57850.92646,61991.68019,8700,0,,,,,,,,,
2476,52501.80234,53707.2589,57592.13741,61714.36797,8700,0,,,,,,,,,
2477,53210.50858,54432.23723,58369.55656,62547.4319,8700,0,,,,,,,,,
2478,54717.10873,55973.42936,60022.22979,64318.39732,8700,0,,,,,,,,,
2479,56933.37412,58240.58084,62453.37415,66923.55394,8700,0,,,,,,,,,
2480,59003.87043,60358.61635,64724.61634,69357.36316,8700,0,,,,,,,,,
2481,60722.41115,62116.61526,66609.77892,71377.45866,8700,0,,,,,,,,,
2482,59503.51313,60869.73098,65272.70211,69944.67888,8700,0,,,,,,,,,
2483,57913.47937,59243.18959,63528.50594,68075.63963,8700,0,,,,,,,,,
2484,55552.4039,56827.90315,60938.51136,65300.26291,8700,0,,,,,,,,,
2485,52515.22844,53720.99326,57606.86524,61730.14997,8700,0,,,,,,,,,
2486,54194.44986,55438.77009,59448.8963,63704.02675,8700,0,,,,,,,,,
2487,55555.28093,56830.84624,60941.66734,65303.64478,8700,0,,,,,,,,,
2488,57338.07511,58654.57388,62897.31311,67399.26837,8700,0,,,,,,,,,
2489,59670.38036,61040.42954,65455.74802,70140.82654,8700,0,,,,,,,,,
2490,61276.71725,62683.64839,67217.82801,72029.02963,8700,0,,,,,,,,,
2491,62537.81157,63973.6978,68601.19228,73511.40996,8700,0,,,,,,,,,
2492,63546.68704,65005.73734,69707.8837,74697.31424,8700,0,,,,,,,,,
2493,62364.23129,63796.13206,68410.78244,73307.3713,8700,0,,,,,,,,,
2494,60943.94178,62343.23229,66852.78815,71637.86158,8700,0,,,,,,,,,
2495,59611.88093,60980.58694,65391.57676,70072.06212,8700,0,,,,,,,,,
2496,59329.93285,60692.16526,65082.29228,69740.64021,8700,0,,,,,,,,,
2497,55695.29596,56974.07606,61095.25759,65468.22844,8700,0,,,,,,,,,
2498,54041.00872,55281.8059,59280.57821,63523.66107,8700,0,,,,,,,,,
2499,53128.03397,54347.86899,58279.0856,62450.48535,8700,0,,,,,,,,,
2500,52971.71582,54187.96173,58107.61155,62266.73784,8700,0,,,,,,,,,
2501,53451.21936,54678.4748,58633.60557,62830.38054,8700,0,,,,,,,,,
2502,54898.36107,56158.84331,60221.05552,64531.45426,8700,0,,,,,,,,,
2503,57002.42263,58311.21473,62529.11729,67004.71848,8700,0,,,,,,,,,
2504,58651.91483,59998.57974,64338.53673,68943.64942,8700,0,,,,,,,,,
2505,60577.60107,61968.4803,66450.92871,71207.23854,8700,0,,,,,,,,,
2506,59661.7493,61031.6003,65446.28013,70130.68096,8700,0,,,,,,,,,
2507,58717.12731,60065.28952,64410.07191,69020.30482,8700,0,,,,,,,,,
2508,57130.92958,58442.67224,62670.08369,67155.77472,8700,0,,,,,,,,,
2509,54376.66121,55625.16507,59648.77404,63918.21098,8700,0,,,,,,,,,
2510,56351.25681,57645.09796,61814.81741,66239.29167,8700,0,,,,,,,,,
2511,56917.071,58223.90339,62435.49036,66904.39007,8700,0,,,,,,,,,
2512,57812.78362,59140.18184,63418.04718,67957.27465,8700,0,,,,,,,,,
2513,60237.15356,61620.21601,66077.47297,70807.05223,8700,0,,,,,,,,,
2514,61627.71384,63042.70397,67602.85562,72441.61609,8700,0,,,,,,,,,
2515,62697.96576,64137.52918,68776.87428,73699.66662,8700,0,,,,,,,,,
2516,63644.50576,65105.80201,69815.18648,74812.29735,8700,0,,,,,,,,,
2517,62348.88718,63780.43564,68393.95064,73289.33474,8700,0,,,,,,,,,
2518,60951.61384,62351.08051,66861.20405,71646.87987,8700,0,,,,,,,,,
2519,59299.24462,60660.77242,65048.62866,69704.56708,8700,0,,,,,,,,,
2520,59004.82944,60359.59737,64725.66833,69358.49045,8700,0,,,,,,,,,
2521,55506.37156,56780.81389,60888.01594,65246.15321,8700,0,,,,,,,,,
2522,53572.05426,54802.08411,58766.15607,62972.41852,8700,0,,,,,,,,,
2523,52739.6361,53950.55338,57853.03044,61993.93476,8700,0,,,,,,,,,
2524,52344.52518,53546.37061,57419.61137,61529.49316,8700,0,,,,,,,,,
2525,52894.99525,54109.47962,58023.45251,62176.555,8700,0,,,,,,,,,
2526,54127.31936,55370.09825,59375.25713,63625.11676,8700,0,,,,,,,,,
2527,56470.17369,57766.7452,61945.26393,66379.07506,8700,0,,,,,,,,,
2528,59591.74178,60959.98539,65369.48501,70048.38913,8700,0,,,,,,,,,
2529,63303.09923,64756.55668,69440.67873,74410.98372,8700,0,,,,,,,,,
2530,63179.38732,64630.00431,69304.97228,74265.56391,8700,0,,,,,,,,,
2531,63227.33767,64679.05561,69357.57168,74321.92818,8700,0,,,,,,,,,
2532,63074.85555,64523.07246,69190.30559,74142.68981,8700,0,,,,,,,,,
2533,60581.4371,61972.40441,66455.13667,71211.74769,8700,0,,,,,,,,,
2534,62699.88377,64139.49121,68778.97825,73701.92119,8700,0,,,,,,,,,
2535,62794.82547,64236.61281,68883.12506,73813.52245,8700,0,,,,,,,,,
2536,62209.83115,63638.18685,68241.41237,73125.87836,8700,0,,,,,,,,,
2537,62143.65966,63570.49604,68168.82519,73048.09565,8700,0,,,,,,,,,
2538,61721.69654,63138.84452,67705.95046,72552.09007,8700,0,,,,,,,,,
2539,61867.46561,63287.9605,67865.85263,72723.43744,8700,0,,,,,,,,,
2540,62577.13086,64013.91987,68644.32378,73557.62866,8700,0,,,,,,,,,
2541,61324.6676,62732.6997,67270.4274,72085.3939,8700,0,,,,,,,,,
2542,59913.00916,61288.62916,65721.90101,70426.02975,8700,0,,,,,,,,,
2543,58651.91483,59998.57974,64338.53673,68943.64942,8700,0,,,,,,,,,
2544,58785.21682,60134.94239,64484.76307,69100.34209,8700,0,,,,,,,,,
2545,55366.35653,56637.58408,60734.42569,65081.56954,8700,0,,,,,,,,,
2546,53138.58305,54358.66028,58290.65747,62462.8855,8700,0,,,,,,,,,
2547,52051.06901,53246.1766,57097.70303,61184.54382,8700,0,,,,,,,,,
2548,51613.76177,52798.82866,56617.99648,60670.50167,8700,0,,,,,,,,,
2549,51736.51468,52924.40001,56752.65095,60814.79421,8700,0,,,,,,,,,
2550,52545.91667,53752.3861,57640.52886,61766.2231,8700,0,,,,,,,,,
2551,53215.30362,54437.14237,58374.81652,62553.06833,8700,0,,,,,,,,,
2552,52325.34503,53526.75008,57398.5716,61506.94745,8700,0,,,,,,,,,
2553,50877.24432,52045.40055,55810.06966,59804.74646,8700,0,,,,,,,,,
2554,48670.569,49788.05933,53389.44518,57210.86269,8700,0,,,,,,,,,
2555,48437.53028,49549.66998,53133.81209,56936.93233,8700,0,,,,,,,,,
2556,50491.72347,51651.02804,55387.17046,59351.57772,8700,0,,,,,,,,,
2557,48168.04928,49274.00162,52838.20344,56620.16512,8700,0,,,,,,,,,
2558,48070.23056,49173.93694,52730.90065,56505.18201,8700,0,,,,,,,,,
2559,48151.74616,49257.32418,52820.31964,56601.00127,8700,0,,,,,,,,,
2560,48988.00035,50112.779,53737.65321,57583.99416,8700,0,,,,,,,,,
2561,50416.92092,51574.508,55305.1154,59263.64946,8700,0,,,,,,,,,
2562,52106.69142,53303.07612,57158.71833,61249.92638,8700,0,,,,,,,,,
2563,54226.09709,55471.14395,59483.61191,63741.22716,8700,0,,,,,,,,,
2564,56187.2666,57477.34247,61634.92745,66046.52586,8700,0,,,,,,,,,
2565,56103.83298,57391.9932,61543.4045,65948.45203,8700,0,,,,,,,,,
2566,55304.02107,56573.81738,60666.04647,65008.29599,8700,0,,,,,,,,,
2567,54659.5683,55914.56778,59959.1105,64250.76017,8700,0,,,,,,,,,
2568,55038.3761,56302.07312,60374.64578,64696.03792,8700,0,,,,,,,,,
2569,51993.52858,53187.31502,57034.58375,61116.90669,8700,0,,,,,,,,,
2570,49716.84574,50858.35889,54537.16413,58440.73108,8700,0,,,,,,,,,
2571,48425.06319,49536.91663,53120.13624,56922.27763,8700,0,,,,,,,,,
2572,47836.23283,48934.56656,52474.21558,56230.12436,8700,0,,,,,,,,,
2573,48223.6717,49330.90113,52899.21874,56685.54769,8700,0,,,,,,,,,
2574,49043.62276,50169.67851,53798.66853,57649.37673,8700,0,,,,,,,,,
2575,49158.70361,50287.40166,53924.90708,57784.65097,8700,0,,,,,,,,,
2576,47560.03879,48652.03102,52171.24303,55905.46617,8700,0,,,,,,,,,
2577,45604.62332,46651.71865,50026.2394,53606.93118,8700,0,,,,,,,,,
2578,43939.78701,44948.65721,48199.98816,51649.96367,8700,0,,,,,,,,,
2579,43710.58431,44714.19196,47948.56301,51380.54246,8700,0,,,,,,,,,
2580,42007.38772,42971.88948,46080.23225,49378.48355,8700,0,,,,,,,,,
2581,41066.60176,42009.5028,45048.23199,48272.61655,8700,0,,,,,,,,,
2582,41029.20048,41971.24278,45007.20444,48228.65241,8700,0,,,,,,,,,
2583,41834.76644,42795.30477,45890.8744,49175.57217,8700,0,,,,,,,,,
2584,43726.88743,44730.86941,47966.44681,51399.70631,8700,0,,,,,,,,,
2585,46521.4341,47589.57968,51031.93996,54684.61604,8700,0,,,,,,,,,
2586,49851.10673,50995.70255,54684.44245,58598.55105,8700,0,,,,,,,,,
2587,52766.4883,53978.02212,57882.48612,62025.49875,8700,0,,,,,,,,,
2588,54787.11624,56045.04427,60099.02491,64400.68914,8700,0,,,,,,,,,
2589,55044.13014,56307.95928,60380.95771,64702.80163,8700,0,,,,,,,,,
2590,54443.7917,55693.8369,59722.41319,63997.12095,8700,0,,,,,,,,,
2591,53900.99369,55138.57608,59126.98796,63359.07741,8700,0,,,,,,,,,
2592,52924.72447,54139.89143,58056.06413,62211.50085,8700,0,,,,,,,,,
2593,50029.48205,51178.17341,54880.11223,58808.22614,8700,0,,,,,,,,,
2594,48146.95113,49252.41904,52815.0597,56595.36485,8700,0,,,,,,,,,
2595,47448.79396,48538.23199,52049.2124,55774.70105,8700,0,,,,,,,,,
2596,47272.33666,48357.72318,51855.6466,55567.28054,8700,0,,,,,,,,,
2597,48129.689,49234.76057,52796.12391,56575.07371,8700,0,,,,,,,,,
2598,50009.3429,51157.57186,54858.02048,58784.55314,8700,0,,,,,,,,,
2599,52785.66844,53997.64265,57903.52586,62048.04446,8700,0,,,,,,,,,
2600,55187.0222,56454.13218,60537.70393,64870.76716,8700,0,,,,,,,,,
2601,58104.32178,59438.4138,63737.85155,68299.96944,8700,0,,,,,,,,,
2602,57727.43199,59052.8705,63324.42025,67856.94626,8700,0,,,,,,,,,
2603,56845.14547,58150.32644,62356.59126,66819.84367,8700,0,,,,,,,,,
2604,55149.62092,56415.87216,60496.67639,64826.80303,8700,0,,,,,,,,,
2605,52309.04191,53510.07263,57380.68781,61487.7836,8700,0,,,,,,,,,
2606,54219.38404,55464.27677,59476.24799,63733.33617,8700,0,,,,,,,,,
2607,55822.8439,57104.55253,61235.172,65618.15739,8700,0,,,,,,,,,
2608,57696.74377,59021.47768,63290.75665,67820.87313,8700,0,,,,,,,,,
2609,59930.27129,61306.28764,65740.83679,70446.32089,8700,0,,,,,,,,,
2610,61602.77966,63017.19728,67575.50394,72412.30668,8700,0,,,,,,,,,
2611,62727.69498,64167.94098,68809.48592,73734.61248,8700,0,,,,,,,,,
2612,63363.51668,64818.36134,69506.95398,74482.00271,8700,0,,,,,,,,,
2613,62057.34902,63482.20369,68074.14627,72946.63997,8700,0,,,,,,,,,
2614,60392.51271,61779.14226,66247.89504,70989.67246,8700,0,,,,,,,,,
2615,58973.18221,60327.22352,64690.95273,69321.29004,8700,0,,,,,,,,,
2616,58671.09497,60018.20027,64359.57649,68966.19513,8700,0,,,,,,,,,
2617,55144.82589,56410.96703,60491.41645,64821.16661,8700,0,,,,,,,,,
2618,53271.88504,54495.02292,58436.88381,62619.57818,8700,0,,,,,,,,,
2619,52497.96631,53703.33479,57587.92945,61709.85883,8700,0,,,,,,,,,
2620,52212.1822,53410.98899,57274.43703,61373.92778,8700,0,,,,,,,,,
2621,52713.74291,53924.06568,57824.62677,61963.49806,8700,0,,,,,,,,,
2622,54163.76163,55407.37725,59415.23268,63667.95362,8700,0,,,,,,,,,
2623,56126.84915,57415.53783,61568.65221,65975.50688,8700,0,,,,,,,,,
2624,57542.34362,58863.53246,63121.38656,67639.38017,8700,0,,,,,,,,,
2625,59251.29426,60611.7211,64996.02926,69648.2028,8700,0,,,,,,,,,
2626,58536.83398,59880.85661,64212.29816,68808.37516,8700,0,,,,,,,,,
2627,57813.74263,59141.16287,63419.09918,67958.40195,8700,0,,,,,,,,,
2628,56213.15979,57503.83018,61663.33113,66076.96257,8700,0,,,,,,,,,
2629,53356.27766,54581.35322,58529.45875,62718.77929,8700,0,,,,,,,,,
2630,55420.06093,56692.52155,60793.33703,65144.69752,8700,0,,,,,,,,,
2631,57030.23384,58339.6645,62559.62495,67037.40976,8700,0,,,,,,,,,
2632,58835.08519,60185.95575,64539.46645,69158.96093,8700,0,,,,,,,,,
2633,61003.40022,62404.05592,66918.01141,71707.75328,8700,0,,,,,,,,,
2634,62056.39001,63481.22267,68073.09428,72945.51267,8700,0,,,,,,,,,
2635,63026.90519,64474.02114,69137.70617,74086.32553,8700,0,,,,,,,,,
2636,63671.35796,65133.27074,69844.64215,74843.86134,8700,0,,,,,,,,,
2637,62200.24108,63628.37659,68230.89249,73114.6055,8700,0,,,,,,,,,
2638,60421.28292,61808.57304,66279.45467,71023.49103,8700,0,,,,,,,,,
2639,58973.18221,60327.22352,64690.95273,69321.29004,8700,0,,,,,,,,,
2640,58160.9032,59496.29435,63799.91885,68366.47928,8700,0,,,,,,,,,
2641,54425.57057,55675.1974,59702.42542,63975.70254,8700,0,,,,,,,,,
2642,52508.51539,53714.12608,57599.50132,61722.25897,8700,0,,,,,,,,,
2643,51688.56432,52875.34869,56700.05154,60758.42992,8700,0,,,,,,,,,
2644,51479.50078,52661.485,56470.71816,60512.6817,8700,0,,,,,,,,,
2645,52085.59326,53281.49353,57135.57459,61225.12609,8700,0,,,,,,,,,
2646,53371.62177,54597.04963,58546.29056,62736.81585,8700,0,,,,,,,,,
2647,55447.87213,56720.9713,60823.84468,65177.3888,8700,0,,,,,,,,,
2648,57135.72462,58447.57737,62675.34364,67161.41116,8700,0,,,,,,,,,
2649,59145.80348,60503.80823,64880.31057,69524.20141,8700,0,,,,,,,,,
2650,58840.83923,60191.84191,64545.77837,69165.72464,8700,0,,,,,,,,,
2651,58138.84604,59473.73075,63775.72313,68340.55171,8700,0,,,,,,,,,
2652,56838.43242,58143.45925,62349.22733,66811.95267,8700,0,,,,,,,,,
2653,54421.73454,55671.27329,59698.21746,63971.1934,8700,0,,,,,,,,,
2654,57501.10632,58821.34835,63076.15108,67590.90689,8700,0,,,,,,,,,
2655,59196.63086,60555.80262,64936.06594,69583.94754,8700,0,,,,,,,,,
2656,60380.04561,61766.38891,66234.21917,70975.01775,8700,0,,,,,,,,,
2657,62279.83866,63709.80176,68318.20749,73208.17018,8700,0,,,,,,,,,
2658,62915.66037,64360.22212,69015.67557,73955.56042,8700,0,,,,,,,,,
2659,62905.11129,64349.43082,69004.10369,73943.16029,8700,0,,,,,,,,,
2660,63236.92774,64688.86588,69368.09155,74333.20104,8700,0,,,,,,,,,
2661,62173.38888,63600.90786,68201.43683,73083.0415,8700,0,,,,,,,,,
2662,60646.64958,62039.11419,66526.67185,71288.40309,8700,0,,,,,,,,,
2663,58836.04419,60186.93677,64540.51843,69160.08821,8700,0,,,,,,,,,
2664,57902.93029,59232.3983,63516.93406,68063.2395,8700,0,,,,,,,,,
2665,54305.69468,55552.56912,59570.92692,63834.79186,8700,0,,,,,,,,,
2666,52772.24234,53983.90827,57888.79804,62032.26246,8700,0,,,,,,,,,
2667,51652.12205,52838.06971,56660.07599,60715.59308,8700,0,,,,,,,,,
2668,51268.51922,52445.65924,56239.28079,60264.67892,8700,0,,,,,,,,,
2669,51823.78432,53013.67339,56848.38186,60917.37716,8700,0,,,,,,,,,
2670,52898.83128,54113.40373,58027.66045,62181.06414,8700,0,,,,,,,,,
2671,55158.25199,56424.70139,60506.14429,64836.94861,8700,0,,,,,,,,,
2672,57897.17625,59226.51214,63510.62214,68056.47579,8700,0,,,,,,,,,
2673,61268.08618,62674.81914,67208.36011,72018.88405,8700,0,,,,,,,,,
2674,61357.27384,62766.05458,67306.19499,72123.7216,8700,0,,,,,,,,,
2675,60585.27313,61976.3285,66459.34462,71216.25683,8700,0,,,,,,,,,
2676,59739.42887,61111.06342,65531.49116,70221.99108,8700,0,,,,,,,,,
2677,57388.90249,58706.56827,62953.06848,67459.01451,8700,0,,,,,,,,,
2678,60018.49994,61396.54205,65837.61969,70550.03114,8700,0,,,,,,,,,
2679,62057.34902,63482.20369,68074.14627,72946.63997,8700,0,,,,,,,,,
2680,63429.68817,64886.05214,69579.54116,74559.78541,8700,0,,,,,,,,,
2681,64507.61214,65988.72556,70761.97571,75826.85422,8700,0,,,,,,,,,
2682,64310.05668,65786.63416,70545.26618,75594.63343,8700,0,,,,,,,,,
2683,64097.15711,65568.84636,70311.72484,75344.37607,8700,0,,,,,,,,,
2684,64220.86902,65695.39874,70447.43129,75489.79588,8700,0,,,,,,,,,
2685,62520.54945,63956.03933,68582.2565,73491.11883,8700,0,,,,,,,,,
2686,60593.90419,61985.15775,66468.81251,71226.4024,8700,0,,,,,,,,,
2687,58612.59554,59958.35767,64295.40521,68897.43071,8700,0,,,,,,,,,
2688,57836.7588,59164.7075,63444.34689,67985.4568,8700,0,,,,,,,,,
2689,54160.88461,55404.43417,59412.07673,63664.57175,8700,0,,,,,,,,,
2690,52296.57482,53497.31928,57367.01196,61473.12889,8700,0,,,,,,,,,
2691,51545.67227,52729.17581,56543.30533,60590.4644,8700,0,,,,,,,,,
2692,51213.85581,52389.74073,56179.31746,60200.42364,8700,0,,,,,,,,,
2693,51471.82872,52653.63678,56462.30225,60503.66342,8700,0,,,,,,,,,
2694,52601.53908,53809.28562,57701.54417,61831.60566,8700,0,,,,,,,,,
2695,55104.54759,56369.76392,60447.23296,64773.82062,8700,0,,,,,,,,,
2696,58165.69823,59501.19948,63805.17879,68372.11569,8700,0,,,,,,,,,
2697,61582.64051,62996.59574,67553.41219,72388.63368,8700,0,,,,,,,,,
2698,61519.34604,62931.848,67483.98098,72314.23284,8700,0,,,,,,,,,
2699,60764.60746,62159.78041,66656.0664,71427.05921,8700,0,,,,,,,,,
2700,59781.62519,61154.22858,65577.77865,70271.59165,8700,0,,,,,,,,,
2701,57759.07923,59085.24439,63359.13586,67894.14668,8700,0,,,,,,,,,
2702,59765.32207,61137.55114,65559.89485,70252.4278,8700,0,,,,,,,,,
2703,60740.63228,62135.25475,66629.76668,71398.87707,8700,0,,,,,,,,,
2704,61822.39228,63241.85227,67816.4092,72670.45503,8700,0,,,,,,,,,
2705,62777.56335,64218.95434,68864.18929,73793.23132,8700,0,,,,,,,,,
2706,62488.90221,63923.66547,68547.54089,73453.91841,8700,0,,,,,,,,,
2707,62207.91313,63636.2248,68239.30839,73123.62377,8700,0,,,,,,,,,
2708,62394.91952,63827.52491,68444.44606,73343.44444,8700,0,,,,,,,,,
2709,61506.87895,62919.09467,67470.30513,72299.57814,8700,0,,,,,,,,,
2710,60164.26902,61545.65802,65997.52187,70721.37853,8700,0,,,,,,,,,
2711,58515.73582,59859.27403,64189.15443,68783.57487,8700,0,,,,,,,,,
2712,57552.8927,58874.32376,63132.95843,67651.7803,8700,0,,,,,,,,,
2713,54010.3205,55250.41307,59246.91461,63487.58795,8700,0,,,,,,,,,
2714,52066.41312,53261.87301,57114.53484,61202.58039,8700,0,,,,,,,,,
2715,51035.48049,52207.26987,55983.64769,59990.74854,8700,0,,,,,,,,,
2716,50577.0751,51738.33936,55480.79741,59451.90612,8700,0,,,,,,,,,
2717,50675.85283,51839.38505,55589.15217,59568.01651,8700,0,,,,,,,,,
2718,51093.02092,52266.13145,56046.76698,60058.38569,8700,0,,,,,,,,,
2719,51595.54064,52780.18917,56598.00871,60649.08325,8700,0,,,,,,,,,
2720,51276.19127,52453.50744,56247.69668,60273.69719,8700,0,,,,,,,,,
2721,51183.16759,52358.34791,56145.65385,60164.35051,8700,0,,,,,,,,,
2722,49994.9578,51142.85649,54842.24067,58767.64388,8700,0,,,,,,,,,
2723,49612.31397,50751.42704,54422.49743,58317.85698,8700,0,,,,,,,,,
2724,48137.36106,49242.60878,52804.53982,56584.09199,8700,0,,,,,,,,,
2725,46705.56347,47777.93671,51233.92168,54901.05485,8700,0,,,,,,,,,
2726,48292.72021,49401.53502,52974.96189,56766.71223,8700,0,,,,,,,,,
2727,49793.56631,50936.84098,54621.32317,58530.91392,8700,0,,,,,,,,,
2728,50730.51624,51895.30355,55649.1155,59632.27179,8700,0,,,,,,,,,
2729,52008.87269,53203.01143,57051.41555,61134.94326,8700,0,,,,,,,,,
2730,52435.63085,53639.56809,57519.55023,61636.58528,8700,0,,,,,,,,,
2731,53924.00986,55162.12071,59152.23567,63386.13225,8700,0,,,,,,,,,
2732,55413.34788,56685.65436,60785.97312,65136.80653,8700,0,,,,,,,,,
2733,55358.68447,56629.73586,60726.00978,65072.55126,8700,0,,,,,,,,,
2734,54508.04518,55759.56565,59792.89639,64072.64909,8700,0,,,,,,,,,
2735,53557.66915,54787.36872,58750.37624,62955.50923,8700,0,,,,,,,,,
2736,53168.31227,54389.07208,58323.26909,62497.83135,8700,0,,,,,,,,,
2737,50311.43014,51466.59511,55189.39671,59139.64806,8700,0,,,,,,,,,
2738,48262.03198,49370.14218,52941.29827,56730.6391,8700,0,,,,,,,,,
2739,47101.6334,48183.10052,51668.39274,55366.62374,8700,0,,,,,,,,,
2740,46572.26148,47641.57407,51087.69533,54744.36218,8700,0,,,,,,,,,
2741,46890.65184,47967.27475,51436.95537,55118.62094,8700,0,,,,,,,,,
2742,47452.62999,48542.15609,52053.42036,55779.21019,8700,0,,,,,,,,,
2743,47594.56304,48687.34795,52209.11459,55946.04844,8700,0,,,,,,,,,
2744,46159.88843,47219.7328,50635.34048,54259.62944,8700,0,,,,,,,,,
2745,44284.07056,45300.84562,48577.65186,52054.65916,8700,0,,,,,,,,,
2746,42943.37864,43929.37102,47106.97258,50478.71413,8700,0,,,,,,,,,
2747,43147.64715,44138.32959,47331.04603,50718.82591,8700,0,,,,,,,,,
2748,42179.04999,43147.49317,46268.53812,49580.26764,8700,0,,,,,,,,,
2749,41633.37495,42589.28927,45669.95692,48938.84223,8700,0,,,,,,,,,
2750,42015.05977,42979.73768,46088.64815,49387.50182,8700,0,,,,,,,,,
2751,43510.15183,44509.15749,47728.69752,51144.9398,8700,0,,,,,,,,,
2752,45402.27283,46444.72213,49804.26992,53369.07396,8700,0,,,,,,,,,
2753,47872.6751,48971.84555,52514.19113,56272.96122,8700,0,,,,,,,,,
2754,50406.37184,51563.7167,55293.54353,59251.24931,8700,0,,,,,,,,,
2755,52670.58759,53879.9195,57777.28731,61912.77021,8700,0,,,,,,,,,
2756,54354.60404,55602.60146,59624.5783,63892.28341,8700,0,,,,,,,,,
2757,54481.19298,55732.09691,59763.44073,64041.0851,8700,0,,,,,,,,,
2758,53700.56121,54933.54161,58907.12247,63123.47476,8700,0,,,,,,,,,
2759,52824.02872,54036.88368,57945.60539,62093.13587,8700,0,,,,,,,,,
2760,51536.0822,52719.36554,56532.78546,60579.19156,8700,0,,,,,,,,,
2761,48575.6273,49690.93773,53285.29836,57099.26144,8700,0,,,,,,,,,
2762,46937.64318,48015.34503,51488.50277,55173.85792,8700,0,,,,,,,,,
2763,46136.87226,47196.18818,50610.09276,54232.5746,8700,0,,,,,,,,,
2764,46009.32432,47065.7117,50470.17836,54082.64564,8700,0,,,,,,,,,
2765,46578.01552,47647.46022,51094.00726,54751.12589,8700,0,,,,,,,,,
2766,48322.44943,49431.94683,53007.57352,56801.65808,8700,0,,,,,,,,,
2767,50796.68773,51962.99436,55721.70266,59710.05448,8700,0,,,,,,,,,
2768,53330.38447,54554.86551,58501.05508,62688.34258,8700,0,,,,,,,,,
2769,56801.99015,58106.18026,62309.2518,66769.11582,8700,0,,,,,,,,,
2770,56892.13681,58198.39671,62408.13866,66875.08065,8700,0,,,,,,,,,
2771,56507.57497,57805.00523,61986.29146,66423.0392,8700,0,,,,,,,,,
2772,55118.9327,56384.47933,60463.01278,64790.72991,8700,0,,,,,,,,,
2773,52792.38149,54004.50982,57910.88979,62055.93545,8700,0,,,,,,,,,
2774,55138.11284,56404.09986,60484.05254,64813.27561,8700,0,,,,,,,,,
2775,56701.2944,58003.17251,62198.79304,66650.75084,8700,0,,,,,,,,,
2776,58045.82235,59378.57121,63673.68028,68231.20503,8700,0,,,,,,,,,
2777,60100.01554,61479.92927,65927.03867,70645.85041,8700,0,,,,,,,,,
2778,61350.56079,62759.1874,67298.83108,72115.83061,8700,0,,,,,,,,,
2779,62230.9293,63659.76942,68264.5561,73150.67862,8700,0,,,,,,,,,
2780,62772.76831,64214.04921,68858.92935,73787.59489,8700,0,,,,,,,,,
2781,61546.19824,62959.31674,67513.43664,72345.79683,8700,0,,,,,,,,,
2782,59827.65753,61201.31783,65628.27407,70325.70135,8700,0,,,,,,,,,
2783,57988.28192,59319.70963,63610.56099,68163.5679,8700,0,,,,,,,,,
2784,57418.63171,58736.98009,62985.68011,67493.96036,8700,0,,,,,,,,,
2785,54068.81993,55310.25567,59311.08586,63556.35236,8700,0,,,,,,,,,
2786,52268.76362,53468.86953,57336.50432,61440.43762,8700,0,,,,,,,,,
2787,51367.29695,52546.70493,56347.63555,60380.78932,8700,0,,,,,,,,,
2788,50860.9412,52028.7231,55792.18587,59785.5826,8700,0,,,,,,,,,
2789,51357.70688,52536.89467,56337.11567,60369.51646,8700,0,,,,,,,,,
2790,52463.44206,53668.01785,57550.05789,61669.27656,8700,0,,,,,,,,,
2791,54613.53596,55867.47854,59908.61507,64196.65047,8700,0,,,,,,,,,
2792,57173.12589,58485.83738,62716.37116,67205.37528,8700,0,,,,,,,,,
2793,60887.36037,62285.35176,66790.72086,71571.35175,8700,0,,,,,,,,,
2794,61339.05271,62747.41509,67286.20723,72102.30318,8700,0,,,,,,,,,
2795,61004.35923,62405.03695,66919.06339,71708.88056,8700,0,,,,,,,,,
2796,60100.01554,61479.92927,65927.03867,70645.85041,8700,0,,,,,,,,,
2797,58319.13937,59658.16366,63973.49688,68552.48137,8700,0,,,,,,,,,
2798,60280.30888,61664.3622,66124.81243,70857.78007,8700,0,,,,,,,,,
2799,60989.97412,62390.32155,66903.28357,71691.97128,8700,0,,,,,,,,,
2800,62107.21739,63533.21706,68128.84965,73005.25881,8700,0,,,,,,,,,
2801,63565.86718,65025.35786,69728.92346,74719.85994,8700,0,,,,,,,,,
2802,63540.93299,64999.85118,69701.57177,74690.55052,8700,0,,,,,,,,,
2803,63452.70434,64909.59677,69604.78887,74586.84025,8700,0,,,,,,,,,
2804,63448.86831,64905.67266,69600.58092,74582.33111,8700,0,,,,,,,,,
2805,62180.10193,63607.77504,68208.80074,73090.9325,8700,0,,,,,,,,,
2806,60377.16859,61763.44583,66231.06321,70971.63589,8700,0,,,,,,,,,
2807,58444.7693,59786.67809,64111.30732,68700.15576,8700,0,,,,,,,,,
2808,57889.50419,59218.66394,63502.20623,68047.4575,8700,0,,,,,,,,,
2809,54300.89965,55547.664,59565.66698,63829.15544,8700,0,,,,,,,,,
2810,52497.0073,53702.35376,57586.87747,61708.73154,8700,0,,,,,,,,,
2811,51609.92574,52794.90455,56613.78852,60665.99252,8700,0,,,,,,,,,
2812,51258.92915,52435.84898,56228.76091,60253.40606,8700,0,,,,,,,,,
2813,51709.66248,52896.93127,56723.19529,60783.23021,8700,0,,,,,,,,,
2814,52805.80759,54018.24419,57925.61762,62071.71745,8700,0,,,,,,,,,
2815,54847.53369,56106.84892,60165.30015,64471.70812,8700,0,,,,,,,,,
2816,57140.51965,58452.48249,62680.60357,67167.04758,8700,0,,,,,,,,,
2817,60001.23781,61378.88357,65818.6839,70529.74,8700,0,,,,,,,,,
2818,59768.19909,61140.49422,65563.05082,70255.80965,8700,0,,,,,,,,,
2819,59009.62448,60364.50252,64730.92827,69364.12688,8700,0,,,,,,,,,
2820,57770.58731,59097.01669,63371.75971,67907.6741,8700,0,,,,,,,,,
2821,55816.13085,57097.68534,61227.80807,65610.2664,8700,0,,,,,,,,,
2822,58724.79937,60073.13773,64418.48781,69029.32311,8700,0,,,,,,,,,
2823,60503.75753,61892.94129,66369.92564,71120.43757,8700,0,,,,,,,,,
2824,61284.3893,62691.49659,67226.24391,72038.0479,8700,0,,,,,,,,,
2825,62276.96164,63706.85867,68315.05152,73204.78832,8700,0,,,,,,,,,
2826,62158.04476,63585.21144,68184.60501,73065.00492,8700,0,,,,,,,,,
2827,62207.91313,63636.2248,68239.30839,73123.62377,8700,0,,,,,,,,,
2828,62863.87398,64307.2467,68958.86821,73894.687,8700,0,,,,,,,,,
2829,61911.57994,63333.08771,67914.24408,72775.29257,8700,0,,,,,,,,,
2830,60374.29157,61760.50276,66227.90725,70968.25404,8700,0,,,,,,,,,
2831,58719.04533,60067.25158,64412.17589,69022.5594,8700,0,,,,,,,,,
2832,57563.44178,58885.11504,63144.5303,67664.18046,8700,0,,,,,,,,,
2833,53929.7639,55168.00686,59158.54759,63392.89596,8700,0,,,,,,,,,
2834,52126.83057,53323.67767,57180.81009,61273.59937,8700,0,,,,,,,,,
2835,51281.94532,52459.3936,56254.00862,60280.46092,8700,0,,,,,,,,,
2836,50930.94872,52100.33802,55868.98099,59867.87445,8700,0,,,,,,,,,
2837,51327.01865,52505.50184,56303.45206,60333.44332,8700,0,,,,,,,,,
2838,52514.26943,53720.01224,57605.81325,61729.02268,8700,0,,,,,,,,,
2839,54679.70745,55935.16934,59981.20225,64274.43318,8700,0,,,,,,,,,
2840,57326.56703,58642.80158,62884.68925,67385.74095,8700,0,,,,,,,,,
2841,59989.72973,61367.11127,65806.06005,70516.21259,8700,0,,,,,,,,,
2842,59907.25512,61282.74301,65715.58908,70419.26604,8700,0,,,,,,,,,
2843,59486.251,60852.07251,65253.76632,69924.38773,8700,0,,,,,,,,,
2844,58220.36164,59557.11797,63865.14211,68436.37098,8700,0,,,,,,,,,
2845,54855.20575,56114.69712,60173.71606,64480.72641,8700,0,,,,,,,,,
2846,56497.9849,57795.19496,61975.77158,66411.76635,8700,0,,,,,,,,,
2847,57379.31242,58696.75802,62942.5486,67447.74165,8700,0,,,,,,,,,
2848,58907.96972,60260.51373,64619.41753,69244.63462,8700,0,,,,,,,,,
2849,61210.54576,62615.95758,67145.24083,71951.24693,8700,0,,,,,,,,,
2850,62295.18278,63725.49817,68335.03931,73226.20674,8700,0,,,,,,,,,
2851,62929.08647,64373.95648,69030.40341,73971.34242,8700,0,,,,,,,,,
2852,63315.56633,64769.31003,69454.35459,74425.63845,8700,0,,,,,,,,,
2853,61993.09554,63416.47493,68003.66306,72871.11183,8700,0,,,,,,,,,
2854,60368.53753,61754.6166,66221.59532,70961.49033,8700,0,,,,,,,,,
2855,58562.72717,59907.34431,64240.70183,68838.81187,8700,0,,,,,,,,,
2856,57573.03185,58894.9253,63155.05017,67675.4533,8700,0,,,,,,,,,
2857,54063.06589,55304.36951,59304.77394,63549.58865,8700,0,,,,,,,,,
2858,52263.96858,53463.9644,57331.24438,61434.80119,8700,0,,,,,,,,,
2859,51304.00248,52481.9572,56278.20435,60306.38847,8700,0,,,,,,,,,
2860,50962.59595,52132.71188,55903.6966,59905.07486,8700,0,,,,,,,,,
2861,51329.89567,52508.44491,56306.60802,60336.82518,8700,0,,,,,,,,,
2862,52360.8283,53563.04805,57437.49516,61548.65702,8700,0,,,,,,,,,
2863,54650.93724,55905.73855,59949.64261,64240.61462,8700,0,,,,,,,,,
2864,57381.23043,58698.72007,62944.65257,67449.99622,8700,0,,,,,,,,,
2865,60269.7598,61653.57091,66113.24056,70845.37994,8700,0,,,,,,,,,
2866,60197.83427,61579.99394,66034.34145,70760.83352,8700,0,,,,,,,,,
2867,59167.86065,60526.37183,64904.50629,69550.12898,8700,0,,,,,,,,,
2868,57544.26164,58865.49451,63123.49054,67641.63475,8700,0,,,,,,,,,
2869,54987.54873,56250.07874,60318.89042,64636.2918,8700,0,,,,,,,,,
2870,57220.11724,58533.90766,62767.91858,67260.61227,8700,0,,,,,,,,,
2871,58648.0788,59994.65564,64334.32877,68939.14027,8700,0,,,,,,,,,
2872,59870.81285,61245.46402,65675.61353,70376.42919,8700,0,,,,,,,,,
2873,61235.47994,62641.46426,67172.59251,71980.55635,8700,0,,,,,,,,,
2874,61117.52207,62520.79804,67043.19799,71841.90024,8700,0,,,,,,,,,
2875,61410.97824,62820.99205,67365.10633,72186.84958,8700,0,,,,,,,,,
2876,61667.99214,63083.90705,67647.03912,72488.96208,8700,0,,,,,,,,,
2877,60545.95384,61936.10644,66416.21312,71170.03813,8700,0,,,,,,,,,
2878,59287.73653,60649.0001,65036.0048,69691.03965,8700,0,,,,,,,,,
2879,57878.95511,59207.87265,63490.63436,68035.05736,8700,0,,,,,,,,,
2880,57221.07625,58534.88869,62768.97057,67261.73956,8700,0,,,,,,,,,
2881,53758.10163,54992.40318,58970.24174,63191.11187,8700,0,,,,,,,,,
2882,51713.49851,52900.85538,56727.40323,60787.73935,8700,0,,,,,,,,,
2883,50457.19922,51615.71109,55349.2989,59310.99544,8700,0,,,,,,,,,
2884,49955.63851,51102.63441,54799.10915,58721.42517,8700,0,,,,,,,,,
2885,49808.91042,50952.5374,54638.15497,58548.95049,8700,0,,,,,,,,,
2886,49811.78744,50955.48048,54641.31094,58552.33235,8700,0,,,,,,,,,
2887,50411.16688,51568.62184,55298.80347,59256.88575,8700,0,,,,,,,,,
2888,50377.60163,51534.28592,55261.9839,59217.43075,8700,0,,,,,,,,,
2889,50468.7073,51627.48341,55361.92276,59324.52287,8700,0,,,,,,,,,
2890,49998.79383,51146.78058,54846.44861,58772.15302,8700,0,,,,,,,,,
2891,50373.7656,51530.36182,55257.77594,59212.9216,8700,0,,,,,,,,,
2892,49565.32262,50703.35675,54370.95002,58262.62,8700,0,,,,,,,,,
2893,47867.88006,48966.94042,52508.93118,56267.32478,8700,0,,,,,,,,,
2894,48082.69765,49186.69029,52744.57651,56519.83671,8700,0,,,,,,,,,
2895,48524.79992,49638.94334,53229.54299,57039.5153,8700,0,,,,,,,,,
2896,48980.32829,50104.93079,53729.23731,57574.97587,8700,0,,,,,,,,,
2897,49719.72276,50861.30197,54540.3201,58444.11295,8700,0,,,,,,,,,
2898,51198.5117,52374.04432,56162.48566,60182.38708,8700,0,,,,,,,,,
2899,52992.81397,54209.54429,58130.75528,62291.53811,8700,0,,,,,,,,,
2900,54371.86617,55620.25993,59643.51409,63912.57456,8700,0,,,,,,,,,
2901,54431.32461,55681.08355,59708.73735,63982.46624,8700,0,,,,,,,,,
2902,53682.34007,54914.90212,58887.13469,63102.05633,8700,0,,,,,,,,,
2903,53089.67369,54308.62794,58237.00607,62405.39394,8700,0,,,,,,,,,
2904,52940.06858,54155.58785,58072.89595,62229.53742,8700,0,,,,,,,,,
2905,49991.12177,51138.93238,54838.03271,58763.13473,8700,0,,,,,,,,,
2906,47751.84021,48848.23626,52381.64063,56130.92325,8700,0,,,,,,,,,
2907,46606.78574,47676.89101,51125.56691,54784.94445,8700,0,,,,,,,,,
2908,46153.17538,47212.86563,50627.97656,54251.73844,8700,0,,,,,,,,,
2909,46317.16559,47380.6211,50807.86652,54444.50425,8700,0,,,,,,,,,
2910,46881.06176,47957.46449,51426.43549,55107.34807,8700,0,,,,,,,,,
2911,47167.80489,48250.79132,51740.97992,55444.40643,8700,0,,,,,,,,,
2912,46344.9768,47409.07086,50838.37417,54477.19554,8700,0,,,,,,,,,
2913,45250.74971,46289.72,49638.05582,53190.96287,8700,0,,,,,,,,,
2914,44322.43084,45340.08666,48619.73139,52099.75057,8700,0,,,,,,,,,
2915,44265.84942,45282.20611,48557.6641,52033.24073,8700,0,,,,,,,,,
2916,42414.00672,43387.84457,46526.27518,49856.45256,8700,0,,,,,,,,,
2917,41525.96615,42479.41433,45552.13424,48812.58625,8700,0,,,,,,,,,
2918,41872.16772,42833.5648,45931.90194,49219.5363,8700,0,,,,,,,,,
2919,42594.30006,43572.2775,46724.04894,50068.38223,8700,0,,,,,,,,,
2920,43832.37821,44838.78229,48082.16549,51523.70771,8700,0,,,,,,,,,
2921,46322.91964,47386.50727,50814.17845,54451.26797,8700,0,,,,,,,,,
2922,49227.75212,50358.03553,54000.65022,57865.81552,8700,0,,,,,,,,,
2923,51800.76815,52990.12876,56823.13414,60890.32232,8700,0,,,,,,,,,
2924,53856.87936,55093.44888,59078.59652,63307.22228,8700,0,,,,,,,,,
2925,54395.84135,55644.78558,59669.81378,63940.75669,8700,0,,,,,,,,,
2926,53867.42844,55104.24017,59090.16838,63319.62242,8700,0,,,,,,,,,
2927,53194.20546,54415.55979,58351.67277,62528.26805,8700,0,,,,,,,,,
2928,52003.11865,53197.12529,57045.10363,61128.17955,8700,0,,,,,,,,,
2929,49042.66375,50168.69749,53797.61654,57648.24943,8700,0,,,,,,,,,
2930,47226.30432,48310.63392,51805.15119,55513.17084,8700,0,,,,,,,,,
2931,46315.24758,47378.65905,50805.76254,54442.24968,8700,0,,,,,,,,,
2932,46289.35439,47352.17134,50777.35886,54411.81298,8700,0,,,,,,,,,
2933,46898.32389,47975.12297,51445.37127,55127.63922,8700,0,,,,,,,,,
2934,48475.89056,49588.91101,53175.8916,56982.02375,8700,0,,,,,,,,,
2935,50943.41581,52113.09136,55882.65683,59882.52915,8700,0,,,,,,,,,
2936,53092.55071,54311.57101,58240.16204,62408.77579,8700,0,,,,,,,,,
2937,55838.18802,57120.24895,61252.00381,65636.19397,8700,0,,,,,,,,,
2938,55936.96575,57221.29464,61360.35857,65752.30437,8700,0,,,,,,,,,
2939,55758.59043,57038.82378,61164.6888,65542.62928,8700,0,,,,,,,,,
2940,54234.72816,55479.9732,59493.07981,63751.37275,8700,0,,,,,,,,,
2941,51749.94078,52938.13438,56767.37878,60830.5762,8700,0,,,,,,,,,
2942,53784.95383,55019.87192,58999.6974,63222.67587,8700,0,,,,,,,,,
2943,55484.3144,56758.25029,60863.82023,65220.22565,8700,0,,,,,,,,,
2944,57357.25525,58674.19441,62918.35286,67421.81408,8700,0,,,,,,,,,
2945,60029.04902,61407.33333,65849.19157,70562.43129,8700,0,,,,,,,,,
2946,61381.24902,62790.58023,67332.4947,72151.90374,8700,0,,,,,,,,,
2947,62143.65966,63570.49604,68168.82519,73048.09565,8700,0,,,,,,,,,
2948,62787.15342,64228.76461,68874.70917,73804.50417,8700,0,,,,,,,,,
2949,61709.22944,63126.09118,67692.27461,72537.43534,8700,0,,,,,,,,,
2950,60068.36831,61447.55541,65892.32307,70608.64999,8700,0,,,,,,,,,
2951,58427.50717,59769.01962,64092.37153,68679.86462,8700,0,,,,,,,,,
2952,57452.19696,58771.31601,63022.49968,67533.41535,8700,0,,,,,,,,,
2953,53869.34646,55106.20223,59092.27236,63321.877,8700,0,,,,,,,,,
2954,51953.25028,53146.11193,56990.40024,61069.5607,8700,0,,,,,,,,,
2955,51252.2161,52428.98179,56221.39699,60245.51506,8700,0,,,,,,,,,
2956,50824.49893,51991.44412,55752.21032,59742.74575,8700,0,,,,,,,,,
2957,51294.41241,52472.14695,56267.68446,60295.11562,8700,0,,,,,,,,,
2958,52332.05808,53533.61726,57405.93552,61514.83844,8700,0,,,,,,,,,
2959,54597.23284,55850.80108,59890.73128,64177.48663,8700,0,,,,,,,,,
2960,57800.31653,59127.4285,63404.37134,67942.61995,8700,0,,,,,,,,,
2961,62301.89583,63732.36537,68342.40322,73234.09775,8700,0,,,,,,,,,
2962,63742.32448,65205.86668,69922.48926,74927.28045,8700,0,,,,,,,,,
2963,63677.112,65139.1569,69850.95407,74850.62505,8700,0,,,,,,,,,
2964,63199.52647,64650.60586,69327.06403,74289.23691,8700,0,,,,,,,,,
2965,60913.25356,62311.83946,66819.12454,71601.78846,8700,0,,,,,,,,,
2966,63781.64377,65246.08875,69965.62076,74973.49916,8700,0,,,,,,,,,
2967,64608.30789,66091.73331,70872.43447,75945.2192,8700,0,,,,,,,,,
2968,64698.45455,66183.94976,70971.32133,76051.18403,8700,0,,,,,,,,,
2969,65057.12321,66550.85356,71364.76487,76472.78878,8700,0,,,,,,,,,
2970,64260.18831,65735.6208,70490.5628,75536.01458,8700,0,,,,,,,,,
2971,63706.84122,65169.5687,69883.56571,74885.57089,8700,0,,,,,,,,,
2972,63564.90817,65024.37683,69727.87147,74718.73265,8700,0,,,,,,,,,
2973,62182.97895,63610.71812,68211.9567,73094.31436,8700,0,,,,,,,,,
2974,60379.08661,61765.40789,66233.1672,70973.89047,8700,0,,,,,,,,,
2975,58757.40561,60106.49262,64454.25542,69067.65081,8700,0,,,,,,,,,
2976,58070.75653,59404.07788,63701.03197,68260.51444,8700,0,,,,,,,,,
2977,54416.93951,55666.36817,59692.95754,63965.55697,8700,0,,,,,,,,,
2978,52326.30404,53527.73111,57399.62359,61508.07473,8700,0,,,,,,,,,
2979,51161.11042,52335.7843,56121.45811,60138.42294,8700,0,,,,,,,,,
2980,50561.73099,51722.64294,55463.96559,59433.86955,8700,0,,,,,,,,,
2981,50962.59595,52132.71188,55903.6966,59905.07486,8700,0,,,,,,,,,
2982,51394.14915,52574.17367,56377.09122,60412.3533,8700,0,,,,,,,,,
2983,51789.26007,52978.35644,56810.51029,60876.7949,8700,0,,,,,,,,,
2984,51101.65198,52274.96068,56056.23487,60068.53124,8700,0,,,,,,,,,
2985,50628.86149,51791.31478,55537.60477,59512.77954,8700,0,,,,,,,,,
2986,49873.1639,51018.26616,54708.63818,58624.47862,8700,0,,,,,,,,,
2987,49957.55652,51104.59645,54801.21313,58723.67973,8700,0,,,,,,,,,
2988,48482.60361,49595.7782,53183.25552,56989.91475,8700,0,,,,,,,,,
2989,46157.97042,47217.77075,50633.2365,54257.37487,8700,0,,,,,,,,,
2990,47453.589,48543.13712,52054.47234,55780.33748,8700,0,,,,,,,,,
2991,48643.7168,49760.59059,53359.98951,57179.29869,8700,0,,,,,,,,,
2992,50145.52191,51296.87759,55007.40278,58944.62767,8700,0,,,,,,,,,
2993,52286.98475,53487.50903,57356.49208,61461.85604,8700,0,,,,,,,,,
2994,54084.16404,55325.95208,59327.91767,63574.38893,8700,0,,,,,,,,,
2995,56079.85781,57367.46755,61517.1048,65920.2699,8700,0,,,,,,,,,
2996,57719.75994,59045.02231,63316.00435,67847.92799,8700,0,,,,,,,,,
2997,58058.28944,59391.32455,63687.35613,68245.85974,8700,0,,,,,,,,,
2998,57247.92845,58562.35743,62798.42624,67293.30355,8700,0,,,,,,,,,
2999,56228.50391,57519.52661,61680.16295,66094.99915,8700,0,,,,,,,,,
3000,54921.37724,56182.38793,60246.30324,64558.5091,8700,0,,,,,,,,,
3001,51577.3195,52761.54966,56578.02093,60627.66481,8700,0,,,,,,,,,
3002,49797.40234,50940.76509,54625.53113,58535.42307,8700,0,,,,,,,,,
3003,49018.68858,50144.17183,53771.31684,57620.06731,8700,0,,,,,,,,,
3004,48861.41141,49983.28354,53598.7908,57435.19249,8700,0,,,,,,,,,
3005,49357.21808,50490.47407,54142.66861,58017.99906,8700,0,,,,,,,,,
3006,50468.7073,51627.48341,55361.92276,59324.52287,8700,0,,,,,,,,,
3007,52434.67184,53638.58706,57518.49824,61635.45798,8700,0,,,,,,,,,
3008,53934.55894,55172.91201,59163.80755,63398.5324,8700,0,,,,,,,,,
3009,56692.66334,57994.34328,62189.32516,66640.60529,8700,0,,,,,,,,,
3010,56965.98036,58273.93573,62489.14175,66961.88164,8700,0,,,,,,,,,
3011,57129.01157,58440.71019,62667.97973,67153.52016,8700,0,,,,,,,,,
3012,56522.91908,57820.70165,62003.12327,66441.07577,8700,0,,,,,,,,,
3013,54596.27383,55849.82006,59889.67929,64176.35934,8700,0,,,,,,,,,
3014,57242.1744,58556.47126,62792.1143,67286.53983,8700,0,,,,,,,,,
3015,58763.15965,60112.37878,64460.56734,69074.41452,8700,0,,,,,,,,,
3016,59753.81398,61125.77882,65547.27099,70238.90037,8700,0,,,,,,,,,
3017,61847.32647,63267.35896,67843.7609,72699.76446,8700,0,,,,,,,,,
3018,62016.11171,63440.01956,68028.91077,72898.16668,8700,0,,,,,,,,,
3019,62199.28207,63627.39556,68229.8405,73113.4782,8700,0,,,,,,,,,
3020,62753.58817,64194.42868,68837.88959,73765.04918,8700,0,,,,,,,,,
3021,61673.74618,63089.79321,67653.35105,72495.72579,8700,0,,,,,,,,,
3022,60062.61426,61441.66923,65886.01113,70601.88627,8700,0,,,,,,,,,
3023,58335.44249,59674.84112,63991.38067,68571.64522,8700,0,,,,,,,,,
3024,57401.36958,58719.32162,62966.74432,67473.66922,8700,0,,,,,,,,,
3025,53892.36263,55129.74685,59117.52008,63348.93184,8700,0,,,,,,,,,
3026,52035.72489,53230.48017,57080.87121,61166.50725,8700,0,,,,,,,,,
3027,51195.63468,52371.10126,56159.3297,60179.00522,8700,0,,,,,,,,,
3028,50862.85922,52030.68516,55794.28984,59787.83718,8700,0,,,,,,,,,
3029,51226.32291,52402.49409,56192.99331,60215.07836,8700,0,,,,,,,,,
3030,52029.97085,53224.59402,57074.55929,61159.74354,8700,0,,,,,,,,,
3031,53790.70787,55025.75807,59006.00933,63229.43958,8700,0,,,,,,,,,
3032,55665.56674,56943.66423,61062.64596,65433.28259,8700,0,,,,,,,,,
3033,58968.38717,60322.31838,64685.69277,69315.6536,8700,0,,,,,,,,,
3034,60919.96661,62318.70666,66826.48845,71609.67945,8700,0,,,,,,,,,
3035,62124.47952,63550.87552,68147.78543,73025.54995,8700,0,,,,,,,,,
3036,61621.9598,63036.8178,67596.5437,72434.85238,8700,0,,,,,,,,,
3037,58726.71738,60075.09978,64420.59179,69031.57767,8700,0,,,,,,,,,
3038,59069.08292,60425.32613,64796.15153,69434.01857,8700,0,,,,,,,,,
3039,58827.41313,60178.10753,64531.05054,69149.94265,8700,0,,,,,,,,,
3040,59077.71398,60434.15537,64805.61943,69444.16414,8700,0,,,,,,,,,
3041,59960.95951,61337.68046,65774.50041,70482.39401,8700,0,,,,,,,,,
3042,60680.21483,62073.4501,66563.49144,71327.85809,8700,0,,,,,,,,,
3043,60985.17909,62385.41643,66898.02363,71686.33486,8700,0,,,,,,,,,
3044,61665.11512,63080.96399,67643.88317,72485.58022,8700,0,,,,,,,,,
3045,61079.16178,62481.55699,67001.11845,71796.80882,8700,0,,,,,,,,,
3046,59632.02008,61001.18849,65413.66851,70095.73512,8700,0,,,,,,,,,
3047,57892.38121,59221.60702,63505.36219,68050.83935,8700,0,,,,,,,,,
3048,57186.55199,58499.57175,62731.099,67221.15728,8700,0,,,,,,,,,
3049,53769.60972,55004.17549,58982.86561,63204.6393,8700,0,,,,,,,,,
3050,51512.10702,52694.83988,56506.48575,60551.0094,8700,0,,,,,,,,,
3051,50466.78929,51625.52136,55359.81878,59322.2683,8700,0,,,,,,,,,
3052,50024.68702,51173.26829,54874.85229,58802.58972,8700,0,,,,,,,,,
3053,50169.49709,51321.40324,55033.70249,58972.80982,8700,0,,,,,,,,,
3054,50523.37071,51683.4019,55421.88608,59388.77814,8700,0,,,,,,,,,
3055,50681.60688,51845.27122,55595.4641,59574.78023,8700,0,,,,,,,,,
3056,49498.19212,50634.68492,54297.31085,58183.71001,8700,0,,,,,,,,,
3057,48811.54304,49932.27017,53544.08741,57376.57364,8700,0,,,,,,,,,
3058,47661.69354,48756.01979,52282.75375,56024.95842,8700,0,,,,,,,,,
3059,47754.71723,48851.17934,52384.7966,56134.30512,8700,0,,,,,,,,,
3060,46878.18474,47954.52141,51423.27952,55103.96623,8700,0,,,,,,,,,
3061,45527.90276,46573.23657,49942.08036,53516.74835,8700,0,,,,,,,,,
3062,46307.57552,47370.81084,50797.34664,54433.2314,8700,0,,,,,,,,,
3063,47376.86843,48464.65502,51970.3133,55690.15465,8700,0,,,,,,,,,
3064,48989.91836,50114.74105,53739.75719,57586.24873,8700,0,,,,,,,,,
3065,51219.60986,52395.62691,56185.62939,60207.18735,8700,0,,,,,,,,,
3066,52239.0344,53438.45773,57303.89269,61405.49178,8700,0,,,,,,,,,
3067,53536.57099,54765.78613,58727.23251,62930.70894,8700,0,,,,,,,,,
3068,54821.6405,56080.36121,60136.89648,64441.27141,8700,0,,,,,,,,,
3069,54961.65553,56223.59102,60290.48674,64605.85509,8700,0,,,,,,,,,
3070,54251.99029,55497.63166,59512.01559,63771.66388,8700,0,,,,,,,,,
3071,53356.27766,54581.35322,58529.45875,62718.77929,8700,0,,,,,,,,,
3072,52608.25213,53816.1528,57708.90808,61839.49666,8700,0,,,,,,,,,
3073,49458.87283,50594.46285,54254.17934,58137.49131,8700,0,,,,,,,,,
3074,47537.98162,48629.46742,52147.0473,55879.53859,8700,0,,,,,,,,,
3075,46481.15581,47548.37658,50987.75648,54637.27007,8700,0,,,,,,,,,
3076,46016.03737,47072.57889,50477.54227,54090.53663,8700,0,,,,,,,,,
3077,46183.86361,47244.25846,50661.64018,54287.81157,8700,0,,,,,,,,,
3078,46503.21297,47570.94018,51011.9522,54663.19762,8700,0,,,,,,,,,
3079,46447.59056,47514.04066,50950.9369,54597.81507,8700,0,,,,,,,,,
3080,44646.57524,45671.67351,48975.30335,52480.77304,8700,0,,,,,,,,,
3081,42647.04545,43626.23394,46781.90828,50130.38292,8700,0,,,,,,,,,
3082,41535.55623,42489.2246,45562.65414,48823.85912,8700,0,,,,,,,,,
3083,42012.18275,42976.7946,46085.49219,49384.11998,8700,0,,,,,,,,,
3084,41197.02672,42142.92236,45191.30235,48425.92736,8700,0,,,,,,,,,
3085,40684.91693,41619.05439,44629.54073,47823.95694,8700,0,,,,,,,,,
3086,40958.23396,41898.64685,44929.35734,48145.23329,8700,0,,,,,,,,,
3087,41877.92176,42839.45094,45938.21386,49226.30001,8700,0,,,,,,,,,
3088,43689.48616,44692.60939,47925.41928,51355.74218,8700,0,,,,,,,,,
3089,46092.75793,47151.06097,50561.70131,54180.71945,8700,0,,,,,,,,,
3090,48993.75439,50118.66515,53743.96514,57590.75787,8700,0,,,,,,,,,
3091,51495.8039,52678.16245,56488.60194,60531.84556,8700,0,,,,,,,,,
3092,53214.34461,54436.16134,58373.76452,62551.94105,8700,0,,,,,,,,,
3093,53836.74021,55072.84732,59056.50475,63283.54928,8700,0,,,,,,,,,
3094,53293.9422,54517.58652,58461.07953,62645.50573,8700,0,,,,,,,,,
3095,52233.28035,53432.57156,57297.58075,61398.72805,8700,0,,,,,,,,,
3096,50711.3361,51875.68303,55628.07573,59609.72608,8700,0,,,,,,,,,
3097,47908.15836,49008.14352,52553.11468,56314.67077,8700,0,,,,,,,,,
3098,46076.45481,47134.38353,50543.81751,54161.55561,8700,0,,,,,,,,,
3099,45233.48758,46272.06152,49619.12004,53170.67173,8700,0,,,,,,,,,
3100,45127.9968,46164.14864,49503.40134,53046.67033,8700,0,,,,,,,,,
3101,45796.42474,46847.92389,50236.63701,53832.38826,8700,0,,,,,,,,,
3102,47421.94177,48510.76327,52019.75675,55743.13707,8700,0,,,,,,,,,
3103,50689.27893,51853.11943,55603.88,59583.79851,8700,0,,,,,,,,,
3104,55536.10078,56811.2257,60920.62758,65281.09905,8700,0,,,,,,,,,
3105,61365.9049,62774.88381,67315.66288,72133.86716,8700,0,,,,,,,,,
3106,63212.95257,64664.34023,69341.79187,74305.01891,8700,0,,,,,,,,,
3107,63299.26321,64752.63258,69436.47079,74406.47459,8700,0,,,,,,,,,
3108,62533.01654,63968.79267,68595.93233,73505.77354,8700,0,,,,,,,,,
3109,60521.97866,61911.58078,66389.91341,71141.85599,8700,0,,,,,,,,,
3110,63189.9364,64640.79561,69316.54415,74277.96406,8700,0,,,,,,,,,
3111,63896.72462,65363.81189,70091.85933,75108.77341,8700,0,,,,,,,,,
3112,63948.51101,65416.78731,70148.6667,75169.64682,8700,0,,,,,,,,,
3113,63609.0225,65069.50405,69776.26292,74770.58778,8700,0,,,,,,,,,
3114,63264.73895,64717.31564,69398.59922,74365.89231,8700,0,,,,,,,,,
3115,63131.43696,64580.95299,69252.37287,74209.19964,8700,0,,,,,,,,,
3116,63383.65583,64838.96289,69529.04573,74505.67571,8700,0,,,,,,,,,
3117,62191.61001,63619.54735,68221.42459,73104.45991,8700,0,,,,,,,,,
3118,60348.39838,61734.01505,66199.50358,70937.81733,8700,0,,,,,,,,,
3119,58511.89979,59855.34992,64184.94646,68779.06573,8700,0,,,,,,,,,
3120,57623.85923,58946.91969,63210.80555,67735.19944,8700,0,,,,,,,,,
3121,54153.21255,55396.58596,59403.66081,63655.55347,8700,0,,,,,,,,,
3122,52439.46688,53643.49219,57523.75819,61641.09443,8700,0,,,,,,,,,
3123,51390.31312,52570.24956,56372.88327,60407.84416,8700,0,,,,,,,,,
3124,51227.28191,52403.47511,56194.04529,60216.20564,8700,0,,,,,,,,,
3125,51523.6151,52706.61219,56519.10959,60564.53682,8700,0,,,,,,,,,
3126,52370.41837,53572.85831,57448.01504,61559.92987,8700,0,,,,,,,,,
3127,54646.1422,55900.83342,59944.38267,64234.97818,8700,0,,,,,,,,,
3128,57549.05667,58870.39964,63128.75047,67647.27116,8700,0,,,,,,,,,
3129,61062.85866,62464.87954,66983.23466,71777.64497,8700,0,,,,,,,,,
3130,61699.63937,63116.28093,67681.75473,72526.1625,8700,0,,,,,,,,,
3131,61277.67625,62684.62941,67218.87998,72030.15691,8700,0,,,,,,,,,
3132,60096.17951,61476.00516,65922.83071,70641.34126,8700,0,,,,,,,,,
3133,57217.24022,58530.96459,62764.76261,67257.23041,8700,0,,,,,,,,,
3134,59518.85724,60885.42741,65289.53392,69962.71543,8700,0,,,,,,,,,
3135,60713.78008,62107.78602,66600.31102,71367.31307,8700,0,,,,,,,,,
3136,61797.4581,63216.3456,67789.0575,72641.14562,8700,0,,,,,,,,,
3137,62983.74987,64429.87498,69090.36671,74035.59768,8700,0,,,,,,,,,
3138,63063.34746,64511.30015,69177.68172,74129.16237,8700,0,,,,,,,,,
3139,62941.55356,64386.70982,69044.07924,73985.99713,8700,0,,,,,,,,,
3140,63422.97512,64879.18496,69572.17725,74551.89441,8700,0,,,,,,,,,
3141,62442.86987,63876.57621,68497.04546,73399.80871,8700,0,,,,,,,,,
3142,60575.68306,61966.51825,66448.82474,71204.98398,8700,0,,,,,,,,,
3143,58548.34206,59892.62891,64224.92201,68821.90258,8700,0,,,,,,,,,
3144,57475.21313,58794.86063,63047.74741,67560.47019,8700,0,,,,,,,,,
3145,53923.05085,55161.13968,59151.18368,63385.00498,8700,0,,,,,,,,,
3146,52105.73241,53302.09509,57157.66634,61248.79909,8700,0,,,,,,,,,
3147,51129.46319,52303.41044,56086.74252,60101.22253,8700,0,,,,,,,,,
3148,50843.67908,52011.06465,55773.25009,59765.29147,8700,0,,,,,,,,,
3149,51055.61964,52227.87142,56005.73943,60014.42154,8700,0,,,,,,,,,
3150,51977.22546,53170.63758,57016.69995,61097.74285,8700,0,,,,,,,,,
3151,53794.5439,55029.68218,59010.21729,63233.94872,8700,0,,,,,,,,,
3152,55654.05866,56931.89193,61050.0221,65419.75517,8700,0,,,,,,,,,
3153,58298.04121,59636.58109,63950.35314,68527.68109,8700,0,,,,,,,,,
3154,58279.82008,59617.94159,63930.36537,68506.26268,8700,0,,,,,,,,,
3155,57960.47072,59291.25988,63580.05335,68130.87663,8700,0,,,,,,,,,
3156,57068.59412,58378.90553,62601.70447,67082.50118,8700,0,,,,,,,,,
3157,54580.92972,55834.12363,59872.84749,64158.32277,8700,0,,,,,,,,,
3158,56859.53057,58165.04183,62372.37108,66836.75294,8700,0,,,,,,,,,
3159,58068.83852,59402.11583,63698.928,68258.25987,8700,0,,,,,,,,,
3160,59703.94561,61074.76546,65492.5676,70180.28153,8700,0,,,,,,,,,
3161,61550.03427,62963.24084,67517.64459,72350.30597,8700,0,,,,,,,,,
3162,62262.57654,63692.14329,68299.27171,73187.87904,8700,0,,,,,,,,,
3163,62769.89129,64211.10613,68855.77339,73784.21303,8700,0,,,,,,,,,
3164,63354.88562,64809.5321,69497.48609,74471.85714,8700,0,,,,,,,,,
3165,62748.79313,64189.52356,68832.62965,73759.41276,8700,0,,,,,,,,,
3166,60932.4337,62331.45999,66840.16429,71624.33416,8700,0,,,,,,,,,
3167,58927.14987,60280.13426,64640.4573,69267.18033,8700,0,,,,,,,,,
3168,57330.40306,58646.72569,62888.89721,67390.25011,8700,0,,,,,,,,,
3169,53667.95497,54900.18672,58871.35487,63085.14705,8700,0,,,,,,,,,
3170,51877.48872,53068.61085,56907.29319,60980.50515,8700,0,,,,,,,,,
3171,51019.17737,52190.59243,55965.76389,59971.5847,8700,0,,,,,,,,,
3172,50660.50872,51823.68864,55572.32036,59549.97995,8700,0,,,,,,,,,
3173,51086.30787,52259.26426,56039.40306,60050.49468,8700,0,,,,,,,,,
3174,52002.15964,53196.14426,57044.05164,61127.05226,8700,0,,,,,,,,,
3175,53642.06177,54873.69901,58842.95119,63054.71034,8700,0,,,,,,,,,
3176,55320.32419,56590.49483,60683.93027,65027.45984,8700,0,,,,,,,,,
3177,57970.06079,59301.07014,63590.57323,68142.14947,8700,0,,,,,,,,,
3178,58235.70575,59572.81438,63881.97391,68454.40753,8700,0,,,,,,,,,
3179,58302.83625,59641.48621,63955.61308,68533.31752,8700,0,,,,,,,,,
3180,57439.72986,58758.56265,63008.82384,67518.76063,8700,0,,,,,,,,,
3181,55376.90561,56648.37536,60745.99757,65093.96969,8700,0,,,,,,,,,
3182,58244.33682,59581.64363,63891.44181,68464.55311,8700,0,,,,,,,,,
3183,60136.45781,61517.20826,65967.01421,70688.68725,8700,0,,,,,,,,,
3184,62074.61115,63499.86215,68093.08205,72966.9311,8700,0,,,,,,,,,
3185,63887.13455,65354.00162,70081.33945,75097.50056,8700,0,,,,,,,,,
3186,64436.64562,65916.12962,70684.1286,75743.43511,8700,0,,,,,,,,,
3187,64588.16874,66071.13176,70850.34272,75921.5462,8700,0,,,,,,,,,
3188,64788.60122,66276.16622,71070.20821,76157.14886,8700,0,,,,,,,,,
3189,63484.35157,64941.97063,69639.50447,74624.04067,8700,0,,,,,,,,,
3190,61324.6676,62732.6997,67270.4274,72085.3939,8700,0,,,,,,,,,
3191,59154.43455,60512.63746,64889.77847,69534.34698,8700,0,,,,,,,,,
3192,57576.86788,58898.84941,63159.25813,67679.96246,8700,0,,,,,,,,,
3193,53946.06702,55184.68431,59176.43139,63412.05982,8700,0,,,,,,,,,
3194,52326.30404,53527.73111,57399.62359,61508.07473,8700,0,,,,,,,,,
3195,51358.66588,52537.87569,56338.16765,60370.64374,8700,0,,,,,,,,,
3196,50915.60461,52084.64161,55852.14918,59849.83788,8700,0,,,,,,,,,
3197,51176.45454,52351.48073,56138.28993,60156.45952,8700,0,,,,,,,,,
3198,51989.69255,53183.39092,57030.37578,61112.39755,8700,0,,,,,,,,,
3199,53785.91284,55020.85294,59000.7494,63223.80317,8700,0,,,,,,,,,
3200,55910.11355,57193.82591,61330.90291,65720.74037,8700,0,,,,,,,,,
3201,59052.7798,60408.64869,64778.26773,69414.85473,8700,0,,,,,,,,,
3202,60224.68646,61607.46267,66063.79711,70792.39751,8700,0,,,,,,,,,
3203,60182.49015,61564.29751,66017.50965,70742.79695,8700,0,,,,,,,,,
3204,59807.51838,61180.71628,65606.18232,70302.02836,8700,0,,,,,,,,,
3205,58325.85242,59665.03084,63980.86079,68560.37237,8700,0,,,,,,,,,
3206,61741.83569,63159.44608,67728.04221,72575.76307,8700,0,,,,,,,,,
3207,63738.48845,65201.94257,69918.2813,74922.77131,8700,0,,,,,,,,,
3208,64985.19768,66477.27659,71285.86577,76388.24238,8700,0,,,,,,,,,
3209,66064.08066,67580.93105,72469.35232,77656.43848,8700,0,,,,,,,,,
3210,65390.85768,66892.25066,71730.8567,76865.0841,8700,0,,,,,,,,,
3211,64623.652,66107.42973,70889.26627,75963.25576,8700,0,,,,,,,,,
3212,64479.80094,65960.2758,70731.46807,75794.16296,8700,0,,,,,,,,,
3213,63406.672,64862.50751,69554.29345,74532.73055,8700,0,,,,,,,,,
3214,61377.41299,62786.65614,67328.28674,72147.39459,8700,0,,,,,,,,,
3215,59163.06561,60521.4667,64899.24636,69544.49254,8700,0,,,,,,,,,
3216,57564.40079,58886.09607,63145.58229,67665.30774,8700,0,,,,,,,,,
3217,53978.67326,55218.03919,59212.19899,63450.38753,8700,0,,,,,,,,,
3218,52029.01184,53223.61299,57073.5073,61158.61626,8700,0,,,,,,,,,
3219,51096.85695,52270.05555,56050.97492,60062.89482,8700,0,,,,,,,,,
3220,50442.81411,51600.9957,55333.51908,59294.08616,8700,0,,,,,,,,,
3221,50460.07624,51618.65417,55352.45487,59314.3773,8700,0,,,,,,,,,
3222,50609.68134,51771.69425,55516.56499,59490.23382,8700,0,,,,,,,,,
3223,51751.85879,52940.09643,56769.48275,60832.83076,8700,0,,,,,,,,,
3224,52814.43865,54027.07343,57935.08551,62081.86301,8700,0,,,,,,,,,
3225,54616.41298,55870.42161,59911.77104,64200.03234,8700,0,,,,,,,,,
3226,55310.73412,56580.68455,60673.41039,65016.18698,8700,0,,,,,,,,,
3227,55426.77397,56699.38872,60800.70093,65152.58852,8700,0,,,,,,,,,
3228,55410.47085,56682.71127,60782.81714,65133.42467,8700,0,,,,,,,,,
3229,55061.39227,56325.61775,60399.8935,64723.09278,8700,0,,,,,,,,,
3230,56325.36362,57618.61025,61786.41374,66208.85496,8700,0,,,,,,,,,
3231,57212.44518,58526.05946,62759.50267,67251.59399,8700,0,,,,,,,,,
3232,57184.63398,58497.60971,62728.99502,67218.90271,8700,0,,,,,,,,,
3233,57142.43767,58454.44455,62682.70755,67169.30216,8700,0,,,,,,,,,
3234,56795.2771,58099.31308,62301.88787,66761.22483,8700,0,,,,,,,,,
3235,57379.31242,58696.75802,62942.5486,67447.74165,8700,0,,,,,,,,,
3236,58072.67455,59406.03994,63703.13596,68262.76902,8700,0,,,,,,,,,
3237,57683.31767,59007.74332,63276.02881,67805.09113,8700,0,,,,,,,,,
3238,56349.3388,57643.13591,61812.71344,66237.0371,8700,0,,,,,,,,,
3239,54744.91993,56001.87912,60052.73743,64351.08858,8700,0,,,,,,,,,
3240,53616.16858,54847.2113,58814.54751,63024.27364,8700,0,,,,,,,,,
3241,50789.97468,51956.12719,55714.33875,59702.16348,8700,0,,,,,,,,,
3242,48912.23879,50035.27793,53654.54617,57494.93862,8700,0,,,,,,,,,
3243,47657.85751,48752.0957,52278.5458,56020.44928,8700,0,,,,,,,,,
3244,47083.41226,48164.46102,51648.40496,55345.2053,8700,0,,,,,,,,,
3245,47046.01098,48126.20099,51607.37742,55301.24117,8700,0,,,,,,,,,
3246,47233.97638,48318.48213,51813.5671,55522.18912,8700,0,,,,,,,,,
3247,48211.2046,49318.14779,52885.5429,56670.89297,8700,0,,,,,,,,,
3248,48954.4351,50078.44307,53700.83364,57544.53917,8700,0,,,,,,,,,
3249,50297.04503,51451.87972,55173.61689,59122.73878,8700,0,,,,,,,,,
3250,51851.59553,53042.12315,56878.88951,60950.06845,8700,0,,,,,,,,,
3251,53442.5883,54669.64557,58624.13768,62820.23497,8700,0,,,,,,,,,
3252,53759.06064,54993.38421,58971.29373,63192.23917,8700,0,,,,,,,,,
3253,53634.38972,54865.85081,58834.53528,63045.69206,8700,0,,,,,,,,,
3254,54070.73794,55312.21771,59313.18984,63558.60693,8700,0,,,,,,,,,
3255,54214.58901,55459.37164,59470.98805,63727.69974,8700,0,,,,,,,,,
3256,54311.44873,55558.45529,59577.23885,63841.55557,8700,0,,,,,,,,,
3257,54524.3483,55776.2431,59810.7802,64091.81293,8700,0,,,,,,,,,
3258,54917.54121,56178.46383,60242.09529,64553.99996,8700,0,,,,,,,,,
3259,55660.77171,56938.75912,61057.38603,65427.64617,8700,0,,,,,,,,,
3260,56104.79199,57392.97423,61544.45648,65949.57932,8700,0,,,,,,,,,
3261,55822.8439,57104.55253,61235.172,65618.15739,8700,0,,,,,,,,,
3262,54412.14447,55661.46303,59687.69759,63959.92054,8700,0,,,,,,,,,
3263,53073.37057,54291.9505,58219.12228,62386.23009,8700,0,,,,,,,,,
3264,51573.48347,52757.62556,56573.81298,60623.15567,8700,0,,,,,,,,,
3265,48818.25609,49939.13736,53551.45134,57384.46464,8700,0,,,,,,,,,
3266,47067.10914,48147.78357,51630.52116,55326.04146,8700,0,,,,,,,,,
3267,46201.12574,47261.91694,50680.57597,54308.10272,8700,0,,,,,,,,,
3268,45899.99751,46953.87472,50350.25172,53954.13509,8700,0,,,,,,,,,
3269,46409.23027,47474.7996,50908.85736,54552.72365,8700,0,,,,,,,,,
3270,47591.68602,48684.40489,52205.95862,55942.66658,8700,0,,,,,,,,,
3271,51008.6283,52179.80115,55954.19203,59959.18457,8700,0,,,,,,,,,
3272,56103.83298,57391.9932,61543.4045,65948.45203,8700,0,,,,,,,,,
3273,62111.05342,63537.14116,68133.0576,73009.76795,8700,0,,,,,,,,,
3274,64554.60349,66036.79584,70813.52313,75882.09121,8700,0,,,,,,,,,
3275,65083.97541,66578.3223,71394.22053,76504.35278,8700,0,,,,,,,,,
3276,65117.54065,66612.6582,71431.04011,76543.80775,8700,0,,,,,,,,,
3277,63426.81115,64883.10907,69576.38519,74556.40355,8700,0,,,,,,,,,
3278,65289.20292,66788.26188,71619.34597,76745.59184,8700,0,,,,,,,,,
3279,65510.73356,67014.87893,71862.35521,77005.99478,8700,0,,,,,,,,,
3280,65450.31612,66953.0743,71796.07996,76934.9758,8700,0,,,,,,,,,
3281,65565.39697,67070.79743,71922.31853,77070.25006,8700,0,,,,,,,,,
3282,64717.6347,66203.5703,70992.3611,76073.72974,8700,0,,,,,,,,,
3283,64383.90023,65862.17318,70626.26927,75681.4344,8700,0,,,,,,,,,
3284,64189.22179,65663.02487,70412.71568,75452.59546,8700,0,,,,,,,,,
3285,63019.23313,64466.17294,69129.29026,74077.30724,8700,0,,,,,,,,,
3286,60824.0659,62220.60403,66721.28965,71496.95091,8700,0,,,,,,,,,
3287,58754.52859,60103.54955,64451.09945,69064.26896,8700,0,,,,,,,,,
3288,57508.77837,58829.19654,63084.56697,67599.92517,8700,0,,,,,,,,,
3289,54046.76277,55287.69206,59286.89014,63530.4248,8700,0,,,,,,,,,
3290,52231.36234,53430.60951,57295.47677,61396.47349,8700,0,,,,,,,,,
3291,51384.55908,52564.3634,56366.57134,60401.08045,8700,0,,,,,,,,,
3292,50960.67794,52130.74983,55901.59262,59902.82029,8700,0,,,,,,,,,
3293,51151.52035,52325.97404,56110.93824,60127.15009,8700,0,,,,,,,,,
3294,51967.63539,53160.82731,57006.18006,61086.46999,8700,0,,,,,,,,,
3295,54251.99029,55497.63166,59512.01559,63771.66388,8700,0,,,,,,,,,
3296,57706.33384,59031.28795,63301.27652,67832.14599,8700,0,,,,,,,,,
3297,61948.02221,63370.3667,67954.21963,72818.12943,8700,0,,,,,,,,,
3298,62627.95824,64065.91426,68700.07915,73617.37479,8700,0,,,,,,,,,
3299,61386.04405,62795.48536,67337.75463,72157.54016,8700,0,,,,,,,,,
3300,59564.88958,60932.51667,65340.02933,70016.82514,8700,0,,,,,,,,,
3301,56727.18759,58029.66022,62227.19672,66681.18755,8700,0,,,,,,,,,
3302,58677.80802,60025.06745,64366.9404,68974.08611,8700,0,,,,,,,,,
3303,59433.50561,60798.11608,65195.90698,69862.38703,8700,0,,,,,,,,,
3304,60456.76618,61844.871,66318.37822,71065.20059,8700,0,,,,,,,,,
3305,62362.31328,63794.17001,68408.67847,73305.11673,8700,0,,,,,,,,,
3306,63181.30533,64631.96636,69307.07625,74267.81848,8700,0,,,,,,,,,
3307,63295.42718,64748.70848,69432.26283,74401.96545,8700,0,,,,,,,,,
3308,63524.62987,64983.17373,69683.68797,74671.38666,8700,0,,,,,,,,,
3309,62631.79427,64069.83838,68704.28711,73621.88394,8700,0,,,,,,,,,
3310,60990.93313,62391.30258,66904.33556,71693.09857,8700,0,,,,,,,,,
3311,59054.69781,60410.61074,64780.37171,69417.1093,8700,0,,,,,,,,,
3312,57447.40192,58766.41087,63017.23975,67527.77892,8700,0,,,,,,,,,
3313,53700.56121,54933.54161,58907.12247,63123.47476,8700,0,,,,,,,,,
3314,51749.94078,52938.13438,56767.37878,60830.5762,8700,0,,,,,,,,,
3315,50720.92617,51885.4933,55638.59562,59620.99894,8700,0,,,,,,,,,
3316,50246.21766,51399.88534,55117.86153,59062.99265,8700,0,,,,,,,,,
3317,50195.39028,51347.89095,55062.10616,59003.24653,8700,0,,,,,,,,,
3318,50650.91865,51813.87838,55561.80049,59538.7071,8700,0,,,,,,,,,
3319,51227.28191,52403.47511,56194.04529,60216.20564,8700,0,,,,,,,,,
3320,50906.01454,52074.83135,55841.62931,59838.56502,8700,0,,,,,,,,,
3321,51001.91525,52172.93396,55946.8281,59951.29357,8700,0,,,,,,,,,
3322,50637.49255,51800.14401,55547.07265,59522.9251,8700,0,,,,,,,,,
3323,51454.56659,52635.97831,56443.36646,60483.37228,8700,0,,,,,,,,,
3324,50644.2056,51807.0112,55554.43656,59530.81611,8700,0,,,,,,,,,
3325,49176.92475,50306.04115,53944.89486,57806.0694,8700,0,,,,,,,,,
3326,50950.12886,52119.95854,55890.02075,59890.42016,8700,0,,,,,,,,,
3327,52736.75908,53947.61031,57849.87448,61990.5529,8700,0,,,,,,,,,
3328,54589.56078,55842.95288,59882.31538,64168.46834,8700,0,,,,,,,,,
3329,56335.9127,57629.40154,61797.9856,66221.25511,8700,0,,,,,,,,,
3330,56863.3666,58168.96593,62376.57902,66841.26208,8700,0,,,,,,,,,
3331,58068.83852,59402.11583,63698.928,68258.25987,8700,0,,,,,,,,,
3332,59306.91668,60668.62062,65057.04456,69713.58537,8700,0,,,,,,,,,
3333,59464.19384,60829.50892,65229.5706,69898.46017,8700,0,,,,,,,,,
3334,58211.73057,59548.28873,63855.67422,68426.22539,8700,0,,,,,,,,,
3335,56433.73142,57729.4662,61905.28838,66336.23821,8700,0,,,,,,,,,
3336,54617.37199,55871.40263,59912.82303,64201.15962,8700,0,,,,,,,,,
3337,51549.5083,52733.09991,56547.51328,60594.97356,8700,0,,,,,,,,,
3338,49919.19624,51065.35541,54759.13361,58678.58831,8700,0,,,,,,,,,
3339,49181.71978,50310.94629,53950.15481,57811.70582,8700,0,,,,,,,,,
3340,48778.9368,49898.91529,53508.31982,57338.24594,8700,0,,,,,,,,,
3341,49125.13836,50253.06573,53888.0875,57745.19597,8700,0,,,,,,,,,
3342,49996.87581,51144.81852,54844.34464,58769.89843,8700,0,,,,,,,,,
3343,52786.62745,53998.62368,57904.57786,62049.17174,8700,0,,,,,,,,,
3344,57108.87242,58420.10864,62645.88797,67129.84717,8700,0,,,,,,,,,
3345,62942.51257,64387.69085,69045.13123,73987.12442,8700,0,,,,,,,,,
3346,65196.17924,66693.10236,71517.30314,76636.24516,8700,0,,,,,,,,,
3347,65167.40902,66663.67156,71485.74349,76602.4266,8700,0,,,,,,,,,
3348,65114.66363,66609.71512,71427.88414,76540.4259,8700,0,,,,,,,,,
3349,62967.44675,64413.19753,69072.48291,74016.43383,8700,0,,,,,,,,,
3350,64985.19768,66477.27659,71285.86577,76388.24238,8700,0,,,,,,,,,
3351,65869.40222,67381.78273,72255.79874,77427.59954,8700,0,,,,,,,,,
3352,65957.63087,67472.03714,72352.58164,77531.30979,8700,0,,,,,,,,,
3353,66305.75044,67828.14963,72734.45329,77940.5144,8700,0,,,,,,,,,
3354,65361.12846,66861.83886,71698.24508,76830.13826,8700,0,,,,,,,,,
3355,64678.31541,66163.34823,70949.2296,76027.51104,8700,0,,,,,,,,,
3356,64213.19697,65687.55053,70439.01539,75480.77761,8700,0,,,,,,,,,
3357,62821.67767,64264.08154,68912.58074,73845.08644,8700,0,,,,,,,,,
3358,60660.07568,62052.84855,66541.39969,71304.18509,8700,0,,,,,,,,,
3359,58562.72717,59907.34431,64240.70183,68838.81187,8700,0,,,,,,,,,
3360,57363.9683,58681.06159,62925.71678,67429.70507,8700,0,,,,,,,,,
3361,53944.14901,55182.72226,59174.32743,63409.80525,8700,0,,,,,,,,,
3362,52069.29014,53264.81609,57117.69079,61205.96225,8700,0,,,,,,,,,
3363,51220.56886,52396.60793,56186.68137,60208.31464,8700,0,,,,,,,,,
3364,50862.85922,52030.68516,55794.28984,59787.83718,8700,0,,,,,,,,,
3365,51019.17737,52190.59243,55965.76389,59971.5847,8700,0,,,,,,,,,
3366,51826.66135,53016.61647,56851.53783,60920.75904,8700,0,,,,,,,,,
3367,54332.54688,55580.03785,59600.38258,63866.35585,8700,0,,,,,,,,,
3368,57481.92618,58801.72782,63055.11132,67568.36119,8700,0,,,,,,,,,
3369,61753.34377,63171.21839,67740.66606,72589.29049,8700,0,,,,,,,,,
3370,63064.30647,64512.28117,69178.73371,74130.28966,8700,0,,,,,,,,,
3371,62860.99696,64304.30362,68955.71225,73891.30514,8700,0,,,,,,,,,
3372,61869.38363,63289.92256,67867.95662,72725.69202,8700,0,,,,,,,,,
3373,59241.70419,60601.91084,64985.50937,69636.92995,8700,0,,,,,,,,,
3374,61284.3893,62691.49659,67226.24391,72038.0479,8700,0,,,,,,,,,
3375,62188.73299,63616.60428,68218.26863,73101.07807,8700,0,,,,,,,,,
3376,62512.87739,63948.19113,68573.84059,73482.10054,8700,0,,,,,,,,,
3377,63108.42079,64557.40837,69227.12516,74182.14478,8700,0,,,,,,,,,
3378,62743.03909,64183.6374,68826.31771,73752.64904,8700,0,,,,,,,,,
3379,62142.70065,63569.51501,68167.77321,73046.96837,8700,0,,,,,,,,,
3380,62241.47838,63670.56072,68276.12797,73163.07876,8700,0,,,,,,,,,
3381,61466.60065,62877.89156,67426.12164,72252.23214,8700,0,,,,,,,,,
3382,59784.50221,61157.17166,65580.93461,70274.9735,8700,0,,,,,,,,,
3383,57975.81483,59306.95629,63596.88516,68148.91318,8700,0,,,,,,,,,
3384,56842.26844,58147.38335,62353.43529,66816.46181,8700,0,,,,,,,,,
3385,53051.3134,54269.38688,58194.92655,62360.30252,8700,0,,,,,,,,,
3386,51128.50418,52302.42942,56085.69053,60100.09523,8700,0,,,,,,,,,
3387,50030.44106,51179.15444,54881.16422,58809.35342,8700,0,,,,,,,,,
3388,49570.11766,50708.26189,54376.20996,58268.25643,8700,0,,,,,,,,,
3389,49548.06049,50685.69828,54352.01423,58242.32885,8700,0,,,,,,,,,
3390,49768.63212,50911.3343,54593.97148,58501.60449,8700,0,,,,,,,,,
3391,50224.16049,51377.32173,55093.6658,59037.06508,8700,0,,,,,,,,,
3392,49563.40461,50701.39471,54368.84605,58260.36543,8700,0,,,,,,,,,
3393,49333.2429,50465.94842,54116.36891,57989.81691,8700,0,,,,,,,,,
3394,48509.45581,49623.24693,53212.71118,57021.47874,8700,0,,,,,,,,,
3395,48823.05113,49944.04249,53556.71127,57390.10107,8700,0,,,,,,,,,
3396,48012.69014,49115.07538,52667.78138,56437.54489,8700,0,,,,,,,,,
3397,46653.77708,47724.96129,51177.11432,54840.18143,8700,0,,,,,,,,,
3398,47739.37311,48835.48291,52367.96478,56116.26854,8700,0,,,,,,,,,
3399,48825.92815,49946.98557,53559.86723,57393.48293,8700,0,,,,,,,,,
3400,50012.21993,51160.51496,54861.17645,58787.93501,8700,0,,,,,,,,,
3401,51661.71213,52847.87997,56670.59589,60726.86594,8700,0,,,,,,,,,
3402,53080.08362,54298.81768,58226.48619,62394.12108,8700,0,,,,,,,,,
3403,54484.07,55735.03999,59766.59668,64044.46694,8700,0,,,,,,,,,
3404,55639.67355,56917.17653,61034.24228,65402.84589,8700,0,,,,,,,,,
3405,56055.88263,57342.94189,61490.8051,65892.08777,8700,0,,,,,,,,,
3406,54971.24561,56233.40129,60301.00662,64617.12794,8700,0,,,,,,,,,
3407,53685.21709,54917.84519,58890.29065,63105.43818,8700,0,,,,,,,,,
3408,52624.55525,53832.83025,57726.79188,61858.66051,8700,0,,,,,,,,,
3409,49437.77468,50572.88027,54231.03561,58112.69103,8700,0,,,,,,,,,
3410,47400.84361,48489.18068,51996.61301,55718.33678,8700,0,,,,,,,,,
3411,46254.83013,47316.8544,50739.48729,54371.23069,8700,0,,,,,,,,,
3412,45760.94148,46811.62592,50197.71345,53790.6787,8700,0,,,,,,,,,
3413,45862.59623,46915.61469,50309.22418,53910.17096,8700,0,,,,,,,,,
3414,46001.65226,47057.86349,50461.76245,54073.62735,8700,0,,,,,,,,,
3415,45807.93283,46859.6962,50249.26087,53845.91569,8700,0,,,,,,,,,
3416,44550.67453,45573.57089,48870.10455,52368.0445,8700,0,,,,,,,,,
3417,43909.09878,44917.26438,48166.32454,51613.89054,8700,0,,,,,,,,,
3418,44142.13751,45155.65375,48421.95764,51887.8209,8700,0,,,,,,,,,
3419,44783.71325,45811.96026,49125.73763,52641.97485,8700,0,,,,,,,,,
3420,44350.24205,45368.53642,48650.23905,52132.44184,8700,0,,,,,,,,,
3421,43992.5324,45002.61365,48257.8475,51711.96438,8700,0,,,,,,,,,
3422,45378.29765,46420.19647,49777.97023,53340.89182,8700,0,,,,,,,,,
3423,47023.95382,48103.63739,51583.1817,55275.31361,8700,0,,,,,,,,,
3424,49048.4178,50174.58365,53803.92847,57655.01315,8700,0,,,,,,,,,
3425,50785.17964,51951.22204,55709.07881,59696.52705,8700,0,,,,,,,,,
3426,51756.65383,52945.00156,56774.74269,60838.4672,8700,0,,,,,,,,,
3427,53071.45255,54289.98844,58217.0183,62383.97551,8700,0,,,,,,,,,
3428,54392.96433,55641.84252,59666.65783,63937.37483,8700,0,,,,,,,,,
3429,54485.98802,55737.00206,59768.70067,64046.72152,8700,0,,,,,,,,,
3430,53353.40064,54578.41014,58526.30279,62715.39743,8700,0,,,,,,,,,
3431,51750.89979,52939.11541,56768.43077,60831.70349,8700,0,,,,,,,,,
3432,50333.4873,51489.15872,55213.59244,59165.57562,8700,0,,,,,,,,,
3433,47524.55552,48615.73306,52132.31945,55863.75659,8700,0,,,,,,,,,
3434,45787.79368,46839.09466,50227.16912,53822.2427,8700,0,,,,,,,,,
3435,45048.39921,46082.72347,49416.08633,52953.10564,8700,0,,,,,,,,,
3436,44885.368,45915.94903,49237.24836,52761.4671,8700,0,,,,,,,,,
3437,45378.29765,46420.19647,49777.97023,53340.89182,8700,0,,,,,,,,,
3438,46683.5063,47755.37309,51209.72594,54875.12729,8700,0,,,,,,,,,
3439,50032.35907,51181.11649,54883.26819,58811.60799,8700,0,,,,,,,,,
3440,54514.75823,55766.43283,59800.26031,64080.54009,8700,0,,,,,,,,,
3441,59816.14944,61189.54552,65615.65021,70312.17391,8700,0,,,,,,,,,
3442,60208.38334,61590.78522,66045.91332,70773.23366,8700,0,,,,,,,,,
3443,58884.95355,60236.96911,64594.16982,69217.57977,8700,0,,,,,,,,,
3444,57681.39965,59005.78126,63273.92483,67802.83656,8700,0,,,,,,,,,
3445,55464.17525,56737.64874,60841.72846,65196.55266,8700,0,,,,,,,,,
3446,57395.61554,58713.43546,62960.4324,67466.90551,8700,0,,,,,,,,,
3447,58782.3398,60131.99931,64481.60711,69096.96024,8700,0,,,,,,,,,
3448,60175.7771,61557.43034,66010.14572,70734.90595,8700,0,,,,,,,,,
3449,62128.31554,63554.79962,68151.99338,73030.05908,8700,0,,,,,,,,,
3450,62825.5137,64268.00565,68916.78869,73849.59559,8700,0,,,,,,,,,
3451,62826.47271,64268.98668,68917.84068,73850.72288,8700,0,,,,,,,,,
3452,63147.74008,64597.63044,69270.25667,74228.36349,8700,0,,,,,,,,,
3453,61983.50547,63406.66467,67993.14319,72859.83897,8700,0,,,,,,,,,
3454,59939.86136,61316.09791,65751.35667,70457.59375,8700,0,,,,,,,,,
3455,57790.72646,59117.61824,63393.85147,67931.3471,8700,0,,,,,,,,,
3456,56327.28164,57620.57231,61788.51771,66211.10954,8700,0,,,,,,,,,
3457,52970.75681,54186.9807,58106.55956,62265.61055,8700,0,,,,,,,,,
3458,51367.29695,52546.70493,56347.63555,60380.78932,8700,0,,,,,,,,,
3459,50625.02546,51787.39067,55533.39681,59508.2704,8700,0,,,,,,,,,
3460,50185.80021,51338.08068,55051.58628,58991.97367,8700,0,,,,,,,,,
3461,50391.02773,51548.02029,55276.71172,59233.21275,8700,0,,,,,,,,,
3462,51067.12773,52239.64374,56018.36329,60027.94898,8700,0,,,,,,,,,
3463,53698.64319,54931.57956,58905.01848,63121.22018,8700,0,,,,,,,,,
3464,57641.12135,58964.57816,63229.74133,67755.49057,8700,0,,,,,,,,,
3465,62507.12335,63942.30497,68567.52866,73475.33683,8700,0,,,,,,,,,
3466,62585.76193,64022.74911,68653.79168,73567.77424,8700,0,,,,,,,,,
3467,59764.36306,61136.57011,65558.84285,70251.3005,8700,0,,,,,,,,,
3468,57552.8927,58874.32376,63132.95843,67651.7803,8700,0,,,,,,,,,
3469,54488.86504,55739.94513,59771.85664,64050.10338,8700,0,,,,,,,,,
3470,56479.76376,57776.55546,61955.78381,66390.34791,8700,0,,,,,,,,,
3471,57519.32745,58839.98783,63096.13885,67612.32533,8700,0,,,,,,,,,
3472,58836.04419,60186.93677,64540.51843,69160.08821,8700,0,,,,,,,,,
3473,60729.12419,62123.48243,66617.14282,71385.34964,8700,0,,,,,,,,,
3474,61891.44079,63312.48615,67892.15233,72751.61958,8700,0,,,,,,,,,
3475,62473.5581,63907.96905,68530.70907,73435.88184,8700,0,,,,,,,,,
3476,62726.73597,64166.95995,68808.43392,73733.48519,8700,0,,,,,,,,,
3477,61926.92405,63348.78413,67931.07589,72793.32914,8700,0,,,,,,,,,
3478,60275.51384,61659.45706,66119.55248,70852.14364,8700,0,,,,,,,,,
3479,58287.49213,59625.78979,63938.78126,68515.28094,8700,0,,,,,,,,,
3480,56959.26731,58267.06855,62481.77783,66953.99064,8700,0,,,,,,,,,
3481,53212.4266,54434.19929,58371.66055,62549.68648,8700,0,,,,,,,,,
3482,51350.03482,52529.04646,56328.69976,60360.49817,8700,0,,,,,,,,,
3483,50427.47,51585.29928,55316.68727,59276.04959,8700,0,,,,,,,,,
3484,49975.77766,51123.23596,54821.2009,58745.09816,8700,0,,,,,,,,,
3485,50251.9717,51405.77149,55124.17345,59069.75636,8700,0,,,,,,,,,
3486,50954.9239,52124.86368,55895.2807,59896.05658,8700,0,,,,,,,,,
3487,53129.95199,54349.83104,58281.18959,62452.73993,8700,0,,,,,,,,,
3488,56059.71866,57346.866,61495.01305,65896.59691,8700,0,,,,,,,,,
3489,59702.0276,61072.80341,65490.46364,70178.02696,8700,0,,,,,,,,,
3490,60237.15356,61620.21601,66077.47297,70807.05223,8700,0,,,,,,,,,
3491,59553.3815,60920.74434,65327.40549,70003.29772,8700,0,,,,,,,,,
3492,58335.44249,59674.84112,63991.38067,68571.64522,8700,0,,,,,,,,,
3493,57206.69114,58520.1733,62753.19075,67244.83028,8700,0,,,,,,,,,
3494,59996.44278,61373.97844,65813.42396,70524.10359,8700,0,,,,,,,,,
3495,61800.33512,63219.28868,67792.21347,72644.52746,8700,0,,,,,,,,,
3496,63585.04732,65044.97839,69749.96323,74742.40565,8700,0,,,,,,,,,
3497,64134.55838,65607.10638,70352.75236,75388.3402,8700,0,,,,,,,,,
3498,62930.04547,64374.9375,69031.45539,73972.4697,8700,0,,,,,,,,,
3499,62357.51824,63789.26489,68403.41852,73299.4803,8700,0,,,,,,,,,
3500,62588.63895,64025.69219,68656.94765,73571.15609,8700,0,,,,,,,,,
3501,61865.5476,63285.99845,67863.74866,72721.18287,8700,0,,,,,,,,,
3502,60080.8354,61460.30874,65905.99892,70623.3047,8700,0,,,,,,,,,
3503,58053.4944,59386.4194,63682.09618,68240.22329,8700,0,,,,,,,,,
3504,56768.4249,58071.84434,62272.43221,66729.66083,8700,0,,,,,,,,,
3505,53291.06518,54514.64344,58457.92356,62642.12388,8700,0,,,,,,,,,
3506,51577.3195,52761.54966,56578.02093,60627.66481,8700,0,,,,,,,,,
3507,50546.38688,51706.94653,55447.13379,59415.83299,8700,0,,,,,,,,,
3508,50147.43993,51298.83965,55009.50677,58946.88225,8700,0,,,,,,,,,
3509,50253.88971,51407.73354,55126.27743,59072.01093,8700,0,,,,,,,,,
3510,51164.94645,52339.7084,56125.66608,60142.93209,8700,0,,,,,,,,,
3511,53839.61724,55075.79041,59059.66074,63286.93115,8700,0,,,,,,,,,
3512,57857.85696,59186.29008,63467.49063,68010.25708,8700,0,,,,,,,,,
3513,63231.1737,64682.97972,69361.77963,74326.43732,8700,0,,,,,,,,,
3514,64961.2225,66452.75094,71259.56606,76360.06024,8700,0,,,,,,,,,
3515,64922.86221,66413.50989,71217.48654,76314.96881,8700,0,,,,,,,,,
3516,64234.29512,65709.1331,70462.15912,75505.57788,8700,0,,,,,,,,,
3517,60984.22008,62384.4354,66896.97164,71685.20757,8700,0,,,,,,,,,
3518,61820.47427,63239.89022,67814.30522,72668.20046,8700,0,,,,,,,,,
3519,61073.40774,62475.67084,66994.80653,71790.04511,8700,0,,,,,,,,,
3520,60729.12419,62123.48243,66617.14282,71385.34964,8700,0,,,,,,,,,
3521,61560.58334,62974.03213,67529.21646,72362.7061,8700,0,,,,,,,,,
3522,62480.27115,63914.83623,68538.073,73443.77284,8700,0,,,,,,,,,
3523,62947.3076,64392.59597,69050.39117,73992.76084,8700,0,,,,,,,,,
3524,63166.92023,64617.25098,69291.29643,74250.9092,8700,0,,,,,,,,,
3525,62376.69838,63808.8854,68424.45829,73322.02601,8700,0,,,,,,,,,
3526,60638.97753,62031.26597,66518.25595,71279.38481,8700,0,,,,,,,,,
3527,58499.4327,59842.59658,64171.27062,68764.41103,8700,0,,,,,,,,,
3528,57250.80547,58565.30052,62801.58221,67296.6854,8700,0,,,,,,,,,
3529,53798.37993,55033.60628,59014.42524,63238.45787,8700,0,,,,,,,,,
3530,52005.03667,53199.08735,57047.20761,61130.43413,8700,0,,,,,,,,,
3531,50878.20333,52046.38158,55811.12165,59805.87374,8700,0,,,,,,,,,
3532,50577.0751,51738.33936,55480.79741,59451.90612,8700,0,,,,,,,,,
3533,50759.28645,51924.73433,55680.67513,59666.09035,8700,0,,,,,,,,,
3534,51641.57298,52827.27841,56648.50414,60703.19295,8700,0,,,,,,,,,
3535,53818.51908,55054.20784,59036.51699,63262.13087,8700,0,,,,,,,,,
3536,56499.90291,57797.15701,61977.87555,66414.02091,8700,0,,,,,,,,,
3537,60304.28405,61688.88784,66151.11213,70885.9622,8700,0,,,,,,,,,
3538,61324.6676,62732.6997,67270.4274,72085.3939,8700,0,,,,,,,,,
3539,62041.0459,63465.52624,68056.26247,72927.4761,8700,0,,,,,,,,,
3540,62806.33356,64248.38513,68895.74893,73827.04988,8700,0,,,,,,,,,
3541,61809.92519,63229.09894,67802.73336,72655.80032,8700,0,,,,,,,,,
3542,63360.63966,64815.41826,69503.79802,74478.62086,8700,0,,,,,,,,,
3543,61769.64689,63187.89583,67758.54985,72608.45433,8700,0,,,,,,,,,
3544,60765.56646,62160.76143,66657.11837,71428.18648,8700,0,,,,,,,,,
3545,60901.74547,62300.06715,66806.50068,71588.26103,8700,0,,,,,,,,,
3546,61179.85753,62584.56474,67111.57721,71915.1738,8700,0,,,,,,,,,
3547,61207.66873,62613.0145,67142.08487,71947.86508,8700,0,,,,,,,,,
3548,61602.77966,63017.19728,67575.50394,72412.30668,8700,0,,,,,,,,,
3549,61273.84022,62680.70531,67214.67203,72025.64776,8700,0,,,,,,,,,
3550,59609.00391,60977.64386,65388.42079,70068.68027,8700,0,,,,,,,,,
3551,57671.80958,58995.971,63263.40495,67791.5637,8700,0,,,,,,,,,
3552,56653.34405,57954.12121,62146.19365,66594.38659,8700,0,,,,,,,,,
3553,53173.10731,54393.97722,58328.52905,62503.46778,8700,0,,,,,,,,,
3554,51203.30674,52378.94946,56167.7456,60188.02351,8700,0,,,,,,,,,
3555,50107.16163,51257.63654,54965.32326,58899.53626,8700,0,,,,,,,,,
3556,49558.60957,50696.48957,54363.5861,58254.729,8700,0,,,,,,,,,
3557,49526.00333,50663.13468,54327.81851,58216.40129,8700,0,,,,,,,,,
3558,49586.42078,50724.93934,54394.09376,58287.42028,8700,0,,,,,,,,,
3559,49720.68177,50862.283,54541.37208,58445.24024,8700,0,,,,,,,,,
3560,48742.49453,49861.63629,53468.34427,57295.4091,8700,0,,,,,,,,,
3561,48549.73411,49664.45003,53256.89469,57068.82473,8700,0,,,,,,,,,
3562,47865.00304,48963.99734,52505.77522,56263.94293,8700,0,,,,,,,,,
3563,48617.82361,49734.10289,53331.58583,57148.86199,8700,0,,,,,,,,,
3564,48160.37723,49266.15341,52829.78754,56611.14685,8700,0,,,,,,,,,
3565,47461.26106,48550.98533,52062.88825,55789.35577,8700,0,,,,,,,,,
3566,49176.92475,50306.04115,53944.89486,57806.0694,8700,0,,,,,,,,,
3567,50202.10333,51354.75813,55069.47008,59011.13752,8700,0,,,,,,,,,
3568,50895.46546,52064.04006,55830.05744,59826.16488,8700,0,,,,,,,,,
3569,51961.88135,53154.94116,56999.86814,61079.70628,8700,0,,,,,,,,,
3570,52886.36418,54100.65039,58013.98461,62166.40942,8700,0,,,,,,,,,
3571,54289.39156,55535.89169,59553.04312,63815.628,8700,0,,,,,,,,,
3572,55149.62092,56415.87216,60496.67639,64826.80303,8700,0,,,,,,,,,
3573,55413.34788,56685.65436,60785.97312,65136.80653,8700,0,,,,,,,,,
3574,54515.71724,55767.41386,59801.3123,64081.66737,8700,0,,,,,,,,,
3575,53339.01553,54563.69474,58510.52297,62698.48814,8700,0,,,,,,,,,
3576,52390.55752,53593.45986,57470.10679,61583.60286,8700,0,,,,,,,,,
3577,49403.25042,50537.56333,54193.16404,58072.10875,8700,0,,,,,,,,,
3578,47344.26219,48431.30013,51934.54571,55651.82695,8700,0,,,,,,,,,
3579,46274.96928,47337.45595,50761.57904,54394.90369,8700,0,,,,,,,,,
3580,45920.13666,46974.47627,50372.34347,53977.80809,8700,0,,,,,,,,,
3581,45963.29198,47018.62245,50419.68293,54028.53593,8700,0,,,,,,,,,
3582,46016.99637,47073.55991,50478.59425,54091.66391,8700,0,,,,,,,,,
3583,45903.83354,46957.79882,50354.45967,53958.64425,8700,0,,,,,,,,,
3584,44545.87949,45568.66576,48864.84459,52362.40807,8700,0,,,,,,,,,
3585,43172.58133,44163.83627,47358.39772,50748.13533,8700,0,,,,,,,,,
3586,42329.6141,43301.51428,46433.70023,49757.25145,8700,0,,,,,,,,,
3587,43213.81864,44206.0204,47403.6332,50796.60861,8700,0,,,,,,,,,
3588,42524.29254,43500.66259,46647.25381,49986.09039,8700,0,,,,,,,,,
3589,42233.71339,43203.41165,46328.50142,49644.52291,8700,0,,,,,,,,,
3590,42992.288,43979.40335,47160.62397,50536.20568,8700,0,,,,,,,,,
3591,44014.58956,45025.17726,48282.04322,51737.89194,8700,0,,,,,,,,,
3592,45765.73652,46816.53106,50202.97339,53796.31514,8700,0,,,,,,,,,
3593,48245.72886,49353.46474,52923.41447,56711.47525,8700,0,,,,,,,,,
3594,51013.42333,52184.70627,55959.45196,59964.82099,8700,0,,,,,,,,,
3595,53222.97567,54444.99057,58383.23241,62562.08661,8700,0,,,,,,,,,
3596,54361.31709,55609.46864,59631.94221,63900.17441,8700,0,,,,,,,,,
3597,54702.72362,55958.71396,60006.44996,64301.48803,8700,0,,,,,,,,,
3598,53717.82333,54951.20007,58926.05825,63143.76588,8700,0,,,,,,,,,
3599,52144.09269,53341.33612,57199.74587,61293.8905,8700,0,,,,,,,,,
3600,50606.80432,51768.75117,55513.40903,59486.85196,8700,0,,,,,,,,,
3601,47718.27496,48813.90034,52344.82105,56091.46827,8700,0,,,,,,,,,
3602,46043.84857,47101.02864,50508.04992,54123.22791,8700,0,,,,,,,,,
3603,45244.99566,46283.83383,49631.74388,53184.19915,8700,0,,,,,,,,,
3604,45018.66999,46052.31167,49383.47471,52918.15979,8700,0,,,,,,,,,
3605,45340.89637,46381.93646,49736.94268,53296.92769,8700,0,,,,,,,,,
3606,46631.71992,47702.39768,51152.91859,54814.25388,8700,0,,,,,,,,,
3607,49927.8273,51074.18465,54768.6015,58688.73389,8700,0,,,,,,,,,
3608,54378.57922,55627.12711,59650.878,63920.46554,8700,0,,,,,,,,,
3609,58958.7971,60312.50812,64675.1729,69304.38074,8700,0,,,,,,,,,
3610,59730.79781,61102.23419,65522.02328,70211.84552,8700,0,,,,,,,,,
3611,59833.41157,61207.20399,65634.586,70332.46506,8700,0,,,,,,,,,
3612,59006.74745,60361.55942,64727.7723,69360.74501,8700,0,,,,,,,,,
3613,56479.76376,57776.55546,61955.78381,66390.34791,8700,0,,,,,,,,,
3614,58554.09611,59898.51508,64231.23395,68828.66631,8700,0,,,,,,,,,
3615,59773.95313,61146.38037,65569.36274,70262.57336,8700,0,,,,,,,,,
3616,61339.05271,62747.41509,67286.20723,72102.30318,8700,0,,,,,,,,,
3617,62818.80065,64261.13846,68909.42477,73841.70459,8700,0,,,,,,,,,
3618,63056.63441,64504.43296,69170.31781,74121.27137,8700,0,,,,,,,,,
3619,63341.45952,64795.79774,69482.75826,74456.07515,8700,0,,,,,,,,,
3620,63233.09172,64684.94179,69363.88362,74328.6919,8700,0,,,,,,,,,
3621,62200.24108,63628.37659,68230.89249,73114.6055,8700,0,,,,,,,,,
3622,60307.16107,61691.83092,66154.26809,70889.34405,8700,0,,,,,,,,,
3623,58037.19128,59369.74197,63664.21239,68221.05945,8700,0,,,,,,,,,
3624,56801.99015,58106.18026,62309.2518,66769.11582,8700,0,,,,,,,,,
3625,53223.93468,54445.9716,58384.28441,62563.21389,8700,0,,,,,,,,,
3626,51575.40149,52759.58761,56575.91695,60625.41026,8700,0,,,,,,,,,
3627,50642.28759,51805.04915,55552.3326,59528.56154,8700,0,,,,,,,,,
3628,50225.1195,51378.30276,55094.71779,59038.19236,8700,0,,,,,,,,,
3629,50452.40418,51610.80596,55344.03896,59305.35901,8700,0,,,,,,,,,
3630,51148.64333,52323.03096,56107.78228,60123.76823,8700,0,,,,,,,,,
3631,53223.93468,54445.9716,58384.28441,62563.21389,8700,0,,,,,,,,,
3632,55651.18163,56928.94884,61046.86613,65416.37331,8700,0,,,,,,,,,
3633,58764.11866,60113.35981,64461.61933,69075.5418,8700,0,,,,,,,,,
3634,59689.56051,61060.05007,65476.78779,70163.37224,8700,0,,,,,,,,,
3635,59848.75568,61222.90041,65651.4178,70350.50161,8700,0,,,,,,,,,
3636,58866.73242,60218.32961,64574.18204,69196.16134,8700,0,,,,,,,,,
3637,56413.59227,57708.86465,61883.19663,66312.56523,8700,0,,,,,,,,,
3638,59117.99228,60475.35847,64849.80292,69491.51014,8700,0,,,,,,,,,
3639,60909.41753,62307.91536,66814.91659,71597.27931,8700,0,,,,,,,,,
3640,62533.01654,63968.79267,68595.93233,73505.77354,8700,0,,,,,,,,,
3641,64571.86562,66054.45432,70832.45892,75902.38235,8700,0,,,,,,,,,
3642,64410.75243,65889.64191,70655.72493,75712.9984,8700,0,,,,,,,,,
3643,64308.13867,65784.67211,70543.1622,75592.37886,8700,0,,,,,,,,,
3644,64388.69526,65867.07831,70631.5292,75687.07083,8700,0,,,,,,,,,
3645,63095.9537,64544.65503,69213.44931,74167.49008,8700,0,,,,,,,,,
3646,60779.95157,62175.47682,66672.89819,71445.09577,8700,0,,,,,,,,,
3647,58357.49965,59697.40471,64015.5764,68597.57279,8700,0,,,,,,,,,
3648,57222.99426,58536.85074,62771.07455,67263.99412,8700,0,,,,,,,,,
3649,53603.70149,54834.45796,58800.87166,63009.61893,8700,0,,,,,,,,,
3650,51813.23525,53002.8821,56836.81,60904.97704,8700,0,,,,,,,,,
3651,50762.16347,51927.67741,55683.83109,59669.4722,8700,0,,,,,,,,,
3652,50477.33837,51636.31265,55371.39065,59334.66843,8700,0,,,,,,,,,
3653,50541.59184,51702.0414,55441.87385,59410.19656,8700,0,,,,,,,,,
3654,51061.37369,52233.75759,56012.05137,60021.18527,8700,0,,,,,,,,,
3655,53131.87,54351.79309,58283.29354,62454.99449,8700,0,,,,,,,,,
3656,55811.33582,57092.78022,61222.54815,65604.62997,8700,0,,,,,,,,,
3657,59303.08065,60664.69652,65052.83661,69709.07622,8700,0,,,,,,,,,
3658,60372.37356,61758.54071,66225.80328,70965.99947,8700,0,,,,,,,,,
3659,60857.63115,62254.93995,66758.10923,71536.4059,8700,0,,,,,,,,,
3660,60249.62065,61632.96935,66091.1488,70821.70693,8700,0,,,,,,,,,
3661,58615.47256,59961.30075,64298.56118,68900.81256,8700,0,,,,,,,,,
3662,62387.24746,63819.67669,68436.03015,73334.42615,8700,0,,,,,,,,,
3663,64160.45158,65633.59409,70381.15604,75418.77691,8700,0,,,,,,,,,
3664,64988.0747,66480.21967,71289.02174,76391.62422,8700,0,,,,,,,,,
3665,65614.30633,67120.82976,71975.96992,77127.74161,8700,0,,,,,,,,,
3666,65415.79186,66917.75734,71758.20839,76894.39353,8700,0,,,,,,,,,
3667,65056.1642,66549.87253,71363.71288,76471.66149,8700,0,,,,,,,,,
3668,64580.49668,66063.28354,70841.92681,75912.52792,8700,0,,,,,,,,,
3669,63503.53172,64961.59116,69660.54424,74646.58639,8700,0,,,,,,,,,
3670,61461.80561,62872.98643,67420.86169,72246.59571,8700,0,,,,,,,,,
3671,58820.70008,60171.24036,64523.68662,69142.05165,8700,0,,,,,,,,,
3672,57450.27894,58769.35395,63020.39571,67531.16077,8700,0,,,,,,,,,
3673,53933.59993,55171.93098,59162.75556,63397.40511,8700,0,,,,,,,,,
3674,52119.15851,53315.82945,57172.39418,61264.58108,8700,0,,,,,,,,,
3675,51144.8073,52319.10686,56103.57433,60119.2591,8700,0,,,,,,,,,
3676,50706.54106,51870.77789,55622.81579,59604.08965,8700,0,,,,,,,,,
3677,50772.71255,51938.46871,55695.40297,59681.87235,8700,0,,,,,,,,,
3678,51395.10815,52575.15469,56378.1432,60413.48058,8700,0,,,,,,,,,
3679,53919.21482,55157.21558,59146.97573,63380.49583,8700,0,,,,,,,,,
3680,57872.24206,59201.00546,63483.27044,68027.16635,8700,0,,,,,,,,,
3681,63231.1737,64682.97972,69361.77963,74326.43732,8700,0,,,,,,,,,
3682,65518.40562,67022.72715,71870.77112,77015.01307,8700,0,,,,,,,,,
3683,66073.67073,67590.74131,72479.87219,77667.71133,8700,0,,,,,,,,,
3684,65619.10136,67125.73489,71981.22986,77133.37803,8700,0,,,,,,,,,
3685,63784.52079,65249.03181,69968.77673,74976.881,8700,0,,,,,,,,,
3686,66400.69215,67925.27124,72838.60012,78052.11566,8700,0,,,,,,,,,
3687,67238.86435,68782.68811,73758.03767,79037.36312,8700,0,,,,,,,,,
3688,67028.84179,68567.84338,73527.65228,78790.48761,8700,0,,,,,,,,,
3689,67219.6842,68763.06757,73736.9979,79014.81741,8700,0,,,,,,,,,
3690,66006.54023,67522.06947,72406.23302,77588.80135,8700,0,,,,,,,,,
3691,64918.06718,66408.60476,71212.2266,76309.33239,8700,0,,,,,,,,,
3692,64272.65541,65748.37416,70504.23865,75550.6693,8700,0,,,,,,,,,
3693,62648.09739,64086.51581,68722.1709,73641.04778,8700,0,,,,,,,,,
3694,60558.42093,61948.85977,66429.88896,71184.69284,8700,0,,,,,,,,,
3695,58256.80391,59594.39697,63905.11765,68479.20782,8700,0,,,,,,,,,
3696,57246.01043,58560.39537,62796.32225,67291.04898,8700,0,,,,,,,,,
3697,53772.48674,55007.11857,58986.02156,63208.02117,8700,0,,,,,,,,,
3698,51919.68503,53111.776,56953.58066,61030.10571,8700,0,,,,,,,,,
3699,50929.03071,52098.37597,55866.87702,59865.61988,8700,0,,,,,,,,,
3700,50601.05028,51762.86502,55507.0971,59480.08825,8700,0,,,,,,,,,
3701,50747.77837,51912.96203,55668.05128,59652.56293,8700,0,,,,,,,,,
3702,51659.79411,52845.91791,56668.4919,60724.61136,8700,0,,,,,,,,,
3703,53499.16972,54727.52611,58686.20498,62886.74482,8700,0,,,,,,,,,
3704,56074.10376,57361.58139,61510.79287,65913.50619,8700,0,,,,,,,,,
3705,59213.89299,60573.46109,64955.00173,69604.23868,8700,0,,,,,,,,,
3706,59109.36121,60466.52922,64840.33502,69481.36455,8700,0,,,,,,,,,
3707,58501.35072,59844.55864,64173.37461,68766.66561,8700,0,,,,,,,,,
3708,57064.75809,58374.98143,62597.49651,67077.99204,8700,0,,,,,,,,,
3709,54155.13057,55398.54802,59405.7648,63657.80804,8700,0,,,,,,,,,
3710,56720.47454,58022.79302,62219.83281,66673.29655,8700,0,,,,,,,,,
3711,58126.37894,59460.9774,63762.04728,68325.89699,8700,0,,,,,,,,,
3712,59386.51426,60750.04578,65144.35956,69807.15005,8700,0,,,,,,,,,
3713,61411.93725,62821.97308,67366.15833,72187.97688,8700,0,,,,,,,,,
3714,62113.93044,63540.08423,68136.21357,73013.1498,8700,0,,,,,,,,,
3715,62205.03611,63633.28172,68236.15242,73120.24191,8700,0,,,,,,,,,
3716,62068.8571,63493.976,68086.77012,72960.16738,8700,0,,,,,,,,,
3717,61454.13356,62865.13823,67412.44579,72237.57743,8700,0,,,,,,,,,
3718,59796.9693,61169.925,65594.61045,70289.6282,8700,0,,,,,,,,,
3719,57784.97242,59111.73209,63387.53954,67924.58339,8700,0,,,,,,,,,
3720,56787.60504,58091.46486,62293.47196,66752.20654,8700,0,,,,,,,,,
3721,53242.15582,54464.61111,58404.27218,62584.63232,8700,0,,,,,,,,,
3722,51378.80503,52558.47725,56360.2594,60394.31673,8700,0,,,,,,,,,
3723,50261.56177,51415.58176,55134.69334,59081.02921,8700,0,,,,,,,,,
3724,49471.33992,50607.21618,54267.85519,58152.14602,8700,0,,,,,,,,,
3725,49287.21056,50418.85916,54065.87349,57935.70721,8700,0,,,,,,,,,
3726,49364.89014,50498.32229,54151.08452,58027.01734,8700,0,,,,,,,,,
3727,49662.18234,50802.4404,54477.20082,58376.47583,8700,0,,,,,,,,,
3728,49918.23723,51064.37438,54758.08162,58677.46103,8700,0,,,,,,,,,
3729,50726.68021,51891.37945,55644.90754,59627.76265,8700,0,,,,,,,,,
3730,50465.83028,51624.54033,55358.76679,59321.14101,8700,0,,,,,,,,,
3731,50726.68021,51891.37945,55644.90754,59627.76265,8700,0,,,,,,,,,
3732,49954.6795,51101.65338,54798.05716,58720.29788,8700,0,,,,,,,,,
3733,48461.50545,49574.19562,53160.11178,56965.11446,8700,0,,,,,,,,,
3734,49566.28163,50704.33778,54372.00201,58263.74728,8700,0,,,,,,,,,
3735,50228.95553,51382.22687,55098.92575,59042.70151,8700,0,,,,,,,,,
3736,51057.53766,52229.83348,56007.84342,60016.67612,8700,0,,,,,,,,,
3737,52586.19496,53793.58919,57684.71235,61813.56908,8700,0,,,,,,,,,
3738,53699.6022,54932.56059,58906.07047,63122.34747,8700,0,,,,,,,,,
3739,54934.80334,56196.1223,60261.03107,64574.2911,8700,0,,,,,,,,,
3740,55813.25383,57094.74227,61224.65211,65606.88454,8700,0,,,,,,,,,
3741,56208.36476,57498.92506,61658.0712,66071.32614,8700,0,,,,,,,,,
3742,55046.04816,56309.92134,60383.06168,64705.05621,8700,0,,,,,,,,,
3743,53583.56234,54813.85642,58778.77991,62985.94594,8700,0,,,,,,,,,
3744,52721.41496,53931.91388,57833.04267,61972.51632,8700,0,,,,,,,,,
3745,49690.95255,50831.87119,54508.76046,58410.29438,8700,0,,,,,,,,,
3746,47908.15836,49008.14352,52553.11468,56314.67077,8700,0,,,,,,,,,
3747,46873.38971,47949.61629,51418.01958,55098.3298,8700,0,,,,,,,,,
3748,46271.13325,47333.53185,50757.37109,54390.39455,8700,0,,,,,,,,,
3749,46121.52815,47180.49177,50593.26095,54214.53803,8700,0,,,,,,,,,
3750,46220.30588,47281.53747,50701.61573,54330.64843,8700,0,,,,,,,,,
3751,46243.32205,47305.08209,50726.86344,54357.70327,8700,0,,,,,,,,,
3752,45418.57595,46461.39958,49822.15372,53388.23781,8700,0,,,,,,,,,
3753,44885.368,45915.94903,49237.24836,52761.4671,8700,0,,,,,,,,,
3754,45769.57254,46820.45515,50207.18134,53800.82427,8700,0,,,,,,,,,
3755,46577.05652,47646.4792,51092.95529,54749.9986,8700,0,,,,,,,,,
3756,46297.02644,47360.01955,50785.77476,54420.83125,8700,0,,,,,,,,,
3757,45693.81098,46742.95409,50124.07429,53711.76873,8700,0,,,,,,,,,
3758,46244.28105,47306.06311,50727.91542,54358.83056,8700,0,,,,,,,,,
3759,46994.2246,48073.22558,51550.57007,55240.36776,8700,0,,,,,,,,,
3760,48411.63709,49523.18227,53105.40842,56906.49563,8700,0,,,,,,,,,
3761,50420.75695,51578.4321,55309.32336,59268.1586,8700,0,,,,,,,,,
3762,52754.98021,53966.2498,57869.86225,62011.97132,8700,0,,,,,,,,,
3763,54684.50248,55940.07445,59986.46219,64280.06959,8700,0,,,,,,,,,
3764,55734.61525,57014.29812,61138.3891,65514.44714,8700,0,,,,,,,,,
3765,56277.41327,57569.55894,61733.81434,66152.4907,8700,0,,,,,,,,,
3766,55220.58745,56488.4681,60574.52351,64910.22216,8700,0,,,,,,,,,
3767,53519.30887,54748.12767,58708.29673,62910.41781,8700,0,,,,,,,,,
3768,51545.67227,52729.17581,56543.30533,60590.4644,8700,0,,,,,,,,,
3769,48694.54418,49812.58498,53415.74488,57239.04483,8700,0,,,,,,,,,
3770,46899.2829,47976.104,51446.42326,55128.76651,8700,0,,,,,,,,,
3771,46016.99637,47073.55991,50478.59425,54091.66391,8700,0,,,,,,,,,
3772,45693.81098,46742.95409,50124.07429,53711.76873,8700,0,,,,,,,,,
3773,46010.28332,47066.69272,50471.23034,54083.77291,8700,0,,,,,,,,,
3774,47114.10049,48195.85385,51682.06859,55381.27844,8700,0,,,,,,,,,
3775,49869.32787,51014.34205,54704.43023,58619.96948,8700,0,,,,,,,,,
3776,53812.76504,55048.32168,59030.20507,63255.36716,8700,0,,,,,,,,,
3777,59107.4432,60464.56718,64838.23104,69479.10998,8700,0,,,,,,,,,
3778,61289.18434,62696.40172,67231.50384,72043.68434,8700,0,,,,,,,,,
3779,62530.13952,63965.8496,68592.77638,73502.39168,8700,0,,,,,,,,,
3780,62894.56221,64338.63954,68992.53182,73930.76013,8700,0,,,,,,,,,
3781,60819.27086,62215.6989,66716.0297,71491.31447,8700,0,,,,,,,,,
3782,63129.51895,64578.99095,69250.2689,74206.94507,8700,0,,,,,,,,,
3783,63885.21654,65352.03957,70079.23547,75095.24599,8700,0,,,,,,,,,
3784,64123.0503,65595.33406,70340.12852,75374.81277,8700,0,,,,,,,,,
3785,65471.41427,66974.65687,71819.2237,76959.77608,8700,0,,,,,,,,,
3786,65733.22321,67242.47701,72106.41644,77267.52501,8700,0,,,,,,,,,
3787,65551.01186,67056.08204,71906.53871,77053.34077,8700,0,,,,,,,,,
3788,65255.63768,66753.92598,71582.5264,76706.13686,8700,0,,,,,,,,,
3789,64109.6242,65581.59969,70325.40067,75359.03077,8700,0,,,,,,,,,
3790,61714.98349,63131.97735,67698.58654,72544.19907,8700,0,,,,,,,,,
3791,59035.51767,60390.99022,64759.33194,69394.56359,8700,0,,,,,,,,,
3792,57641.12135,58964.57816,63229.74133,67755.49057,8700,0,,,,,,,,,
3793,54145.5405,55388.73776,59395.24491,63646.53519,8700,0,,,,,,,,,
3794,52472.07312,53676.84708,57559.52578,61679.42213,8700,0,,,,,,,,,
3795,51511.14801,52693.85885,56505.43376,60549.88212,8700,0,,,,,,,,,
3796,51003.83326,52174.89601,55948.93208,59953.54813,8700,0,,,,,,,,,
3797,51151.52035,52325.97404,56110.93824,60127.15009,8700,0,,,,,,,,,
3798,52002.15964,53196.14426,57044.05164,61127.05226,8700,0,,,,,,,,,
3799,53943.19,55181.74123,59173.27544,63408.67796,8700,0,,,,,,,,,
3800,56892.13681,58198.39671,62408.13866,66875.08065,8700,0,,,,,,,,,
3801,60903.66349,62302.02921,66808.60466,71590.5156,8700,0,,,,,,,,,
3802,62280.79767,63710.78279,68319.25948,73209.29747,8700,0,,,,,,,,,
3803,63141.02703,64590.76326,69262.89275,74220.47248,8700,0,,,,,,,,,
3804,62915.66037,64360.22212,69015.67557,73955.56042,8700,0,,,,,,,,,
3805,60879.68831,62277.50355,66782.30495,71562.33346,8700,0,,,,,,,,,
3806,64202.64789,65676.75924,70427.44353,75468.37746,8700,0,,,,,,,,,
3807,66135.04718,67653.52697,72547.19942,77739.8576,8700,0,,,,,,,,,
3808,66498.51087,68025.33589,72945.90289,78167.09877,8700,0,,,,,,,,,
3809,67147.75867,68689.49062,73658.0988,78930.271,8700,0,,,,,,,,,
3810,66845.67144,68380.46737,73326.72257,78575.1761,8700,0,,,,,,,,,
3811,66151.3503,67670.20442,72565.08322,77759.02144,8700,0,,,,,,,,,
3812,66934.8591,68471.70281,73424.55746,78680.01365,8700,0,,,,,,,,,
3813,65740.89527,67250.32522,72114.83235,77276.5433,8700,0,,,,,,,,,
3814,63084.44562,64532.88273,69200.82546,74153.96266,8700,0,,,,,,,,,
3815,60170.98207,61552.52521,66004.88579,70729.26953,8700,0,,,,,,,,,
3816,58687.39809,60034.87772,64377.46028,68985.35897,8700,0,,,,,,,,,
3817,55067.14631,56331.50391,60406.20542,64729.85649,8700,0,,,,,,,,,
3818,53199.0005,54420.46492,58356.93272,62533.90448,8700,0,,,,,,,,,
3819,52291.77979,53492.41417,57361.75203,61467.49246,8700,0,,,,,,,,,
3820,51761.44886,52949.90668,56780.00264,60844.10362,8700,0,,,,,,,,,
3821,51788.30106,52977.37542,56809.4583,60875.66762,8700,0,,,,,,,,,
3822,52495.08929,53700.39171,57584.77349,61706.47697,8700,0,,,,,,,,,
3823,54554.07752,55806.6549,59843.39182,64126.75878,8700,0,,,,,,,,,
3824,57222.03525,58535.86971,62770.02255,67262.86684,8700,0,,,,,,,,,
3825,61183.69356,62588.48885,67115.78516,71919.68294,8700,0,,,,,,,,,
3826,63126.64193,64576.04787,69247.11294,74203.56322,8700,0,,,,,,,,,
3827,64381.02321,65859.23011,70623.1133,75678.05256,8700,0,,,,,,,,,
3828,64350.33498,65827.83727,70589.44968,75641.97941,8700,0,,,,,,,,,
3829,62710.43285,64150.28252,68790.55013,73714.32135,8700,0,,,,,,,,,
3830,65786.92761,67297.41448,72165.32777,77330.653,8700,0,,,,,,,,,
3831,67320.37995,68866.07533,73847.45665,79133.18239,8700,0,,,,,,,,,
3832,68523.93385,70097.26317,75167.70163,80547.9256,8700,0,,,,,,,,,
3833,70378.65357,71994.5678,77202.24651,82728.09561,8700,0,,,,,,,,,
3834,70047.79612,71656.11377,76839.31064,82339.18213,8700,0,,,,,,,,,
3835,69051.38775,70636.82757,75746.29506,81167.93258,8700,0,,,,,,,,,
3836,68465.43442,70037.42059,75103.53037,80479.16119,8700,0,,,,,,,,,
3837,67164.06179,68706.16806,73675.9826,78949.43486,8700,0,,,,,,,,,
3838,64329.23682,65806.25469,70566.30594,75617.17914,8700,0,,,,,,,,,
3839,61273.84022,62680.70531,67214.67203,72025.64776,8700,0,,,,,,,,,
3840,59556.25852,60923.68742,65330.56145,70006.67956,8700,0,,,,,,,,,
3841,55865.04022,57147.71769,61281.45948,65667.75797,8700,0,,,,,,,,,
3842,53939.35397,55177.81712,59169.06748,63404.16882,8700,0,,,,,,,,,
3843,52789.50447,54001.56675,57907.73382,62052.5536,8700,0,,,,,,,,,
3844,52162.31383,53359.97563,57219.73364,61315.30893,8700,0,,,,,,,,,
3845,52206.42816,53405.10284,57268.1251,61367.16407,8700,0,,,,,,,,,
3846,52822.11071,54034.92163,57943.50141,62090.8813,8700,0,,,,,,,,,
3847,54833.14858,56092.13352,60149.52033,64454.79884,8700,0,,,,,,,,,
3848,58098.56774,59432.52764,63731.53963,68293.20572,8700,0,,,,,,,,,
3849,62918.53739,64363.1652,69018.83153,73958.94228,8700,0,,,,,,,,,
3850,65472.37328,66975.6379,71820.27569,76960.90337,8700,0,,,,,,,,,
3851,67305.03583,68850.3789,73830.62483,79115.14581,8700,0,,,,,,,,,
3852,68033.88123,69595.95881,74630.13576,79971.88274,8700,0,,,,,,,,,
3853,66418.91328,67943.91073,72858.58789,78073.53408,8700,0,,,,,,,,,
3854,69013.98648,70598.56756,75705.26754,81123.96845,8700,0,,,,,,,,,
3855,70375.77655,71991.62472,77199.09055,82724.71376,8700,0,,,,,,,,,
3856,71465.20861,73106.07045,78394.14898,84005.31,8700,0,,,,,,,,,
3857,71857.44251,73507.31016,78824.41208,84466.36974,8700,0,,,,,,,,,
3858,70592.51215,72213.33663,77436.83985,82979.48026,8700,0,,,,,,,,,
3859,69131.94435,70719.23377,75834.66207,81262.62455,8700,0,,,,,,,,,
3860,68292.81314,69860.83587,74914.17252,80276.24981,8700,0,,,,,,,,,
3861,66581.94449,68110.68518,73037.42586,78265.17261,8700,0,,,,,,,,,
3862,63766.29966,65230.39233,69948.78896,74955.46259,8700,0,,,,,,,,,
3863,60600.61724,61992.02493,66476.17643,71234.29339,8700,0,,,,,,,,,
3864,58891.6666,60243.83629,64601.53373,69225.47077,8700,0,,,,,,,,,
3865,55398.96277,56670.93897,60770.19329,65119.89725,8700,0,,,,,,,,,
3866,53632.4717,54863.88876,58832.43131,63043.43748,8700,0,,,,,,,,,
3867,52455.77,53660.16964,57541.64198,61660.25827,8700,0,,,,,,,,,
3868,52031.88886,53226.55607,57076.66326,61161.9981,8700,0,,,,,,,,,
3869,52051.06901,53246.1766,57097.70303,61184.54382,8700,0,,,,,,,,,
3870,52624.55525,53832.83025,57726.79188,61858.66051,8700,0,,,,,,,,,
3871,55499.65851,56773.94671,60880.65203,65238.26221,8700,0,,,,,,,,,
3872,59516.93923,60883.46536,65287.42994,69960.46088,8700,0,,,,,,,,,
3873,64895.05101,66385.06014,71186.97889,76282.27755,8700,0,,,,,,,,,
3874,67198.58605,68741.48501,73713.85417,78990.01714,8700,0,,,,,,,,,
3875,67195.70903,68738.54193,73710.69821,78986.63528,8700,0,,,,,,,,,
3876,66313.4225,67835.99785,72742.8692,77949.53269,8700,0,,,,,,,,,
3877,62972.24179,64418.10266,69077.74287,74022.07026,8700,0,,,,,,,,,
3878,64610.2259,66093.69536,70874.53844,75947.47376,8700,0,,,,,,,,,
3879,65559.64292,67064.91126,71916.0066,77063.48633,8700,0,,,,,,,,,
3880,66034.35144,67550.51923,72436.74069,77621.49264,8700,0,,,,,,,,,
3881,67097.8903,68638.47725,73603.39541,78871.65216,8700,0,,,,,,,,,
3882,66754.56576,68287.26989,73226.7837,78468.08398,8700,0,,,,,,,,,
3883,66161.89938,67680.99571,72576.65509,77771.42159,8700,0,,,,,,,,,
3884,65944.20477,67458.30277,72337.8538,77515.52779,8700,0,,,,,,,,,
3885,64962.18151,66453.73197,71260.61806,76361.18752,8700,0,,,,,,,,,
3886,62669.19554,64108.09838,68745.31463,73665.84806,8700,0,,,,,,,,,
3887,59749.01895,61120.87369,65542.01105,70233.26394,8700,0,,,,,,,,,
3888,58244.33682,59581.64363,63891.44181,68464.55311,8700,0,,,,,,,,,
3889,54786.15724,56044.06325,60097.97293,64399.56186,8700,0,,,,,,,,,
3890,52862.38901,54076.12474,57987.68491,62138.2273,8700,0,,,,,,,,,
3891,51674.17922,52860.63331,56684.27173,60741.52065,8700,0,,,,,,,,,
3892,50990.40716,52161.16164,55934.20425,59937.76614,8700,0,,,,,,,,,
3893,50676.81184,51840.36608,55590.20416,59569.14381,8700,0,,,,,,,,,
3894,50606.80432,51768.75117,55513.40903,59486.85196,8700,0,,,,,,,,,
3895,51214.81482,52390.72176,56180.36945,60201.55093,8700,0,,,,,,,,,
3896,51788.30106,52977.37542,56809.4583,60875.66762,8700,0,,,,,,,,,
3897,52636.06333,53844.60255,57739.41573,61872.18792,8700,0,,,,,,,,,
3898,52754.98021,53966.2498,57869.86225,62011.97132,8700,0,,,,,,,,,
3899,54114.85227,55357.34492,59361.58129,63610.46206,8700,0,,,,,,,,,
3900,54132.1144,55375.00339,59380.51709,63630.75319,8700,0,,,,,,,,,
3901,53205.71355,54427.33212,58364.29663,62541.79548,8700,0,,,,,,,,,
3902,54297.06362,55543.73989,59561.45903,63824.64629,8700,0,,,,,,,,,
3903,54946.31142,56207.89461,60273.65493,64587.81852,8700,0,,,,,,,,,
3904,56084.65284,57372.37268,61522.36473,65925.90632,8700,0,,,,,,,,,
3905,57463.70504,58783.08831,63035.12353,67546.94276,8700,0,,,,,,,,,
3906,58433.26121,59774.90578,64098.68345,68686.62833,8700,0,,,,,,,,,
3907,59120.8693,60478.30155,64852.95889,69494.89198,8700,0,,,,,,,,,
3908,59658.87228,61028.65722,65443.12417,70127.29911,8700,0,,,,,,,,,
3909,59617.63497,60986.4731,65397.88868,70078.82583,8700,0,,,,,,,,,
3910,58065.9615,59399.17275,63695.77204,68254.87802,8700,0,,,,,,,,,
3911,55854.49114,57136.9264,61269.88761,65655.35783,8700,0,,,,,,,,,
3912,54730.53483,55987.16373,60036.95762,64334.1793,8700,0,,,,,,,,,
3913,51529.36915,52712.49836,56525.42154,60571.30055,8700,0,,,,,,,,,
3914,49441.6107,50576.80437,54235.24356,58117.20017,8700,0,,,,,,,,,
3915,48121.05794,49225.93133,52786.65602,56564.92815,8700,0,,,,,,,,,
3916,47361.52432,48448.9586,51953.4815,55672.11808,8700,0,,,,,,,,,
3917,47195.61609,48279.24108,51771.48756,55477.09771,8700,0,,,,,,,,,
3918,47277.13169,48362.6283,51860.90654,55572.91696,8700,0,,,,,,,,,
3919,47601.27609,48694.21515,52216.4785,55953.93943,8700,0,,,,,,,,,
3920,47764.3073,48860.98959,52395.31648,56145.57796,8700,0,,,,,,,,,
3921,48286.00716,49394.66784,52967.59797,56758.82124,8700,0,,,,,,,,,
3922,48684.95411,49802.77473,53405.225,57227.77198,8700,0,,,,,,,,,
3923,49918.23723,51064.37438,54758.08162,58677.46103,8700,0,,,,,,,,,
3924,49811.78744,50955.48048,54641.31094,58552.33235,8700,0,,,,,,,,,
3925,49666.97737,50807.34553,54482.46075,58382.11225,8700,0,,,,,,,,,
3926,50143.6039,51294.91554,55005.29881,58942.37312,8700,0,,,,,,,,,
3927,51076.7178,52249.45401,56028.88318,60039.22182,8700,0,,,,,,,,,
3928,52733.88206,53944.66724,57846.71851,61987.17105,8700,0,,,,,,,,,
3929,54929.04929,56190.23614,60254.71914,64567.52738,8700,0,,,,,,,,,
3930,56571.82844,57870.73398,62056.77465,66498.56731,8700,0,,,,,,,,,
3931,58020.88816,59353.06452,63646.3286,68201.89559,8700,0,,,,,,,,,
3932,58996.19838,60350.76814,64716.20044,69348.34488,8700,0,,,,,,,,,
3933,58860.97838,60212.44345,64567.87012,69189.39763,8700,0,,,,,,,,,
3934,57375.47639,58692.83391,62938.34064,67443.23251,8700,0,,,,,,,,,
3935,55207.16135,56474.73372,60559.79568,64894.44016,8700,0,,,,,,,,,
3936,52996.65,54213.4684,58134.96324,62296.04725,8700,0,,,,,,,,,
3937,50042.90815,51191.90779,54894.84006,58824.00814,8700,0,,,,,,,,,
3938,48137.36106,49242.60878,52804.53982,56584.09199,8700,0,,,,,,,,,
3939,47235.89439,48320.44418,51815.67106,55524.44369,8700,0,,,,,,,,,
3940,46781.32503,47855.43778,51317.02874,54990.1104,8700,0,,,,,,,,,
3941,46987.51155,48066.35839,51543.20615,55232.47677,8700,0,,,,,,,,,
3942,48255.31893,49363.275,52933.93435,56722.74811,8700,0,,,,,,,,,
3943,51398.94418,52579.0788,56382.35116,60417.98974,8700,0,,,,,,,,,
3944,56362.7649,57656.87027,61827.44127,66252.81909,8700,0,,,,,,,,,
3945,62928.12746,64372.97545,69029.35141,73970.21513,8700,0,,,,,,,,,
3946,65521.28264,67025.67023,71873.92707,77018.39492,8700,0,,,,,,,,,
3947,66931.02307,68467.7787,73420.3495,78675.50451,8700,0,,,,,,,,,
3948,67050.89896,68590.40697,73551.84801,78816.41518,8700,0,,,,,,,,,
3949,65370.71853,66871.64913,71708.76496,76841.41112,8700,0,,,,,,,,,
3950,67997.43896,69558.67981,74590.16021,79929.0459,8700,0,,,,,,,,,
3951,69293.05754,70884.04617,76011.39605,81452.0085,8700,0,,,,,,,,,
3952,70046.83712,71655.13275,76838.25866,82338.05486,8700,0,,,,,,,,,
3953,71177.50648,72811.7626,78078.55256,83667.12437,8700,0,,,,,,,,,
3954,70479.34931,72097.57555,77312.70526,82846.46058,8700,0,,,,,,,,,
3955,69341.00789,70933.09747,76063.99545,81508.37277,8700,0,,,,,,,,,
3956,68544.073,70117.86473,75189.7934,80571.59859,8700,0,,,,,,,,,
3957,67074.87413,68614.93262,73578.14771,78844.59731,8700,0,,,,,,,,,
3958,64262.10633,65737.58286,70492.66678,75538.26916,8700,0,,,,,,,,,
3959,61039.84249,62441.33492,66957.98695,71750.59012,8700,0,,,,,,,,,
3960,59399.94036,60763.78016,65159.08739,69822.93203,8700,0,,,,,,,,,
3961,55830.51596,57112.40075,61243.5879,65627.17568,8700,0,,,,,,,,,
3962,53976.75525,55216.07715,59210.09502,63448.13296,8700,0,,,,,,,,,
3963,52919.92943,54134.98631,58050.80419,62205.86441,8700,0,,,,,,,,,
3964,52369.45936,53571.87728,57446.96306,61558.80258,8700,0,,,,,,,,,
3965,52488.37624,53693.52453,57577.40958,61698.58597,8700,0,,,,,,,,,
3966,53313.12234,54537.20703,58482.11929,62668.05143,8700,0,,,,,,,,,
3967,56139.31625,57428.29117,61582.32806,65990.1616,8700,0,,,,,,,,,
3968,60795.29568,62191.17324,66689.72999,71463.13234,8700,0,,,,,,,,,
3969,66987.60449,68525.65925,73482.41681,78742.01434,8700,0,,,,,,,,,
3970,69712.14364,71312.7546,76471.11483,81944.63224,8700,0,,,,,,,,,
3971,70225.21243,71837.60361,77033.92842,82547.72994,8700,0,,,,,,,,,
3972,70000.80477,71608.04348,76787.76322,82283.94515,8700,0,,,,,,,,,
3973,67657.95045,69211.39655,74217.75644,79529.98686,8700,0,,,,,,,,,
3974,69734.2008,71335.31821,76495.31056,81970.5598,8700,0,,,,,,,,,
3975,70305.76903,71920.00981,77122.29543,82642.42192,8700,0,,,,,,,,,
3976,69839.69158,71443.23108,76611.02923,82094.56119,8700,0,,,,,,,,,
3977,69724.61073,71325.50794,76484.79067,81959.28695,8700,0,,,,,,,,,
3978,68874.93045,70456.31875,75552.72927,80960.51207,8700,0,,,,,,,,,
3979,68313.9113,69882.41845,74937.31627,80301.05009,8700,0,,,,,,,,,
3980,67723.16293,69278.10633,74289.29163,79606.64227,8700,0,,,,,,,,,
3981,66431.38037,67956.66407,72872.26373,78088.18878,8700,0,,,,,,,,,
3982,63655.05484,65116.59329,69826.75835,74824.69748,8700,0,,,,,,,,,
3983,60712.82107,62106.80499,66599.25903,71366.1858,8700,0,,,,,,,,,
3984,59285.81852,60647.03805,65033.90083,69688.78508,8700,0,,,,,,,,,
3985,55787.36064,57068.25456,61196.24844,65576.44784,8700,0,,,,,,,,,
3986,54012.23851,55252.37512,59249.01857,63489.84251,8700,0,,,,,,,,,
3987,52958.28972,54174.22736,58092.88371,62250.95584,8700,0,,,,,,,,,
3988,52440.42589,53644.47322,57524.81017,61642.22171,8700,0,,,,,,,,,
3989,52366.58234,53568.9342,57443.8071,61555.42073,8700,0,,,,,,,,,
3990,53204.75454,54426.35109,58363.24464,62540.66819,8700,0,,,,,,,,,
3991,55619.5344,56896.57499,61012.15053,65379.1729,8700,0,,,,,,,,,
3992,59070.04192,60426.30715,64797.20351,69435.14585,8700,0,,,,,,,,,
3993,63660.80888,65122.47946,69833.07027,74831.46119,8700,0,,,,,,,,,
3994,65873.23824,67385.70683,72260.00669,77432.10867,8700,0,,,,,,,,,
3995,66963.62931,68501.13359,73456.1171,78713.83221,8700,0,,,,,,,,,
3996,67029.8008,68568.82441,73528.70427,78791.6149,8700,0,,,,,,,,,
3997,65167.40902,66663.67156,71485.74349,76602.4266,8700,0,,,,,,,,,
3998,67220.64321,68764.0486,73738.0499,79015.9447,8700,0,,,,,,,,,
3999,68102.92974,69666.59269,74705.87889,80053.0473,8700,0,,,,,,,,,
4000,68575.72023,70150.23858,75224.50899,80608.79901,8700,0,,,,,,,,,
4001,69522.26023,71118.51142,76262.82119,81721.42972,8700,0,,,,,,,,,
4002,68943.01995,70525.97161,75627.42042,81040.54932,8700,0,,,,,,,,,
4003,68133.61796,69697.98551,74739.54251,80089.12042,8700,0,,,,,,,,,
4004,67553.41867,69104.46469,74103.08974,79407.11274,8700,0,,,,,,,,,
4005,66713.32846,68245.08576,73181.54822,78419.61071,8700,0,,,,,,,,,
4006,64073.18193,65544.3207,70285.42513,75316.19393,8700,0,,,,,,,,,
4007,60900.78646,62299.08612,66805.44869,71587.13373,8700,0,,,,,,,,,
4008,59489.12802,60855.01559,65256.92229,69927.76958,8700,0,,,,,,,,,
4009,55779.68859,57060.40636,61187.83254,65567.42957,8700,0,,,,,,,,,
4010,53935.51794,55173.89303,59164.85953,63399.65968,8700,0,,,,,,,,,
4011,52953.49468,54169.32223,58087.62378,62245.31941,8700,0,,,,,,,,,
4012,52368.50035,53570.89625,57445.91107,61557.67529,8700,0,,,,,,,,,
4013,52229.44433,53428.64746,57293.37281,61394.21892,8700,0,,,,,,,,,
4014,52925.68348,54140.87247,58057.11613,62212.62813,8700,0,,,,,,,,,
4015,55261.82475,56530.65221,60619.75898,64958.69543,8700,0,,,,,,,,,
4016,58802.47894,60152.60085,64503.69884,69120.63322,8700,0,,,,,,,,,
4017,63429.68817,64886.05214,69579.54116,74559.78541,8700,0,,,,,,,,,
4018,65057.12321,66550.85356,71364.76487,76472.78878,8700,0,,,,,,,,,
4019,65470.45526,66973.67584,71818.1717,76958.64879,8700,0,,,,,,,,,
4020,66104.35895,67622.13414,72513.53581,77703.78447,8700,0,,,,,,,,,
4021,64592.00477,66075.05587,70854.55067,75926.05534,8700,0,,,,,,,,,
4022,67702.06477,69256.52374,74266.14788,79581.84198,8700,0,,,,,,,,,
4023,69004.3964,70588.75729,75694.74765,81112.69559,8700,0,,,,,,,,,
4024,69210.58293,70799.67792,75920.92508,81355.06196,8700,0,,,,,,,,,
4025,69691.04548,71291.17202,76447.97109,81919.83196,8700,0,,,,,,,,,
4026,68540.23697,70113.94062,75185.58544,80567.08944,8700,0,,,,,,,,,
4027,67352.98619,68899.43021,73883.22424,79171.51009,8700,0,,,,,,,,,
4028,66951.16222,68488.38025,73442.44126,78699.1775,8700,0,,,,,,,,,
4029,65483.88136,66987.4102,71832.89954,76974.43079,8700,0,,,,,,,,,
4030,62995.25796,64441.64729,69102.99058,74049.12511,8700,0,,,,,,,,,
4031,60048.22916,61426.95386,65870.23132,70584.977,8700,0,,,,,,,,,
4032,58839.88022,60190.86088,64544.72638,69164.59736,8700,0,,,,,,,,,
4033,55167.84206,56434.51166,60516.66416,64848.22145,8700,0,,,,,,,,,
4034,53562.46419,54792.27385,58755.63619,62961.14566,8700,0,,,,,,,,,
4035,52536.3266,53742.57584,57630.00898,61754.95025,8700,0,,,,,,,,,
4036,52054.90503,53250.1007,57101.91097,61189.05296,8700,0,,,,,,,,,
4037,52171.9039,53369.7859,57230.25351,61326.58179,8700,0,,,,,,,,,
4038,52933.35553,54148.72067,58065.53202,62221.64641,8700,0,,,,,,,,,
4039,55734.61525,57014.29812,61138.3891,65514.44714,8700,0,,,,,,,,,
4040,59850.6737,61224.86247,65653.52178,70352.7562,8700,0,,,,,,,,,
4041,65053.28718,66546.92945,71360.55692,76468.27963,8700,0,,,,,,,,,
4042,67209.13513,68752.2763,73725.42604,79002.41728,8700,0,,,,,,,,,
4043,67314.62591,68860.18918,73841.14473,79126.41868,8700,0,,,,,,,,,
4044,66734.42661,68266.66833,73204.69194,78444.41099,8700,0,,,,,,,,,
4045,64424.17853,65903.37629,70670.45276,75728.7804,8700,0,,,,,,,,,
4046,66911.84293,68448.15819,73399.30975,78652.9588,8700,0,,,,,,,,,
4047,67568.76279,69120.16111,74119.92156,79425.14932,8700,0,,,,,,,,,
4048,67517.93541,69068.16672,74064.16619,79365.40318,8700,0,,,,,,,,,
4049,67635.89328,69188.83294,74193.56071,79504.05929,8700,0,,,,,,,,,
4050,66348.90576,67872.29581,72781.79276,77991.24225,8700,0,,,,,,,,,
4051,65129.04874,66624.43052,71443.66397,76557.33519,8700,0,,,,,,,,,
4052,64928.61626,66419.39606,71223.79848,76321.73254,8700,0,,,,,,,,,
4053,63955.22406,65423.65448,70156.03061,75177.53782,8700,0,,,,,,,,,
4054,61751.42576,63169.25635,67738.56209,72587.03592,8700,0,,,,,,,,,
4055,59034.55866,60390.00919,64758.27996,69393.4363,8700,0,,,,,,,,,
4056,58182.96036,59518.85795,63824.11458,68392.40684,8700,0,,,,,,,,,
4057,54800.54234,56058.77863,60113.75275,64416.47114,8700,0,,,,,,,,,
4058,52918.01142,54133.02426,58048.70022,62203.60984,8700,0,,,,,,,,,
4059,51648.28603,52834.14561,56655.86805,60711.08394,8700,0,,,,,,,,,
4060,50957.80092,52127.80676,55898.43666,59899.43843,8700,0,,,,,,,,,
4061,50739.1473,51904.13279,55658.58338,59642.41735,8700,0,,,,,,,,,
4062,50720.92617,51885.4933,55638.59562,59620.99894,8700,0,,,,,,,,,
4063,51387.4361,52567.30648,56369.7273,60404.46231,8700,0,,,,,,,,,
4064,51379.76404,52559.45827,56361.31139,60395.44403,8700,0,,,,,,,,,
4065,51907.21794,53099.02266,56939.90482,61015.451,8700,0,,,,,,,,,
4066,51570.60645,52754.68248,56570.65702,60619.77382,8700,0,,,,,,,,,
4067,52351.23823,53553.23779,57426.97529,61537.38416,8700,0,,,,,,,,,
4068,51659.79411,52845.91791,56668.4919,60724.61136,8700,0,,,,,,,,,
4069,50738.18829,51903.15176,55657.53139,59641.29007,8700,0,,,,,,,,,
4070,52109.56844,53306.0192,57161.8743,61253.30823,8700,0,,,,,,,,,
4071,52921.84745,54136.94836,58052.90817,62208.119,8700,0,,,,,,,,,
4072,53598.90645,54829.55283,58795.61173,63003.98249,8700,0,,,,,,,,,
4073,55093.99851,56358.97264,60435.66108,64761.42047,8700,0,,,,,,,,,
4074,56413.59227,57708.86465,61883.19663,66312.56523,8700,0,,,,,,,,,
4075,57751.40717,59077.39616,63350.71996,67885.12839,8700,0,,,,,,,,,
4076,58344.07355,59683.67034,64000.84855,68581.79079,8700,0,,,,,,,,,
4077,58425.58916,59767.05757,64090.26755,68677.61005,8700,0,,,,,,,,,
4078,56978.44745,58286.68908,62502.81759,66976.53634,8700,0,,,,,,,,,
4079,55085.36745,56350.14341,60426.1932,64751.27491,8700,0,,,,,,,,,
4080,54100.46716,55342.62952,59345.80147,63593.55277,8700,0,,,,,,,,,
4081,51038.35752,52210.21296,55986.80365,59994.13041,8700,0,,,,,,,,,
4082,49035.9507,50161.8303,53790.25262,57640.35844,8700,0,,,,,,,,,
4083,47863.08503,48962.0353,52503.67124,56261.68836,8700,0,,,,,,,,,
4084,47132.32162,48214.49335,51702.05635,55402.69687,8700,0,,,,,,,,,
4085,46904.07794,47981.00912,51451.68321,55134.40294,8700,0,,,,,,,,,
4086,46982.71652,48061.45327,51537.94622,55226.84035,8700,0,,,,,,,,,
4087,47163.96886,48246.86721,51736.77196,55439.89729,8700,0,,,,,,,,,
4088,46417.86134,47483.62886,50918.32527,54562.86922,8700,0,,,,,,,,,
4089,46049.60261,47106.9148,50514.36185,54129.99162,8700,0,,,,,,,,,
4090,45850.12914,46902.86136,50295.54835,53895.51625,8700,0,,,,,,,,,
4091,47678.95567,48773.67827,52301.68954,56045.24956,8700,0,,,,,,,,,
4092,47895.69127,48995.39018,52539.43883,56300.01606,8700,0,,,,,,,,,
4093,48442.32531,49554.5751,53139.07201,56942.56876,8700,0,,,,,,,,,
4094,49287.21056,50418.85916,54065.87349,57935.70721,8700,0,,,,,,,,,
4095,50254.84872,51408.71457,55127.32942,59073.13822,8700,0,,,,,,,,,
4096,51769.12092,52957.7549,56788.41855,60853.12191,8700,0,,,,,,,,,
4097,53924.96887,55163.10174,59153.28767,63387.25955,8700,0,,,,,,,,,
4098,55589.80518,56866.16317,60979.53891,65344.22704,8700,0,,,,,,,,,
4099,57329.44405,58645.74466,62887.84522,67389.12281,8700,0,,,,,,,,,
4100,58325.85242,59665.03084,63980.86079,68560.37237,8700,0,,,,,,,,,
4101,58691.23412,60038.80181,64381.66824,68989.86811,8700,0,,,,,,,,,
4102,57184.63398,58497.60971,62728.99502,67218.90271,8700,0,,,,,,,,,
4103,55086.32646,56351.12444,60427.24518,64752.4022,8700,0,,,,,,,,,
4104,53011.03511,54228.1838,58150.74306,62312.95653,8700,0,,,,,,,,,
4105,50215.52943,51368.49251,55084.19791,59026.91952,8700,0,,,,,,,,,
4106,48334.91652,49444.70018,53021.24936,56816.3128,8700,0,,,,,,,,,
4107,47461.26106,48550.98533,52062.88825,55789.35577,8700,0,,,,,,,,,
4108,47097.79737,48179.17641,51664.18478,55362.1146,8700,0,,,,,,,,,
4109,47395.08957,48483.29452,51990.30108,55711.57307,8700,0,,,,,,,,,
4110,48509.45581,49623.24693,53212.71118,57021.47874,8700,0,,,,,,,,,
4111,51090.1439,52263.18837,56043.61101,60055.00382,8700,0,,,,,,,,,
4112,55371.15156,56642.48921,60739.68563,65087.20597,8700,0,,,,,,,,,
4113,61040.8015,62442.31594,66959.03894,71751.71741,8700,0,,,,,,,,,
4114,63163.0842,64613.32687,69287.08849,74246.40007,8700,0,,,,,,,,,
4115,64039.61668,65509.98479,70248.60555,75276.73894,8700,0,,,,,,,,,
4116,64000.29739,65469.76272,70205.47404,75230.52023,8700,0,,,,,,,,,
4117,62248.19143,63677.42789,68283.49188,73170.96977,8700,0,,,,,,,,,
4118,65037.94307,66531.23303,71343.72511,76450.24308,8700,0,,,,,,,,,
4119,66665.3781,68196.03445,73128.94881,78363.24643,8700,0,,,,,,,,,
4120,67572.59881,69124.0852,74124.12949,79429.65845,8700,0,,,,,,,,,
4121,69135.78038,70723.15787,75838.87002,81267.1337,8700,0,,,,,,,,,
4122,69414.85144,71008.63649,76144.99853,81595.17376,8700,0,,,,,,,,,
4123,68479.81952,70052.13597,75119.31019,80496.07046,8700,0,,,,,,,,,
4124,67462.313,69011.26721,74003.15088,79300.02063,8700,0,,,,,,,,,
4125,66055.44959,67572.1018,72459.88442,77646.2929,8700,0,,,,,,,,,
4126,63490.10562,64947.8568,69645.81641,74630.80439,8700,0,,,,,,,,,
4127,60507.59356,61896.86539,66374.13359,71124.94671,8700,0,,,,,,,,,
4128,59183.20476,60542.06824,64921.3381,69568.16554,8700,0,,,,,,,,,
4129,55467.05227,56740.59182,60844.88443,65199.93451,8700,0,,,,,,,,,
4130,53636.30773,54867.81286,58836.63926,63047.94663,8700,0,,,,,,,,,
4131,52647.57142,53856.37487,57752.03959,61885.71536,8700,0,,,,,,,,,
4132,51965.71737,53158.86526,57004.07609,61084.21541,8700,0,,,,,,,,,
4133,52047.23298,53242.25249,57093.49507,61180.03468,8700,0,,,,,,,,,
4134,52723.33298,53933.87594,57835.14666,61974.7709,8700,0,,,,,,,,,
4135,54938.63936,56200.0464,60265.23902,64578.80023,8700,0,,,,,,,,,
4136,58361.33568,59701.32882,64019.78434,68602.08192,8700,0,,,,,,,,,
4137,63149.6581,64599.5925,69272.36064,74230.61807,8700,0,,,,,,,,,
4138,65673.76477,67181.6534,72041.19318,77197.63331,8700,0,,,,,,,,,
4139,66133.12917,67651.56493,72545.09546,77737.60303,8700,0,,,,,,,,,
4140,65754.32136,67264.05958,72129.56016,77292.32527,8700,0,,,,,,,,,
4141,64490.35002,65971.0671,70743.03993,75806.5631,8700,0,,,,,,,,,
4142,67511.22236,69061.29954,74056.80227,79357.51218,8700,0,,,,,,,,,
4143,67889.07115,69447.82385,74471.28556,79801.66263,8700,0,,,,,,,,,
4144,67744.26108,69299.68889,74312.43536,79631.44254,8700,0,,,,,,,,,
4145,69545.27641,71142.05606,76288.06891,81748.48458,8700,0,,,,,,,,,
4146,69305.52463,70896.7995,76025.0719,81466.66322,8700,0,,,,,,,,,
4147,68256.37087,69823.55687,74874.19697,80233.41296,8700,0,,,,,,,,,
4148,67577.39385,69128.99034,74129.38944,79435.29487,8700,0,,,,,,,,,
4149,66100.52293,67618.21004,72509.32786,77699.27533,8700,0,,,,,,,,,
4150,63475.72051,64933.1414,69630.03659,74613.89511,8700,0,,,,,,,,,
4151,60349.35739,61734.99607,66200.55557,70938.94463,8700,0,,,,,,,,,
4152,58961.67412,60315.4512,64678.32886,69307.76261,8700,0,,,,,,,,,
4153,55519.79766,56794.54826,60902.74378,65261.93521,8700,0,,,,,,,,,
4154,53609.45553,54840.34413,58807.18359,63016.38264,8700,0,,,,,,,,,
4155,52706.07085,53916.21747,57816.21086,61954.47977,8700,0,,,,,,,,,
4156,52183.41198,53381.5582,57242.87737,61340.1092,8700,0,,,,,,,,,
4157,52037.64291,53232.44223,57082.9752,61168.76182,8700,0,,,,,,,,,
4158,52714.70191,53925.0467,57825.67875,61964.62533,8700,0,,,,,,,,,
4159,55015.35993,56278.5285,60349.39806,64668.98308,8700,0,,,,,,,,,
4160,58725.75838,60074.11876,64419.53981,69030.45039,8700,0,,,,,,,,,
4161,63884.25753,65351.05854,70078.18348,75094.1187,8700,0,,,,,,,,,
4162,65861.73016,67373.93452,72247.38283,77418.58125,8700,0,,,,,,,,,
4163,66412.20023,67937.04354,72851.22397,78065.64308,8700,0,,,,,,,,,
4164,66601.12463,68130.30571,73058.46562,78287.71831,8700,0,,,,,,,,,
4165,64402.12136,65880.81268,70646.25703,75702.85282,8700,0,,,,,,,,,
4166,67024.04676,68562.93824,73522.39235,78784.85119,8700,0,,,,,,,,,
4167,68299.52619,69867.70305,74921.53643,80284.1408,8700,0,,,,,,,,,
4168,68362.82066,69932.45079,74990.96765,80358.54165,8700,0,,,,,,,,,
4169,68785.74279,70365.08332,75454.89438,80855.67452,8700,0,,,,,,,,,
4170,67943.73456,69503.74235,74531.24887,79865.91791,8700,0,,,,,,,,,
4171,66826.4913,68360.84686,73305.68281,78552.63039,8700,0,,,,,,,,,
4172,66451.51952,67977.26562,72894.35548,78111.86178,8700,0,,,,,,,,,
4173,65647.87158,67155.16569,72012.78951,77167.19661,8700,0,,,,,,,,,
4174,63261.86193,64714.37256,69395.44325,74362.51046,8700,0,,,,,,,,,
4175,60537.32278,61927.2772,66406.74523,71159.89257,8700,0,,,,,,,,,
4176,59102.64816,60459.66204,64832.9711,69473.47356,8700,0,,,,,,,,,
4177,55526.51071,56801.41545,60910.10769,65269.8262,8700,0,,,,,,,,,
4178,53711.11028,54944.3329,58918.69433,63135.87489,8700,0,,,,,,,,,
4179,52662.91553,53872.07129,57768.8714,61903.75192,8700,0,,,,,,,,,
4180,52211.22319,53410.00797,57273.38503,61372.80049,8700,0,,,,,,,,,
4181,52202.59213,53401.17873,57263.91714,61362.65492,8700,0,,,,,,,,,
4182,52784.70943,53996.66162,57902.47388,62046.91717,8700,0,,,,,,,,,
4183,55028.78603,56292.26286,60364.12589,64684.76507,8700,0,,,,,,,,,
4184,58406.40901,59747.43703,64069.22778,68655.06433,8700,0,,,,,,,,,
4185,63053.75739,64501.48988,69167.16185,74117.88952,8700,0,,,,,,,,,
4186,64672.56136,66157.46206,70942.91765,76020.74732,8700,0,,,,,,,,,
4187,65561.56094,67066.87332,71918.11059,77065.74091,8700,0,,,,,,,,,
4188,65447.43909,66950.13121,71792.92399,76931.59395,8700,0,,,,,,,,,
4189,63569.70321,65029.28197,69733.13142,74724.36908,8700,0,,,,,,,,,
4190,66276.98023,67798.71885,72702.89365,77906.69583,8700,0,,,,,,,,,
4191,67703.98279,69258.4858,74268.25187,79584.09656,8700,0,,,,,,,,,
4192,68572.84321,70147.29551,75221.35304,80605.41715,8700,0,,,,,,,,,
4193,69828.1835,71431.45877,76598.40539,82081.03378,8700,0,,,,,,,,,
4194,69361.14704,70953.69902,76086.0872,81532.04577,8700,0,,,,,,,,,
4195,68390.63186,69960.90054,75021.4753,80391.23292,8700,0,,,,,,,,,
4196,67815.22761,69372.28484,74390.28248,79714.86167,8700,0,,,,,,,,,
4197,66471.65867,67997.86717,72916.44723,78135.53478,8700,0,,,,,,,,,
4198,63944.67498,65412.8632,70144.45873,75165.13768,8700,0,,,,,,,,,
4199,60927.63866,62326.55485,66834.90435,71618.69773,8700,0,,,,,,,,,
4200,59485.29199,60851.09149,65252.71433,69923.26044,8700,0,,,,,,,,,
4201,55939.84277,57224.23772,61363.51454,65755.68622,8700,0,,,,,,,,,
4202,54069.77894,55311.23669,59312.13786,63557.47965,8700,0,,,,,,,,,
4203,52840.33184,54053.56113,57963.48918,62112.29972,8700,0,,,,,,,,,
4204,52105.73241,53302.09509,57157.66634,61248.79909,8700,0,,,,,,,,,
4205,52209.30518,53408.04592,57271.28106,61370.54592,8700,0,,,,,,,,,
4206,52888.2822,54102.61245,58016.08859,62168.66401,8700,0,,,,,,,,,
4207,54959.73752,56221.62897,60288.38276,64603.60052,8700,0,,,,,,,,,
4208,58182.00135,59517.87692,63823.06258,68391.27955,8700,0,,,,,,,,,
4209,62472.59909,63906.98802,68529.65709,73434.75455,8700,0,,,,,,,,,
4210,64312.9337,65789.57724,70548.42214,75598.01528,8700,0,,,,,,,,,
4211,65256.59668,66754.907,71583.57838,76707.26414,8700,0,,,,,,,,,
4212,65149.18789,66645.03208,71465.75571,76581.00819,8700,0,,,,,,,,,
4213,63316.52533,64770.29105,69455.40656,74426.76572,8700,0,,,,,,,,,
4214,65987.36009,67502.44895,72385.19326,77566.25565,8700,0,,,,,,,,,
4215,67357.78122,68904.33535,73888.48418,79177.14651,8700,0,,,,,,,,,
4216,68170.06023,69735.26451,74779.51805,80131.95727,8700,0,,,,,,,,,
4217,69780.23314,71382.40746,76545.80597,82024.66951,8700,0,,,,,,,,,
4218,69200.99286,70789.86765,75910.4052,81343.78911,8700,0,,,,,,,,,
4219,67579.31186,69130.95239,74131.49342,79437.54944,8700,0,,,,,,,,,
4220,66857.17952,68392.23969,73339.34643,78588.70352,8700,0,,,,,,,,,
4221,65768.70647,67278.77497,72145.33999,77309.23456,8700,0,,,,,,,,,
4222,63551.48207,65010.64246,69713.14364,74702.95065,8700,0,,,,,,,,,
4223,60473.0693,61861.54845,66336.26202,71084.36444,8700,0,,,,,,,,,
4224,59051.82079,60407.66766,64777.21575,69413.72743,8700,0,,,,,,,,,
4225,55600.35426,56876.95446,60991.11077,65356.62719,8700,0,,,,,,,,,
4226,53545.20206,54774.61538,58736.7004,62940.85452,8700,0,,,,,,,,,
4227,52206.42816,53405.10284,57268.1251,61367.16407,8700,0,,,,,,,,,
4228,51365.37893,52544.74288,56345.53157,60378.53474,8700,0,,,,,,,,,
4229,51090.1439,52263.18837,56043.61101,60055.00382,8700,0,,,,,,,,,
4230,50937.66177,52107.2052,55876.34491,59875.76544,8700,0,,,,,,,,,
4231,52219.85425,53418.83719,57282.85292,61382.94605,8700,0,,,,,,,,,
4232,53603.70149,54834.45796,58800.87166,63009.61893,8700,0,,,,,,,,,
4233,55469.92929,56743.5349,60848.04039,65203.31636,8700,0,,,,,,,,,
4234,55889.9744,57173.22436,61308.81116,65697.06738,8700,0,,,,,,,,,
4235,56029.98944,57316.45419,61462.40143,65861.65107,8700,0,,,,,,,,,
4236,54834.10759,56093.11454,60150.57233,64455.92612,8700,0,,,,,,,,,
4237,53371.62177,54597.04963,58546.29056,62736.81585,8700,0,,,,,,,,,
4238,54761.22305,56018.55656,60070.62123,64370.25244,8700,0,,,,,,,,,
4239,55880.38433,57163.41411,61298.29128,65685.79453,8700,0,,,,,,,,,
4240,56971.7344,58279.82188,62495.45367,66968.64535,8700,0,,,,,,,,,
4241,57923.06944,59252.99985,63539.02581,68086.91249,8700,0,,,,,,,,,
4242,58083.22362,59416.83122,63714.70781,68275.16915,8700,0,,,,,,,,,
4243,58697.94717,60045.669,64389.03215,68997.75911,8700,0,,,,,,,,,
4244,59277.18746,60638.20882,65024.43294,69678.63951,8700,0,,,,,,,,,
4245,59498.71809,60864.82586,65267.44217,69939.04244,8700,0,,,,,,,,,
4246,57945.1266,59275.56346,63563.22153,68112.84005,8700,0,,,,,,,,,
4247,55884.22036,57167.3382,61302.49923,65690.30367,8700,0,,,,,,,,,
4248,54577.09369,55830.19954,59868.63953,64153.81363,8700,0,,,,,,,,,
4249,51344.28078,52523.16031,56322.38784,60353.73446,8700,0,,,,,,,,,
4250,49483.80702,50619.96954,54281.53104,58166.80073,8700,0,,,,,,,,,
4251,48189.14744,49295.58419,52861.34717,56644.9654,8700,0,,,,,,,,,
4252,47478.52318,48568.64379,52081.82403,55809.6469,8700,0,,,,,,,,,
4253,47191.78006,48275.31696,51767.27961,55472.58856,8700,0,,,,,,,,,
4254,47220.55028,48304.74777,51798.83925,55506.40713,8700,0,,,,,,,,,
4255,47570.58787,48662.82231,52182.81489,55917.86631,8700,0,,,,,,,,,
4256,47098.75638,48180.15744,51665.23677,55363.24188,8700,0,,,,,,,,,
4257,46921.34006,47998.66759,51470.61898,55154.69407,8700,0,,,,,,,,,
4258,47472.76914,48562.75765,52075.51211,55802.88319,8700,0,,,,,,,,,
4259,49436.81567,50571.89925,54229.98361,58111.56374,8700,0,,,,,,,,,
4260,50044.82617,51193.86985,54896.94405,58826.26272,8700,0,,,,,,,,,
4261,50713.25411,51877.64508,55630.17971,59611.98065,8700,0,,,,,,,,,
4262,52131.6256,53328.58279,57186.07002,61279.23579,8700,0,,,,,,,,,
4263,53141.46007,54361.60336,58293.81343,62466.26735,8700,0,,,,,,,,,
4264,54078.41,55320.06592,59321.60575,63567.62522,8700,0,,,,,,,,,
4265,55547.60887,56822.99802,60933.25143,65294.62649,8700,0,,,,,,,,,
4266,57051.33199,58361.24706,62582.76868,67062.21004,8700,0,,,,,,,,,
4267,58493.67866,59836.71043,64164.9587,68757.64732,8700,0,,,,,,,,,
4268,59407.61242,60771.62837,65167.5033,69831.95032,8700,0,,,,,,,,,
4269,59562.97157,60930.55462,65337.92537,70014.57057,8700,0,,,,,,,,,
4270,58009.38008,59341.29222,63633.70474,68188.36817,8700,0,,,,,,,,,
4271,55938.88376,57223.25669,61362.46255,65754.55894,8700,0,,,,,,,,,
4272,53798.37993,55033.60628,59014.42524,63238.45787,8700,0,,,,,,,,,
4273,50697.91,51861.94867,55613.3479,59593.94408,8700,0,,,,,,,,,
4274,48961.14815,50085.31027,53708.19755,57552.43017,8700,0,,,,,,,,,
4275,48016.52616,49118.99947,52671.98932,56442.05403,8700,0,,,,,,,,,
4276,47613.74318,48706.96848,52230.15434,55968.59415,8700,0,,,,,,,,,
4277,47816.09368,48913.965,52452.12383,56206.45137,8700,0,,,,,,,,,
4278,49215.28503,50345.2822,53986.97438,57851.16081,8700,0,,,,,,,,,
4279,52297.53383,53498.30032,57368.06396,61474.25617,8700,0,,,,,,,,,
4280,56776.09696,58079.69256,62280.84811,66738.67912,8700,0,,,,,,,,,
4281,63046.08533,64493.64167,69158.74594,74108.87124,8700,0,,,,,,,,,
4282,65637.3225,67144.37439,72001.21763,77154.79647,8700,0,,,,,,,,,
4283,66923.35101,68459.93049,73411.93359,78666.48622,8700,0,,,,,,,,,
4284,67039.39087,68578.63466,73539.22415,78802.88775,8700,0,,,,,,,,,
4285,65561.56094,67066.87332,71918.11059,77065.74091,8700,0,,,,,,,,,
4286,68685.04704,70262.07557,75344.43563,80737.30954,8700,0,,,,,,,,,
4287,70300.97399,71915.10467,77117.03548,82636.78548,8700,0,,,,,,,,,
4288,71419.17627,73058.9812,78343.65355,83951.20031,8700,0,,,,,,,,,
4289,71753.86974,73401.35933,78710.79737,84344.6229,8700,0,,,,,,,,,
4290,70526.34066,72145.64583,77364.25267,82901.69756,8700,0,,,,,,,,,
4291,69337.17187,70929.17337,76059.7875,81503.86365,8700,0,,,,,,,,,
4292,68854.7913,70435.71721,75530.63752,80936.83907,8700,0,,,,,,,,,
4293,67436.41981,68984.77951,73974.74721,79269.58392,8700,0,,,,,,,,,
4294,64503.77611,65984.80145,70757.76776,75822.34509,8700,0,,,,,,,,,
4295,61483.86278,62895.55004,67445.05743,72272.52328,8700,0,,,,,,,,,
4296,60061.65526,61440.68822,65884.95915,70600.759,8700,0,,,,,,,,,
4297,56461.54263,57757.91596,61935.79604,66368.9295,8700,0,,,,,,,,,
4298,54579.97071,55833.1426,59871.79549,64157.19549,8700,0,,,,,,,,,
4299,53521.22688,54750.08971,58710.40069,62912.67237,8700,0,,,,,,,,,
4300,52988.97794,54205.62019,58126.54733,62287.02896,8700,0,,,,,,,,,
4301,52993.77298,54210.52532,58131.80727,62292.6654,8700,0,,,,,,,,,
4302,53703.43823,54936.48469,58910.27843,63126.85661,8700,0,,,,,,,,,
4303,56162.33242,57451.8358,61607.57576,66017.21644,8700,0,,,,,,,,,
4304,59706.82263,61077.70853,65495.72357,70183.66338,8700,0,,,,,,,,,
4305,64888.33796,66378.19295,71179.61496,76274.38654,8700,0,,,,,,,,,
4306,67463.27201,69012.24824,74004.20287,79301.14792,8700,0,,,,,,,,,
4307,68413.64803,69984.44517,75046.72301,80418.28776,8700,0,,,,,,,,,
4308,68175.81428,69741.15068,74785.82999,80138.72099,8700,0,,,,,,,,,
4309,66383.43002,67907.61276,72819.66434,78031.82452,8700,0,,,,,,,,,
4310,69221.13201,70810.46921,75932.49695,81367.4621,8700,0,,,,,,,,,
4311,70454.41513,72072.06886,77285.35357,82817.15116,8700,0,,,,,,,,,
4312,71126.6791,72759.76821,78022.79719,83607.37825,8700,0,,,,,,,,,
4313,72744.52407,74414.75937,79797.50102,85509.10876,8700,0,,,,,,,,,
4314,71878.54066,73528.89272,78847.55582,84491.17001,8700,0,,,,,,,,,
4315,70429.48095,72046.56219,77258.00188,82787.84175,8700,0,,,,,,,,,
4316,69770.64307,71372.59721,76535.28609,82013.39665,8700,0,,,,,,,,,
4317,68146.08506,69710.73887,74753.21835,80103.77514,8700,0,,,,,,,,,
4318,65384.14463,66885.38349,71723.49279,76857.19312,8700,0,,,,,,,,,
4319,62055.43101,63480.24165,68072.0423,72944.3854,8700,0,,,,,,,,,
4320,60472.11029,61860.56742,66335.21003,71083.23715,8700,0,,,,,,,,,
4321,56801.99015,58106.18026,62309.2518,66769.11582,8700,0,,,,,,,,,
4322,55007.68788,56270.68029,60340.98217,64659.9648,8700,0,,,,,,,,,
4323,53971.96021,55211.17201,59204.83507,63442.49652,8700,0,,,,,,,,,
4324,53246.95085,54469.51623,58409.53211,62590.26874,8700,0,,,,,,,,,
4325,53240.2378,54462.64905,58402.16819,62582.37775,8700,0,,,,,,,,,
4326,53946.06702,55184.68431,59176.43139,63412.05982,8700,0,,,,,,,,,
4327,56628.40986,57928.61451,62118.84195,66565.07716,8700,0,,,,,,,,,
4328,60760.77143,62155.8563,66651.85843,71422.55007,8700,0,,,,,,,,,
4329,66501.38789,68028.27898,72949.05885,78170.48064,8700,0,,,,,,,,,
4330,69138.6574,70726.10095,75842.02598,81270.51556,8700,0,,,,,,,,,
4331,69817.63442,71420.66748,76586.83351,82068.63364,8700,0,,,,,,,,,
4332,69489.65399,71085.15652,76227.05359,81683.10201,8700,0,,,,,,,,,
4333,66750.72973,68283.34577,73222.57574,78463.57483,8700,0,,,,,,,,,
4334,68665.8669,70242.45505,75323.39587,80714.76383,8700,0,,,,,,,,,
4335,69649.80818,71248.98791,76402.7356,81871.35869,8700,0,,,,,,,,,
4336,70335.49825,71950.42162,77154.90705,82677.36776,8700,0,,,,,,,,,
4337,71756.74676,73404.30241,78713.95334,84348.00477,8700,0,,,,,,,,,
4338,71434.52038,73074.67761,78360.48535,83969.23687,8700,0,,,,,,,,,
4339,70408.38279,72024.97961,77234.85815,82763.04146,8700,0,,,,,,,,,
4340,69803.24931,71405.95209,76571.05369,82051.72435,8700,0,,,,,,,,,
4341,68589.14633,70163.97295,75239.23682,80624.581,8700,0,,,,,,,,,
4342,65862.68917,67374.91555,72248.43483,77419.70854,8700,0,,,,,,,,,
4343,62617.40916,64055.12297,68688.50729,73604.97465,8700,0,,,,,,,,,
4344,60923.80263,62322.63074,66830.6964,71614.18858,8700,0,,,,,,,,,
4345,57162.57681,58475.0461,62704.79929,67192.97514,8700,0,,,,,,,,,
4346,55380.74163,56652.29946,60750.20551,65098.47881,8700,0,,,,,,,,,
4347,54185.8188,55429.94087,59439.42841,63693.88118,8700,0,,,,,,,,,
4348,53500.12872,54728.50713,58687.25696,62887.8721,8700,0,,,,,,,,,
4349,53127.07496,54346.88795,58278.03361,62449.35807,8700,0,,,,,,,,,
4350,53825.23213,55061.07501,59043.8809,63270.02186,8700,0,,,,,,,,,
4351,56009.85029,57295.85264,61440.30967,65837.97806,8700,0,,,,,,,,,
4352,59626.26604,60995.30234,65407.35658,70088.97141,8700,0,,,,,,,,,
4353,64591.04576,66074.07485,70853.49868,75924.92805,8700,0,,,,,,,,,
4354,66834.16335,68368.69506,73314.09872,78561.64867,8700,0,,,,,,,,,
4355,68343.64052,69912.83026,74969.92789,80335.99593,8700,0,,,,,,,,,
4356,68567.08917,70141.40936,75215.0411,80598.65344,8700,0,,,,,,,,,
4357,67073.91513,68613.9516,73577.09573,78843.47004,8700,0,,,,,,,,,
4358,70280.83485,71894.50313,77094.94374,82613.11251,8700,0,,,,,,,,,
4359,71543.84719,73186.5146,78480.412,84097.7474,8700,0,,,,,,,,,
4360,72312.01187,73972.31656,79323.05441,85000.70302,8700,0,,,,,,,,,
4361,74300.03357,76005.98382,81503.82562,87337.5657,8700,0,,,,,,,,,
4362,73921.22577,75618.47848,81088.29035,86892.28798,8700,0,,,,,,,,,
4363,73084.01258,74762.04263,80169.90479,85908.1678,8700,0,,,,,,,,,
4364,72443.39584,74106.71715,79467.17677,85155.14113,8700,0,,,,,,,,,
4365,70732.52719,72356.56646,77590.43011,83144.06393,8700,0,,,,,,,,,
4366,67660.82747,69214.33962,74220.91241,79533.36871,8700,0,,,,,,,,,
4367,64097.15711,65568.84636,70311.72484,75344.37607,8700,0,,,,,,,,,
4368,62318.19895,63749.04281,68360.28702,73253.2616,8700,0,,,,,,,,,
4369,58297.08221,59635.60007,63949.30116,68526.55381,8700,0,,,,,,,,,
4370,56123.97213,57412.59475,61565.49625,65972.12503,8700,0,,,,,,,,,
4371,54825.47653,56084.28532,60141.10444,64445.78056,8700,0,,,,,,,,,
4372,54021.82858,55262.18537,59259.53846,63501.11536,8700,0,,,,,,,,,
4373,53987.30433,55226.86845,59221.6669,63460.5331,8700,0,,,,,,,,,
4374,54605.8639,55859.63031,59900.19916,64187.63219,8700,0,,,,,,,,,
4375,57012.0127,58321.02499,62539.63717,67015.99133,8700,0,,,,,,,,,
4376,61308.36448,62716.02225,67252.54361,72066.23005,8700,0,,,,,,,,,
4377,67189.95498,68732.65577,73704.38627,78979.87156,8700,0,,,,,,,,,
4378,69692.00449,71292.15305,76449.02308,81920.95924,8700,0,,,,,,,,,
4379,69762.01201,71363.76796,76525.8182,82003.25107,8700,0,,,,,,,,,
4380,69332.37683,70924.26823,76054.52756,81498.2272,8700,0,,,,,,,,,
4381,67020.21073,68559.01413,73518.18439,78780.34205,8700,0,,,,,,,,,
4382,69837.77357,71441.26904,76608.92527,82092.30664,8700,0,,,,,,,,,
4383,71365.47187,73004.04373,78284.74221,83888.07232,8700,0,,,,,,,,,
4384,72335.98705,73996.84222,79349.35412,85028.88517,8700,0,,,,,,,,,
4385,73714.08024,75406.57682,80861.06093,86648.79433,8700,0,,,,,,,,,
4386,73330.4774,75014.16635,80440.26571,86197.88015,8700,0,,,,,,,,,
4387,71871.82761,73522.02554,78840.1919,84483.27902,8700,0,,,,,,,,,
4388,70855.28009,72482.1378,77725.08457,83288.35646,8700,0,,,,,,,,,
4389,69779.27414,71381.42644,76544.75399,82023.54222,8700,0,,,,,,,,,
4390,67048.02193,68587.46388,73548.69204,78813.03332,8700,0,,,,,,,,,
4391,63539.97399,64998.87016,69700.51979,74689.42323,8700,0,,,,,,,,,
4392,61728.40959,63145.71172,67713.31437,72559.98107,8700,0,,,,,,,,,
4393,57844.43086,59172.55571,63452.7628,67994.47509,8700,0,,,,,,,,,
4394,55540.89582,56816.13085,60925.88751,65286.73549,8700,0,,,,,,,,,
4395,54076.49199,55318.10387,59319.50177,63565.37065,8700,0,,,,,,,,,
4396,52885.40518,54099.66937,58012.93263,62165.28214,8700,0,,,,,,,,,
4397,52458.64702,53663.11272,57544.79794,61663.64013,8700,0,,,,,,,,,
4398,52275.47667,53475.73673,57343.86823,61448.32862,8700,0,,,,,,,,,
4399,52897.87227,54112.4227,58026.60846,62179.93685,8700,0,,,,,,,,,
4400,53945.10802,55183.70329,59175.37941,63410.93254,8700,0,,,,,,,,,
4401,56236.17596,57527.37482,61688.57884,66104.01742,8700,0,,,,,,,,,
4402,58348.86859,59688.57548,64006.10851,68587.42722,8700,0,,,,,,,,,
4403,60341.68533,61727.14787,66192.13967,70929.92634,8700,0,,,,,,,,,
4404,60914.21256,62312.82048,66820.17651,71602.91573,8700,0,,,,,,,,,
4405,60310.9971,61695.75502,66158.47604,70893.85319,8700,0,,,,,,,,,
4406,61595.1076,63009.34907,67567.08803,72403.28839,8700,0,,,,,,,,,
4407,61963.36632,63386.06312,67971.05144,72836.16598,8700,0,,,,,,,,,
4408,61631.54987,63046.62807,67607.06358,72446.12523,8700,0,,,,,,,,,
4409,61164.51342,62568.86832,67094.7454,71897.13723,8700,0,,,,,,,,,
4410,60521.01966,61910.59976,66388.86143,71140.72871,8700,0,,,,,,,,,
4411,60477.86434,61866.45359,66341.52197,71090.00087,8700,0,,,,,,,,,
4412,60493.20845,61882.15,66358.35377,71108.03743,8700,0,,,,,,,,,
4413,59996.44278,61373.97844,65813.42396,70524.10359,8700,0,,,,,,,,,
4414,58420.79412,59762.15243,64085.00761,68671.97362,8700,0,,,,,,,,,
4415,56595.80362,57895.25962,62083.07436,66526.74945,8700,0,,,,,,,,,
4416,55986.83412,57272.30801,61415.06197,65810.92321,8700,0,,,,,,,,,
4417,53011.03511,54228.1838,58150.74306,62312.95653,8700,0,,,,,,,,,
4418,51117.9551,52291.63813,56074.11865,60087.6951,8700,0,,,,,,,,,
4419,49904.81113,51050.64001,54743.35378,58661.67903,8700,0,,,,,,,,,
4420,49140.48248,50268.76216,53904.91932,57763.23255,8700,0,,,,,,,,,
4421,48908.40276,50031.35383,53650.3382,57490.42948,8700,0,,,,,,,,,
4422,48961.14815,50085.31027,53708.19755,57552.43017,8700,0,,,,,,,,,
4423,49621.90404,50761.2373,54433.01732,58329.12984,8700,0,,,,,,,,,
4424,50459.11723,51617.67314,55351.40287,59313.25001,8700,0,,,,,,,,,
4425,51705.82645,52893.00717,56718.98732,60778.72106,8700,0,,,,,,,,,
4426,53295.86021,54519.54856,58463.1835,62647.7603,8700,0,,,,,,,,,
4427,54908.91014,56169.63458,60232.62739,64543.85439,8700,0,,,,,,,,,
4428,55417.1839,56689.57846,60790.18105,65141.31567,8700,0,,,,,,,,,
4429,55605.14929,56881.85959,60996.37071,65362.26361,8700,0,,,,,,,,,
4430,56466.33766,57762.82109,61941.05597,66374.56591,8700,0,,,,,,,,,
4431,56830.76036,58135.61104,62340.81144,66802.93439,8700,0,,,,,,,,,
4432,56806.78518,58111.08539,62314.51173,66774.75225,8700,0,,,,,,,,,
4433,57245.05142,58559.41434,62795.27025,67289.92169,8700,0,,,,,,,,,
4434,58036.23228,59368.76095,63663.16041,68219.93217,8700,0,,,,,,,,,
4435,59084.42703,60441.02254,64812.98334,69452.05514,8700,0,,,,,,,,,
4436,59811.35441,61184.64039,65610.39028,70306.5375,8700,0,,,,,,,,,
4437,59804.64136,61177.77321,65603.02637,70298.64649,8700,0,,,,,,,,,
4438,58165.69823,59501.19948,63805.17879,68372.11569,8700,0,,,,,,,,,
4439,55889.01539,57172.24333,61307.75917,65695.94009,8700,0,,,,,,,,,
4440,53998.81241,55238.64075,59234.29074,63474.06052,8700,0,,,,,,,,,
4441,50967.39099,52137.61702,55908.95653,59910.71129,8700,0,,,,,,,,,
4442,49339.95595,50472.8156,54123.73282,57997.70792,8700,0,,,,,,,,,
4443,48382.86687,49493.75148,53073.84875,56872.67706,8700,0,,,,,,,,,
4444,47975.28886,49076.81536,52626.75385,56393.58076,8700,0,,,,,,,,,
4445,48070.23056,49173.93694,52730.90065,56505.18201,8700,0,,,,,,,,,
4446,49376.39822,50510.09459,54163.70837,58040.54477,8700,0,,,,,,,,,
4447,52652.36645,53861.28,57757.29952,61891.35178,8700,0,,,,,,,,,
4448,58420.79412,59762.15243,64085.00761,68671.97362,8700,0,,,,,,,,,
4449,65757.19839,67267.00267,72132.71614,77295.70714,8700,0,,,,,,,,,
4450,69335.25385,70927.21131,76057.68353,81501.60907,8700,0,,,,,,,,,
4451,70152.3279,71763.04563,76953.97734,82462.05625,8700,0,,,,,,,,,
4452,70092.86946,71702.22199,76888.75409,82392.16456,8700,0,,,,,,,,,
4453,68352.27158,69921.65948,74979.39578,80346.1415,8700,0,,,,,,,,,
4454,71367.38988,73006.00578,78286.84619,83890.32689,8700,0,,,,,,,,,
4455,72458.73996,74122.41358,79484.00859,85173.17771,8700,0,,,,,,,,,
4456,72680.27059,74349.0306,79727.01782,85433.58063,8700,0,,,,,,,,,
4457,73130.04492,74809.13189,80220.40021,85962.27751,8700,0,,,,,,,,,
4458,71864.15556,73514.17734,78831.776,84474.26074,8700,0,,,,,,,,,
4459,70602.10222,72223.14689,77447.35972,82990.75311,8700,0,,,,,,,,,
4460,69603.77584,71201.89865,76352.24019,81817.24899,8700,0,,,,,,,,,
4461,68027.16818,69589.09162,74622.77185,79963.99175,8700,0,,,,,,,,,
4462,65372.63654,66873.61117,71710.86893,76843.66568,8700,0,,,,,,,,,
4463,62297.10079,63727.46022,68337.14328,73228.46131,8700,0,,,,,,,,,
4464,60899.82746,62298.1051,66804.3967,71586.00646,8700,0,,,,,,,,,
4465,57401.36958,58719.32162,62966.74432,67473.66922,8700,0,,,,,,,,,
4466,55461.29823,56734.70566,60838.5725,65193.1708,8700,0,,,,,,,,,
4467,54373.78419,55622.22199,59645.61808,63914.82913,8700,0,,,,,,,,,
4468,53788.78986,55023.79602,59003.90537,63227.18501,8700,0,,,,,,,,,
4469,53729.33142,54962.9724,58938.6821,63157.29331,8700,0,,,,,,,,,
4470,54545.44646,55797.82568,59833.92393,64116.61322,8700,0,,,,,,,,,
4471,57486.72121,58806.63295,63060.37125,67573.99762,8700,0,,,,,,,,,
4472,62323.95299,63754.92896,68366.59895,73260.02531,8700,0,,,,,,,,,
4473,68793.41484,70372.93153,75463.31027,80864.6928,8700,0,,,,,,,,,
4474,72140.3496,73796.71287,79134.74856,84798.91894,8700,0,,,,,,,,,
4475,73041.81627,74718.87748,80123.61731,85858.56724,8700,0,,,,,,,,,
4476,73123.33187,74802.2647,80213.0363,85954.3865,8700,0,,,,,,,,,
4477,71182.30151,72816.66773,78083.81249,83672.7608,8700,0,,,,,,,,,
4478,74586.7767,76299.31065,81818.37005,87674.6241,8700,0,,,,,,,,,
4479,76017.61528,77763.00169,83387.93622,89356.53389,8700,0,,,,,,,,,
4480,75997.47613,77742.40014,83365.84446,89332.86091,8700,0,,,,,,,,,
4481,76397.38209,78151.48806,83804.52348,89802.93894,8700,0,,,,,,,,,
4482,75145.87783,76871.2489,82431.67908,88331.83145,8700,0,,,,,,,,,
4483,73090.72563,74768.90982,80177.2687,85916.0588,8700,0,,,,,,,,,
4484,71964.8513,73617.18509,78942.23474,84592.62571,8700,0,,,,,,,,,
4485,70359.47343,71974.94728,77181.20676,82705.5499,8700,0,,,,,,,,,
4486,67370.24832,68917.08869,73902.16003,79191.80123,8700,0,,,,,,,,,
4487,63826.71711,65292.19698,70015.06421,75026.48158,8700,0,,,,,,,,,
4488,62293.26476,63723.53613,68332.93532,73223.95217,8700,0,,,,,,,,,
4489,58459.1544,59801.39348,64127.08713,68717.06504,8700,0,,,,,,,,,
4490,56487.43582,57784.40367,61964.19972,66399.3662,8700,0,,,,,,,,,
4491,55460.33922,56733.72463,60837.52051,65192.04351,8700,0,,,,,,,,,
4492,54766.97709,56024.44271,60076.93316,64377.01614,8700,0,,,,,,,,,
4493,54830.27156,56089.19044,60146.36437,64451.41698,8700,0,,,,,,,,,
4494,55529.38773,56804.35852,60913.26365,65273.20806,8700,0,,,,,,,,,
4495,58457.23639,59799.43143,64124.98315,68714.81047,8700,0,,,,,,,,,
4496,63621.48959,65082.25738,69789.93877,74785.24249,8700,0,,,,,,,,,
4497,70554.15187,72174.09559,77394.76033,82934.38885,8700,0,,,,,,,,,
4498,74079.46194,75780.3478,81261.86837,87078.29005,8700,0,,,,,,,,,
4499,76159.54833,77908.19357,83543.63044,89523.37216,8700,0,,,,,,,,,
4500,76157.63031,77906.23152,83541.52646,89521.11759,8700,0,,,,,,,,,
4501,73730.38336,75423.25427,80878.94473,86667.95817,8700,0,,,,,,,,,
4502,76361.89883,78115.1901,83765.59992,89761.22939,8700,0,,,,,,,,,
4503,77424.47869,79202.1671,84931.20267,91010.26165,8700,0,,,,,,,,,
4504,77762.04918,79547.48831,85301.50246,91407.06607,8700,0,,,,,,,,,
4505,77555.86266,79336.56768,85075.32503,91164.69979,8700,0,,,,,,,,,
4506,75987.88606,77732.58989,83355.32458,89321.58806,8700,0,,,,,,,,,
4507,74594.44875,76307.15884,81826.78595,87683.64238,8700,0,,,,,,,,,
4508,74059.32279,75759.74624,81239.77662,87054.61706,8700,0,,,,,,,,,
4509,72599.714,74266.62441,79638.65083,85338.88866,8700,0,,,,,,,,,
4510,69369.77811,70962.52826,76095.5551,81542.19135,8700,0,,,,,,,,,
4511,65691.9859,67200.29288,72061.18095,77219.05173,8700,0,,,,,,,,,
4512,63841.10221,65306.91237,70030.84402,75043.39086,8700,0,,,,,,,,,
4513,59727.92079,61099.29111,65518.86731,70208.46366,8700,0,,,,,,,,,
4514,57528.91752,58849.79809,63106.65872,67623.59817,8700,0,,,,,,,,,
4515,56197.81568,57488.13377,61646.49933,66058.92601,8700,0,,,,,,,,,
4516,55493.90447,56768.06055,60874.3401,65231.4985,8700,0,,,,,,,,,
4517,55508.28958,56782.77595,60890.11992,65248.40779,8700,0,,,,,,,,,
4518,56180.55355,57470.4753,61627.56354,66038.63486,8700,0,,,,,,,,,
4519,59107.4432,60464.56718,64838.23104,69479.10998,8700,0,,,,,,,,,
4520,63851.65129,65317.70365,70042.41589,75055.79099,8700,0,,,,,,,,,
4521,70248.2286,71861.14823,77059.17614,82574.78479,8700,0,,,,,,,,,
4522,73500.22166,75187.80799,80626.4676,86397.40968,8700,0,,,,,,,,,
4523,74476.49088,76186.49263,81697.39143,87544.98623,8700,0,,,,,,,,,
4524,74727.75074,76443.52149,81973.0123,87840.335,8700,0,,,,,,,,,
4525,73224.02762,74905.27245,80323.49504,86072.75148,8700,0,,,,,,,,,
4526,76308.19443,78060.25263,83706.68859,89698.10143,8700,0,,,,,,,,,
4527,76920.04095,78686.14732,84377.85695,90417.30946,8700,0,,,,,,,,,
4528,76975.66337,78743.04685,84438.87227,90482.69208,8700,0,,,,,,,,,
4529,77858.9089,79646.57194,85407.75325,91520.92195,8700,0,,,,,,,,,
4530,77090.74422,78860.76999,84565.11084,90617.96628,8700,0,,,,,,,,,
4531,75484.40734,77217.55115,82803.03086,88729.76324,8700,0,,,,,,,,,
4532,74381.54918,76089.37105,81593.24462,87433.38501,8700,0,,,,,,,,,
4533,72259.26648,73918.36012,79265.19508,84938.70233,8700,0,,,,,,,,,
4534,68848.07825,70428.85002,75523.27361,80928.94807,8700,0,,,,,,,,,
4535,64981.36165,66473.3525,71281.65782,76383.73323,8700,0,,,,,,,,,
4536,62931.96349,64376.89957,69033.55936,73974.72427,8700,0,,,,,,,,,
4537,59045.10774,60400.80048,64769.85182,69405.83644,8700,0,,,,,,,,,
4538,57020.64376,58329.85421,62549.10505,67026.13689,8700,0,,,,,,,,,
4539,55935.04773,57219.33259,61358.2546,65750.04979,8700,0,,,,,,,,,
4540,55290.59497,56560.08302,60651.31863,64992.51399,8700,0,,,,,,,,,
4541,55223.46447,56491.41117,60577.67948,64913.60401,8700,0,,,,,,,,,
4542,55979.16206,57264.4598,61406.64605,65801.90492,8700,0,,,,,,,,,
4543,58862.89639,60214.4055,64569.97409,69191.6522,8700,0,,,,,,,,,
4544,63426.81115,64883.10907,69576.38519,74556.40355,8700,0,,,,,,,,,
4545,69745.70889,71347.09053,76507.93441,81984.08723,8700,0,,,,,,,,,
4546,72493.26421,74157.73051,79521.88015,85213.75997,8700,0,,,,,,,,,
4547,73553.92606,75242.74546,80685.37892,86460.53766,8700,0,,,,,,,,,
4548,73110.86478,74789.51137,80199.36045,85939.7318,8700,0,,,,,,,,,
4549,70830.34591,72456.63113,77697.73288,83259.04704,8700,0,,,,,,,,,
4550,72865.35896,74538.36867,79930.05151,85651.14671,8700,0,,,,,,,,,
4551,73823.40705,75518.41381,80980.98756,86777.30487,8700,0,,,,,,,,,
4552,74106.31414,75807.81653,81291.32404,87109.85403,8700,0,,,,,,,,,
4553,75183.27911,76909.50893,82472.70661,88375.79556,8700,0,,,,,,,,,
4554,74899.41301,76619.12518,82161.31815,88042.1191,8700,0,,,,,,,,,
4555,73170.32322,74850.33499,80264.58371,86009.62349,8700,0,,,,,,,,,
4556,72192.13598,73849.68828,79191.55591,84859.79235,8700,0,,,,,,,,,
4557,71067.22066,72698.94459,77957.57393,83537.48655,8700,0,,,,,,,,,
4558,68127.86392,69692.09937,74733.23058,80082.35672,8700,0,,,,,,,,,
4559,64614.06193,66097.61946,70878.74639,75951.98291,8700,0,,,,,,,,,
4560,63014.4381,64461.26781,69124.03034,74071.67082,8700,0,,,,,,,,,
4561,59062.36987,60418.45896,64788.78761,69426.12758,8700,0,,,,,,,,,
4562,56816.37525,58120.89564,62325.03162,66786.02511,8700,0,,,,,,,,,
4563,55499.65851,56773.94671,60880.65203,65238.26221,8700,0,,,,,,,,,
4564,54484.07,55735.03999,59766.59668,64044.46694,8700,0,,,,,,,,,
4565,54053.47582,55294.55925,59294.25407,63538.3158,8700,0,,,,,,,,,
4566,53935.51794,55173.89303,59164.85953,63399.65968,8700,0,,,,,,,,,
4567,54680.66646,55936.15037,59982.25424,64275.56046,8700,0,,,,,,,,,
4568,55681.86986,56960.34168,61080.52976,65452.44644,8700,0,,,,,,,,,
4569,57681.39965,59005.78126,63273.92483,67802.83656,8700,0,,,,,,,,,
4570,59300.20363,60661.75344,65049.68065,69705.69436,8700,0,,,,,,,,,
4571,61339.05271,62747.41509,67286.20723,72102.30318,8700,0,,,,,,,,,
4572,61478.10873,62889.66388,67438.74548,72265.75956,8700,0,,,,,,,,,
4573,61333.29866,62741.52892,67279.89529,72095.53946,8700,0,,,,,,,,,
4574,62757.4242,64198.3528,68842.09754,73769.55832,8700,0,,,,,,,,,
4575,63108.42079,64557.40837,69227.12516,74182.14478,8700,0,,,,,,,,,
4576,63339.5415,64793.83568,69480.65427,74453.82057,8700,0,,,,,,,,,
4577,63534.21994,64992.98399,69694.20786,74682.65951,8700,0,,,,,,,,,
4578,64155.65654,65628.68895,70375.89611,75413.14047,8700,0,,,,,,,,,
4579,64715.71668,66201.60824,70990.25712,76071.47516,8700,0,,,,,,,,,
4580,64949.71441,66440.97862,71246.9422,76346.5328,8700,0,,,,,,,,,
4581,64887.37895,66377.21192,71178.56298,76273.25926,8700,0,,,,,,,,,
4582,63100.74874,64549.56017,69218.70926,74173.12651,8700,0,,,,,,,,,
4583,60225.64547,61608.4437,66064.84911,70793.5248,8700,0,,,,,,,,,
4584,58728.6354,60077.06184,64422.69578,69033.83226,8700,0,,,,,,,,,
4585,55210.03837,56477.6768,60562.95163,64897.82202,8700,0,,,,,,,,,
4586,52841.29085,54054.54216,57964.54117,62113.42701,8700,0,,,,,,,,,
4587,51396.06716,52576.13572,56379.19519,60414.60787,8700,0,,,,,,,,,
4588,50460.07624,51618.65417,55352.45487,59314.3773,8700,0,,,,,,,,,
4589,50207.85737,51360.64428,55075.782,59017.90123,8700,0,,,,,,,,,
4590,50211.6934,51364.5684,55079.98996,59022.41037,8700,0,,,,,,,,,
4591,50795.72872,51962.01333,55720.65068,59708.92719,8700,0,,,,,,,,,
4592,51545.67227,52729.17581,56543.30533,60590.4644,8700,0,,,,,,,,,
4593,53165.43525,54386.12901,58320.11314,62494.44949,8700,0,,,,,,,,,
4594,55099.75256,56364.85881,60441.97302,64768.1842,8700,0,,,,,,,,,
4595,56804.86717,58109.12334,62312.40776,66772.49769,8700,0,,,,,,,,,
4596,57322.731,58638.87746,62880.4813,67381.23182,8700,0,,,,,,,,,
4597,57261.35454,58576.09179,62813.15405,67309.08553,8700,0,,,,,,,,,
4598,58101.44476,59435.47072,63734.69559,68296.58758,8700,0,,,,,,,,,
4599,58962.63313,60316.43223,64679.38085,69308.88989,8700,0,,,,,,,,,
4600,60362.78349,61748.73044,66215.2834,70954.72663,8700,0,,,,,,,,,
4601,61670.86916,63086.85013,67650.19509,72492.34393,8700,0,,,,,,,,,
4602,63502.57271,64960.61013,69659.49225,74645.45911,8700,0,,,,,,,,,
4603,64881.62491,66371.32577,71172.25105,76266.49555,8700,0,,,,,,,,,
4604,65709.24803,67217.95136,72080.11673,77239.34286,8700,0,,,,,,,,,
4605,65327.56321,66827.50294,71661.4255,76790.68326,8700,0,,,,,,,,,
4606,62984.70888,64430.85601,69091.4187,74036.72497,8700,0,,,,,,,,,
4607,59945.6154,61321.98405,65757.66859,70464.35745,8700,0,,,,,,,,,
4608,57363.9683,58681.06159,62925.71678,67429.70507,8700,0,,,,,,,,,
4609,54021.82858,55262.18537,59259.53846,63501.11536,8700,0,,,,,,,,,
4610,51810.35823,52999.93903,56833.65403,60901.59518,8700,0,,,,,,,,,
4611,50580.91113,51742.26347,55485.00535,59456.41526,8700,0,,,,,,,,,
4612,50060.17028,51209.56626,54913.77585,58844.29927,8700,0,,,,,,,,,
4613,50290.33198,51445.01254,55166.25298,59114.84777,8700,0,,,,,,,,,
4614,51587.86858,52772.34095,56589.59281,60640.06497,8700,0,,,,,,,,,
4615,55256.07071,56524.76607,60613.44706,64951.93172,8700,0,,,,,,,,,
4616,60950.65483,62350.09948,66860.15206,71645.75257,8700,0,,,,,,,,,
4617,69017.8225,70602.49165,75709.47547,81128.47759,8700,0,,,,,,,,,
4618,73090.72563,74768.90982,80177.2687,85916.0588,8700,0,,,,,,,,,
4619,74718.16067,76433.71123,81962.49241,87829.06215,8700,0,,,,,,,,,
4620,74984.76464,76706.4365,82254.94509,88142.44747,8700,0,,,,,,,,,
4621,73734.21939,75427.17837,80883.15268,86672.46732,8700,0,,,,,,,,,
4622,77193.35798,78965.73979,84677.67356,90738.58587,8700,0,,,,,,,,,
4623,78888.88252,80700.19405,86537.58842,92731.62651,8700,0,,,,,,,,,
4624,79822.95543,81655.71356,87562.22477,93829.60248,8700,0,,,,,,,,,
4625,81526.15202,83398.01603,89430.55552,95831.66141,8700,0,,,,,,,,,
4626,81517.52096,83389.1868,89421.08763,95821.51584,8700,0,,,,,,,,,
4627,80159.56692,82000.05374,87931.47257,94225.27971,8700,0,,,,,,,,,
4628,79123.83925,80940.54547,86795.32547,93007.81143,8700,0,,,,,,,,,
4629,76885.5167,78650.83039,84339.98539,90376.7272,8700,0,,,,,,,,,
4630,73016.88208,74693.3708,80096.26561,85829.25781,8700,0,,,,,,,,,
4631,68506.67172,70079.6047,75148.76585,80527.63445,8700,0,,,,,,,,,
4632,65985.44207,67500.48689,72383.08929,77564.00107,8700,0,,,,,,,,,
4633,61391.7981,62801.37153,67344.06656,72164.30388,8700,0,,,,,,,,,
4634,58915.64178,60268.36194,64627.83344,69253.65291,8700,0,,,,,,,,,
4635,57579.7449,58901.79249,63162.41409,67683.3443,8700,0,,,,,,,,,
4636,56658.13908,57959.02633,62151.45358,66600.02301,8700,0,,,,,,,,,
4637,56617.86079,57917.82323,62107.2701,66552.67703,8700,0,,,,,,,,,
4638,57397.53355,58715.39751,62962.53637,67469.16007,8700,0,,,,,,,,,
4639,60246.74363,61630.02628,66087.99285,70818.32508,8700,0,,,,,,,,,
4640,65160.69597,66656.80438,71478.37957,76594.5356,8700,0,,,,,,,,,
4641,72363.79825,74025.29197,79379.86176,85061.57644,8700,0,,,,,,,,,
4642,76344.6367,78097.53162,83746.66414,89740.93826,8700,0,,,,,,,,,
4643,78123.59486,79917.33518,85698.10195,91832.0527,8700,0,,,,,,,,,
4644,78481.3045,80283.25794,86090.49349,92252.5302,8700,0,,,,,,,,,
4645,77068.68705,78838.20638,84540.9151,90592.03873,8700,0,,,,,,,,,
4646,79656.08819,81485.015,87379.17884,93633.4548,8700,0,,,,,,,,,
4647,81204.88465,83069.37228,89078.13954,95454.02083,8700,0,,,,,,,,,
4648,81915.5089,83796.31267,89857.66267,96289.3393,8700,0,,,,,,,,,
4649,83598.56635,85518.0136,91703.90173,98267.72524,8700,0,,,,,,,,,
4650,83146.87401,85055.95027,91208.41532,97736.77381,8700,0,,,,,,,,,
4651,81904.00082,83784.54034,89845.03882,96275.81188,8700,0,,,,,,,,,
4652,81249.95798,83115.4805,89127.58297,95507.00323,8700,0,,,,,,,,,
4653,79156.4455,80973.90037,86831.09308,93046.13912,8700,0,,,,,,,,,
4654,75213.96733,76940.90176,82506.37023,88411.86868,8700,0,,,,,,,,,
4655,70398.79272,72015.16935,77224.33827,82751.7686,8700,0,,,,,,,,,
4656,67323.25697,68869.0184,73850.61261,79136.56423,8700,0,,,,,,,,,
4657,62572.33583,64009.01474,68639.06385,73551.99224,8700,0,,,,,,,,,
4658,59861.22278,61235.65375,65665.09366,70365.15634,8700,0,,,,,,,,,
4659,58440.93327,59782.75399,64107.09936,68695.64662,8700,0,,,,,,,,,
4660,57566.3188,58888.05812,63147.68626,67667.5623,8700,0,,,,,,,,,
4661,57314.09993,58630.04823,62871.0134,67371.08623,8700,0,,,,,,,,,
4662,57934.57752,59264.77216,63551.64967,68100.43991,8700,0,,,,,,,,,
4663,60960.2449,62359.90974,66870.67193,71657.02543,8700,0,,,,,,,,,
4664,66222.31683,67742.80036,72642.93034,77842.44058,8700,0,,,,,,,,,
4665,73722.7113,75415.40606,80870.52882,86658.93989,8700,0,,,,,,,,,
4666,78233.88067,80030.15318,85819.08058,91961.69057,8700,0,,,,,,,,,
4667,80758.94635,82613.1951,88588.96509,94929.83311,8700,0,,,,,,,,,
4668,81870.43557,83750.20443,89808.21924,96236.35691,8700,0,,,,,,,,,
4669,80072.29727,81910.78036,87835.74165,94122.69668,8700,0,,,,,,,,,
4670,82398.84848,84290.74986,90387.86465,96857.49114,8700,0,,,,,,,,,
4671,83458.55132,85374.78377,91550.31149,98103.14154,8700,0,,,,,,,,,
4672,83483.4855,85400.29045,91577.66316,98132.45095,8700,0,,,,,,,,,
4673,84476.05784,86415.65254,92666.47077,99299.1914,8700,0,,,,,,,,,
4674,84196.98678,86130.17394,92360.34224,98971.15136,8700,0,,,,,,,,,
4675,83108.51373,85016.70922,91166.3358,97691.68232,8700,0,,,,,,,,,
4676,82402.68451,84294.67396,90392.0726,96862.00028,8700,0,,,,,,,,,
4677,80397.40068,82243.34823,88192.36561,94504.84648,8700,0,,,,,,,,,
4678,76389.71003,78143.63985,83796.10757,89793.92066,8700,0,,,,,,,,,
4679,71379.85698,73018.75913,78300.52203,83904.9816,8700,0,,,,,,,,,
4680,68329.25541,69898.11486,74954.14807,80319.08666,8700,0,,,,,,,,,
4681,63304.05824,64757.53771,69441.73072,74412.11101,8700,0,,,,,,,,,
4682,60689.8049,62083.26035,66574.01131,71339.13094,8700,0,,,,,,,,,
4683,59034.55866,60390.00919,64758.27996,69393.4363,8700,0,,,,,,,,,
4684,58063.08447,59396.22968,63692.61606,68251.49615,8700,0,,,,,,,,,
4685,57973.89682,59304.99424,63594.78118,68146.65863,8700,0,,,,,,,,,
4686,58596.29242,59941.68023,64277.52142,68878.26686,8700,0,,,,,,,,,
4687,61581.6815,62995.61471,67552.36019,72387.50639,8700,0,,,,,,,,,
4688,66713.32846,68245.08576,73181.54822,78419.61071,8700,0,,,,,,,,,
4689,74149.46946,75851.96271,81338.66351,87160.58194,8700,0,,,,,,,,,
4690,78154.28308,79948.72801,85731.76557,91868.12582,8700,0,,,,,,,,,
4691,80086.68238,81925.49576,87851.52148,94139.60596,8700,0,,,,,,,,,
4692,80292.8689,82136.41637,88077.69891,94381.97233,8700,0,,,,,,,,,
4693,79073.97089,80889.53212,86740.62211,92949.19261,8700,0,,,,,,,,,
4694,82172.52281,84059.22768,90139.59548,96591.45178,8700,0,,,,,,,,,
4695,84096.29103,86027.16618,92249.8835,98852.78635,8700,0,,,,,,,,,
4696,84555.65543,86497.07771,92753.78573,99392.75605,8700,0,,,,,,,,,
4697,84921.03714,86870.84869,93154.59325,99822.25183,8700,0,,,,,,,,,
4698,83360.73259,85274.7191,91443.00861,97988.15846,8700,0,,,,,,,,,
4699,81586.56947,83459.82069,89496.83077,95902.68036,8700,0,,,,,,,,,
4700,80406.03174,82252.17747,88201.8335,94514.99205,8700,0,,,,,,,,,
4701,78070.84947,79863.37874,85640.24262,91770.05203,8700,0,,,,,,,,,
4702,74056.44577,75756.80317,81236.62065,87051.23521,8700,0,,,,,,,,,
4703,69492.53102,71088.09962,76230.20957,81686.48388,8700,0,,,,,,,,,
4704,66898.41683,68434.42381,73384.58191,78637.17681,8700,0,,,,,,,,,
4705,62264.49455,63694.10534,68301.37568,73190.13361,8700,0,,,,,,,,,
4706,59768.19909,61140.49422,65563.05082,70255.80965,8700,0,,,,,,,,,
4707,57992.11795,59323.63374,63614.76895,68168.07704,8700,0,,,,,,,,,
4708,57010.09469,58319.06294,62537.5332,67013.73676,8700,0,,,,,,,,,
4709,56976.52944,58284.72703,62500.71362,66974.28177,8700,0,,,,,,,,,
4710,57705.37483,59030.30692,63300.22453,67831.01869,8700,0,,,,,,,,,
4711,60360.86547,61746.76839,66213.17941,70952.47204,8700,0,,,,,,,,,
4712,65078.22136,66572.43613,71387.9086,76497.58905,8700,0,,,,,,,,,
4713,72017.59669,73671.14153,79000.09408,84654.6264,8700,0,,,,,,,,,
4714,75992.68109,77737.49501,83360.58452,89327.22448,8700,0,,,,,,,,,
4715,78582.00025,80386.26569,86200.95224,92370.89512,8700,0,,,,,,,,,
4716,79265.7723,81085.73734,86951.01971,93174.64962,8700,0,,,,,,,,,
4717,77997.00592,79787.83972,85559.23953,91683.25108,8700,0,,,,,,,,,
4718,80804.01968,82659.30333,88638.40853,94982.81551,8700,0,,,,,,,,,
4719,82050.7289,83934.63735,90005.99299,96448.28649,8700,0,,,,,,,,,
4720,83079.74352,84987.27844,91134.77616,97657.86377,8700,0,,,,,,,,,
4721,84407.00933,86345.01866,92590.72764,99218.02687,8700,0,,,,,,,,,
4722,83083.57954,84991.20253,91138.98411,97662.37291,8700,0,,,,,,,,,
4723,80451.10507,82298.28569,88251.27694,94567.97444,8700,0,,,,,,,,,
4724,78265.52791,80062.52705,85853.79618,91998.89098,8700,0,,,,,,,,,
4725,75825.81386,77566.79646,83177.5386,89131.0768,8700,0,,,,,,,,,
4726,71977.31839,73629.93842,78955.91058,84607.28041,8700,0,,,,,,,,,
4727,67631.09825,69183.92782,74188.30078,79498.42286,8700,0,,,,,,,,,
4728,65415.79186,66917.75734,71758.20839,76894.39353,8700,0,,,,,,,,,
4729,61159.71838,62563.96319,67089.48546,71891.50081,8700,0,,,,,,,,,
4730,58649.03781,59995.63667,64335.38076,68940.26755,8700,0,,,,,,,,,
4731,56943.9232,58251.37213,62464.94602,66935.95407,8700,0,,,,,,,,,
4732,55663.64873,56941.70218,61060.54199,65431.02802,8700,0,,,,,,,,,
4733,55275.25085,56544.38658,60634.48682,64974.47742,8700,0,,,,,,,,,
4734,55126.60475,56392.32753,60471.42868,64799.74817,8700,0,,,,,,,,,
4735,55973.40802,57258.57365,61400.33412,65795.14121,8700,0,,,,,,,,,
4736,57234.50235,58548.62307,62783.6984,67277.52155,8700,0,,,,,,,,,
4737,59494.88207,60860.90176,65263.23422,69934.5333,8700,0,,,,,,,,,
4738,61741.83569,63159.44608,67728.04221,72575.76307,8700,0,,,,,,,,,
4739,64547.89044,66029.92866,70806.15922,75874.20022,8700,0,,,,,,,,,
4740,65346.74335,66847.12347,71682.46525,76813.22897,8700,0,,,,,,,,,
4741,65038.90207,66532.21405,71344.77709,76451.37035,8700,0,,,,,,,,,
4742,66187.79257,67707.48341,72605.05877,77801.8583,8700,0,,,,,,,,,
4743,66463.98661,67990.01895,72908.03132,78126.51649,8700,0,,,,,,,,,
4744,66765.11484,68298.06117,73238.35557,78480.48412,8700,0,,,,,,,,,
4745,67509.30435,69059.33749,74054.6983,79355.25762,8700,0,,,,,,,,,
4746,67895.7842,69454.69102,74478.64947,79809.55364,8700,0,,,,,,,,,
4747,68710.94023,70288.56327,75372.8393,80767.74625,8700,0,,,,,,,,,
4748,68903.70066,70485.74954,75584.28891,80994.33062,8700,0,,,,,,,,,
4749,68639.97371,70215.96734,75294.99219,80684.32713,8700,0,,,,,,,,,
4750,66139.84222,67658.43211,72552.45937,77745.49402,8700,0,,,,,,,,,
4751,62885.93115,64329.81031,68983.06395,73920.61458,8700,0,,,,,,,,,
4752,61048.47356,62450.16416,66967.45485,71760.7357,8700,0,,,,,,,,,
4753,57285.32972,58600.61745,62839.45377,67337.26768,8700,0,,,,,,,,,
4754,54880.13993,56140.2038,60201.06775,64510.03582,8700,0,,,,,,,,,
4755,53180.77936,54401.82543,58336.94495,62512.48606,8700,0,,,,,,,,,
4756,52199.71511,53398.23566,57260.76118,61359.27307,8700,0,,,,,,,,,
4757,51802.68617,52992.09082,56825.23812,60892.5769,8700,0,,,,,,,,,
4758,51640.61397,52826.29739,56647.45214,60702.06565,8700,0,,,,,,,,,
4759,52179.57596,53377.6341,57238.66942,61335.60008,8700,0,,,,,,,,,
4760,52496.0483,53701.37274,57585.82549,61707.60426,8700,0,,,,,,,,,
4761,53455.05539,54682.39892,58637.81352,62834.88968,8700,0,,,,,,,,,
4762,55300.18504,56569.89327,60661.83852,65003.78685,8700,0,,,,,,,,,
4763,58357.49965,59697.40471,64015.5764,68597.57279,8700,0,,,,,,,,,
4764,59399.94036,60763.78016,65159.08739,69822.93203,8700,0,,,,,,,,,
4765,60300.44802,61684.96373,66146.90416,70881.45306,8700,0,,,,,,,,,
4766,61539.48519,62952.44955,67506.07272,72337.90584,8700,0,,,,,,,,,
4767,62528.2215,63963.88754,68590.6724,73500.13711,8700,0,,,,,,,,,
4768,63868.91342,65335.36213,70061.35169,75076.08213,8700,0,,,,,,,,,
4769,65719.79711,67228.74264,72091.6886,77251.74301,8700,0,,,,,,,,,
4770,67286.8147,68831.73941,73810.63706,79093.72739,8700,0,,,,,,,,,
4771,68627.50662,70203.214,75281.31635,80669.67242,8700,0,,,,,,,,,
4772,69100.29711,70686.8599,75799.94645,81225.42413,8700,0,,,,,,,,,
4773,69068.64988,70654.48605,75765.23085,81188.22371,8700,0,,,,,,,,,
4774,66630.85385,68160.71751,73091.07725,78322.66417,8700,0,,,,,,,,,
4775,62930.04547,64374.9375,69031.45539,73972.4697,8700,0,,,,,,,,,
4776,59596.53682,60964.89053,65374.74495,70054.02556,8700,0,,,,,,,,,
4777,55855.45015,57137.90743,61270.9396,65656.48512,8700,0,,,,,,,,,
4778,53658.36489,54890.37646,58860.83499,63073.87419,8700,0,,,,,,,,,
4779,52343.56617,53545.38958,57418.55938,61528.36587,8700,0,,,,,,,,,
4780,51764.32588,52952.84976,56783.15859,60847.48546,8700,0,,,,,,,,,
4781,51931.19312,53123.54832,56966.20452,61043.63315,8700,0,,,,,,,,,
4782,53392.71993,54618.63221,58569.43429,62761.61614,8700,0,,,,,,,,,
4783,57288.20674,58603.56052,62842.60973,67340.64953,8700,0,,,,,,,,,
4784,63749.99654,65213.71488,69930.90517,74936.29874,8700,0,,,,,,,,,
4785,72487.51017,74151.84436,79515.56823,85206.99626,8700,0,,,,,,,,,
4786,76494.2418,78250.5717,83910.77427,89916.79473,8700,0,,,,,,,,,
4787,77746.70507,79531.79189,85284.67066,91389.02951,8700,0,,,,,,,,,
4788,78152.36507,79946.76596,85729.66159,91865.87125,8700,0,,,,,,,,,
4789,76579.59344,78337.88304,84004.40121,90017.12318,8700,0,,,,,,,,,
4790,79400.9923,81224.06203,87099.35002,93333.59689,8700,0,,,,,,,,,
4791,80517.27656,82365.9765,88323.86411,94645.75711,8700,0,,,,,,,,,
4792,80529.74365,82378.72984,88337.53995,94660.41182,8700,0,,,,,,,,,
4793,81118.57401,82981.07992,88983.46061,95352.56509,8700,0,,,,,,,,,
4794,80647.70153,82499.39607,88466.93449,94799.06796,8700,0,,,,,,,,,
4795,79470.99982,81295.67694,87176.14516,93415.8887,8700,0,,,,,,,,,
4796,78773.80167,80582.47092,86411.34985,92596.35222,8700,0,,,,,,,,,
4797,76997.72053,78765.61044,84463.068,90508.61963,8700,0,,,,,,,,,
4798,73263.34691,74945.49453,80366.62655,86118.97018,8700,0,,,,,,,,,
4799,68960.28208,70543.63008,75646.3562,81060.84047,8700,0,,,,,,,,,
4800,66508.10094,68035.14616,72956.42278,78178.37163,8700,0,,,,,,,,,
4801,62157.08576,63584.23042,68183.55303,73063.87765,8700,0,,,,,,,,,
4802,59870.81285,61245.46402,65675.61353,70376.42919,8700,0,,,,,,,,,
4803,58383.39284,59723.89242,64043.98007,68628.00949,8700,0,,,,,,,,,
4804,57439.72986,58758.56265,63008.82384,67518.76063,8700,0,,,,,,,,,
4805,57282.4527,58597.67437,62836.2978,67333.88582,8700,0,,,,,,,,,
4806,58165.69823,59501.19948,63805.17879,68372.11569,8700,0,,,,,,,,,
4807,61171.22646,62575.7355,67102.10932,71905.02822,8700,0,,,,,,,,,
4808,66286.5703,67808.52911,72713.41354,77917.96869,8700,0,,,,,,,,,
4809,73809.98095,75504.67944,80966.25974,86761.52287,8700,0,,,,,,,,,
4810,77916.44932,79705.43352,85470.87253,91588.55905,8700,0,,,,,,,,,
4811,79749.11188,81580.17454,87481.22169,93742.80154,8700,0,,,,,,,,,
4812,80702.36493,82555.31455,88526.8978,94863.32321,8700,0,,,,,,,,,
4813,79263.85429,81083.77529,86948.91574,93172.39505,8700,0,,,,,,,,,
4814,82164.85075,84051.37947,90131.17957,96582.4335,8700,0,,,,,,,,,
4815,83167.01316,85076.55183,91230.50707,97760.4468,8700,0,,,,,,,,,
4816,83587.05827,85506.24129,91691.27784,98254.19782,8700,0,,,,,,,,,
4817,84240.1421,86174.32011,92407.68174,99021.87919,8700,0,,,,,,,,,
4818,83875.7194,85801.53016,92007.92626,98593.5107,8700,0,,,,,,,,,
4819,82956.99061,84861.70709,91000.12169,97513.57129,8700,0,,,,,,,,,
4820,82267.46451,84156.34928,90243.74229,96703.05309,8700,0,,,,,,,,,
4821,80058.87117,81897.04599,87821.01383,94106.91469,8700,0,,,,,,,,,
4822,75809.51074,77550.11902,83159.65481,89111.91295,8700,0,,,,,,,,,
4823,70928.16463,72556.69579,77805.03567,83374.03016,8700,0,,,,,,,,,
4824,68076.07754,69639.12396,74676.42323,80021.48331,8700,0,,,,,,,,,
4825,63231.1737,64682.97972,69361.77963,74326.43732,8700,0,,,,,,,,,
4826,60706.10802,62099.9378,66591.89511,71358.29479,8700,0,,,,,,,,,
4827,59144.84448,60502.82721,64879.25858,69523.07413,8700,0,,,,,,,,,
4828,58234.74674,59571.83335,63880.92192,68453.28025,8700,0,,,,,,,,,
4829,58048.69937,59381.51428,63676.83624,68234.58688,8700,0,,,,,,,,,
4830,58576.15327,59921.07867,64255.42967,68854.59386,8700,0,,,,,,,,,
4831,61391.7981,62801.37153,67344.06656,72164.30388,8700,0,,,,,,,,,
4832,66325.88959,67848.75119,72756.54505,77964.1874,8700,0,,,,,,,,,
4833,73295.95315,74978.84942,80402.39415,86157.29788,8700,0,,,,,,,,,
4834,77388.03642,79164.8881,84891.22712,90967.42482,8700,0,,,,,,,,,
4835,79181.37968,80999.40704,86858.44476,93075.44853,8700,0,,,,,,,,,
4836,79923.65117,81758.7213,87672.68351,93947.9675,8700,0,,,,,,,,,
4837,78505.27968,80307.78359,86116.79319,92280.71232,8700,0,,,,,,,,,
4838,81378.46493,83246.938,89268.54937,95658.05942,8700,0,,,,,,,,,
4839,82926.30238,84830.31425,90966.45807,97477.49817,8700,0,,,,,,,,,
4840,83728.99132,85651.43316,91846.97208,98421.036,8700,0,,,,,,,,,
4841,85291.21387,87249.52479,93560.66062,100257.384,8700,0,,,,,,,,,
4842,85290.25487,87248.54377,93559.60858,100256.2567,8700,0,,,,,,,,,
4843,84263.15827,86197.86474,92432.92941,99048.93403,8700,0,,,,,,,,,
4844,83693.50806,85615.13519,91808.04847,98379.32646,8700,0,,,,,,,,,
4845,81563.5533,83436.27606,89471.58306,95875.62552,8700,0,,,,,,,,,
4846,77342.96308,79118.77987,84841.78368,90914.44233,8700,0,,,,,,,,,
4847,72022.39173,73676.04665,79005.35402,84660.26284,8700,0,,,,,,,,,
4848,68920.00378,70502.42699,75602.17271,81013.49447,8700,0,,,,,,,,,
4849,63975.36321,65444.25604,70178.12236,75201.21082,8700,0,,,,,,,,,
4850,61226.84888,62632.63503,67163.12462,71970.41079,8700,0,,,,,,,,,
4851,59539.9554,60907.00998,65312.67765,69987.51572,8700,0,,,,,,,,,
4852,58591.49738,59936.77509,64272.26147,68872.63043,8700,0,,,,,,,,,
4853,58521.48987,59865.16019,64195.46636,68790.3386,8700,0,,,,,,,,,
4854,59098.81214,60455.73794,64828.76316,69468.96443,8700,0,,,,,,,,,
4855,61879.93271,63300.71385,67879.52848,72738.09216,8700,0,,,,,,,,,
4856,66626.05881,68155.81237,73085.8173,78317.02773,8700,0,,,,,,,,,
4857,73438.8452,75125.02232,80559.14036,86325.2634,8700,0,,,,,,,,,
4858,77458.04393,79236.503,84968.02224,91049.71663,8700,0,,,,,,,,,
4859,79248.51018,81068.07888,86932.08393,93154.35849,8700,0,,,,,,,,,
4860,79983.10961,81819.54493,87737.90677,94017.85917,8700,0,,,,,,,,,
4861,78478.42748,80280.31486,86087.33753,92249.14834,8700,0,,,,,,,,,
4862,81725.6255,83602.06948,89649.36903,96066.13678,8700,0,,,,,,,,,
4863,83463.34635,85379.6889,91555.57134,98108.77796,8700,0,,,,,,,,,
4864,84329.32976,86265.55555,92505.51659,99126.7167,8700,0,,,,,,,,,
4865,85982.65799,87956.84467,94319.14398,101070.1568,8700,0,,,,,,,,,
4866,86270.36012,88251.15252,94634.74035,101408.3424,8700,0,,,,,,,,,
4867,85405.33572,87366.26691,93685.84715,100391.5309,8700,0,,,,,,,,,
4868,84606.48281,86549.0721,92809.54112,99452.50216,8700,0,,,,,,,,,
4869,82181.15387,84068.05691,90149.06337,96601.59735,8700,0,,,,,,,,,
4870,77459.00294,79237.48403,84969.07423,91050.84391,8700,0,,,,,,,,,
4871,72235.2913,73893.83447,79238.89537,84910.52019,8700,0,,,,,,,,,
4872,69247.0252,70836.95691,75960.90063,81397.89881,8700,0,,,,,,,,,
4873,64379.10519,65857.26805,70621.00931,75675.79798,8700,0,,,,,,,,,
4874,61693.88533,63110.39476,67675.4428,72519.39879,8700,0,,,,,,,,,
4875,59927.39426,61303.34455,65737.68082,70442.93902,8700,0,,,,,,,,,
4876,58832.20816,60183.01266,64536.31047,69155.57907,8700,0,,,,,,,,,
4877,58596.29242,59941.68023,64277.52142,68878.26686,8700,0,,,,,,,,,
4878,59278.14646,60639.18984,65025.48491,69679.76679,8700,0,,,,,,,,,
4879,62008.43966,63432.17135,68020.49488,72889.1484,8700,0,,,,,,,,,
4880,66851.42548,68386.35352,73333.0345,78581.93981,8700,0,,,,,,,,,
4881,73424.4601,75110.30693,80543.36054,86308.35413,8700,0,,,,,,,,,
4882,77481.0601,79260.04763,84993.26996,91076.77147,8700,0,,,,,,,,,
4883,79317.55869,81138.71276,87007.82707,93235.5231,8700,0,,,,,,,,,
4884,80506.72748,82355.18521,88312.29223,94633.35698,8700,0,,,,,,,,,
4885,79460.45074,81284.88566,87164.57328,93403.48857,8700,0,,,,,,,,,
4886,82325.96394,84216.19186,90307.91356,96771.81747,8700,0,,,,,,,,,
4887,83863.25231,85788.77681,91994.25042,98578.856,8700,0,,,,,,,,,
4888,84879.79983,86828.66457,93109.35775,99773.77857,8700,0,,,,,,,,,
4889,86130.34508,88107.92269,94481.15011,101243.7588,8700,0,,,,,,,,,
4890,85822.5038,87793.01329,94143.46201,100881.9001,8700,0,,,,,,,,,
4891,84346.59189,86283.21401,92524.45237,99147.00783,8700,0,,,,,,,,,
4892,83495.95259,85413.0438,91591.339,98147.10565,8700,0,,,,,,,,,
4893,81370.79287,83239.08979,89260.13346,95649.04114,8700,0,,,,,,,,,
4894,77090.74422,78860.76999,84565.11084,90617.96628,8700,0,,,,,,,,,
4895,72370.5113,74032.15916,79387.22568,85069.46744,8700,0,,,,,,,,,
4896,69335.25385,70927.21131,76057.68353,81501.60907,8700,0,,,,,,,,,
4897,64458.70278,65938.69323,70708.32432,75769.36267,8700,0,,,,,,,,,
4898,61659.36108,63075.07783,67637.57123,72478.81651,8700,0,,,,,,,,,
4899,59745.18292,61116.94959,65537.8031,70228.75479,8700,0,,,,,,,,,
4900,58539.711,59883.79968,64215.45412,68811.75702,8700,0,,,,,,,,,
4901,57867.44703,59196.10034,63478.01051,68021.52994,8700,0,,,,,,,,,
4902,57762.91525,59089.16848,63363.34381,67898.65581,8700,0,,,,,,,,,
4903,58732.47143,60080.98595,64426.90372,69038.34139,8700,0,,,,,,,,,
4904,60333.05427,61718.31863,66182.67177,70919.78077,8700,0,,,,,,,,,
4905,63570.66221,65030.26299,69734.18341,74725.49636,8700,0,,,,,,,,,
4906,66260.67711,67782.04141,72685.00987,77887.53199,8700,0,,,,,,,,,
4907,68995.76534,70579.92805,75685.27976,81102.55003,8700,0,,,,,,,,,
4908,70154.24591,71765.00767,76956.08131,82464.31082,8700,0,,,,,,,,,
4909,69879.01087,71483.45316,76654.16075,82140.77989,8700,0,,,,,,,,,
4910,71112.294,72745.05282,78007.01737,83590.46897,8700,0,,,,,,,,,
4911,71897.72081,73548.51326,78868.59558,84513.71573,8700,0,,,,,,,,,
4912,72521.07542,74186.18027,79552.38782,85246.45126,8700,0,,,,,,,,,
4913,73040.85726,74717.89645,80122.56533,85857.43995,8700,0,,,,,,,,,
4914,73868.48038,75564.52204,81030.431,86830.28727,8700,0,,,,,,,,,
4915,74896.53599,76616.18211,82158.16219,88038.73725,8700,0,,,,,,,,,
4916,75075.87031,76799.63399,82354.88395,88249.53964,8700,0,,,,,,,,,
4917,74324.96776,76031.4905,81531.17731,87366.87511,8700,0,,,,,,,,,
4918,71184.21953,72818.62979,78085.91647,83675.01538,8700,0,,,,,,,,,
4919,67136.25059,68677.71831,73645.47495,78916.74358,8700,0,,,,,,,,,
4920,64599.67682,66082.90407,70862.96657,75935.07363,8700,0,,,,,,,,,
4921,60360.86547,61746.76839,66213.17941,70952.47204,8700,0,,,,,,,,,
4922,57523.16348,58843.91194,63100.34679,67616.83446,8700,0,,,,,,,,,
4923,55638.71454,56916.1955,61033.19029,65401.71861,8700,0,,,,,,,,,
4924,54502.29114,55753.67949,59786.58447,64065.88538,8700,0,,,,,,,,,
4925,53860.71539,55097.37298,59082.80446,63311.73142,8700,0,,,,,,,,,
4926,53713.0283,54946.29496,58920.7983,63138.12947,8700,0,,,,,,,,,
4927,54234.72816,55479.9732,59493.07981,63751.37275,8700,0,,,,,,,,,
4928,55027.82702,56291.28183,60363.0739,64683.63778,8700,0,,,,,,,,,
4929,56689.78632,57991.4002,62186.16919,66637.22343,8700,0,,,,,,,,,
4930,58764.11866,60113.35981,64461.61933,69075.5418,8700,0,,,,,,,,,
4931,61277.67625,62684.62941,67218.87998,72030.15691,8700,0,,,,,,,,,
4932,62735.36703,64175.78919,68817.9018,73743.63076,8700,0,,,,,,,,,
4933,63772.0537,65236.27848,69955.10088,74962.2263,8700,0,,,,,,,,,
4934,65041.77909,66535.15713,71347.93305,76454.7522,8700,0,,,,,,,,,
4935,65828.16491,67339.59861,72210.56325,77379.12625,8700,0,,,,,,,,,
4936,67170.77484,68713.03524,73683.34651,78957.32586,8700,0,,,,,,,,,
4937,68633.26066,70209.10016,75287.62828,80676.43613,8700,0,,,,,,,,,
4938,70939.67272,72568.4681,77817.65952,83387.55758,8700,0,,,,,,,,,
4939,72607.38605,74274.47262,79647.06673,85347.90694,8700,0,,,,,,,,,
4940,73384.1818,75069.10382,80499.17705,86261.00813,8700,0,,,,,,,,,
4941,73084.01258,74762.04263,80169.90479,85908.1678,8700,0,,,,,,,,,
4942,70199.31924,71811.1159,77005.52475,82517.29323,8700,0,,,,,,,,,
4943,66432.33938,67957.64509,72873.31572,78089.31608,8700,0,,,,,,,,,
4944,62897.43923,64341.58261,68995.68778,73934.142,8700,0,,,,,,,,,
4945,58794.80689,60144.75265,64495.28294,69111.61495,8700,0,,,,,,,,,
4946,56288.92135,57581.33125,61746.43819,66166.01812,8700,0,,,,,,,,,
4947,54726.6988,55983.23962,60032.74967,64329.67016,8700,0,,,,,,,,,
4948,53892.36263,55129.74685,59117.52008,63348.93184,8700,0,,,,,,,,,
4949,53817.56007,55053.22681,59035.465,63261.00357,8700,0,,,,,,,,,
4950,54879.18092,56139.22277,60200.01576,64508.90853,8700,0,,,,,,,,,
4951,58390.10589,59730.7596,64051.34399,68635.90049,8700,0,,,,,,,,,
4952,64183.46775,65657.13872,70406.40376,75445.83175,8700,0,,,,,,,,,
4953,72542.17357,74207.76285,79575.53154,85271.25153,8700,0,,,,,,,,,
4954,77131.98152,78902.9541,84610.34631,90666.43954,8700,0,,,,,,,,,
4955,78942.58691,80755.13151,86596.49974,92794.75447,8700,0,,,,,,,,,
4956,79498.81103,81324.12671,87206.65281,93448.58005,8700,0,,,,,,,,,
4957,78276.07698,80073.31833,85865.36805,92011.29111,8700,0,,,,,,,,,
4958,80879.78124,82736.8044,88721.51559,95071.87103,8700,0,,,,,,,,,
4959,82399.80749,84291.73088,90388.91664,96858.61842,8700,0,,,,,,,,,
4960,83588.97628,85508.20333,91693.38184,98256.45239,8700,0,,,,,,,,,
4961,85188.60011,87144.55499,93448.09789,100136.7644,8700,0,,,,,,,,,
4962,85760.16834,87729.24659,94075.08273,100808.6266,8700,0,,,,,,,,,
4963,84941.17628,86891.45024,93176.68498,99845.92481,8700,0,,,,,,,,,
4964,84000.39033,85929.06357,92144.68471,98740.05784,8700,0,,,,,,,,,
4965,81276.81018,83142.94923,89157.03863,95538.56721,8700,0,,,,,,,,,
4966,76655.355,78415.38411,84087.50826,90106.1787,8700,0,,,,,,,,,
4967,71563.02733,73206.13512,78501.45174,84120.2931,8700,0,,,,,,,,,
4968,68677.37499,70254.22737,75336.01974,80728.29126,8700,0,,,,,,,,,
4969,64051.12477,65521.75711,70261.22941,75290.26637,8700,0,,,,,,,,,
4970,61552.91129,62966.18392,67520.80056,72353.68784,8700,0,,,,,,,,,
4971,59881.36192,61256.25529,65687.1854,70388.82932,8700,0,,,,,,,,,
4972,58914.68277,60267.38091,64626.78144,69252.52561,8700,0,,,,,,,,,
4973,58819.74107,60170.25933,64522.63463,69140.92436,8700,0,,,,,,,,,
4974,59332.80987,60695.10833,65085.44824,69744.02207,8700,0,,,,,,,,,
4975,62121.60249,63547.93244,68144.62946,73022.16808,8700,0,,,,,,,,,
4976,66840.8764,68375.56224,73321.46263,78569.53966,8700,0,,,,,,,,,
4977,73715.03925,75407.55786,80862.11292,86649.92161,8700,0,,,,,,,,,
4978,78097.70166,79890.84746,85669.69827,91801.61601,8700,0,,,,,,,,,
4979,80172.03401,82012.80708,87945.14841,94239.93441,8700,0,,,,,,,,,
4980,81119.53302,82982.06094,88984.5126,95353.69238,8700,0,,,,,,,,,
4981,80167.23897,82007.90194,87939.88847,94234.29799,8700,0,,,,,,,,,
4982,83061.52238,84968.63894,91114.78839,97636.44536,8700,0,,,,,,,,,
4983,84475.09884,86414.67152,92665.41881,99298.06411,8700,0,,,,,,,,,
4984,85296.00891,87254.42993,93565.92057,100263.0205,8700,0,,,,,,,,,
4985,86838.09231,88831.92001,95257.51729,102075.6954,8700,0,,,,,,,,,
4986,87404.86551,89411.70648,95879.24228,102741.9211,8700,0,,,,,,,,,
4987,86524.497,88511.12446,94913.5172,101707.073,8700,0,,,,,,,,,
4988,85302.72196,87261.29711,93573.28441,100270.9114,8700,0,,,,,,,,,
4989,82488.03614,84381.9853,90485.69954,96962.32873,8700,0,,,,,,,,,
4990,77785.06535,79571.03293,85326.75017,91434.121,8700,0,,,,,,,,,
4991,72562.31272,74228.36439,79597.62329,85294.92453,8700,0,,,,,,,,,
4992,69748.58591,71350.0336,76511.09038,81987.46908,8700,0,,,,,,,,,
4993,65015.8859,66508.66943,71319.52938,76424.3155,8700,0,,,,,,,,,
4994,62280.79767,63710.78279,68319.25948,73209.29747,8700,0,,,,,,,,,
4995,60634.18249,62026.36085,66512.99601,71273.74839,8700,0,,,,,,,,,
4996,59533.24235,60900.1428,65305.31374,69979.62472,8700,0,,,,,,,,,
4997,59288.69554,60649.98113,65037.05678,69692.16694,8700,0,,,,,,,,,
4998,60207.42434,61589.8042,66044.86133,70772.10637,8700,0,,,,,,,,,
4999,63071.01952,64519.14836,69186.09763,74138.18066,8700,0,,,,,,,,,
5000,67633.97527,69186.87089,74191.45674,79501.80473,8700,0,,,,,,,,,
5001,74371.95911,76079.56079,81582.72473,87422.11216,8700,0,,,,,,,,,
5002,78346.0845,80144.93325,85942.16318,92093.58292,8700,0,,,,,,,,,
5003,80366.71245,82211.95539,88158.70198,94468.77336,8700,0,,,,,,,,,
5004,81334.35061,83201.81081,89220.15793,95606.20431,8700,0,,,,,,,,,
5005,80361.91741,82207.05026,88153.44204,94463.13694,8700,0,,,,,,,,,
5006,82970.41671,84875.44146,91014.84953,97529.35328,8700,0,,,,,,,,,
5007,84313.98564,86249.85912,92488.6848,99108.68014,8700,0,,,,,,,,,
5008,85133.93671,87088.6365,93388.13451,100072.5092,8700,0,,,,,,,,,
5009,86249.26196,88229.56994,94611.59667,101383.5421,8700,0,,,,,,,,,
5010,86540.80012,88527.8019,94931.40103,101726.237,8700,0,,,,,,,,,
5011,85606.72721,87572.28241,93906.76461,100628.2609,8700,0,,,,,,,,,
5012,84758.96494,86705.05527,92976.80719,99631.74057,8700,0,,,,,,,,,
5013,82278.97259,84168.12158,90256.36614,96716.58051,8700,0,,,,,,,,,
5014,77953.8506,79743.69354,85511.90006,91632.52316,8700,0,,,,,,,,,
5015,72633.27925,74300.96034,79675.47041,85378.34365,8700,0,,,,,,,,,
5016,69539.52236,71136.16989,76281.75698,81741.72086,8700,0,,,,,,,,,
5017,64976.56661,66468.44736,71276.39787,76378.0968,8700,0,,,,,,,,,
5018,62315.32193,63746.09973,68357.13106,73249.87975,8700,0,,,,,,,,,
5019,60619.79739,62011.64546,66497.21619,71256.83911,8700,0,,,,,,,,,
5020,59553.3815,60920.74434,65327.40549,70003.29772,8700,0,,,,,,,,,
5021,59379.80121,60743.17861,65136.99565,69799.25905,8700,0,,,,,,,,,
5022,60011.78689,61389.67485,65830.25578,70542.14015,8700,0,,,,,,,,,
5023,62626.04023,64063.95221,68697.97518,73615.12023,8700,0,,,,,,,,,
5024,67322.29796,68868.03737,73849.56061,79135.43695,8700,0,,,,,,,,,
5025,73966.29911,75664.58671,81137.7338,86945.2704,8700,0,,,,,,,,,
5026,77947.13755,79736.82636,85504.53615,91624.63217,8700,0,,,,,,,,,
5027,80208.47628,82050.08607,87985.12396,94282.77124,8700,0,,,,,,,,,
5028,81223.10578,83088.01176,89098.1273,95475.43925,8700,0,,,,,,,,,
5029,80336.98323,82181.54358,88126.09037,94433.82752,8700,0,,,,,,,,,
5030,82972.33472,84877.40351,91016.95349,97531.60785,8700,0,,,,,,,,,
5031,84099.16806,86030.10926,92253.03945,98856.1682,8700,0,,,,,,,,,
5032,84702.38352,86647.17473,92914.73991,99565.23075,8700,0,,,,,,,,,
5033,85959.64182,87933.30005,94293.8963,101043.102,8700,0,,,,,,,,,
5034,85763.04536,87732.18967,94078.23868,100812.0084,8700,0,,,,,,,,,
5035,84518.25416,86458.8177,92712.75822,99348.79194,8700,0,,,,,,,,,
5036,83923.66976,85850.58148,92060.52561,98649.87495,8700,0,,,,,,,,,
5037,81293.1133,83159.62667,89174.92243,95557.73105,8700,0,,,,,,,,,
5038,76710.0184,78471.30259,84147.47158,90170.43404,8700,0,,,,,,,,,
5039,71456.57754,73097.24122,78384.68108,83995.16443,8700,0,,,,,,,,,
5040,68348.43555,69917.73539,74975.18783,80341.63236,8700,0,,,,,,,,,
5041,63833.43016,65299.06416,70022.42812,75034.37258,8700,0,,,,,,,,,
5042,61282.47129,62689.53454,67224.13993,72035.79334,8700,0,,,,,,,,,
5043,59715.4537,61086.53778,65505.19147,70193.80895,8700,0,,,,,,,,,
5044,58652.87384,59999.56077,64339.58872,68944.77669,8700,0,,,,,,,,,
5045,58330.64745,59669.93597,63986.12073,68566.00879,8700,0,,,,,,,,,
5046,59046.06675,60401.7815,64770.90382,69406.96372,8700,0,,,,,,,,,
5047,61620.04178,63034.85574,67594.43972,72432.5978,8700,0,,,,,,,,,
5048,66011.33527,67526.97461,72411.49298,77594.43778,8700,0,,,,,,,,,
5049,72388.73244,74050.79866,79407.21346,85090.88587,8700,0,,,,,,,,,
5050,76050.22152,77796.35658,83423.7038,89394.86167,8700,0,,,,,,,,,
5051,78014.26805,79805.49819,85578.17532,91703.54221,8700,0,,,,,,,,,
5052,79217.82195,81036.68603,86898.42031,93118.28536,8700,0,,,,,,,,,
5053,78383.48578,80183.19326,85983.19071,92137.54703,8700,0,,,,,,,,,
5054,81098.43486,82960.47836,88961.36887,95328.8921,8700,0,,,,,,,,,
5055,82769.02522,84669.42596,90793.93204,97292.62333,8700,0,,,,,,,,,
5056,83841.19515,85766.21322,91970.0547,98552.92844,8700,0,,,,,,,,,
5057,84245.89614,86180.20626,92413.99363,99028.6429,8700,0,,,,,,,,,
5058,83496.9116,85414.02482,91592.39095,98148.23294,8700,0,,,,,,,,,
5059,81778.37089,83656.02592,89707.22838,96128.13746,8700,0,,,,,,,,,
5060,81375.58791,83243.99492,89265.39341,95654.67757,8700,0,,,,,,,,,
5061,79770.21004,81601.75711,87504.36542,93767.60181,8700,0,,,,,,,,,
5062,75751.97031,77491.25745,83096.53552,89044.27585,8700,0,,,,,,,,,
5063,70805.41173,72431.12445,77670.38121,83229.73763,8700,0,,,,,,,,,
5064,68334.05045,69903.01999,74959.40801,80324.72308,8700,0,,,,,,,,,
5065,64000.29739,65469.76272,70205.47404,75230.52023,8700,0,,,,,,,,,
5066,61018.74434,62419.75234,66934.84322,71725.78985,8700,0,,,,,,,,,
5067,59171.69667,60530.29593,64908.71425,69554.63812,8700,0,,,,,,,,,
5068,57805.11157,59132.33364,63409.63129,67948.25639,8700,0,,,,,,,,,
5069,57123.25752,58434.82402,62661.66778,67146.75643,8700,0,,,,,,,,,
5070,56871.99766,58177.79516,62386.04691,66851.40765,8700,0,,,,,,,,,
5071,57643.03937,58966.54021,63231.84531,67757.74515,8700,0,,,,,,,,,
5072,59108.40221,60465.5482,64839.28304,69480.23728,8700,0,,,,,,,,,
5073,61396.59313,62806.27665,67349.32651,72169.9403,8700,0,,,,,,,,,
5074,63437.36023,64893.90036,69587.95707,74568.8037,8700,0,,,,,,,,,
5075,65627.73243,67134.56413,71990.69776,77143.52361,8700,0,,,,,,,,,
5076,66701.82037,68233.31345,73168.92436,78406.08328,8700,0,,,,,,,,,
5077,66798.68009,68332.39708,73275.17516,78519.93911,8700,0,,,,,,,,,
5078,67684.80264,69238.86528,74247.2121,79561.55084,8700,0,,,,,,,,,
5079,68288.97711,69856.91176,74909.96458,80271.74067,8700,0,,,,,,,,,
5080,69248.94321,70838.91896,75963.00461,81400.15337,8700,0,,,,,,,,,
5081,70440.03002,72057.35347,77269.57375,82800.24187,8700,0,,,,,,,,,
5082,72126.9235,73782.9785,79120.02072,84783.13694,8700,0,,,,,,,,,
5083,73218.27357,74899.3863,80317.18311,86065.98776,8700,0,,,,,,,,,
5084,73628.72861,75319.26549,80767.434,86548.46593,8700,0,,,,,,,,,
5085,72850.97386,74523.65327,79914.2717,85634.23745,8700,0,,,,,,,,,
5086,69470.47385,71065.53601,76206.01384,81660.55631,8700,0,,,,,,,,,
5087,65566.35597,67071.77845,71923.37051,77071.37733,8700,0,,,,,,,,,
5088,63185.14136,64635.89047,69311.28421,74272.32763,8700,0,,,,,,,,,
5089,59229.2371,60589.1575,64971.83353,69622.27524,8700,0,,,,,,,,,
5090,56419.34632,57714.75081,61889.50857,66319.32895,8700,0,,,,,,,,,
5091,54524.3483,55776.2431,59810.7802,64091.81293,8700,0,,,,,,,,,
5092,53356.27766,54581.35322,58529.45875,62718.77929,8700,0,,,,,,,,,
5093,52864.30702,54078.08679,57989.78888,62140.48185,8700,0,,,,,,,,,
5094,52738.67709,53949.57235,57851.97845,61992.80747,8700,0,,,,,,,,,
5095,53347.6466,54572.52398,58519.99086,62708.63372,8700,0,,,,,,,,,
5096,54477.35695,55728.17281,59759.23277,64036.57595,8700,0,,,,,,,,,
5097,56598.68064,57898.20271,62086.23032,66530.13131,8700,0,,,,,,,,,
5098,59220.60604,60580.32827,64962.36564,69612.12967,8700,0,,,,,,,,,
5099,62197.36405,63625.4335,68227.73651,73111.22362,8700,0,,,,,,,,,
5100,63129.51895,64578.99095,69250.2689,74206.94507,8700,0,,,,,,,,,
5101,64250.59824,65725.81055,70480.04292,75524.74173,8700,0,,,,,,,,,
5102,65338.11229,66838.29423,71672.99736,76803.08342,8700,0,,,,,,,,,
5103,65863.64817,67375.89656,72249.48681,77420.83582,8700,0,,,,,,,,,
5104,66778.54094,68311.79554,73253.0834,78496.26612,8700,0,,,,,,,,,
5105,66938.69513,68475.62692,73428.76541,78684.5228,8700,0,,,,,,,,,
5106,68569.00718,70143.37141,75217.14507,80600.90801,8700,0,,,,,,,,,
5107,69645.01314,71244.08277,76397.47566,81865.72225,8700,0,,,,,,,,,
5108,69952.85442,71558.99218,76735.16383,82227.58088,8700,0,,,,,,,,,
5109,68795.33286,70374.89359,75465.41426,80866.94737,8700,0,,,,,,,,,
5110,65745.6903,67255.23034,72120.09227,77282.17971,8700,0,,,,,,,,,
5111,62432.32079,63865.78492,68485.47359,73387.40855,8700,0,,,,,,,,,
5112,59477.61994,60843.24328,65244.29844,69914.24217,8700,0,,,,,,,,,
5113,55998.3422,57284.08033,61427.68581,65824.45062,8700,0,,,,,,,,,
5114,53546.16106,54775.5964,58737.75238,62941.98179,8700,0,,,,,,,,,
5115,52197.79709,53396.2736,57258.65719,61357.01849,8700,0,,,,,,,,,
5116,51510.18901,52692.87783,56504.38177,60548.75485,8700,0,,,,,,,,,
5117,51562.9344,52746.83427,56562.24112,60610.75554,8700,0,,,,,,,,,
5118,52581.39993,53788.68407,57679.45242,61807.93266,8700,0,,,,,,,,,
5119,55214.83341,56482.58195,60568.21159,64903.45844,8700,0,,,,,,,,,
5120,59351.031,60713.74782,65105.43601,69765.44049,8700,0,,,,,,,,,
5121,64800.10931,66287.93855,71082.83207,76170.67628,8700,0,,,,,,,,,
5122,68263.08392,69830.42406,74881.5609,80241.30396,8700,0,,,,,,,,,
5123,69568.29258,71165.60068,76313.31663,81775.53943,8700,0,,,,,,,,,
5124,69991.2147,71598.23321,76777.24334,82272.67229,8700,0,,,,,,,,,
5125,69051.38775,70636.82757,75746.29506,81167.93258,8700,0,,,,,,,,,
5126,69349.63896,70941.92671,76073.46335,81518.51835,8700,0,,,,,,,,,
5127,70451.53811,72069.12579,77282.19761,82813.7693,8700,0,,,,,,,,,
5128,70862.95215,72489.98601,77733.50048,83297.37475,8700,0,,,,,,,,,
5129,71375.06194,73013.85399,78295.26209,83899.34517,8700,0,,,,,,,,,
5130,72366.67527,74028.23505,79383.01773,85064.9583,8700,0,,,,,,,,,
5131,72024.30974,73678.0087,79007.458,84662.51741,8700,0,,,,,,,,,
5132,71780.72194,73428.82807,78740.25303,84376.1869,8700,0,,,,,,,,,
5133,70082.32038,71691.43071,76877.18221,82379.76442,8700,0,,,,,,,,,
5134,66703.73839,68235.27551,73171.02835,78408.33787,8700,0,,,,,,,,,
5135,62611.65512,64049.23682,68682.19535,73598.21094,8700,0,,,,,,,,,
5136,60444.29909,61832.11767,66304.70239,71050.54587,8700,0,,,,,,,,,
5137,56912.27596,58218.99827,62430.23041,66898.75365,8700,0,,,,,,,,,
5138,54523.38929,55775.26207,59809.7282,64090.68565,8700,0,,,,,,,,,
5139,53090.6327,54309.60897,58238.05807,62406.52124,8700,0,,,,,,,,,
5140,52235.19837,53434.53362,57299.68474,61400.98263,8700,0,,,,,,,,,
5141,52266.8456,53466.90748,57334.40033,61438.18304,8700,0,,,,,,,,,
5142,52958.28972,54174.22736,58092.88371,62250.95584,8700,0,,,,,,,,,
5143,55334.70929,56605.21021,60699.71008,65044.36911,8700,0,,,,,,,,,
5144,59109.36121,60466.52922,64840.33502,69481.36455,8700,0,,,,,,,,,
5145,64272.65541,65748.37416,70504.23865,75550.6693,8700,0,,,,,,,,,
5146,67172.69286,68714.9973,73685.45049,78959.58044,8700,0,,,,,,,,,
5147,68997.68335,70581.8901,75687.38373,81104.8046,8700,0,,,,,,,,,
5148,70001.76378,71609.02451,76788.81522,82285.07243,8700,0,,,,,,,,,
5149,69852.15868,71455.98444,76624.70509,82109.21592,8700,0,,,,,,,,,
5150,71397.1191,73036.41758,78319.45782,83925.27273,8700,0,,,,,,,,,
5151,72250.63542,73909.53089,79255.72719,84928.55677,8700,0,,,,,,,,,
5152,71995.53953,73648.57792,78975.89836,84628.69884,8700,0,,,,,,,,,
5153,72833.71173,74505.99479,79895.33591,85613.9463,8700,0,,,,,,,,,
5154,74339.35287,76046.20589,81546.95714,87383.78447,8700,0,,,,,,,,,
5155,74033.4296,75733.25853,81211.37294,87024.18037,8700,0,,,,,,,,,
5156,73866.56237,75562.55999,81028.32702,86828.0327,8700,0,,,,,,,,,
5157,72499.01825,74163.61666,79528.19208,85220.52369,8700,0,,,,,,,,,
5158,68727.24335,70305.24072,75390.7231,80786.91009,8700,0,,,,,,,,,
5159,64351.29399,65828.8183,70590.50166,75643.1067,8700,0,,,,,,,,,
5160,61983.50547,63406.66467,67993.14319,72859.83897,8700,0,,,,,,,,,
5161,58076.51057,59409.96404,63707.34389,68267.27815,8700,0,,,,,,,,,
5162,55674.19781,56952.49349,61072.11386,65443.42816,8700,0,,,,,,,,,
5163,54388.16929,55636.93738,59661.39788,63931.7384,8700,0,,,,,,,,,
5164,53434.91624,54661.79736,58615.72177,62811.21669,8700,0,,,,,,,,,
5165,53290.10617,54513.66241,58456.87158,62640.99659,8700,0,,,,,,,,,
5166,53795.50291,55030.6632,59011.26928,63235.07601,8700,0,,,,,,,,,
5167,56012.72731,57298.79572,61443.46564,65841.35992,8700,0,,,,,,,,,
5168,59660.79029,61030.61927,65445.22814,70129.55368,8700,0,,,,,,,,,
5169,64795.31427,66283.03342,71077.57213,76165.03985,8700,0,,,,,,,,,
5170,68158.55215,69723.4922,74766.89421,80118.42985,8700,0,,,,,,,,,
5171,69895.31399,71500.1306,76672.04454,82159.94376,8700,0,,,,,,,,,
5172,70910.90251,72539.03732,77786.09989,83353.73903,8700,0,,,,,,,,,
5173,70621.28236,72242.76741,77468.39949,83013.29882,8700,0,,,,,,,,,
5174,72456.82194,74120.45151,79481.9046,85170.92312,8700,0,,,,,,,,,
5175,73765.86662,75459.55224,80917.86828,86709.66774,8700,0,,,,,,,,,
5176,74747.88989,76464.12305,81995.10404,87864.00798,8700,0,,,,,,,,,
5177,75946.64875,77690.40575,83310.08909,89273.1148,8700,0,,,,,,,,,
5178,76790.575,78553.7088,84235.83857,90265.12598,8700,0,,,,,,,,,
5179,76363.81684,78117.15215,83767.7039,89763.48396,8700,0,,,,,,,,,
5180,76253.53102,78004.33412,83646.72527,89633.8461,8700,0,,,,,,,,,
5181,74305.78762,76011.86997,81510.13755,87344.32941,8700,0,,,,,,,,,
5182,70194.52421,71806.21076,77000.26482,82511.65681,8700,0,,,,,,,,,
5183,65632.52746,67139.46926,71995.95768,77149.16003,8700,0,,,,,,,,,
5184,62991.42193,64437.72318,69098.78262,74044.61597,8700,0,,,,,,,,,
5185,59000.03441,60354.69225,64720.40839,69352.85402,8700,0,,,,,,,,,
5186,56405.92022,57701.01645,61874.78073,66303.54695,8700,0,,,,,,,,,
5187,54972.20461,56234.38231,60302.0586,64618.25523,8700,0,,,,,,,,,
5188,54050.5988,55291.61617,59291.0981,63534.93394,8700,0,,,,,,,,,
5189,53774.40475,55009.08062,58988.12554,63210.27573,8700,0,,,,,,,,,
5190,54691.21553,55946.94165,59993.8261,64287.96059,8700,0,,,,,,,,,
5191,57242.1744,58556.47126,62792.1143,67286.53983,8700,0,,,,,,,,,
5192,61467.55966,62878.87259,67427.17362,72253.35943,8700,0,,,,,,,,,
5193,67440.25584,68988.7036,73978.95516,79274.09306,8700,0,,,,,,,,,
5194,71401.91414,73041.32273,78324.71776,83930.90916,8700,0,,,,,,,,,
5195,73581.73726,75271.19521,80715.88658,86493.22893,8700,0,,,,,,,,,
5196,75046.14109,76769.22218,82322.27232,88214.5938,8700,0,,,,,,,,,
5197,74793.92223,76511.2123,82045.59947,87918.11775,8700,0,,,,,,,,,
5198,77128.14549,78899.03,84606.13836,90661.9304,8700,0,,,,,,,,,
5199,78464.04237,80265.59946,86071.5577,92232.23906,8700,0,,,,,,,,,
5200,79381.81216,81204.44151,87078.31026,93311.05119,8700,0,,,,,,,,,
5201,80737.84819,82591.61252,88565.82136,94905.03276,8700,0,,,,,,,,,
5202,81721.78947,83598.14537,89645.16109,96061.62764,8700,0,,,,,,,,,
5203,81029.38635,82889.84448,88885.62572,95247.72758,8700,0,,,,,,,,,
5204,80035.855,81873.50137,87795.76612,94079.85985,8700,0,,,,,,,,,
5205,77582.71486,79364.03641,85104.7807,91196.26377,8700,0,,,,,,,,,
5206,73013.04606,74689.4467,80092.05768,85824.74869,8700,0,,,,,,,,,
5207,67924.55442,69484.12182,74510.20912,79843.3722,8700,0,,,,,,,,,
5208,65421.5459,66923.64351,71764.52032,76901.15724,8700,0,,,,,,,,,
5209,61099.30093,62502.15854,67023.2102,71820.48181,8700,0,,,,,,,,,
5210,58444.7693,59786.67809,64111.30732,68700.15576,8700,0,,,,,,,,,
5211,56902.68589,58209.188,62419.71054,66887.48079,8700,0,,,,,,,,,
5212,55856.40915,57138.88845,61271.99159,65657.61239,8700,0,,,,,,,,,
5213,55621.45241,56898.53704,61014.25451,65381.42746,8700,0,,,,,,,,,
5214,56213.15979,57503.83018,61663.33113,66076.96257,8700,0,,,,,,,,,
5215,58611.63653,59957.37665,64294.35323,68896.30343,8700,0,,,,,,,,,
5216,62890.72618,64334.71543,68988.32387,73926.25099,8700,0,,,,,,,,,
5217,69039.87967,70625.05527,75733.67121,81154.40515,8700,0,,,,,,,,,
5218,72876.86705,74550.14098,79942.67538,85664.67415,8700,0,,,,,,,,,
5219,75337.67925,77067.45413,82642.07668,88557.28854,8700,0,,,,,,,,,
5220,76898.9428,78664.56475,84354.71322,90392.50919,8700,0,,,,,,,,,
5221,76710.97741,78472.28362,84148.52357,90171.56132,8700,0,,,,,,,,,
5222,78633.78663,80439.2411,86257.7596,92431.76852,8700,0,,,,,,,,,
5223,78921.48876,80733.54896,86573.356,92769.9542,8700,0,,,,,,,,,
5224,78612.68847,80417.65852,86234.61585,92406.96825,8700,0,,,,,,,,,
5225,78990.53727,80804.18283,86649.09915,92851.11872,8700,0,,,,,,,,,
5226,78847.64521,80658.00994,86492.35292,92683.15317,8700,0,,,,,,,,,
5227,77276.79159,79051.08906,84769.1965,90836.65967,8700,0,,,,,,,,,
5228,76733.99358,78495.82825,84173.77128,90198.61616,8700,0,,,,,,,,,
5229,74875.43783,76594.59953,82135.01846,88013.93698,8700,0,,,,,,,,,
5230,71025.02435,72655.77944,77911.28646,83487.88598,8700,0,,,,,,,,,
5231,66444.80647,67970.39843,72886.99156,78103.97078,8700,0,,,,,,,,,
5232,63941.79796,65409.92012,70141.30277,75161.75583,8700,0,,,,,,,,,
5233,60287.98093,61672.21039,66133.22833,70866.79835,8700,0,,,,,,,,,
5234,57624.81823,58947.9007,63211.85752,67736.32672,8700,0,,,,,,,,,
5235,55947.51483,57232.08595,61371.93045,65764.70451,8700,0,,,,,,,,,
5236,54920.41823,56181.4069,60245.25125,64557.38182,8700,0,,,,,,,,,
5237,54588.60178,55841.97186,59881.26339,64167.34106,8700,0,,,,,,,,,
5238,54584.76575,55838.04775,59877.05544,64162.83192,8700,0,,,,,,,,,
5239,55528.42873,56803.3775,60912.21168,65272.08078,8700,0,,,,,,,,,
5240,56891.17781,58197.41569,62407.08668,66873.95337,8700,0,,,,,,,,,
5241,59053.7388,60409.62971,64779.31971,69415.982,8700,0,,,,,,,,,
5242,61227.80788,62633.61605,67164.17661,71971.53806,8700,0,,,,,,,,,
5243,63759.58661,65223.52514,69941.42505,74947.57159,8700,0,,,,,,,,,
5244,65120.41768,66615.60129,71434.19608,76547.18962,8700,0,,,,,,,,,
5245,65050.41016,66543.98638,71357.40096,76464.89778,8700,0,,,,,,,,,
5246,66835.12236,68369.67609,73315.1507,78562.77596,8700,0,,,,,,,,,
5247,68337.88647,69906.9441,74963.61596,80329.23221,8700,0,,,,,,,,,
5248,69928.87924,71534.46652,76708.86412,82199.39874,8700,0,,,,,,,,,
5249,70336.45726,71951.40264,77155.95905,82678.49506,8700,0,,,,,,,,,
5250,70732.52719,72356.56646,77590.43011,83144.06393,8700,0,,,,,,,,,
5251,71479.59371,73120.78584,78409.92879,84022.21927,8700,0,,,,,,,,,
5252,72126.9235,73782.9785,79120.02072,84783.13694,8700,0,,,,,,,,,
5253,71314.64449,72952.04934,78228.98684,83828.32618,8700,0,,,,,,,,,
5254,67986.88988,69547.88852,74578.58833,79916.64576,8700,0,,,,,,,,,
5255,64115.37824,65587.48586,70331.71261,75365.79448,8700,0,,,,,,,,,
5256,62040.08689,63464.54521,68055.21048,72926.34883,8700,0,,,,,,,,,
5257,58146.51809,59481.57895,63784.13903,68349.56999,8700,0,,,,,,,,,
5258,55445.95412,56719.00925,60821.7407,65175.13423,8700,0,,,,,,,,,
5259,53767.6917,55002.21345,58980.76162,63202.38472,8700,0,,,,,,,,,
5260,52734.84106,53945.64826,57847.7705,61988.29832,8700,0,,,,,,,,,
5261,52301.36986,53502.22443,57372.27191,61478.76532,8700,0,,,,,,,,,
5262,52414.53269,53617.9855,57496.40649,61611.78499,8700,0,,,,,,,,,
5263,52963.08475,54179.13248,58098.14365,62256.59226,8700,0,,,,,,,,,
5264,54059.22986,55300.4454,59300.56599,63545.07951,8700,0,,,,,,,,,
5265,55823.80291,57105.53356,61236.22398,65619.28469,8700,0,,,,,,,,,
5266,58673.97199,60021.14334,64362.73245,68969.57697,8700,0,,,,,,,,,
5267,62110.09441,63536.16013,68132.0056,73008.64066,8700,0,,,,,,,,,
5268,64424.17853,65903.37629,70670.45276,75728.7804,8700,0,,,,,,,,,
5269,65547.17583,67052.15793,71902.33075,77048.83162,8700,0,,,,,,,,,
5270,66159.98137,67679.03366,72574.55111,77769.16702,8700,0,,,,,,,,,
5271,66157.10434,67676.09058,72571.39515,77765.78516,8700,0,,,,,,,,,
5272,65820.49285,67331.75038,72202.14735,77370.10797,8700,0,,,,,,,,,
5273,65171.24505,66667.59567,71489.95144,76606.93574,8700,0,,,,,,,,,
5274,65925.02463,67438.68225,72316.81405,77492.98209,8700,0,,,,,,,,,
5275,66808.27016,68342.20736,73285.69503,78531.21196,8700,0,,,,,,,,,
5276,67323.25697,68869.0184,73850.61261,79136.56423,8700,0,,,,,,,,,
5277,66433.29839,67958.62612,72874.36771,78090.44336,8700,0,,,,,,,,,
5278,63913.02775,65380.48934,70109.74313,75127.93727,8700,0,,,,,,,,,
5279,60936.26973,62335.38409,66844.37225,71628.8433,8700,0,,,,,,,,,
5280,58305.71327,59644.4293,63958.76905,68536.69938,8700,0,,,,,,,,,
5281,55038.3761,56302.07312,60374.64578,64696.03792,8700,0,,,,,,,,,
5282,52916.0934,54131.0622,58046.59623,62201.35526,8700,0,,,,,,,,,
5283,51662.67113,52848.86099,56671.64786,60727.99322,8700,0,,,,,,,,,
5284,51142.88929,52317.14482,56101.47035,60117.00453,8700,0,,,,,,,,,
5285,51359.62489,52538.85672,56339.21964,60371.77103,8700,0,,,,,,,,,
5286,52755.93922,53967.23083,57870.91424,62013.09861,8700,0,,,,,,,,,
5287,56033.82547,57320.3783,61466.60937,65866.16021,8700,0,,,,,,,,,
5288,61271.92221,62678.74326,67212.56806,72023.3932,8700,0,,,,,,,,,
5289,68485.57357,70058.02213,75125.62213,80502.83419,8700,0,,,,,,,,,
5290,72346.53613,74007.6335,79360.92599,85041.28531,8700,0,,,,,,,,,
5291,73877.11145,75573.35128,81039.8989,86840.43285,8700,0,,,,,,,,,
5292,74457.31074,76166.87211,81676.35166,87522.44053,8700,0,,,,,,,,,
5293,73154.0201,74833.65754,80246.69992,85990.45964,8700,0,,,,,,,,,
5294,75987.88606,77732.58989,83355.32458,89321.58806,8700,0,,,,,,,,,
5295,78165.79117,79960.50033,85744.38943,91881.65324,8700,0,,,,,,,,,
5296,79751.9889,81583.11761,87484.37765,93746.18339,8700,0,,,,,,,,,
5297,81092.68082,82954.59221,88955.05694,95322.12839,8700,0,,,,,,,,,
5298,81280.64621,83146.87334,89161.2466,95543.07635,8700,0,,,,,,,,,
5299,80125.04266,81964.7368,87893.601,94184.69736,8700,0,,,,,,,,,
5300,79050.95472,80865.98749,86715.37439,92922.13777,8700,0,,,,,,,,,
5301,76471.22563,78227.02707,83885.52654,89889.73989,8700,0,,,,,,,,,
5302,72310.09386,73970.35451,79320.95045,84998.44847,8700,0,,,,,,,,,
5303,67754.81016,69310.48018,74324.00723,79643.84268,8700,0,,,,,,,,,
5304,65557.72491,67062.94922,71913.90262,77061.23177,8700,0,,,,,,,,,
5305,61405.2242,62815.1059,67358.7944,72180.08587,8700,0,,,,,,,,,
5306,59198.54887,60557.76466,64938.16991,69586.2021,8700,0,,,,,,,,,
5307,57791.68547,59118.59927,63394.90345,67932.47439,8700,0,,,,,,,,,
5308,56932.41511,58239.59981,62452.32216,66922.42664,8700,0,,,,,,,,,
5309,56779.93298,58083.61665,62285.05607,66743.18825,8700,0,,,,,,,,,
5310,57559.60575,58881.19093,63140.32234,67659.67131,8700,0,,,,,,,,,
5311,60262.08774,61645.72269,66104.82466,70836.36165,8700,0,,,,,,,,,
5312,64728.18377,66214.36158,71003.93296,76086.12986,8700,0,,,,,,,,,
5313,71329.98861,72967.74576,78245.81865,83846.36275,8700,0,,,,,,,,,
5314,75056.69017,76780.01347,82333.84419,88226.99394,8700,0,,,,,,,,,
5315,76585.34748,78343.7692,84010.71314,90023.88689,8700,0,,,,,,,,,
5316,77465.71599,79244.35122,84976.43815,91058.73491,8700,0,,,,,,,,,
5317,75934.18166,77677.65242,83296.41324,89258.46009,8700,0,,,,,,,,,
5318,78268.40493,80065.47013,85856.95215,92002.27283,8700,0,,,,,,,,,
5319,79952.42138,81788.15209,87704.24314,93981.78605,8700,0,,,,,,,,,
5320,80646.74252,82498.41504,88465.8825,94797.94068,8700,0,,,,,,,,,
5321,81397.64507,83266.55852,89289.58913,95680.60512,8700,0,,,,,,,,,
5322,81077.3367,82938.89578,88938.22512,95304.09183,8700,0,,,,,,,,,
5323,79768.29202,81599.79505,87502.26145,93765.34724,8700,0,,,,,,,,,
5324,78740.23642,80548.135,86374.53026,92556.89724,8700,0,,,,,,,,,
5325,75895.82138,77638.41137,83254.33373,89213.36869,8700,0,,,,,,,,,
5326,71738.52563,73385.66291,78693.96556,84326.58635,8700,0,,,,,,,,,
5327,67198.58605,68741.48501,73713.85417,78990.01714,8700,0,,,,,,,,,
5328,65122.33569,66617.56334,71436.30005,76549.44419,8700,0,,,,,,,,,
5329,61209.58675,62614.97656,67144.18883,71950.11965,8700,0,,,,,,,,,
5330,59080.591,60437.09844,64808.77538,69447.546,8700,0,,,,,,,,,
5331,57788.80845,59115.6562,63391.74749,67929.09253,8700,0,,,,,,,,,
5332,57035.02887,58344.56961,62564.88489,67043.04618,8700,0,,,,,,,,,
5333,56866.24362,58171.909,62379.73499,66844.64395,8700,0,,,,,,,,,
5334,57547.13866,58868.43759,63126.6465,67645.01659,8700,0,,,,,,,,,
5335,60241.94859,61625.12115,66082.7329,70812.68864,8700,0,,,,,,,,,
5336,64744.4869,66231.03904,71021.81677,76105.29374,8700,0,,,,,,,,,
5337,70988.58208,72618.50045,77871.31091,83445.04914,8700,0,,,,,,,,,
5338,74116.86322,75818.60783,81302.89591,87122.25417,8700,0,,,,,,,,,
5339,75047.1001,76770.20322,82323.32431,88215.72109,8700,0,,,,,,,,,
5340,75270.54875,76998.7823,82568.43752,88478.37859,8700,0,,,,,,,,,
5341,73881.90648,75578.2564,81045.15884,86846.06927,8700,0,,,,,,,,,
5342,76603.56861,78362.40868,84030.7009,90045.30531,8700,0,,,,,,,,,
5343,77717.93486,79502.36111,85253.11101,91355.21096,8700,0,,,,,,,,,
5344,78490.89457,80293.0682,86101.01337,92263.80305,8700,0,,,,,,,,,
5345,80118.32961,81957.86961,87886.23709,94176.80636,8700,0,,,,,,,,,
5346,80382.05656,82227.65181,88175.53379,94486.80992,8700,0,,,,,,,,,
5347,79035.6106,80850.29106,86698.54257,92904.10112,8700,0,,,,,,,,,
5348,78460.20635,80261.67536,86067.34977,92227.72992,8700,0,,,,,,,,,
5349,76001.31216,77746.32425,83370.05242,89337.37005,8700,0,,,,,,,,,
5350,71947.58917,73599.52661,78923.29895,84572.33456,8700,0,,,,,,,,,
5351,67446.96888,68995.57078,73986.31906,79281.98406,8700,0,,,,,,,,,
5352,65068.63129,66562.62587,71377.38872,76486.3162,8700,0,,,,,,,,,
5353,61025.45739,62426.61953,66942.20714,71733.68085,8700,0,,,,,,,,,
5354,58844.67526,60195.76601,64549.98633,69170.23379,8700,0,,,,,,,,,
5355,57555.76972,58877.26683,63136.11439,67655.16217,8700,0,,,,,,,,,
5356,56644.71298,57945.29195,62136.72575,66584.24101,8700,0,,,,,,,,,
5357,56711.84348,58013.96379,62210.36492,66663.151,8700,0,,,,,,,,,
5358,57584.53994,58906.69762,63167.67404,67688.98075,8700,0,,,,,,,,,
5359,60229.4815,61612.36781,66069.05706,70798.03394,8700,0,,,,,,,,,
5360,64572.82463,66055.43535,70833.51091,75903.50964,8700,0,,,,,,,,,
5361,71215.86676,72851.00364,78120.63207,83712.21579,8700,0,,,,,,,,,
5362,75253.28663,76981.12384,82549.50175,88458.08746,8700,0,,,,,,,,,
5363,77032.24478,78800.92738,84500.93956,90549.2019,8700,0,,,,,,,,,
5364,77715.05783,79499.41802,85249.95504,91351.8291,8700,0,,,,,,,,,
5365,76322.57953,78074.96801,83722.46841,89715.01071,8700,0,,,,,,,,,
5366,79307.96862,81128.9025,86997.30719,93224.25025,8700,0,,,,,,,,,
5367,81671.9211,83547.13201,89590.45772,96003.00882,8700,0,,,,,,,,,
5368,82636.68224,84534.04434,90648.75768,97137.05791,8700,0,,,,,,,,,
5369,82815.05756,84716.51522,90844.42747,97346.73302,8700,0,,,,,,,,,
5370,81676.71614,83552.03715,89595.71765,96008.64524,8700,0,,,,,,,,,
5371,79594.71174,81422.22932,87311.85162,93561.30856,8700,0,,,,,,,,,
5372,78593.50833,80398.038,86213.57609,92384.42254,8700,0,,,,,,,,,
5373,75406.72776,77138.08802,82717.81983,88638.45306,8700,0,,,,,,,,,
5374,71059.54861,72691.09638,77949.15803,83528.46827,8700,0,,,,,,,,,
5375,66813.0652,68347.11248,73290.95498,78536.8484,8700,0,,,,,,,,,
5376,65039.86108,66533.19508,71345.82908,76452.49764,8700,0,,,,,,,,,
5377,61199.99668,62605.16629,67133.66896,71938.8468,8700,0,,,,,,,,,
5378,59107.4432,60464.56718,64838.23104,69479.10998,8700,0,,,,,,,,,
5379,57905.80731,59235.34139,63520.09003,68066.62135,8700,0,,,,,,,,,
5380,57014.88972,58323.96807,62542.79313,67019.37318,8700,0,,,,,,,,,
5381,56965.02135,58272.9547,62488.08976,66960.75434,8700,0,,,,,,,,,
5382,57807.02958,59134.29569,63411.73525,67950.51094,8700,0,,,,,,,,,
5383,60565.13398,61955.72696,66437.25287,71192.58383,8700,0,,,,,,,,,
5384,65346.74335,66847.12347,71682.46525,76813.22897,8700,0,,,,,,,,,
5385,72030.06378,73683.89486,79013.76992,84669.28112,8700,0,,,,,,,,,
5386,75002.98577,76725.076,82274.93286,88163.86598,8700,0,,,,,,,,,
5387,76224.76081,77974.90334,83615.16563,89600.02755,8700,0,,,,,,,,,
5388,77105.12932,78875.48537,84580.89065,90634.87556,8700,0,,,,,,,,,
5389,74874.47882,76593.6185,82133.96646,88012.80969,8700,0,,,,,,,,,
5390,76797.28805,78560.57598,84243.20249,90273.01697,8700,0,,,,,,,,,
5391,77402.42152,79179.60348,84907.00694,90984.33409,8700,0,,,,,,,,,
5392,77595.18195,79376.78975,85118.45654,91210.91847,8700,0,,,,,,,,,
5393,78426.6411,80227.33945,86030.53017,92188.27495,8700,0,,,,,,,,,
5394,78069.89046,79862.39771,85639.19062,91768.92474,8700,0,,,,,,,,,
5395,76771.39485,78534.08827,84214.79881,90242.58028,8700,0,,,,,,,,,
5396,76109.67996,77857.18021,83488.92706,89464.75334,8700,0,,,,,,,,,
5397,73668.0479,75359.48757,80810.56551,86594.68462,8700,0,,,,,,,,,
5398,70162.87697,71773.8369,76965.5492,82474.45639,8700,0,,,,,,,,,
5399,66038.18746,67554.44333,72440.94863,77626.00176,8700,0,,,,,,,,,
5400,64180.59072,65654.19563,70403.24779,75442.44989,8700,0,,,,,,,,,
5401,60498.96249,61888.03616,66364.66569,71114.80114,8700,0,,,,,,,,,
5402,58348.86859,59688.57548,64006.10851,68587.42722,8700,0,,,,,,,,,
5403,56947.75923,58255.29625,62469.15398,66940.46322,8700,0,,,,,,,,,
5404,56024.23539,57310.56803,61456.08948,65854.88733,8700,0,,,,,,,,,
5405,55639.67355,56917.17653,61034.24228,65402.84589,8700,0,,,,,,,,,
5406,55786.40164,57067.27354,61195.19646,65575.32056,8700,0,,,,,,,,,
5407,56661.0161,57961.9694,62154.60955,66603.40486,8700,0,,,,,,,,,
5408,58417.9171,59759.20936,64081.85164,68668.59176,8700,0,,,,,,,,,
5409,61381.24902,62790.58023,67332.4947,72151.90374,8700,0,,,,,,,,,
5410,62832.22675,64274.87284,68924.15261,73857.48659,8700,0,,,,,,,,,
5411,64010.84647,65480.554,70217.04592,75242.92038,8700,0,,,,,,,,,
5412,64107.70619,65579.63765,70323.29671,75356.77621,8700,0,,,,,,,,,
5413,62219.42122,63647.99711,68251.93225,73137.1512,8700,0,,,,,,,,,
5414,62539.72959,63975.65986,68603.29626,73513.66454,8700,0,,,,,,,,,
5415,62708.51484,64148.32047,68788.44615,73712.06678,8700,0,,,,,,,,,
5416,62728.65398,64168.922,68810.53789,73735.73976,8700,0,,,,,,,,,
5417,63331.86945,64785.98747,69472.23838,74444.8023,8700,0,,,,,,,,,
5418,64072.22292,65543.33967,70284.37315,75315.06664,8700,0,,,,,,,,,
5419,64870.11682,66359.55345,71159.6272,76252.96811,8700,0,,,,,,,,,
5420,65663.21569,67170.86209,72029.62131,77185.23317,8700,0,,,,,,,,,
5421,64590.08675,66073.09382,70852.44668,75923.80077,8700,0,,,,,,,,,
5422,62053.51299,63478.27959,68069.93831,72942.13083,8700,0,,,,,,,,,
5423,59141.00845,60498.9031,64875.05063,69518.56498,8700,0,,,,,,,,,
5424,58015.13412,59347.17836,63640.01667,68195.13188,8700,0,,,,,,,,,
5425,55141.94887,56408.02395,60488.26049,64817.78475,8700,0,,,,,,,,,
5426,52987.05993,54203.65814,58124.44335,62284.77439,8700,0,,,,,,,,,
5427,51621.43383,52806.67687,56626.41239,60679.51995,8700,0,,,,,,,,,
5428,50815.86787,51982.61489,55742.74243,59732.60019,8700,0,,,,,,,,,
5429,50664.34475,51827.61275,55576.52832,59554.4891,8700,0,,,,,,,,,
5430,50869.57227,52037.55236,55801.65376,59795.72818,8700,0,,,,,,,,,
5431,51059.45567,52231.79553,56009.94739,60018.93069,8700,0,,,,,,,,,
5432,51118.91411,52292.61915,56075.17065,60088.82239,8700,0,,,,,,,,,
5433,51497.72191,52680.12449,56490.70592,60534.10012,8700,0,,,,,,,,,
5434,52336.85312,53538.52239,57411.19546,61520.47488,8700,0,,,,,,,,,
5435,54029.50064,55270.03359,59267.95436,63510.13365,8700,0,,,,,,,,,
5436,54588.60178,55841.97186,59881.26339,64167.34106,8700,0,,,,,,,,,
5437,55038.3761,56302.07312,60374.64578,64696.03792,8700,0,,,,,,,,,
5438,56463.46064,57759.87801,61937.90001,66371.18407,8700,0,,,,,,,,,
5439,57733.18603,59058.75667,63330.73217,67863.70997,8700,0,,,,,,,,,
5440,58906.05171,60258.55168,64617.31355,69242.38005,8700,0,,,,,,,,,
5441,60325.38221,61710.47042,66174.25586,70910.76248,8700,0,,,,,,,,,
5442,62648.09739,64086.51581,68722.1709,73641.04778,8700,0,,,,,,,,,
5443,64458.70278,65938.69323,70708.32432,75769.36267,8700,0,,,,,,,,,
5444,65285.3669,66784.33779,71615.13802,76741.08271,8700,0,,,,,,,,,
5445,64716.67569,66202.58927,70991.30911,76072.60245,8700,0,,,,,,,,,
5446,62368.06732,63800.05617,68414.99039,73311.88044,8700,0,,,,,,,,,
5447,59433.50561,60798.11608,65195.90698,69862.38703,8700,0,,,,,,,,,
5448,57175.04391,58487.79945,62718.47514,67207.62986,8700,0,,,,,,,,,
5449,54150.33553,55393.64288,59400.50485,63652.17162,8700,0,,,,,,,,,
5450,52354.11525,53556.18087,57430.13125,61540.76602,8700,0,,,,,,,,,
5451,51043.15255,52215.11809,55992.0636,59999.76683,8700,0,,,,,,,,,
5452,50448.56815,51606.88186,55339.831,59300.84987,8700,0,,,,,,,,,
5453,50398.69978,51555.8685,55285.12762,59242.23102,8700,0,,,,,,,,,
5454,51152.47936,52326.95507,56111.99022,60128.27738,8700,0,,,,,,,,,
5455,53075.28858,54293.91254,58221.22625,62388.48466,8700,0,,,,,,,,,
5456,55936.96575,57221.29464,61360.35857,65752.30437,8700,0,,,,,,,,,
5457,60221.80944,61604.51959,66060.64115,70789.01565,8700,0,,,,,,,,,
5458,62985.66789,64431.83703,69092.4707,74037.85226,8700,0,,,,,,,,,
5459,65063.83626,66557.72074,71372.12878,76480.67978,8700,0,,,,,,,,,
5460,65664.1747,67171.84312,72030.67331,77186.36045,8700,0,,,,,,,,,
5461,64725.30675,66211.4185,71000.777,76082.74802,8700,0,,,,,,,,,
5462,67351.06818,68897.46817,73881.12028,79169.25552,8700,0,,,,,,,,,
5463,69177.01768,70765.342,75884.10549,81315.60697,8700,0,,,,,,,,,
5464,70155.20492,71765.9887,76957.13331,82465.43811,8700,0,,,,,,,,,
5465,70874.46024,72501.75833,77746.12434,83310.90218,8700,0,,,,,,,,,
5466,71129.55612,72762.71129,78025.95315,83610.76009,8700,0,,,,,,,,,
5467,71280.12024,72916.7324,78191.11528,83787.74391,8700,0,,,,,,,,,
5468,71502.60988,73144.33046,78435.1765,84049.27413,8700,0,,,,,,,,,
5469,70138.9018,71749.31126,76939.24951,82446.27425,8700,0,,,,,,,,,
5470,67091.17725,68631.61007,73596.0315,78863.76116,8700,0,,,,,,,,,
5471,63656.97285,65118.55534,69828.86233,74826.95205,8700,0,,,,,,,,,
5472,61159.71838,62563.96319,67089.48546,71891.50081,8700,0,,,,,,,,,
5473,57665.09653,58989.10381,63256.04103,67783.67271,8700,0,,,,,,,,,
5474,55918.74461,57202.65515,61340.3708,65730.88595,8700,0,,,,,,,,,
5475,54681.62546,55937.13138,59983.30622,64276.68775,8700,0,,,,,,,,,
5476,54097.59014,55339.68644,59342.6455,63590.17092,8700,0,,,,,,,,,
5477,54049.63979,55290.63514,59290.0461,63533.80665,8700,0,,,,,,,,,
5478,55154.41596,56420.77729,60501.93633,64832.43946,8700,0,,,,,,,,,
5479,57883.75015,59212.77778,63495.89431,68040.69379,8700,0,,,,,,,,,
5480,62644.26136,64082.59171,68717.96295,73636.53864,8700,0,,,,,,,,,
5481,68904.65967,70486.73057,75585.3409,80995.45791,8700,0,,,,,,,,,
5482,71653.174,73298.35159,78600.33863,84226.25795,8700,0,,,,,,,,,
5483,72085.6862,73740.79439,79074.78524,84734.66368,8700,0,,,,,,,,,
5484,72082.80917,73737.85131,79071.62926,84731.2818,8700,0,,,,,,,,,
5485,71071.05669,72702.86869,77961.78188,83541.99569,8700,0,,,,,,,,,
5486,73841.62818,75537.05331,81000.97534,86798.72328,8700,0,,,,,,,,,
5487,75140.12379,76865.36275,82425.36715,88325.06774,8700,0,,,,,,,,,
5488,75985.00904,77729.64681,83352.16862,89318.2062,8700,0,,,,,,,,,
5489,77097.45727,78867.63717,84572.47475,90625.85728,8700,0,,,,,,,,,
5490,77097.45727,78867.63717,84572.47475,90625.85728,8700,0,,,,,,,,,
5491,75830.6089,77571.7016,83182.79854,89136.71322,8700,0,,,,,,,,,
5492,74830.3645,76548.49129,82085.57502,87960.95458,8700,0,,,,,,,,,
5493,71860.31953,73510.25324,78827.56804,84469.7516,8700,0,,,,,,,,,
5494,68223.76463,69790.20198,74838.42939,80195.08526,8700,0,,,,,,,,,
5495,64403.08037,65881.79371,70647.30902,75703.98011,8700,0,,,,,,,,,
5496,62934.84051,64379.84264,69036.71533,73978.10613,8700,0,,,,,,,,,
5497,59605.16788,60973.71975,65384.21284,70064.17113,8700,0,,,,,,,,,
5498,57706.33384,59031.28795,63301.27652,67832.14599,8700,0,,,,,,,,,
5499,56659.09809,57960.00736,62152.50557,66601.15029,8700,0,,,,,,,,,
5500,56024.23539,57310.56803,61456.08948,65854.88733,8700,0,,,,,,,,,
5501,56078.8988,57366.48653,61516.05281,65919.14261,8700,0,,,,,,,,,
5502,57004.34064,58313.17678,62531.22127,67006.97305,8700,0,,,,,,,,,
5503,59637.77412,61007.07464,65419.98043,70102.49883,8700,0,,,,,,,,,
5504,63488.1876,64945.89474,69643.71242,74628.54982,8700,0,,,,,,,,,
5505,68960.28208,70543.63008,75646.3562,81060.84047,8700,0,,,,,,,,,
5506,71029.81939,72660.68457,77916.54641,83493.52242,8700,0,,,,,,,,,
5507,71438.35641,73078.60172,78364.69331,83973.74601,8700,0,,,,,,,,,
5508,71650.29698,73295.4085,78597.18266,84222.87609,8700,0,,,,,,,,,
5509,70148.49187,71759.12152,76949.76939,82457.54711,8700,0,,,,,,,,,
5510,73300.74818,74983.75454,80407.65408,86162.9343,8700,0,,,,,,,,,
5511,75673.33173,77410.8133,83010.27251,88951.83848,8700,0,,,,,,,,,
5512,76574.7984,78332.9779,83999.14126,90011.48676,8700,0,,,,,,,,,
5513,77067.72805,78837.22536,84539.86312,90590.91144,8700,0,,,,,,,,,
5514,76167.22039,77916.04178,83552.04635,89532.39044,8700,0,,,,,,,,,
5515,74061.24081,75761.7083,81241.88061,87056.87163,8700,0,,,,,,,,,
5516,73342.9445,75026.9197,80453.94156,86212.53487,8700,0,,,,,,,,,
5517,70844.73102,72471.34652,77713.51271,83275.95633,8700,0,,,,,,,,,
5518,67380.7974,68927.87999,73913.7319,79204.20138,8700,0,,,,,,,,,
5519,63679.03001,65141.11894,69853.05805,74852.87962,8700,0,,,,,,,,,
5520,62184.89696,63612.68017,68214.06068,73096.56892,8700,0,,,,,,,,,
5521,58913.72377,60266.39989,64625.72947,69251.39834,8700,0,,,,,,,,,
5522,57114.62646,58425.99479,62652.1999,67136.61088,8700,0,,,,,,,,,
5523,56079.85781,57367.46755,61517.1048,65920.2699,8700,0,,,,,,,,,
5524,55465.13426,56738.62978,60842.78046,65197.67994,8700,0,,,,,,,,,
5525,55522.67468,56797.49134,60905.89973,65265.31706,8700,0,,,,,,,,,
5526,56403.0432,57698.07338,61871.62477,66300.16508,8700,0,,,,,,,,,
5527,58829.33114,60180.06958,64533.15451,69152.19721,8700,0,,,,,,,,,
5528,62486.02519,63920.72239,68544.38493,73450.53655,8700,0,,,,,,,,,
5529,67710.69584,69265.35299,74275.61578,79591.98756,8700,0,,,,,,,,,
5530,70062.18123,71670.82915,76855.09047,82356.09142,8700,0,,,,,,,,,
5531,71268.61215,72904.96008,78178.49142,83774.21648,8700,0,,,,,,,,,
5532,71646.46095,73291.4844,78592.97472,84218.36695,8700,0,,,,,,,,,
5533,69923.1252,71528.58036,76702.5522,82192.63504,8700,0,,,,,,,,,
5534,72891.25215,74564.85637,79958.45519,85681.58342,8700,0,,,,,,,,,
5535,74887.90492,76607.35286,82148.69429,88028.59168,8700,0,,,,,,,,,
5536,75505.50549,77239.13372,82826.17459,88754.56351,8700,0,,,,,,,,,
5537,75978.29599,77722.77963,83344.8047,89310.31521,8700,0,,,,,,,,,
5538,76214.21173,77964.11206,83603.59376,89587.62741,8700,0,,,,,,,,,
5539,75002.98577,76725.076,82274.93286,88163.86598,8700,0,,,,,,,,,
5540,74457.31074,76166.87211,81676.35166,87522.44053,8700,0,,,,,,,,,
5541,71710.71442,73357.21315,78663.4579,84293.89507,8700,0,,,,,,,,,
5542,68012.78307,69574.37622,74606.99202,79947.08246,8700,0,,,,,,,,,
5543,64052.08377,65522.73813,70262.28139,75291.39364,8700,0,,,,,,,,,
5544,62707.55583,64147.33944,68787.39416,73710.93948,8700,0,,,,,,,,,
5545,59186.08178,60545.01133,64924.49407,69571.54739,8700,0,,,,,,,,,
5546,57327.52603,58643.7826,62885.74123,67386.86823,8700,0,,,,,,,,,
5547,56240.01199,57531.29891,61692.7868,66108.52656,8700,0,,,,,,,,,
5548,55642.55057,56920.11962,61037.39824,65406.22774,8700,0,,,,,,,,,
5549,55630.08348,56907.36627,61023.72241,65391.57303,8700,0,,,,,,,,,
5550,56484.5588,57781.46059,61961.04375,66395.98436,8700,0,,,,,,,,,
5551,58825.49511,60176.14548,64528.94656,69147.68807,8700,0,,,,,,,,,
5552,62853.32491,64296.45541,68947.29634,73882.28688,8700,0,,,,,,,,,
5553,68104.84775,69668.55473,74707.98287,80055.30186,8700,0,,,,,,,,,
5554,70455.37414,72073.04989,77286.40557,82818.27845,8700,0,,,,,,,,,
5555,71717.42747,73364.08033,78670.82183,84301.78606,8700,0,,,,,,,,,
5556,71907.31088,73558.32352,78879.11547,84524.98859,8700,0,,,,,,,,,
5557,70188.77016,71800.32461,76993.95288,82504.89309,8700,0,,,,,,,,,
5558,72888.37513,74561.91329,79955.29922,85678.20157,8700,0,,,,,,,,,
5559,74212.76393,75916.71044,81408.09471,87234.98276,8700,0,,,,,,,,,
5560,74760.35698,76476.87639,82008.77988,87878.66269,8700,0,,,,,,,,,
5561,76073.23769,77819.90121,83448.95151,89421.91651,8700,0,,,,,,,,,
5562,76292.85031,78044.5562,83689.85678,89680.06487,8700,0,,,,,,,,,
5563,74598.28478,76311.08296,81830.99391,87688.15152,8700,0,,,,,,,,,
5564,74135.08435,75837.24731,81322.88367,87143.67258,8700,0,,,,,,,,,
5565,72067.46506,73722.15489,79054.79746,84713.24524,8700,0,,,,,,,,,
5566,68518.17981,70091.37703,75161.38971,80541.16189,8700,0,,,,,,,,,
5567,64718.5937,66204.55132,70993.41309,76074.85702,8700,0,,,,,,,,,
5568,63317.48434,64771.27208,69456.45855,74427.89301,8700,0,,,,,,,,,
5569,59810.3954,61183.65936,65609.33829,70305.4102,8700,0,,,,,,,,,
5570,57747.57114,59073.47206,63346.51199,67880.61926,8700,0,,,,,,,,,
5571,56461.54263,57757.91596,61935.79604,66368.9295,8700,0,,,,,,,,,
5572,55619.5344,56896.57499,61012.15053,65379.1729,8700,0,,,,,,,,,
5573,55360.60249,56631.69792,60728.11377,65074.80584,8700,0,,,,,,,,,
5574,55552.4039,56827.90315,60938.51136,65300.26291,8700,0,,,,,,,,,
5575,56565.11539,57863.86678,62049.41074,66490.67632,8700,0,,,,,,,,,
5576,58772.74972,60122.18904,64471.08721,69085.68738,8700,0,,,,,,,,,
5577,62091.87327,63517.52062,68112.01783,72987.22224,8700,0,,,,,,,,,
5578,64510.48916,65991.66863,70765.13167,75830.23608,8700,0,,,,,,,,,
5579,66355.61881,67879.16299,72789.15667,77999.13324,8700,0,,,,,,,,,
5580,66377.67598,67901.72661,72813.35241,78025.06081,8700,0,,,,,,,,,
5581,64616.93895,66100.56255,70881.90236,75955.36476,8700,0,,,,,,,,,
5582,64538.30037,66020.1184,70795.63933,75862.92736,8700,0,,,,,,,,,
5583,64240.04916,65715.01925,70468.47104,75512.34159,8700,0,,,,,,,,,
5584,64015.6415,65485.45914,70222.30584,75248.5568,8700,0,,,,,,,,,
5585,63881.38051,65348.11547,70075.02753,75090.73684,8700,0,,,,,,,,,
5586,63451.74533,64908.61574,69603.73688,74585.71297,8700,0,,,,,,,,,
5587,63917.82278,65385.39446,70115.00307,75133.57369,8700,0,,,,,,,,,
5588,64565.15257,66047.58714,70825.09501,75894.49135,8700,0,,,,,,,,,
5589,63506.40874,64964.53424,69663.7002,74649.96824,8700,0,,,,,,,,,
5590,61214.38178,62619.88167,67149.44878,71955.75606,8700,0,,,,,,,,,
5591,58533.95696,59877.91353,64209.14219,68804.99331,8700,0,,,,,,,,,
5592,57810.86561,59138.2198,63415.94322,67955.02009,8700,0,,,,,,,,,
5593,54841.77965,56100.96276,60158.98823,64464.94441,8700,0,,,,,,,,,
5594,52811.56163,54024.13035,57931.92954,62078.48116,8700,0,,,,,,,,,
5595,51598.41766,52783.13225,56601.16467,60652.4651,8700,0,,,,,,,,,
5596,50804.35978,51970.84257,55730.11856,59719.07276,8700,0,,,,,,,,,
5597,50494.60049,51653.97111,55390.32643,59354.95957,8700,0,,,,,,,,,
5598,50766.95851,51932.58255,55689.09105,59675.10863,8700,0,,,,,,,,,
5599,51151.52035,52325.97404,56110.93824,60127.15009,8700,0,,,,,,,,,
5600,51515.94305,52698.76399,56510.6937,60555.51856,8700,0,,,,,,,,,
5601,52751.14418,53962.3257,57865.65429,62007.46218,8700,0,,,,,,,,,
5602,53614.25057,54845.24926,58812.44354,63022.01907,8700,0,,,,,,,,,
5603,55994.50617,57280.15622,61423.47786,65819.94149,8700,0,,,,,,,,,
5604,56317.69156,57610.76203,61777.99782,66199.83667,8700,0,,,,,,,,,
5605,55799.82773,57081.0079,61209.92428,65591.10255,8700,0,,,,,,,,,
5606,56403.0432,57698.07338,61871.62477,66300.16508,8700,0,,,,,,,,,
5607,57013.93071,58322.98704,62541.74114,67018.2459,8700,0,,,,,,,,,
5608,58366.13072,59706.23395,64025.04429,68607.71836,8700,0,,,,,,,,,
5609,59462.27582,60827.54686,65227.46662,69896.2056,8700,0,,,,,,,,,
5610,60642.81356,62035.19009,66522.46391,71283.89395,8700,0,,,,,,,,,
5611,62420.81271,63854.01261,68472.84974,73373.88114,8700,0,,,,,,,,,
5612,63665.60392,65127.38458,69838.33023,74837.09763,8700,0,,,,,,,,,
5613,62902.23427,64346.48775,69000.94773,73939.77842,8700,0,,,,,,,,,
5614,61003.40022,62404.05592,66918.01141,71707.75328,8700,0,,,,,,,,,
5615,58422.71213,59764.11448,64087.11158,68674.22819,8700,0,,,,,,,,,
5616,56195.89766,57486.17172,61644.39535,66056.67143,8700,0,,,,,,,,,
5617,53141.46007,54361.60336,58293.81343,62466.26735,8700,0,,,,,,,,,
5618,51459.36163,52640.88344,56448.6264,60489.00871,8700,0,,,,,,,,,
5619,50303.75808,51458.7469,55180.98081,59130.62977,8700,0,,,,,,,,,
5620,49873.1639,51018.26616,54708.63818,58624.47862,8700,0,,,,,,,,,
5621,50216.48844,51369.47353,55085.2499,59028.0468,8700,0,,,,,,,,,
5622,51877.48872,53068.61085,56907.29319,60980.50515,8700,0,,,,,,,,,
5623,55590.76419,56867.14421,60980.59089,65345.35433,8700,0,,,,,,,,,
5624,61873.21966,63293.84666,67872.16457,72730.20116,8700,0,,,,,,,,,
5625,70336.45726,71951.40264,77155.95905,82678.49506,8700,0,,,,,,,,,
5626,74243.45216,75948.10328,81441.75834,87271.05588,8700,0,,,,,,,,,
5627,75163.13996,76888.90738,82450.61486,88352.12258,8700,0,,,,,,,,,
5628,75072.99329,76796.69092,82351.72798,88246.15778,8700,0,,,,,,,,,
5629,73384.1818,75069.10382,80499.17705,86261.00813,8700,0,,,,,,,,,
5630,75608.11925,77344.10352,82938.73732,88875.18301,8700,0,,,,,,,,,
5631,76081.86875,77828.73044,83458.4194,89432.06208,8700,0,,,,,,,,,
5632,75528.52166,77262.67835,82851.42231,88781.61835,8700,0,,,,,,,,,
5633,75627.29939,77363.72404,82959.77707,88897.7288,8700,0,,,,,,,,,
5634,73985.47925,75684.20723,81158.77355,86967.8161,8700,0,,,,,,,,,
5635,72309.13485,73969.37348,79319.89845,84997.32118,8700,0,,,,,,,,,
5636,71258.06307,72894.1688,78166.91955,83761.81634,8700,0,,,,,,,,,
5637,68557.4991,70131.59909,75204.52123,80587.38059,8700,0,,,,,,,,,
5638,65340.0303,66840.25627,71675.10134,76805.33798,8700,0,,,,,,,,,
5639,62251.06845,63680.37097,68286.64785,73174.35161,8700,0,,,,,,,,,
5640,60907.49951,62305.9533,66812.8126,71595.02474,8700,0,,,,,,,,,
5641,57696.74377,59021.47768,63290.75665,67820.87313,8700,0,,,,,,,,,
5642,56104.79199,57392.97423,61544.45648,65949.57932,8700,0,,,,,,,,,
5643,54962.61454,56224.57206,60291.53872,64606.98238,8700,0,,,,,,,,,
5644,54477.35695,55728.17281,59759.23277,64036.57595,8700,0,,,,,,,,,
5645,54731.49383,55988.14475,60038.0096,64335.30659,8700,0,,,,,,,,,
5646,55763.38546,57043.72891,61169.94874,65548.2657,8700,0,,,,,,,,,
5647,58877.2815,60229.12089,64585.75392,69208.56149,8700,0,,,,,,,,,
5648,64334.03186,65811.15982,70571.56588,75622.81557,8700,0,,,,,,,,,
5649,71493.97882,73135.50124,78425.70861,84039.12856,8700,0,,,,,,,,,
5650,75246.57358,76974.25665,82542.13783,88450.19646,8700,0,,,,,,,,,
5651,76445.33244,78200.53937,83857.12287,89859.30319,8700,0,,,,,,,,,
5652,76387.79202,78141.6778,83794.0036,89791.66609,8700,0,,,,,,,,,
5653,74445.80265,76155.0998,81663.7278,87508.91311,8700,0,,,,,,,,,
5654,76430.94734,78185.82399,83841.34306,89842.39392,8700,0,,,,,,,,,
5655,77605.73103,79387.58104,85130.02841,91223.31861,8700,0,,,,,,,,,
5656,77536.68252,79316.94716,85054.28528,91142.154,8700,0,,,,,,,,,
5657,77910.69528,79699.54735,85464.5606,91581.79534,8700,0,,,,,,,,,
5658,77162.66975,78934.34696,84644.00993,90702.51275,8700,0,,,,,,,,,
5659,75861.29712,77603.09442,83216.46216,89172.78643,8700,0,,,,,,,,,
5660,74923.38819,76643.65084,82187.61786,88070.30123,8700,0,,,,,,,,,
5661,71663.72307,73309.14287,78611.91049,84238.65808,8700,0,,,,,,,,,
5662,67964.83272,69525.32492,74554.39262,79890.7182,8700,0,,,,,,,,,
5663,64402.12136,65880.81268,70646.25703,75702.85282,8700,0,,,,,,,,,
5664,62895.52122,64339.62056,68993.58382,73931.88743,8700,0,,,,,,,,,
5665,59434.46462,60799.09711,65196.95896,69863.51432,8700,0,,,,,,,,,
5666,57521.24547,58841.94989,63098.24283,67614.57989,8700,0,,,,,,,,,
5667,56434.69043,57730.44723,61906.34037,66337.3655,8700,0,,,,,,,,,
5668,55841.06504,57123.19203,61255.15977,65639.57583,8700,0,,,,,,,,,
5669,55932.17071,57216.38952,61355.09863,65746.66794,8700,0,,,,,,,,,
5670,57072.43015,58382.82963,62605.91242,67087.01031,8700,0,,,,,,,,,
5671,59952.32845,61328.85124,65765.03252,70472.24846,8700,0,,,,,,,,,
5672,65303.58803,66802.97729,71635.12579,76762.50113,8700,0,,,,,,,,,
5673,72546.0096,74211.68694,79579.7395,85275.76067,8700,0,,,,,,,,,
5674,76299.56336,78051.42339,83697.22069,89687.95587,8700,0,,,,,,,,,
5675,76971.82734,78739.12274,84434.66432,90478.18294,8700,0,,,,,,,,,
5676,76365.73485,78119.1142,83769.80787,89765.73853,8700,0,,,,,,,,,
5677,74077.54393,75778.38575,81259.7644,87076.03548,8700,0,,,,,,,,,
5678,76423.27528,78177.97576,83832.92716,89833.37564,8700,0,,,,,,,,,
5679,76947.85216,78714.59708,84408.36461,90450.00081,8700,0,,,,,,,,,
5680,76536.43812,78293.73687,83957.06175,89966.39536,8700,0,,,,,,,,,
5681,76545.06918,78302.56609,83966.52963,89976.54092,8700,0,,,,,,,,,
5682,75485.36634,77218.53217,82804.08284,88730.89052,8700,0,,,,,,,,,
5683,73811.89896,75506.64149,80968.36371,86763.77744,8700,0,,,,,,,,,
5684,73610.50747,75300.62599,80747.44622,86527.04749,8700,0,,,,,,,,,
5685,71175.58846,72809.80053,78076.44858,83664.86979,8700,0,,,,,,,,,
5686,67671.37654,69225.13091,74232.48426,79545.76885,8700,0,,,,,,,,,
5687,64206.48392,65680.68334,70431.65147,75472.88661,8700,0,,,,,,,,,
5688,62807.29257,64249.36616,68896.80093,73828.17717,8700,0,,,,,,,,,
5689,59250.33526,60610.74008,64994.97728,69647.07552,8700,0,,,,,,,,,
5690,57250.80547,58565.30052,62801.58221,67296.6854,8700,0,,,,,,,,,
5691,56257.27412,57548.95739,61711.72258,66128.81771,8700,0,,,,,,,,,
5692,55693.37795,56972.11401,61093.15362,65465.97387,8700,0,,,,,,,,,
5693,55754.7544,57034.89967,61160.48085,65538.12014,8700,0,,,,,,,,,
5694,56666.77015,57967.85557,62160.92148,66610.16858,8700,0,,,,,,,,,
5695,59191.83582,60550.89748,64930.80599,69578.3111,8700,0,,,,,,,,,
5696,63471.88448,64929.21729,69625.82863,74609.38596,8700,0,,,,,,,,,
5697,69470.47385,71065.53601,76206.01384,81660.55631,8700,0,,,,,,,,,
5698,72218.02917,73876.17599,79219.95958,84890.22905,8700,0,,,,,,,,,
5699,72760.82719,74431.43682,79815.38482,85528.27261,8700,0,,,,,,,,,
5700,72119.25144,73775.1303,79111.60481,84774.11865,8700,0,,,,,,,,,
5701,70742.11726,72366.37671,77600.94998,83155.33679,8700,0,,,,,,,,,
5702,73603.79442,75293.75881,80740.08231,86519.1565,8700,0,,,,,,,,,
5703,75744.29826,77483.40923,83088.11962,89035.25757,8700,0,,,,,,,,,
5704,76405.05414,78159.33627,83812.93937,89811.95722,8700,0,,,,,,,,,
5705,78131.26691,79925.18337,85706.51786,91841.07098,8700,0,,,,,,,,,
5706,78080.43954,79873.18899,85650.76249,91781.32488,8700,0,,,,,,,,,
5707,76987.17145,78754.81916,84451.49612,90496.2195,8700,0,,,,,,,,,
5708,76353.26776,78106.36085,83756.13202,89751.08383,8700,0,,,,,,,,,
5709,73155.93811,74835.61959,80248.80388,85992.71421,8700,0,,,,,,,,,
5710,69216.33697,70805.56407,75927.237,81361.82567,8700,0,,,,,,,,,
5711,65241.25257,66739.21058,71566.74658,76689.22758,8700,0,,,,,,,,,
5712,63393.2459,64848.77315,69539.56561,74516.94856,8700,0,,,,,,,,,
5713,59762.44504,61134.60804,65556.73888,70249.04593,8700,0,,,,,,,,,
5714,57849.22589,59177.46083,63458.02273,68000.11151,8700,0,,,,,,,,,
5715,56661.0161,57961.9694,62154.60955,66603.40486,8700,0,,,,,,,,,
5716,55976.28504,57261.51672,61403.49009,65798.52308,8700,0,,,,,,,,,
5717,55909.15454,57192.84489,61329.85092,65719.61309,8700,0,,,,,,,,,
5718,56901.72688,58208.20698,62418.65855,66886.35351,8700,0,,,,,,,,,
5719,59551.46348,60918.7823,65325.3015,70001.04314,8700,0,,,,,,,,,
5720,64305.26165,65781.72904,70540.00625,75588.99701,8700,0,,,,,,,,,
5721,70924.32861,72552.77169,77800.82772,83369.52103,8700,0,,,,,,,,,
5722,73941.36492,75639.08003,81110.3821,86915.96097,8700,0,,,,,,,,,
5723,74425.6635,76134.49824,81641.63605,87485.24012,8700,0,,,,,,,,,
5724,73726.54733,75419.33017,80874.73677,86663.44903,8700,0,,,,,,,,,
5725,71961.01527,73613.26098,78938.02679,84588.11656,8700,0,,,,,,,,,
5726,74207.00989,75910.82428,81401.78279,87228.21905,8700,0,,,,,,,,,
5727,75127.6567,76852.60941,82411.69131,88310.41303,8700,0,,,,,,,,,
5728,74794.88123,76512.19331,82046.65145,87919.24504,8700,0,,,,,,,,,
5729,74574.3096,76286.55731,81804.6942,87659.9693,8700,0,,,,,,,,,
5730,72632.32024,74299.9793,79674.41842,85377.21636,8700,0,,,,,,,,,
5731,70865.82917,72492.92909,77736.65644,83300.7566,8700,0,,,,,,,,,
5732,70307.68704,71921.97186,77124.39939,82644.67648,8700,0,,,,,,,,,
5733,67855.50591,69413.48793,74434.46598,79762.20766,8700,0,,,,,,,,,
5734,64675.43838,66160.40514,70946.07362,76024.12917,8700,0,,,,,,,,,
5735,61776.35994,63194.76302,67765.91377,72616.34533,8700,0,,,,,,,,,
5736,60926.67966,62325.57383,66833.85237,71617.57045,8700,0,,,,,,,,,
5737,57567.27781,58889.03915,63148.73825,67668.6896,8700,0,,,,,,,,,
5738,55676.11582,56954.45553,61074.21783,65445.68273,8700,0,,,,,,,,,
5739,54447.62773,55697.761,59726.62114,64001.6301,8700,0,,,,,,,,,
5740,53682.34007,54914.90212,58887.13469,63102.05633,8700,0,,,,,,,,,
5741,53500.12872,54728.50713,58687.25696,62887.8721,8700,0,,,,,,,,,
5742,53703.43823,54936.48469,58910.27843,63126.85661,8700,0,,,,,,,,,
5743,54462.01284,55712.47639,59742.40097,64018.53939,8700,0,,,,,,,,,
5744,55247.43965,56515.93683,60603.97917,64941.78615,8700,0,,,,,,,,,
5745,56513.32901,57810.89137,61992.60339,66429.80291,8700,0,,,,,,,,,
5746,56709.92547,58012.00175,62208.26094,66660.89643,8700,0,,,,,,,,,
5747,57562.48277,58884.13401,63143.47831,67663.05316,8700,0,,,,,,,,,
5748,57666.05554,58990.08484,63257.09303,67784.79999,8700,0,,,,,,,,,
5749,57765.79228,59092.11156,63366.49978,67902.03769,8700,0,,,,,,,,,
5750,60480.74136,61869.39666,66344.67793,71093.38272,8700,0,,,,,,,,,
5751,62043.92292,63468.46932,68059.41844,72930.85797,8700,0,,,,,,,,,
5752,62212.70817,63641.12993,68244.56833,73129.2602,8700,0,,,,,,,,,
5753,62496.57427,63931.51368,68555.95679,73462.93669,8700,0,,,,,,,,,
5754,62103.38136,63529.29295,68124.64169,73000.74967,8700,0,,,,,,,,,
5755,62908.94732,64353.35493,69008.31166,73947.66943,8700,0,,,,,,,,,
5756,63636.8337,65097.9538,69806.77057,74803.27906,8700,0,,,,,,,,,
5757,62602.06505,64039.42655,68671.67548,73586.93808,8700,0,,,,,,,,,
5758,60453.88916,61841.92792,66315.22226,71061.81872,8700,0,,,,,,,,,
5759,57803.19355,59130.37158,63407.52731,67946.0018,8700,0,,,,,,,,,
5760,56752.12178,58055.1669,62254.54841,66710.49699,8700,0,,,,,,,,,
5761,53621.92263,54853.09747,58820.85945,63031.03736,8700,0,,,,,,,,,
5762,51748.02276,52936.17232,56765.2748,60828.32162,8700,0,,,,,,,,,
5763,50522.4117,51682.42087,55420.83409,59387.65085,8700,0,,,,,,,,,
5764,49691.91156,50832.85221,54509.81244,58411.42167,8700,0,,,,,,,,,
5765,49441.6107,50576.80437,54235.24356,58117.20017,8700,0,,,,,,,,,
5766,49844.39368,50988.83536,54677.07853,58590.66006,8700,0,,,,,,,,,
5767,50468.7073,51627.48341,55361.92276,59324.52287,8700,0,,,,,,,,,
5768,51514.02503,52696.80193,56508.58972,60553.26397,8700,0,,,,,,,,,
5769,53134.74702,54354.73617,58286.44951,62458.37636,8700,0,,,,,,,,,
5770,54930.96731,56192.19819,60256.82313,64569.78196,8700,0,,,,,,,,,
5771,56537.30419,57835.41703,62018.90309,66457.98505,8700,0,,,,,,,,,
5772,55795.99171,57077.08381,61205.71634,65586.59342,8700,0,,,,,,,,,
5773,54786.15724,56044.06325,60097.97293,64399.56186,8700,0,,,,,,,,,
5774,54843.69766,56102.92481,60161.09221,64467.19898,8700,0,,,,,,,,,
5775,55751.87738,57031.9566,61157.32489,65534.73827,8700,0,,,,,,,,,
5776,56865.28462,58170.92798,62378.68301,66843.51666,8700,0,,,,,,,,,
5777,58347.90958,59687.59445,64005.05652,68586.29993,8700,0,,,,,,,,,
5778,60069.32731,61448.53643,65893.37505,70609.77728,8700,0,,,,,,,,,
5779,61827.18732,63246.75741,67821.66914,72676.09146,8700,0,,,,,,,,,
5780,62899.35725,64343.54467,68997.79177,73936.39658,8700,0,,,,,,,,,
5781,62023.78377,63447.86776,68037.32668,72907.18497,8700,0,,,,,,,,,
5782,59985.8937,61363.18715,65801.8521,70511.70344,8700,0,,,,,,,,,
5783,57526.0405,58846.85501,63103.50276,67620.21632,8700,0,,,,,,,,,
5784,55537.05979,56812.20673,60921.67956,65282.22634,8700,0,,,,,,,,,
5785,52746.34915,53957.42057,57860.39436,62001.82575,8700,0,,,,,,,,,
5786,50859.9822,52027.74208,55791.13389,59784.45533,8700,0,,,,,,,,,
5787,49922.07326,51068.29849,54762.28957,58681.97018,8700,0,,,,,,,,,
5788,49516.41326,50653.32442,54317.29863,58205.12844,8700,0,,,,,,,,,
5789,49611.35496,50750.44601,54421.44544,58316.72969,8700,0,,,,,,,,,
5790,51104.529,52277.90376,56059.39083,60071.9131,8700,0,,,,,,,,,
5791,54416.93951,55666.36817,59692.95754,63965.55697,8700,0,,,,,,,,,
5792,60058.77824,61437.74515,65881.80319,70597.37713,8700,0,,,,,,,,,
5793,67106.52137,68647.3065,73612.86331,78881.79774,8700,0,,,,,,,,,
5794,70376.73556,71992.60575,77200.14254,82725.84104,8700,0,,,,,,,,,
5795,71928.40903,73579.90609,78902.25919,84549.78885,8700,0,,,,,,,,,
5796,71545.7652,73188.47665,78482.51596,84100.00197,8700,0,,,,,,,,,
5797,69610.48889,71208.76583,76359.6041,81825.13999,8700,0,,,,,,,,,
5798,72669.72152,74338.23933,79715.44595,85421.1805,8700,0,,,,,,,,,
5799,74583.89967,76296.36756,81815.21408,87671.24224,8700,0,,,,,,,,,
5800,75016.41187,76738.81036,82289.66069,88179.64797,8700,0,,,,,,,,,
5801,75757.72436,77497.14361,83102.84745,89051.03956,8700,0,,,,,,,,,
5802,74964.62549,76685.83495,82232.85333,88118.77449,8700,0,,,,,,,,,
5803,73628.72861,75319.26549,80767.434,86548.46593,8700,0,,,,,,,,,
5804,72769.45825,74440.26604,79824.8527,85538.41818,8700,0,,,,,,,,,
5805,69931.75626,71537.40959,76712.02009,82202.7806,8700,0,,,,,,,,,
5806,66503.3059,68030.24103,72951.16283,78172.73519,8700,0,,,,,,,,,
5807,62904.15228,64348.44979,69003.05171,73942.03299,8700,0,,,,,,,,,
5808,61296.85639,62704.24992,67239.91974,72052.70262,8700,0,,,,,,,,,
5809,57815.66064,59143.12492,63421.20314,67960.65652,8700,0,,,,,,,,,
5810,56069.30873,57356.67626,61505.53293,65907.86976,8700,0,,,,,,,,,
5811,55089.20348,56354.06751,60430.40114,64755.78405,8700,0,,,,,,,,,
5812,54469.6849,55720.32461,59750.81687,64027.55768,8700,0,,,,,,,,,
5813,54580.92972,55834.12363,59872.84749,64158.32277,8700,0,,,,,,,,,
5814,55717.35312,56996.63965,61119.45332,65494.156,8700,0,,,,,,,,,
5815,58522.44887,59866.1412,64196.51834,68791.46588,8700,0,,,,,,,,,
5816,63462.29441,64919.40703,69615.30874,74598.11311,8700,0,,,,,,,,,
5817,69429.23655,71023.35189,76160.77836,81612.08304,8700,0,,,,,,,,,
5818,71471.92166,73112.93763,78401.51289,84013.20101,8700,0,,,,,,,,,
5819,71784.55797,73432.75217,78744.46099,84380.69604,8700,0,,,,,,,,,
5820,71360.67683,72999.1386,78279.48227,83882.43589,8700,0,,,,,,,,,
5821,69467.59683,71062.59293,76202.85787,81657.17446,8700,0,,,,,,,,,
5822,71737.56662,73384.68188,78692.91357,84325.45906,8700,0,,,,,,,,,
5823,73109.90577,74788.53033,80198.30846,85938.6045,8700,0,,,,,,,,,
5824,73692.02308,75384.01323,80836.8652,86622.86676,8700,0,,,,,,,,,
5825,74481.28592,76191.39777,81702.65137,87550.62265,8700,0,,,,,,,,,
5826,73131.96293,74811.09393,80222.50418,85964.53206,8700,0,,,,,,,,,
5827,71720.30449,73367.02341,78673.97779,84305.16791,8700,0,,,,,,,,,
5828,71061.46662,72693.05843,77951.262,83530.72284,8700,0,,,,,,,,,
5829,68311.99328,69880.4564,74935.21228,80298.79551,8700,0,,,,,,,,,
5830,65321.80917,66821.6168,71655.11357,76783.91956,8700,0,,,,,,,,,
5831,62124.47952,63550.87552,68147.78543,73025.54995,8700,0,,,,,,,,,
5832,60914.21256,62312.82048,66820.17651,71602.91573,8700,0,,,,,,,,,
5833,57627.69525,58950.84379,63215.01349,67739.70857,8700,0,,,,,,,,,
5834,55884.22036,57167.3382,61302.49923,65690.30367,8700,0,,,,,,,,,
5835,54870.54986,56130.39354,60190.54787,64498.76298,8700,0,,,,,,,,,
5836,54276.92447,55523.13834,59539.36727,63800.9733,8700,0,,,,,,,,,
5837,54397.75936,55646.74763,59671.91776,63943.01126,8700,0,,,,,,,,,
5838,55400.88078,56672.90102,60772.29725,65122.15181,8700,0,,,,,,,,,
5839,58269.271,59607.1503,63918.7935,68493.86252,8700,0,,,,,,,,,
5840,63554.35909,65013.58554,69716.2996,74706.33252,8700,0,,,,,,,,,
5841,69996.00974,71603.13836,76782.50329,82278.30872,8700,0,,,,,,,,,
5842,72940.16152,74614.88871,80012.10658,85739.07499,8700,0,,,,,,,,,
5843,73013.04606,74689.4467,80092.05768,85824.74869,8700,0,,,,,,,,,
5844,73217.31457,74898.40528,80316.13113,86064.86047,8700,0,,,,,,,,,
5845,70957.89385,72587.1076,77837.64728,83408.976,8700,0,,,,,,,,,
5846,72980.43981,74656.0918,80056.29007,85786.42096,8700,0,,,,,,,,,
5847,73943.28294,75641.04209,81112.48608,86918.21555,8700,0,,,,,,,,,
5848,73802.30889,75496.83123,80957.84383,86752.50458,8700,0,,,,,,,,,
5849,74062.19982,75762.68933,81242.9326,87057.99892,8700,0,,,,,,,,,
5850,72723.42591,74393.17679,79774.35728,85484.30848,8700,0,,,,,,,,,
5851,71598.51059,73242.43308,78540.3753,84162.00267,8700,0,,,,,,,,,
5852,71119.96605,72752.90102,78015.43327,83599.48724,8700,0,,,,,,,,,
5853,68481.73754,70054.09803,75121.41417,80498.32504,8700,0,,,,,,,,,
5854,65344.82534,66845.16142,71680.36129,76810.97441,8700,0,,,,,,,,,
5855,62141.74164,63568.53398,68166.72121,73045.84108,8700,0,,,,,,,,,
5856,60692.68193,62086.20345,66577.16728,71342.51281,8700,0,,,,,,,,,
5857,57322.731,58638.87746,62880.4813,67381.23182,8700,0,,,,,,,,,
5858,55500.61752,56774.92774,60881.70401,65239.3895,8700,0,,,,,,,,,
5859,54674.91241,55930.2642,59975.94231,64268.79674,8700,0,,,,,,,,,
5860,53984.42731,55223.92537,59218.51093,63457.15125,8700,0,,,,,,,,,
5861,53952.78007,55191.55149,59183.79531,63419.95082,8700,0,,,,,,,,,
5862,55163.04702,56429.60652,60511.40422,64842.58503,8700,0,,,,,,,,,
5863,57819.49667,59147.04902,63425.41111,67965.16566,8700,0,,,,,,,,,
5864,61739.91767,63157.48402,67725.93822,72573.50849,8700,0,,,,,,,,,
5865,66691.27129,68222.52216,73157.35248,78393.68313,8700,0,,,,,,,,,
5866,69243.18917,70833.03281,75956.69267,81393.38966,8700,0,,,,,,,,,
5867,70290.42492,71904.31339,77105.46361,82624.38536,8700,0,,,,,,,,,
5868,70656.76563,72279.06539,77507.32305,83055.00839,8700,0,,,,,,,,,
5869,69291.13953,70882.08412,76009.29209,81449.75394,8700,0,,,,,,,,,
5870,71694.4113,73340.5357,78645.57411,84274.73121,8700,0,,,,,,,,,
5871,72785.76137,74456.94349,79842.7365,85557.58202,8700,0,,,,,,,,,
5872,72700.40974,74369.63215,79749.10957,85457.25363,8700,0,,,,,,,,,
5873,72919.06336,74593.30613,79988.96285,85714.2747,8700,0,,,,,,,,,
5874,71884.29471,73534.7789,78853.86775,84497.93373,8700,0,,,,,,,,,
5875,71115.17102,72747.9959,78010.17334,83593.85082,8700,0,,,,,,,,,
5876,70490.8574,72109.34786,77325.32912,82859.988,8700,0,,,,,,,,,
5877,68008.94704,69570.45213,74602.78406,79942.57332,8700,0,,,,,,,,,
5878,64756.95399,66243.79237,71035.49261,76119.94844,8700,0,,,,,,,,,
5879,61633.46788,63048.59012,67609.16754,72448.3798,8700,0,,,,,,,,,
5880,60104.81058,61484.8344,65932.29861,70651.48683,8700,0,,,,,,,,,
5881,56659.09809,57960.00736,62152.50557,66601.15029,8700,0,,,,,,,,,
5882,55041.25312,56305.0162,60377.80175,64699.41978,8700,0,,,,,,,,,
5883,54000.73043,55240.60281,59236.39472,63476.3151,8700,0,,,,,,,,,
5884,53556.71014,54786.38769,58749.32425,62954.38194,8700,0,,,,,,,,,
5885,53704.39724,54937.46571,58911.33042,63127.9839,8700,0,,,,,,,,,
5886,54934.80334,56196.1223,60261.03107,64574.2911,8700,0,,,,,,,,,
5887,57500.14731,58820.36731,63075.09908,67589.77962,8700,0,,,,,,,,,
5888,61252.74207,62659.12273,67191.5283,72000.8475,8700,0,,,,,,,,,
5889,65633.48647,67140.45029,71997.00968,77150.28731,8700,0,,,,,,,,,
5890,67191.873,68734.61782,73706.49026,78982.12614,8700,0,,,,,,,,,
5891,67600.41002,69152.53497,74154.63715,79462.34973,8700,0,,,,,,,,,
5892,67554.37768,69105.44572,74104.14173,79408.24003,8700,0,,,,,,,,,
5893,65697.73995,67206.17905,72067.49288,77225.81544,8700,0,,,,,,,,,
5894,68525.85186,70099.22522,75169.80561,80550.18016,8700,0,,,,,,,,,
5895,69596.10378,71194.05044,76343.82428,81808.2307,8700,0,,,,,,,,,
5896,70294.26095,71908.2375,77109.67158,82628.8945,8700,0,,,,,,,,,
5897,71036.53244,72667.55176,77923.91032,83501.41341,8700,0,,,,,,,,,
5898,70393.99768,72010.26421,77219.07832,82746.13217,8700,0,,,,,,,,,
5899,69315.1147,70906.60976,76035.59177,81477.93606,8700,0,,,,,,,,,
5900,68827.9391,70408.24847,75501.18185,80905.27507,8700,0,,,,,,,,,
5901,66666.33711,68197.01548,73130.0008,78364.37372,8700,0,,,,,,,,,
5902,63802.74193,65267.67132,69988.76451,74998.29945,8700,0,,,,,,,,,
5903,60690.76391,62084.24138,66575.06331,71340.25823,8700,0,,,,,,,,,
5904,59585.02873,60953.11821,65362.12109,70040.49813,8700,0,,,,,,,,,
5905,56360.84688,57654.90821,61825.33728,66250.56452,8700,0,,,,,,,,,
5906,54313.36674,55560.41734,59579.34282,63843.81014,8700,0,,,,,,,,,
5907,53178.86135,54399.86338,58334.84097,62510.23149,8700,0,,,,,,,,,
5908,52281.23071,53481.62287,57350.18016,61455.09233,8700,0,,,,,,,,,
5909,52188.20702,53386.46334,57248.13731,61345.74563,8700,0,,,,,,,,,
5910,52567.97383,53774.9497,57664.72459,61792.15066,8700,0,,,,,,,,,
5911,53154.88617,54375.33772,58308.54126,62482.04935,8700,0,,,,,,,,,
5912,53683.29908,54915.88315,58888.18667,63103.18361,8700,0,,,,,,,,,
5913,54551.2005,55803.71183,59840.23585,64123.37693,8700,0,,,,,,,,,
5914,54554.07752,55806.6549,59843.39182,64126.75878,8700,0,,,,,,,,,
5915,55436.36405,56709.19899,60811.22082,65163.86138,8700,0,,,,,,,,,
5916,55615.69837,56892.65087,61007.94258,65374.66375,8700,0,,,,,,,,,
5917,54770.81312,56028.36682,60081.14111,64381.52528,8700,0,,,,,,,,,
5918,56102.87398,57391.01218,61542.35251,65947.32475,8700,0,,,,,,,,,
5919,57884.70916,59213.75881,63496.9463,68041.82108,8700,0,,,,,,,,,
5920,59032.64065,60388.04713,64756.17599,69391.18173,8700,0,,,,,,,,,
5921,59833.41157,61207.20399,65634.586,70332.46506,8700,0,,,,,,,,,
5922,59702.0276,61072.80341,65490.46364,70178.02696,8700,0,,,,,,,,,
5923,60661.03469,62053.82958,66542.45168,71305.31239,8700,0,,,,,,,,,
5924,61266.16817,62672.85709,67206.25613,72016.62949,8700,0,,,,,,,,,
5925,60159.47398,61540.75289,65992.26194,70715.7421,8700,0,,,,,,,,,
5926,58120.6249,59455.09124,63755.73535,68319.13328,8700,0,,,,,,,,,
5927,56097.11993,57385.12602,61536.04057,65940.56103,8700,0,,,,,,,,,
5928,55343.34036,56614.03945,60709.17798,65054.51469,8700,0,,,,,,,,,
5929,51941.7422,53134.3396,56977.77639,61056.03328,8700,0,,,,,,,,,
5930,49913.44219,51059.46925,54752.82167,58671.8246,8700,0,,,,,,,,,
5931,48831.68219,49952.87173,53566.17916,57400.24664,8700,0,,,,,,,,,
5932,48162.29524,49268.11546,52831.89151,56613.40141,8700,0,,,,,,,,,
5933,48103.79581,49208.27286,52767.72024,56544.637,8700,0,,,,,,,,,
5934,48568.91425,49684.07056,53277.93444,57091.37043,8700,0,,,,,,,,,
5935,48955.39411,50079.42411,53701.88563,57545.66646,8700,0,,,,,,,,,
5936,48978.41028,50102.96873,53727.13334,57572.72132,8700,0,,,,,,,,,
5937,49679.44446,50820.09886,54496.13659,58396.76696,8700,0,,,,,,,,,
5938,51266.6012,52443.69717,56237.17681,60262.42434,8700,0,,,,,,,,,
5939,53010.0761,54227.20277,58149.69107,62311.82925,8700,0,,,,,,,,,
5940,53528.89894,54757.93794,58718.81661,62921.69066,8700,0,,,,,,,,,
5941,53839.61724,55075.79041,59059.66074,63286.93115,8700,0,,,,,,,,,
5942,54461.05383,55711.49537,59741.34897,64017.41209,8700,0,,,,,,,,,
5943,55138.11284,56404.09986,60484.05254,64813.27561,8700,0,,,,,,,,,
5944,55787.36064,57068.25456,61196.24844,65576.44784,8700,0,,,,,,,,,
5945,56507.57497,57805.00523,61986.29146,66423.0392,8700,0,,,,,,,,,
5946,57750.44816,59076.41514,63349.66796,67884.00111,8700,0,,,,,,,,,
5947,59086.34504,60442.9846,64815.08731,69454.30971,8700,0,,,,,,,,,
5948,59981.09866,61358.28202,65796.59215,70506.06701,8700,0,,,,,,,,,
5949,59015.37852,60370.38867,64737.2402,69370.89059,8700,0,,,,,,,,,
5950,57216.28121,58529.98356,62763.71062,67256.10313,8700,0,,,,,,,,,
5951,55228.25951,56496.31631,60582.93941,64919.24044,8700,0,,,,,,,,,
5952,53337.09752,54561.7327,58508.419,62696.23359,8700,0,,,,,,,,,
5953,50677.77085,51841.34711,55591.25615,59570.27109,8700,0,,,,,,,,,
5954,49023.48361,50149.07696,53776.57677,57625.70372,8700,0,,,,,,,,,
5955,48072.14858,49175.899,52733.00464,56507.43659,8700,0,,,,,,,,,
5956,47716.35694,48811.93828,52342.71707,56089.21369,8700,0,,,,,,,,,
5957,48255.31893,49363.275,52933.93435,56722.74811,8700,0,,,,,,,,,
5958,49936.45836,51083.01388,54778.06939,58698.87945,8700,0,,,,,,,,,
5959,53114.60787,54334.13462,58264.35776,62434.70335,8700,0,,,,,,,,,
5960,58276.94306,59614.99851,63927.20941,68502.88081,8700,0,,,,,,,,,
5961,64812.5764,66300.69189,71096.50792,76185.33099,8700,0,,,,,,,,,
5962,68052.10236,69614.59829,74650.12352,79993.30116,8700,0,,,,,,,,,
5963,69059.05981,70644.67578,75754.71098,81176.95086,8700,0,,,,,,,,,
5964,69414.85144,71008.63649,76144.99853,81595.17376,8700,0,,,,,,,,,
5965,67650.27839,69203.54833,74209.34053,79520.96857,8700,0,,,,,,,,,
5966,70466.88222,72084.8222,77299.02942,82831.80586,8700,0,,,,,,,,,
5967,71727.97655,73374.87162,78682.3937,84314.1862,8700,0,,,,,,,,,
5968,72017.59669,73671.14153,79000.09408,84654.6264,8700,0,,,,,,,,,
5969,72334.06903,73994.88016,79347.25013,85026.6306,8700,0,,,,,,,,,
5970,71055.71258,72687.17228,77944.95008,83523.95913,8700,0,,,,,,,,,
5971,69980.66563,71587.44194,76765.67148,82260.27217,8700,0,,,,,,,,,
5972,69056.18279,70641.73271,75751.55501,81173.56901,8700,0,,,,,,,,,
5973,66190.66959,67710.42649,72608.21473,77805.24014,8700,0,,,,,,,,,
5974,63507.36774,64965.51526,69664.75218,74651.09552,8700,0,,,,,,,,,
5975,60548.83086,61939.04952,66419.36908,71173.41999,8700,0,,,,,,,,,
5976,59298.28561,60659.79139,65047.57666,69703.43978,8700,0,,,,,,,,,
5977,55912.99057,57196.76899,61334.05887,65724.12224,8700,0,,,,,,,,,
5978,54344.05497,55591.81017,59613.00644,63879.88328,8700,0,,,,,,,,,
5979,53396.55596,54622.55631,58573.64226,62766.12528,8700,0,,,,,,,,,
5980,52949.65865,54165.39811,58083.41582,62240.81026,8700,0,,,,,,,,,
5981,53244.07383,54466.57315,58406.37615,62586.88689,8700,0,,,,,,,,,
5982,54494.61908,55745.83129,59778.16856,64056.86709,8700,0,,,,,,,,,
5983,57224.91228,58538.81281,62773.17852,67266.2487,8700,0,,,,,,,,,
5984,62029.53781,63453.75393,68043.63861,72913.94868,8700,0,,,,,,,,,
5985,68474.06548,70046.24981,75112.99826,80489.30675,8700,0,,,,,,,,,
5986,71066.26166,72697.96357,77956.52196,83536.35926,8700,0,,,,,,,,,
5987,71194.76861,72829.42107,78097.48835,83687.41551,8700,0,,,,,,,,,
5988,71502.60988,73144.33046,78435.1765,84049.27413,8700,0,,,,,,,,,
5989,69742.83187,71344.14745,76504.77846,81980.70537,8700,0,,,,,,,,,
5990,71915.94194,73567.15275,78888.58336,84535.13415,8700,0,,,,,,,,,
5991,72653.4184,74321.56188,79697.56215,85402.01665,8700,0,,,,,,,,,
5992,72592.04194,74258.77621,79630.23492,85329.87037,8700,0,,,,,,,,,
5993,73071.54549,74749.28929,80156.22895,85893.51309,8700,0,,,,,,,,,
5994,72159.52974,73816.3334,79155.78831,84821.46465,8700,0,,,,,,,,,
5995,71473.83967,73114.89968,78403.61687,84015.45556,8700,0,,,,,,,,,
5996,70885.96832,72513.53064,77758.74819,83324.4296,8700,0,,,,,,,,,
5997,67928.39045,69488.04592,74514.41707,79847.88134,8700,0,,,,,,,,,
5998,64947.7964,66439.01658,71244.83823,76344.27824,8700,0,,,,,,,,,
5999,61905.8259,63327.20155,67907.93215,72768.52886,8700,0,,,,,,,,,
6000,60563.21597,61953.76491,66435.1489,71190.32927,8700,0,,,,,,,,,
6001,57041.74192,58351.4368,62572.24881,67050.93718,8700,0,,,,,,,,,
6002,55209.07936,56476.69577,60561.89965,64896.69473,8700,0,,,,,,,,,
6003,54181.98277,55426.01675,59435.22046,63689.37204,8700,0,,,,,,,,,
6004,53720.70036,54954.14316,58929.21421,63147.14776,8700,0,,,,,,,,,
6005,53900.03468,55137.59505,59125.93598,63357.95012,8700,0,,,,,,,,,
6006,54982.75369,56245.17361,60313.63048,64630.65537,8700,0,,,,,,,,,
6007,57603.72008,58926.31815,63188.7138,67711.52645,8700,0,,,,,,,,,
6008,61571.13242,62984.82341,67540.78834,72375.10625,8700,0,,,,,,,,,
6009,66410.28222,67935.08149,72849.12,78063.38852,8700,0,,,,,,,,,
6010,67799.8835,69356.58842,74373.45068,79696.8251,8700,0,,,,,,,,,
6011,67695.35172,69249.65656,74258.78397,79573.95099,8700,0,,,,,,,,,
6012,67087.34122,68627.68596,73591.82355,78859.25203,8700,0,,,,,,,,,
6013,64735.85583,66222.20978,71012.34887,76095.14815,8700,0,,,,,,,,,
6014,67125.70151,68666.92701,73633.90308,78904.34345,8700,0,,,,,,,,,
6015,68732.03839,70310.14585,75395.98305,80792.54654,8700,0,,,,,,,,,
6016,69993.13272,71600.19527,76779.34733,82274.92687,8700,0,,,,,,,,,
6017,71372.18492,73010.91091,78292.10613,83895.96331,8700,0,,,,,,,,,
6018,71311.76747,72949.10626,78225.83088,83824.94433,8700,0,,,,,,,,,
6019,70727.73215,72351.66132,77585.17016,83138.42751,8700,0,,,,,,,,,
6020,70172.46704,71783.64717,76976.06908,82485.72924,8700,0,,,,,,,,,
6021,67659.86846,69213.35859,74219.86041,79532.24143,8700,0,,,,,,,,,
6022,64785.7242,66273.22315,71067.05224,76153.767,8700,0,,,,,,,,,
6023,61734.16363,63151.59787,67719.6263,72566.74478,8700,0,,,,,,,,,
6024,60395.38973,61782.08534,66251.05099,70993.05433,8700,0,,,,,,,,,
6025,56790.48206,58094.40794,62296.62793,66755.5884,8700,0,,,,,,,,,
6026,55087.28546,56352.10545,60428.29717,64753.52947,8700,0,,,,,,,,,
6027,53982.50929,55221.96331,59216.40694,63454.89666,8700,0,,,,,,,,,
6028,53500.12872,54728.50713,58687.25696,62887.8721,8700,0,,,,,,,,,
6029,53714.94631,54948.25701,58922.90228,63140.38404,8700,0,,,,,,,,,
6030,54870.54986,56130.39354,60190.54787,64498.76298,8700,0,,,,,,,,,
6031,57231.62532,58545.67998,62780.54243,67274.13969,8700,0,,,,,,,,,
6032,60855.71313,62252.9779,66756.00525,71534.15133,8700,0,,,,,,,,,
6033,65375.51356,66876.55424,71714.02489,76847.04754,8700,0,,,,,,,,,
6034,66856.22052,68391.25867,73338.29444,78587.57624,8700,0,,,,,,,,,
6035,66871.56463,68406.95508,73355.12625,78605.61281,8700,0,,,,,,,,,
6036,66799.6391,68333.37811,73276.22714,78521.0664,8700,0,,,,,,,,,
6037,65375.51356,66876.55424,71714.02489,76847.04754,8700,0,,,,,,,,,
6038,68466.39343,70038.40162,75104.58236,80480.28848,8700,0,,,,,,,,,
6039,70457.29215,72075.01194,77288.50953,82820.533,8700,0,,,,,,,,,
6040,71937.0401,73588.73533,78911.72709,84559.93443,8700,0,,,,,,,,,
6041,73454.18932,75140.71874,80575.97217,86343.29998,8700,0,,,,,,,,,
6042,73084.97159,74763.02366,80170.95678,85909.29509,8700,0,,,,,,,,,
6043,72312.97088,73973.29759,79324.10641,85001.83032,8700,0,,,,,,,,,
6044,71568.78137,73212.02127,78507.76367,84127.05682,8700,0,,,,,,,,,
6045,68756.01357,70334.67151,75422.28275,80820.72867,8700,0,,,,,,,,,
6046,65687.19087,67195.38776,72055.92101,77213.41531,8700,0,,,,,,,,,
6047,62333.54306,63764.73922,68377.11882,73271.29816,8700,0,,,,,,,,,
6048,60719.53412,62113.67218,66606.62295,71374.07679,8700,0,,,,,,,,,
6049,57190.38802,58503.49585,62735.30695,67225.66642,8700,0,,,,,,,,,
6050,55561.99398,56837.71341,60949.03126,65311.53578,8700,0,,,,,,,,,
6051,54367.07114,55615.35481,59638.25415,63906.93812,8700,0,,,,,,,,,
6052,53956.6161,55195.47559,59188.00327,63424.45995,8700,0,,,,,,,,,
6053,54132.1144,55375.00339,59380.51709,63630.75319,8700,0,,,,,,,,,
6054,55319.36518,56589.5138,60682.87827,65026.33256,8700,0,,,,,,,,,
6055,57900.05327,59229.45522,63513.7781,68059.85764,8700,0,,,,,,,,,
6056,62277.92065,63707.83971,68316.10351,73205.91561,8700,0,,,,,,,,,
6057,68013.74208,69575.35725,74608.044,79948.20975,8700,0,,,,,,,,,
6058,70341.25229,71956.30777,77161.21898,82684.13147,8700,0,,,,,,,,,
6059,70703.75697,72327.13566,77558.87046,83110.24537,8700,0,,,,,,,,,
6060,70579.08605,72199.60227,77422.11202,82963.69827,8700,0,,,,,,,,,
6061,68188.28137,69753.90402,74799.50582,80153.37569,8700,0,,,,,,,,,
6062,70024.77995,71632.56913,76814.06293,82312.12729,8700,0,,,,,,,,,
6063,71063.38463,72695.02048,77953.36598,83532.9774,8700,0,,,,,,,,,
6064,71926.49102,73577.94404,78900.15521,84547.5343,8700,0,,,,,,,,,
6065,72217.07017,73875.19497,79218.9076,84889.10178,8700,0,,,,,,,,,
6066,71428.76634,73068.79146,78354.17343,83962.47316,8700,0,,,,,,,,,
6067,70610.73329,72231.97613,77456.82762,83000.89869,8700,0,,,,,,,,,
6068,69952.85442,71558.99218,76735.16383,82227.58088,8700,0,,,,,,,,,
6069,67601.36903,69153.516,74155.68915,79463.47703,8700,0,,,,,,,,,
6070,64784.76519,66272.24212,71066.00026,76152.63972,8700,0,,,,,,,,,
6071,61737.99966,63155.52197,67723.83425,72571.25392,8700,0,,,,,,,,,
6072,60399.22575,61786.00943,66255.25894,70997.56346,8700,0,,,,,,,,,
6073,56869.12064,58174.85208,62382.89095,66848.0258,8700,0,,,,,,,,,
6074,54997.1388,56259.889,60329.4103,64647.56465,8700,0,,,,,,,,,
6075,53914.41979,55152.31045,59141.7158,63374.8594,8700,0,,,,,,,,,
6076,53203.79553,54425.37006,58362.19265,62539.5409,8700,0,,,,,,,,,
6077,52894.99525,54109.47962,58023.45251,62176.555,8700,0,,,,,,,,,
6078,53456.0144,54683.37994,58638.86551,62836.01697,8700,0,,,,,,,,,
6079,54223.22007,55468.20088,59480.45594,63737.84531,8700,0,,,,,,,,,
6080,54992.34376,56254.98387,60324.15035,64641.92822,8700,0,,,,,,,,,
6081,56107.66901,57395.9173,61547.61245,65952.96118,8700,0,,,,,,,,,
6082,55985.87511,57271.32698,61414.00997,65809.79592,8700,0,,,,,,,,,
6083,56528.67313,57826.5878,62009.4352,66447.83948,8700,0,,,,,,,,,
6084,56248.64305,57540.12816,61702.25469,66118.67213,8700,0,,,,,,,,,
6085,55112.21965,56377.61214,60455.64887,64782.8389,8700,0,,,,,,,,,
6086,56714.7205,58016.90687,62213.52088,66666.53284,8700,0,,,,,,,,,
6087,57757.16121,59083.28233,63357.03188,67891.8921,8700,0,,,,,,,,,
6088,58965.51015,60319.3753,64682.53682,69312.27175,8700,0,,,,,,,,,
6089,60764.60746,62159.78041,66656.0664,71427.05921,8700,0,,,,,,,,,
6090,61878.9737,63299.73282,67878.47649,72736.96487,8700,0,,,,,,,,,
6091,62774.68633,64216.01127,68861.03333,73789.84947,8700,0,,,,,,,,,
6092,63086.36363,64534.84478,69202.92944,74156.21723,8700,0,,,,,,,,,
6093,61652.64803,63068.21065,67630.20731,72470.92552,8700,0,,,,,,,,,
6094,59583.11072,60951.15616,65360.01712,70038.24356,8700,0,,,,,,,,,
6095,57110.79043,58422.07069,62647.99194,67132.10173,8700,0,,,,,,,,,
6096,55905.31851,57188.92078,61325.64297,65715.10395,8700,0,,,,,,,,,
6097,52714.70191,53925.0467,57825.67875,61964.62533,8700,0,,,,,,,,,
6098,50841.76106,52009.10259,55771.1461,59763.03689,8700,0,,,,,,,,,
6099,49556.69156,50694.52751,54361.48213,58252.47443,8700,0,,,,,,,,,
6100,48958.27113,50082.36719,53705.04159,57549.04832,8700,0,,,,,,,,,
6101,48897.85368,50020.56253,53638.76634,57478.02933,8700,0,,,,,,,,,
6102,49243.09624,50373.73196,54017.48204,57883.85209,8700,0,,,,,,,,,
6103,49675.60844,50816.17476,54491.92866,58392.25783,8700,0,,,,,,,,,
6104,49510.65922,50647.43827,54310.9867,58198.36473,8700,0,,,,,,,,,
6105,49394.61936,50528.7341,54183.69615,58061.96319,8700,0,,,,,,,,,
6106,49339.95595,50472.8156,54123.73282,57997.70792,8700,0,,,,,,,,,
6107,50269.23383,51423.42997,55143.10925,59090.0475,8700,0,,,,,,,,,
6108,50656.67269,51819.76453,55568.11241,59545.47081,8700,0,,,,,,,,,
6109,50996.1612,52167.0478,55940.51617,59944.52985,8700,0,,,,,,,,,
6110,52522.9005,53728.84147,57615.28115,61739.16826,8700,0,,,,,,,,,
6111,54189.65482,55433.86496,59443.63636,63698.39031,8700,0,,,,,,,,,
6112,55888.05639,57171.26231,61306.70719,65694.81281,8700,0,,,,,,,,,
6113,57803.19355,59130.37158,63407.52731,67946.0018,8700,0,,,,,,,,,
6114,59522.69327,60889.35151,65293.74186,69967.22458,8700,0,,,,,,,,,
6115,61278.63526,62685.61044,67219.93198,72031.2842,8700,0,,,,,,,,,
6116,61867.46561,63287.9605,67865.85263,72723.43744,8700,0,,,,,,,,,
6117,60767.48448,62162.72348,66659.22235,71430.44106,8700,0,,,,,,,,,
6118,58907.01072,60259.53271,64618.36555,69243.50733,8700,0,,,,,,,,,
6119,56463.46064,57759.87801,61937.90001,66371.18407,8700,0,,,,,,,,,
6120,54489.82404,55740.92615,59772.90861,64051.23065,8700,0,,,,,,,,,
6121,51675.13823,52861.61434,56685.32373,60742.64794,8700,0,,,,,,,,,
6122,50027.56404,51176.21137,54878.00825,58805.97157,8700,0,,,,,,,,,
6123,49046.49978,50172.62159,53801.82448,57652.75857,8700,0,,,,,,,,,
6124,48675.36404,49792.96447,53394.70511,57216.49912,8700,0,,,,,,,,,
6125,49092.53212,50219.71085,53852.31991,57706.86827,8700,0,,,,,,,,,
6126,50660.50872,51823.68864,55572.32036,59549.97995,8700,0,,,,,,,,,
6127,53863.59241,55100.31606,59085.96043,63315.11328,8700,0,,,,,,,,,
6128,59148.6805,60506.75129,64883.46653,69527.58326,8700,0,,,,,,,,,
6129,65284.40789,66783.35676,71614.08604,76739.95543,8700,0,,,,,,,,,
6130,68066.48747,69629.31369,74665.90334,80010.21045,8700,0,,,,,,,,,
6131,68906.57768,70488.69262,75587.44487,80997.71248,8700,0,,,,,,,,,
6132,68897.94662,70479.86339,75577.97698,80987.56691,8700,0,,,,,,,,,
6133,67539.99257,69090.73032,74088.36191,79391.33074,8700,0,,,,,,,,,
6134,70650.05258,72272.19821,77499.95914,83047.11739,8700,0,,,,,,,,,
6135,72641.91031,74309.78957,79684.9383,85388.48922,8700,0,,,,,,,,,
6136,73614.3435,75304.5501,80751.65417,86531.55663,8700,0,,,,,,,,,
6137,74629.93201,76343.45682,81865.7095,87725.35192,8700,0,,,,,,,,,
6138,73677.63797,75369.29784,80821.08538,86605.95747,8700,0,,,,,,,,,
6139,72679.31159,74348.04959,79725.96584,85432.45336,8700,0,,,,,,,,,
6140,71647.41995,73292.46542,78594.0267,84219.49422,8700,0,,,,,,,,,
6141,68918.08577,70500.46494,75600.06873,81011.23991,8700,0,,,,,,,,,
6142,65549.09385,67054.11999,71904.43473,77051.0862,8700,0,,,,,,,,,
6143,61963.36632,63386.06312,67971.05144,72836.16598,8700,0,,,,,,,,,
6144,60265.92377,61649.6468,66109.0326,70840.87079,8700,0,,,,,,,,,
6145,56821.17029,58125.80078,62330.29155,66791.66153,8700,0,,,,,,,,,
6146,55060.43327,56324.63673,60398.84151,64721.96549,8700,0,,,,,,,,,
6147,54090.87709,55332.81926,59335.28159,63582.27992,8700,0,,,,,,,,,
6148,53634.38972,54865.85081,58834.53528,63045.69206,8700,0,,,,,,,,,
6149,53877.01851,55114.05042,59100.68826,63330.89527,8700,0,,,,,,,,,
6150,55028.78603,56292.26286,60364.12589,64684.76507,8700,0,,,,,,,,,
6151,57644.95738,58968.50226,63233.94928,67759.99971,8700,0,,,,,,,,,
6152,61948.02221,63370.3667,67954.21963,72818.12943,8700,0,,,,,,,,,
6153,67111.3164,68652.21162,73618.12326,78887.43416,8700,0,,,,,,,,,
6154,69668.98832,71268.60844,76423.77537,81893.9044,8700,0,,,,,,,,,
6155,70392.07967,72008.30216,77216.97435,82743.87761,8700,0,,,,,,,,,
6156,70233.8435,71846.43284,77043.39633,82557.87551,8700,0,,,,,,,,,
6157,68060.73342,69623.42754,74659.59141,80003.44673,8700,0,,,,,,,,,
6158,70630.87244,72252.57769,77478.91937,83024.57168,8700,0,,,,,,,,,
6159,71571.65839,73214.96435,78510.91963,84130.43868,8700,0,,,,,,,,,
6160,72138.43159,73794.75083,79132.64458,84796.66437,8700,0,,,,,,,,,
6161,72962.21868,74637.45231,80036.30231,85765.00255,8700,0,,,,,,,,,
6162,72887.41613,74560.93227,79954.24724,85677.07429,8700,0,,,,,,,,,
6163,72252.55343,73911.49294,79257.83115,84930.81133,8700,0,,,,,,,,,
6164,71222.57981,72857.87083,78127.996,83720.10679,8700,0,,,,,,,,,
6165,68394.46789,69964.82464,75025.68325,80395.74206,8700,0,,,,,,,,,
6166,65313.1781,66812.78754,71645.64567,76773.77398,8700,0,,,,,,,,,
6167,61823.35129,63242.8333,67817.46118,72671.58232,8700,0,,,,,,,,,
6168,60371.41455,61757.55968,66224.75129,70964.87218,8700,0,,,,,,,,,
6169,57000.50462,58309.25268,62527.01332,67002.46391,8700,0,,,,,,,,,
6170,55116.05568,56381.53625,60459.85681,64787.34804,8700,0,,,,,,,,,
6171,54254.86731,55500.57474,59515.17156,63775.04574,8700,0,,,,,,,,,
6172,53756.18362,54990.44113,58968.13776,63188.85731,8700,0,,,,,,,,,
6173,53978.67326,55218.03919,59212.19899,63450.38753,8700,0,,,,,,,,,
6174,55109.34263,56374.66906,60452.4929,64779.45705,8700,0,,,,,,,,,
6175,57321.77199,58637.89643,62879.4293,67380.10452,8700,0,,,,,,,,,
6176,60714.73909,62108.76704,66601.36301,71368.44037,8700,0,,,,,,,,,
6177,64767.50307,66254.58366,71047.06448,76132.34858,8700,0,,,,,,,,,
6178,65936.53271,67450.45456,72329.43789,77506.50951,8700,0,,,,,,,,,
6179,66465.90463,67991.98101,72910.1353,78128.77107,8700,0,,,,,,,,,
6180,65941.32775,67455.35969,72334.69784,77512.14595,8700,0,,,,,,,,,
6181,64115.37824,65587.48586,70331.71261,75365.79448,8700,0,,,,,,,,,
6182,67213.93016,68757.18143,73730.68597,79008.0537,8700,0,,,,,,,,,
6183,69103.17414,70689.80299,75803.10242,81228.806,8700,0,,,,,,,,,
6184,70283.71187,71897.44621,77098.0997,82616.49435,8700,0,,,,,,,,,
6185,71871.82761,73522.02554,78840.1919,84483.27902,8700,0,,,,,,,,,
6186,71522.74903,73164.93202,78457.26825,84072.94712,8700,0,,,,,,,,,
6187,70513.87357,72132.89249,77350.57684,82887.04286,8700,0,,,,,,,,,
6188,69616.24293,71214.65199,76365.91602,81831.9037,8700,0,,,,,,,,,
6189,67240.78236,68784.65016,73760.14165,79039.6177,8700,0,,,,,,,,,
6190,64493.22704,65974.01017,70746.1959,75809.94494,8700,0,,,,,,,,,
6191,61162.5954,62566.90626,67092.64143,71894.88265,8700,0,,,,,,,,,
6192,59722.16675,61093.40496,65512.55539,70201.69995,8700,0,,,,,,,,,
6193,56293.71639,57586.23638,61751.69813,66171.65455,8700,0,,,,,,,,,
6194,54845.61568,56104.88687,60163.19619,64469.45356,8700,0,,,,,,,,,
6195,53854.96135,55091.48682,59076.49254,63304.96771,8700,0,,,,,,,,,
6196,53238.31979,54460.687,58400.06423,62580.12318,8700,0,,,,,,,,,
6197,53461.76844,54689.2661,58645.17743,62842.78068,8700,0,,,,,,,,,
6198,54591.4788,55844.91493,59884.41936,64170.72292,8700,0,,,,,,,,,
6199,56925.70206,58232.73264,62444.95824,66914.53565,8700,0,,,,,,,,,
6200,59978.22164,61355.33894,65793.4362,70502.68516,8700,0,,,,,,,,,
6201,63923.57682,65391.28062,70121.315,75140.3374,8700,0,,,,,,,,,
6202,65856.93512,67369.02939,72242.12289,77412.94482,8700,0,,,,,,,,,
6203,66829.36832,68363.78993,73308.83877,78556.01225,8700,0,,,,,,,,,
6204,66932.94108,68469.74075,73422.45347,78677.75907,8700,0,,,,,,,,,
6205,65730.34619,67239.53393,72103.26048,77264.14314,8700,0,,,,,,,,,
6206,69042.75669,70627.99835,75736.82717,81157.78701,8700,0,,,,,,,,,
6207,70782.39556,72407.57982,77645.13349,83202.68278,8700,0,,,,,,,,,
6208,71875.66364,73525.94965,78844.39985,84487.78816,8700,0,,,,,,,,,
6209,72342.7001,74003.7094,79356.71803,85036.77617,8700,0,,,,,,,,,
6210,71300.25939,72937.33395,78213.20703,83811.41691,8700,0,,,,,,,,,
6211,70625.11839,72246.69152,77472.60744,83017.80796,8700,0,,,,,,,,,
6212,69936.5513,71542.31473,76717.28003,82208.41703,8700,0,,,,,,,,,
6213,67246.5364,68790.53631,73766.45357,79046.38141,8700,0,,,,,,,,,
6214,64383.90023,65862.17318,70626.26927,75681.4344,8700,0,,,,,,,,,
6215,61143.41526,62547.28574,67071.60166,71872.33694,8700,0,,,,,,,,,
6216,59630.10207,60999.22645,65411.56454,70093.48055,8700,0,,,,,,,,,
6217,56244.80703,57536.20406,61698.04674,66114.163,8700,0,,,,,,,,,
6218,54479.27497,55730.13486,59761.33676,64038.83053,8700,0,,,,,,,,,
6219,53579.72631,54809.93231,58774.57197,62981.43679,8700,0,,,,,,,,,
6220,53068.57553,54287.04536,58213.86234,62380.59365,8700,0,,,,,,,,,
6221,53121.32092,54341.0018,58271.72169,62442.59436,8700,0,,,,,,,,,
6222,54290.35057,55536.87272,59554.09511,63816.7553,8700,0,,,,,,,,,
6223,56784.72802,58088.52178,62290.316,66748.82469,8700,0,,,,,,,,,
6224,61122.3171,62525.70317,67048.45792,71847.53667,8700,0,,,,,,,,,
6225,66583.8625,68112.64723,73039.52983,78267.42718,8700,0,,,,,,,,,
6226,68862.46335,70443.5654,75539.05342,80945.85734,8700,0,,,,,,,,,
6227,68892.19257,70473.97722,75571.66505,80980.80319,8700,0,,,,,,,,,
6228,68182.52733,69748.01785,74793.1939,80146.61198,8700,0,,,,,,,,,
6229,65419.62789,66921.68146,71762.41635,76898.90267,8700,0,,,,,,,,,
6230,65892.41839,67405.32736,72281.04645,77454.65439,8700,0,,,,,,,,,
6231,65990.23711,67505.39202,72388.34923,77569.63749,8700,0,,,,,,,,,
6232,66283.69328,67805.58604,72710.25757,77914.58684,8700,0,,,,,,,,,
6233,66353.7008,67877.20095,72787.0527,77996.87867,8700,0,,,,,,,,,
6234,66150.39129,67669.2234,72564.03124,77757.89416,8700,0,,,,,,,,,
6235,65976.81101,67491.65766,72373.62141,77553.85549,8700,0,,,,,,,,,
6236,65492.51243,66996.23944,71842.36744,76984.57637,8700,0,,,,,,,,,
6237,63856.44633,65322.60879,70047.67584,75061.42743,8700,0,,,,,,,,,
6238,61783.07299,63201.63021,67773.27768,72624.23633,8700,0,,,,,,,,,
6239,58951.12504,60304.65991,64666.75699,69295.36245,8700,0,,,,,,,,,
6240,57515.49142,58836.06373,63091.93089,67607.81617,8700,0,,,,,,,,,
6241,54276.92447,55523.13834,59539.36727,63800.9733,8700,0,,,,,,,,,
6242,52460.56503,53665.07477,57546.90192,61665.89469,8700,0,,,,,,,,,
6243,51279.0683,52456.45053,56250.85265,60277.07905,8700,0,,,,,,,,,
6244,50664.34475,51827.61275,55576.52832,59554.4891,8700,0,,,,,,,,,
6245,50428.429,51586.2803,55317.73925,59277.17688,8700,0,,,,,,,,,
6246,50873.4083,52041.47646,55805.86171,59800.23732,8700,0,,,,,,,,,
6247,51594.58163,52779.20814,56596.95672,60647.95596,8700,0,,,,,,,,,
6248,51868.85766,53059.78162,56897.8253,60970.35959,8700,0,,,,,,,,,
6249,52104.7734,53301.11406,57156.61436,61247.6718,8700,0,,,,,,,,,
6250,51497.72191,52680.12449,56490.70592,60534.10012,8700,0,,,,,,,,,
6251,52050.11,53245.19557,57096.65103,61183.41654,8700,0,,,,,,,,,
6252,51862.14461,53052.91444,56890.46138,60962.46859,8700,0,,,,,,,,,
6253,51506.35298,52688.95373,56500.17382,60544.2457,8700,0,,,,,,,,,
6254,52686.89071,53896.59694,57795.17111,61931.93406,8700,0,,,,,,,,,
6255,53288.18816,54511.70036,58454.7676,62638.74202,8700,0,,,,,,,,,
6256,54252.94929,55498.61268,59513.06757,63772.79116,8700,0,,,,,,,,,
6257,55970.531,57255.63057,61397.17816,65791.75937,8700,0,,,,,,,,,
6258,57843.47185,59171.57468,63451.7108,67993.3478,8700,0,,,,,,,,,
6259,59352.94902,60715.70988,65107.54,69767.69507,8700,0,,,,,,,,,
6260,59693.39653,61063.97417,65480.99574,70167.88138,8700,0,,,,,,,,,
6261,58357.49965,59697.40471,64015.5764,68597.57279,8700,0,,,,,,,,,
6262,56663.89313,57964.91249,62157.76552,66606.78673,8700,0,,,,,,,,,
6263,54487.90603,55738.9641,59770.80465,64048.97609,8700,0,,,,,,,,,
6264,53504.92376,54733.41228,58692.5169,62893.50853,8700,0,,,,,,,,,
6265,50691.19695,51855.08148,55605.98398,59586.05308,8700,0,,,,,,,,,
6266,48775.10077,49894.99118,53504.11186,57333.7368,8700,0,,,,,,,,,
6267,47485.23623,48575.51098,52089.18795,55817.5379,8700,0,,,,,,,,,
6268,46973.12645,48051.64301,51527.42634,55215.56749,8700,0,,,,,,,,,
6269,46867.63567,47943.73013,51411.70766,55091.56609,8700,0,,,,,,,,,
6270,47450.71198,48540.19404,52051.31639,55776.95563,8700,0,,,,,,,,,
6271,47815.13467,48912.98398,52451.07183,56205.32409,8700,0,,,,,,,,,
6272,47283.84474,48369.49548,51868.27046,55580.80795,8700,0,,,,,,,,,
6273,46349.77184,47413.976,50843.63412,54482.83196,8700,0,,,,,,,,,
6274,45776.28559,46827.32234,50214.54526,53808.71527,8700,0,,,,,,,,,
6275,47075.7402,48156.6128,51639.98905,55336.18701,8700,0,,,,,,,,,
6276,47184.10801,48267.46877,51758.86371,55463.57028,8700,0,,,,,,,,,
6277,47428.65482,48517.63044,52027.12066,55751.02806,8700,0,,,,,,,,,
6278,48087.49269,49191.59542,52749.83644,56525.47315,8700,0,,,,,,,,,
6279,48824.96914,49946.00454,53558.81525,57392.35564,8700,0,,,,,,,,,
6280,50018.93297,51167.38213,54868.54035,58795.826,8700,0,,,,,,,,,
6281,52370.41837,53572.85831,57448.01504,61559.92987,8700,0,,,,,,,,,
6282,54599.15085,55852.76313,59892.83525,64179.7412,8700,0,,,,,,,,,
6283,56223.70887,57514.62147,61674.903,66089.36271,8700,0,,,,,,,,,
6284,56537.30419,57835.41703,62018.90309,66457.98505,8700,0,,,,,,,,,
6285,55593.64121,56870.08729,60983.74686,65348.73619,8700,0,,,,,,,,,
6286,54041.00872,55281.8059,59280.57821,63523.66107,8700,0,,,,,,,,,
6287,52220.81326,53419.81822,57283.90492,61384.07333,8700,0,,,,,,,,,
6288,50413.08489,51570.5839,55300.90745,59259.14031,8700,0,,,,,,,,,
6289,47597.44006,48690.29103,52212.27055,55949.43029,8700,0,,,,,,,,,
6290,45754.22843,46804.75873,50190.34954,53782.7877,8700,0,,,,,,,,,
6291,44601.5019,45625.56527,48925.85991,52427.79063,8700,0,,,,,,,,,
6292,43791.14091,44796.59816,48036.93001,51475.23443,8700,0,,,,,,,,,
6293,43694.28119,44697.51451,47930.67922,51361.37861,8700,0,,,,,,,,,
6294,44165.15368,45179.19837,48447.20535,51914.87576,8700,0,,,,,,,,,
6295,44596.70687,45620.66015,48920.59996,52422.15419,8700,0,,,,,,,,,
6296,43944.58204,44953.56234,48205.2481,51655.60011,8700,0,,,,,,,,,
6297,42698.83183,43679.20935,46838.71563,50191.25633,8700,0,,,,,,,,,
6298,42222.2053,43191.63934,46315.87757,49630.99547,8700,0,,,,,,,,,
6299,43232.03977,44224.6599,47423.62098,50818.02703,8700,0,,,,,,,,,
6300,43468.91453,44466.97336,47683.46203,51096.46654,8700,0,,,,,,,,,
6301,44155.56361,45169.38812,48436.68547,51903.6029,8700,0,,,,,,,,,
6302,45219.10247,46257.34613,49603.34021,53153.76244,8700,0,,,,,,,,,
6303,45917.25964,46971.5332,50369.18751,53974.42623,8700,0,,,,,,,,,
6304,47429.61382,48518.61146,52028.17265,55752.15535,8700,0,,,,,,,,,
6305,49630.5351,50770.06653,54442.48521,58339.2754,8700,0,,,,,,,,,
6306,51707.74447,52894.96922,56721.09131,60780.97564,8700,0,,,,,,,,,
6307,53287.22915,54510.71933,58453.71561,62637.61473,8700,0,,,,,,,,,
6308,53492.45667,54720.65894,58678.84106,62878.85382,8700,0,,,,,,,,,
6309,52764.57028,53976.06006,57880.38213,62023.24418,8700,0,,,,,,,,,
6310,51664.58915,52850.82305,56673.75185,60730.24779,8700,0,,,,,,,,,
6311,49970.98262,51118.33082,54815.94096,58739.46172,8700,0,,,,,,,,,
6312,48299.43326,49408.4022,52982.32581,56774.60323,8700,0,,,,,,,,,
6313,45677.50786,46726.27664,50106.19049,53692.60487,8700,0,,,,,,,,,
6314,44149.80956,45163.50194,48430.37354,51896.83918,8700,0,,,,,,,,,
6315,43088.18871,44077.50598,47265.82278,50648.93421,8700,0,,,,,,,,,
6316,42621.15226,43599.74623,46753.50461,50099.94622,8700,0,,,,,,,,,
6317,42559.7758,43536.96055,46686.17736,50027.79996,8700,0,,,,,,,,,
6318,43372.05481,44367.88972,47577.21124,50982.61072,8700,0,,,,,,,,,
6319,44316.6768,45334.2005,48613.41947,52092.98686,8700,0,,,,,,,,,
6320,45796.42474,46847.92389,50236.63701,53832.38826,8700,0,,,,,,,,,
6321,46463.89368,47530.7181,50968.82069,54616.97892,8700,0,,,,,,,,,
6322,46050.56162,47107.89583,50515.41383,54131.1189,8700,0,,,,,,,,,
6323,45235.40559,46274.02358,49621.224,53172.92629,8700,0,,,,,,,,,
6324,44531.49439,45553.95038,48849.06478,52345.4988,8700,0,,,,,,,,,
6325,44093.22814,45105.6214,48368.30624,51830.32935,8700,0,,,,,,,,,
6326,43277.11311,44270.76814,47473.06443,50871.00945,8700,0,,,,,,,,,
6327,43359.58772,44355.13639,47563.53539,50967.956,8700,0,,,,,,,,,
6328,44270.64446,45287.11125,48562.92404,52038.87716,8700,0,,,,,,,,,
6329,46157.97042,47217.77075,50633.2365,54257.37487,8700,0,,,,,,,,,
6330,48792.3629,49912.64966,53523.04765,57354.02794,8700,0,,,,,,,,,
6331,50761.20447,51926.69639,55682.77911,59668.34493,8700,0,,,,,,,,,
6332,51452.64858,52634.01626,56441.26248,60481.11771,8700,0,,,,,,,,,
6333,51071.92276,52244.54887,56023.62323,60033.5854,8700,0,,,,,,,,,
6334,50342.11837,51497.98796,55223.06034,59175.72119,8700,0,,,,,,,,,
6335,48951.55808,50075.5,53697.67767,57541.15732,8700,0,,,,,,,,,
6336,47509.21141,48600.03663,52115.48766,55845.72004,8700,0,,,,,,,,,
6337,45091.55453,46126.86965,49463.4258,53003.83347,8700,0,,,,,,,,,
6338,43382.60389,44378.68101,47588.78311,50995.01085,8700,0,,,,,,,,,
6339,42378.52346,43351.54661,46487.35162,49814.743,8700,0,,,,,,,,,
6340,41878.88077,42840.43197,45939.26586,49227.4273,8700,0,,,,,,,,,
6341,41887.51183,42849.26121,45948.73375,49237.57287,8700,0,,,,,,,,,
6342,42563.61183,43540.88466,46690.38532,50032.30909,8700,0,,,,,,,,,
6343,43232.03977,44224.6599,47423.62098,50818.02703,8700,0,,,,,,,,,
6344,43696.19921,44699.47657,47932.78319,51363.63319,8700,0,,,,,,,,,
6345,43876.49254,44883.90948,48130.55695,51575.56284,8700,0,,,,,,,,,
6346,44558.34658,45581.4191,48878.52044,52377.06278,8700,0,,,,,,,,,
6347,45766.69552,46817.51207,50204.02537,53797.44242,8700,0,,,,,,,,,
6348,45248.83169,46287.75794,49635.95183,53188.70829,8700,0,,,,,,,,,
6349,44753.98403,45781.54843,49093.12601,52607.029,8700,0,,,,,,,,,
6350,44753.98403,45781.54843,49093.12601,52607.029,8700,0,,,,,,,,,
6351,45404.19084,46446.68418,49806.3739,53371.32853,8700,0,,,,,,,,,
6352,47250.2795,48335.15958,51831.45089,55541.35299,8700,0,,,,,,,,,
6353,49859.7378,51004.5318,54693.91034,58608.69662,8700,0,,,,,,,,,
6354,52216.01823,53414.91309,57278.64497,61378.43692,8700,0,,,,,,,,,
6355,54330.62887,55578.0758,59598.2786,63864.10128,8700,0,,,,,,,,,
6356,54833.14858,56092.13352,60149.52033,64454.79884,8700,0,,,,,,,,,
6357,53941.27199,55179.77918,59171.17146,63406.4234,8700,0,,,,,,,,,
6358,52588.11298,53795.55125,57686.81633,61815.82366,8700,0,,,,,,,,,
6359,50632.69751,51795.23888,55541.8127,59517.28867,8700,0,,,,,,,,,
6360,48800.99397,49921.47889,53532.51556,57364.17351,8700,0,,,,,,,,,
6361,46159.88843,47219.7328,50635.34048,54259.62944,8700,0,,,,,,,,,
6362,44461.48687,45482.33546,48772.26966,52263.20695,8700,0,,,,,,,,,
6363,43691.40417,44694.57143,47927.52326,51357.99675,8700,0,,,,,,,,,
6364,43406.57907,44403.20667,47615.08281,51023.19299,8700,0,,,,,,,,,
6365,43715.37935,44719.0971,47953.82295,51386.17889,8700,0,,,,,,,,,
6366,45175.94715,46213.19995,49556.00074,53103.03459,8700,0,,,,,,,,,
6367,47844.86389,48943.39579,52483.68346,56240.26994,8700,0,,,,,,,,,
6368,51249.33908,52426.03871,56218.24103,60242.13321,8700,0,,,,,,,,,
6369,55257.02972,56525.74709,60614.49906,64953.059,8700,0,,,,,,,,,
6370,56989.95554,58298.46139,62515.44146,66990.06377,8700,0,,,,,,,,,
6371,58154.19015,59489.42716,63792.55494,68358.58827,8700,0,,,,,,,,,
6372,57816.61965,59144.10594,63422.25514,67961.7838,8700,0,,,,,,,,,
6373,55699.13199,56978.00016,61099.46554,65472.73758,8700,0,,,,,,,,,
6374,57784.01341,59110.75106,63386.48754,67923.4561,8700,0,,,,,,,,,
6375,59592.70079,60960.96642,65370.537,70049.51642,8700,0,,,,,,,,,
6376,61742.79469,63160.4271,67729.09419,72576.89033,8700,0,,,,,,,,,
6377,64131.68136,65604.1633,70349.5964,75384.95834,8700,0,,,,,,,,,
6378,64177.7137,65651.25255,70400.09183,75439.06803,8700,0,,,,,,,,,
6379,64396.36732,65874.92652,70639.9451,75696.08911,8700,0,,,,,,,,,
6380,63406.672,64862.50751,69554.29345,74532.73055,8700,0,,,,,,,,,
6381,61091.62888,62494.31034,67014.79432,71811.46353,8700,0,,,,,,,,,
6382,58574.23526,59919.11662,64253.3257,68852.3393,8700,0,,,,,,,,,
6383,55906.27752,57189.90181,61326.69496,65716.23123,8700,0,,,,,,,,,
6384,54485.02901,55736.02103,59767.64868,64045.59424,8700,0,,,,,,,,,
6385,51571.56546,52755.66351,56571.70901,60620.9011,8700,0,,,,,,,,,
6386,49936.45836,51083.01388,54778.06939,58698.87945,8700,0,,,,,,,,,
6387,49034.9917,50160.84928,53789.20064,57639.23115,8700,0,,,,,,,,,
6388,48665.77397,49783.1542,53384.18524,57205.22627,8700,0,,,,,,,,,
6389,48911.27978,50034.29691,53653.49417,57493.81133,8700,0,,,,,,,,,
6390,50038.11312,51187.00266,54889.58013,58818.37171,8700,0,,,,,,,,,
6391,52114.36347,53310.92431,57167.13423,61258.94466,8700,0,,,,,,,,,
6392,54949.18844,56210.83769,60276.81089,64591.20038,8700,0,,,,,,,,,
6393,58384.35185,59724.87345,64045.03207,68629.13678,8700,0,,,,,,,,,
6394,59185.12277,60544.03029,64923.44207,69570.4201,8700,0,,,,,,,,,
6395,59864.0998,61238.59684,65668.24962,70368.53819,8700,0,,,,,,,,,
6396,60181.53114,61563.31648,66016.45765,70741.66966,8700,0,,,,,,,,,
6397,59253.21228,60613.68315,64998.13323,69650.45738,8700,0,,,,,,,,,
6398,62094.7503,63520.46371,68115.17381,72990.6041,8700,0,,,,,,,,,
6399,63557.23611,65016.52862,69719.45556,74709.71436,8700,0,,,,,,,,,
6400,64508.57115,65989.70659,70763.02771,75827.98151,8700,0,,,,,,,,,
6401,66055.44959,67572.1018,72459.88442,77646.2929,8700,0,,,,,,,,,
6402,66034.35144,67550.51923,72436.74069,77621.49264,8700,0,,,,,,,,,
6403,65739.93626,67249.3442,72113.78035,77275.416,8700,0,,,,,,,,,
6404,64866.2808,66355.62935,71155.41925,76248.45898,8700,0,,,,,,,,,
6405,62590.55696,64027.65424,68659.05161,73573.41066,8700,0,,,,,,,,,
6406,60222.76845,61605.50062,66061.69314,70790.14294,8700,0,,,,,,,,,
6407,57425.34476,58743.84727,62993.04402,67501.85135,8700,0,,,,,,,,,
6408,56291.79837,57584.27432,61749.59415,66169.39997,8700,0,,,,,,,,,
6409,53280.5161,54503.85215,58446.3517,62629.72373,8700,0,,,,,,,,,
6410,51536.0822,52719.36554,56532.78546,60579.19156,8700,0,,,,,,,,,
6411,50516.65766,51676.53473,55414.52216,59380.88714,8700,0,,,,,,,,,
6412,49802.19737,50945.67021,54630.79106,58541.05949,8700,0,,,,,,,,,
6413,49792.6073,50935.85996,54620.27119,58529.78665,8700,0,,,,,,,,,
6414,50396.78177,51553.90645,55283.02364,59239.97646,8700,0,,,,,,,,,
6415,51304.00248,52481.9572,56278.20435,60306.38847,8700,0,,,,,,,,,
6416,52183.41198,53381.5582,57242.87737,61340.1092,8700,0,,,,,,,,,
6417,53732.20844,54965.91548,58941.83807,63160.67517,8700,0,,,,,,,,,
6418,54161.84362,55405.4152,59413.12871,63665.69905,8700,0,,,,,,,,,
6419,55367.31554,56638.56511,60735.47768,65082.69684,8700,0,,,,,,,,,
6420,55620.49341,56897.55602,61013.20253,65380.30018,8700,0,,,,,,,,,
6421,55339.50433,56610.11535,60704.97003,65050.00555,8700,0,,,,,,,,,
6422,57502.06533,58822.32937,63077.20307,67592.03419,8700,0,,,,,,,,,
6423,58286.53313,59624.80877,63937.72928,68514.15367,8700,0,,,,,,,,,
6424,58205.97653,59542.40258,63849.36228,68419.46168,8700,0,,,,,,,,,
6425,58020.88816,59353.06452,63646.3286,68201.89559,8700,0,,,,,,,,,
6426,57760.03823,59086.22541,63360.18785,67895.27397,8700,0,,,,,,,,,
6427,59167.86065,60526.37183,64904.50629,69550.12898,8700,0,,,,,,,,,
6428,59315.54774,60677.44987,65066.51245,69723.73092,8700,0,,,,,,,,,
6429,58236.66476,59573.79541,63883.02591,68455.53482,8700,0,,,,,,,,,
6430,56547.85327,57846.20833,62030.47496,66470.38519,8700,0,,,,,,,,,
6431,54509.96319,55761.5277,59795.00036,64074.90365,8700,0,,,,,,,,,
6432,53620.96362,54852.11644,58819.80746,63029.91006,8700,0,,,,,,,,,
6433,50714.21312,51878.62611,55631.2317,59613.10794,8700,0,,,,,,,,,
6434,48997.59042,50122.58925,53748.1731,57595.26702,8700,0,,,,,,,,,
6435,47931.17453,49031.68816,52578.36239,56341.72562,8700,0,,,,,,,,,
6436,47326.04106,48412.66064,51914.55794,55630.40853,8700,0,,,,,,,,,
6437,47322.20503,48408.73654,51910.34999,55625.89938,8700,0,,,,,,,,,
6438,47869.79808,48968.90247,52511.03516,56269.57936,8700,0,,,,,,,,,
6439,48302.31028,49411.34529,52985.48177,56777.98509,8700,0,,,,,,,,,
6440,48289.84319,49398.59194,52971.80593,56763.33038,8700,0,,,,,,,,,
6441,48123.93496,49228.87441,52789.81199,56568.30999,8700,0,,,,,,,,,
6442,48183.3934,49289.69804,52855.03525,56638.20169,8700,0,,,,,,,,,
6443,49111.71226,50239.33137,53873.35967,57729.41398,8700,0,,,,,,,,,
6444,48953.47609,50077.46204,53699.78164,57543.41189,8700,0,,,,,,,,,
6445,49221.03907,50351.16835,53993.2863,57857.92452,8700,0,,,,,,,,,
6446,50606.80432,51768.75117,55513.40903,59486.85196,8700,0,,,,,,,,,
6447,51820.9073,53010.73032,56845.2259,60913.99532,8700,0,,,,,,,,,
6448,53115.56688,54335.11565,58265.40976,62435.83065,8700,0,,,,,,,,,
6449,54485.02901,55736.02103,59767.64868,64045.59424,8700,0,,,,,,,,,
6450,55918.74461,57202.65515,61340.3708,65730.88595,8700,0,,,,,,,,,
6451,57854.97994,59183.347,63464.33467,68006.87523,8700,0,,,,,,,,,
6452,58247.21384,59584.5867,63894.59778,68467.93497,8700,0,,,,,,,,,
6453,57306.42788,58622.20003,62862.5975,67362.06795,8700,0,,,,,,,,,
6454,55736.53327,57016.26018,61140.49308,65516.70172,8700,0,,,,,,,,,
6455,53705.35624,54938.44673,58912.38239,63129.11118,8700,0,,,,,,,,,
6456,51904.34092,53096.07959,56936.74885,61012.06915,8700,0,,,,,,,,,
6457,49337.07893,50469.87252,54120.57686,57994.32606,8700,0,,,,,,,,,
6458,47614.70219,48707.94951,52231.20634,55969.72143,8700,0,,,,,,,,,
6459,47003.81467,48083.03584,51561.08995,55251.64061,8700,0,,,,,,,,,
6460,46674.87524,47746.54387,51200.25805,54864.98172,8700,0,,,,,,,,,
6461,47103.55141,48185.06256,51670.49671,55368.87831,8700,0,,,,,,,,,
6462,48799.07595,49919.51683,53530.41157,57361.91893,8700,0,,,,,,,,,
6463,51768.16191,52956.77387,56787.36655,60851.99461,8700,0,,,,,,,,,
6464,56420.30532,57715.73183,61890.56055,66320.45622,8700,0,,,,,,,,,
6465,61861.71157,63282.07435,67859.54071,72716.67373,8700,0,,,,,,,,,
6466,63112.25682,64561.33248,69231.33312,74186.65393,8700,0,,,,,,,,,
6467,62515.75441,63951.1342,68576.99655,73485.48239,8700,0,,,,,,,,,
6468,62061.18505,63486.12779,68078.35422,72951.14911,8700,0,,,,,,,,,
6469,61257.5371,62664.02786,67196.78824,72006.48391,8700,0,,,,,,,,,
6470,64974.6486,66466.48531,71274.29389,76375.84223,8700,0,,,,,,,,,
6471,67201.46307,68744.42808,73717.01013,78993.39899,8700,0,,,,,,,,,
6472,68415.56605,69986.40723,75048.82699,80420.54233,8700,0,,,,,,,,,
6473,69428.27754,71022.37086,76159.72637,81610.95575,8700,0,,,,,,,,,
6474,69015.90449,70600.52961,75707.37152,81126.22302,8700,0,,,,,,,,,
6475,68622.71158,70198.30887,75276.05641,80664.036,8700,0,,,,,,,,,
6476,67352.02718,68898.44918,73882.17225,79170.3828,8700,0,,,,,,,,,
6477,64607.34888,66090.75228,70871.38248,75944.09191,8700,0,,,,,,,,,
6478,62234.76533,63663.69353,68268.76405,73155.18777,8700,0,,,,,,,,,
6479,59445.9727,60810.86942,65209.58282,69877.04174,8700,0,,,,,,,,,
6480,58285.57412,59623.82775,63936.67729,68513.02638,8700,0,,,,,,,,,
6481,54993.30277,56255.9649,60325.20234,64643.05551,8700,0,,,,,,,,,
6482,53386.00688,54611.76503,58562.07038,62753.72513,8700,0,,,,,,,,,
6483,52524.81851,53730.80353,57617.38513,61741.42283,8700,0,,,,,,,,,
6484,52094.22433,53290.32277,57145.04249,61235.27167,8700,0,,,,,,,,,
6485,52386.72149,53589.53575,57465.89884,61579.09372,8700,0,,,,,,,,,
6486,53572.05426,54802.08411,58766.15607,62972.41852,8700,0,,,,,,,,,
6487,56064.51369,57351.77113,61500.27299,65902.23333,8700,0,,,,,,,,,
6488,60258.25171,61641.79858,66100.61669,70831.85251,8700,0,,,,,,,,,
6489,65180.83512,66677.40593,71500.47132,76618.2086,8700,0,,,,,,,,,
6490,66548.37924,68076.34926,73000.60628,78225.71761,8700,0,,,,,,,,,
6491,66453.43754,67979.22768,72896.45947,78114.11636,8700,0,,,,,,,,,
6492,66770.86888,68303.94733,73244.66749,78487.24783,8700,0,,,,,,,,,
6493,65300.71101,66800.03421,71631.96984,76759.11927,8700,0,,,,,,,,,
6494,68404.05796,69974.6349,75036.20313,80407.01491,8700,0,,,,,,,,,
6495,69726.52875,71327.47,76486.89465,81961.54153,8700,0,,,,,,,,,
6496,70371.94052,71987.70062,77194.8826,82720.20462,8700,0,,,,,,,,,
6497,71056.67158,72688.15329,77946.00206,83525.0864,8700,0,,,,,,,,,
6498,70291.38392,71905.29441,77106.5156,82625.51263,8700,0,,,,,,,,,
6499,70044.9191,71653.17069,76836.15468,82335.80028,8700,0,,,,,,,,,
6500,68707.10421,70284.63917,75368.63136,80763.23712,8700,0,,,,,,,,,
6501,66244.37399,67765.36396,72667.12607,77868.36813,8700,0,,,,,,,,,
6502,63389.40987,64844.84905,69535.35766,74512.43941,8700,0,,,,,,,,,
6503,60220.85044,61603.53857,66059.58917,70787.88837,8700,0,,,,,,,,,
6504,58979.89526,60334.09069,64698.31664,69329.18103,8700,0,,,,,,,,,
6505,55661.73071,56939.74014,61058.438,65428.77345,8700,0,,,,,,,,,
6506,54091.8361,55333.80029,59336.33358,63583.40721,8700,0,,,,,,,,,
6507,53291.06518,54514.64344,58457.92356,62642.12388,8700,0,,,,,,,,,
6508,52737.71808,53948.59133,57850.92646,61991.68019,8700,0,,,,,,,,,
6509,52720.45596,53930.93286,57831.99069,61971.38905,8700,0,,,,,,,,,
6510,54091.8361,55333.80029,59336.33358,63583.40721,8700,0,,,,,,,,,
6511,56636.08192,57936.46273,62127.25786,66574.09544,8700,0,,,,,,,,,
6512,61202.8737,62608.10937,67136.82492,71942.22864,8700,0,,,,,,,,,
6513,67446.96888,68995.57078,73986.31906,79281.98406,8700,0,,,,,,,,,
6514,70473.59527,72091.68939,77306.39333,82839.69687,8700,0,,,,,,,,,
6515,71048.04052,72679.32406,77936.53417,83514.94084,8700,0,,,,,,,,,
6516,71367.38988,73006.00578,78286.84619,83890.32689,8700,0,,,,,,,,,
6517,69595.14477,71193.06941,76342.77229,81807.10341,8700,0,,,,,,,,,
6518,71620.56776,73264.99669,78564.57104,84187.93025,8700,0,,,,,,,,,
6519,72534.50152,74199.91464,79567.11565,85262.23326,8700,0,,,,,,,,,
6520,72580.53386,74247.00389,79617.61107,85316.34295,8700,0,,,,,,,,,
6521,72579.57485,74246.02286,79616.55907,85315.21566,8700,0,,,,,,,,,
6522,70775.68251,72400.71264,77637.76957,83194.79178,8700,0,,,,,,,,,
6523,70022.86194,71630.60709,76811.95895,82309.87272,8700,0,,,,,,,,,
6524,68583.39229,70158.0868,75232.9249,80617.81729,8700,0,,,,,,,,,
6525,66255.88207,67777.13627,72679.74991,77881.89555,8700,0,,,,,,,,,
6526,63553.40009,65012.60452,69715.24762,74705.20523,8700,0,,,,,,,,,
6527,60422.24192,61809.55406,66280.50665,71024.6183,8700,0,,,,,,,,,
6528,59232.11412,60592.10057,64974.98949,69625.65709,8700,0,,,,,,,,,
6529,55832.43398,57114.36279,61245.69188,65629.43026,8700,0,,,,,,,,,
6530,54183.90078,55427.97881,59437.32444,63691.6266,8700,0,,,,,,,,,
6531,53169.27128,54390.05311,58324.32109,62498.95863,8700,0,,,,,,,,,
6532,52564.1378,53771.0256,57660.51662,61787.64152,8700,0,,,,,,,,,
6533,52688.80872,53898.55899,57797.27507,61934.18862,8700,0,,,,,,,,,
6534,53907.70674,55145.44327,59134.35188,63366.96841,8700,0,,,,,,,,,
6535,56240.971,57532.27994,61693.83879,66109.65385,8700,0,,,,,,,,,
6536,59510.22618,60876.59817,65280.06603,69952.56987,8700,0,,,,,,,,,
6537,63340.50051,64794.81671,69481.70627,74454.94787,8700,0,,,,,,,,,
6538,64126.88633,65599.25817,70344.33646,75379.32192,8700,0,,,,,,,,,
6539,63691.49711,65153.87229,69866.7339,74867.53434,8700,0,,,,,,,,,
6540,62367.10831,63799.07514,68413.93841,73310.75315,8700,0,,,,,,,,,
6541,60217.01441,61599.61447,66055.38122,70783.37923,8700,0,,,,,,,,,
6542,63352.0086,64806.58902,69494.33014,74468.4753,8700,0,,,,,,,,,
6543,65176.99909,66673.48183,71496.26337,76613.69945,8700,0,,,,,,,,,
6544,66996.23555,68534.48848,73491.88469,78752.15991,8700,0,,,,,,,,,
6545,69645.97215,71245.0638,76398.52766,81866.84954,8700,0,,,,,,,,,
6546,70223.29442,71835.64156,77031.82446,82545.47537,8700,0,,,,,,,,,
6547,69726.52875,71327.47,76486.89465,81961.54153,8700,0,,,,,,,,,
6548,68256.37087,69823.55687,74874.19697,80233.41296,8700,0,,,,,,,,,
6549,65652.66661,67160.07081,72018.04944,77172.83302,8700,0,,,,,,,,,
6550,62856.20193,64299.39849,68950.45231,73885.66872,8700,0,,,,,,,,,
6551,59955.20547,61331.79432,65768.18848,70475.6303,8700,0,,,,,,,,,
6552,58483.12958,59825.91914,64153.38682,68745.24717,8700,0,,,,,,,,,
6553,55145.7849,56411.94806,60492.46844,64822.2939,8700,0,,,,,,,,,
6554,53503.00575,54731.45022,58690.41293,62891.25396,8700,0,,,,,,,,,
6555,52361.7873,53564.02907,57438.54714,61549.78429,8700,0,,,,,,,,,
6556,51843.92347,53034.27493,56870.4736,60941.05017,8700,0,,,,,,,,,
6557,51971.47142,53164.75143,57010.38802,61090.97914,8700,0,,,,,,,,,
6558,53318.87638,54543.09319,58488.43122,62674.81514,8700,0,,,,,,,,,
6559,55782.56561,57063.34943,61190.98851,65570.81142,8700,0,,,,,,,,,
6560,59248.41724,60608.77803,64992.87329,69644.82095,8700,0,,,,,,,,,
6561,63051.83938,64499.52783,69165.05787,74115.63496,8700,0,,,,,,,,,
6562,63251.31285,64703.58127,69383.87138,74350.11032,8700,0,,,,,,,,,
6563,62484.10718,63918.76034,68542.28095,73448.28198,8700,0,,,,,,,,,
6564,61603.73866,63018.1783,67576.55592,72413.43395,8700,0,,,,,,,,,
6565,60036.72107,61415.18153,65857.60746,70571.44957,8700,0,,,,,,,,,
6566,63168.83824,64619.21302,69293.40041,74253.16377,8700,0,,,,,,,,,
6567,65018.76292,66511.61251,71322.68533,76427.69736,8700,0,,,,,,,,,
6568,66872.52364,68407.93611,73356.17823,78606.7401,8700,0,,,,,,,,,
6569,69188.52577,70777.11431,75896.72937,81329.13441,8700,0,,,,,,,,,
6570,68967.95413,70551.47829,75654.7721,81069.85873,8700,0,,,,,,,,,
6571,68392.54988,69962.86259,75023.57928,80393.48749,8700,0,,,,,,,,,
6572,66879.23669,68414.80329,73363.54214,78614.6311,8700,0,,,,,,,,,
6573,64723.38874,66209.45645,70998.67302,76080.49345,8700,0,,,,,,,,,
6574,62374.78037,63806.92335,68422.35432,73319.77144,8700,0,,,,,,,,,
6575,59566.8076,60934.47872,65342.13332,70019.07972,8700,0,,,,,,,,,
6576,58191.59143,59527.68719,63833.58247,68402.55241,8700,0,,,,,,,,,
6577,54682.58447,55938.11241,59984.35821,64277.81503,8700,0,,,,,,,,,
6578,52907.46234,54122.23296,58037.12834,62191.20971,8700,0,,,,,,,,,
6579,51594.58163,52779.20814,56596.95672,60647.95596,8700,0,,,,,,,,,
6580,50807.23681,51973.78565,55733.27454,59722.45463,8700,0,,,,,,,,,
6581,50751.61439,51916.88613,55672.25922,59657.07206,8700,0,,,,,,,,,
6582,51218.65085,52394.64588,56184.5774,60206.06007,8700,0,,,,,,,,,
6583,52050.11,53245.19557,57096.65103,61183.41654,8700,0,,,,,,,,,
6584,52257.25553,53457.09722,57323.88045,61426.91019,8700,0,,,,,,,,,
6585,52425.08177,53628.7768,57507.97835,61624.18513,8700,0,,,,,,,,,
6586,51749.94078,52938.13438,56767.37878,60830.5762,8700,0,,,,,,,,,
6587,52287.94376,53488.49006,57357.54407,61462.98332,8700,0,,,,,,,,,
6588,52214.10021,53412.95104,57276.54099,61376.18234,8700,0,,,,,,,,,
6589,51205.22475,52380.91151,56169.84957,60190.27807,8700,0,,,,,,,,,
6590,52544.95766,53751.40507,57639.47687,61765.09582,8700,0,,,,,,,,,
6591,53597.94745,54828.57182,58794.55974,63002.85522,8700,0,,,,,,,,,
6592,55167.84206,56434.51166,60516.66416,64848.22145,8700,0,,,,,,,,,
6593,57318.89497,58634.95337,62876.27334,67376.72267,8700,0,,,,,,,,,
6594,58533.95696,59877.91353,64209.14219,68804.99331,8700,0,,,,,,,,,
6595,59744.22391,61115.96856,65536.75111,70227.62752,8700,0,,,,,,,,,
6596,59429.66958,60794.19197,65191.69903,69857.87789,8700,0,,,,,,,,,
6597,58252.96788,59590.47285,63900.9097,68474.69868,8700,0,,,,,,,,,
6598,56621.69681,57921.74734,62111.47803,66557.18617,8700,0,,,,,,,,,
6599,54728.61681,55985.20167,60034.85364,64331.92473,8700,0,,,,,,,,,
6600,53630.55369,54861.92671,58830.32734,63041.18292,8700,0,,,,,,,,,
6601,50941.4978,52111.12932,55880.55286,59880.27458,8700,0,,,,,,,,,
6602,48961.14815,50085.31027,53708.19755,57552.43017,8700,0,,,,,,,,,
6603,47643.4724,48737.3803,52262.76597,56003.53999,8700,0,,,,,,,,,
6604,47055.60106,48136.01126,51617.89731,55312.51403,8700,0,,,,,,,,,
6605,47049.84701,48130.1251,51611.58538,55305.75031,8700,0,,,,,,,,,
6606,47742.25013,48838.42599,52371.12075,56119.65039,8700,0,,,,,,,,,
6607,48277.37609,49385.8386,52958.13007,56748.67567,8700,0,,,,,,,,,
6608,48011.73113,49114.09435,52666.7294,56436.4176,8700,0,,,,,,,,,
6609,47063.27311,48143.85946,51626.31321,55321.53231,8700,0,,,,,,,,,
6610,46097.55297,47155.96611,50566.96126,54186.35589,8700,0,,,,,,,,,
6611,46767.89893,47841.70341,51302.3009,54974.32841,8700,0,,,,,,,,,
6612,46557.87637,47626.85867,51071.91551,54727.45289,8700,0,,,,,,,,,
6613,46903.11893,47980.02809,51450.63121,55133.27566,8700,0,,,,,,,,,
6614,48706.05226,49824.3573,53428.36873,57252.57225,8700,0,,,,,,,,,
6615,49902.89312,51048.67797,54741.24981,58659.42447,8700,0,,,,,,,,,
6616,51827.62035,53017.59749,56852.58981,60921.88631,8700,0,,,,,,,,,
6617,54396.80036,55645.76661,59670.86578,63941.88398,8700,0,,,,,,,,,
6618,56469.21469,57765.76418,61944.21194,66377.94779,8700,0,,,,,,,,,
6619,58380.51582,59720.94933,64040.8241,68624.62763,8700,0,,,,,,,,,
6620,58247.21384,59584.5867,63894.59778,68467.93497,8700,0,,,,,,,,,
6621,57096.40532,58407.35529,62632.21212,67115.19245,8700,0,,,,,,,,,
6622,55626.24745,56903.44217,61019.51445,65387.06389,8700,0,,,,,,,,,
6623,54039.09071,55279.84385,59278.47425,63521.40651,8700,0,,,,,,,,,
6624,52303.28787,53504.18648,57374.37588,61481.01989,8700,0,,,,,,,,,
6625,49452.15978,50587.59566,54246.81543,58129.60031,8700,0,,,,,,,,,
6626,47743.20914,48839.40702,52372.17273,56120.77769,8700,0,,,,,,,,,
6627,46793.79212,47868.19112,51330.70458,55004.76512,8700,0,,,,,,,,,
6628,46438.00049,47504.2304,50940.41702,54586.54221,8700,0,,,,,,,,,
6629,46655.6951,47726.92334,51179.2183,54842.43601,8700,0,,,,,,,,,
6630,47935.96957,49036.59328,52583.62234,56347.36206,8700,0,,,,,,,,,
6631,49817.54149,50961.36664,54647.62288,58559.09607,8700,0,,,,,,,,,
6632,52620.71922,53828.90613,57722.58392,61854.15137,8700,0,,,,,,,,,
6633,56611.14774,57910.95605,62099.90617,66544.78602,8700,0,,,,,,,,,
6634,59080.591,60437.09844,64808.77538,69447.546,8700,0,,,,,,,,,
6635,60837.492,62234.3384,66736.01747,71512.73291,8700,0,,,,,,,,,
6636,61010.11327,62410.9231,66925.37532,71715.64427,8700,0,,,,,,,,,
6637,59234.03214,60594.06263,64977.09347,69627.91167,8700,0,,,,,,,,,
6638,61818.55625,63237.92817,67812.20125,72665.94589,8700,0,,,,,,,,,
6639,63586.00633,65045.95941,69751.01521,74743.53294,8700,0,,,,,,,,,
6640,65173.16307,66669.55773,71492.05542,76609.19032,8700,0,,,,,,,,,
6641,66513.85498,68041.03231,72962.73471,78185.13534,8700,0,,,,,,,,,
6642,66235.74293,67756.53473,72657.65818,77858.22258,8700,0,,,,,,,,,
6643,67065.28406,68605.12236,73567.62783,78833.32445,8700,0,,,,,,,,,
6644,66167.65342,67686.88186,72582.96702,77778.1853,8700,0,,,,,,,,,
6645,64478.84193,65959.29477,70730.41608,75793.03567,8700,0,,,,,,,,,
6646,62184.89696,63612.68017,68214.06068,73096.56892,8700,0,,,,,,,,,
6647,59486.251,60852.07251,65253.76632,69924.38773,8700,0,,,,,,,,,
6648,57412.87767,58731.09393,62979.36819,67487.19665,8700,0,,,,,,,,,
6649,53975.79624,55215.09612,59209.04302,63447.00566,8700,0,,,,,,,,,
6650,52243.82943,53443.36285,57309.15262,61411.12819,8700,0,,,,,,,,,
6651,51383.60007,52563.38237,56365.51935,60399.95317,8700,0,,,,,,,,,
6652,50843.67908,52011.06465,55773.25009,59765.29147,8700,0,,,,,,,,,
6653,51256.05213,52432.9059,56225.60494,60250.02421,8700,0,,,,,,,,,
6654,52595.78503,53803.39945,57695.23223,61824.84194,8700,0,,,,,,,,,
6655,55437.32305,56710.18001,60812.2728,65164.98866,8700,0,,,,,,,,,
6656,59214.85199,60574.44211,64956.05371,69605.36595,8700,0,,,,,,,,,
6657,64001.2564,65470.74375,70206.52603,75231.64753,8700,0,,,,,,,,,
6658,66058.32661,67575.04488,72463.04037,77649.67476,8700,0,,,,,,,,,
6659,66639.48491,68169.54675,73100.54513,78332.80972,8700,0,,,,,,,,,
6660,66182.99754,67702.5783,72599.79883,77796.22187,8700,0,,,,,,,,,
6661,64435.68661,65915.14859,70683.07662,75742.30781,8700,0,,,,,,,,,
6662,67390.38747,68937.69024,73924.25177,79215.47422,8700,0,,,,,,,,,
6663,69214.41896,70803.60201,75925.13304,81359.57111,8700,0,,,,,,,,,
6664,70690.33087,72313.40129,77544.14262,83094.46337,8700,0,,,,,,,,,
6665,72533.54251,74198.93361,79566.06365,85261.10596,8700,0,,,,,,,,,
6666,72594.91896,74261.71928,79633.39088,85333.25223,8700,0,,,,,,,,,
6667,72065.54705,73720.19284,79052.69348,84710.99067,8700,0,,,,,,,,,
6668,70368.10449,71983.7765,77190.67465,82715.69547,8700,0,,,,,,,,,
6669,67446.00988,68994.58976,73985.26709,79280.85677,8700,0,,,,,,,,,
6670,64417.46548,65896.50911,70663.08885,75720.8894,8700,0,,,,,,,,,
6671,61265.20916,62671.87606,67205.20415,72015.5022,8700,0,,,,,,,,,
6672,59666.54434,61036.50545,65451.54008,70136.3174,8700,0,,,,,,,,,
6673,55947.51483,57232.08595,61371.93045,65764.70451,8700,0,,,,,,,,,
6674,54246.23624,55491.7455,59505.70366,63764.90016,8700,0,,,,,,,,,
6675,53336.13851,54560.75167,58507.367,62695.10629,8700,0,,,,,,,,,
6676,52785.66844,53997.64265,57903.52586,62048.04446,8700,0,,,,,,,,,
6677,53082.96064,54301.76076,58229.64216,62397.50295,8700,0,,,,,,,,,
6678,54282.67851,55529.02449,59545.6792,63807.73701,8700,0,,,,,,,,,
6679,56875.83369,58181.71927,62390.25486,66855.9168,8700,0,,,,,,,,,
6680,60616.92036,62008.70237,66494.06023,71253.45724,8700,0,,,,,,,,,
6681,65384.14463,66885.38349,71723.49279,76857.19312,8700,0,,,,,,,,,
6682,66838.95839,68373.60019,73319.35865,78567.28511,8700,0,,,,,,,,,
6683,67036.51385,68575.69158,73536.06819,78799.5059,8700,0,,,,,,,,,
6684,66521.52704,68048.88053,72971.15061,78194.15363,8700,0,,,,,,,,,
6685,64508.57115,65989.70659,70763.02771,75827.98151,8700,0,,,,,,,,,
6686,67125.70151,68666.92701,73633.90308,78904.34345,8700,0,,,,,,,,,
6687,68332.13243,69901.05794,74957.30404,80322.4685,8700,0,,,,,,,,,
6688,69300.7296,70891.89438,76019.81196,81461.02679,8700,0,,,,,,,,,
6689,70817.87882,72443.87779,77684.05704,83244.39233,8700,0,,,,,,,,,
6690,70198.36024,71810.13488,77004.47277,82516.16595,8700,0,,,,,,,,,
6691,69993.13272,71600.19527,76779.34733,82274.92687,8700,0,,,,,,,,,
6692,68489.4096,70061.94624,75129.83007,80507.34333,8700,0,,,,,,,,,
6693,66112.99002,67630.96338,72523.00371,77713.93003,8700,0,,,,,,,,,
6694,63520.79384,64979.24963,69679.48001,74666.87752,8700,0,,,,,,,,,
6695,60683.09185,62076.39318,66566.6474,71331.23994,8700,0,,,,,,,,,
6696,59121.82831,60479.28257,64854.01087,69496.01927,8700,0,,,,,,,,,
6697,55629.12447,56906.38524,61022.67042,65390.44575,8700,0,,,,,,,,,
6698,54060.18887,55301.42643,59301.61798,63546.2068,8700,0,,,,,,,,,
6699,52965.00277,54181.09454,58100.24764,62258.84684,8700,0,,,,,,,,,
6700,52590.99,53798.49433,57689.9723,61819.20551,8700,0,,,,,,,,,
6701,52776.07837,53987.83239,57893.00599,62036.7716,8700,0,,,,,,,,,
6702,54058.27085,55299.46437,59299.51399,63543.95222,8700,0,,,,,,,,,
6703,56588.13157,57887.41143,62074.65846,66517.73118,8700,0,,,,,,,,,
6704,60077.95838,61457.36566,65902.84295,70619.92284,8700,0,,,,,,,,,
6705,64543.09541,66025.02354,70800.89928,75868.5638,8700,0,,,,,,,,,
6706,66034.35144,67550.51923,72436.74069,77621.49264,8700,0,,,,,,,,,
6707,66777.58193,68310.81451,73252.03141,78495.13883,8700,0,,,,,,,,,
6708,67120.90647,68662.02188,73628.64313,78898.707,8700,0,,,,,,,,,
6709,66060.24463,67577.00694,72465.14436,77651.92934,8700,0,,,,,,,,,
6710,69081.11697,70667.23938,75778.9067,81202.87843,8700,0,,,,,,,,,
6711,70198.36024,71810.13488,77004.47277,82516.16595,8700,0,,,,,,,,,
6712,70393.99768,72010.26421,77219.07832,82746.13217,8700,0,,,,,,,,,
6713,70730.60917,72354.6044,77588.32613,83141.80935,8700,0,,,,,,,,,
6714,70063.14024,71671.81018,76856.14246,82357.21871,8700,0,,,,,,,,,
6715,69910.65811,71515.82702,76688.87636,82177.98032,8700,0,,,,,,,,,
6716,68311.03428,69879.47538,74934.16031,80297.66824,8700,0,,,,,,,,,
6717,65791.72264,67302.31961,72170.58771,77336.28941,8700,0,,,,,,,,,
6718,63144.86306,64594.68736,69267.10071,74224.98163,8700,0,,,,,,,,,
6719,60266.88278,61650.62783,66110.08459,70841.99807,8700,0,,,,,,,,,
6720,58963.59214,60317.41326,64680.43285,69310.01718,8700,0,,,,,,,,,
6721,55749.95937,57029.99455,61155.22091,65532.48372,8700,0,,,,,,,,,
6722,54110.05724,55352.43979,59356.32136,63604.82564,8700,0,,,,,,,,,
6723,52963.08475,54179.13248,58098.14365,62256.59226,8700,0,,,,,,,,,
6724,52609.21113,53817.13382,57709.96006,61840.62393,8700,0,,,,,,,,,
6725,52773.20135,53984.8893,57889.85003,62033.38975,8700,0,,,,,,,,,
6726,53903.87071,55141.51915,59130.14392,63362.45926,8700,0,,,,,,,,,
6727,56467.29667,57763.80212,61942.10797,66375.69321,8700,0,,,,,,,,,
6728,60408.81583,61795.8197,66265.77882,71008.83632,8700,0,,,,,,,,,
6729,65398.52973,66900.09888,71739.2726,76874.10238,8700,0,,,,,,,,,
6730,67150.63569,68692.43369,73661.25476,78933.65286,8700,0,,,,,,,,,
6731,67732.753,69287.91659,74299.81151,79617.91512,8700,0,,,,,,,,,
6732,67904.41527,69463.52027,74488.11736,79819.69921,8700,0,,,,,,,,,
6733,66207.93172,67728.08497,72627.15052,77825.53129,8700,0,,,,,,,,,
6734,68408.853,69979.54003,75041.46308,80412.65134,8700,0,,,,,,,,,
6735,69163.59158,70751.60762,75869.37767,81299.82497,8700,0,,,,,,,,,
6736,69423.4825,71017.46572,76154.46642,81605.31932,8700,0,,,,,,,,,
6737,69736.11882,71337.28026,76497.41453,81972.81437,8700,0,,,,,,,,,
6738,68809.71796,70389.60896,75481.19407,80883.85665,8700,0,,,,,,,,,
6739,68263.08392,69830.42406,74881.5609,80241.30396,8700,0,,,,,,,,,
6740,66740.18066,68272.5545,73211.00388,78451.17471,8700,0,,,,,,,,,
6741,64654.34023,66138.82257,70922.92988,75999.32891,8700,0,,,,,,,,,
6742,62252.02746,63681.35201,68287.69984,73175.47891,8700,0,,,,,,,,,
6743,59587.90575,60956.06129,65365.27705,70043.87999,8700,0,,,,,,,,,
6744,58287.49213,59625.78979,63938.78126,68515.28094,8700,0,,,,,,,,,
6745,54952.06546,56213.78076,60279.96685,64594.58223,8700,0,,,,,,,,,
6746,53018.70716,54236.032,58159.15896,62321.97481,8700,0,,,,,,,,,
6747,51842.00546,53032.31288,56868.36963,60938.7956,8700,0,,,,,,,,,
6748,51185.0856,52360.30995,56147.75782,60166.60508,8700,0,,,,,,,,,
6749,51055.61964,52227.87142,56005.73943,60014.42154,8700,0,,,,,,,,,
6750,51523.6151,52706.61219,56519.10959,60564.53682,8700,0,,,,,,,,,
6751,52304.24688,53505.16751,57375.42787,61482.14717,8700,0,,,,,,,,,
6752,52799.09454,54011.37701,57918.2537,62063.82645,8700,0,,,,,,,,,
6753,53860.71539,55097.37298,59082.80446,63311.73142,8700,0,,,,,,,,,
6754,54240.4822,55485.85935,59499.39173,63758.13645,8700,0,,,,,,,,,
6755,54772.73114,56030.32888,60083.2451,64383.77987,8700,0,,,,,,,,,
6756,54463.93085,55714.43844,59744.50494,64020.79395,8700,0,,,,,,,,,
6757,53405.18702,54631.38555,58583.11015,62776.27084,8700,0,,,,,,,,,
6758,55281.9639,56551.25377,60641.85073,64982.36842,8700,0,,,,,,,,,
6759,56686.9093,57988.45712,62183.01323,66633.84158,8700,0,,,,,,,,,
6760,57748.53015,59074.45309,63347.56399,67881.74654,8700,0,,,,,,,,,
6761,58945.371,60298.77375,64660.44507,69288.59875,8700,0,,,,,,,,,
6762,59580.2337,60948.21308,65356.86116,70034.86171,8700,0,,,,,,,,,
6763,61049.43256,62451.14518,66968.50683,71761.86297,8700,0,,,,,,,,,
6764,60542.11781,61932.18233,66412.00515,71165.52899,8700,0,,,,,,,,,
6765,59483.37398,60849.12944,65250.61037,69921.00588,8700,0,,,,,,,,,
6766,57767.71029,59094.07361,63368.60375,67904.29225,8700,0,,,,,,,,,
6767,55642.55057,56920.11962,61037.39824,65406.22774,8700,0,,,,,,,,,
6768,54058.27085,55299.46437,59299.51399,63543.95222,8700,0,,,,,,,,,
6769,50902.17851,52070.90724,55837.42135,59834.05588,8700,0,,,,,,,,,
6770,49057.04886,50183.41288,53813.39636,57665.15872,8700,0,,,,,,,,,
6771,47910.07638,49010.10558,52555.21867,56316.92535,8700,0,,,,,,,,,
6772,47145.74772,48228.22772,51716.78419,55418.47886,8700,0,,,,,,,,,
6773,47144.78872,48227.2467,51715.7322,55417.35158,8700,0,,,,,,,,,
6774,47699.09482,48794.27982,52323.7813,56068.92257,8700,0,,,,,,,,,
6775,48359.8507,49470.20685,53048.60105,56845.62221,8700,0,,,,,,,,,
6776,48346.4246,49456.47248,53033.8732,56829.84021,8700,0,,,,,,,,,
6777,48442.32531,49554.5751,53139.07201,56942.56876,8700,0,,,,,,,,,
6778,48478.76758,49591.8541,53179.04756,56985.40561,8700,0,,,,,,,,,
6779,49481.889,50618.00747,54279.42705,58164.54615,8700,0,,,,,,,,,
6780,50103.3256,51253.71243,54961.11531,58895.02712,8700,0,,,,,,,,,
6781,51376.88702,52556.5152,56358.15543,60392.06216,8700,0,,,,,,,,,
6782,53053.23142,54271.34895,58197.03053,62362.55709,8700,0,,,,,,,,,
6783,53614.25057,54845.24926,58812.44354,63022.01907,8700,0,,,,,,,,,
6784,54347.89099,55595.73427,59617.21438,63884.39241,8700,0,,,,,,,,,
6785,55825.72093,57107.49562,61238.32797,65621.53927,8700,0,,,,,,,,,
6786,57128.05256,58439.72916,62666.92773,67152.39288,8700,0,,,,,,,,,
6787,58653.83284,60000.54179,64340.6407,68945.90398,8700,0,,,,,,,,,
6788,58125.41994,59459.99638,63760.99529,68324.76972,8700,0,,,,,,,,,
6789,57064.75809,58374.98143,62597.49651,67077.99204,8700,0,,,,,,,,,
6790,55669.40277,56947.58835,61066.85391,65437.79174,8700,0,,,,,,,,,
6791,53902.9117,55140.53813,59129.09193,63361.33198,8700,0,,,,,,,,,
6792,52208.34617,53407.06489,57270.22906,61369.41863,8700,0,,,,,,,,,
6793,49315.02177,50447.30893,54096.38114,57968.3985,8700,0,,,,,,,,,
6794,47649.22645,48743.26646,52269.07791,56010.30371,8700,0,,,,,,,,,
6795,46730.49765,47803.44339,51261.27337,54930.36427,8700,0,,,,,,,,,
6796,46284.55935,47347.26621,50772.09892,54406.17655,8700,0,,,,,,,,,
6797,46388.13212,47453.21704,50885.71363,54527.92337,8700,0,,,,,,,,,
6798,47536.06361,48627.50537,52144.94332,55877.28403,8700,0,,,,,,,,,
6799,49343.79198,50476.7397,54127.94078,58002.21707,8700,0,,,,,,,,,
6800,52408.77865,53612.09936,57490.09457,61605.02128,8700,0,,,,,,,,,
6801,56731.98263,58034.56535,62232.45667,66686.82399,8700,0,,,,,,,,,
6802,58744.93852,60093.73928,64440.57957,69052.9961,8700,0,,,,,,,,,
6803,59512.14419,60878.56022,65282.17,69954.82443,8700,0,,,,,,,,,
6804,59384.59625,60748.08373,65142.25559,69804.89548,8700,0,,,,,,,,,
6805,57769.6283,59096.03566,63370.70772,67906.54681,8700,0,,,,,,,,,
6806,59881.36192,61256.25529,65687.1854,70388.82932,8700,0,,,,,,,,,
6807,61155.88235,62560.03909,67085.27751,71886.99167,8700,0,,,,,,,,,
6808,61331.38065,62739.56687,67277.79132,72093.2849,8700,0,,,,,,,,,
6809,61658.40207,63074.0968,67636.51924,72477.68923,8700,0,,,,,,,,,
6810,61204.79171,62610.07142,67138.9289,71944.48321,8700,0,,,,,,,,,
6811,61996.93157,63420.39903,68007.87101,72875.62097,8700,0,,,,,,,,,
6812,61292.06136,62699.3448,67234.65981,72047.06619,8700,0,,,,,,,,,
6813,59991.64774,61369.07332,65808.16402,70518.46716,8700,0,,,,,,,,,
6814,58205.97653,59542.40258,63849.36228,68419.46168,8700,0,,,,,,,,,
6815,56238.09398,57529.33686,61690.68283,66106.272,8700,0,,,,,,,,,
6816,54773.69014,56031.3099,60084.29707,64384.90715,8700,0,,,,,,,,,
6817,51972.43042,53165.73245,57011.44,61092.1064,8700,0,,,,,,,,,
6818,50411.16688,51568.62184,55298.80347,59256.88575,8700,0,,,,,,,,,
6819,49593.13383,50731.80651,54401.45767,58295.31127,8700,0,,,,,,,,,
6820,49330.36588,50463.00533,54113.21295,57986.43507,8700,0,,,,,,,,,
6821,49664.10035,50804.40245,54479.30478,58378.73039,8700,0,,,,,,,,,
6822,51204.26574,52379.93048,56168.79758,60189.15079,8700,0,,,,,,,,,
6823,54009.36149,55249.43204,59245.86261,63486.46066,8700,0,,,,,,,,,
6824,58677.80802,60025.06745,64366.9404,68974.08611,8700,0,,,,,,,,,
6825,64260.18831,65735.6208,70490.5628,75536.01458,8700,0,,,,,,,,,
6826,66159.98137,67679.03366,72574.55111,77769.16702,8700,0,,,,,,,,,
6827,66013.25328,67528.93666,72413.59695,77596.69235,8700,0,,,,,,,,,
6828,65485.79938,66989.37226,71835.00352,76976.68536,8700,0,,,,,,,,,
6829,63282.96008,64735.95513,69418.58698,74387.31073,8700,0,,,,,,,,,
6830,65691.0269,67199.31186,72060.12897,77217.92444,8700,0,,,,,,,,,
6831,66731.54959,68263.72526,73201.53598,78441.02912,8700,0,,,,,,,,,
6832,66920.47399,68456.98741,73408.77764,78663.10436,8700,0,,,,,,,,,
6833,67246.5364,68790.53631,73766.45357,79046.38141,8700,0,,,,,,,,,
6834,66767.03286,68300.02323,73240.45955,78482.7387,8700,0,,,,,,,,,
6835,67165.97981,68708.13011,73678.08657,78951.68944,8700,0,,,,,,,,,
6836,65689.10888,67197.3498,72058.02498,77215.66988,8700,0,,,,,,,,,
6837,63521.75285,64980.23065,69680.532,74668.00481,8700,0,,,,,,,,,
6838,61399.47015,62809.21973,67352.48246,72173.32215,8700,0,,,,,,,,,
6839,59122.78731,60480.26359,64855.06285,69497.14655,8700,0,,,,,,,,,
6840,58028.56022,59360.91273,63654.7445,68210.91388,8700,0,,,,,,,,,
6841,54775.60816,56033.27195,60086.40106,64387.16172,8700,0,,,,,,,,,
6842,52972.67482,54188.94274,58108.66353,62267.86512,8700,0,,,,,,,,,
6843,52016.54475,53210.85965,57059.83146,61143.96155,8700,0,,,,,,,,,
6844,51664.58915,52850.82305,56673.75185,60730.24779,8700,0,,,,,,,,,
6845,51829.53837,53019.55955,56854.69379,60924.14088,8700,0,,,,,,,,,
6846,53086.79667,54305.68487,58233.85013,62402.01209,8700,0,,,,,,,,,
6847,55676.11582,56954.45553,61074.21783,65445.68273,8700,0,,,,,,,,,
6848,58990.44433,60344.88199,64709.8885,69341.58116,8700,0,,,,,,,,,
6849,62453.41895,63887.3675,68508.61733,73412.20884,8700,0,,,,,,,,,
6850,62759.34221,64200.31485,68844.20151,73771.81289,8700,0,,,,,,,,,
6851,62225.17526,63653.88327,68258.24418,73143.91491,8700,0,,,,,,,,,
6852,61811.8432,63231.06098,67804.83732,72658.05489,8700,0,,,,,,,,,
6853,60269.7598,61653.57091,66113.24056,70845.37994,8700,0,,,,,,,,,
6854,63414.34406,64870.35573,69562.70936,74541.74884,8700,0,,,,,,,,,
6855,65310.30108,66809.84446,71642.48971,76770.39213,8700,0,,,,,,,,,
6856,66579.06747,68107.7421,73034.2699,78261.79076,8700,0,,,,,,,,,
6857,67659.86846,69213.35859,74219.86041,79532.24143,8700,0,,,,,,,,,
6858,67495.87825,69045.60312,74039.97047,79339.47562,8700,0,,,,,,,,,
6859,67760.5642,69316.36634,74330.31916,79650.60639,8700,0,,,,,,,,,
6860,66400.69215,67925.27124,72838.60012,78052.11566,8700,0,,,,,,,,,
6861,64520.07924,66001.47891,70775.65157,75841.50894,8700,0,,,,,,,,,
6862,62154.20874,63581.28734,68180.39706,73060.4958,8700,0,,,,,,,,,
6863,59683.80646,61054.1639,65470.47586,70156.60853,8700,0,,,,,,,,,
6864,58546.42405,59890.66687,64222.81805,68819.64802,8700,0,,,,,,,,,
6865,55226.34149,56494.35425,60580.83544,64916.98587,8700,0,,,,,,,,,
6866,53499.16972,54727.52611,58686.20498,62886.74482,8700,0,,,,,,,,,
6867,52550.7117,53757.29123,57645.7888,61771.85953,8700,0,,,,,,,,,
6868,52135.46163,53332.5069,57190.27798,61283.74493,8700,0,,,,,,,,,
6869,52345.48418,53547.35163,57420.66334,61530.62044,8700,0,,,,,,,,,
6870,53731.24943,54964.93445,58940.78607,63159.54788,8700,0,,,,,,,,,
6871,56208.36476,57498.92506,61658.0712,66071.32614,8700,0,,,,,,,,,
6872,59122.78731,60480.26359,64855.06285,69497.14655,8700,0,,,,,,,,,
6873,62357.51824,63789.26489,68403.41852,73299.4803,8700,0,,,,,,,,,
6874,62741.12108,64181.67535,68824.21375,73750.39448,8700,0,,,,,,,,,
6875,62437.11583,63870.69006,68490.73353,73393.045,8700,0,,,,,,,,,
6876,61608.5337,63023.08344,67581.81586,72419.07039,8700,0,,,,,,,,,
6877,59225.40107,60585.2334,64967.62558,69617.7661,8700,0,,,,,,,,,
6878,61903.90788,63325.2395,67905.82818,72766.27428,8700,0,,,,,,,,,
6879,63606.14548,65066.56096,69773.10696,74767.20594,8700,0,,,,,,,,,
6880,65031.23002,66524.36586,71336.3612,76442.35207,8700,0,,,,,,,,,
6881,67445.05087,68993.60873,73984.2151,79279.72949,8700,0,,,,,,,,,
6882,68166.2242,69731.34041,74775.31009,80127.44813,8700,0,,,,,,,,,
6883,68528.72889,70102.16831,75172.96159,80553.56202,8700,0,,,,,,,,,
6884,66920.47399,68456.98741,73408.77764,78663.10436,8700,0,,,,,,,,,
6885,64703.24959,66188.8549,70976.58128,76056.82045,8700,0,,,,,,,,,
6886,62251.06845,63680.37097,68286.64785,73174.35161,8700,0,,,,,,,,,
6887,59676.13441,61046.3157,65462.05995,70147.59025,8700,0,,,,,,,,,
6888,58466.82646,59809.2417,64135.50304,68726.08333,8700,0,,,,,,,,,
6889,55029.74504,56293.24389,60365.17789,64685.89235,8700,0,,,,,,,,,
6890,53282.43411,54505.8142,58448.45567,62631.9783,8700,0,,,,,,,,,
6891,52431.79482,53635.64398,57515.34228,61632.07614,8700,0,,,,,,,,,
6892,51912.97198,53104.90882,56946.21674,61022.21471,8700,0,,,,,,,,,
6893,52049.15099,53244.21454,57095.59905,61182.28925,8700,0,,,,,,,,,
6894,53380.25284,54605.87887,58555.75846,62746.96142,8700,0,,,,,,,,,
6895,56016.56334,57302.71982,61447.67359,65845.86907,8700,0,,,,,,,,,
6896,59316.50675,60678.43089,65067.56445,69724.85822,8700,0,,,,,,,,,
6897,62901.27526,64345.50672,68999.89575,73938.65114,8700,0,,,,,,,,,
6898,64098.11611,65569.82738,70312.77682,75345.50334,8700,0,,,,,,,,,
6899,64496.10406,65976.95325,70749.35186,75813.32681,8700,0,,,,,,,,,
6900,63988.78931,65457.99041,70192.85019,75216.99281,8700,0,,,,,,,,,
6901,62287.51072,63717.64997,68326.6234,73217.18847,8700,0,,,,,,,,,
6902,64889.29697,66379.17398,71180.66696,76275.51384,8700,0,,,,,,,,,
6903,66924.31002,68460.91152,73412.98558,78667.61351,8700,0,,,,,,,,,
6904,67592.73796,69144.68676,74146.22125,79453.33144,8700,0,,,,,,,,,
6905,67876.60406,69435.0705,74457.60971,79787.00793,8700,0,,,,,,,,,
6906,67138.1686,68679.68035,73647.57892,78918.99815,8700,0,,,,,,,,,
6907,66697.02534,68228.40831,73163.66442,78400.44686,8700,0,,,,,,,,,
6908,65319.89115,66819.65474,71653.00959,76781.66498,8700,0,,,,,,,,,
6909,63497.77767,64955.70499,69654.23231,74639.82267,8700,0,,,,,,,,,
6910,61246.02902,62652.25554,67184.16438,71992.95649,8700,0,,,,,,,,,
6911,59038.39469,60393.9333,64762.48791,69397.94543,8700,0,,,,,,,,,
6912,58133.09199,59467.84458,63769.41119,68333.78799,8700,0,,,,,,,,,
6913,54730.53483,55987.16373,60036.95762,64334.1793,8700,0,,,,,,,,,
6914,52557.42475,53764.15841,57653.15271,61779.75052,8700,0,,,,,,,,,
6915,51527.45113,52710.5363,56523.31755,60569.04597,8700,0,,,,,,,,,
6916,50963.55496,52133.6929,55904.74858,59906.20215,8700,0,,,,,,,,,
6917,50915.60461,52084.64161,55852.14918,59849.83788,8700,0,,,,,,,,,
6918,51625.26986,52810.60098,56630.62034,60684.0291,8700,0,,,,,,,,,
6919,52603.45709,53811.24767,57703.64814,61833.86022,8700,0,,,,,,,,,
6920,53609.45553,54840.34413,58807.18359,63016.38264,8700,0,,,,,,,,,
6921,54935.76234,56197.10331,60262.08305,64575.41839,8700,0,,,,,,,,,
6922,54999.05681,56261.85105,60331.51427,64649.81922,8700,0,,,,,,,,,
6923,55413.34788,56685.65436,60785.97312,65136.80653,8700,0,,,,,,,,,
6924,54942.47539,56203.97051,60269.44697,64583.30938,8700,0,,,,,,,,,
6925,53558.62816,54788.34975,58751.42824,62956.63652,8700,0,,,,,,,,,
6926,54513.79922,55765.4518,59799.20832,64079.4128,8700,0,,,,,,,,,
6927,54929.04929,56190.23614,60254.71914,64567.52738,8700,0,,,,,,,,,
6928,54954.94248,56216.72384,60283.12281,64597.96409,8700,0,,,,,,,,,
6929,55486.23241,56760.21234,60865.92419,65222.48021,8700,0,,,,,,,,,
6930,56074.10376,57361.58139,61510.79287,65913.50619,8700,0,,,,,,,,,
6931,57588.37596,58910.62172,63171.88198,67693.48987,8700,0,,,,,,,,,
6932,57131.88859,58443.65327,62671.13568,67156.90201,8700,0,,,,,,,,,
6933,56397.28915,57692.18721,61865.31283,66293.40136,8700,0,,,,,,,,,
6934,55343.34036,56614.03945,60709.17798,65054.51469,8700,0,,,,,,,,,
6935,54149.37653,55392.66186,59399.45287,63651.04434,8700,0,,,,,,,,,
6936,53987.30433,55226.86845,59221.6669,63460.5331,8700,0,,,,,,,,,
6937,51093.02092,52266.13145,56046.76698,60058.38569,8700,0,,,,,,,,,
6938,49117.46631,50245.21753,53879.6716,57736.1777,8700,0,,,,,,,,,
6939,48015.56716,49118.01846,52670.93734,56440.92675,8700,0,,,,,,,,,
6940,47467.97411,48557.85251,52070.25217,55797.24677,8700,0,,,,,,,,,
6941,47707.72588,48803.10906,52333.24918,56079.06812,8700,0,,,,,,,,,
6942,48502.74276,49616.37976,53205.34727,57013.58774,8700,0,,,,,,,,,
6943,49270.90744,50402.18171,54047.98968,57916.54337,8700,0,,,,,,,,,
6944,48522.88191,49636.9813,53227.43902,57037.26074,8700,0,,,,,,,,,
6945,45602.70531,46649.7566,50024.13543,53604.67662,8700,0,,,,,,,,,
6946,43237.79382,44230.54606,47429.93291,50824.79075,8700,0,,,,,,,,,
6947,43329.8585,44324.72458,47530.92376,50933.01015,8700,0,,,,,,,,,
6948,42239.46743,43209.29781,46334.81335,49651.28662,8700,0,,,,,,,,,
6949,41607.48176,42562.80156,45641.55324,48908.40553,8700,0,,,,,,,,,
6950,42253.85254,43224.01321,46350.59317,49668.1959,8700,0,,,,,,,,,
6951,43526.45495,44525.83494,47746.5813,51164.10366,8700,0,,,,,,,,,
6952,46141.6673,47201.09332,50615.35271,54238.21102,8700,0,,,,,,,,,
6953,50080.30943,51230.1678,54935.8676,58867.97226,8700,0,,,,,,,,,
6954,53684.25809,54916.86417,58889.23867,63104.3109,8700,0,,,,,,,,,
6955,56182.47156,57472.43735,61629.66751,66040.88943,8700,0,,,,,,,,,
6956,56236.17596,57527.37482,61688.57884,66104.01742,8700,0,,,,,,,,,
6957,55858.32717,57140.8505,61274.09556,65659.86697,8700,0,,,,,,,,,
6958,55056.59724,56320.71262,60394.63356,64717.45634,8700,0,,,,,,,,,
6959,54023.7466,55264.14743,59261.64243,63503.36994,8700,0,,,,,,,,,
6960,52927.60149,54142.83452,58059.22009,62214.8827,8700,0,,,,,,,,,
6961,50272.11085,51426.37304,55146.26522,59093.42936,8700,0,,,,,,,,,
6962,48405.88304,49517.2961,53099.09646,56899.73191,8700,0,,,,,,,,,
6963,47645.39042,48739.34235,52264.86996,56005.79457,8700,0,,,,,,,,,
6964,47337.54914,48424.43295,51927.18179,55643.93594,8700,0,,,,,,,,,
6965,48172.84432,49278.90674,52843.46337,56625.80156,8700,0,,,,,,,,,
6966,50083.18645,51233.11088,54939.02357,58871.35413,8700,0,,,,,,,,,
6967,53456.0144,54683.37994,58638.86551,62836.01697,8700,0,,,,,,,,,
6968,57111.74944,58423.05171,62649.04394,67133.22901,8700,0,,,,,,,,,
6969,59824.78051,61198.37476,65625.11811,70322.31949,8700,0,,,,,,,,,
6970,59435.42363,60800.07812,65198.01096,69864.64161,8700,0,,,,,,,,,
6971,58815.90504,60166.33522,64518.42667,69136.41521,8700,0,,,,,,,,,
6972,57068.59412,58378.90553,62601.70447,67082.50118,8700,0,,,,,,,,,
6973,54455.29979,55705.60921,59735.03705,64010.64839,8700,0,,,,,,,,,
6974,57082.02022,58392.63991,62616.4323,67098.28317,8700,0,,,,,,,,,
6975,59072.91894,60429.25023,64800.35947,69438.52771,8700,0,,,,,,,,,
6976,61734.16363,63151.59787,67719.6263,72566.74478,8700,0,,,,,,,,,
6977,64897.92803,66388.00322,71190.13485,76285.65939,8700,0,,,,,,,,,
6978,66002.7042,67518.14536,72402.02508,77584.2922,8700,0,,,,,,,,,
6979,66505.22392,68032.20309,72953.26682,78174.98977,8700,0,,,,,,,,,
6980,65240.29356,66738.22955,71565.69458,76688.1003,8700,0,,,,,,,,,
6981,63369.27072,64824.24749,69513.26591,74488.76642,8700,0,,,,,,,,,
6982,61504.96093,62917.13261,67468.20115,72297.32355,8700,0,,,,,,,,,
6983,59750.93696,61122.83574,65544.11503,70235.51851,8700,0,,,,,,,,,
6984,58992.36235,60346.84404,64711.99248,69343.83574,8700,0,,,,,,,,,
6985,55330.87327,56601.28611,60695.50214,65039.85999,8700,0,,,,,,,,,
6986,53466.56348,54694.17123,58650.43738,62848.41712,8700,0,,,,,,,,,
6987,52467.27808,53671.94194,57554.26583,61673.78568,8700,0,,,,,,,,,
6988,51994.48759,53188.29604,57035.63574,61118.03398,8700,0,,,,,,,,,
6989,52509.4744,53715.10711,57600.55331,61723.38626,8700,0,,,,,,,,,
6990,54087.04107,55328.89517,59331.07365,63577.77078,8700,0,,,,,,,,,
6991,56621.69681,57921.74734,62111.47803,66557.18617,8700,0,,,,,,,,,
6992,60201.67029,61583.91804,66038.5494,70765.34265,8700,0,,,,,,,,,
6993,63881.38051,65348.11547,70075.02753,75090.73684,8700,0,,,,,,,,,
6994,63156.37115,64606.45967,69279.72457,74238.50906,8700,0,,,,,,,,,
6995,61316.03654,62723.87045,67260.95952,72075.24833,8700,0,,,,,,,,,
6996,60185.36717,61567.24059,66020.66561,70746.17881,8700,0,,,,,,,,,
6997,58202.1405,59538.47846,63845.15433,68414.95254,8700,0,,,,,,,,,
6998,60820.22987,62216.67993,66717.08169,71492.44176,8700,0,,,,,,,,,
6999,62330.66604,63761.79615,68373.96286,73267.91631,8700,0,,,,,,,,,
7000,63216.7886,64668.26434,69345.99981,74309.52805,8700,0,,,,,,,,,
7001,65096.4425,66591.07564,71407.89638,76519.00748,8700,0,,,,,,,,,
7002,66413.15924,67938.02457,72852.27596,78066.77037,8700,0,,,,,,,,,
7003,66960.75229,68498.19052,73452.96113,78710.45035,8700,0,,,,,,,,,
7004,65854.0581,67366.08631,72238.96692,77409.56296,8700,0,,,,,,,,,
7005,63893.8476,65360.86881,70088.70336,75105.39155,8700,0,,,,,,,,,
7006,61827.18732,63246.75741,67821.66914,72676.09146,8700,0,,,,,,,,,
7007,60132.62178,61513.28415,65962.80626,70684.17811,8700,0,,,,,,,,,
7008,59365.41611,60728.46323,65121.21583,69782.34977,8700,0,,,,,,,,,
7009,55921.62164,57205.59824,61343.52678,65734.2678,8700,0,,,,,,,,,
7010,53970.0422,55209.20997,59202.7311,63440.24195,8700,0,,,,,,,,,
7011,52906.50333,54121.25194,58036.07636,62190.08242,8700,0,,,,,,,,,
7012,52580.44092,53787.70305,57678.40042,61806.80537,8700,0,,,,,,,,,
7013,52976.51085,54192.86685,58112.87149,62272.37426,8700,0,,,,,,,,,
7014,54522.43029,55774.28105,59808.67622,64089.55836,8700,0,,,,,,,,,
7015,57482.88518,58802.70884,63056.1633,67569.48847,8700,0,,,,,,,,,
7016,60814.47583,62210.79377,66710.76977,71485.67805,8700,0,,,,,,,,,
7017,63410.50803,64866.43162,69558.5014,74537.2397,8700,0,,,,,,,,,
7018,62158.04476,63585.21144,68184.60501,73065.00492,8700,0,,,,,,,,,
7019,60438.54505,61826.23151,66298.39045,71043.78217,8700,0,,,,,,,,,
7020,58590.53838,59935.79407,64271.2095,68871.50315,8700,0,,,,,,,,,
7021,55945.59681,57230.12389,61369.82646,65762.44994,8700,0,,,,,,,,,
7022,58413.12206,59754.30423,64076.5917,68662.95533,8700,0,,,,,,,,,
7023,60248.66164,61631.98832,66090.09681,70820.57965,8700,0,,,,,,,,,
7024,62418.89469,63852.05055,68470.74576,73371.62656,8700,0,,,,,,,,,
7025,65087.81143,66582.24639,71398.42848,76508.86191,8700,0,,,,,,,,,
7026,66086.13782,67603.49464,72493.54804,77682.36605,8700,0,,,,,,,,,
7027,66568.51839,68096.95081,73022.69802,78249.39061,8700,0,,,,,,,,,
7028,65505.93853,67009.97381,71857.09527,77000.35836,8700,0,,,,,,,,,
7029,63783.56179,65248.05079,69967.72475,74975.75374,8700,0,,,,,,,,,
7030,61936.51413,63358.5944,67941.59577,72804.60201,8700,0,,,,,,,,,
7031,60192.08022,61574.10778,66028.02952,70754.0698,8700,0,,,,,,,,,
7032,59507.34916,60873.65509,65276.91006,69949.18802,8700,0,,,,,,,,,
7033,55896.68745,57180.09155,61316.17508,65704.95838,8700,0,,,,,,,,,
7034,53947.98504,55186.64637,59178.53538,63414.3144,8700,0,,,,,,,,,
7035,52892.11823,54106.53655,58020.29654,62173.17314,8700,0,,,,,,,,,
7036,52571.80986,53778.8738,57668.93253,61796.6598,8700,0,,,,,,,,,
7037,53236.40177,54458.72494,58397.96024,62577.86861,8700,0,,,,,,,,,
7038,54752.59199,56009.72732,60061.15334,64360.10687,8700,0,,,,,,,,,
7039,57398.49256,58716.37853,62963.58836,67470.28736,8700,0,,,,,,,,,
7040,60849.00008,62246.11071,66748.64133,71526.26032,8700,0,,,,,,,,,
7041,63916.86377,65384.41344,70113.95108,75132.4464,8700,0,,,,,,,,,
7042,63330.91044,64785.00644,69471.18638,74443.67501,8700,0,,,,,,,,,
7043,61802.25313,63221.25073,67794.31745,72646.78203,8700,0,,,,,,,,,
7044,59986.8527,61364.16817,65802.90408,70512.83072,8700,0,,,,,,,,,
7045,57463.70504,58783.08831,63035.12353,67546.94276,8700,0,,,,,,,,,
7046,59742.3059,61114.00651,65534.64714,70225.37295,8700,0,,,,,,,,,
7047,61293.02037,62700.32583,67235.71181,72048.19349,8700,0,,,,,,,,,
7048,62660.56448,64099.26915,68735.84675,73655.70249,8700,0,,,,,,,,,
7049,65493.47144,66997.22046,71843.41943,76985.70365,8700,0,,,,,,,,,
7050,66610.7147,68140.11596,73068.98549,78298.99117,8700,0,,,,,,,,,
7051,67325.17498,68870.98045,73852.71658,79138.8188,8700,0,,,,,,,,,
7052,65933.65569,67447.51148,72326.28193,77503.12766,8700,0,,,,,,,,,
7053,63998.37938,65467.80067,70203.37007,75228.26567,8700,0,,,,,,,,,
7054,62159.00377,63586.19246,68185.65701,73066.13221,8700,0,,,,,,,,,
7055,60445.2581,61833.0987,66305.75437,71051.67317,8700,0,,,,,,,,,
7056,59728.8798,61100.27214,65519.9193,70209.59095,8700,0,,,,,,,,,
7057,56161.37341,57450.85477,61606.52378,66016.08916,8700,0,,,,,,,,,
7058,54198.28589,55442.6942,59453.10426,63708.53589,8700,0,,,,,,,,,
7059,53213.3856,54435.18031,58372.71253,62550.81376,8700,0,,,,,,,,,
7060,52842.24986,54055.52318,57965.59316,62114.5543,8700,0,,,,,,,,,
7061,53292.02418,54515.62446,58458.97555,62643.25115,8700,0,,,,,,,,,
7062,54887.81199,56148.05202,60209.48367,64519.05411,8700,0,,,,,,,,,
7063,57510.69639,58831.1586,63086.67096,67602.17975,8700,0,,,,,,,,,
7064,60499.9215,61889.01719,66365.71768,71115.92842,8700,0,,,,,,,,,
7065,62707.55583,64147.33944,68787.39416,73710.93948,8700,0,,,,,,,,,
7066,61658.40207,63074.0968,67636.51924,72477.68923,8700,0,,,,,,,,,
7067,60029.04902,61407.33333,65849.19157,70562.43129,8700,0,,,,,,,,,
7068,57984.44589,59315.78553,63606.35305,68159.05875,8700,0,,,,,,,,,
7069,55430.61,56703.31282,60804.90889,65157.09767,8700,0,,,,,,,,,
7070,58305.71327,59644.4293,63958.76905,68536.69938,8700,0,,,,,,,,,
7071,59478.57894,60844.2243,65245.35041,69915.36944,8700,0,,,,,,,,,
7072,61119.44008,62522.76008,67045.30197,71844.15481,8700,0,,,,,,,,,
7073,63757.6686,65221.56309,69939.32107,74945.31703,8700,0,,,,,,,,,
7074,64877.78888,66367.40167,71168.04311,76261.9864,8700,0,,,,,,,,,
7075,65116.58165,66611.67718,71429.98813,76542.68048,8700,0,,,,,,,,,
7076,63696.29214,65158.77742,69871.99383,74873.17076,8700,0,,,,,,,,,
7077,62285.59271,63715.68792,68324.51942,73214.9339,8700,0,,,,,,,,,
7078,60847.08207,62244.14866,66746.53736,71524.00575,8700,0,,,,,,,,,
7079,59395.14533,60758.87504,65153.82746,69817.29562,8700,0,,,,,,,,,
7080,58865.77341,60217.34858,64573.13006,69195.03407,8700,0,,,,,,,,,
7081,55171.67809,56438.43577,60520.87213,64852.7306,8700,0,,,,,,,,,
7082,53053.23142,54271.34895,58197.03053,62362.55709,8700,0,,,,,,,,,
7083,51853.51354,53044.0852,56880.99348,60952.32302,8700,0,,,,,,,,,
7084,51379.76404,52559.45827,56361.31139,60395.44403,8700,0,,,,,,,,,
7085,51509.23,52691.89681,56503.32978,60547.62756,8700,0,,,,,,,,,
7086,52419.32773,53622.89064,57501.66643,61617.42142,8700,0,,,,,,,,,
7087,53546.16106,54775.5964,58737.75238,62941.98179,8700,0,,,,,,,,,
7088,53696.72518,54929.61751,58902.91451,63118.96561,8700,0,,,,,,,,,
7089,52398.22957,53601.30806,57478.52269,61592.62114,8700,0,,,,,,,,,
7090,50196.34929,51348.87198,55063.15815,59004.37381,8700,0,,,,,,,,,
7091,49253.64531,50384.52323,54029.0539,57896.25222,8700,0,,,,,,,,,
7092,47559.07978,48651.05,52170.19103,55904.33888,8700,0,,,,,,,,,
7093,45891.36644,46945.04548,50340.78382,53943.98952,8700,0,,,,,,,,,
7094,47128.4856,48210.56925,51697.84841,55398.18773,8700,0,,,,,,,,,
7095,48381.90787,49492.77046,53072.79678,56871.54978,8700,0,,,,,,,,,
7096,50436.10106,51594.12851,55326.15516,59286.19517,8700,0,,,,,,,,,
7097,53315.99936,54540.15011,58485.27525,62671.4333,8700,0,,,,,,,,,
7098,55210.03837,56477.6768,60562.95163,64897.82202,8700,0,,,,,,,,,
7099,56621.69681,57921.74734,62111.47803,66557.18617,8700,0,,,,,,,,,
7100,56213.15979,57503.83018,61663.33113,66076.96257,8700,0,,,,,,,,,
7101,55796.95071,57078.06483,61206.76833,65587.72069,8700,0,,,,,,,,,
7102,54927.13128,56188.27409,60252.61516,64565.27281,8700,0,,,,,,,,,
7103,54263.49837,55509.40398,59524.63945,63785.1913,8700,0,,,,,,,,,
7104,54173.3517,55417.18752,59425.75256,63679.22647,8700,0,,,,,,,,,
7105,51093.97993,52267.11248,56047.81897,60059.51297,8700,0,,,,,,,,,
7106,48912.23879,50035.27793,53654.54617,57494.93862,8700,0,,,,,,,,,
7107,47800.74957,48898.2686,52435.29202,56188.41482,8700,0,,,,,,,,,
7108,47312.61496,48398.92627,51899.83012,55614.62653,8700,0,,,,,,,,,
7109,47553.32574,48645.16385,52163.87911,55897.57517,8700,0,,,,,,,,,
7110,48370.39978,49480.99814,53060.17291,56858.02234,8700,0,,,,,,,,,
7111,49122.26134,50250.12265,53884.93155,57741.81413,8700,0,,,,,,,,,
7112,48722.35538,49841.03474,53446.25253,57271.7361,8700,0,,,,,,,,,
7113,46939.5612,48017.30709,51490.60676,55176.1125,8700,0,,,,,,,,,
7114,44715.62375,45742.3074,49051.04649,52561.93759,8700,0,,,,,,,,,
7115,44182.4158,45196.85684,48466.14112,51935.16688,8700,0,,,,,,,,,
7116,42951.0507,43937.21924,47115.38849,50487.73242,8700,0,,,,,,,,,
7117,42397.7036,43371.16713,46508.39138,49837.28871,8700,0,,,,,,,,,
7118,43308.76034,44303.142,47507.78002,50908.20987,8700,0,,,,,,,,,
7119,44816.31949,45845.31514,49161.50523,52680.30256,8700,0,,,,,,,,,
7120,47340.42616,48427.37602,51930.33775,55647.31781,8700,0,,,,,,,,,
7121,50601.05028,51762.86502,55507.0971,59480.08825,8700,0,,,,,,,,,
7122,53349.56461,54574.48603,58522.09483,62710.88829,8700,0,,,,,,,,,
7123,55333.75029,56604.22919,60698.6581,65043.24184,8700,0,,,,,,,,,
7124,55150.57993,56416.85319,60497.72838,64827.93032,8700,0,,,,,,,,,
7125,54758.34603,56015.61348,60067.46528,64366.87058,8700,0,,,,,,,,,
7126,54217.46603,55462.31472,59474.14402,63731.0816,8700,0,,,,,,,,,
7127,53481.90759,54709.86764,58667.26919,62866.45367,8700,0,,,,,,,,,
7128,52619.76021,53827.92511,57721.53194,61853.02407,8700,0,,,,,,,,,
7129,49723.55879,50865.22607,54544.52804,58448.62209,8700,0,,,,,,,,,
7130,47800.74957,48898.2686,52435.29202,56188.41482,8700,0,,,,,,,,,
7131,46819.68531,47894.67882,51359.10825,55035.20182,8700,0,,,,,,,,,
7132,46751.59581,47825.02596,51284.4171,54955.16455,8700,0,,,,,,,,,
7133,47460.30205,48550.0043,52061.83627,55788.22848,8700,0,,,,,,,,,
7134,49576.8307,50715.12906,54383.57387,58276.14742,8700,0,,,,,,,,,
7135,53260.37695,54483.2506,58424.25996,62606.05074,8700,0,,,,,,,,,
7136,57592.21199,58914.54582,63176.08994,67697.99901,8700,0,,,,,,,,,
7137,61193.28363,62598.29911,67126.30505,71930.9558,8700,0,,,,,,,,,
7138,60294.69398,61679.07759,66140.59224,70874.68935,8700,0,,,,,,,,,
7139,58998.11639,60352.73019,64718.30441,69350.59945,8700,0,,,,,,,,,
7140,57133.8066,58445.61532,62673.23965,67159.15658,8700,0,,,,,,,,,
7141,54383.37426,55632.03224,59656.13795,63926.10198,8700,0,,,,,,,,,
7142,57112.70845,58424.03274,62650.09593,67134.35631,8700,0,,,,,,,,,
7143,58846.59327,60197.72806,64552.09029,69172.48836,8700,0,,,,,,,,,
7144,61189.4476,62594.375,67122.09709,71926.44665,8700,0,,,,,,,,,
7145,64449.11271,65928.88296,70697.80445,75758.08981,8700,0,,,,,,,,,
7146,66003.66321,67519.12639,72403.07707,77585.41949,8700,0,,,,,,,,,
7147,66280.81626,67802.64296,72707.10161,77911.20499,8700,0,,,,,,,,,
7148,64733.93782,66220.24774,71010.2449,76092.89358,8700,0,,,,,,,,,
7149,62769.89129,64211.10613,68855.77339,73784.21303,8700,0,,,,,,,,,
7150,61186.57058,62591.43192,67118.94112,71923.0648,8700,0,,,,,,,,,
7151,59645.44618,61014.92286,65428.39634,70111.51712,8700,0,,,,,,,,,
7152,59259.92533,60620.55034,65005.49715,69658.34837,8700,0,,,,,,,,,
7153,55638.71454,56916.1955,61033.19029,65401.71861,8700,0,,,,,,,,,
7154,53747.55255,54981.61189,58958.66987,63178.71173,8700,0,,,,,,,,,
7155,52560.30177,53767.10149,57656.30867,61783.13238,8700,0,,,,,,,,,
7156,52267.80461,53467.8885,57335.45232,61439.31033,8700,0,,,,,,,,,
7157,52768.40631,53979.98417,57884.59007,62027.75332,8700,0,,,,,,,,,
7158,54422.69355,55672.25432,59699.26946,63972.32068,8700,0,,,,,,,,,
7159,57315.05894,58631.02926,62872.06539,67372.21353,8700,0,,,,,,,,,
7160,60544.03583,61934.14439,66414.10914,71167.78357,8700,0,,,,,,,,,
7161,63127.60094,64577.0289,69248.16494,74204.6905,8700,0,,,,,,,,,
7162,62079.40618,63504.76729,68098.34199,72972.56753,8700,0,,,,,,,,,
7163,60638.97753,62031.26597,66518.25595,71279.38481,8700,0,,,,,,,,,
7164,58720.00433,60068.2326,64413.22788,69023.68667,8700,0,,,,,,,,,
7165,55693.37795,56972.11401,61093.15362,65465.97387,8700,0,,,,,,,,,
7166,58297.08221,59635.60007,63949.30116,68526.55381,8700,0,,,,,,,,,
7167,60065.49129,61444.61233,65889.16711,70605.26814,8700,0,,,,,,,,,
7168,62135.02859,63561.66681,68159.35729,73037.95008,8700,0,,,,,,,,,
7169,65144.39285,66640.12694,71460.49578,76575.37174,8700,0,,,,,,,,,
7170,66416.99527,67941.94868,72856.48392,78071.27952,8700,0,,,,,,,,,
7171,66747.85271,68280.40269,73219.41979,78460.19299,8700,0,,,,,,,,,
7172,65368.80051,66869.68706,71706.66098,76839.15654,8700,0,,,,,,,,,
7173,63393.2459,64848.77315,69539.56561,74516.94856,8700,0,,,,,,,,,
7174,61726.49157,63143.74966,67711.21039,72557.72649,8700,0,,,,,,,,,
7175,59960.95951,61337.68046,65774.50041,70482.39401,8700,0,,,,,,,,,
7176,59225.40107,60585.2334,64967.62558,69617.7661,8700,0,,,,,,,,,
7177,55647.34561,56925.02475,61042.65819,65411.86418,8700,0,,,,,,,,,
7178,53655.48787,54887.43338,58857.67902,63070.49234,8700,0,,,,,,,,,
7179,52728.12801,53938.78107,57840.40658,61980.40733,8700,0,,,,,,,,,
7180,52286.02574,53486.528,57355.44009,61460.72874,8700,0,,,,,,,,,
7181,52921.84745,54136.94836,58052.90817,62208.119,8700,0,,,,,,,,,
7182,54515.71724,55767.41386,59801.3123,64081.66737,8700,0,,,,,,,,,
7183,57252.72348,58567.26257,62803.68616,67298.93997,8700,0,,,,,,,,,
7184,60665.82973,62058.73471,66547.71162,71310.94881,8700,0,,,,,,,,,
7185,63726.02136,65189.18923,69904.60546,74908.1166,8700,0,,,,,,,,,
7186,63116.09285,64565.25659,69235.54107,74191.16307,8700,0,,,,,,,,,
7187,61232.60292,62638.52118,67169.43655,71977.1745,8700,0,,,,,,,,,
7188,58989.48533,60343.90097,64708.83653,69340.45389,8700,0,,,,,,,,,
7189,55819.00788,57100.62843,61230.96405,65613.64826,8700,0,,,,,,,,,
7190,58187.7554,59523.76308,63829.37451,68398.04327,8700,0,,,,,,,,,
7191,59970.54958,61347.49073,65785.02028,70493.66687,8700,0,,,,,,,,,
7192,61890.48179,63311.50513,67891.10036,72750.49231,8700,0,,,,,,,,,
7193,64979.44363,66471.39044,71279.55384,76381.47866,8700,0,,,,,,,,,
7194,66111.072,67629.00132,72520.89972,77711.67546,8700,0,,,,,,,,,
7195,66090.93285,67608.39977,72498.80797,77688.00247,8700,0,,,,,,,,,
7196,64699.41356,66184.93079,70972.37332,76052.31131,8700,0,,,,,,,,,
7197,63024.02817,64471.07807,69134.55022,74082.94367,8700,0,,,,,,,,,
7198,61585.51753,62999.53881,67556.56816,72392.01553,8700,0,,,,,,,,,
7199,60159.47398,61540.75289,65992.26194,70715.7421,8700,0,,,,,,,,,
7200,59450.76774,60815.77455,65214.84277,69882.67817,8700,0,,,,,,,,,
7201,55754.7544,57034.89967,61160.48085,65538.12014,8700,0,,,,,,,,,
7202,53970.0422,55209.20997,59202.7311,63440.24195,8700,0,,,,,,,,,
7203,53072.41156,54290.96947,58218.07028,62385.10279,8700,0,,,,,,,,,
7204,52778.95539,53990.77546,57896.16195,62040.15345,8700,0,,,,,,,,,
7205,53292.98319,54516.60549,58460.02754,62644.37844,8700,0,,,,,,,,,
7206,54972.20461,56234.38231,60302.0586,64618.25523,8700,0,,,,,,,,,
7207,57977.73284,59308.91834,63598.98913,68151.16775,8700,0,,,,,,,,,
7208,61009.15427,62409.94208,66924.32334,71714.51699,8700,0,,,,,,,,,
7209,62651.93342,64090.43991,68726.37886,73645.55693,8700,0,,,,,,,,,
7210,61278.63526,62685.61044,67219.93198,72031.2842,8700,0,,,,,,,,,
7211,59844.91965,61218.9763,65647.20985,70345.99248,8700,0,,,,,,,,,
7212,57648.79341,58972.42636,63238.15724,67764.50886,8700,0,,,,,,,,,
7213,54747.79695,56004.8222,60055.8934,64354.47044,8700,0,,,,,,,,,
7214,57391.77951,58709.51135,62956.22443,67462.39636,8700,0,,,,,,,,,
7215,59336.6459,60699.03244,65089.6562,69748.53121,8700,0,,,,,,,,,
7216,61723.61455,63140.80657,67708.05443,72554.34463,8700,0,,,,,,,,,
7217,65075.34434,66569.49305,71384.75264,76494.20719,8700,0,,,,,,,,,
7218,66314.38151,67836.97888,72743.9212,77950.65997,8700,0,,,,,,,,,
7219,66639.48491,68169.54675,73100.54513,78332.80972,8700,0,,,,,,,,,
7220,65277.69484,66776.48958,71606.72212,76732.06442,8700,0,,,,,,,,,
7221,63324.19739,64778.13927,69463.82247,74435.78401,8700,0,,,,,,,,,
7222,61660.32008,63076.05885,67638.62321,72479.9438,8700,0,,,,,,,,,
7223,60110.56462,61490.72056,65938.61053,70658.25054,8700,0,,,,,,,,,
7224,59290.61355,60651.94318,65039.16076,69694.4215,8700,0,,,,,,,,,
7225,55591.7232,56868.12524,60981.64288,65346.48162,8700,0,,,,,,,,,
7226,53686.1761,54918.82622,58891.34263,63106.56547,8700,0,,,,,,,,,
7227,52635.10433,53843.62153,57738.36375,61871.06065,8700,0,,,,,,,,,
7228,52377.13142,53579.7255,57455.37897,61567.82086,8700,0,,,,,,,,,
7229,52834.5778,54047.67498,57957.17726,62105.53601,8700,0,,,,,,,,,
7230,54368.03014,55616.33583,59639.30614,63908.06541,8700,0,,,,,,,,,
7231,57143.39667,58455.42557,62683.75954,67170.42943,8700,0,,,,,,,,,
7232,60299.48902,61683.98271,66145.85218,70880.32578,8700,0,,,,,,,,,
7233,61675.6642,63091.75528,67655.45503,72497.98037,8700,0,,,,,,,,,
7234,60691.72292,62085.22241,66576.1153,71341.38552,8700,0,,,,,,,,,
7235,60005.07384,61382.80768,65822.89185,70534.24914,8700,0,,,,,,,,,
7236,58532.99795,59876.93251,64208.09021,68803.86602,8700,0,,,,,,,,,
7237,56144.11128,57433.19631,61587.58799,65995.79802,8700,0,,,,,,,,,
7238,58386.26987,59726.83551,64047.13604,68631.39135,8700,0,,,,,,,,,
7239,59504.47214,60870.71201,65273.7541,69945.80615,8700,0,,,,,,,,,
7240,61261.37313,62667.95197,67200.99618,72010.99305,8700,0,,,,,,,,,
7241,63912.06874,65379.50832,70108.69115,75126.80998,8700,0,,,,,,,,,
7242,64907.5181,66397.81347,71200.65473,76296.93225,8700,0,,,,,,,,,
7243,64707.08562,66192.77901,70980.78923,76061.3296,8700,0,,,,,,,,,
7244,63335.70547,64789.91158,69476.44633,74449.31142,8700,0,,,,,,,,,
7245,61807.04817,63226.15586,67799.57739,72652.41847,8700,0,,,,,,,,,
7246,60483.61838,61872.33974,66347.83389,71096.76458,8700,0,,,,,,,,,
7247,59057.57483,60413.55381,64783.52767,69420.49114,8700,0,,,,,,,,,
7248,58572.31724,59917.15457,64251.22172,68850.08472,8700,0,,,,,,,,,
7249,55001.93383,56264.79413,60334.67023,64653.20108,8700,0,,,,,,,,,
7250,52947.74064,54163.43606,58081.31186,62238.5557,8700,0,,,,,,,,,
7251,51785.42404,52974.43234,56806.30233,60872.28575,8700,0,,,,,,,,,
7252,51301.12546,52479.01413,56275.04838,60303.00662,8700,0,,,,,,,,,
7253,51441.14049,52622.24394,56428.63863,60467.59029,8700,0,,,,,,,,,
7254,52428.9178,53632.70091,57512.18632,61628.69427,8700,0,,,,,,,,,
7255,53668.91397,54901.16774,58872.40684,63086.27434,8700,0,,,,,,,,,
7256,54364.19412,55612.41173,59635.09819,63903.55628,8700,0,,,,,,,,,
7257,55085.36745,56350.14341,60426.1932,64751.27491,8700,0,,,,,,,,,
7258,54485.98802,55737.00206,59768.70067,64046.72152,8700,0,,,,,,,,,
7259,54118.6883,55361.26903,59365.78925,63614.9712,8700,0,,,,,,,,,
7260,53516.43184,54745.18458,58705.14075,62907.03595,8700,0,,,,,,,,,
7261,52290.82078,53491.43314,57360.70004,61466.36518,8700,0,,,,,,,,,
7262,53606.57851,54837.40105,58804.02763,63013.00078,8700,0,,,,,,,,,
7263,53766.7327,55001.23243,58979.70964,63201.25746,8700,0,,,,,,,,,
7264,53772.48674,55007.11857,58986.02156,63208.02117,8700,0,,,,,,,,,
7265,54407.34943,55656.5579,59682.43764,63954.2841,8700,0,,,,,,,,,
7266,55900.52348,57184.01565,61320.38303,65709.46752,8700,0,,,,,,,,,
7267,57319.85398,58635.93439,62877.32534,67377.84995,8700,0,,,,,,,,,
7268,57034.06986,58343.58858,62563.8329,67041.91889,8700,0,,,,,,,,,
7269,56308.10149,57600.95177,61767.47795,66188.56383,8700,0,,,,,,,,,
7270,55491.98646,56766.09851,60872.23613,65229.24393,8700,0,,,,,,,,,
7271,54802.46036,56060.74068,60115.85673,64418.72571,8700,0,,,,,,,,,
7272,54584.76575,55838.04775,59877.05544,64162.83192,8700,0,,,,,,,,,
7273,51491.00886,52673.2573,56483.34201,60526.20912,8700,0,,,,,,,,,
7274,49386.9473,50520.88588,54175.28024,58052.9449,8700,0,,,,,,,,,
7275,48213.12262,49320.10985,52887.64689,56673.14754,8700,0,,,,,,,,,
7276,47661.69354,48756.01979,52282.75375,56024.95842,8700,0,,,,,,,,,
7277,47986.79694,49088.58766,52639.3777,56407.10817,8700,0,,,,,,,,,
7278,48745.37155,49864.57936,53471.50024,57298.79095,8700,0,,,,,,,,,
7279,49757.12404,50899.56199,54581.34762,58488.07708,8700,0,,,,,,,,,
7280,49461.74985,50597.40592,54257.3353,58140.87316,8700,0,,,,,,,,,
7281,47693.34077,48788.39366,52317.46936,56062.15883,8700,0,,,,,,,,,
7282,45847.25212,46899.91828,50292.39238,53892.1344,8700,0,,,,,,,,,
7283,45292.94602,46332.88516,49684.34328,53240.56342,8700,0,,,,,,,,,
7284,44084.59708,45096.79217,48358.83836,51820.18378,8700,0,,,,,,,,,
7285,43770.04275,44775.01558,48013.78627,51450.43415,8700,0,,,,,,,,,
7286,44882.49098,45913.00595,49234.0924,52758.08525,8700,0,,,,,,,,,
7287,46282.64134,47345.30416,50769.99495,54403.92198,8700,0,,,,,,,,,
7288,48447.12035,49559.48023,53144.33197,56948.20518,8700,0,,,,,,,,,
7289,51556.22135,52739.96709,56554.8772,60602.86455,8700,0,,,,,,,,,
7290,54127.31936,55370.09825,59375.25713,63625.11676,8700,0,,,,,,,,,
7291,55776.81156,57057.46328,61184.67657,65564.04769,8700,0,,,,,,,,,
7292,55659.8127,56937.77809,61056.33403,65426.51888,8700,0,,,,,,,,,
7293,55288.67695,56558.12095,60649.21466,64990.25942,8700,0,,,,,,,,,
7294,54722.86277,55979.31551,60028.54171,64325.16102,8700,0,,,,,,,,,
7295,53808.92901,55044.39757,59025.99711,63250.85801,8700,0,,,,,,,,,
7296,52895.95426,54110.46065,58024.5045,62177.6823,8700,0,,,,,,,,,
7297,49962.35156,51109.50159,54806.47307,58729.31617,8700,0,,,,,,,,,
7298,48036.66531,49139.60103,52694.08107,56465.72702,8700,0,,,,,,,,,
7299,47189.86205,48273.35491,51765.17564,55470.33399,8700,0,,,,,,,,,
7300,47010.52772,48089.90302,51568.45387,55259.53161,8700,0,,,,,,,,,
7301,47678.95567,48773.67827,52301.68954,56045.24956,8700,0,,,,,,,,,
7302,49773.42716,50916.23944,54599.23142,58507.24094,8700,0,,,,,,,,,
7303,53399.43298,54625.49939,58576.79822,62769.50713,8700,0,,,,,,,,,
7304,58027.60121,59359.9317,63653.69251,68209.78659,8700,0,,,,,,,,,
7305,62466.84505,63901.10186,68523.34516,73427.99084,8700,0,,,,,,,,,
7306,62083.24221,63508.6914,68102.54994,72977.07667,8700,0,,,,,,,,,
7307,61116.56306,62519.81701,67042.146,71840.77296,8700,0,,,,,,,,,
7308,59748.05994,61119.89266,65540.95906,70232.13666,8700,0,,,,,,,,,
7309,57190.38802,58503.49585,62735.30695,67225.66642,8700,0,,,,,,,,,
7310,60310.03809,61694.77399,66157.42405,70892.72592,8700,0,,,,,,,,,
7311,62333.54306,63764.73922,68377.11882,73271.29816,8700,0,,,,,,,,,
7312,63979.19923,65448.18013,70182.33029,75205.71995,8700,0,,,,,,,,,
7313,66419.87229,67944.89175,72859.63988,78074.66136,8700,0,,,,,,,,,
7314,65993.11413,67508.3351,72391.50519,77573.01936,8700,0,,,,,,,,,
7315,65943.24576,67457.32174,72336.80182,77514.4005,8700,0,,,,,,,,,
7316,64612.14392,66095.65741,70876.64241,75949.72834,8700,0,,,,,,,,,
7317,63135.27299,64584.87711,69256.58082,74213.70877,8700,0,,,,,,,,,
7318,61661.27909,63077.03988,67639.6752,72481.07108,8700,0,,,,,,,,,
7319,59840.12462,61214.07118,65641.94991,70340.35606,8700,0,,,,,,,,,
7320,59376.92419,60740.23553,65133.83968,69795.87719,8700,0,,,,,,,,,
7321,55746.12334,57026.07045,61151.01296,65527.97457,8700,0,,,,,,,,,
7322,53788.78986,55023.79602,59003.90537,63227.18501,8700,0,,,,,,,,,
7323,52889.24121,54103.59347,58017.14058,62169.79129,8700,0,,,,,,,,,
7324,52557.42475,53764.15841,57653.15271,61779.75052,8700,0,,,,,,,,,
7325,53119.40291,54339.03975,58269.61771,62440.33979,8700,0,,,,,,,,,
7326,54816.84546,56075.45607,60131.63655,64435.63499,8700,0,,,,,,,,,
7327,57687.15369,59011.66741,63280.23675,67809.60027,8700,0,,,,,,,,,
7328,61199.99668,62605.16629,67133.66896,71938.8468,8700,0,,,,,,,,,
7329,63791.23384,65255.89901,69976.14064,74984.77201,8700,0,,,,,,,,,
7330,62779.48136,64220.91639,68866.29326,73795.48589,8700,0,,,,,,,,,
7331,61580.72249,62994.63368,67551.30821,72386.3791,8700,0,,,,,,,,,
7332,59839.16561,61213.09015,65640.89793,70339.22877,8700,0,,,,,,,,,
7333,57088.73327,58399.50708,62623.79621,67106.17417,8700,0,,,,,,,,,
7334,60301.40703,61685.94476,66147.95616,70882.58034,8700,0,,,,,,,,,
7335,62455.33696,63889.32955,68510.7213,73414.46341,8700,0,,,,,,,,,
7336,64522.95626,66004.42199,70778.80753,75844.8908,8700,0,,,,,,,,,
7337,66615.50973,68145.02109,73074.24544,78304.62759,8700,0,,,,,,,,,
7338,66487.00278,68013.56358,72933.27903,78153.57134,8700,0,,,,,,,,,
7339,66702.77938,68234.29448,73169.97635,78407.21057,8700,0,,,,,,,,,
7340,65271.9408,66770.60342,71600.4102,76725.30072,8700,0,,,,,,,,,
7341,63748.07853,65211.75284,69928.80119,74934.04417,8700,0,,,,,,,,,
7342,61921.17001,63342.89797,67924.76396,72786.56543,8700,0,,,,,,,,,
7343,60060.69625,61439.70719,65883.90716,70599.6317,8700,0,,,,,,,,,
7344,59677.09341,61047.29672,65463.11194,70148.71753,8700,0,,,,,,,,,
7345,56112.46405,57400.82244,61552.87239,65958.5976,8700,0,,,,,,,,,
7346,54211.71199,55456.42857,59467.8321,63724.31789,8700,0,,,,,,,,,
7347,53081.04262,54299.7987,58227.53817,62395.24836,8700,0,,,,,,,,,
7348,52768.40631,53979.98417,57884.59007,62027.75332,8700,0,,,,,,,,,
7349,53301.61426,54525.43472,58469.49544,62654.52402,8700,0,,,,,,,,,
7350,54816.84546,56075.45607,60131.63655,64435.63499,8700,0,,,,,,,,,
7351,57655.50646,58979.29356,63245.52115,67772.39986,8700,0,,,,,,,,,
7352,61336.17568,62744.472,67283.05126,72098.92131,8700,0,,,,,,,,,
7353,64083.73101,65555.11199,70296.997,75328.59407,8700,0,,,,,,,,,
7354,62659.60547,64098.28812,68734.79476,73654.5752,8700,0,,,,,,,,,
7355,61125.19412,62528.64625,67051.61389,71850.91852,8700,0,,,,,,,,,
7356,59278.14646,60639.18984,65025.48491,69679.76679,8700,0,,,,,,,,,
7357,56453.87057,57750.06776,61927.38013,66359.91121,8700,0,,,,,,,,,
7358,59848.75568,61222.90041,65651.4178,70350.50161,8700,0,,,,,,,,,
7359,61801.29413,63220.26971,67793.26547,72645.65476,8700,0,,,,,,,,,
7360,64299.5076,65775.84288,70533.6943,75582.23329,8700,0,,,,,,,,,
7361,66745.9347,68278.44065,73217.31581,78457.93842,8700,0,,,,,,,,,
7362,66208.89073,67729.066,72628.20251,77826.65858,8700,0,,,,,,,,,
7363,66001.74519,67517.16434,72400.97308,77583.16491,8700,0,,,,,,,,,
7364,64632.28307,66116.25896,70898.73417,75973.40133,8700,0,,,,,,,,,
7365,63442.15526,64898.80549,69593.21699,74574.44012,8700,0,,,,,,,,,
7366,61786.90902,63205.5543,67777.48565,72628.74548,8700,0,,,,,,,,,
7367,60111.52363,61491.70159,65939.66253,70659.37783,8700,0,,,,,,,,,
7368,59942.73838,61319.04098,65754.51264,70460.9756,8700,0,,,,,,,,,
7369,56383.86305,57678.45284,61850.585,66277.61937,8700,0,,,,,,,,,
7370,54354.60404,55602.60146,59624.5783,63892.28341,8700,0,,,,,,,,,
7371,53415.7361,54642.17684,58594.68201,62788.67099,8700,0,,,,,,,,,
7372,53024.46121,54241.91816,58165.4709,62328.73853,8700,0,,,,,,,,,
7373,53432.99823,54659.83531,58613.6178,62808.96212,8700,0,,,,,,,,,
7374,55136.19483,56402.1378,60481.94857,64811.02105,8700,0,,,,,,,,,
7375,58088.97767,59422.71739,63721.01976,68281.93287,8700,0,,,,,,,,,
7376,61647.85299,63063.30551,67624.94738,72465.28908,8700,0,,,,,,,,,
7377,64416.50647,65895.52808,70662.03685,75719.76211,8700,0,,,,,,,,,
7378,62892.6442,64336.67749,68990.42786,73928.50557,8700,0,,,,,,,,,
7379,61563.46037,62976.97521,67532.37243,72366.08797,8700,0,,,,,,,,,
7380,59643.52816,61012.96081,65426.29236,70109.26254,8700,0,,,,,,,,,
7381,57097.36433,58408.33632,62633.2641,67116.31973,8700,0,,,,,,,,,
7382,60725.28817,62119.55834,66612.93488,71380.84051,8700,0,,,,,,,,,
7383,63045.12633,64492.66065,69157.69396,74107.74395,8700,0,,,,,,,,,
7384,64889.29697,66379.17398,71180.66696,76275.51384,8700,0,,,,,,,,,
7385,67273.3886,68818.00504,73795.90923,79077.94539,8700,0,,,,,,,,,
7386,66995.27654,68533.50745,73490.83269,78751.03262,8700,0,,,,,,,,,
7387,66885.94973,68421.67047,73370.90607,78622.52207,8700,0,,,,,,,,,
7388,65475.2503,66978.58097,71823.43166,76964.28522,8700,0,,,,,,,,,
7389,63890.97058,65357.92573,70085.5474,75102.0097,8700,0,,,,,,,,,
7390,62253.94547,63683.31406,68289.80382,73177.73348,8700,0,,,,,,,,,
7391,60624.59242,62016.55058,66502.47613,71262.47553,8700,0,,,,,,,,,
7392,60221.80944,61604.51959,66060.64115,70789.01565,8700,0,,,,,,,,,
7393,56586.21355,57885.44937,62072.55448,66515.4766,8700,0,,,,,,,,,
7394,54437.07865,55686.96971,59715.04928,63989.22995,8700,0,,,,,,,,,
7395,53474.23553,54702.01943,58658.85328,62857.4354,8700,0,,,,,,,,,
7396,53146.25511,54366.50848,58299.07337,62471.90378,8700,0,,,,,,,,,
7397,53646.85681,54878.60415,58848.21113,63060.34677,8700,0,,,,,,,,,
7398,55252.23468,56520.84196,60609.23911,64947.42257,8700,0,,,,,,,,,
7399,58091.85469,59425.66046,63724.17571,68285.31473,8700,0,,,,,,,,,
7400,61548.11625,62961.27879,67515.54061,72348.05139,8700,0,,,,,,,,,
7401,64773.25711,66260.46982,71053.37641,76139.11229,8700,0,,,,,,,,,
7402,63564.90817,65024.37683,69727.87147,74718.73265,8700,0,,,,,,,,,
7403,62096.66831,63522.42576,68117.27778,72992.85867,8700,0,,,,,,,,,
7404,60149.88391,61530.94263,65981.74205,70704.46924,8700,0,,,,,,,,,
7405,57479.04915,58798.78473,63051.95534,67564.97933,8700,0,,,,,,,,,
7406,60876.81129,62274.56047,66779.14899,71558.9516,8700,0,,,,,,,,,
7407,63099.78973,64548.57914,69217.65727,74171.99923,8700,0,,,,,,,,,
7408,64647.62718,66131.95538,70915.56597,75991.4379,8700,0,,,,,,,,,
7409,65924.06562,67437.70122,72315.76206,77491.8548,8700,0,,,,,,,,,
7410,65299.752,66799.05318,71630.91784,76757.99198,8700,0,,,,,,,,,
7411,64916.14916,66406.6427,71210.12261,76307.07781,8700,0,,,,,,,,,
7412,63697.25115,65159.75845,69873.04582,74874.29805,8700,0,,,,,,,,,
7413,62527.2625,63962.90652,68589.62041,73499.00983,8700,0,,,,,,,,,
7414,60946.81881,62346.17539,66855.94412,71641.24345,8700,0,,,,,,,,,
7415,59610.92192,60979.60591,65390.52476,70070.93484,8700,0,,,,,,,,,
7416,59627.22504,60996.28336,65408.40856,70090.09868,8700,0,,,,,,,,,
7417,56028.07142,57314.49213,61460.29744,65859.39649,8700,0,,,,,,,,,
7418,53886.60858,55123.86068,59111.20813,63342.16812,8700,0,,,,,,,,,
7419,52695.52177,53905.42618,57804.63899,61942.07962,8700,0,,,,,,,,,
7420,52208.34617,53407.06489,57270.22906,61369.41863,8700,0,,,,,,,,,
7421,52433.71284,53637.60604,57517.44626,61634.33072,8700,0,,,,,,,,,
7422,53311.20433,54535.24499,58480.01533,62665.79688,8700,0,,,,,,,,,
7423,54626.96206,55881.2129,59923.34292,64212.43247,8700,0,,,,,,,,,
7424,54994.26178,56256.94593,60326.25433,64644.1828,8700,0,,,,,,,,,
7425,54150.33553,55393.64288,59400.50485,63652.17162,8700,0,,,,,,,,,
7426,51927.35709,53119.62422,56961.99657,61039.124,8700,0,,,,,,,,,
7427,50968.35,52138.59805,55910.00853,59911.83858,8700,0,,,,,,,,,
7428,49495.3151,50631.74184,54294.15489,58180.32815,8700,0,,,,,,,,,
7429,48015.56716,49118.01846,52670.93734,56440.92675,8700,0,,,,,,,,,
7430,49384.07028,50517.94281,54172.12428,58049.56305,8700,0,,,,,,,,,
7431,50741.06532,51906.09484,55660.68737,59644.67193,8700,0,,,,,,,,,
7432,52423.16376,53626.81476,57505.87439,61621.93056,8700,0,,,,,,,,,
7433,54729.57582,55986.1827,60035.90564,64333.05202,8700,0,,,,,,,,,
7434,56108.62802,57396.89833,61548.66444,65954.08846,8700,0,,,,,,,,,
7435,57017.76674,58326.91114,62545.9491,67022.75504,8700,0,,,,,,,,,
7436,56632.24589,57932.53862,62123.04991,66569.5863,8700,0,,,,,,,,,
7437,56308.10149,57600.95177,61767.47795,66188.56383,8700,0,,,,,,,,,
7438,55724.06617,57003.50684,61126.81723,65502.047,8700,0,,,,,,,,,
7439,55070.98234,56335.42801,60410.41337,64734.36563,8700,0,,,,,,,,,
7440,55046.04816,56309.92134,60383.06168,64705.05621,8700,0,,,,,,,,,
7441,51879.40674,53070.57291,56909.39717,60982.75974,8700,0,,,,,,,,,
7442,49716.84574,50858.35889,54537.16413,58440.73108,8700,0,,,,,,,,,
7443,48418.35014,49530.04945,53112.77233,56914.38663,8700,0,,,,,,,,,
7444,48118.18092,49222.98825,52783.50007,56561.54629,8700,0,,,,,,,,,
7445,48368.48177,49479.03609,53058.06894,56855.76779,8700,0,,,,,,,,,
7446,49212.40801,50342.33912,53983.81841,57847.77896,8700,0,,,,,,,,,
7447,50108.12063,51258.61756,54966.37525,58900.66354,8700,0,,,,,,,,,
7448,49804.11539,50947.63227,54632.89505,58543.31408,8700,0,,,,,,,,,
7449,47750.8812,48847.25523,52380.58864,56129.79598,8700,0,,,,,,,,,
7450,45661.20474,46709.5992,50088.30669,53673.44102,8700,0,,,,,,,,,
7451,45561.468,46607.57247,49978.89993,53556.20333,8700,0,,,,,,,,,
7452,44402.98744,45422.49286,48708.09839,52194.44255,8700,0,,,,,,,,,
7453,44202.55495,45217.45838,48488.23288,51958.83989,8700,0,,,,,,,,,
7454,45239.24162,46277.94769,49625.43196,53177.43544,8700,0,,,,,,,,,
7455,47239.73042,48324.36828,51819.87902,55528.95283,8700,0,,,,,,,,,
7456,49769.59113,50912.31533,54595.02348,58502.73179,8700,0,,,,,,,,,
7457,52070.24915,53265.79712,57118.74279,61207.08953,8700,0,,,,,,,,,
7458,54531.06135,55783.11027,59818.14411,64099.70394,8700,0,,,,,,,,,
7459,55977.24405,57262.49775,61404.54208,65799.65036,8700,0,,,,,,,,,
7460,55720.23015,56999.58274,61122.60928,65497.53787,8700,0,,,,,,,,,
7461,55325.11922,56595.39994,60689.1902,65033.09627,8700,0,,,,,,,,,
7462,54807.25539,56065.64581,60121.11666,64424.36214,8700,0,,,,,,,,,
7463,54194.44986,55438.77009,59448.8963,63704.02675,8700,0,,,,,,,,,
7464,53215.30362,54437.14237,58374.81652,62553.06833,8700,0,,,,,,,,,
7465,50288.41397,51443.05049,55164.149,59112.5932,8700,0,,,,,,,,,
7466,48529.59496,49643.84849,53234.80293,57045.15174,8700,0,,,,,,,,,
7467,47634.84134,48728.55106,52253.29808,55993.39443,8700,0,,,,,,,,,
7468,47501.53935,48592.18843,52107.07175,55836.70175,8700,0,,,,,,,,,
7469,48173.80333,49279.88777,52844.51537,56626.92885,8700,0,,,,,,,,,
7470,50127.30078,51278.23809,54987.41502,58923.20925,8700,0,,,,,,,,,
7471,53634.38972,54865.85081,58834.53528,63045.69206,8700,0,,,,,,,,,
7472,58827.41313,60178.10753,64531.05054,69149.94265,8700,0,,,,,,,,,
7473,65760.07541,67269.94575,72135.8721,77299.089,8700,0,,,,,,,,,
7474,68829.85711,70410.21052,75503.28582,80907.52964,8700,0,,,,,,,,,
7475,69625.833,71224.46225,76376.4359,81843.17655,8700,0,,,,,,,,,
7476,68978.50321,70562.26958,75666.34397,81082.25889,8700,0,,,,,,,,,
7477,65527.03668,67031.55638,71880.239,77025.15863,8700,0,,,,,,,,,
7478,67225.43825,68768.95374,73743.30983,79021.58113,8700,0,,,,,,,,,
7479,67470.94406,69020.09643,74012.61877,79310.1662,8700,0,,,,,,,,,
7480,67601.36903,69153.516,74155.68915,79463.47703,8700,0,,,,,,,,,
7481,68483.65555,70056.06007,75123.51814,80500.57961,8700,0,,,,,,,,,
7482,67614.79513,69167.25037,74170.41697,79479.25902,8700,0,,,,,,,,,
7483,67587.94293,69139.78164,74140.96131,79447.69503,8700,0,,,,,,,,,
7484,66205.0547,67725.14189,72623.99455,77822.14943,8700,0,,,,,,,,,
7485,64509.53016,65990.68762,70764.07969,75829.10881,8700,0,,,,,,,,,
7486,62525.34448,63960.94446,68587.51643,73496.75525,8700,0,,,,,,,,,
7487,60710.90306,62104.84294,66597.15506,71363.93123,8700,0,,,,,,,,,
7488,60779.95157,62175.47682,66672.89819,71445.09577,8700,0,,,,,,,,,
7489,57250.80547,58565.30052,62801.58221,67296.6854,8700,0,,,,,,,,,
7490,55106.46561,56371.72598,60449.33694,64776.0752,8700,0,,,,,,,,,
7491,54035.25468,55275.91975,59274.26628,63516.89736,8700,0,,,,,,,,,
7492,53772.48674,55007.11857,58986.02156,63208.02117,8700,0,,,,,,,,,
7493,54262.53936,55508.42295,59523.58745,63784.064,8700,0,,,,,,,,,
7494,55957.1049,57241.8962,61382.45033,65775.97737,8700,0,,,,,,,,,
7495,58970.30519,60324.28044,64687.79676,69317.90818,8700,0,,,,,,,,,
7496,63275.28803,64728.10692,69410.17109,74378.29246,8700,0,,,,,,,,,
7497,68312.95229,69881.43742,74936.26427,80299.9228,8700,0,,,,,,,,,
7498,68954.52804,70537.74393,75640.04428,81054.07676,8700,0,,,,,,,,,
7499,68558.45811,70132.58012,75205.57322,80588.50787,8700,0,,,,,,,,,
7500,67780.70335,69336.96788,74352.4109,79674.27939,8700,0,,,,,,,,,
7501,65474.29129,66977.59994,71822.37967,76963.15794,8700,0,,,,,,,,,
7502,68288.97711,69856.91176,74909.96458,80271.74067,8700,0,,,,,,,,,
7503,68437.62321,70008.97082,75073.02271,80446.46991,8700,0,,,,,,,,,
7504,68747.3825,70325.84227,75412.81485,80810.58309,8700,0,,,,,,,,,
7505,69815.71641,71418.70543,76584.72954,82066.37907,8700,0,,,,,,,,,
7506,69032.20761,70617.20704,75725.2553,81145.38687,8700,0,,,,,,,,,
7507,68761.76761,70340.55766,75428.59468,80827.49238,8700,0,,,,,,,,,
7508,67138.1686,68679.68035,73647.57892,78918.99815,8700,0,,,,,,,,,
7509,65449.35711,66952.09327,71795.02798,76933.84852,8700,0,,,,,,,,,
7510,63354.88562,64809.5321,69497.48609,74471.85714,8700,0,,,,,,,,,
7511,61520.30505,62932.82903,67485.03297,72315.36013,8700,0,,,,,,,,,
7512,62046.79994,63471.41239,68062.5744,72934.23982,8700,0,,,,,,,,,
7513,58423.67114,59765.09551,64088.16356,68675.35548,8700,0,,,,,,,,,
7514,56397.28915,57692.18721,61865.31283,66293.40136,8700,0,,,,,,,,,
7515,55211.95639,56479.63886,60565.05562,64900.07659,8700,0,,,,,,,,,
7516,54729.57582,55986.1827,60035.90564,64333.05202,8700,0,,,,,,,,,
7517,55297.30802,56566.95019,60658.68255,65000.40499,8700,0,,,,,,,,,
7518,56971.7344,58279.82188,62495.45367,66968.64535,8700,0,,,,,,,,,
7519,59925.47625,61301.38251,65735.57685,70440.68446,8700,0,,,,,,,,,
7520,64213.19697,65687.55053,70439.01539,75480.77761,8700,0,,,,,,,,,
7521,69508.83414,71104.77706,76248.09337,81705.64773,8700,0,,,,,,,,,
7522,70196.44222,71808.17282,77002.36878,82513.91138,8700,0,,,,,,,,,
7523,69907.78109,71512.88394,76685.72039,82174.59847,8700,0,,,,,,,,,
7524,68944.93796,70527.93366,75629.52439,81042.80389,8700,0,,,,,,,,,
7525,66822.65527,68356.92275,73301.47486,78548.12124,8700,0,,,,,,,,,
7526,69733.2418,71334.33719,76494.25857,81969.43252,8700,0,,,,,,,,,
7527,69382.2452,70975.2816,76109.23094,81556.84605,8700,0,,,,,,,,,
7528,69355.393,70947.81287,76079.77527,81525.28206,8700,0,,,,,,,,,
7529,70464.96421,72082.86015,77296.92544,82829.55129,8700,0,,,,,,,,,
7530,68991.92931,70576.00395,75681.0718,81098.04089,8700,0,,,,,,,,,
7531,68429.95116,70001.12261,75064.60681,80437.45163,8700,0,,,,,,,,,
7532,66991.44052,68529.58336,73486.62475,78746.52348,8700,0,,,,,,,,,
7533,65654.58463,67162.03287,72020.15342,77175.0876,8700,0,,,,,,,,,
7534,63746.16051,65209.79078,69926.6972,74931.78959,8700,0,,,,,,,,,
7535,62171.47086,63598.9458,68199.33284,73080.78692,8700,0,,,,,,,,,
7536,62489.86122,63924.64649,68548.59287,73455.04568,8700,0,,,,,,,,,
7537,58987.56731,60341.93891,64706.73254,69338.19931,8700,0,,,,,,,,,
7538,56851.85852,58157.19362,62363.95518,66827.73466,8700,0,,,,,,,,,
7539,55720.23015,56999.58274,61122.60928,65497.53787,8700,0,,,,,,,,,
7540,55383.61866,56655.24255,60753.36148,65101.86068,8700,0,,,,,,,,,
7541,55868.87625,57151.6418,61285.66743,65672.2671,8700,0,,,,,,,,,
7542,57599.88405,58922.39403,63184.50584,67707.0173,8700,0,,,,,,,,,
7543,60644.73157,62037.15214,66524.56788,71286.14852,8700,0,,,,,,,,,
7544,64680.23342,66165.31027,70951.33356,76029.76561,8700,0,,,,,,,,,
7545,67953.32463,69513.5526,74541.76876,79877.19076,8700,0,,,,,,,,,
7546,67496.83725,69046.58414,74041.02245,79340.6029,8700,0,,,,,,,,,
7547,67668.49952,69222.18783,74229.3283,79542.38699,8700,0,,,,,,,,,
7548,67659.86846,69213.35859,74219.86041,79532.24143,8700,0,,,,,,,,,
7549,65499.22548,67003.10663,71849.73136,76992.46736,8700,0,,,,,,,,,
7550,68987.13428,70571.09882,75675.81188,81092.40446,8700,0,,,,,,,,,
7551,69777.35612,71379.46438,76542.65002,82021.28764,8700,0,,,,,,,,,
7552,70484.14435,72102.48067,77317.96521,82852.097,8700,0,,,,,,,,,
7553,71645.50194,73290.50337,78591.92272,84217.23966,8700,0,,,,,,,,,
7554,70851.44407,72478.21371,77720.87663,83283.84733,8700,0,,,,,,,,,
7555,69990.2557,71597.2522,76776.19137,82271.54501,8700,0,,,,,,,,,
7556,68310.07527,69878.49435,74933.10831,80296.54095,8700,0,,,,,,,,,
7557,66622.22278,68151.88827,73081.60935,78312.51859,8700,0,,,,,,,,,
7558,64738.73285,66225.15286,71015.50484,76098.53002,8700,0,,,,,,,,,
7559,62979.91384,64425.95086,69086.15877,74031.08854,8700,0,,,,,,,,,
7560,63061.42945,64509.3381,69175.57775,74126.90781,8700,0,,,,,,,,,
7561,59526.5293,60893.27561,65297.94983,69971.73372,8700,0,,,,,,,,,
7562,57443.56589,58762.48676,63013.03178,67523.26977,8700,0,,,,,,,,,
7563,56305.22447,57598.0087,61764.32199,66185.18197,8700,0,,,,,,,,,
7564,55892.85142,57176.16745,61311.96712,65700.44924,8700,0,,,,,,,,,
7565,56223.70887,57514.62147,61674.903,66089.36271,8700,0,,,,,,,,,
7566,57801.27554,59128.40953,63405.42333,67943.74723,8700,0,,,,,,,,,
7567,60965.03994,62364.81487,66875.93189,71662.66187,8700,0,,,,,,,,,
7568,64892.17399,66382.11706,71183.82293,76278.89568,8700,0,,,,,,,,,
7569,68301.4442,69869.66509,74923.64041,80286.39537,8700,0,,,,,,,,,
7570,67307.91286,68853.32199,73833.78081,79118.52768,8700,0,,,,,,,,,
7571,67109.39839,68650.24958,73616.01928,78885.17959,8700,0,,,,,,,,,
7572,66567.55938,68095.96978,73021.64603,78248.26333,8700,0,,,,,,,,,
7573,64622.69299,66106.4487,70888.21428,75962.12847,8700,0,,,,,,,,,
7574,67533.27952,69083.86314,74080.998,79383.43974,8700,0,,,,,,,,,
7575,68765.60364,70344.48178,75432.80263,80832.00153,8700,0,,,,,,,,,
7576,69519.38321,71115.56834,76259.66522,81718.04786,8700,0,,,,,,,,,
7577,70827.46889,72453.68805,77694.57691,83255.66519,8700,0,,,,,,,,,
7578,69701.59456,71301.96332,76459.54295,81932.2321,8700,0,,,,,,,,,
7579,68392.54988,69962.86259,75023.57928,80393.48749,8700,0,,,,,,,,,
7580,66846.63044,68381.44839,73327.77455,78576.30338,8700,0,,,,,,,,,
7581,65517.44661,67021.74612,71869.71913,77013.88578,8700,0,,,,,,,,,
7582,63820.96306,65286.31082,70008.75228,75019.71786,8700,0,,,,,,,,,
7583,62485.06618,63919.74136,68543.33293,73449.40926,8700,0,,,,,,,,,
7584,62866.75101,64310.18979,68962.02418,73898.06887,8700,0,,,,,,,,,
7585,59304.99866,60666.65856,65054.94058,69711.33079,8700,0,,,,,,,,,
7586,56919.94802,58226.84647,62438.64632,66907.77194,8700,0,,,,,,,,,
7587,55476.64234,56750.40208,60855.40432,65211.20736,8700,0,,,,,,,,,
7588,54948.22944,56209.85667,60275.75892,64590.0731,8700,0,,,,,,,,,
7589,55099.75256,56364.85881,60441.97302,64768.1842,8700,0,,,,,,,,,
7590,56042.45653,57329.20752,61476.07726,65876.30577,8700,0,,,,,,,,,
7591,57227.7893,58541.75589,62776.33448,67269.63056,8700,0,,,,,,,,,
7592,57870.32405,59199.04341,63481.16648,68024.91179,8700,0,,,,,,,,,
7593,57291.08376,58606.5036,62845.76569,67344.03139,8700,0,,,,,,,,,
7594,54858.08277,56117.6402,60176.87203,64484.10826,8700,0,,,,,,,,,
7595,53831.94518,55067.94221,59051.24483,63277.91287,8700,0,,,,,,,,,
7596,52026.13482,53220.66991,57070.35133,61155.23439,8700,0,,,,,,,,,
7597,50657.6317,51820.74556,55569.1644,59546.5981,8700,0,,,,,,,,,
7598,52085.59326,53281.49353,57135.57459,61225.12609,8700,0,,,,,,,,,
7599,53267.09,54490.11778,58431.62387,62613.94173,8700,0,,,,,,,,,
7600,54670.11738,55925.35907,59970.68238,64263.16033,8700,0,,,,,,,,,
7601,56808.7032,58113.04745,62316.61572,66777.00683,8700,0,,,,,,,,,
7602,58289.41015,59627.75185,63940.88525,68517.53552,8700,0,,,,,,,,,
7603,58942.49398,60295.83068,64657.2891,69285.2169,8700,0,,,,,,,,,
7604,58562.72717,59907.34431,64240.70183,68838.81187,8700,0,,,,,,,,,
7605,58236.66476,59573.79541,63883.02591,68455.53482,8700,0,,,,,,,,,
7606,57378.35341,58695.77699,62941.4966,67446.61436,8700,0,,,,,,,,,
7607,56902.68589,58209.188,62419.71054,66887.48079,8700,0,,,,,,,,,
7608,57134.76561,58446.59634,62674.29165,67160.28387,8700,0,,,,,,,,,
7609,53940.31298,55178.79815,59170.11947,63405.29611,8700,0,,,,,,,,,
7610,51615.67979,52800.79071,56620.10046,60672.75624,8700,0,,,,,,,,,
7611,50442.81411,51600.9957,55333.51908,59294.08616,8700,0,,,,,,,,,
7612,50000.71184,51148.74263,54848.55259,58774.40759,8700,0,,,,,,,,,
7613,50211.6934,51364.5684,55079.98996,59022.41037,8700,0,,,,,,,,,
7614,51093.02092,52266.13145,56046.76698,60058.38569,8700,0,,,,,,,,,
7615,52021.33979,53215.76479,57065.0914,61149.59798,8700,0,,,,,,,,,
7616,51880.36574,53071.55393,56910.44915,60983.88701,8700,0,,,,,,,,,
7617,50423.63397,51581.37518,55312.47932,59271.54046,8700,0,,,,,,,,,
7618,48340.67056,49450.58632,53027.56128,56823.07651,8700,0,,,,,,,,,
7619,47795.95453,48893.36346,52430.03208,56182.77838,8700,0,,,,,,,,,
7620,46735.29269,47808.34851,51266.5333,54936.0007,8700,0,,,,,,,,,
7621,46404.43524,47469.89449,50903.59743,54547.08724,8700,0,,,,,,,,,
7622,47303.98389,48390.09704,51890.36221,55604.48095,8700,0,,,,,,,,,
7623,48603.4385,49719.3875,53315.80601,57131.9527,8700,0,,,,,,,,,
7624,50735.31127,51900.20868,55654.37543,59637.90821,8700,0,,,,,,,,,
7625,53429.1622,54655.91121,58609.40984,62804.45298,8700,0,,,,,,,,,
7626,56170.96348,57460.66503,61617.04365,66027.36202,8700,0,,,,,,,,,
7627,57409.04164,58727.16983,62975.16022,67482.68751,8700,0,,,,,,,,,
7628,57280.53469,58595.71232,62834.19383,67331.63125,8700,0,,,,,,,,,
7629,57105.9954,58417.16556,62642.73201,67126.4653,8700,0,,,,,,,,,
7630,56393.45313,57688.2631,61861.1049,66288.89224,8700,0,,,,,,,,,
7631,55776.81156,57057.46328,61184.67657,65564.04769,8700,0,,,,,,,,,
7632,55178.39114,56445.30295,60528.23604,64860.6216,8700,0,,,,,,,,,
7633,52345.48418,53547.35163,57420.66334,61530.62044,8700,0,,,,,,,,,
7634,50277.86489,51432.2592,55152.57714,59100.19307,8700,0,,,,,,,,,
7635,49283.37453,50414.93506,54061.66553,57931.19807,8700,0,,,,,,,,,
7636,49124.17936,50252.08471,53887.03551,57744.0687,8700,0,,,,,,,,,
7637,50055.37524,51204.66112,54908.5159,58838.66284,8700,0,,,,,,,,,
7638,52218.89525,53417.85617,57281.80094,61381.81878,8700,0,,,,,,,,,
7639,56023.27639,57309.58701,61455.0375,65853.76006,8700,0,,,,,,,,,
7640,61226.84888,62632.63503,67163.12462,71970.41079,8700,0,,,,,,,,,
7641,66646.19796,68176.41392,73107.90904,78340.70072,8700,0,,,,,,,,,
7642,65990.23711,67505.39202,72388.34923,77569.63749,8700,0,,,,,,,,,
7643,64162.36959,65635.55614,70383.26002,75421.03147,8700,0,,,,,,,,,
7644,61678.54122,63094.69836,67658.61099,72501.36222,8700,0,,,,,,,,,
7645,59375.96519,60739.25451,65132.78771,69794.74991,8700,0,,,,,,,,,
7646,63154.45313,64604.49763,69277.62059,74236.25448,8700,0,,,,,,,,,
7647,65235.49853,66733.32443,71560.43465,76682.46387,8700,0,,,,,,,,,
7648,66544.54321,68072.42515,72996.39833,78221.20847,8700,0,,,,,,,,,
7649,68667.78491,70244.4171,75325.49984,80717.0184,8700,0,,,,,,,,,
7650,68606.40846,70181.63142,75258.17262,80644.87214,8700,0,,,,,,,,,
7651,68093.33967,69656.78243,74695.35902,80041.77444,8700,0,,,,,,,,,
7652,66462.0686,67988.0569,72905.92736,78124.26193,8700,0,,,,,,,,,
7653,65171.24505,66667.59567,71489.95144,76606.93574,8700,0,,,,,,,,,
7654,63507.36774,64965.51526,69664.75218,74651.09552,8700,0,,,,,,,,,
7655,61807.04817,63226.15586,67799.57739,72652.41847,8700,0,,,,,,,,,
7656,61700.59838,63117.26196,67682.80672,72527.28978,8700,0,,,,,,,,,
7657,57722.63696,59047.96539,63319.16032,67851.30983,8700,0,,,,,,,,,
7658,55809.41781,57090.81817,61220.44417,65602.37542,8700,0,,,,,,,,,
7659,54819.72248,56078.39915,60134.7925,64439.01684,8700,0,,,,,,,,,
7660,54612.57695,55866.49751,59907.56309,64195.5232,8700,0,,,,,,,,,
7661,55448.83114,56721.95233,60824.89667,65178.51609,8700,0,,,,,,,,,
7662,57237.37937,58551.56614,62786.85437,67280.90341,8700,0,,,,,,,,,
7663,60433.75001,61821.32637,66293.13051,71038.14574,8700,0,,,,,,,,,
7664,64769.42108,66256.54571,71049.16846,76134.60315,8700,0,,,,,,,,,
7665,68933.42988,70516.16135,75616.90054,81029.27647,8700,0,,,,,,,,,
7666,67585.06591,69136.83856,74137.80535,79444.31316,8700,0,,,,,,,,,
7667,65327.56321,66827.50294,71661.4255,76790.68326,8700,0,,,,,,,,,
7668,62793.86647,64235.63179,68882.07308,73812.39518,8700,0,,,,,,,,,
7669,59577.35668,60945.27001,65353.7052,70031.47985,8700,0,,,,,,,,,
7670,62673.03157,64112.02249,68749.52258,73670.3572,8700,0,,,,,,,,,
7671,64603.51285,66086.82818,70867.17451,75939.58277,8700,0,,,,,,,,,
7672,66510.97796,68038.08924,72959.57874,78181.75348,8700,0,,,,,,,,,
7673,69240.31215,70830.08973,75953.53672,81390.00781,8700,0,,,,,,,,,
7674,69345.80293,70938.00261,76069.25539,81514.0092,8700,0,,,,,,,,,
7675,68817.39002,70397.45719,75489.60998,80892.87494,8700,0,,,,,,,,,
7676,67422.99371,68971.04513,73960.01938,79253.80193,8700,0,,,,,,,,,
7677,65924.06562,67437.70122,72315.76206,77491.8548,8700,0,,,,,,,,,
7678,64185.38576,65659.10077,70408.50774,75448.08632,8700,0,,,,,,,,,
7679,62482.18916,63916.79828,68540.17696,73446.02741,8700,0,,,,,,,,,
7680,62775.64533,64216.99229,68862.08531,73790.97674,8700,0,,,,,,,,,
7681,59159.22958,60517.54259,64895.03839,69539.98339,8700,0,,,,,,,,,
7682,57124.21653,58435.80505,62662.71977,67147.88372,8700,0,,,,,,,,,
7683,55993.54717,57279.1752,61422.42588,65818.81421,8700,0,,,,,,,,,
7684,55608.98532,56885.7837,61000.57866,65366.77274,8700,0,,,,,,,,,
7685,56278.37227,57570.53996,61734.86631,66153.61797,8700,0,,,,,,,,,
7686,57952.79866,59283.41166,63571.63745,68121.85834,8700,0,,,,,,,,,
7687,61319.87256,62727.79455,67265.16746,72079.75746,8700,0,,,,,,,,,
7688,65268.10477,66766.67933,71596.20224,76720.79157,8700,0,,,,,,,,,
7689,68916.16775,70498.50288,75597.96475,81008.98532,8700,0,,,,,,,,,
7690,66966.50633,68504.07667,73459.27305,78717.21406,8700,0,,,,,,,,,
7691,65004.37782,66496.89712,71306.90552,76410.78808,8700,0,,,,,,,,,
7692,62533.01654,63968.79267,68595.93233,73505.77354,8700,0,,,,,,,,,
7693,59132.37738,60490.07385,64865.58273,69508.41941,8700,0,,,,,,,,,
7694,62447.66491,63881.48134,68502.3054,73405.44513,8700,0,,,,,,,,,
7695,64644.75016,66129.01231,70912.41001,75988.05605,8700,0,,,,,,,,,
7696,67020.21073,68559.01413,73518.18439,78780.34205,8700,0,,,,,,,,,
7697,70034.37002,71642.3794,76824.5828,82323.40013,8700,0,,,,,,,,,
7698,69426.35953,71020.40881,76157.62239,81608.70119,8700,0,,,,,,,,,
7699,68422.2791,69993.2744,75056.19091,80428.43334,8700,0,,,,,,,,,
7700,66996.23555,68534.48848,73491.88469,78752.15991,8700,0,,,,,,,,,
7701,65729.38718,67238.5529,72102.20849,77263.01586,8700,0,,,,,,,,,
7702,64086.60803,65558.05507,70300.15297,75331.97593,8700,0,,,,,,,,,
7703,62351.7642,63783.37872,68397.10659,73292.71659,8700,0,,,,,,,,,
7704,62519.59044,63955.0583,68581.20451,73489.99155,8700,0,,,,,,,,,
7705,58691.23412,60038.80181,64381.66824,68989.86811,8700,0,,,,,,,,,
7706,56697.45837,57999.2484,62194.5851,66646.24171,8700,0,,,,,,,,,
7707,55622.41142,56899.51807,61015.3065,65382.55474,8700,0,,,,,,,,,
7708,55208.12036,56475.71475,60560.84767,64895.56745,8700,0,,,,,,,,,
7709,55859.28617,57141.83152,61275.14754,65660.99425,8700,0,,,,,,,,,
7710,57573.99086,58895.90633,63156.10216,67676.58059,8700,0,,,,,,,,,
7711,60787.62363,62183.32504,66681.3141,71454.11406,8700,0,,,,,,,,,
7712,64197.85285,65671.85411,70422.18357,75462.74104,8700,0,,,,,,,,,
7713,68137.45399,69701.90963,74743.75045,80093.62956,8700,0,,,,,,,,,
7714,67358.74023,68905.31638,73889.53616,79178.2738,8700,0,,,,,,,,,
7715,65976.81101,67491.65766,72373.62141,77553.85549,8700,0,,,,,,,,,
7716,63768.21767,65232.35438,69950.89293,74957.71716,8700,0,,,,,,,,,
7717,61047.51455,62449.18313,66966.40286,71759.6084,8700,0,,,,,,,,,
7718,64091.40306,65562.9602,70305.4129,75337.61235,8700,0,,,,,,,,,
7719,65897.21342,67410.23249,72286.3064,77460.29081,8700,0,,,,,,,,,
7720,67370.24832,68917.08869,73902.16003,79191.80123,8700,0,,,,,,,,,
7721,69513.62917,71109.68219,76253.3533,81711.28415,8700,0,,,,,,,,,
7722,69264.28733,70854.61538,75979.83641,81418.18995,8700,0,,,,,,,,,
7723,68366.65669,69936.37489,74995.17561,80363.05079,8700,0,,,,,,,,,
7724,66865.81059,68401.06892,73348.81432,78598.8491,8700,0,,,,,,,,,
7725,65412.91484,66914.81427,71755.05243,76891.01167,8700,0,,,,,,,,,
7726,63625.32562,65086.18149,69794.14672,74789.75164,8700,0,,,,,,,,,
7727,62175.30689,63602.8699,68203.54079,73085.29607,8700,0,,,,,,,,,
7728,62150.37271,63577.36323,68176.18912,73055.98666,8700,0,,,,,,,,,
7729,58550.26008,59894.59097,64227.026,68824.15716,8700,0,,,,,,,,,
7730,56235.21695,57526.39379,61687.52685,66102.89013,8700,0,,,,,,,,,
7731,55172.6371,56439.41679,60521.92412,64853.85789,8700,0,,,,,,,,,
7732,54713.2727,55969.50526,60018.02184,64313.88817,8700,0,,,,,,,,,
7733,55306.89809,56576.76046,60669.20243,65011.67784,8700,0,,,,,,,,,
7734,57018.72575,58327.89217,62547.00109,67023.88234,8700,0,,,,,,,,,
7735,59878.4849,61253.31222,65684.02943,70385.44747,8700,0,,,,,,,,,
7736,63766.29966,65230.39233,69948.78896,74955.46259,8700,0,,,,,,,,,
7737,68018.53711,69580.26238,74613.30395,79953.84616,8700,0,,,,,,,,,
7738,67187.07796,68729.71269,73701.23031,78976.48971,8700,0,,,,,,,,,
7739,65539.50378,67044.30973,71893.91486,77039.81335,8700,0,,,,,,,,,
7740,63422.97512,64879.18496,69572.17725,74551.89441,8700,0,,,,,,,,,
7741,60552.66689,61942.97362,66423.57703,71177.92913,8700,0,,,,,,,,,
7742,63238.84576,64690.82794,69370.19554,74335.45561,8700,0,,,,,,,,,
7743,64748.32292,66234.96313,71026.02472,76109.80287,8700,0,,,,,,,,,
7744,65894.3364,67407.28941,72283.15043,77456.90896,8700,0,,,,,,,,,
7745,67926.47243,69486.08387,74512.31308,79845.62677,8700,0,,,,,,,,,
7746,67525.60747,69076.01493,74072.5821,79374.42146,8700,0,,,,,,,,,
7747,66497.55186,68024.35487,72944.85091,78165.97149,8700,0,,,,,,,,,
7748,65077.26236,66571.45511,71386.85662,76496.46178,8700,0,,,,,,,,,
7749,64149.9025,65622.8028,70369.58419,75406.37676,8700,0,,,,,,,,,
7750,62809.21058,64251.32821,68898.90489,73830.43173,8700,0,,,,,,,,,
7751,61457.96959,62869.06234,67416.65375,72242.08657,8700,0,,,,,,,,,
7752,61639.22193,63054.47628,67615.47949,72455.14352,8700,0,,,,,,,,,
7753,57917.3154,59247.1137,63532.71389,68080.14878,8700,0,,,,,,,,,
7754,55632.00149,56909.32832,61025.82638,65393.8276,8700,0,,,,,,,,,
7755,54409.26745,55658.51996,59684.54163,63956.53868,8700,0,,,,,,,,,
7756,53755.22461,54989.4601,58967.08578,63187.73002,8700,0,,,,,,,,,
7757,53982.50929,55221.96331,59216.40694,63454.89666,8700,0,,,,,,,,,
7758,54972.20461,56234.38231,60302.0586,64618.25523,8700,0,,,,,,,,,
7759,56357.01086,57650.98411,61821.12935,66246.05538,8700,0,,,,,,,,,
7760,57012.0127,58321.02499,62539.63717,67015.99133,8700,0,,,,,,,,,
7761,58065.9615,59399.17275,63695.77204,68254.87802,8700,0,,,,,,,,,
7762,57191.34703,58504.47688,62736.35894,67226.79371,8700,0,,,,,,,,,
7763,56357.96986,57651.96513,61822.18133,66247.18267,8700,0,,,,,,,,,
7764,54468.72589,55719.34358,59749.76488,64026.43038,8700,0,,,,,,,,,
7765,51332.77269,52511.38798,56309.76398,60340.20703,8700,0,,,,,,,,,
7766,52172.86291,53370.76693,57231.30551,61327.70907,8700,0,,,,,,,,,
7767,53227.77071,54449.89571,58388.49235,62567.72303,8700,0,,,,,,,,,
7768,54749.71497,56006.78424,60057.99738,64356.72502,8700,0,,,,,,,,,
7769,56797.19511,58101.27512,62303.99185,66763.4794,8700,0,,,,,,,,,
7770,58184.87838,59520.82,63826.21855,68394.66141,8700,0,,,,,,,,,
7771,58873.44547,60225.19679,64581.54597,69204.05234,8700,0,,,,,,,,,
7772,58538.75199,59882.81865,64214.40214,68810.62973,8700,0,,,,,,,,,
7773,58208.85355,59545.34565,63852.51825,68422.84355,8700,0,,,,,,,,,
7774,57532.75355,58853.7222,63110.86668,67628.10732,8700,0,,,,,,,,,
7775,56971.7344,58279.82188,62495.45367,66968.64535,8700,0,,,,,,,,,
7776,57248.88745,58563.33845,62799.47822,67294.43083,8700,0,,,,,,,,,
7777,54134.03241,55376.96545,59382.62105,63633.00776,8700,0,,,,,,,,,
7778,51679.93326,52866.51946,56690.58365,60748.28436,8700,0,,,,,,,,,
7779,50418.83893,51576.47004,55307.21937,59265.90402,8700,0,,,,,,,,,
7780,49817.54149,50961.36664,54647.62288,58559.09607,8700,0,,,,,,,,,
7781,50062.08829,51211.52831,54915.87981,58846.55384,8700,0,,,,,,,,,
7782,51053.70163,52225.90937,56003.63546,60012.16698,8700,0,,,,,,,,,
7783,52141.21567,53338.39305,57196.58991,61290.50864,8700,0,,,,,,,,,
7784,52064.49511,53259.91096,57112.43087,61200.32582,8700,0,,,,,,,,,
7785,52112.44546,53308.96226,57165.03025,61256.69009,8700,0,,,,,,,,,
7786,51626.22886,52811.582,56631.67231,60685.15638,8700,0,,,,,,,,,
7787,51627.18787,52812.56303,56632.72431,60686.28367,8700,0,,,,,,,,,
7788,51788.30106,52977.37542,56809.4583,60875.66762,8700,0,,,,,,,,,
7789,51305.92049,52483.91925,56280.3083,60308.64304,8700,0,,,,,,,,,
7790,52057.78206,53253.04379,57105.06694,61192.43482,8700,0,,,,,,,,,
7791,52830.74177,54043.75087,57952.9693,62101.02686,8700,0,,,,,,,,,
7792,53455.05539,54682.39892,58637.81352,62834.88968,8700,0,,,,,,,,,
7793,54701.76461,55957.73293,60005.39797,64300.36074,8700,0,,,,,,,,,
7794,56684.03227,57985.51403,62179.85726,66630.45971,8700,0,,,,,,,,,
7795,58035.27327,59367.77992,63662.10842,68218.80488,8700,0,,,,,,,,,
7796,57615.22816,58938.09045,63201.33766,67725.05387,8700,0,,,,,,,,,
7797,56987.07852,58295.51831,62512.28549,66986.68192,8700,0,,,,,,,,,
7798,56171.92249,57461.64606,61618.09565,66028.4893,8700,0,,,,,,,,,
7799,55877.50731,57160.47103,61295.13532,65682.41267,8700,0,,,,,,,,,
7800,55396.08575,56667.99589,60767.03733,65116.51539,8700,0,,,,,,,,,
7801,52417.40972,53620.92859,57499.56247,61615.16685,8700,0,,,,,,,,,
7802,50434.18305,51592.16647,55324.05119,59283.9406,8700,0,,,,,,,,,
7803,49516.41326,50653.32442,54317.29863,58205.12844,8700,0,,,,,,,,,
7804,49266.11241,50397.27659,54042.72975,57910.90695,8700,0,,,,,,,,,
7805,50031.40007,51180.13547,54882.21622,58810.48072,8700,0,,,,,,,,,
7806,52143.13369,53340.35511,57198.69388,61292.76322,8700,0,,,,,,,,,
7807,56216.99582,57507.75429,61667.53909,66081.47172,8700,0,,,,,,,,,
7808,61929.80108,63351.72721,67934.23186,72796.71101,8700,0,,,,,,,,,
7809,69111.8052,70698.63221,75812.57031,81238.95156,8700,0,,,,,,,,,
7810,70093.82846,71703.20301,76889.80606,82393.29183,8700,0,,,,,,,,,
7811,69754.33995,71355.91975,76517.4023,81994.2328,8700,0,,,,,,,,,
7812,68931.51187,70514.1993,75614.79656,81027.0219,8700,0,,,,,,,,,
7813,66356.57782,67880.14402,72790.20866,78000.26053,8700,0,,,,,,,,,
7814,69045.63371,70630.94141,75739.98313,81161.16887,8700,0,,,,,,,,,
7815,70791.02662,72416.40905,77654.60138,83212.82835,8700,0,,,,,,,,,
7816,71911.1469,73562.24762,78883.3234,84529.49772,8700,0,,,,,,,,,
7817,73696.81811,75388.91835,80842.12515,86628.50318,8700,0,,,,,,,,,
7818,73094.56166,74772.83392,80181.47666,85920.56794,8700,0,,,,,,,,,
7819,71699.20634,73345.44083,78650.83406,84280.36765,8700,0,,,,,,,,,
7820,69798.45428,71401.04697,76565.79375,82046.08793,8700,0,,,,,,,,,
7821,67820.02264,69377.18996,74395.54242,79720.49808,8700,0,,,,,,,,,
7822,65733.22321,67242.47701,72106.41644,77267.52501,8700,0,,,,,,,,,
7823,64209.36094,65683.62642,70434.80744,75476.26846,8700,0,,,,,,,,,
7824,64546.93143,66028.94763,70805.10722,75873.07292,8700,0,,,,,,,,,
7825,61036.96547,62438.39184,66954.83098,71747.20827,8700,0,,,,,,,,,
7826,58700.82419,60048.61208,64392.18811,69001.14096,8700,0,,,,,,,,,
7827,57444.5249,58763.46779,63014.08378,67524.39706,8700,0,,,,,,,,,
7828,57092.5693,58403.43119,62628.00418,67110.68331,8700,0,,,,,,,,,
7829,57444.5249,58763.46779,63014.08378,67524.39706,8700,0,,,,,,,,,
7830,59138.13143,60495.96002,64871.89467,69515.18313,8700,0,,,,,,,,,
7831,62600.14703,64037.46449,68669.5715,73584.68351,8700,0,,,,,,,,,
7832,67719.3269,69274.18222,74285.08367,79602.13312,8700,0,,,,,,,,,
7833,73234.57669,74916.06374,80335.0669,86085.1516,8700,0,,,,,,,,,
7834,73510.77074,75198.59927,80638.03946,86409.80981,8700,0,,,,,,,,,
7835,73352.53457,75036.72996,80464.46145,86223.80772,8700,0,,,,,,,,,
7836,72725.34393,74395.13884,79776.46126,85486.56306,8700,0,,,,,,,,,
7837,69986.41967,71593.32809,76771.9834,82267.03588,8700,0,,,,,,,,,
7838,72874.94903,74548.17892,79940.57139,85662.41957,8700,0,,,,,,,,,
7839,74346.06592,76053.07308,81554.32106,87391.67546,8700,0,,,,,,,,,
7840,75218.76237,76945.80689,82511.63017,88417.5052,8700,0,,,,,,,,,
7841,76565.20833,78323.16764,83988.62138,90000.21391,8700,0,,,,,,,,,
7842,75259.04067,76987.00999,82555.81367,88464.85117,8700,0,,,,,,,,,
7843,73217.31457,74898.40528,80316.13113,86064.86047,8700,0,,,,,,,,,
7844,71020.22931,72650.8743,77906.02651,83482.24956,8700,0,,,,,,,,,
7845,68724.36633,70302.29764,75387.56714,80783.52825,8700,0,,,,,,,,,
7846,66487.96179,68014.54461,72934.33103,78154.69864,8700,0,,,,,,,,,
7847,65056.1642,66549.87253,71363.71288,76471.66149,8700,0,,,,,,,,,
7848,65008.21385,66500.82123,71311.11348,76415.29722,8700,0,,,,,,,,,
7849,61432.07639,62842.57462,67388.25007,72211.64986,8700,0,,,,,,,,,
7850,59262.80235,60623.49343,65008.65311,69661.73024,8700,0,,,,,,,,,
7851,57926.90547,59256.92396,63543.23377,68091.42163,8700,0,,,,,,,,,
7852,57490.55724,58810.55704,63064.57921,67578.50676,8700,0,,,,,,,,,
7853,57895.25823,59224.55009,63508.51815,68054.22121,8700,0,,,,,,,,,
7854,59420.07951,60784.38171,65181.17914,69846.60504,8700,0,,,,,,,,,
7855,62676.8676,64115.94659,68753.73054,73674.86635,8700,0,,,,,,,,,
7856,67502.5913,69052.47031,74047.33438,79347.36662,8700,0,,,,,,,,,
7857,72975.64478,74651.18667,80051.03014,85780.78455,8700,0,,,,,,,,,
7858,73085.93059,74764.00468,80172.00876,85910.42236,8700,0,,,,,,,,,
7859,71620.56776,73264.99669,78564.57104,84187.93025,8700,0,,,,,,,,,
7860,69370.73711,70963.50928,76096.60709,81543.31861,8700,0,,,,,,,,,
7861,66265.47215,67786.94654,72690.2698,77893.16842,8700,0,,,,,,,,,
7862,69130.98534,70718.25274,75833.61007,81261.49727,8700,0,,,,,,,,,
7863,70240.55655,71853.30003,77050.76024,82565.76652,8700,0,,,,,,,,,
7864,71090.23683,72722.48921,77982.82164,83564.54139,8700,0,,,,,,,,,
7865,72665.88549,74334.31522,79711.23801,85416.67136,8700,0,,,,,,,,,
7866,72140.3496,73796.71287,79134.74856,84798.91894,8700,0,,,,,,,,,
7867,70913.77953,72541.9804,77789.25585,83357.12087,8700,0,,,,,,,,,
7868,69057.14179,70642.71372,75752.60699,81174.69629,8700,0,,,,,,,,,
7869,67619.59016,69172.1555,74175.67692,79484.89544,8700,0,,,,,,,,,
7870,65495.38945,66999.18252,71845.5234,76987.95821,8700,0,,,,,,,,,
7871,63823.84009,65289.2539,70011.90825,75023.09972,8700,0,,,,,,,,,
7872,64108.66519,65580.61867,70324.34869,75357.90349,8700,0,,,,,,,,,
7873,60434.70902,61822.3074,66294.18251,71039.27302,8700,0,,,,,,,,,
7874,58272.14802,59610.09338,63921.94946,68497.24439,8700,0,,,,,,,,,
7875,57157.78178,58470.14097,62699.53936,67187.33871,8700,0,,,,,,,,,
7876,56689.78632,57991.4002,62186.16919,66637.22343,8700,0,,,,,,,,,
7877,57153.94575,58466.21686,62695.3314,67182.82958,8700,0,,,,,,,,,
7878,58561.76816,59906.36328,64239.64984,68837.68457,8700,0,,,,,,,,,
7879,61728.40959,63145.71172,67713.31437,72559.98107,8700,0,,,,,,,,,
7880,66246.292,67767.32601,72669.23004,77870.6227,8700,0,,,,,,,,,
7881,71392.32407,73031.51247,78314.19788,83919.63632,8700,0,,,,,,,,,
7882,70328.7852,71943.55444,77147.54314,82669.47677,8700,0,,,,,,,,,
7883,68264.04293,69831.40509,74882.61288,80242.43125,8700,0,,,,,,,,,
7884,65794.59966,67305.26268,72173.74368,77339.67127,8700,0,,,,,,,,,
7885,62065.02108,63490.0519,68082.56218,72955.65826,8700,0,,,,,,,,,
7886,64622.69299,66106.4487,70888.21428,75962.12847,8700,0,,,,,,,,,
7887,66282.73427,67804.60501,72709.20557,77913.45954,8700,0,,,,,,,,,
7888,68303.36222,69871.62715,74925.7444,80288.64995,8700,0,,,,,,,,,
7889,71131.47414,72764.67335,78028.05714,83613.01467,8700,0,,,,,,,,,
7890,71455.61854,73096.2602,78383.6291,83994.03715,8700,0,,,,,,,,,
7891,70373.85853,71989.66267,77196.98658,82722.45917,8700,0,,,,,,,,,
7892,68627.50662,70203.214,75281.31635,80669.67242,8700,0,,,,,,,,,
7893,67153.51271,68695.37676,73664.41073,78937.03471,8700,0,,,,,,,,,
7894,65320.85016,66820.63577,71654.06158,76782.79227,8700,0,,,,,,,,,
7895,63715.47228,65178.39794,69893.03359,74895.71646,8700,0,,,,,,,,,
7896,63976.32221,65445.23706,70179.17434,75202.3381,8700,0,,,,,,,,,
7897,60495.12646,61884.11205,66360.45775,71110.292,8700,0,,,,,,,,,
7898,58201.1815,59537.49744,63844.10235,68413.82527,8700,0,,,,,,,,,
7899,56982.28348,58290.61317,62507.02555,66981.04548,8700,0,,,,,,,,,
7900,56676.36022,57977.66584,62171.44136,66621.44143,8700,0,,,,,,,,,
7901,57361.09128,58678.11851,62922.56082,67426.32323,8700,0,,,,,,,,,
7902,59278.14646,60639.18984,65025.48491,69679.76679,8700,0,,,,,,,,,
7903,62374.78037,63806.92335,68422.35432,73319.77144,8700,0,,,,,,,,,
7904,67087.34122,68627.68596,73591.82355,78859.25203,8700,0,,,,,,,,,
7905,71249.43201,72885.33956,78157.45166,83751.67078,8700,0,,,,,,,,,
7906,69032.20761,70617.20704,75725.2553,81145.38687,8700,0,,,,,,,,,
7907,67191.873,68734.61782,73706.49026,78982.12614,8700,0,,,,,,,,,
7908,64697.49555,66182.96874,70970.26935,76050.05674,8700,0,,,,,,,,,
7909,61476.19072,62887.70183,67436.64152,72263.50499,8700,0,,,,,,,,,
7910,64776.13413,66263.41289,71056.53237,76142.49415,8700,0,,,,,,,,,
7911,67097.8903,68638.47725,73603.39541,78871.65216,8700,0,,,,,,,,,
7912,69454.17073,71048.85856,76188.13004,81641.39246,8700,0,,,,,,,,,
7913,72139.39059,73795.73184,79133.69656,84797.79165,8700,0,,,,,,,,,
7914,71183.26052,72817.64876,78084.86449,83673.88808,8700,0,,,,,,,,,
7915,69316.07371,70907.5908,76036.64376,81479.06336,8700,0,,,,,,,,,
7916,67676.17158,69230.03603,74237.74421,79551.40528,8700,0,,,,,,,,,
7917,66334.52066,67857.58043,72766.01294,77974.33297,8700,0,,,,,,,,,
7918,64749.28193,66235.94415,71027.0767,76110.93015,8700,0,,,,,,,,,
7919,63494.90065,64952.76192,69651.07634,74636.44082,8700,0,,,,,,,,,
7920,64008.92845,65478.59194,70214.94193,75240.6658,8700,0,,,,,,,,,
7921,60528.69171,61918.44797,66397.27733,71149.74699,8700,0,,,,,,,,,
7922,58095.69072,59429.58457,63728.38367,68289.82387,8700,0,,,,,,,,,
7923,56712.80249,58014.94482,62211.41691,66664.27828,8700,0,,,,,,,,,
7924,56132.6032,57421.42399,61574.96415,65982.2706,8700,0,,,,,,,,,
7925,56332.07667,57625.47743,61793.77765,66216.74597,8700,0,,,,,,,,,
7926,57116.54447,58427.95684,62654.30386,67138.86545,8700,0,,,,,,,,,
7927,58751.65157,60100.60647,64447.94348,69060.8871,8700,0,,,,,,,,,
7928,59783.5432,61156.19063,65579.88261,70273.84622,8700,0,,,,,,,,,
7929,59509.26717,60875.61714,65279.01404,69951.44259,8700,0,,,,,,,,,
7930,56429.89539,57725.5421,61901.08043,66331.72907,8700,0,,,,,,,,,
7931,55387.45468,56659.16665,60757.56942,65106.36981,8700,0,,,,,,,,,
7932,53447.38333,54674.55069,58629.39761,62825.8714,8700,0,,,,,,,,,
7933,50966.43198,52136.63599,55907.90455,59909.584,8700,0,,,,,,,,,
7934,52001.20064,53195.16324,57042.99965,61125.92498,8700,0,,,,,,,,,
7935,53136.66504,54356.69823,58288.5535,62460.63094,8700,0,,,,,,,,,
7936,55702.00901,56980.94323,61102.62151,65476.11943,8700,0,,,,,,,,,
7937,58780.42178,60130.03725,64479.50312,69094.70566,8700,0,,,,,,,,,
7938,60725.28817,62119.55834,66612.93488,71380.84051,8700,0,,,,,,,,,
7939,61316.03654,62723.87045,67260.95952,72075.24833,8700,0,,,,,,,,,
7940,60852.83611,62250.03482,66752.84929,71530.76946,8700,0,,,,,,,,,
7941,60235.23554,61618.25395,66075.36898,70804.79765,8700,0,,,,,,,,,
7942,59596.53682,60964.89053,65374.74495,70054.02556,8700,0,,,,,,,,,
7943,59204.30292,60563.65082,64944.48184,69592.96582,8700,0,,,,,,,,,
7944,59819.98547,61193.46963,65619.85816,70316.68306,8700,0,,,,,,,,,
7945,56839.39142,58144.44027,62350.27932,66813.07995,8700,0,,,,,,,,,
7946,54508.04518,55759.56565,59792.89639,64072.64909,8700,0,,,,,,,,,
7947,53173.10731,54393.97722,58328.52905,62503.46778,8700,0,,,,,,,,,
7948,52695.52177,53905.42618,57804.63899,61942.07962,8700,0,,,,,,,,,
7949,52880.61014,54094.76424,58007.67268,62159.64572,8700,0,,,,,,,,,
7950,53862.63341,55099.33504,59084.90845,63313.986,8700,0,,,,,,,,,
7951,54846.57468,56105.86789,60164.24816,64470.58084,8700,0,,,,,,,,,
7952,54916.5822,56177.48281,60241.0433,64552.87268,8700,0,,,,,,,,,
7953,53239.27879,54461.66802,58401.1162,62581.25046,8700,0,,,,,,,,,
7954,49903.85212,51049.65899,54742.30179,58660.55175,8700,0,,,,,,,,,
7955,49134.72843,50262.87599,53898.60738,57756.46883,8700,0,,,,,,,,,
7956,47650.18545,48744.24748,52270.12989,56011.431,8700,0,,,,,,,,,
7957,46788.03808,47862.30495,51324.39265,54998.00141,8700,0,,,,,,,,,
7958,47856.37198,48955.16811,52496.30733,56253.79737,8700,0,,,,,,,,,
7959,49872.20489,51017.28513,54707.5862,58623.35133,8700,0,,,,,,,,,
7960,52559.34277,53766.12047,57655.2567,61782.0051,8700,0,,,,,,,,,
7961,55482.39639,56756.28824,60861.71625,65217.97108,8700,0,,,,,,,,,
7962,58339.27852,59678.76521,63995.58863,68576.15437,8700,0,,,,,,,,,
7963,59484.33299,60850.11047,65251.66236,69922.13317,8700,0,,,,,,,,,
7964,59296.3676,60657.82934,65045.47269,69701.18521,8700,0,,,,,,,,,
7965,58812.06901,60162.41111,64514.21872,69131.90607,8700,0,,,,,,,,,
7966,58260.63994,59598.32107,63909.32561,68483.71697,8700,0,,,,,,,,,
7967,57958.5527,59289.29783,63577.94937,68128.62205,8700,0,,,,,,,,,
7968,57516.45043,58837.04475,63092.98288,67608.94346,8700,0,,,,,,,,,
7969,54770.81312,56028.36682,60081.14111,64381.52528,8700,0,,,,,,,,,
7970,52715.66092,53926.02773,57826.73074,61965.75262,8700,0,,,,,,,,,
7971,51651.16305,52837.08869,56659.02401,60714.4658,8700,0,,,,,,,,,
7972,51652.12205,52838.06971,56660.07599,60715.59308,8700,0,,,,,,,,,
7973,52612.08816,53820.07691,57713.11603,61844.00579,8700,0,,,,,,,,,
7974,54722.86277,55979.31551,60028.54171,64325.16102,8700,0,,,,,,,,,
7975,58668.21795,60015.25719,64356.42053,68962.81326,8700,0,,,,,,,,,
7976,64603.51285,66086.82818,70867.17451,75939.58277,8700,0,,,,,,,,,
7977,71113.253,72746.03384,78008.06935,83591.59625,8700,0,,,,,,,,,
7978,71411.50421,73051.13299,78335.23764,83942.18202,8700,0,,,,,,,,,
7979,69996.96875,71604.11938,76783.55528,82279.43601,8700,0,,,,,,,,,
7980,67581.22988,69132.91445,74133.5974,79439.80402,8700,0,,,,,,,,,
7981,63519.83484,64978.26861,69678.42804,74665.75024,8700,0,,,,,,,,,
7982,66133.12917,67651.56493,72545.09546,77737.60303,8700,0,,,,,,,,,
7983,68196.91243,69762.73325,74808.97371,80163.52126,8700,0,,,,,,,,,
7984,69846.40463,71450.09827,76618.39315,82102.45219,8700,0,,,,,,,,,
7985,72251.59442,73910.51191,79256.77917,84929.68405,8700,0,,,,,,,,,
7986,72020.47371,73674.0846,79003.25004,84658.00826,8700,0,,,,,,,,,
7987,70685.53584,72308.49617,77538.8827,83088.82694,8700,0,,,,,,,,,
7988,68735.87442,70314.06996,75400.191,80797.05568,8700,0,,,,,,,,,
7989,66976.0964,68513.88693,73469.79294,78728.48692,8700,0,,,,,,,,,
7990,65055.20519,66548.8915,71362.66088,76470.5342,8700,0,,,,,,,,,
7991,63283.91909,64736.93617,69419.63898,74388.43802,8700,0,,,,,,,,,
7992,63578.33427,65038.1112,69742.5993,74734.51465,8700,0,,,,,,,,,
7993,59818.06746,61191.50758,65617.75419,70314.42849,8700,0,,,,,,,,,
7994,57618.10518,58941.03353,63204.49361,67728.43571,8700,0,,,,,,,,,
7995,56573.74646,57872.69604,62058.87864,66500.82189,8700,0,,,,,,,,,
7996,56078.8988,57366.48653,61516.05281,65919.14261,8700,0,,,,,,,,,
7997,56574.70547,57873.67707,62059.93064,66501.94918,8700,0,,,,,,,,,
7998,58282.6971,59620.88468,63933.52133,68509.64452,8700,0,,,,,,,,,
7999,61306.44647,62714.0602,67250.43963,72063.97548,8700,0,,,,,,,,,
8000,66105.31796,67623.11517,72514.5878,77704.91175,8700,0,,,,,,,,,
8001,73712.16223,75404.61477,80858.95696,86646.53976,8700,0,,,,,,,,,
8002,76615.0767,78374.18101,84043.32476,90058.83273,8700,0,,,,,,,,,
8003,77067.72805,78837.22536,84539.86312,90590.91144,8700,0,,,,,,,,,
8004,76577.67542,78335.92097,84002.29723,90014.86861,8700,0,,,,,,,,,
8005,73610.50747,75300.62599,80747.44622,86527.04749,8700,0,,,,,,,,,
8006,75780.74053,77520.68823,83128.09516,89078.0944,8700,0,,,,,,,,,
8007,76010.90223,77756.13452,83380.57229,89348.6429,8700,0,,,,,,,,,
8008,75828.69088,77569.73954,83180.69457,89134.45865,8700,0,,,,,,,,,
8009,76111.59797,77859.14226,83491.03104,89467.00791,8700,0,,,,,,,,,
8010,74832.28251,76550.45334,82087.67899,87963.20915,8700,0,,,,,,,,,
8011,72769.45825,74440.26604,79824.8527,85538.41818,8700,0,,,,,,,,,
8012,70642.38052,72264.34999,77491.54323,83038.0991,8700,0,,,,,,,,,
8013,68529.68789,70103.14933,75174.01356,80554.68931,8700,0,,,,,,,,,
8014,66416.03626,67940.96765,72855.43192,78070.15223,8700,0,,,,,,,,,
8015,64904.64108,66394.8704,71197.49877,76293.55039,8700,0,,,,,,,,,
8016,65386.06264,66887.34554,71725.59677,76859.44768,8700,0,,,,,,,,,
8017,61959.5303,63382.13902,67966.84349,72831.65686,8700,0,,,,,,,,,
8018,59709.69965,61080.65161,65498.87954,70187.04523,8700,0,,,,,,,,,
8019,58375.72079,59716.04421,64035.56418,68618.99121,8700,0,,,,,,,,,
8020,57939.37256,59269.6773,63556.90961,68106.07634,8700,0,,,,,,,,,
8021,58549.30107,59893.60994,64225.97401,68823.02987,8700,0,,,,,,,,,
8022,60156.59696,61537.80981,65989.10597,70712.36025,8700,0,,,,,,,,,
8023,63748.07853,65211.75284,69928.80119,74934.04417,8700,0,,,,,,,,,
8024,68848.07825,70428.85002,75523.27361,80928.94807,8700,0,,,,,,,,,
8025,74932.01925,76652.48006,82197.08575,88080.4468,8700,0,,,,,,,,,
8026,75359.73641,77090.01774,82666.27241,88583.2161,8700,0,,,,,,,,,
8027,74192.62478,75896.10889,81386.00297,87211.30977,8700,0,,,,,,,,,
8028,72593.00095,74259.75724,79631.28691,85330.99766,8700,0,,,,,,,,,
8029,69130.02633,70717.27171,75832.55808,81260.36997,8700,0,,,,,,,,,
8030,72034.85882,73688.8,79019.02987,84674.91754,8700,0,,,,,,,,,
8031,73651.74478,75342.81013,80792.68171,86575.52077,8700,0,,,,,,,,,
8032,75561.1279,77296.03323,82887.1899,88819.94604,8700,0,,,,,,,,,
8033,77849.31883,79636.76169,85397.23338,91509.6491,8700,0,,,,,,,,,
8034,77138.69457,78909.82129,84617.71022,90674.33062,8700,0,,,,,,,,,
8035,74954.07641,76675.04367,82221.28147,88106.37435,8700,0,,,,,,,,,
8036,72881.66208,74555.04611,79947.93531,85670.31057,8700,0,,,,,,,,,
8037,70646.21655,72268.2741,77495.75118,83042.60824,8700,0,,,,,,,,,
8038,68422.2791,69993.2744,75056.19091,80428.43334,8700,0,,,,,,,,,
8039,66711.41044,68243.1237,73179.44423,78417.35613,8700,0,,,,,,,,,
8040,67001.98959,68540.37463,73498.19662,78758.92363,8700,0,,,,,,,,,
8041,63472.84349,64930.19832,69626.88062,74610.51325,8700,0,,,,,,,,,
8042,61099.30093,62502.15854,67023.2102,71820.48181,8700,0,,,,,,,,,
8043,59797.92831,61170.90603,65595.66243,70290.7555,8700,0,,,,,,,,,
8044,59263.76136,60624.47446,65009.7051,69662.85752,8700,0,,,,,,,,,
8045,59764.36306,61136.57011,65558.84285,70251.3005,8700,0,,,,,,,,,
8046,61416.73228,62826.8782,67371.41825,72193.61329,8700,0,,,,,,,,,
8047,64647.62718,66131.95538,70915.56597,75991.4379,8700,0,,,,,,,,,
8048,69904.90407,71509.94087,76682.56443,82171.21661,8700,0,,,,,,,,,
8049,76184.48251,77933.70025,83570.98213,89552.68158,8700,0,,,,,,,,,
8050,75400.97372,77132.20187,82711.5079,88631.68935,8700,0,,,,,,,,,
8051,73110.86478,74789.51137,80199.36045,85939.7318,8700,0,,,,,,,,,
8052,70925.28761,72553.75271,77801.8797,83370.64829,8700,0,,,,,,,,,
8053,67450.80491,68999.49489,73990.52702,79286.49321,8700,0,,,,,,,,,
8054,70931.04166,72559.63888,77808.19163,83377.41202,8700,0,,,,,,,,,
8055,73468.57442,75155.43413,80591.75198,86360.20925,8700,0,,,,,,,,,
8056,75153.54989,76879.09711,82440.09499,88340.84973,8700,0,,,,,,,,,
8057,76859.62351,78624.34268,84311.58171,90346.2905,8700,0,,,,,,,,,
8058,75868.01017,77609.96161,83223.82607,89180.67743,8700,0,,,,,,,,,
8059,73994.11031,75693.03647,81168.24144,86977.96167,8700,0,,,,,,,,,
8060,71850.72946,73500.44297,78817.04817,84458.47874,8700,0,,,,,,,,,
8061,69320.86875,70912.49593,76041.90371,81484.69978,8700,0,,,,,,,,,
8062,66962.6703,68500.15256,73455.06511,78712.70492,8700,0,,,,,,,,,
8063,65327.56321,66827.50294,71661.4255,76790.68326,8700,0,,,,,,,,,
8064,65754.32136,67264.05958,72129.56016,77292.32527,8700,0,,,,,,,,,
8065,62279.83866,63709.80176,68318.20749,73208.17018,8700,0,,,,,,,,,
8066,59904.37809,61279.79993,65712.43311,70415.88417,8700,0,,,,,,,,,
8067,58657.66887,60004.46589,64344.84865,68950.41313,8700,0,,,,,,,,,
8068,57975.81483,59306.95629,63596.88516,68148.91318,8700,0,,,,,,,,,
8069,58458.1954,59800.41246,64126.03515,68715.93775,8700,0,,,,,,,,,
8070,59977.26263,61354.35791,65792.3842,70501.55787,8700,0,,,,,,,,,
8071,63156.37115,64606.45967,69279.72457,74238.50906,8700,0,,,,,,,,,
8072,68193.0764,69758.80915,74804.76577,80159.01212,8700,0,,,,,,,,,
8073,74182.0757,75885.3176,81374.4311,87198.90964,8700,0,,,,,,,,,
8074,73798.47286,75492.90712,80953.63587,86747.99544,8700,0,,,,,,,,,
8075,72291.87272,73951.71501,79300.96266,84977.03003,8700,0,,,,,,,,,
8076,70452.49712,72070.10682,77283.24961,82814.89659,8700,0,,,,,,,,,
8077,67163.10278,68705.18704,73674.9306,78948.30757,8700,0,,,,,,,,,
8078,70370.98151,71986.71958,77193.83061,82719.07733,8700,0,,,,,,,,,
8079,71680.0262,73325.82032,78629.7943,84257.82194,8700,0,,,,,,,,,
8080,73097.43868,74775.777,80184.63262,85923.9498,8700,0,,,,,,,,,
8081,75470.02223,77202.83575,82787.25104,88712.85396,8700,0,,,,,,,,,
8082,74750.76691,76467.06612,81998.26001,87867.38984,8700,0,,,,,,,,,
8083,72620.81215,74288.20699,79661.79456,85363.68893,8700,0,,,,,,,,,
8084,70604.97924,72226.08997,77450.51569,82994.13497,8700,0,,,,,,,,,
8085,68788.61981,70368.02641,75458.05035,80859.05637,8700,0,,,,,,,,,
8086,66953.08023,68490.34231,73444.54522,78701.43206,8700,0,,,,,,,,,
8087,65611.42931,67117.88668,71972.81396,77124.35977,8700,0,,,,,,,,,
8088,66148.47328,67667.26135,72561.92726,77755.63959,8700,0,,,,,,,,,
8089,62478.35313,63912.87417,68535.96902,73441.51826,8700,0,,,,,,,,,
8090,59981.09866,61358.28202,65796.59215,70506.06701,8700,0,,,,,,,,,
8091,58611.63653,59957.37665,64294.35323,68896.30343,8700,0,,,,,,,,,
8092,57923.06944,59252.99985,63539.02581,68086.91249,8700,0,,,,,,,,,
8093,58170.49327,59506.1046,63810.43872,68377.75214,8700,0,,,,,,,,,
8094,58983.73128,60338.01479,64702.52458,69333.69016,8700,0,,,,,,,,,
8095,60383.88164,61770.31301,66238.42714,70979.52689,8700,0,,,,,,,,,
8096,61495.37086,62907.32235,67457.68127,72286.0507,8700,0,,,,,,,,,
8097,62150.37271,63577.36323,68176.18912,73055.98666,8700,0,,,,,,,,,
8098,60419.3649,61806.61098,66277.35069,71021.23645,8700,0,,,,,,,,,
8099,60633.22349,62025.37983,66511.94403,71272.62111,8700,0,,,,,,,,,
8100,59761.48604,61133.62702,65555.68689,70247.91866,8700,0,,,,,,,,,
8101,57734.14504,59059.7377,63331.78417,67864.83726,8700,0,,,,,,,,,
8102,58627.93965,59974.05408,64312.23702,68915.46727,8700,0,,,,,,,,,
8103,58800.56093,60150.6388,64501.59488,69118.37866,8700,0,,,,,,,,,
8104,59679.97043,61050.2398,65466.26791,70152.09938,8700,0,,,,,,,,,
8105,61621.00079,63035.83677,67595.49171,72433.72509,8700,0,,,,,,,,,
8106,62952.10264,64397.50111,69055.65112,73998.39726,8700,0,,,,,,,,,
8107,63073.89654,64522.09143,69189.2536,74141.56252,8700,0,,,,,,,,,
8108,62456.29597,63890.31058,68511.77329,73415.59071,8700,0,,,,,,,,,
8109,61890.48179,63311.50513,67891.10036,72750.49231,8700,0,,,,,,,,,
8110,61003.40022,62404.05592,66918.01141,71707.75328,8700,0,,,,,,,,,
8111,60621.7154,62013.60751,66499.32016,71259.09368,8700,0,,,,,,,,,
8112,61385.08505,62794.50434,67336.70265,72156.41288,8700,0,,,,,,,,,
8113,58433.26121,59774.90578,64098.68345,68686.62833,8700,0,,,,,,,,,
8114,56286.04433,57578.38818,61743.28222,66162.63626,8700,0,,,,,,,,,
8115,54807.25539,56065.64581,60121.11666,64424.36214,8700,0,,,,,,,,,
8116,54219.38404,55464.27677,59476.24799,63733.33617,8700,0,,,,,,,,,
8117,54348.85,55596.7153,59618.26638,63885.5197,8700,0,,,,,,,,,
8118,55133.3178,56399.19471,60478.79259,64807.63917,8700,0,,,,,,,,,
8119,55969.57199,57254.64954,61396.12617,65790.63207,8700,0,,,,,,,,,
8120,56360.84688,57654.90821,61825.33728,66250.56452,8700,0,,,,,,,,,
8121,55006.72887,56269.69926,60339.93017,64658.8375,8700,0,,,,,,,,,
8122,52036.6839,53231.4612,57081.92321,61167.63455,8700,0,,,,,,,,,
8123,51428.6734,52609.49061,56414.96279,60452.93557,8700,0,,,,,,,,,
8124,49687.11652,50827.94708,54504.5525,58405.78525,8700,0,,,,,,,,,
8125,48543.02106,49657.58285,53249.53077,57060.93373,8700,0,,,,,,,,,
8126,49208.57198,50338.41502,53979.61047,57843.26981,8700,0,,,,,,,,,
8127,50555.01794,51715.77576,55456.60168,59425.97855,8700,0,,,,,,,,,
8128,53434.91624,54661.79736,58615.72177,62811.21669,8700,0,,,,,,,,,
8129,57265.19057,58580.0159,62817.36202,67313.59469,8700,0,,,,,,,,,
8130,60306.20207,61690.8499,66153.21611,70888.21678,8700,0,,,,,,,,,
8131,61407.14221,62817.06794,67360.89837,72182.34044,8700,0,,,,,,,,,
8132,61013.9493,62414.84721,66929.58327,71720.15341,8700,0,,,,,,,,,
8133,60409.77483,61796.80072,66266.83081,71009.96359,8700,0,,,,,,,,,
8134,59688.6015,61059.06905,65475.7358,70162.24496,8700,0,,,,,,,,,
8135,59547.62746,60914.8582,65321.09356,69996.53401,8700,0,,,,,,,,,
8136,59392.26831,60755.93196,65150.67149,69813.91377,8700,0,,,,,,,,,
8137,56779.93298,58083.61665,62285.05607,66743.18825,8700,0,,,,,,,,,
8138,54681.62546,55937.13138,59983.30622,64276.68775,8700,0,,,,,,,,,
8139,53636.30773,54867.81286,58836.63926,63047.94663,8700,0,,,,,,,,,
8140,53299.69624,54523.47266,58467.39145,62652.26944,8700,0,,,,,,,,,
8141,54053.47582,55294.55925,59294.25407,63538.3158,8700,0,,,,,,,,,
8142,56207.40575,57497.94403,61657.0192,66070.19886,8700,0,,,,,,,,,
8143,60309.07909,61693.79298,66156.37206,70891.59863,8700,0,,,,,,,,,
8144,66820.73725,68354.96069,73299.37088,78545.86667,8700,0,,,,,,,,,
8145,74287.56648,75993.23047,81490.14979,87322.91099,8700,0,,,,,,,,,
8146,74207.00989,75910.82428,81401.78279,87228.21905,8700,0,,,,,,,,,
8147,72631.36123,74298.99827,79673.36643,85376.08907,8700,0,,,,,,,,,
8148,69926.00222,71531.52344,76705.70816,82196.01689,8700,0,,,,,,,,,
8149,66059.28562,67576.02591,72464.09237,77650.80205,8700,0,,,,,,,,,
8150,68984.25726,70568.15574,75672.65591,81089.02261,8700,0,,,,,,,,,
8151,70754.58435,72379.13005,77614.62583,83169.9915,8700,0,,,,,,,,,
8152,72455.86293,74119.47048,79480.85261,85169.79584,8700,0,,,,,,,,,
8153,74882.15088,76601.4667,82142.38237,88021.82797,8700,0,,,,,,,,,
8154,74686.51343,76401.33736,81927.77681,87791.86174,8700,0,,,,,,,,,
8155,72898.92421,74572.70458,79966.8711,85690.60171,8700,0,,,,,,,,,
8156,70784.31357,72409.54187,77647.23745,83204.93734,8700,0,,,,,,,,,
8157,68819.30804,70399.41925,75491.71397,80895.12951,8700,0,,,,,,,,,
8158,66807.31115,68341.22633,73284.64304,78530.08468,8700,0,,,,,,,,,
8159,65119.45867,66614.62026,71433.1441,76546.06233,8700,0,,,,,,,,,
8160,65528.9547,67033.51844,71882.34298,77027.41321,8700,0,,,,,,,,,
8161,61878.9737,63299.73282,67878.47649,72736.96487,8700,0,,,,,,,,,
8162,59739.42887,61111.06342,65531.49116,70221.99108,8700,0,,,,,,,,,
8163,58502.30972,59845.53966,64174.42659,68767.79287,8700,0,,,,,,,,,
8164,58170.49327,59506.1046,63810.43872,68377.75214,8700,0,,,,,,,,,
8165,58890.7076,60242.85527,64600.48175,69224.34349,8700,0,,,,,,,,,
8166,60605.41228,61996.93006,66481.43637,71239.92983,8700,0,,,,,,,,,
8167,63877.54448,65344.19136,70070.81957,75086.2277,8700,0,,,,,,,,,
8168,68994.80633,70578.94702,75684.22776,81101.42273,8700,0,,,,,,,,,
8169,74878.31485,76597.54261,82138.17441,88017.31883,8700,0,,,,,,,,,
8170,74287.56648,75993.23047,81490.14979,87322.91099,8700,0,,,,,,,,,
8171,72253.51244,73912.47397,79258.88315,84931.93862,8700,0,,,,,,,,,
8172,69191.40279,70780.0574,75899.88531,81332.51625,8700,0,,,,,,,,,
8173,64914.23115,66404.68066,71208.01865,76304.82325,8700,0,,,,,,,,,
8174,67757.68718,69313.42327,74327.1632,79647.22453,8700,0,,,,,,,,,
8175,68723.40733,70301.31662,75386.51516,80782.40097,8700,0,,,,,,,,,
8176,70040.12407,71648.26556,76830.89474,82330.16387,8700,0,,,,,,,,,
8177,72448.19088,74111.62228,79472.43672,85160.77756,8700,0,,,,,,,,,
8178,72395.44549,74057.66584,79414.57738,85098.77687,8700,0,,,,,,,,,
8179,72367.63428,74029.21608,79384.06972,85066.08559,8700,0,,,,,,,,,
8180,70803.49371,72429.16239,77668.27722,83227.48305,8700,0,,,,,,,,,
8181,68966.99513,70550.49727,75653.72011,81068.73147,8700,0,,,,,,,,,
8182,67147.75867,68689.49062,73658.0988,78930.271,8700,0,,,,,,,,,
8183,65506.89753,67010.95483,71858.14725,77001.48564,8700,0,,,,,,,,,
8184,65964.34392,67478.90432,72359.94555,77539.20079,8700,0,,,,,,,,,
8185,62377.65739,63809.86644,68425.51028,73323.1533,8700,0,,,,,,,,,
8186,60203.58831,61585.8801,66040.65338,70767.59723,8700,0,,,,,,,,,
8187,58953.04306,60306.62196,64668.86098,69297.61703,8700,0,,,,,,,,,
8188,58526.2849,59870.06531,64200.72629,68795.97503,8700,0,,,,,,,,,
8189,59179.36873,60538.14414,64917.13014,69563.65639,8700,0,,,,,,,,,
8190,60981.34306,62381.49232,66893.81569,71681.82571,8700,0,,,,,,,,,
8191,64498.98108,65979.89633,70752.50782,75816.70866,8700,0,,,,,,,,,
8192,69444.58066,71039.04831,76177.61017,81630.11961,8700,0,,,,,,,,,
8193,75099.84549,76824.15965,82381.18366,88277.72176,8700,0,,,,,,,,,
8194,73799.43187,75493.88815,80954.68787,86749.12273,8700,0,,,,,,,,,
8195,71412.46322,73052.11401,78336.28963,83943.30931,8700,0,,,,,,,,,
8196,68306.23924,69874.57023,74928.90036,80292.0318,8700,0,,,,,,,,,
8197,64099.07512,65570.80841,70313.82882,75346.63064,8700,0,,,,,,,,,
8198,66487.96179,68014.54461,72934.33103,78154.69864,8700,0,,,,,,,,,
8199,68284.18208,69852.00663,74904.70463,80266.10424,8700,0,,,,,,,,,
8200,70565.65995,72185.86789,77407.38418,82947.91627,8700,0,,,,,,,,,
8201,73579.81925,75269.23316,80713.78261,86490.97436,8700,0,,,,,,,,,
8202,73089.76662,74767.92879,80176.21671,85914.93151,8700,0,,,,,,,,,
8203,71990.74449,73643.67279,78970.63841,84623.06241,8700,0,,,,,,,,,
8204,70322.07215,71936.68726,77140.17923,82661.58576,8700,0,,,,,,,,,
8205,68941.10194,70524.00957,75625.31644,81038.29476,8700,0,,,,,,,,,
8206,67179.40591,68721.86449,73692.81441,78967.47144,8700,0,,,,,,,,,
8207,65691.0269,67199.31186,72060.12897,77217.92444,8700,0,,,,,,,,,
8208,66106.27697,67624.09619,72515.63979,77706.03904,8700,0,,,,,,,,,
8209,62228.05228,63656.82635,68261.40014,73147.29677,8700,0,,,,,,,,,
8210,60219.89143,61602.55754,66058.53718,70786.76108,8700,0,,,,,,,,,
8211,59124.70533,60482.22565,64857.16683,69499.40113,8700,0,,,,,,,,,
8212,58704.66022,60052.53618,64396.39607,69005.6501,8700,0,,,,,,,,,
8213,59239.78618,60599.94879,64983.4054,69634.67538,8700,0,,,,,,,,,
8214,60844.20505,62241.20559,66743.3814,71520.62391,8700,0,,,,,,,,,
8215,64155.65654,65628.68895,70375.89611,75413.14047,8700,0,,,,,,,,,
8216,69089.74804,70676.06863,75788.37459,81213.024,8700,0,,,,,,,,,
8217,74743.09485,76459.21791,81989.8441,87858.37156,8700,0,,,,,,,,,
8218,74814.06138,76531.81385,82067.69122,87941.79074,8700,0,,,,,,,,,
8219,73604.75343,75294.73984,80741.13429,86520.28379,8700,0,,,,,,,,,
8220,72181.58691,73838.89701,79179.98404,84847.39221,8700,0,,,,,,,,,
8221,69072.48591,70658.41015,75769.43881,81192.73285,8700,0,,,,,,,,,
8222,72646.70535,74314.6947,79690.19824,85394.12565,8700,0,,,,,,,,,
8223,73834.91513,75530.18612,80993.61142,86790.83228,8700,0,,,,,,,,,
8224,74048.77372,75748.95497,81228.20476,87042.21694,8700,0,,,,,,,,,
8225,74977.09258,76698.5883,82246.52918,88133.42919,8700,0,,,,,,,,,
8226,73972.05315,75670.47287,81144.04572,86952.0341,8700,0,,,,,,,,,
8227,72484.63315,74148.90128,79512.41227,85203.61442,8700,0,,,,,,,,,
8228,70636.62648,72258.46383,77485.2313,83031.33539,8700,0,,,,,,,,,
8229,68680.25201,70257.17044,75339.1757,80731.67313,8700,0,,,,,,,,,
8230,66561.80534,68090.08363,73015.33411,78241.49961,8700,0,,,,,,,,,
8231,64863.40377,66352.68627,71152.26328,76245.07711,8700,0,,,,,,,,,
8232,65582.65909,67088.4559,71941.25431,77090.54119,8700,0,,,,,,,,,
8233,62052.55398,63477.29856,68068.88632,72941.00353,8700,0,,,,,,,,,
8234,59741.34689,61113.02548,65533.59514,70224.24565,8700,0,,,,,,,,,
8235,58464.90845,59807.27965,64133.39906,68723.82876,8700,0,,,,,,,,,
8236,58048.69937,59381.51428,63676.83624,68234.58688,8700,0,,,,,,,,,
8237,58510.94079,59854.3689,64183.89448,68777.93846,8700,0,,,,,,,,,
8238,59975.34462,61352.39587,65790.28023,70499.3033,8700,0,,,,,,,,,
8239,63040.33129,64487.75551,69152.43401,74102.10753,8700,0,,,,,,,,,
8240,67832.48974,69389.94331,74409.21826,79735.15281,8700,0,,,,,,,,,
8241,73858.89031,75554.71178,81019.91112,86819.01441,8700,0,,,,,,,,,
8242,74741.17684,76457.25586,81987.74012,87856.11699,8700,0,,,,,,,,,
8243,74219.47698,75923.57763,81415.45863,87242.87375,8700,0,,,,,,,,,
8244,72931.53045,74606.05947,80002.63868,85728.92941,8700,0,,,,,,,,,
8245,69771.60208,71373.57823,76536.33809,82014.52393,8700,0,,,,,,,,,
8246,71855.52449,73505.3481,78822.3081,84464.11516,8700,0,,,,,,,,,
8247,72242.00435,73900.70165,79246.25928,84918.41119,8700,0,,,,,,,,,
8248,72625.60719,74293.11212,79667.05451,85369.32536,8700,0,,,,,,,,,
8249,73427.33712,75113.25,80546.51651,86311.73598,8700,0,,,,,,,,,
8250,72108.70237,73764.33902,79100.03295,84761.71853,8700,0,,,,,,,,,
8251,70243.43357,71856.24311,77053.91621,82569.14836,8700,0,,,,,,,,,
8252,68221.84662,69788.23993,74836.32541,80192.83069,8700,0,,,,,,,,,
8253,66902.25286,68438.34792,73388.78987,78641.68594,8700,0,,,,,,,,,
8254,65259.4737,66757.85007,71586.73434,76710.646,8700,0,,,,,,,,,
8255,63959.06009,65427.57859,70160.23856,75182.04697,8700,0,,,,,,,,,
8256,64615.02094,66098.6005,70879.79838,75953.1102,8700,0,,,,,,,,,
8257,61059.02263,62460.95543,66979.02671,71773.13583,8700,0,,,,,,,,,
8258,58593.4154,59938.73715,64274.36546,68874.88501,8700,0,,,,,,,,,
8259,57232.58433,58546.66101,62781.59442,67275.26698,8700,0,,,,,,,,,
8260,56646.631,57947.25402,62138.82973,66586.49559,8700,0,,,,,,,,,
8261,56933.37412,58240.58084,62453.37415,66923.55394,8700,0,,,,,,,,,
8262,57636.32632,58959.67303,63224.48139,67749.85415,8700,0,,,,,,,,,
8263,59019.21455,60374.31277,64741.44815,69375.39973,8700,0,,,,,,,,,
8264,60084.67143,61464.23285,65910.20686,70627.81384,8700,0,,,,,,,,,
8265,61597.02561,63011.31112,67569.19201,72405.54296,8700,0,,,,,,,,,
8266,60802.00873,62198.04043,66697.09391,71471.02333,8700,0,,,,,,,,,
8267,60271.67781,61655.53295,66115.34453,70847.63449,8700,0,,,,,,,,,
8268,58579.9893,59925.00278,64259.63762,68859.10301,8700,0,,,,,,,,,
8269,56127.80816,57416.51886,61569.70419,65976.63417,8700,0,,,,,,,,,
8270,56533.46816,57831.49293,62014.69514,66453.4759,8700,0,,,,,,,,,
8271,57750.44816,59076.41514,63349.66796,67884.00111,8700,0,,,,,,,,,
8272,59013.4605,60368.42661,64735.13621,69368.63602,8700,0,,,,,,,,,
8273,60632.26448,62024.3988,66510.89204,71271.49382,8700,0,,,,,,,,,
8274,61718.81952,63135.90145,67702.79449,72548.70821,8700,0,,,,,,,,,
8275,62176.2659,63603.85094,68204.59279,73086.42336,8700,0,,,,,,,,,
8276,61554.8293,62968.14597,67522.90453,72355.9424,8700,0,,,,,,,,,
8277,60530.60973,61920.41003,66399.38131,71152.00157,8700,0,,,,,,,,,
8278,59679.01143,61049.25878,65465.21592,70150.97211,8700,0,,,,,,,,,
8279,59262.80235,60623.49343,65008.65311,69661.73024,8700,0,,,,,,,,,
8280,59986.8527,61364.16817,65802.90408,70512.83072,8700,0,,,,,,,,,
8281,56836.5144,58141.4972,62347.12336,66809.6981,8700,0,,,,,,,,,
8282,54301.85865,55548.64502,59566.71895,63830.28271,8700,0,,,,,,,,,
8283,52953.49468,54169.32223,58087.62378,62245.31941,8700,0,,,,,,,,,
8284,52286.02574,53486.528,57355.44009,61460.72874,8700,0,,,,,,,,,
8285,52535.36759,53741.59481,57628.95698,61753.82296,8700,0,,,,,,,,,
8286,53443.54731,54670.6266,58625.18966,62821.36226,8700,0,,,,,,,,,
8287,54413.10348,55662.44406,59688.74957,63961.04782,8700,0,,,,,,,,,
8288,54789.03426,56047.00632,60101.12889,64402.94371,8700,0,,,,,,,,,
8289,54835.0666,56094.09557,60151.62432,64457.05341,8700,0,,,,,,,,,
8290,54055.39383,55296.52129,59296.35803,63540.57036,8700,0,,,,,,,,,
8291,54009.36149,55249.43204,59245.86261,63486.46066,8700,0,,,,,,,,,
8292,52660.03851,53869.12821,57765.71543,61900.37007,8700,0,,,,,,,,,
8293,51801.72716,52991.10979,56824.18613,60891.44961,8700,0,,,,,,,,,
8294,51716.37553,52903.79846,56730.5592,60791.1212,8700,0,,,,,,,,,
8295,52859.51199,54073.18166,57984.52895,62134.84544,8700,0,,,,,,,,,
8296,55175.51412,56442.35987,60525.08007,64857.23974,8700,0,,,,,,,,,
8297,58279.82008,59617.94159,63930.36537,68506.26268,8700,0,,,,,,,,,
8298,61460.84661,62872.00541,67419.80971,72245.46843,8700,0,,,,,,,,,
8299,62758.3832,64199.33382,68843.14952,73770.68561,8700,0,,,,,,,,,
8300,62657.68746,64096.32608,68732.69078,73652.32064,8700,0,,,,,,,,,
8301,62065.98008,63491.03292,68083.61415,72956.78553,8700,0,,,,,,,,,
8302,61121.3581,62524.72215,67047.40594,71846.40939,8700,0,,,,,,,,,
8303,60990.93313,62391.30258,66904.33556,71693.09857,8700,0,,,,,,,,,
8304,61153.00533,62557.09601,67082.12154,71883.6098,8700,0,,,,,,,,,
8305,58345.99157,59685.6324,64002.95254,68584.04537,8700,0,,,,,,,,,
8306,56247.68405,57539.14714,61701.2027,66117.54485,8700,0,,,,,,,,,
8307,55200.4483,56467.86655,60552.43176,64886.54916,8700,0,,,,,,,,,
8308,54995.22078,56257.92695,60327.30631,64645.31008,8700,0,,,,,,,,,
8309,55922.58064,57206.57926,61344.57875,65735.39508,8700,0,,,,,,,,,
8310,58048.69937,59381.51428,63676.83624,68234.58688,8700,0,,,,,,,,,
8311,62289.42874,63719.61203,68328.72738,73219.44304,8700,0,,,,,,,,,
8312,69177.01768,70765.342,75884.10549,81315.60697,8700,0,,,,,,,,,
8313,77044.71188,78813.68074,84514.6154,90563.8566,8700,0,,,,,,,,,
8314,76993.8845,78761.68635,84458.86004,90504.11049,8700,0,,,,,,,,,
8315,74779.53712,76496.4969,82029.81965,87901.20847,8700,0,,,,,,,,,
8316,72364.75726,74026.273,79380.91376,85062.70373,8700,0,,,,,,,,,
8317,68305.28023,69873.5892,74927.84836,80290.90451,8700,0,,,,,,,,,
8318,70999.13116,72629.29173,77882.88278,83457.44928,8700,0,,,,,,,,,
8319,72922.89939,74597.23023,79993.17079,85718.78384,8700,0,,,,,,,,,
8320,75580.30804,77315.65376,82908.22966,88842.49174,8700,0,,,,,,,,,
8321,78804.48989,80613.86375,86445.01346,92632.42534,8700,0,,,,,,,,,
8322,78586.79528,80391.17081,86206.21217,92376.53155,8700,0,,,,,,,,,
8323,76608.36365,78367.31382,84035.96085,90050.94174,8700,0,,,,,,,,,
8324,74260.71428,75965.76174,81460.69411,87291.34701,8700,0,,,,,,,,,
8325,71758.66478,73406.26447,78716.05731,84350.25934,8700,0,,,,,,,,,
8326,69434.03158,71028.25701,76166.03829,81617.71946,8700,0,,,,,,,,,
8327,67726.99896,69282.03042,74293.49958,79611.15141,8700,0,,,,,,,,,
8328,68175.81428,69741.15068,74785.82999,80138.72099,8700,0,,,,,,,,,
8329,64507.61214,65988.72556,70761.97571,75826.85422,8700,0,,,,,,,,,
8330,62368.06732,63800.05617,68414.99039,73311.88044,8700,0,,,,,,,,,
8331,60978.46604,62378.54924,66890.65972,71678.44386,8700,0,,,,,,,,,
8332,60300.44802,61684.96373,66146.90416,70881.45306,8700,0,,,,,,,,,
8333,60843.24604,62240.22455,66742.32941,71519.49661,8700,0,,,,,,,,,
8334,62144.61866,63571.47706,68169.87717,73049.22292,8700,0,,,,,,,,,
8335,65609.51129,67115.92463,71970.70997,77122.10518,8700,0,,,,,,,,,
8336,71055.71258,72687.17228,77944.95008,83523.95913,8700,0,,,,,,,,,
8337,78182.09429,79977.17777,85762.27323,91900.81709,8700,0,,,,,,,,,
8338,79186.17472,81004.31218,86863.70471,93081.08496,8700,0,,,,,,,,,
8339,77637.37826,79419.9549,85164.74402,91260.51902,8700,0,,,,,,,,,
8340,75166.01698,76891.85046,82453.77083,88355.50443,8700,0,,,,,,,,,
8341,70618.40534,72239.82433,77465.24352,83009.91697,8700,0,,,,,,,,,
8342,72023.35073,73677.02767,79006.406,84661.39011,8700,0,,,,,,,,,
8343,74066.99485,75767.59447,81248.19253,87063.63534,8700,0,,,,,,,,,
8344,76223.8018,77973.92232,83614.11363,89598.90026,8700,0,,,,,,,,,
8345,78239.63471,80036.03933,85825.3925,91968.45428,8700,0,,,,,,,,,
8346,77038.95783,78807.79457,84508.30347,90557.09289,8700,0,,,,,,,,,
8347,74917.63414,76637.76467,82181.30592,88063.53752,8700,0,,,,,,,,,
8348,72573.82081,74240.13671,79610.24715,85308.45195,8700,0,,,,,,,,,
8349,70498.52946,72117.19607,77333.74503,82869.00629,8700,0,,,,,,,,,
8350,68159.51116,69724.47324,74767.94619,80119.55714,8700,0,,,,,,,,,
8351,66412.20023,67937.04354,72851.22397,78065.64308,8700,0,,,,,,,,,
8352,66786.213,68319.64375,73261.49931,78505.2844,8700,0,,,,,,,,,
8353,63047.04434,64494.6227,69159.79793,74109.99852,8700,0,,,,,,,,,
8354,60658.15767,62050.8865,66539.29571,71301.93052,8700,0,,,,,,,,,
8355,59329.93285,60692.16526,65082.29228,69740.64021,8700,0,,,,,,,,,
8356,58954.00206,60307.60298,64669.91295,69298.74432,8700,0,,,,,,,,,
8357,59539.9554,60907.00998,65312.67765,69987.51572,8700,0,,,,,,,,,
8358,60866.26221,62263.76918,66767.57711,71546.55146,8700,0,,,,,,,,,
8359,64052.08377,65522.73813,70262.28139,75291.39364,8700,0,,,,,,,,,
8360,69121.39527,70708.44249,75823.09019,81250.22442,8700,0,,,,,,,,,
8361,75704.97897,77443.18717,83044.98812,88989.03888,8700,0,,,,,,,,,
8362,76566.16734,78324.14867,83989.67337,90001.34119,8700,0,,,,,,,,,
8363,75190.95116,76917.35713,82481.12251,88384.81384,8700,0,,,,,,,,,
8364,72949.75159,74624.69897,80022.62647,85750.34784,8700,0,,,,,,,,,
8365,69275.79541,70866.3877,75992.46027,81431.71737,8700,0,,,,,,,,,
8366,71502.60988,73144.33046,78435.1765,84049.27413,8700,0,,,,,,,,,
8367,72262.1435,73921.3032,79268.35104,84942.08418,8700,0,,,,,,,,,
8368,72877.82606,74551.12201,79943.72735,85665.80143,8700,0,,,,,,,,,
8369,74560.8835,76272.82293,81789.96637,87644.18731,8700,0,,,,,,,,,
8370,73777.37471,75471.32456,80930.49215,86723.19516,8700,0,,,,,,,,,
8371,72211.31613,73869.30882,79212.59567,84882.33807,8700,0,,,,,,,,,
8372,70723.89612,72347.73722,77580.96221,83133.91836,8700,0,,,,,,,,,
8373,69228.80406,70818.31741,75940.91285,81376.48038,8700,0,,,,,,,,,
8374,67357.78122,68904.33535,73888.48418,79177.14651,8700,0,,,,,,,,,
8375,65868.44321,67380.8017,72254.74676,77426.47225,8700,0,,,,,,,,,
8376,66206.01371,67726.12292,72625.04654,77823.27672,8700,0,,,,,,,,,
8377,62724.81796,64164.9979,68806.32995,73731.23062,8700,0,,,,,,,,,
8378,60419.3649,61806.61098,66277.35069,71021.23645,8700,0,,,,,,,,,
8379,58980.85426,60335.07171,64699.36863,69330.30831,8700,0,,,,,,,,,
8380,58415.04008,59756.26629,64078.69568,68665.20992,8700,0,,,,,,,,,
8381,58852.34731,60203.61421,64558.40222,69179.25207,8700,0,,,,,,,,,
8382,60400.18476,61786.99046,66256.31093,70998.69074,8700,0,,,,,,,,,
8383,63774.93072,65239.22156,69958.25684,74965.60816,8700,0,,,,,,,,,
8384,68862.46335,70443.5654,75539.05342,80945.85734,8700,0,,,,,,,,,
8385,76083.78677,77830.6925,83460.52338,89434.31665,8700,0,,,,,,,,,
8386,78062.2184,79854.54949,85630.77472,91759.90646,8700,0,,,,,,,,,
8387,77934.67046,79724.07301,85490.86031,91609.97746,8700,0,,,,,,,,,
8388,75784.57656,77524.61234,83132.30313,89082.60354,8700,0,,,,,,,,,
8389,70233.8435,71846.43284,77043.39633,82557.87551,8700,0,,,,,,,,,
8390,72194.054,73851.65034,79193.65989,84862.04693,8700,0,,,,,,,,,
8391,73892.45556,75589.0477,81056.73071,86858.46941,8700,0,,,,,,,,,
8392,74230.02606,75934.36891,81427.03049,87255.27389,8700,0,,,,,,,,,
8393,75323.29414,77052.73874,82626.29686,88540.37926,8700,0,,,,,,,,,
8394,74582.94067,76295.38654,81814.1621,87670.11496,8700,0,,,,,,,,,
8395,73346.78052,75030.8438,80458.1495,86217.044,8700,0,,,,,,,,,
8396,71472.88066,73113.91865,78402.56488,84014.32828,8700,0,,,,,,,,,
8397,69409.0974,71002.75033,76138.68661,81588.41005,8700,0,,,,,,,,,
8398,67251.33144,68795.44144,73771.7135,79052.01783,8700,0,,,,,,,,,
8399,65950.91782,67465.16995,72345.21773,77523.41879,8700,0,,,,,,,,,
8400,66501.38789,68028.27898,72949.05885,78170.48064,8700,0,,,,,,,,,
8401,63238.84576,64690.82794,69370.19554,74335.45561,8700,0,,,,,,,,,
8402,61054.2276,62456.05031,66973.76678,71767.49941,8700,0,,,,,,,,,
8403,59624.34802,60993.34028,65405.2526,70086.71683,8700,0,,,,,,,,,
8404,59256.0893,60616.62623,65001.2892,69653.83923,8700,0,,,,,,,,,
8405,59990.68873,61368.09229,65807.11203,70517.33987,8700,0,,,,,,,,,
8406,61804.17115,63223.21278,67796.42144,72649.03661,8700,0,,,,,,,,,
8407,65224.94945,66722.53314,71548.86277,76670.06373,8700,0,,,,,,,,,
8408,70814.04279,72439.95368,77679.84909,83239.88319,8700,0,,,,,,,,,
8409,77792.73741,79578.88114,85335.16608,91443.13928,8700,0,,,,,,,,,
8410,78381.56776,80181.2312,85981.08673,92135.29246,8700,0,,,,,,,,,
8411,77389.95443,79166.85015,84893.3311,90969.67939,8700,0,,,,,,,,,
8412,76427.11131,78181.89987,83837.1351,89837.88478,8700,0,,,,,,,,,
8413,73464.7384,75151.51003,80587.54405,86355.70012,8700,0,,,,,,,,,
8414,76588.2245,78346.71227,84013.8691,90027.26875,8700,0,,,,,,,,,
8415,78655.84379,80461.80469,86281.95532,92457.69616,8700,0,,,,,,,,,
8416,80472.20323,82319.86827,88274.42067,94592.77471,8700,0,,,,,,,,,
8417,82185.9489,84072.96204,90154.32329,96607.23377,8700,0,,,,,,,,,
8418,80533.57968,82382.65394,88341.7479,94664.92096,8700,0,,,,,,,,,
8419,78079.48053,79872.20796,85649.71051,91780.19759,8700,0,,,,,,,,,
8420,75560.1689,77295.05221,82886.13793,88818.81876,8700,0,,,,,,,,,
8421,73593.24535,75282.96754,80728.51044,86506.75636,8700,0,,,,,,,,,
8422,71309.84946,72947.14422,78223.72691,83822.68976,8700,0,,,,,,,,,
8423,69748.58591,71350.0336,76511.09038,81987.46908,8700,0,,,,,,,,,
8424,70690.33087,72313.40129,77544.14262,83094.46337,8700,0,,,,,,,,,
8425,67047.06293,68586.48287,73547.64006,78811.90604,8700,0,,,,,,,,,
8426,64927.65725,66418.41503,71222.74648,76320.60525,8700,0,,,,,,,,,
8427,63442.15526,64898.80549,69593.21699,74574.44012,8700,0,,,,,,,,,
8428,62706.59682,64146.35841,68786.34216,73709.8122,8700,0,,,,,,,,,
8429,62838.9398,64281.74002,68931.51652,73865.37758,8700,0,,,,,,,,,
8430,63395.16391,64850.73519,69541.66959,74519.20312,8700,0,,,,,,,,,
8431,64731.0608,66217.30466,71007.08894,76089.51174,8700,0,,,,,,,,,
8432,66421.7903,67946.85379,72861.74384,78076.91593,8700,0,,,,,,,,,
8433,67977.29981,69538.07826,74568.06846,79905.37291,8700,0,,,,,,,,,
8434,66552.21527,68080.27337,73004.81422,78230.22676,8700,0,,,,,,,,,
8435,65387.98065,66889.30759,71727.70074,76861.70225,8700,0,,,,,,,,,
8436,63469.00746,64926.27421,69622.67267,74606.00411,8700,0,,,,,,,,,
8437,61072.44873,62474.68981,66993.75454,71788.91782,8700,0,,,,,,,,,
8438,62065.98008,63491.03292,68083.61415,72956.78553,8700,0,,,,,,,,,
8439,63584.08831,65043.99735,69748.91123,74741.27835,8700,0,,,,,,,,,
8440,65623.8964,67130.64003,71986.48979,77139.01447,8700,0,,,,,,,,,
8441,67401.89555,68949.46255,73936.87563,79229.00164,8700,0,,,,,,,,,
8442,67850.71087,69408.5828,74429.20603,79756.57122,8700,0,,,,,,,,,
8443,67864.13697,69422.31717,74443.93387,79772.35322,8700,0,,,,,,,,,
8444,66926.22803,68462.87357,73415.08956,78669.86806,8700,0,,,,,,,,,
8445,65292.07995,66791.20497,71622.50195,76748.97372,8700,0,,,,,,,,,
8446,63436.40122,64892.91933,69586.90507,74567.67641,8700,0,,,,,,,,,
8447,62853.32491,64296.45541,68947.29634,73882.28688,8700,0,,,,,,,,,
8448,64044.41172,65514.88992,70253.86549,75282.37536,8700,0,,,,,,,,,
8449,61394.67512,62804.3146,67347.22253,72167.68574,8700,0,,,,,,,,,
8450,59269.5154,60630.3606,65016.01702,69669.62123,8700,0,,,,,,,,,
8451,57745.65313,59071.51001,63344.40803,67878.36469,8700,0,,,,,,,,,
8452,57067.63511,58377.9245,62600.65248,67081.37388,8700,0,,,,,,,,,
8453,57091.61029,58402.45016,62626.95218,67109.55602,8700,0,,,,,,,,,
8454,57831.96377,59159.80237,63439.08695,67979.82038,8700,0,,,,,,,,,
8455,58705.61923,60053.51721,64397.44806,69006.7774,8700,0,,,,,,,,,
8456,59163.06561,60521.4667,64899.24636,69544.49254,8700,0,,,,,,,,,
8457,59556.25852,60923.68742,65330.56145,70006.67956,8700,0,,,,,,,,,
8458,58132.13299,59466.86357,63768.35922,68332.66071,8700,0,,,,,,,,,
8459,57427.26277,58745.80932,62995.148,67504.10592,8700,0,,,,,,,,,
8460,55362.5205,56633.65996,60730.21774,65077.06039,8700,0,,,,,,,,,
8461,53848.2483,55084.61964,59069.12863,63297.07671,8700,0,,,,,,,,,
8462,53812.76504,55048.32168,59030.20507,63255.36716,8700,0,,,,,,,,,
8463,54696.96958,55952.82781,60000.13804,64294.72432,8700,0,,,,,,,,,
8464,57348.62419,58665.36517,62908.88497,67411.66852,8700,0,,,,,,,,,
8465,60817.35285,62213.73685,66713.92573,71489.05991,8700,0,,,,,,,,,
8466,63605.18647,65065.57993,69772.05498,74766.07864,8700,0,,,,,,,,,
8467,64775.17512,66262.43186,71055.48038,76141.36686,8700,0,,,,,,,,,
8468,64494.18604,65974.99119,70747.24789,75811.07223,8700,0,,,,,,,,,
8469,63704.92321,65167.60665,69881.46173,74883.31633,8700,0,,,,,,,,,
8470,62377.65739,63809.86644,68425.51028,73323.1533,8700,0,,,,,,,,,
8471,62044.88193,63469.45035,68060.47042,72931.98525,8700,0,,,,,,,,,
8472,61953.77625,63376.25287,67960.53155,72824.89314,8700,0,,,,,,,,,
8473,59333.76887,60696.08934,65086.50022,69745.14935,8700,0,,,,,,,,,
8474,57221.07625,58534.88869,62768.97057,67261.73956,8700,0,,,,,,,,,
8475,56093.2839,57381.20191,61531.83262,65936.05189,8700,0,,,,,,,,,
8476,55724.06617,57003.50684,61126.81723,65502.047,8700,0,,,,,,,,,
8477,56491.27185,57788.32778,61968.40766,66403.87535,8700,0,,,,,,,,,
8478,58425.58916,59767.05757,64090.26755,68677.61005,8700,0,,,,,,,,,
8479,62066.93909,63492.01395,68084.66614,72957.91281,8700,0,,,,,,,,,
8480,68829.85711,70410.21052,75503.28582,80907.52964,8700,0,,,,,,,,,
8481,77444.61783,79222.76864,84953.29441,91033.93464,8700,0,,,,,,,,,
8482,78402.66592,80202.81379,86004.23048,92160.09274,8700,0,,,,,,,,,
8483,76760.84578,78523.29698,84203.22695,90230.18014,8700,0,,,,,,,,,
8484,74631.85003,76345.41887,81867.81349,87727.60649,8700,0,,,,,,,,,
8485,71149.69527,72783.31283,78048.0449,83634.43309,8700,0,,,,,,,,,
8486,73919.30776,75616.51643,81086.18637,86890.03341,8700,0,,,,,,,,,
8487,75238.90152,76966.40844,82533.72193,88441.17818,8700,0,,,,,,,,,
8488,75922.67358,77665.88011,83283.7894,89244.93267,8700,0,,,,,,,,,
8489,77295.01273,79069.72856,84789.18429,90858.07808,8700,0,,,,,,,,,
8490,76159.54833,77908.19357,83543.63044,89523.37216,8700,0,,,,,,,,,
8491,74207.00989,75910.82428,81401.78279,87228.21905,8700,0,,,,,,,,,
8492,72011.84265,73665.25537,78993.78215,84647.86268,8700,0,,,,,,,,,
8493,70022.86194,71630.60709,76811.95895,82309.87272,8700,0,,,,,,,,,
8494,67352.98619,68899.43021,73883.22424,79171.51009,8700,0,,,,,,,,,
8495,65586.49512,67092.38,71945.46226,77095.05033,8700,0,,,,,,,,,
8496,66412.20023,67937.04354,72851.22397,78065.64308,8700,0,,,,,,,,,
8497,63177.4693,64628.04225,69302.8683,74263.30934,8700,0,,,,,,,,,
8498,61000.5232,62401.11285,66914.85544,71704.37141,8700,0,,,,,,,,,
8499,59711.61767,61082.61366,65500.98351,70189.29982,8700,0,,,,,,,,,
8500,59200.46689,60559.72671,64940.27389,69588.45668,8700,0,,,,,,,,,
8501,59936.02533,61312.17379,65747.14871,70453.08459,8700,0,,,,,,,,,
8502,61496.32987,62908.30338,67458.73326,72287.17798,8700,0,,,,,,,,,
8503,64759.83101,66246.73545,71038.64857,76123.3303,8700,0,,,,,,,,,
8504,70143.69683,71754.21637,76944.50944,82451.91068,8700,0,,,,,,,,,
8505,77002.51556,78770.51557,84468.32793,90514.25606,8700,0,,,,,,,,,
8506,76996.76152,78764.62941,84462.01601,90507.49235,8700,0,,,,,,,,,
8507,75107.51755,76832.00786,82389.59956,88286.74004,8700,0,,,,,,,,,
8508,72304.33981,73964.46835,79314.6385,84991.68474,8700,0,,,,,,,,,
8509,67744.26108,69299.68889,74312.43536,79631.44254,8700,0,,,,,,,,,
8510,70048.75513,71657.09479,76840.36263,82340.30942,8700,0,,,,,,,,,
8511,71428.76634,73068.79146,78354.17343,83962.47316,8700,0,,,,,,,,,
8512,73003.45598,74679.63642,80081.53779,85813.47582,8700,0,,,,,,,,,
8513,75192.86918,76919.31918,82483.22649,88387.06841,8700,0,,,,,,,,,
8514,75457.55514,77190.08241,82773.5752,88698.19926,8700,0,,,,,,,,,
8515,74145.63343,75848.03861,81334.45555,87156.07272,8700,0,,,,,,,,,
8516,72413.66662,74076.30533,79434.56514,85120.19529,8700,0,,,,,,,,,
8517,70616.48733,72237.86228,77463.13955,83007.6624,8700,0,,,,,,,,,
8518,68051.14335,69613.61727,74649.07153,79992.17387,8700,0,,,,,,,,,
8519,66328.76661,67851.69426,72759.70101,77967.56925,8700,0,,,,,,,,,
8520,66879.23669,68414.80329,73363.54214,78614.6311,8700,0,,,,,,,,,
8521,63724.10335,65187.22718,69902.50149,74905.86204,8700,0,,,,,,,,,
8522,61737.04065,63154.54094,67722.78226,72570.12662,8700,0,,,,,,,,,
8523,60541.1588,61931.2013,66410.95317,71164.4017,8700,0,,,,,,,,,
8524,60166.18703,61547.62007,65999.62585,70723.6331,8700,0,,,,,,,,,
8525,60962.16292,62361.8718,66872.77592,71659.28,8700,0,,,,,,,,,
8526,62692.21172,64131.64302,68770.56235,73692.90291,8700,0,,,,,,,,,
8527,66144.63725,67663.33724,72557.71931,77751.13045,8700,0,,,,,,,,,
8528,71708.79641,73355.2511,78661.35393,84291.6405,8700,0,,,,,,,,,
8529,78112.08677,79905.56285,85685.47809,91818.52528,8700,0,,,,,,,,,
8530,77021.69571,78790.1361,84489.36769,90536.80176,8700,0,,,,,,,,,
8531,74373.87712,76081.52283,81584.82871,87424.36673,8700,0,,,,,,,,,
8532,70990.5001,72620.46249,77873.41489,83447.30372,8700,0,,,,,,,,,
8533,66579.06747,68107.7421,73034.2699,78261.79076,8700,0,,,,,,,,,
8534,68997.68335,70581.8901,75687.38373,81104.8046,8700,0,,,,,,,,,
8535,70617.44634,72238.84331,77464.19155,83008.78968,8700,0,,,,,,,,,
8536,72680.27059,74349.0306,79727.01782,85433.58063,8700,0,,,,,,,,,
8537,75658.94663,77396.09791,82994.49269,88934.9292,8700,0,,,,,,,,,
8538,75323.29414,77052.73874,82626.29686,88540.37926,8700,0,,,,,,,,,
8539,73887.66052,75584.14256,81051.47077,86852.83298,8700,0,,,,,,,,,
8540,72186.38194,73843.80214,79185.24398,84853.02864,8700,0,,,,,,,,,
8541,70546.47981,72166.24737,77386.34443,82925.37057,8700,0,,,,,,,,,
8542,68006.07002,69567.50904,74599.62809,79939.19146,8700,0,,,,,,,,,
8543,66623.18179,68152.8693,73082.66134,78313.64588,8700,0,,,,,,,,,
8544,67275.30661,68819.96709,73798.01321,79080.19997,8700,0,,,,,,,,,
8545,63795.06987,65259.82312,69980.34861,74989.28116,8700,0,,,,,,,,,
8546,61841.57242,63261.47279,67837.44895,72693.00074,8700,0,,,,,,,,,
8547,60693.64093,62087.18446,66578.21927,71343.64009,8700,0,,,,,,,,,
8548,60313.87412,61698.6981,66161.632,70897.23506,8700,0,,,,,,,,,
8549,61053.26859,62455.06929,66972.71478,71766.37211,8700,0,,,,,,,,,
8550,62813.04661,64255.25232,68903.11285,73834.94088,8700,0,,,,,,,,,
8551,66237.66094,67758.49677,72659.76215,77860.47714,8700,0,,,,,,,,,
8552,71684.82123,73330.72544,78635.05422,84263.45836,8700,0,,,,,,,,,
8553,78517.74677,80320.53693,86130.46904,92295.36703,8700,0,,,,,,,,,
8554,78079.48053,79872.20796,85649.71051,91780.19759,8700,0,,,,,,,,,
8555,75578.39003,77313.69171,82906.12569,88840.23717,8700,0,,,,,,,,,
8556,72306.25783,73966.43042,79316.74248,84993.93932,8700,0,,,,,,,,,
8557,67943.73456,69503.74235,74531.24887,79865.91791,8700,0,,,,,,,,,
8558,70205.07329,71817.00206,77011.83668,82524.05695,8700,0,,,,,,,,,
8559,71680.0262,73325.82032,78629.7943,84257.82194,8700,0,,,,,,,,,
8560,73601.87641,75291.79676,80737.97833,86516.90193,8700,0,,,,,,,,,
8561,76190.23656,77939.58641,83577.29407,89559.44529,8700,0,,,,,,,,,
8562,75942.81273,77686.48166,83305.88115,89268.60566,8700,0,,,,,,,,,
8563,74629.93201,76343.45682,81865.7095,87725.35192,8700,0,,,,,,,,,
8564,72845.21981,74517.76711,79907.95976,85627.47372,8700,0,,,,,,,,,
8565,70660.60165,72282.98949,77511.531,83059.51752,8700,0,,,,,,,,,
8566,68091.42165,69654.82037,74693.25503,80039.51986,8700,0,,,,,,,,,
8567,66635.64888,68165.62264,73096.33719,78328.30058,8700,0,,,,,,,,,
8568,67559.17271,69110.35084,74109.40167,79413.87645,8700,0,,,,,,,,,
8569,64311.9747,65788.59622,70547.37017,75596.888,8700,0,,,,,,,,,
8570,62010.35767,63434.1334,68022.59885,72891.40297,8700,0,,,,,,,,,
8571,60587.19114,61978.29055,66461.44859,71218.5114,8700,0,,,,,,,,,
8572,60230.44051,61613.34883,66070.10905,70799.16123,8700,0,,,,,,,,,
8573,60690.76391,62084.24138,66575.06331,71340.25823,8700,0,,,,,,,,,
8574,62306.69086,63737.2705,68347.66316,73239.73417,8700,0,,,,,,,,,
8575,65364.00548,66864.78193,71701.40104,76833.52012,8700,0,,,,,,,,,
8576,70447.70208,72065.20168,77277.98966,82809.26016,8700,0,,,,,,,,,
8577,76938.26209,78704.78683,84397.84473,90438.72796,8700,0,,,,,,,,,
8578,77856.99088,79644.60988,85405.64927,91518.66738,8700,0,,,,,,,,,
8579,77252.81642,79026.56341,84742.89682,90808.47754,8700,0,,,,,,,,,
8580,75985.96805,77730.62784,83353.22061,89319.33349,8700,0,,,,,,,,,
8581,72724.38492,74394.15782,79775.40927,85485.43576,8700,0,,,,,,,,,
8582,75579.34904,77314.67274,82907.17768,88841.36446,8700,0,,,,,,,,,
8583,77029.36776,78797.9843,84497.78359,90545.82004,8700,0,,,,,,,,,
8584,77089.78521,78859.78896,84564.05884,90616.839,8700,0,,,,,,,,,
8585,77113.76039,78884.31461,84590.35855,90645.02112,8700,0,,,,,,,,,
8586,75317.5401,77046.85259,82619.98494,88533.61555,8700,0,,,,,,,,,
8587,73201.01145,74881.72783,80298.24733,86045.69663,8700,0,,,,,,,,,
8588,71616.73173,73261.07258,78560.36308,84183.42109,8700,0,,,,,,,,,
8589,70006.55882,71613.92965,76794.07516,82290.70887,8700,0,,,,,,,,,
8590,67847.83385,69405.63972,74426.05007,79753.18938,8700,0,,,,,,,,,
8591,66974.17839,68511.92488,73467.68896,78726.23235,8700,0,,,,,,,,,
8592,68493.24562,70065.87034,75134.03802,80511.85245,8700,0,,,,,,,,,
8593,65508.81555,67012.91688,71860.25124,77003.74021,8700,0,,,,,,,,,
8594,63345.29555,64799.72184,69486.96622,74460.58429,8700,0,,,,,,,,,
8595,62025.70179,63449.82983,68039.43067,72909.43955,8700,0,,,,,,,,,
8596,61266.16817,62672.85709,67206.25613,72016.62949,8700,0,,,,,,,,,
8597,61485.78079,62897.51208,67447.16139,72274.77785,8700,0,,,,,,,,,
8598,62135.9876,63562.64784,68160.40928,73039.07737,8700,0,,,,,,,,,
8599,63345.29555,64799.72184,69486.96622,74460.58429,8700,0,,,,,,,,,
8600,64344.58094,65821.95111,70583.13775,75635.2157,8700,0,,,,,,,,,
8601,65063.83626,66557.72074,71372.12878,76480.67978,8700,0,,,,,,,,,
8602,63697.25115,65159.75845,69873.04582,74874.29805,8700,0,,,,,,,,,
8603,62738.24406,64178.73227,68821.05779,73747.01262,8700,0,,,,,,,,,
8604,61064.77668,62466.8416,66985.33864,71779.89955,8700,0,,,,,,,,,
8605,59047.02575,60402.76252,64771.9558,69408.09101,8700,0,,,,,,,,,
8606,59792.17426,61165.01986,65589.3505,70283.99178,8700,0,,,,,,,,,
8607,60768.44349,62163.70452,66660.27434,71431.56835,8700,0,,,,,,,,,
8608,63086.36363,64534.84478,69202.92944,74156.21723,8700,0,,,,,,,,,
8609,66714.28747,68246.06679,73182.6002,78420.738,8700,0,,,,,,,,,
8610,69053.30577,70638.78963,75748.39904,81170.18715,8700,0,,,,,,,,,
8611,69830.10151,71433.42082,76600.50936,82083.28835,8700,0,,,,,,,,,
8612,68971.79016,70555.4024,75658.98006,81074.36789,8700,0,,,,,,,,,
8613,67772.07229,69328.13866,74342.94302,79664.13381,8700,0,,,,,,,,,
8614,66139.84222,67658.43211,72552.45937,77745.49402,8700,0,,,,,,,,,
8615,66098.60491,67616.24799,72507.22389,77697.02076,8700,0,,,,,,,,,
8616,66618.38676,68147.96417,73077.4014,78308.00946,8700,0,,,,,,,,,
8617,63866.0364,65332.41906,70058.19572,75072.70028,8700,0,,,,,,,,,
8618,61878.9737,63299.73282,67878.47649,72736.96487,8700,0,,,,,,,,,
8619,60360.86547,61746.76839,66213.17941,70952.47204,8700,0,,,,,,,,,
8620,59615.71696,60984.51106,65395.7847,70076.57126,8700,0,,,,,,,,,
8621,59697.23256,61067.89827,65485.20369,70172.39052,8700,0,,,,,,,,,
8622,60325.38221,61710.47042,66174.25586,70910.76248,8700,0,,,,,,,,,
8623,61275.75824,62682.66736,67216.77602,72027.90234,8700,0,,,,,,,,,
8624,61858.83455,63279.13127,67856.38474,72713.29188,8700,0,,,,,,,,,
8625,61710.18845,63127.07221,67693.3266,72538.56263,8700,0,,,,,,,,,
8626,59929.31228,61305.30661,65739.7848,70445.1936,8700,0,,,,,,,,,
8627,59173.61469,60532.25799,64910.81822,69556.89269,8700,0,,,,,,,,,
8628,57685.23568,59009.70536,63278.13277,67807.3457,8700,0,,,,,,,,,
8629,56423.18235,57718.67493,61893.71652,66323.83809,8700,0,,,,,,,,,
8630,56504.69795,57802.06215,61983.1355,66419.65735,8700,0,,,,,,,,,
8631,57768.6693,59095.05464,63369.65575,67905.41953,8700,0,,,,,,,,,
8632,60667.74774,62060.69676,66549.8156,71313.20338,8700,0,,,,,,,,,
8633,64577.61966,66060.34047,70838.77084,75909.14606,8700,0,,,,,,,,,
8634,68007.02903,69568.49007,74600.68009,79940.31875,8700,0,,,,,,,,,
8635,68779.02974,70358.21614,75447.53046,80847.78353,8700,0,,,,,,,,,
8636,68194.99442,69760.7712,74806.86975,80161.26669,8700,0,,,,,,,,,
8637,67072.95612,68612.97057,73576.04374,78842.34274,8700,0,,,,,,,,,
8638,65671.84675,67179.69134,72039.08919,77195.37873,8700,0,,,,,,,,,
8639,65501.14349,67005.06868,71851.83533,76994.72192,8700,0,,,,,,,,,
8640,65920.22959,67433.77711,72311.5541,77487.34566,8700,0,,,,,,,,,
8641,63740.40647,65203.90463,69920.38528,74925.02588,8700,0,,,,,,,,,
8642,61830.06434,63249.70049,67824.82511,72679.47332,8700,0,,,,,,,,,
8643,60551.70788,61941.99259,66422.52504,71176.80183,8700,0,,,,,,,,,
8644,59976.30363,61353.3769,65791.33222,70500.43059,8700,0,,,,,,,,,
8645,60534.44575,61924.33411,66403.58925,71156.5107,8700,0,,,,,,,,,
8646,62359.43625,63791.22693,68405.5225,73301.73487,8700,0,,,,,,,,,
8647,66283.69328,67805.58604,72710.25757,77914.58684,8700,0,,,,,,,,,
8648,73351.57556,75035.74894,80463.40945,86222.68044,8700,0,,,,,,,,,
8649,82526.39642,84421.22633,90527.77905,97007.42013,8700,0,,,,,,,,,
8650,83999.43132,85928.08254,92143.63267,98738.93056,8700,0,,,,,,,,,
8651,82573.38777,84469.29662,90579.32647,97062.6571,8700,0,,,,,,,,,
8652,80904.71543,82762.31108,88748.86727,95101.18044,8700,0,,,,,,,,,
8653,78288.54408,80086.07167,85879.04389,92025.94582,8700,0,,,,,,,,,
8654,82158.1377,84044.51228,90123.81565,96574.54251,8700,0,,,,,,,,,
8655,84809.79231,86757.04965,93032.56258,99691.48668,8700,0,,,,,,,,,
8656,85978.82196,87952.92055,94314.93598,101065.6477,8700,0,,,,,,,,,
8657,86989.61544,88986.92216,95423.73141,102253.8065,8700,0,,,,,,,,,
8658,85018.85586,86970.91336,93261.89594,99937.2349,8700,0,,,,,,,,,
8659,81579.85642,83452.95349,89489.46686,95894.78937,8700,0,,,,,,,,,
8660,78184.97131,79980.12084,85765.42918,91904.19895,8700,0,,,,,,,,,
8661,75037.51003,76760.39294,82312.80443,88204.44824,8700,0,,,,,,,,,
8662,71633.99385,73278.73105,78579.29885,84203.71222,8700,0,,,,,,,,,
8663,70053.55016,71661.99992,76845.62257,82345.94584,8700,0,,,,,,,,,
8664,71174.62946,72808.81952,78075.3966,83663.74252,8700,0,,,,,,,,,
8665,68146.08506,69710.73887,74753.21835,80103.77514,8700,0,,,,,,,,,
8666,66113.94902,67631.9444,72524.05569,77715.05731,8700,0,,,,,,,,,
8667,64925.73924,66416.45298,71220.64251,76318.35068,8700,0,,,,,,,,,
8668,64326.3598,65803.31161,70563.14998,75613.79728,8700,0,,,,,,,,,
8669,64429.93257,65909.26244,70676.76468,75735.5441,8700,0,,,,,,,,,
8670,65785.9686,67296.43345,72164.27579,77329.5257,8700,0,,,,,,,,,
8671,69080.15796,70666.25835,75777.8547,81201.75113,8700,0,,,,,,,,,
8672,75061.48521,76784.91861,82339.10413,88232.63036,8700,0,,,,,,,,,
8673,83250.44678,85161.9011,91322.03003,97858.5206,8700,0,,,,,,,,,
8674,85080.23231,87033.69903,93329.22317,100009.3812,8700,0,,,,,,,,,
8675,83996.5543,85925.13947,92140.47672,98735.5487,8700,0,,,,,,,,,
8676,82231.02224,84119.07027,90203.76674,96660.21617,8700,0,,,,,,,,,
8677,79031.77457,80846.36695,86694.33463,92899.59198,8700,0,,,,,,,,,
8678,82178.27685,84065.11383,90145.9074,96598.21549,8700,0,,,,,,,,,
8679,83650.35274,85570.98902,91760.70907,98328.59863,8700,0,,,,,,,,,
8680,84034.91458,85964.3805,92182.55627,98780.64011,8700,0,,,,,,,,,
8681,84466.46777,86405.84228,92655.95088,99287.91855,8700,0,,,,,,,,,
8682,82453.51188,84346.66834,90447.82796,96921.74638,8700,0,,,,,,,,,
8683,79647.45713,81476.18577,87369.71095,93623.30924,8700,0,,,,,,,,,
8684,76731.11656,78492.88518,84170.61531,90195.23431,8700,0,,,,,,,,,
8685,73877.11145,75573.35128,81039.8989,86840.43285,8700,0,,,,,,,,,
8686,70572.373,72192.73507,77414.74811,82955.80727,8700,0,,,,,,,,,
8687,68910.41371,70492.61672,75591.65283,81002.22162,8700,0,,,,,,,,,
8688,69887.64194,71492.2824,76663.62865,82150.92548,8700,0,,,,,,,,,
8689,66795.80307,68329.45401,73272.01919,78516.55726,8700,0,,,,,,,,,
8690,64518.16122,65999.51685,70773.54758,75839.25437,8700,0,,,,,,,,,
8691,63237.88675,64689.84691,69369.14354,74334.32832,8700,0,,,,,,,,,
8692,62465.88604,63900.12083,68522.29318,73426.86355,8700,0,,,,,,,,,
8693,62847.57086,64290.56925,68940.98441,73875.52314,8700,0,,,,,,,,,
8694,64167.16462,65640.46127,70388.51996,75426.66789,8700,0,,,,,,,,,
8695,67426.82974,68974.96923,73964.22732,79258.31107,8700,0,,,,,,,,,
8696,72857.68691,74530.52045,79921.63561,85642.12843,8700,0,,,,,,,,,
8697,80658.2506,82510.18735,88478.50635,94811.4681,8700,0,,,,,,,,,
8698,82442.0038,84334.89603,90435.20412,96908.21896,8700,0,,,,,,,,,
8699,81577.93841,83450.99145,89487.36288,95892.5348,8700,0,,,,,,,,,
8700,79560.18748,81386.91238,87273.98004,93520.7263,8700,0,,,,,,,,,
8701,76095.29485,77842.46481,83473.14724,89447.84407,8700,0,,,,,,,,,
8702,78785.30975,80594.24323,86423.9737,92609.87964,8700,0,,,,,,,,,
8703,79066.29883,80881.6839,86732.2062,92940.17433,8700,0,,,,,,,,,
8704,79118.08521,80934.65931,86789.01355,93001.04772,8700,0,,,,,,,,,
8705,80180.66507,82021.63631,87954.6163,94250.07998,8700,0,,,,,,,,,
8706,78647.21273,80452.97547,86272.48743,92447.55059,8700,0,,,,,,,,,
8707,76443.41443,78198.57732,83855.01891,89857.04862,8700,0,,,,,,,,,
8708,74463.06478,76172.75826,81682.66358,87529.20424,8700,0,,,,,,,,,
8709,72415.58464,74078.26739,79436.66913,85122.44986,8700,0,,,,,,,,,
8710,69376.49116,70969.39545,76102.91902,81550.08234,8700,0,,,,,,,,,
8711,67925.51342,69485.10284,74511.26111,79844.49949,8700,0,,,,,,,,,
8712,68935.34789,70518.1234,75619.00451,81031.53103,8700,0,,,,,,,,,
8713,65769.66548,67279.756,72146.39199,77310.36185,8700,0,,,,,,,,,
8714,63683.82505,65146.02407,69858.31799,74858.51605,8700,0,,,,,,,,,
8715,62484.10718,63918.76034,68542.28095,73448.28198,8700,0,,,,,,,,,
8716,61989.25952,63412.55084,67999.45512,72866.60269,8700,0,,,,,,,,,
8717,62451.50093,63885.40543,68506.51334,73409.95426,8700,0,,,,,,,,,
8718,64065.50987,65536.4725,70277.00922,75307.17564,8700,0,,,,,,,,,
8719,67346.27314,68892.56304,73875.86032,79163.61909,8700,0,,,,,,,,,
8720,72794.39244,74465.77273,79852.2044,85567.7276,8700,0,,,,,,,,,
8721,80071.33826,81909.79933,87834.68967,94121.5694,8700,0,,,,,,,,,
8722,79609.09684,81436.94471,87327.63143,93578.21783,8700,0,,,,,,,,,
8723,77283.50464,79057.95623,84776.56042,90844.55066,8700,0,,,,,,,,,
8724,74793.92223,76511.2123,82045.59947,87918.11775,8700,0,,,,,,,,,
8725,72054.03896,73708.42052,79040.06963,84697.46325,8700,0,,,,,,,,,
8726,76578.63443,78336.902,84003.34921,90015.9959,8700,0,,,,,,,,,
8727,78569.53315,80373.51234,86187.27639,92356.24042,8700,0,,,,,,,,,
8728,79639.78507,81468.33755,87361.29504,93614.29095,8700,0,,,,,,,,,
8729,81097.47585,82959.49733,88960.31687,95327.76482,8700,0,,,,,,,,,
8730,79502.64706,81328.05081,87210.86076,93453.08919,8700,0,,,,,,,,,
8731,77299.80776,79074.63368,84794.44422,90863.71451,8700,0,,,,,,,,,
8732,75009.69882,76731.94319,82282.29677,88171.75697,8700,0,,,,,,,,,
8733,73053.32435,74730.64978,80136.24116,85872.09466,8700,0,,,,,,,,,
8734,70143.69683,71754.21637,76944.50944,82451.91068,8700,0,,,,,,,,,
8735,68674.49796,70251.28428,75332.86375,80724.90941,8700,0,,,,,,,,,
8736,69501.16208,71096.92884,76239.67746,81696.62944,8700,0,,,,,,,,,
8737,66529.1991,68056.72874,72979.56652,78203.17191,8700,0,,,,,,,,,
8738,64432.80959,65912.20552,70679.92065,75738.92597,8700,0,,,,,,,,,
8739,63251.31285,64703.58127,69383.87138,74350.11032,8700,0,,,,,,,,,
8740,62748.79313,64189.52356,68832.62965,73759.41276,8700,0,,,,,,,,,
8741,63100.74874,64549.56017,69218.70926,74173.12651,8700,0,,,,,,,,,
8742,64470.21087,65950.46555,70720.94819,75782.8901,8700,0,,,,,,,,,
8743,67286.8147,68831.73941,73810.63706,79093.72739,8700,0,,,,,,,,,
8744,71960.05627,73612.27996,78936.9748,84586.98927,8700,0,,,,,,,,,
8745,78396.91188,80196.92764,85997.91855,92153.32903,8700,0,,,,,,,,,
8746,78378.69074,80178.28813,85977.93077,92131.91061,8700,0,,,,,,,,,
8747,76659.19102,78419.3082,84091.71621,90110.68784,8700,0,,,,,,,,,
8748,73624.89258,75315.3414,80763.22604,86543.95678,8700,0,,,,,,,,,
8749,69556.78449,71153.82836,76300.69276,81762.012,8700,0,,,,,,,,,
8750,70339.33428,71954.34572,77159.11502,82681.87691,8700,0,,,,,,,,,
8751,70684.57683,72307.51514,77537.8307,83087.69966,8700,0,,,,,,,,,
8752,71351.08676,72989.32833,78268.96239,83871.16303,8700,0,,,,,,,,,
8753,72857.68691,74530.52045,79921.63561,85642.12843,8700,0,,,,,,,,,
8754,72690.81967,74359.8219,79738.58969,85445.98077,8700,0,,,,,,,,,
8755,71520.83102,73162.96997,78455.16428,84070.69255,8700,0,,,,,,,,,
8756,69984.50165,71591.36603,76769.87943,82264.78129,8700,0,,,,,,,,,
8757,68666.82591,70243.43608,75324.44787,80715.89113,8700,0,,,,,,,,,
8758,66538.78917,68066.539,72990.0864,78214.44476,8700,0,,,,,,,,,
8759,66050.65456,67567.19668,72454.62448,77640.65649,8700,0,,,,,,,,,
8760,67248.45442,68792.49837,73768.55755,79048.63598,8700,0,,,,,,,,,
