Time_Index,Demand_MW,Demand_MW_25,Demand_MW_30,Demand_MW_35,Demand_heat,Demand_Zero,,,,,,
1,62279.83866,66030.26394,69364.58071,71914.53803,8700,0,,,,,,
2,60027.131,63641.90063,66855.61271,69313.33619,8700,0,,,,,,
3,58408.32703,61925.61402,65052.65912,67444.10303,8700,0,,,,,,
4,57433.97582,60892.58842,63967.46904,66319.01956,8700,0,,,,,,
5,57193.26504,60637.38229,63699.37582,66041.07079,8700,0,,,,,,
6,57479.04915,60940.37602,64017.66976,66371.06574,8700,0,,,,,,
7,57725.51398,61201.68269,64292.17159,66655.65871,8700,0,,,,,,
8,57523.16348,60987.14686,64066.80238,66422.00456,8700,0,,,,,,
9,57181.75696,60625.18121,63686.55862,66027.78241,8700,0,,,,,,
10,55530.34674,58874.32483,61847.28961,64120.8988,8700,0,,,,,,
11,55242.64461,58569.29759,61526.85946,63788.68912,8700,0,,,,,,
12,54537.7744,57821.98085,60741.80562,62974.77539,8700,0,,,,,,
13,53887.56759,57132.61928,60017.6335,62223.9815,8700,0,,,,,,
14,54111.01624,57369.52377,60266.50091,62481.99769,8700,0,,,,,,
15,54367.07114,57640.99802,60551.68374,62777.66431,8700,0,,,,,,
16,55909.15454,59275.94403,62269.18929,64558.30822,8700,0,,,,,,
17,57948.00362,61437.57042,64539.97089,66912.56753,8700,0,,,,,,
18,60351.2754,63985.56466,67216.63067,69687.62577,8700,0,,,,,,
19,61545.23923,65251.42771,68546.41575,71066.29597,8700,0,,,,,,
20,61036.00646,64711.52949,67979.2544,70478.28482,8700,0,,,,,,
21,60181.53114,63805.59858,67027.57688,69491.62205,8700,0,,,,,,
22,59037.43568,62592.60692,65753.33303,68170.53487,8700,0,,,,,,
23,59438.30065,63017.61155,66199.79903,68633.41371,8700,0,,,,,,
24,60470.19228,64111.64259,67349.07513,69824.93911,8700,0,,,,,,
25,58171.45228,61674.47492,64788.83831,67170.58372,8700,0,,,,,,
26,56200.6927,59585.03831,62593.89184,64894.94737,8700,0,,,,,,
27,54959.73752,58269.35413,61211.76983,63462.01626,8700,0,,,,,,
28,54340.21894,57612.52881,60521.77693,62746.65807,8700,0,,,,,,
29,54407.34943,57683.70182,60596.54395,62824.17366,8700,0,,,,,,
30,54976.99965,58287.65577,61230.99564,63481.94885,8700,0,,,,,,
31,55984.9161,59356.26787,62353.56923,64645.7901,8700,0,,,,,,
32,56854.73554,60278.46691,63322.33636,65650.17073,8700,0,,,,,,
33,58182.00135,61685.65925,64800.5874,67182.76474,8700,0,,,,,,
34,57075.30717,60512.32113,63567.99947,65904.86482,8700,0,,,,,,
35,56360.84688,59754.8368,62772.26461,65079.87743,8700,0,,,,,,
36,54947.27043,58256.13629,61197.88453,63447.62051,8700,0,,,,,,
37,53192.28745,56395.47011,59243.26067,61421.14143,8700,0,,,,,,
38,52808.68461,55988.76712,58816.02048,60978.19518,8700,0,,,,,,
39,53218.18064,56422.92256,59272.09938,61451.0403,8700,0,,,,,,
40,55492.94546,58834.67129,61805.63369,64077.71154,8700,0,,,,,,
41,58889.74859,62436.02627,65588.84556,68000.00057,8700,0,,,,,,
42,61590.31256,65299.21531,68596.61647,71118.34215,8700,0,,,,,,
43,62414.09966,66172.60999,69514.11478,72069.56922,8700,0,,,,,,
44,61622.91881,65333.78508,68632.9319,71155.99259,8700,0,,,,,,
45,60399.22575,64036.40253,67270.03569,69742.99405,8700,0,,,,,,
46,59157.31157,62719.7016,65886.84559,68308.95558,8700,0,,,,,,
47,59421.99753,63000.32667,66181.64132,68614.58849,8700,0,,,,,,
48,61594.14859,65303.28234,68600.88888,71122.77161,8700,0,,,,,,
49,59450.76774,63030.82939,66213.68433,68647.80946,8700,0,,,,,,
50,57274.78064,60723.80667,63790.16436,66135.19686,8700,0,,,,,,
51,55919.70362,59287.12837,62280.9384,64570.48925,8700,0,,,,,,
52,55237.84958,58564.2138,61521.51897,63783.15229,8700,0,,,,,,
53,55160.17,58481.85644,61435.00282,63693.45567,8700,0,,,,,,
54,55692.41894,59046.15685,62027.79859,64308.0436,8700,0,,,,,,
55,56463.46064,59863.62985,62886.55136,65198.36555,8700,0,,,,,,
56,56939.12816,60367.94156,63416.3292,65747.6189,8700,0,,,,,,
57,56997.62759,60429.96376,63481.48332,65815.1682,8700,0,,,,,,
58,54505.16816,57787.41109,60705.49021,62937.12496,8700,0,,,,,,
59,54169.51568,57431.54598,60331.65505,62549.547,8700,0,,,,,,
60,53620.00461,56848.94394,59719.63347,61915.02649,8700,0,,,,,,
61,53739.8805,56976.03863,59853.14603,62053.4472,8700,0,,,,,,
62,55432.52802,58770.61557,61738.34336,64007.94752,8700,0,,,,,,
63,57027.35681,60461.48325,63514.59444,65849.49653,8700,0,,,,,,
64,58839.88022,62383.15488,65533.30433,67942.41756,8700,0,,,,,,
65,60611.16632,64261.10593,67506.0859,69987.72185,8700,0,,,,,,
66,62743.9981,66522.37456,69881.54135,72450.50299,8700,0,,,,,,
67,63748.07853,67586.91964,70999.84254,73609.9148,8700,0,,,,,,
68,62954.97966,66746.0612,70116.52345,72694.12343,8700,0,,,,,,
69,62158.04476,65901.13574,69228.93195,71773.90259,8700,0,,,,,,
70,60694.59994,64349.56384,67599.01064,70084.06266,8700,0,,,,,,
71,61094.5059,64773.5517,68044.40854,70545.83413,8700,0,,,,,,
72,61836.77739,65560.52199,68871.1183,71402.93512,8700,0,,,,,,
73,59533.24235,63118.27053,66305.54097,68743.0429,8700,0,,,,,,
74,57550.97469,61016.63284,64097.7773,66454.11817,8700,0,,,,,,
75,56520.04206,59923.61854,62949.56929,65263.70012,8700,0,,,,,,
76,56308.10149,59698.91514,62713.51909,65018.97232,8700,0,,,,,,
77,56804.86717,60225.59552,63266.79514,65592.58772,8700,0,,,,,,
78,58577.11228,62104.56333,65240.6448,67638.99938,8700,0,,,,,,
79,62247.23242,65995.69418,69328.2653,71876.8876,8700,0,,,,,,
80,68721.48931,72859.8239,76539.01157,79352.71289,8700,0,,,,,,
81,77455.16691,82119.43422,86266.20255,89437.49159,8700,0,,,,,,
82,79401.95131,84183.4519,88434.4465,91685.44379,8700,0,,,,,,
83,78681.73698,83419.86703,87632.30305,90853.81221,8700,0,,,,,,
84,76685.08422,81302.97798,85408.51788,88548.277,8700,0,,,,,,
85,73399.52591,77819.56686,81749.20566,84754.44238,8700,0,,,,,,
86,76298.60436,80893.22471,84978.07339,88102.00865,8700,0,,,,,,
87,77981.66181,82677.63408,86852.58971,90045.43532,8700,0,,,,,,
88,78092.90663,82795.57795,86976.48936,90173.88973,8700,0,,,,,,
89,79444.14762,84228.18922,88481.44292,91734.16788,8700,0,,,,,,
90,78318.2733,83034.51596,87227.49298,90434.12065,8700,0,,,,,,
91,75606.20124,80159.12582,84206.90485,87302.49068,8700,0,,,,,,
92,72613.1401,76985.82574,80873.36328,83846.40258,8700,0,,,,,,
93,69879.96988,74088.06693,77829.27694,80690.41056,8700,0,,,,,,
94,66867.7286,70894.4317,74474.37336,77212.17515,8700,0,,,,,,
95,65653.62562,69607.21674,73122.15817,75810.25028,8700,0,,,,,,
96,67444.09186,71505.50294,75116.30174,77877.70189,8700,0,,,,,,
97,64509.53016,68394.22507,71847.91431,74489.1631,8700,0,,,,,,
98,62294.22377,66045.5153,69380.60222,71931.14851,8700,0,,,,,,
99,60869.13923,64534.61369,67793.40492,70285.60321,8700,0,,,,,,
100,60547.87185,64193.99994,67435.59126,69914.63572,8700,0,,,,,,
101,60958.32689,64629.17214,67892.73827,70388.58821,8700,0,,,,,,
102,62378.6164,66134.98997,69474.59507,72028.5967,8700,0,,,,,,
103,65424.42292,69364.2117,72866.88215,75545.58989,8700,0,,,,,,
104,70664.43768,74919.77454,78702.98312,81596.23564,8700,0,,,,,,
105,78263.60989,82976.56077,87166.61125,90371.0008,8700,0,,,,,,
106,79827.75046,84634.89222,88908.68311,92177.11413,8700,0,,,,,,
107,78952.17699,83706.59265,87933.50739,91166.08933,8700,0,,,,,,
108,77248.98039,81900.83137,86036.56095,89199.40798,8700,0,,,,,,
109,74898.454,79408.7588,83418.6467,86485.25485,8700,0,,,,,,
110,77257.61145,81909.98218,86046.17385,89209.37427,8700,0,,,,,,
111,78265.52791,82978.5943,87168.74745,90373.21554,8700,0,,,,,,
112,79259.05926,84031.95504,88275.29954,91520.44632,8700,0,,,,,,
113,81033.22238,85912.95637,90251.28541,93569.07272,8700,0,,,,,,
114,80289.03287,85123.95256,89422.43944,92709.75699,8700,0,,,,,,
115,78171.54521,82878.95206,87064.0736,90264.6937,8700,0,,,,,,
116,75243.69655,79774.79148,83803.16286,86883.90647,8700,0,,,,,,
117,72331.19201,76686.89903,80559.34174,83520.83708,8700,0,,,,,,
118,69099.33811,73260.42635,76959.84316,79789.01495,8700,0,,,,,,
119,68081.83158,72181.64666,75826.58856,78614.10003,8700,0,,,,,,
120,69852.15868,74058.58097,77798.30203,80658.29697,8700,0,,,,,,
121,66971.30137,71004.24151,74589.72822,77331.77064,8700,0,,,,,,
122,64990.95172,68904.63732,72384.10075,75045.06064,8700,0,,,,,,
123,63729.85739,67567.60124,70979.54863,73588.87485,8700,0,,,,,,
124,63333.78746,67147.68041,70538.42313,73131.53285,8700,0,,,,,,
125,63702.04618,67538.11527,70948.57371,73556.76124,8700,0,,,,,,
126,65039.86108,68956.49195,72438.57387,75101.53628,8700,0,,,,,,
127,68336.92747,72452.10416,76110.70329,78908.65929,8700,0,,,,,,
128,73617.22052,78050.37081,81991.66447,85005.81438,8700,0,,,,,,
129,81168.44238,86056.31917,90401.88757,93725.21127,8700,0,,,,,,
130,82060.31898,87001.90363,91395.22101,94755.0613,8700,0,,,,,,
131,80179.70606,85008.04221,89300.67598,92583.51731,8700,0,,,,,,
132,78160.03713,82866.75097,87051.2564,90251.40532,8700,0,,,,,,
133,74160.97755,78626.8723,82597.27744,85633.69069,8700,0,,,,,,
134,76100.08989,80682.75591,84756.97659,87872.78397,8700,0,,,,,,
135,77394.74947,82055.37851,86198.91223,89367.72756,8700,0,,,,,,
136,79044.24167,83804.20137,88036.04503,91272.39642,8700,0,,,,,,
137,81410.11217,86312.54206,90671.04889,94004.26741,8700,0,,,,,,
138,80581.53004,85434.0636,89748.21009,93047.50351,8700,0,,,,,,
139,77953.8506,82648.14811,86821.61479,90013.32171,8700,0,,,,,,
140,74952.1584,79465.69722,83478.46033,86547.26732,8700,0,,,,,,
141,71987.86747,76322.89986,80176.96177,83124.40019,8700,0,,,,,,
142,68921.92179,73072.32621,76762.24457,79584.1523,8700,0,,,,,,
143,68285.14108,72397.19924,76053.02585,78848.86153,8700,0,,,,,,
144,69645.97215,73839.97811,77568.66043,80420.21335,8700,0,,,,,,
145,66926.22803,70956.4539,74539.52749,77279.72445,8700,0,,,,,,
146,65138.63881,69061.21797,72548.58822,75215.59494,8700,0,,,,,,
147,64058.79682,67916.34905,71345.90708,73968.70125,8700,0,,,,,,
148,63763.42264,67603.18776,71016.93214,73627.63265,8700,0,,,,,,
149,64257.31129,68126.81785,71567.00388,74197.92594,8700,0,,,,,,
150,65754.32136,69713.97627,73234.30871,75926.52366,8700,0,,,,,,
151,68911.37272,73061.14188,76750.49547,79571.97129,8700,0,,,,,,
152,73763.94861,78205.9347,82155.08384,85175.24132,8700,0,,,,,,
153,81494.50479,86402.01671,90765.04173,94101.71558,8700,0,,,,,,
154,85103.24848,90228.07509,94784.3038,98268.7324,8700,0,,,,,,
155,86046.91146,91228.56444,95835.31466,99358.38017,8700,0,,,,,,
156,85301.76295,90438.54388,95005.40059,98497.95708,8700,0,,,,,,
157,82141.83458,87088.32801,91486.00955,94849.18737,8700,0,,,,,,
158,84224.79799,89296.72525,93805.92377,97254.3855,8700,0,,,,,,
159,84939.25827,90054.20956,94601.65862,98079.37288,8700,0,,,,,,
160,85151.19884,90278.91296,94837.70883,98324.10068,8700,0,,,,,,
161,86497.6448,91706.44046,96337.32189,99878.84201,8700,0,,,,,,
162,84961.31543,90077.59498,94626.22493,98104.84229,8700,0,,,,,,
163,82162.93273,87110.69667,91509.50775,94873.54941,8700,0,,,,,,
164,78737.3594,83478.83897,87694.25288,90918.03943,8700,0,,,,,,
165,75538.11173,80086.93603,84131.06971,87223.86771,8700,0,,,,,,
166,72054.99797,76394.07288,80251.72881,83201.91579,8700,0,,,,,,
167,71124.76109,75407.81813,79215.67135,82127.77114,8700,0,,,,,,
168,72514.36237,76881.09972,80763.34893,83732.34392,8700,0,,,,,,
169,70089.99243,74310.73681,78063.19094,80932.92363,8700,0,,,,,,
170,68051.14335,72149.11042,75792.40934,78578.66432,8700,0,,,,,,
171,67002.9486,71037.79451,74624.97553,77368.31371,8700,0,,,,,,
172,66308.62746,70301.66209,73851.67078,76566.58099,8700,0,,,,,,
173,66306.70945,70299.62858,73849.53459,76564.36627,8700,0,,,,,,
174,67545.74662,71613.27924,75229.5204,77995.08265,8700,0,,,,,,
175,70184.93414,74411.39581,78168.93289,81042.55283,8700,0,,,,,,
176,75191.91017,79719.88658,83745.48544,86824.10873,8700,0,,,,,,
177,83047.13727,88048.14706,92494.29639,95894.54051,8700,0,,,,,,
178,85836.88891,91005.89456,95601.40066,99115.8671,8700,0,,,,,,
179,86174.45941,91363.79319,95977.37203,99505.6598,8700,0,,,,,,
180,85314.23004,90451.76173,95019.2859,98512.35283,8700,0,,,,,,
181,81952.91018,86888.02678,91275.59375,94631.03634,8700,0,,,,,,
182,83510.3377,88539.24092,93010.18892,96429.39811,8700,0,,,,,,
183,84270.83033,89345.5296,93857.1926,97307.53905,8700,0,,,,,,
184,84770.47302,89875.26024,94413.67293,97884.47653,8700,0,,,,,,
185,86069.92763,91252.96662,95860.94907,99384.95694,8700,0,,,,,,
186,84363.85401,89444.15507,93960.79833,97414.9535,8700,0,,,,,,
187,81007.32919,85885.50392,90222.4467,93539.17385,8700,0,,,,,,
188,77766.84422,82449.88041,86613.33521,89797.38542,8700,0,,,,,,
189,75046.14109,79565.33944,83583.13417,86655.78915,8700,0,,,,,,
190,71786.47598,76109.38079,79952.66067,82891.85341,8700,0,,,,,,
191,70853.36208,75120.07577,78913.39892,81814.38667,8700,0,,,,,,
192,72295.70875,76649.27901,80519.82202,83479.86456,8700,0,,,,,,
193,69533.76832,73721.01748,77443.69267,80290.65157,8700,0,,,,,,
194,67483.41115,71547.19,75160.09386,77923.10388,8700,0,,,,,,
195,66226.15285,70214.22095,73759.81414,76471.34755,8700,0,,,,,,
196,65419.62789,69359.12792,72861.54166,75540.05307,8700,0,,,,,,
197,65099.31952,69019.53092,72504.7961,75170.19295,8700,0,,,,,,
198,65270.98179,69201.53051,72695.98608,75368.4114,8700,0,,,,,,
199,66323.97158,70317.93022,73868.7604,76584.29885,8700,0,,,,,,
200,67703.98279,71781.04422,75405.75698,78177.79798,8700,0,,,,,,
201,70306.72804,74540.52401,78304.58165,81183.18827,8700,0,,,,,,
202,70147.53286,74371.74227,78127.27697,80999.36557,8700,0,,,,,,
203,70717.18307,74975.6962,78761.72865,81657.14074,8700,0,,,,,,
204,69928.87924,74139.92156,77883.75006,80746.88621,8700,0,,,,,,
205,67563.00874,71631.58087,75248.7462,78015.01522,8700,0,,,,,,
206,67631.09825,71703.77066,75324.58134,78093.63819,8700,0,,,,,,
207,67755.76917,71835.94912,75463.4344,78237.59572,8700,0,,,,,,
208,68404.05796,72523.27717,76185.47031,78986.17487,8700,0,,,,,,
209,70097.66449,74318.87088,78071.73575,80941.78256,8700,0,,,,,,
210,70970.36095,75244.12018,79043.70718,81949.48528,8700,0,,,,,,
211,71189.01456,75475.94088,79287.23408,82201.96463,8700,0,,,,,,
212,69811.88038,74015.87715,77753.44181,80611.78761,8700,0,,,,,,
213,68302.40321,72415.50088,76072.25166,78868.79412,8700,0,,,,,,
214,66194.50562,70180.66795,73724.56683,76434.80449,8700,0,,,,,,
215,66488.9208,70492.8125,74052.47368,76774.76574,8700,0,,,,,,
216,68337.88647,72453.12091,76111.77138,78909.76664,8700,0,,,,,,
217,66186.83356,70172.53389,73716.02203,76425.94556,8700,0,,,,,,
218,64058.79682,67916.34905,71345.90708,73968.70125,8700,0,,,,,,
219,62575.21285,66343.42524,69693.55566,72255.60664,8700,0,,,,,,
220,61680.45923,65394.79052,68697.01792,71222.43452,8700,0,,,,,,
221,61470.43668,65172.12063,68463.10392,70979.92145,8700,0,,,,,,
222,61816.63824,65539.17008,68848.68819,71379.68044,8700,0,,,,,,
223,62222.29824,65969.25849,69300.49469,71848.0961,8700,0,,,,,,
224,62328.74803,66082.11858,69419.05384,71971.01368,8700,0,,,,,,
225,62469.72207,66231.58192,69576.06461,72133.79643,8700,0,,,,,,
226,61051.35058,64727.79762,67996.34402,70496.00268,8700,0,,,,,,
227,61071.48973,64749.14953,68018.77413,70519.25736,8700,0,,,,,,
228,60506.63455,64150.27937,67389.66295,69867.019,8700,0,,,,,,
229,59543.79143,63129.45487,66317.29008,68755.22392,8700,0,,,,,,
230,59644.48717,63236.2144,66429.44062,68871.49731,8700,0,,,,,,
231,60204.54731,63830.00076,67053.21129,69518.19883,8700,0,,,,,,
232,61897.19483,65624.5777,68938.40862,71472.69914,8700,0,,,,,,
233,64074.14094,67932.61718,71362.9967,73986.41911,8700,0,,,,,,
234,66592.49356,70602.6223,74167.82852,76894.36122,8700,0,,,,,,
235,67838.24378,71923.39027,75555.29104,78332.82916,8700,0,,,,,,
236,67047.06293,71084.56535,74674.10816,77419.25253,8700,0,,,,,,
237,65899.13144,69867.50666,73395.59189,76093.73588,8700,0,,,,,,
238,64453.90775,68335.25314,71785.96449,74424.9359,8700,0,,,,,,
239,64948.75541,68859.9,72337.10433,74996.33655,8700,0,,,,,,
240,65930.77867,69901.05965,73430.8392,76130.27894,8700,0,,,,,,
241,63692.45611,67527.9477,70937.8927,73545.68758,8700,0,,,,,,
242,61718.81952,65435.46082,68739.74195,71266.72915,8700,0,,,,,,
243,60666.78873,64320.07786,67568.03572,70051.94906,8700,0,,,,,,
244,60170.98207,63794.41426,67015.82779,69479.44104,8700,0,,,,,,
245,60645.69058,64297.70921,67544.53752,70027.58702,8700,0,,,,,,
246,62218.46221,65965.19146,69296.22228,71843.66663,8700,0,,,,,,
247,65816.65683,69780.06551,73303.73525,75998.50244,8700,0,,,,,,
248,71938.95811,76271.04523,80122.48865,83067.92455,8700,0,,,,,,
249,81418.74323,86321.69287,90680.66179,94014.23369,8700,0,,,,,,
250,85388.07359,90530.05206,95101.52964,98597.61999,8700,0,,,,,,
251,86851.51841,92081.62396,96731.45095,100287.4599,8700,0,,,,,,
252,86793.01898,92019.60176,96666.29683,100219.9106,8700,0,,,,,,
253,83759.67954,88803.59786,93287.89504,96717.31316,8700,0,,,,,,
254,85642.21047,90799.49279,95384.57626,98891.07188,8700,0,,,,,,
255,86078.5587,91262.11744,95870.56198,99394.92324,8700,0,,,,,,
256,85812.91373,90980.47562,95574.69814,99088.18296,8700,0,,,,,,
257,86141.85317,91329.22344,95941.05661,99468.00937,8700,0,,,,,,
258,83752.9665,88796.48057,93280.41834,96709.56161,8700,0,,,,,,
259,80663.04564,85520.48798,89838.99862,93141.62958,8700,0,,,,,,
260,77284.46365,81938.4514,86076.08067,89240.38051,8700,0,,,,,,
261,74131.24833,78595.35282,82564.16633,85599.36236,8700,0,,,,,,
262,70671.15073,74926.89184,78710.45982,81603.9872,8700,0,,,,,,
263,69606.65286,73798.29105,77524.86831,80374.81136,8700,0,,,,,,
264,71402.87315,75702.67781,79525.42049,82448.90717,8700,0,,,,,,
265,68672.57995,72807.96927,76484.53845,79296.23725,8700,0,,,,,,
266,66814.0242,70837.49328,74414.55973,77150.16268,8700,0,,,,,,
267,65660.33867,69614.33404,73129.63487,75818.00184,8700,0,,,,,,
268,65150.1469,69073.41907,72561.40543,75228.88333,8700,0,,,,,,
269,65309.34207,69242.2008,72738.7101,75412.70602,8700,0,,,,,,
270,66460.15059,70462.30978,74020.43067,76741.54477,8700,0,,,,,,
271,69640.21811,73833.87756,77562.25183,80413.56916,8700,0,,,,,,
272,74733.50478,79233.87651,83234.93342,86294.78796,8700,0,,,,,,
273,82589.69089,87563.15375,91984.81247,95366.32711,8700,0,,,,,,
274,84477.97586,89565.14922,94087.90229,97546.73002,8700,0,,,,,,
275,83117.14479,88122.37036,92572.26772,95975.3782,8700,0,,,,,,
276,80324.51614,85161.57259,89461.95916,92750.72952,8700,0,,,,,,
277,76296.68634,80891.19119,84975.93718,88099.79392,8700,0,,,,,,
278,78626.11457,83360.8951,87570.35322,90789.58501,8700,0,,,,,,
279,80570.02195,85421.8625,89735.39288,93034.21512,8700,0,,,,,,
280,81927.01699,86860.57433,91246.75504,94601.13747,8700,0,,,,,,
281,83083.57954,88086.78384,92534.8842,95936.6204,8700,0,,,,,,
282,81262.42507,86155.9614,90506.56141,93833.73309,8700,0,,,,,,
283,78758.45755,83501.20763,87717.75109,90942.40146,8700,0,,,,,,
284,75825.81386,80391.96327,84451.49985,87556.0774,8700,0,,,,,,
285,72927.69442,77319.32218,81223.70023,84209.6185,8700,0,,,,,,
286,69729.40577,73928.43601,77661.58517,80516.55416,8700,0,,,,,,
287,68586.26931,72716.46109,76388.4094,79196.57434,8700,0,,,,,,
288,70252.06463,74482.56883,78243.69992,81120.06842,8700,0,,,,,,
289,67503.5503,71568.5419,75182.52397,77946.35856,8700,0,,,,,,
290,65442.64406,69383.53009,72887.17607,75566.62984,8700,0,,,,,,
291,64119.21427,67980.40478,71413.19742,74038.46529,8700,0,,,,,,
292,63355.84462,67171.06582,70562.98944,73157.00225,8700,0,,,,,,
293,63464.21243,67285.95943,70683.6848,73282.13458,8700,0,,,,,,
294,64495.14505,68378.97371,71831.8928,74472.55261,8700,0,,,,,,
295,67248.45442,71298.08442,74898.40925,77651.79931,8700,0,,,,,,
296,72157.61173,76502.86594,80366.01556,83320.40391,8700,0,,,,,,
297,79569.77755,84361.38445,88621.36408,91879.23277,8700,0,,,,,,
298,80781.96252,85646.56591,89971.44308,93278.94292,8700,0,,,,,,
299,78982.86521,83739.12888,87967.6866,91201.52502,8700,0,,,,,,
300,75758.68336,80320.79025,84376.73282,87478.5618,8700,0,,,,,,
301,70766.09244,75027.55084,78816.20178,81713.6164,8700,0,,,,,,
302,72271.73357,76623.86007,80493.11951,83452.18041,8700,0,,,,,,
303,72912.35031,77303.05407,81206.61063,84191.90065,8700,0,,,,,,
304,74064.11783,78524.17979,82489.39929,85521.84676,8700,0,,,,,,
305,76399.3001,80999.98424,85090.22393,88218.28204,8700,0,,,,,,
306,75326.17116,79862.23263,83895.0195,86979.13991,8700,0,,,,,,
307,73552.00804,77981.2313,81919.03364,84930.51352,8700,0,,,,,,
308,71122.84307,75405.78461,79213.53514,82125.5564,8700,0,,,,,,
309,68936.3069,73087.57757,76778.26608,79600.76279,8700,0,,,,,,
310,66416.03626,70415.53893,73971.29804,76690.60595,8700,0,,,,,,
311,65454.15214,69395.73118,72899.99327,75579.91823,8700,0,,,,,,
312,67048.02193,71085.5821,74675.17625,77420.35989,8700,0,,,,,,
313,64009.88746,67864.49442,71291.43396,73912.22561,8700,0,,,,,,
314,62119.68448,65860.46544,69186.20794,71729.60797,8700,0,,,,,,
315,60959.2859,64630.1889,67893.80637,70389.69558,8700,0,,,,,,
316,60733.91923,64391.25089,67642.80276,70129.46465,8700,0,,,,,,
317,61269.04519,64958.60156,68238.80282,70747.37467,8700,0,,,,,,
318,62644.26136,66416.63178,69770.45889,72335.33697,8700,0,,,,,,
319,65714.04307,69671.27246,73189.4485,75880.01432,8700,0,,,,,,
320,70814.04279,75078.38871,78869.6068,81768.98468,8700,0,,,,,,
321,77446.53585,82110.28341,86256.58965,89427.5253,8700,0,,,,,,
322,77201.03003,81849.99349,85983.15592,89144.0397,8700,0,,,,,,
323,75460.43216,80004.57868,84044.55358,87134.1711,8700,0,,,,,,
324,72607.38605,76979.72518,80866.95467,83839.75838,8700,0,,,,,,
325,68049.22534,72147.07691,75790.27314,78576.4496,8700,0,,,,,,
326,69663.23428,73858.27974,77587.88624,80440.14594,8700,0,,,,,,
327,70506.20151,74752.00956,78526.74654,81413.52031,8700,0,,,,,,
328,71612.8957,75925.34769,79759.33449,82691.42024,8700,0,,,,,,
329,73996.02833,78451.99002,82413.56416,85443.2238,8700,0,,,,,,
330,74041.10166,78499.77762,82463.76488,85495.26998,8700,0,,,,,,
331,73217.31457,77626.38295,81546.26658,84544.04292,8700,0,,,,,,
332,71046.12251,75324.44402,79128.08712,82036.96716,8700,0,,,,,,
333,68770.39867,72911.67853,76593.48469,79409.18854,8700,0,,,,,,
334,66126.41612,70108.47818,73648.7317,76356.18153,8700,0,,,,,,
335,65107.95058,69028.68173,72514.409,75180.15924,8700,0,,,,,,
336,66276.98023,70268.1091,73816.42347,76530.03793,8700,0,,,,,,
337,63437.36023,67257.49022,70653.77799,73251.12834,8700,0,,,,,,
338,61012.03129,64686.11056,67952.5519,70450.60069,8700,0,,,,,,
339,59583.11072,63171.14192,66361.0822,68800.62591,8700,0,,,,,,
340,59117.03327,62676.99779,65841.98537,68262.44622,8700,0,,,,,,
341,59479.53795,63061.33211,66245.72734,68681.03042,8700,0,,,,,,
342,60704.19001,64359.73141,67609.69164,70095.13632,8700,0,,,,,,
343,63552.44108,67379.50111,70781.95004,73384.01221,8700,0,,,,,,
344,68168.14222,72273.15484,75922.7176,78713.76293,8700,0,,,,,,
345,74833.24152,79339.61929,83346.01587,86409.95399,8700,0,,,,,,
346,75635.93046,80190.6453,84240.01596,87336.81901,8700,0,,,,,,
347,75070.11627,79590.75838,83609.83668,86683.47329,8700,0,,,,,,
348,73782.16974,78225.25309,82175.37775,85196.28126,8700,0,,,,,,
349,70600.18421,74851.6518,78631.42039,81522.04215,8700,0,,,,,,
350,73038.93925,77437.26606,81347.59989,84338.07292,8700,0,,,,,,
351,73523.23783,77950.72858,81886.99063,84897.29255,8700,0,,,,,,
352,73530.90989,77958.86264,81895.53543,84906.15148,8700,0,,,,,,
353,73907.79967,78358.44832,82315.29891,85341.34616,8700,0,,,,,,
354,72226.66024,76576.07247,80442.91879,83400.13423,8700,0,,,,,,
355,70878.29627,75146.51147,78941.16953,81843.17818,8700,0,,,,,,
356,68864.38137,73011.32077,76698.15854,79517.71037,8700,0,,,,,,
357,67229.27427,71277.74926,74877.04724,77629.65199,8700,0,,,,,,
358,65142.47484,69065.28501,72552.86062,75220.02441,8700,0,,,,,,
359,64259.22931,68128.85137,71569.14009,74200.14067,8700,0,,,,,,
360,66195.46463,70181.68471,73725.63494,76435.91186,8700,0,,,,,,
361,63170.75625,66974.83163,70356.84605,72943.28069,8700,0,,,,,,
362,60899.82746,64567.14994,67827.58414,70321.03891,8700,0,,,,,,
363,59544.75043,63130.47162,66318.35817,68756.33128,8700,0,,,,,,
364,59053.7388,62609.89179,65771.49073,68189.36009,8700,0,,,,,,
365,59407.61242,62985.0753,66165.61981,68597.978,8700,0,,,,,,
366,60189.2032,63813.73264,67036.12169,69500.48098,8700,0,,,,,,
367,61423.44533,65122.29952,68410.767,70925.66053,8700,0,,,,,,
368,63143.90406,66946.36243,70326.93924,72912.27446,8700,0,,,,,,
369,65367.84151,69304.22301,72803.86423,75480.25533,8700,0,,,,,,
370,64732.0198,68630.1128,72095.71361,74746.07192,8700,0,,,,,,
371,64285.1225,68156.30382,71597.9788,74230.03954,8700,0,,,,,,
372,62242.43739,65990.6104,69322.9248,71871.35078,8700,0,,,,,,
373,58994.28036,62546.85283,65705.2685,68120.70342,8700,0,,,,,,
374,59589.82377,63178.25923,66368.5589,68808.37747,8700,0,,,,,,
375,60243.86661,63871.68783,67097.00342,69563.60083,8700,0,,,,,,
376,61697.72136,65413.09215,68716.24373,71242.3671,8700,0,,,,,,
377,64162.36959,68026.15887,71461.26194,74088.29674,8700,0,,,,,,
378,65545.25782,69492.32315,73001.46282,75685.11797,8700,0,,,,,,
379,66504.26491,70509.08062,74069.56328,76792.48358,8700,0,,,,,,
380,65715.00207,69672.28921,73190.51659,75881.12168,8700,0,,,,,,
381,64558.43952,68446.0797,71902.38743,74545.63874,8700,0,,,,,,
382,63034.57725,66830.45208,70205.17579,72786.03478,8700,0,,,,,,
383,63318.44335,67131.41229,70521.33353,73113.815,8700,0,,,,,,
384,65060.00023,68977.84386,72461.00398,75124.79096,8700,0,,,,,,
385,62685.49867,66460.35236,69816.38722,72382.95369,8700,0,,,,,,
386,60268.80079,63898.12352,67124.77403,69592.39233,8700,0,,,,,,
387,58948.24802,62498.04847,65653.99968,68067.54987,8700,0,,,,,,
388,58255.8449,61763.94958,64882.83114,67268.03189,8700,0,,,,,,
389,58384.35185,61900.19508,65025.95661,67416.41889,8700,0,,,,,,
390,58978.93625,62530.58471,65688.1789,68102.98557,8700,0,,,,,,
391,59551.46348,63137.58892,66325.83487,68764.08284,8700,0,,,,,,
392,59934.10731,63543.27515,66752.00696,69205.92172,8700,0,,,,,,
393,59594.6188,63183.34301,66373.8994,68813.9143,8700,0,,,,,,
394,56746.36774,60163.57332,63201.64101,65525.03842,8700,0,,,,,,
395,55598.43624,58946.51461,61923.12474,64199.52176,8700,0,,,,,,
396,54362.2761,57635.91423,60546.34324,62772.12748,8700,0,,,,,,
397,53105.0178,56302.94518,59146.06352,61320.37115,8700,0,,,,,,
398,53357.23667,56570.3524,59426.97395,61611.60832,8700,0,,,,,,
399,54479.27497,57759.95864,60676.6515,62907.22609,8700,0,,,,,,
400,57032.15185,60466.56704,63519.93495,65855.03337,8700,0,,,,,,
401,60653.36263,64305.84326,67553.08231,70036.44594,8700,0,,,,,,
402,63855.48732,67700.79647,71119.46979,73733.93974,8700,0,,,,,,
403,65509.77456,69454.70312,72961.9431,75644.14544,8700,0,,,,,,
404,64966.01753,68878.20162,72356.33013,75016.26913,8700,0,,,,,,
405,63790.27484,67631.65697,71046.83896,73658.63889,8700,0,,,,,,
406,62467.80406,66229.54841,69573.92841,72131.5817,8700,0,,,,,,
407,62643.30235,66415.61502,69769.39079,72334.2296,8700,0,,,,,,
408,63184.18235,66989.06624,70371.79945,72958.78381,8700,0,,,,,,
409,60878.7293,64544.78127,67804.08593,70296.67686,8700,0,,,,,,
410,58907.96972,62455.34465,65609.13946,68021.04051,8700,0,,,,,,
411,57573.99086,61041.03501,64123.41171,66480.69494,8700,0,,,,,,
412,57394.65653,60850.90136,63923.67692,66273.61757,8700,0,,,,,,
413,57812.78362,61294.20762,64389.36872,66756.42897,8700,0,,,,,,
414,59705.86363,63301.28688,66497.79906,68942.36872,8700,0,,,,,,
415,63447.9093,67268.67454,70665.52708,73263.30935,8700,0,,,,,,
416,69779.27414,73981.3074,77717.12639,80574.13718,8700,0,,,,,,
417,78870.66138,83620.16826,87842.71884,91071.96324,8700,0,,,,,,
418,82388.2994,87349.63468,91760.51137,95133.78033,8700,0,,,,,,
419,83120.02181,88125.42063,92575.47202,95978.7003,8700,0,,,,,,
420,81905.91883,86838.20566,91223.25683,94576.77542,8700,0,,,,,,
421,77689.16464,82367.52305,86526.81906,89707.6888,8700,0,,,,,,
422,79238.92011,84010.60313,88252.86943,91497.19164,8700,0,,,,,,
423,80115.45259,84939.91946,89229.11326,92509.32382,8700,0,,,,,,
424,79731.84975,84533.21647,88801.87306,92066.37757,8700,0,,,,,,
425,80757.98734,85621.14697,89944.74057,93251.25878,8700,0,,,,,,
426,79602.38379,84395.95421,88657.6795,91916.8832,8700,0,,,,,,
427,78213.74152,82923.68938,87111.07002,90313.41779,8700,0,,,,,,
428,75462.35017,80006.61219,84046.68977,87136.38583,8700,0,,,,,,
429,72728.22095,77107.83663,81001.53534,83979.28645,8700,0,,,,,,
430,69517.4652,73703.73261,77425.53496,80271.82636,8700,0,,,,,,
431,68472.14747,72595.46696,76261.30545,79064.79784,8700,0,,,,,,
432,70010.39485,74226.34595,77974.53861,80841.01229,8700,0,,,,,,
433,67414.36264,71473.98346,75083.19063,77843.37355,8700,0,,,,,,
434,65520.32363,69465.88745,72973.6922,75656.32645,8700,0,,,,,,
435,64412.67044,68291.53256,71740.03616,74377.31917,8700,0,,,,,,
436,63961.93711,67813.65656,71238.02894,73856.85733,8700,0,,,,,,
437,64482.67796,68365.75586,71818.0075,74458.15686,8700,0,,,,,,
438,65808.98477,69771.93145,73295.19045,75989.64351,8700,0,,,,,,
439,68992.88832,73147.56627,76841.28401,79666.09737,8700,0,,,,,,
440,74151.38748,78616.70473,82586.59644,85622.61704,8700,0,,,,,,
441,81482.0377,86388.79887,90751.15643,94087.31983,8700,0,,,,,,
442,81849.33741,86778.21697,91160.2389,94511.44085,8700,0,,,,,,
443,80426.17089,85269.34889,89575.17781,92868.11028,8700,0,,,,,,
444,77784.10635,82468.18204,86632.56102,89817.318,8700,0,,,,,,
445,73270.05996,77682.30461,81605.01211,84604.94803,8700,0,,,,,,
446,74808.30733,79313.18359,83318.24525,86381.16247,8700,0,,,,,,
447,75623.46336,80177.42744,84226.13065,87322.42325,8700,0,,,,,,
448,76984.29443,81620.20631,85741.76522,88893.77507,8700,0,,,,,,
449,79809.52933,84615.57383,88888.38921,92156.07419,8700,0,,,,,,
450,79974.47855,84790.45612,89072.10249,92346.54107,8700,0,,,,,,
451,78739.27741,83480.87248,87696.38908,90920.25415,8700,0,,,,,,
452,76157.63031,80743.76136,84821.06261,87939.2259,8700,0,,,,,,
453,73467.61542,77891.75665,81825.0408,84833.06535,8700,0,,,,,,
454,70085.1974,74305.65303,78057.85044,80927.38681,8700,0,,,,,,
455,68768.48066,72909.64502,76591.3485,79406.97381,8700,0,,,,,,
456,70423.7269,74664.56842,78434.8899,81318.28687,8700,0,,,,,,
457,67525.60747,71591.92733,75207.09029,77971.82797,8700,0,,,,,,
458,65457.02917,69398.78146,72903.19758,75583.24033,8700,0,,,,,,
459,64230.45909,68098.34864,71537.09707,74166.9197,8700,0,,,,,,
460,63790.27484,67631.65697,71046.83896,73658.63889,8700,0,,,,,,
461,64078.93597,67937.70096,71368.33719,73991.95593,8700,0,,,,,,
462,65280.57186,69211.69808,72706.66709,75379.48505,8700,0,,,,,,
463,68415.56605,72535.47827,76198.28752,78999.46326,8700,0,,,,,,
464,73507.89372,77934.46046,81869.90102,84879.57471,8700,0,,,,,,
465,80046.40408,84866.71292,89152.21002,92429.59349,8700,0,,,,,,
466,79702.12053,84501.69699,88768.76195,92032.04923,8700,0,,,,,,
467,77848.35982,82536.30479,86704.12374,89891.51149,8700,0,,,,,,
468,74832.28251,79338.60253,83344.94776,86408.84662,8700,0,,,,,,
469,69989.29669,74203.97728,77951.04039,80816.65024,8700,0,,,,,,
470,71507.40492,75813.50437,79641.84344,82569.61002,8700,0,,,,,,
471,72035.81783,76373.73774,80230.3668,83179.76848,8700,0,,,,,,
472,73123.33187,77526.74071,81441.59273,84435.52109,8700,0,,,,,,
473,75601.4062,80154.04203,84201.56434,87296.95385,8700,0,,,,,,
474,75331.92521,79868.33318,83901.42811,86985.78411,8700,0,,,,,,
475,74499.50705,78985.78769,82974.3169,86024.59075,8700,0,,,,,,
476,72499.01825,76864.83159,80746.25932,83714.62607,8700,0,,,,,,
477,70348.92435,74585.26134,78351.57807,81231.91235,8700,0,,,,,,
478,67584.1069,71653.94954,75272.24442,78039.37727,8700,0,,,,,,
479,66407.4052,70406.38812,73961.68514,76680.63966,8700,0,,,,,,
480,67887.15314,71975.2449,75609.76416,78389.30481,8700,0,,,,,,
481,64721.47072,68618.92847,72083.96451,74733.89089,8700,0,,,,,,
482,62442.86987,66203.11271,69546.15779,72102.79019,8700,0,,,,,,
483,61184.65256,64869.1269,68144.80997,70649.92649,8700,0,,,,,,
484,60671.58377,64325.16166,67573.37623,70057.48589,8700,0,,,,,,
485,61036.96547,64712.54625,67980.3225,70479.39219,8700,0,,,,,,
486,62347.92817,66102.45372,69440.41585,71993.16099,8700,0,,,,,,
487,65244.12959,69173.0613,72666.07927,75337.40516,8700,0,,,,,,
488,69975.87059,74189.74268,77936.08699,80801.14712,8700,0,,,,,,
489,76701.38734,81320.26285,85426.67559,88567.10222,8700,0,,,,,,
490,76543.15117,81152.49787,85250.43901,88384.38689,8700,0,,,,,,
491,75747.17528,80308.58916,84363.91562,87465.27342,8700,0,,,,,,
492,75413.44081,79954.75756,83992.21665,87079.91018,8700,0,,,,,,
493,72833.71173,77219.67995,81119.02639,84101.09667,8700,0,,,,,,
494,75805.67471,80370.61137,84429.06974,87532.82272,8700,0,,,,,,
495,76812.63216,81438.20672,85550.57524,88695.55662,8700,0,,,,,,
496,76667.82209,81284.67634,85389.29207,88528.34442,8700,0,,,,,,
497,77137.73556,81782.8875,85912.66129,89070.95356,8700,0,,,,,,
498,75295.48294,79829.69639,83860.8403,86943.70422,8700,0,,,,,,
499,73635.44166,78069.6892,82011.95838,85026.85433,8700,0,,,,,,
500,71006.80322,75282.75697,79084.295,81991.56517,8700,0,,,,,,
501,68559.41711,72687.99188,76358.50259,79165.5681,8700,0,,,,,,
502,65896.25441,69864.45637,73392.38758,76090.41378,8700,0,,,,,,
503,64747.36392,68646.38093,72112.80323,74763.78977,8700,0,,,,,,
504,66129.29314,70111.52845,73651.936,76359.50363,8700,0,,,,,,
505,63043.20831,66839.60289,70214.78869,72796.00106,8700,0,,,,,,
506,60567.052,64214.3351,67456.95328,69936.78304,8700,0,,,,,,
507,59255.13029,62823.41086,65995.79183,68421.90687,8700,0,,,,,,
508,58720.00433,62256.06019,65399.79177,67803.99685,8700,0,,,,,,
509,59165.94263,62728.85242,65896.45849,68318.92186,8700,0,,,,,,
510,60484.57739,64126.89395,67365.09664,69841.5496,8700,0,,,,,,
511,63178.42831,66982.96569,70365.39085,72952.13962,8700,0,,,,,,
512,67512.18137,71577.69273,75192.13688,77956.32485,8700,0,,,,,,
513,74307.70563,78782.43619,82760.69681,85803.11762,8700,0,,,,,,
514,76113.51599,80696.99052,84771.93,87888.28709,8700,0,,,,,,
515,75786.49457,80350.27622,84407.70773,87510.67541,8700,0,,,,,,
516,74561.84251,79051.87692,83043.74343,86096.56951,8700,0,,,,,,
517,71511.24095,75817.5714,79646.11584,82574.03948,8700,0,,,,,,
518,73786.00577,78229.32012,82179.65015,85200.71073,8700,0,,,,,,
519,74445.80265,78928.84927,82914.50327,85962.57827,8700,0,,,,,,
520,74036.30662,78494.69382,82458.42437,85489.73315,8700,0,,,,,,
521,74168.6496,78635.00636,82605.82224,85642.54961,8700,0,,,,,,
522,72095.27627,76436.7767,80296.58903,83248.42515,8700,0,,,,,,
523,70220.4174,74449.01584,78208.45261,81083.52536,8700,0,,,,,,
524,67915.92335,72005.74762,75641.80717,78422.52577,8700,0,,,,,,
525,66096.6869,70076.95869,73615.62059,76321.8532,8700,0,,,,,,
526,63422.97512,67242.23885,70637.75648,73234.51785,8700,0,,,,,,
527,62650.0154,66422.73232,69776.86749,72341.98116,8700,0,,,,,,
528,64402.12136,68280.34823,71728.28705,74365.13814,8700,0,,,,,,
529,61157.80037,64840.6577,68114.90317,70618.92026,8700,0,,,,,,
530,58721.92235,62258.09371,65401.92797,67806.21159,8700,0,,,,,,
531,57324.64901,60776.67806,63845.70558,66192.77988,8700,0,,,,,,
532,56756.91681,60174.75764,63213.39011,65537.21943,8700,0,,,,,,
533,56960.22632,60390.31023,63439.82741,65771.98095,8700,0,,,,,,
534,57775.38235,61254.55408,64347.71281,66713.24172,8700,0,,,,,,
535,58821.65909,62363.83649,65513.01043,67921.37761,8700,0,,,,,,
536,59934.10731,63543.27515,66752.00696,69205.92172,8700,0,,,,,,
537,62273.12562,66023.14664,69357.10402,71906.78648,8700,0,,,,,,
538,62449.58292,66210.23001,69553.6345,72110.54175,8700,0,,,,,,
539,62690.2937,66465.43614,69821.72772,72388.49052,8700,0,,,,,,
540,62031.45583,65766.92376,69087.9427,71627.73034,8700,0,,,,,,
541,60197.83427,63822.88347,67045.7346,69510.44728,8700,0,,,,,,
542,60941.06476,64610.8705,67873.51246,70368.65563,8700,0,,,,,,
543,61096.42391,64775.58522,68046.54473,70548.04886,8700,0,,,,,,
544,61100.25994,64779.65225,68050.81714,70552.47832,8700,0,,,,,,
545,61146.29228,64828.45661,68102.08596,70605.63187,8700,0,,,,,,
546,61107.932,64787.78631,68059.36195,70561.33725,8700,0,,,,,,
547,61714.02448,65430.37703,68734.40144,71261.19232,8700,0,,,,,,
548,60833.65597,64496.99367,67753.88521,70244.63068,8700,0,,,,,,
549,59786.42022,63386.6945,66587.51949,69035.38742,8700,0,,,,,,
550,58399.69596,61916.46319,65043.04621,67434.13673,8700,0,,,,,,
551,58453.40036,61973.40161,65102.85984,67496.14921,8700,0,,,,,,
552,59969.59058,63580.89519,66791.52669,69246.89426,8700,0,,,,,,
553,57199.97809,60644.4996,63706.85253,66048.82235,8700,0,,,,,,
554,54849.4517,58152.42702,61088.93827,63334.66921,8700,0,,,,,,
555,53550.9561,56775.7374,59642.73024,61835.29617,8700,0,,,,,,
556,53070.49355,56266.34191,59107.61191,61280.506,8700,0,,,,,,
557,53449.30135,56667.96111,59529.51159,61717.91541,8700,0,,,,,,
558,54195.40887,57458.99843,60360.49376,62579.44587,8700,0,,,,,,
559,54840.82064,58143.27621,61079.32537,63324.70292,8700,0,,,,,,
560,55009.60589,58322.22552,61267.31105,63519.59928,8700,0,,,,,,
561,54667.24036,57959.24311,60885.99919,63124.26975,8700,0,,,,,,
562,52290.82078,55439.71808,58239.24622,60380.21775,8700,0,,,,,,
563,51743.22773,54859.14956,57629.36085,59747.91198,8700,0,,,,,,
564,50381.43766,53415.35395,56112.65819,58175.4528,8700,0,,,,,,
565,49686.15751,52678.20478,55338.28534,57372.61272,8700,0,,,,,,
566,50345.95439,53377.73392,56073.13846,58134.48026,8700,0,,,,,,
567,50185.80021,53207.93542,55894.76569,57949.55021,8700,0,,,,,,
568,51682.81028,54795.09384,57562.07052,59678.14794,8700,0,,,,,,
569,54696.01057,57989.74583,60918.0422,63157.49072,8700,0,,,,,,
570,57528.91752,60993.24741,64073.21098,66428.64875,8700,0,,,,,,
571,59609.00391,63198.59437,66389.92091,68830.52478,8700,0,,,,,,
572,59375.00618,62950.50555,66129.30439,68560.32757,8700,0,,,,,,
573,58554.09611,62080.16115,65215.01039,67612.42261,8700,0,,,,,,
574,57620.0232,61089.83937,64174.68054,66533.84849,8700,0,,,,,,
575,57788.80845,61268.78869,64362.66622,66728.74484,8700,0,,,,,,
576,58284.61511,61794.4523,64914.87415,67301.25286,8700,0,,,,,,
577,55556.23993,58901.77728,61876.12832,64150.79767,8700,0,,,,,,
578,53339.97454,56552.05076,59407.74814,61591.67573,8700,0,,,,,,
579,52414.53269,55570.87979,58377.03118,60523.0679,8700,0,,,,,,
580,52316.71397,55467.17053,58268.08493,60410.11662,8700,0,,,,,,
581,53066.65752,56262.27488,59103.3395,61276.07653,8700,0,,,,,,
582,55168.80107,58491.00727,61444.61574,63703.42197,8700,0,,,,,,
583,59032.64065,62587.52313,65747.99253,68164.99805,8700,0,,,,,,
584,64720.51172,68617.91172,72082.89641,74732.78354,8700,0,,,,,,
585,71970.60534,76304.59822,80157.73596,83104.46761,8700,0,,,,,,
586,71759.62378,76080.91158,79922.75386,82860.84717,8700,0,,,,,,
587,70313.44109,74547.64131,78312.05836,81190.93983,8700,0,,,,,,
588,67679.0486,71754.60852,75377.98636,78149.00647,8700,0,,,,,,
589,64070.30491,67928.55015,71358.72429,73981.98964,8700,0,,,,,,
590,65453.19314,69394.71443,72898.92517,75578.81087,8700,0,,,,,,
591,65475.2503,69418.09985,72923.49148,75604.28027,8700,0,,,,,,
592,66268.34917,70258.95828,73806.81057,76520.07165,8700,0,,,,,,
593,68852.87328,72999.11967,76685.34133,79504.42198,8700,0,,,,,,
594,69097.42009,73258.39283,76957.70695,79786.80022,8700,0,,,,,,
595,69189.48477,73356.00154,77060.2446,79893.10731,8700,0,,,,,,
596,67559.17271,71627.51384,75244.4738,78010.58576,8700,0,,,,,,
597,65853.0991,69818.7023,73344.32307,76040.58233,8700,0,,,,,,
598,63680.94803,67515.74661,70925.0755,73532.3992,8700,0,,,,,,
599,62576.17186,66344.442,69694.62376,72256.71401,8700,0,,,,,,
600,63874.66746,67721.13162,71140.8318,73756.08706,8700,0,,,,,,
601,60675.4198,64329.22869,67577.64863,70061.91535,8700,0,,,,,,
602,58358.45866,61872.74263,64997.11789,67386.52002,8700,0,,,,,,
603,57231.62532,60678.05259,63742.09984,66085.36541,8700,0,,,,,,
604,56796.2361,60216.44469,63257.18222,65582.62142,8700,0,,,,,,
605,57240.25639,60687.20341,63751.71275,66095.33171,8700,0,,,,,,
606,58711.37327,62246.90938,65390.17887,67794.03056,8700,0,,,,,,
607,61768.68788,65488.3322,68795.28316,71324.31215,8700,0,,,,,,
608,66089.01484,70068.82463,73607.07578,76312.99427,8700,0,,,,,,
609,73381.30478,77800.24847,81728.91176,84733.40244,8700,0,,,,,,
610,75657.98762,80214.03072,84264.58227,87362.28842,8700,0,,,,,,
611,75943.77173,80517.02444,84582.87621,87692.28337,8700,0,,,,,,
612,75393.30166,79933.40565,83969.78654,87056.65551,8700,0,,,,,,
613,72560.39471,76929.90408,80814.61776,83785.49747,8700,0,,,,,,
614,74113.9862,78577.05118,82544.94052,85579.42977,8700,0,,,,,,
615,74477.44989,78962.40227,82949.7506,85999.12134,8700,0,,,,,,
616,74300.03357,78774.30213,82752.152,85794.2587,8700,0,,,,,,
617,74629.93201,79124.0667,83119.57856,86175.19247,8700,0,,,,,,
618,72620.81215,76993.95979,80881.90808,83855.2615,8700,0,,,,,,
619,71535.21612,75842.99033,79672.81835,82601.72362,8700,0,,,,,,
620,69367.86009,73545.11844,77258.91129,80099.07732,8700,0,,,,,,
621,67299.28179,71351.97256,74955.01857,77710.48968,8700,0,,,,,,
622,64534.46434,68420.66076,71875.68492,74517.9546,8700,0,,,,,,
623,63393.2459,67210.71937,70604.64536,73200.18952,8700,0,,,,,,
624,64888.33796,68795.84427,72269.81399,74926.57252,8700,0,,,,,,
625,61659.36108,65372.42186,68673.51972,71198.07248,8700,0,,,,,,
626,59541.87341,63127.42135,66315.15387,68753.00919,8700,0,,,,,,
627,58544.50604,62069.99358,65204.32939,67601.34895,8700,0,,,,,,
628,58253.92689,61761.91606,64880.69495,67265.81717,8700,0,,,,,,
629,58899.33866,62446.19384,65599.52656,68011.07422,8700,0,,,,,,
630,60419.3649,64057.75444,67292.4658,69766.24873,8700,0,,,,,,
631,63645.46477,67478.12659,70885.55579,73491.42668,8700,0,,,,,,
632,68436.66421,72557.84694,76221.78574,79023.82531,8700,0,,,,,,
633,74047.81471,78506.89492,82471.24158,85503.02154,8700,0,,,,,,
634,72967.01371,77361.00924,81267.49235,84255.02049,8700,0,,,,,,
635,70546.47981,74794.71337,78571.60677,81460.02967,8700,0,,,,,,
636,67614.79513,71686.48578,75306.42363,78074.81298,8700,0,,,,,,
637,63450.78633,67271.72482,70668.73139,73266.63146,8700,0,,,,,,
638,65576.90505,69525.87614,73036.71013,75721.66103,8700,0,,,,,,
639,67523.68945,71589.89381,75204.95408,77969.61323,8700,0,,,,,,
640,69687.20946,73883.69868,77614.58875,80467.83008,8700,0,,,,,,
641,71757.70577,76078.87807,79920.61766,82858.63245,8700,0,,,,,,
642,71412.46322,75712.84538,79536.10149,82459.98083,8700,0,,,,,,
643,71144.90024,75429.17004,79238.10146,82151.02582,8700,0,,,,,,
644,69575.96463,73765.75481,77490.68909,80339.37566,8700,0,,,,,,
645,68093.33967,72193.84776,75839.40577,78627.38842,8700,0,,,,,,
646,65814.73881,69778.03199,73301.59905,75996.2877,8700,0,,,,,,
647,64685.98746,68581.30844,72044.44479,74692.91837,8700,0,,,,,,
648,65988.3191,69962.0651,73494.92524,76196.72089,8700,0,,,,,,
649,62771.8093,66551.86052,69912.51625,72482.61659,8700,0,,,,,,
650,60561.29795,64208.23454,67450.54467,69930.13884,8700,0,,,,,,
651,59345.27696,62918.98607,66096.19328,68525.99924,8700,0,,,,,,
652,58914.68277,62462.46196,65616.61616,68028.79207,8700,0,,,,,,
653,59573.52065,63160.97435,66350.40119,68789.55226,8700,0,,,,,,
654,61210.54576,64896.57936,68173.6487,70679.82537,8700,0,,,,,,
655,64103.87016,67964.13666,71396.10781,74020.74744,8700,0,,,,,,
656,68786.70179,72928.9634,76611.6424,79428.01375,8700,0,,,,,,
657,74391.13925,78870.89409,82853.62155,85899.45844,8700,0,,,,,,
658,74373.87712,78852.59246,82834.39574,85879.52585,8700,0,,,,,,
659,74536.90833,79025.44123,83015.97283,86067.77801,8700,0,,,,,,
660,74992.4367,79508.40103,83523.32055,86593.77668,8700,0,,,,,,
661,73301.70719,77715.8576,81640.25942,84641.49109,8700,0,,,,,,
662,74957.91244,79471.79776,83484.86893,86553.91152,8700,0,,,,,,
663,75050.93613,79570.42324,83588.47467,86661.32598,8700,0,,,,,,
664,75630.17641,80184.54475,84233.60735,87330.17481,8700,0,,,,,,
665,77348.71712,82006.57414,86147.64339,89314.574,8700,0,,,,,,
666,76988.13046,81624.27334,85746.03763,88898.20453,8700,0,,,,,,
667,76374.36592,80973.54855,85062.45332,88189.49054,8700,0,,,,,,
668,74324.00875,78799.72107,82778.85452,85821.94284,8700,0,,,,,,
669,71984.03144,76318.83283,80172.68937,83119.97073,8700,0,,,,,,
670,69008.23243,73163.83438,76858.37361,79683.81521,8700,0,,,,,,
671,68042.51229,72139.95961,75782.79644,78568.69804,8700,0,,,,,,
672,69645.97215,73839.97811,77568.66043,80420.21335,8700,0,,,,,,
673,66919.51498,70949.3366,74532.05079,77271.97289,8700,0,,,,,,
674,64801.06831,68703.31934,72172.61685,74825.80224,8700,0,,,,,,
675,63849.73328,67694.69593,71113.06119,73727.29555,8700,0,,,,,,
676,63314.60732,67127.34526,70517.06112,73109.38554,8700,0,,,,,,
677,63718.34931,67555.40016,70966.73143,73575.58647,8700,0,,,,,,
678,65000.54179,68914.8049,72394.78175,75056.13429,8700,0,,,,,,
679,68132.65896,72235.53481,75883.19789,78672.79041,8700,0,,,,,,
680,73147.30705,77552.15965,81468.29524,84463.20523,8700,0,,,,,,
681,79957.21642,84772.15448,89052.87668,92326.60849,8700,0,,,,,,
682,80528.78465,85378.14194,89689.46456,92986.5984,8700,0,,,,,,
683,79032.73358,83792.00027,88023.22782,91259.10803,8700,0,,,,,,
684,76043.50847,80622.76722,84693.95866,87807.4494,8700,0,,,,,,
685,71711.67343,76030.07371,79869.34884,82805.4789,8700,0,,,,,,
686,73170.32322,77576.56183,81493.92965,84489.782,8700,0,,,,,,
687,73847.38223,78294.39261,82248.00859,85271.58213,8700,0,,,,,,
688,74747.88989,79249.12788,83250.95493,86311.39845,8700,0,,,,,,
689,77527.09244,82195.69103,86346.31008,89520.544,8700,0,,,,,,
690,77453.2489,82117.40071,86264.06635,89435.27686,8700,0,,,,,,
691,76303.39939,80898.30849,84983.41388,88107.54548,8700,0,,,,,,
692,73928.89783,78380.81699,82338.79712,85365.70821,8700,0,,,,,,
693,71683.86222,76000.58774,79838.37392,82773.36529,8700,0,,,,,,
694,68682.17002,72818.13684,76495.21945,79307.3109,8700,0,,,,,,
695,67633.97527,71706.82093,75327.78564,78096.96029,8700,0,,,,,,
696,69452.25272,73634.5931,77352.90413,80196.5255,8700,0,,,,,,
697,66377.67598,70374.86864,73928.57403,76646.31133,8700,0,,,,,,
698,64172.91867,68037.3432,71473.01105,74100.47777,8700,0,,,,,,
699,62597.27001,66366.81066,69718.12197,72281.07605,8700,0,,,,,,
700,61691.00831,65405.97485,68708.76703,71234.61554,8700,0,,,,,,
701,61558.66533,65265.66232,68561.36916,71081.79909,8700,0,,,,,,
702,61948.02221,65678.46585,68995.01795,71531.38953,8700,0,,,,,,
703,63035.53625,66831.46883,70206.24388,72787.14213,8700,0,,,,,,
704,64302.38463,68174.60546,71617.20461,74249.97213,8700,0,,,,,,
705,66135.04718,70117.62899,73658.3446,76366.14782,8700,0,,,,,,
706,65493.47144,69437.41824,72943.7854,75625.32023,8700,0,,,,,,
707,65677.6008,69632.63568,73148.86068,75837.93442,8700,0,,,,,,
708,64284.16349,68155.28706,71596.9107,74228.93218,8700,0,,,,,,
709,61254.66008,64943.3502,68222.78131,70730.76418,8700,0,,,,,,
710,60777.07455,64437.00498,67690.86728,70179.29611,8700,0,,,,,,
711,60129.74476,63750.69368,66969.89946,69431.82431,8700,0,,,,,,
712,59853.55072,63457.86753,66662.28653,69112.90302,8700,0,,,,,,
713,61090.66987,64769.48467,68040.13613,70541.40467,8700,0,,,,,,
714,62366.1493,66121.77211,69460.70975,72014.20093,8700,0,,,,,,
715,63955.22406,67806.53925,71230.55224,73849.10577,8700,0,,,,,,
716,63646.42377,67479.14334,70886.62388,73492.53404,8700,0,,,,,,
717,62548.36065,66314.95603,69663.64885,72224.6004,8700,0,,,,,,
718,61144.37427,64826.42309,68099.94976,70603.41714,8700,0,,,,,,
719,61191.36561,64876.2442,68152.28668,70657.67805,8700,0,,,,,,
720,63114.17484,66914.84295,70293.82813,72877.94613,8700,0,,,,,,
721,60477.86434,64119.77665,67357.61994,69833.79804,8700,0,,,,,,
722,58198.30448,61702.94413,64818.74512,67201.58996,8700,0,,,,,,
723,56879.66972,60304.9026,63350.10697,65678.96223,8700,0,,,,,,
724,56253.43809,59640.95997,62652.63736,64955.85248,8700,0,,,,,,
725,56344.54376,59737.55192,62754.1069,65061.05221,8700,0,,,,,,
726,56884.46476,60309.98639,63355.44748,65684.49906,8700,0,,,,,,
727,57590.29398,61058.31989,64141.56942,66499.52016,8700,0,,,,,,
728,57757.16121,61235.23569,64327.4189,66692.20177,8700,0,,,,,,
729,57032.15185,60466.56704,63519.93495,65855.03337,8700,0,,,,,,
730,54195.40887,57458.99843,60360.49376,62579.44587,8700,0,,,,,,
731,53857.83837,57101.0998,59984.52239,62189.65317,8700,0,,,,,,
732,52552.62972,55717.29288,58530.83765,60682.52856,8700,0,,,,,,
733,51251.25709,54337.55298,57081.42531,59179.83341,8700,0,,,,,,
734,51454.56659,54553.10556,57307.86261,59414.59492,8700,0,,,,,,
735,52433.71284,55591.21495,58398.3932,60545.21523,8700,0,,,,,,
736,53957.57511,57206.84258,60095.60484,62304.81919,8700,0,,,,,,
737,56258.23312,59646.04375,62657.97786,64961.3893,8700,0,,,,,,
738,58797.68391,62338.41755,65486.30791,67893.69347,8700,0,,,,,,
739,60967.91696,64639.33971,67903.41927,70399.66186,8700,0,,,,,,
740,60653.36263,64305.84326,67553.08231,70036.44594,8700,0,,,,,,
741,59913.96817,63521.92326,66729.57686,69182.66706,8700,0,,,,,,
742,58632.73469,62163.53527,65302.59463,67703.22658,8700,0,,,,,,
743,58632.73469,62163.53527,65302.59463,67703.22658,8700,0,,,,,,
744,58894.54362,62441.11005,65594.18605,68005.53739,8700,0,,,,,,
745,56124.93114,59504.71447,62509.5119,64807.46549,8700,0,,,,,,
746,53942.23099,57190.57445,60078.51523,62287.10134,8700,0,,,,,,
747,52988.01894,56178.90077,59015.75527,61185.27255,8700,0,,,,,,
748,52800.05355,55979.61631,58806.40758,60968.22889,8700,0,,,,,,
749,53422.44915,56639.4919,59499.60478,61686.90918,8700,0,,,,,,
750,55025.90901,58339.5104,61285.46876,63538.42449,8700,0,,,,,,
751,58676.84901,62210.3061,65351.72725,67754.1654,8700,0,,,,,,
752,64051.12477,67908.215,71337.36229,73959.84233,8700,0,,,,,,
753,72294.74974,76648.26225,80518.75392,83478.75719,8700,0,,,,,,
754,74685.55443,79183.03864,83181.5284,86239.41968,8700,0,,,,,,
755,74538.82634,79027.47474,83018.10902,86069.99274,8700,0,,,,,,
756,73622.97457,78056.47136,81998.07308,85012.45858,8700,0,,,,,,
757,70431.39896,74672.70248,78443.43471,81327.14579,8700,0,,,,,,
758,72229.53726,76579.12274,80446.12309,83403.45633,8700,0,,,,,,
759,72798.22847,77182.05993,81079.50667,84060.12415,8700,0,,,,,,
760,73088.80762,77490.13745,81403.14112,84395.65593,8700,0,,,,,,
761,73780.25173,78223.21958,82173.24155,85194.06654,8700,0,,,,,,
762,72256.38946,76607.59196,80476.02991,83434.46257,8700,0,,,,,,
763,71448.90549,75751.48216,79576.68931,82502.06072,8700,0,,,,,,
764,69422.5235,73603.07362,77319.79302,80162.19717,8700,0,,,,,,
765,67304.07683,71357.05636,74960.35908,77716.02651,8700,0,,,,,,
766,64776.13413,68676.88365,72144.84624,74797.01074,8700,0,,,,,,
767,63871.79044,67718.08135,71137.6275,73752.76496,8700,0,,,,,,
768,65538.54477,69485.20584,72993.98611,75677.36641,8700,0,,,,,,
769,62717.1459,66493.90535,69851.63453,72419.49676,8700,0,,,,,,
770,60587.19114,64235.68699,67479.38338,69960.03771,8700,0,,,,,,
771,59829.57554,63432.44859,66635.58401,69085.21887,8700,0,,,,,,
772,59638.73313,63230.11386,66423.03202,68864.85312,8700,0,,,,,,
773,60427.99597,64066.90526,67302.07871,69776.21502,8700,0,,,,,,
774,62260.65852,66009.92879,69343.2187,71892.39072,8700,0,,,,,,
775,65724.59214,69682.45679,73201.1976,75892.19533,8700,0,,,,,,
776,71049.95853,75328.51104,79132.35951,82041.39661,8700,0,,,,,,
777,77155.9567,81802.20589,85932.95521,89091.99352,8700,0,,,,,,
778,76142.2862,80727.49324,84803.97301,87921.50805,8700,0,,,,,,
779,74575.26861,79066.11153,83058.69684,86112.07263,8700,0,,,,,,
780,72249.67641,76600.47465,80468.5532,83426.71101,8700,0,,,,,,
781,68130.74094,72233.50129,75881.06168,78670.57567,8700,0,,,,,,
782,70599.2252,74850.63504,78630.35229,81520.93478,8700,0,,,,,,
783,72018.5557,76355.4361,80211.14099,83159.83589,8700,0,,,,,,
784,73607.63045,78040.20323,81980.98346,84994.74072,8700,0,,,,,,
785,76793.45202,81417.87157,85529.21323,88673.40931,8700,0,,,,,,
786,77158.83372,81805.25617,85936.15951,89095.31561,8700,0,,,,,,
787,76976.62237,81612.07224,85733.22041,88884.91614,8700,0,,,,,,
788,74774.74209,79277.59709,83280.86174,86342.40469,8700,0,,,,,,
789,72193.09499,76540.48596,80405.53527,83361.37644,8700,0,,,,,,
790,69135.78038,73299.06313,77000.43098,79831.09485,8700,0,,,,,,
791,67641.64732,71714.95498,75336.33044,78105.8192,8700,0,,,,,,
792,69214.41896,73382.43724,77088.01522,79921.89883,8700,0,,,,,,
793,66140.80122,70123.72953,73664.7532,76372.79201,8700,0,,,,,,
794,64180.59072,68045.47725,71481.55584,74109.33668,8700,0,,,,,,
795,63020.19214,66815.20071,70189.15428,72769.42429,8700,0,,,,,,
796,62628.91725,66400.36367,69753.36929,72317.61912,8700,0,,,,,,
797,63045.12633,66841.63641,70216.9249,72798.2158,8700,0,,,,,,
798,64496.10406,68379.99047,71832.9609,74473.65998,8700,0,,,,,,
799,67702.06477,71779.0107,75403.62077,78175.58324,8700,0,,,,,,
800,72825.08066,77210.52913,81109.41348,84091.13037,8700,0,,,,,,
801,79208.23188,83978.06689,88218.69021,91461.75594,8700,0,,,,,,
802,78421.84606,83144.32576,87342.84782,90553.71613,8700,0,,,,,,
803,75942.81273,80516.00769,84581.80812,87691.17601,8700,0,,,,,,
804,72839.46577,77225.7805,81125.43499,84107.74086,8700,0,,,,,,
805,68423.23811,72543.61233,76206.83233,79008.32219,8700,0,,,,,,
806,70243.43357,74473.41801,78234.08702,81110.10213,8700,0,,,,,,
807,71487.26577,75792.15246,79619.41333,82546.35534,8700,0,,,,,,
808,73086.8896,77488.10393,81401.00491,84393.44119,8700,0,,,,,,
809,76078.03273,80659.3705,84732.41028,87847.31456,8700,0,,,,,,
810,75306.99102,79841.89748,83873.6575,86956.9926,8700,0,,,,,,
811,74488.95797,78974.60335,82962.5678,86012.40973,8700,0,,,,,,
812,72625.60719,76999.04358,80887.24859,83860.79833,8700,0,,,,,,
813,70643.33953,74897.40588,78679.48492,81571.8736,8700,0,,,,,,
814,67714.53186,71792.22855,75417.50607,78189.97899,8700,0,,,,,,
815,66347.94676,70343.34915,73895.46291,76611.98299,8700,0,,,,,,
816,67872.76803,71959.99353,75593.74265,78372.69432,8700,0,,,,,,
817,64685.98746,68581.30844,72044.44479,74692.91837,8700,0,,,,,,
818,62623.1632,66394.26311,69746.96068,72310.97492,8700,0,,,,,,
819,61386.04405,65082.64597,68369.11107,70882.47327,8700,0,,,,,,
820,61100.25994,64779.65225,68050.81714,70552.47832,8700,0,,,,,,
821,61758.13881,65477.14788,68783.53406,71312.13114,8700,0,,,,,,
822,63345.29555,67159.8815,70551.24034,73144.82124,8700,0,,,,,,
823,66344.11073,70339.28212,73891.19051,76607.55353,8700,0,,,,,,
824,71224.49783,75513.56091,79326.7538,82242.93717,8700,0,,,,,,
825,77245.14436,81896.76434,86032.28855,89194.97852,8700,0,,,,,,
826,77491.60918,82158.07101,86306.79037,89479.57148,8700,0,,,,,,
827,76232.43287,80823.06845,84904.37445,88025.60043,8700,0,,,,,,
828,73471.45145,77895.82368,81829.3132,84837.49481,8700,0,,,,,,
829,68765.60364,72906.59475,76588.1442,79403.65172,8700,0,,,,,,
830,70257.81868,74488.66938,78250.10853,81126.71262,8700,0,,,,,,
831,71029.81939,75307.15915,79109.92941,82018.14195,8700,0,,,,,,
832,71974.44137,76308.66525,80162.00836,83108.89707,8700,0,,,,,,
833,74510.05613,78996.97202,82986.06601,86036.77177,8700,0,,,,,,
834,74951.19939,79464.68046,83477.39222,86546.15996,8700,0,,,,,,
835,75190.95116,79718.86982,83744.41734,86823.00136,8700,0,,,,,,
836,73293.07613,77706.70679,81630.64652,84631.52481,8700,0,,,,,,
837,71075.85173,75355.96351,79161.19823,82071.29549,8700,0,,,,,,
838,68003.193,72098.27255,75739.00432,78523.29605,8700,0,,,,,,
839,66754.56576,70774.45432,74348.3375,77081.50601,8700,0,,,,,,
840,68330.21442,72444.98685,76103.22658,78900.90773,8700,0,,,,,,
841,65419.62789,69359.12792,72861.54166,75540.05307,8700,0,,,,,,
842,63060.47044,66857.90453,70234.0145,72815.93365,8700,0,,,,,,
843,61768.68788,65488.3322,68795.28316,71324.31215,8700,0,,,,,,
844,61348.64278,65042.99244,68327.45516,70839.28602,8700,0,,,,,,
845,61774.44193,65494.43276,68801.69177,71330.95635,8700,0,,,,,,
846,63329.95143,67143.61337,70534.15073,73127.10338,8700,0,,,,,,
847,66436.17541,70436.89084,73993.72815,76713.86063,8700,0,,,,,,
848,71138.18719,75422.05274,79230.62476,82143.27426,8700,0,,,,,,
849,77312.27486,81967.93737,86107.05559,89272.49412,8700,0,,,,,,
850,77389.95443,82050.29472,86193.57172,89362.19073,8700,0,,,,,,
851,76135.57315,80720.37594,84796.4963,87913.75649,8700,0,,,,,,
852,73924.10279,78375.7332,82333.45662,85360.17137,8700,0,,,,,,
853,69764.88903,73966.05603,77701.10488,80557.52669,8700,0,,,,,,
854,72008.00662,76344.25177,80199.39188,83147.65487,8700,0,,,,,,
855,72616.97613,76989.89277,80877.63569,83850.83205,8700,0,,,,,,
856,72736.85201,77116.98745,81011.14824,83989.25274,8700,0,,,,,,
857,73990.27428,78445.88946,82407.15555,85436.5796,8700,0,,,,,,
858,72544.09159,76912.6192,80796.46005,83766.67226,8700,0,,,,,,
859,71874.70464,76202.92248,80050.92592,82993.73106,8700,0,,,,,,
860,70066.01726,74285.31788,78036.48843,80905.2395,8700,0,,,,,,
861,68152.79811,72256.88672,75905.628,78696.04509,8700,0,,,,,,
862,65450.31612,69391.66416,72895.72087,75575.48877,8700,0,,,,,,
863,64328.27782,68202.05791,71646.04332,74279.871,8700,0,,,,,,
864,66025.72037,70001.71864,73536.58115,76239.90814,8700,0,,,,,,
865,63032.65923,66828.41856,70203.03958,72783.82004,8700,0,,,,,,
866,60806.80377,64468.52446,67723.97839,70213.62444,8700,0,,,,,,
867,59375.96519,62951.52231,66130.3725,68561.43494,8700,0,,,,,,
868,58832.20816,62375.02081,65524.75952,67933.55863,8700,0,,,,,,
869,58865.77341,62410.60733,65562.14304,67972.31643,8700,0,,,,,,
870,59509.26717,63092.85159,66278.83846,68715.35876,8700,0,,,,,,
871,60544.03583,64189.93292,67431.31887,69910.20627,8700,0,,,,,,
872,61795.54008,65516.80141,68825.18998,71355.31839,8700,0,,,,,,
873,63620.53058,67451.69089,70857.78517,73462.63517,8700,0,,,,,,
874,62899.35725,66687.08927,70054.57362,72629.89623,8700,0,,,,,,
875,62882.09512,66668.78764,70035.34781,72609.96364,8700,0,,,,,,
876,61565.37838,65272.77962,68568.84587,71089.55065,8700,0,,,,,,
877,58501.35072,62024.23949,65156.26487,67551.5175,8700,0,,,,,,
878,58564.64518,62091.34548,65226.75949,67624.60362,8700,0,,,,,,
879,58244.33682,61751.74849,64870.01394,67254.74351,8700,0,,,,,,
880,58576.15327,62103.54657,65239.5767,67637.89201,8700,0,,,,,,
881,59903.41909,63510.73892,66717.82775,69170.48603,8700,0,,,,,,
882,60646.64958,64298.72596,67545.60561,70028.69438,8700,0,,,,,,
883,62122.5615,65863.51571,69189.41224,71732.93007,8700,0,,,,,,
884,61718.81952,65435.46082,68739.74195,71266.72915,8700,0,,,,,,
885,60938.18774,64607.82023,67870.30816,70365.33353,8700,0,,,,,,
886,59457.48079,63037.94669,66221.16103,68655.56102,8700,0,,,,,,
887,59314.58873,62886.44983,66062.01406,68490.56354,8700,0,,,,,,
888,60721.45214,64378.03305,67628.91745,70115.0689,8700,0,,,,,,
889,57773.46433,61252.52056,64345.5766,66711.02699,8700,0,,,,,,
890,55371.15156,58705.54309,61669.98493,63937.07611,8700,0,,,,,,
891,53952.78007,57201.75878,60090.26433,62299.28236,8700,0,,,,,,
892,53568.21823,56794.03904,59661.95605,61855.22875,8700,0,,,,,,
893,53895.23965,57140.75334,60026.17831,62232.84043,8700,0,,,,,,
894,54605.8639,57894.17062,60817.64075,63053.39835,8700,0,,,,,,
895,55489.10944,58830.60426,61801.36129,64073.28209,8700,0,,,,,,
896,55790.23766,59149.8661,62136.74483,64420.99488,8700,0,,,,,,
897,55846.81908,59209.8548,62199.76276,64486.32946,8700,0,,,,,,
898,54502.29114,57784.36082,60702.28591,62933.80287,8700,0,,,,,,
899,54204.03993,57468.14924,60370.10666,62589.41215,8700,0,,,,,,
900,52420.28674,55576.98034,58383.43979,60529.71211,8700,0,,,,,,
901,50486.92844,53527.19727,56230.14924,58297.26302,8700,0,,,,,,
902,50384.31468,53418.40422,56115.86249,58178.7749,8700,0,,,,,,
903,50812.03184,53871.87805,56592.2353,58672.65996,8700,0,,,,,,
904,52465.36007,55624.76794,58433.64051,60581.75829,8700,0,,,,,,
905,55407.59383,58744.17987,61710.57275,63979.156,8700,0,,,,,,
906,58352.70462,61866.64208,64990.70929,67379.87583,8700,0,,,,,,
907,61079.16178,64757.28358,68027.31892,70528.11627,8700,0,,,,,,
908,61086.83384,64765.41764,68035.86373,70536.9752,8700,0,,,,,,
909,60600.61724,64249.9216,67494.33679,69975.54083,8700,0,,,,,,
910,59631.06107,63221.97979,66414.48721,68855.99419,8700,0,,,,,,
911,59813.27242,63415.16371,66617.42631,69066.39366,8700,0,,,,,,
912,59898.62405,63505.65513,66712.48725,69164.9492,8700,0,,,,,,
913,57287.24774,60737.02453,63804.04967,66149.59262,8700,0,,,,,,
914,55312.65213,58643.52088,61604.8308,63869.52681,8700,0,,,,,,
915,54312.40773,57583.04284,60490.80201,62714.54447,8700,0,,,,,,
916,54282.67851,57551.52335,60457.69089,62680.21613,8700,0,,,,,,
917,55164.96504,58486.94024,61440.34333,63698.99251,8700,0,,,,,,
918,57433.97582,60892.58842,63967.46904,66319.01956,8700,0,,,,,,
919,61310.28249,65002.32213,68284.73114,70794.99139,8700,0,,,,,,
920,67396.14151,71454.66507,75062.89672,77822.33361,8700,0,,,,,,
921,74059.32279,78519.096,82484.05878,85516.30993,8700,0,,,,,,
922,73561.59811,77991.39887,81929.71464,84941.58717,8700,0,,,,,,
923,72359.96222,76717.40176,80591.38475,83554.05805,8700,0,,,,,,
924,69881.8879,74090.10045,77831.41315,80692.6253,8700,0,,,,,,
925,65993.11413,69967.14888,73500.26573,76202.25771,8700,0,,,,,,
926,68038.67626,72135.89258,75778.52404,78564.26857,8700,0,,,,,,
927,69218.25499,73386.50428,77092.28762,79926.32829,8700,0,,,,,,
928,70778.55953,75040.76869,78830.08708,81728.01215,8700,0,,,,,,
929,73817.65301,78262.87313,82214.89747,85237.2538,8700,0,,,,,,
930,74658.70223,79154.56943,83151.62158,86208.41345,8700,0,,,,,,
931,74754.60294,79256.24518,83258.43163,86319.15001,8700,0,,,,,,
932,72758.90918,77140.37288,81035.71456,84014.72216,8700,0,,,,,,
933,70481.26733,74725.57387,78498.97594,81384.72881,8700,0,,,,,,
934,67584.1069,71653.94954,75272.24442,78039.37727,8700,0,,,,,,
935,65975.852,69948.84725,73481.03992,76182.32512,8700,0,,,,,,
936,67330.92903,71385.52557,74990.26589,77747.03275,8700,0,,,,,,
937,64334.99087,68209.17521,71653.52003,74287.62256,8700,0,,,,,,
938,62126.39753,65867.58275,69193.68464,71737.35953,8700,0,,,,,,
939,60848.04107,64512.24503,67769.90671,70261.24116,8700,0,,,,,,
940,60564.17497,64211.28481,67453.74897,69933.46093,8700,0,,,,,,
941,61202.8737,64888.4453,68165.10389,70670.96644,8700,0,,,,,,
942,62643.30235,66415.61502,69769.39079,72334.2296,8700,0,,,,,,
943,65853.0991,69818.7023,73344.32307,76040.58233,8700,0,,,,,,
944,70679.7818,74936.04267,78720.07274,81613.95349,8700,0,,,,,,
945,75870.88719,80439.75087,84501.70057,87608.12358,8700,0,,,,,,
946,74414.15542,78895.29627,82879.25596,85926.03521,8700,0,,,,,,
947,72643.82832,77018.36197,80907.54249,83881.83827,8700,0,,,,,,
948,69645.97215,73839.97811,77568.66043,80420.21335,8700,0,,,,,,
949,65504.02051,69448.60257,72955.53449,75637.50124,8700,0,,,,,,
950,66811.14718,70834.44301,74411.35543,77146.84058,8700,0,,,,,,
951,67488.20619,71552.27379,75165.43437,77928.64071,8700,0,,,,,,
952,68509.54874,72635.12049,76302.96136,79107.98509,8700,0,,,,,,
953,71341.49669,75637.60532,79457.06205,82378.03577,8700,0,,,,,,
954,71982.11343,76316.79932,80170.55317,83117.756,8700,0,,,,,,
955,72213.23414,76561.83787,80427.96538,83384.63112,8700,0,,,,,,
956,70627.03641,74880.12101,78661.32721,81553.04838,8700,0,,,,,,
957,68953.56903,73105.87921,76797.49189,79620.69538,8700,0,,,,,,
958,66498.51087,70502.98007,74063.15468,76785.83939,8700,0,,,,,,
959,65086.85243,69006.31307,72490.91079,75155.7972,8700,0,,,,,,
960,66542.6252,70549.75092,74112.28731,76836.77821,8700,0,,,,,,
961,63243.64079,67052.1052,70438.02168,73027.44047,8700,0,,,,,,
962,61073.40774,64751.18304,68020.91032,70521.47208,8700,0,,,,,,
963,59926.43526,63535.1411,66743.46217,69197.06281,8700,0,,,,,,
964,59515.98022,63099.9689,66286.31516,68723.11032,8700,0,,,,,,
965,59954.24646,63564.62706,66774.43707,69229.1764,8700,0,,,,,,
966,61288.22533,64978.93671,68260.16483,70769.52198,8700,0,,,,,,
967,64069.3459,67927.53339,71357.65619,73980.88228,8700,0,,,,,,
968,68335.96846,72451.0874,76109.63518,78907.55192,8700,0,,,,,,
969,73142.51201,77547.07586,81462.95474,84457.6684,8700,0,,,,,,
970,72249.67641,76600.47465,80468.5532,83426.71101,8700,0,,,,,,
971,70461.12818,74704.22196,78476.54583,81361.47413,8700,0,,,,,,
972,67418.19867,71478.05049,75087.46303,77847.80302,8700,0,,,,,,
973,63680.94803,67515.74661,70925.0755,73532.3992,8700,0,,,,,,
974,64633.24207,68525.38678,71985.69927,74632.01326,8700,0,,,,,,
975,64331.15484,68205.10818,71649.24762,74283.19309,8700,0,,,,,,
976,63794.11087,67635.724,71051.11136,73663.06835,8700,0,,,,,,
977,64236.21314,68104.44919,71543.50568,74173.5639,8700,0,,,,,,
978,63431.60618,67251.38966,70647.36938,73244.48414,8700,0,,,,,,
979,64269.77838,68140.0357,71580.88919,74212.32169,8700,0,,,,,,
980,63598.47342,67428.30547,70833.21886,73437.16576,8700,0,,,,,,
981,62825.5137,66608.79894,69972.32988,72544.62907,8700,0,,,,,,
982,61221.09483,64907.76368,68185.39779,70692.00638,8700,0,,,,,,
983,60381.00462,64017.08414,67249.74179,69721.95411,8700,0,,,,,,
984,61588.39455,65297.1818,68594.48028,71116.12742,8700,0,,,,,,
985,58508.06377,62031.3568,65163.74157,67559.26906,8700,0,,,,,,
986,55964.77695,59334.91596,62331.13912,64622.53543,8700,0,,,,,,
987,54132.1144,57391.89243,60289.99913,62506.35973,8700,0,,,,,,
988,53266.13099,56473.76043,59325.5044,61506.40857,8700,0,,,,,,
989,53106.93582,56304.9787,59148.19973,61322.58589,8700,0,,,,,,
990,53464.64546,56684.22923,59546.60119,61735.63326,8700,0,,,,,,
991,53771.52773,57009.59162,59888.39335,62089.99026,8700,0,,,,,,
992,53353.40064,56566.28537,59422.70154,61607.17885,8700,0,,,,,,
993,52005.99567,55137.74111,57922.02038,60051.33015,8700,0,,,,,,
994,49937.41737,52944.59524,55618.12767,57662.74251,8700,0,,,,,,
995,49145.27751,52104.75356,54735.87668,56748.05851,8700,0,,,,,,
996,47903.36333,50788.05264,53352.68658,55314.02004,8700,0,,,,,,
997,47169.7229,50010.23317,52535.58971,54466.88534,8700,0,,,,,,
998,46993.26559,49823.14978,52339.05922,54263.13006,8700,0,,,,,,
999,47884.18318,50767.71748,53331.32456,55291.87272,8700,0,,,,,,
1000,49167.33468,52128.13899,54760.443,56773.52793,8700,0,,,,,,
1001,50880.12134,53944.06783,56668.07042,58751.28291,8700,0,,,,,,
1002,52588.11298,55754.9129,58570.35737,60723.50109,8700,0,,,,,,
1003,54470.6439,57750.80782,60667.03859,62897.25979,8700,0,,,,,,
1004,54602.02787,57890.10359,60813.36835,63048.96888,8700,0,,,,,,
1005,54224.17908,57489.50115,60392.53677,62612.66683,8700,0,,,,,,
1006,53448.34234,56666.94435,59528.44349,61716.80805,8700,0,,,,,,
1007,53921.13284,57168.20579,60055.01702,62262.7393,8700,0,,,,,,
1008,54448.58674,57727.4224,60642.47228,62871.79039,8700,0,,,,,,
1009,52007.91369,55139.77463,57924.15659,60053.54489,8700,0,,,,,,
1010,49612.31397,52599.91446,55256.04161,57287.34557,8700,0,,,,,,
1011,48255.31893,51161.20263,53744.67944,55720.42322,8700,0,,,,,,
1012,47743.20914,50618.25413,53174.31379,55129.08998,8700,0,,,,,,
1013,47879.38815,50762.6337,53325.98406,55286.3359,8700,0,,,,,,
1014,48707.01127,51640.0954,54247.75476,56241.99242,8700,0,,,,,,
1015,49502.98716,52484.0041,55134.27816,57161.10589,8700,0,,,,,,
1016,49829.04957,52829.70164,55497.43231,57537.6102,8700,0,,,,,,
1017,48132.56602,51031.05767,53607.96258,55578.68042,8700,0,,,,,,
1018,43911.9758,46556.30802,48907.25241,50705.16433,8700,0,,,,,,
1019,41490.48289,43988.9954,46210.29873,47909.06614,8700,0,,,,,,
1020,39546.57551,41928.02799,44045.25907,45664.43603,8700,0,,,,,,
1021,38488.79069,40806.5445,42867.14426,44443.01176,8700,0,,,,,,
1022,38091.76175,40385.6069,42424.95066,43984.56238,8700,0,,,,,,
1023,38603.87154,40928.5554,42995.31631,44575.89563,8700,0,,,,,,
1024,40585.1802,43029.17635,45202.01189,46863.713,8700,0,,,,,,
1025,43998.28644,46647.81619,49003.38146,50804.82723,8700,0,,,,,,
1026,47370.15538,50222.73547,52758.82271,54698.32475,8700,0,,,,,,
1027,50325.81524,53356.38201,56050.70835,58111.22559,8700,0,,,,,,
1028,50899.30149,53964.40299,56689.43244,58773.43023,8700,0,,,,,,
1029,51077.67681,54153.51988,56888.09913,58979.40024,8700,0,,,,,,
1030,51253.1751,54339.58649,57083.56151,59182.04814,8700,0,,,,,,
1031,51970.51241,55100.12108,57882.50066,60010.35763,8700,0,,,,,,
1032,52588.11298,55754.9129,58570.35737,60723.50109,8700,0,,,,,,
1033,50044.82617,53058.47208,55737.75493,57786.76747,8700,0,,,,,,
1034,47982.00191,50871.42675,53440.27081,55404.82402,8700,0,,,,,,
1035,46828.31637,49648.2675,52155.34594,54072.66317,8700,0,,,,,,
1036,46425.5334,49221.22937,51706.74375,53607.56962,8700,0,,,,,,
1037,46752.55481,49567.94366,52070.966,53985.18129,8700,0,,,,,,
1038,47577.30091,50442.35509,52989.53241,54937.51572,8700,0,,,,,,
1039,48534.38999,51457.07905,54055.49668,56042.66661,8700,0,,,,,,
1040,48783.73184,51721.436,54333.2028,56330.58168,8700,0,,,,,,
1041,47492.90829,50352.88043,52895.53957,54840.06755,8700,0,,,,,,
1042,44770.28715,47466.30596,49863.20233,51696.25656,8700,0,,,,,,
1043,44040.48275,46692.55352,49050.37787,50853.55132,8700,0,,,,,,
1044,42435.10488,44990.50151,47262.37769,48999.82128,8700,0,,,,,,
1045,41307.31254,43794.79472,46006.29154,47697.55931,8700,0,,,,,,
1046,41065.64275,43538.57184,45737.13022,47418.50317,8700,0,,,,,,
1047,41548.02332,44050.00085,46274.38476,47975.50808,8700,0,,,,,,
1048,43563.85623,46187.22506,48519.53195,50303.19061,8700,0,,,,,,
1049,46751.59581,49566.92691,52069.89791,53984.07393,8700,0,,,,,,
1050,50115.79269,53133.71213,55816.79435,57868.71252,8700,0,,,,,,
1051,52922.80645,56109.76125,58943.12443,61109.97168,8700,0,,,,,,
1052,53403.26901,56619.15676,59478.24277,61664.76187,8700,0,,,,,,
1053,53172.1483,56374.1182,59220.83056,61397.88675,8700,0,,,,,,
1054,52757.85723,55934.87897,58759.41115,60919.5048,8700,0,,,,,,
1055,53112.68986,56311.07924,59154.60833,61329.23008,8700,0,,,,,,
1056,53243.11482,56449.35825,59299.86998,61479.8318,8700,0,,,,,,
1057,50333.4873,53364.51607,56059.25316,58120.08451,8700,0,,,,,,
1058,48030.91127,50923.28138,53494.74393,55461.29966,8700,0,,,,,,
1059,46847.49652,49668.60266,52176.70796,54094.81049,8700,0,,,,,,
1060,46427.45141,49223.26288,51708.87995,53609.78435,8700,0,,,,,,
1061,46686.38332,49497.78739,51997.26707,53908.77306,8700,0,,,,,,
1062,47547.57169,50410.83561,52956.42129,54903.18739,8700,0,,,,,,
1063,48445.20233,51362.5206,53956.16333,55939.68161,8700,0,,,,,,
1064,48795.23992,51733.63708,54346.02,56343.87006,8700,0,,,,,,
1065,49500.11014,52480.95383,55131.07386,57157.7838,8700,0,,,,,,
1066,49769.59113,52766.66268,55431.21009,57468.95353,8700,0,,,,,,
1067,49970.98262,52980.18175,55655.51118,57701.50031,8700,0,,,,,,
1068,48846.0673,51787.52523,54402.62933,56402.56044,8700,0,,,,,,
1069,48627.41368,51555.70452,54159.10242,56150.08108,8700,0,,,,,,
1070,49637.24815,52626.35015,55283.81222,57316.13707,8700,0,,,,,,
1071,50125.38276,53143.8797,55827.47536,57879.78617,8700,0,,,,,,
1072,50695.03298,53747.83365,56461.92704,58537.56136,8700,0,,,,,,
1073,51817.07128,54937.43989,57711.60459,59833.17913,8700,0,,,,,,
1074,53238.31979,56444.27447,59294.52949,61474.29498,8700,0,,,,,,
1075,55230.17752,58556.07974,61512.97416,63774.29337,8700,0,,,,,,
1076,55322.2422,58653.68846,61615.5118,63880.60046,8700,0,,,,,,
1077,54789.99326,58089.38806,61022.71604,63266.01254,8700,0,,,,,,
1078,53968.12419,57218.02691,60107.35395,62317.00022,8700,0,,,,,,
1079,54028.54163,57282.08262,60174.64427,62386.76424,8700,0,,,,,,
1080,54049.63979,57304.45129,60198.14248,62411.12629,8700,0,,,,,,
1081,51167.82347,54249.09508,56988.50057,59083.4926,8700,0,,,,,,
1082,49061.8439,52016.29567,54642.95194,56651.71771,8700,0,,,,,,
1083,48024.19822,50916.16407,53487.26723,55453.5481,8700,0,,,,,,
1084,47812.25765,50691.46067,53251.21702,55208.8203,8700,0,,,,,,
1085,48625.49567,51553.67101,54156.96623,56147.86635,8700,0,,,,,,
1086,50361.29851,53394.00204,56090.22808,58152.19812,8700,0,,,,,,
1087,53866.46943,57110.25061,59994.13529,62199.61945,8700,0,,,,,,
1088,58994.28036,62546.85283,65705.2685,68120.70342,8700,0,,,,,,
1089,67659.86846,71734.27338,75356.62435,78126.85916,8700,0,,,,,,
1090,71234.0879,75523.72849,79337.43481,82254.01082,8700,0,,,,,,
1091,71761.5418,76082.9451,79924.89006,82863.06191,8700,0,,,,,,
1092,70237.67953,74467.31747,78227.67842,81103.45794,8700,0,,,,,,
1093,65439.76704,69380.47982,72883.97177,75563.30775,8700,0,,,,,,
1094,66394.9381,70393.17026,73947.79983,76666.2439,8700,0,,,,,,
1095,66889.78576,70917.81712,74498.93967,77237.64456,8700,0,,,,,,
1096,67562.04974,71630.56412,75247.67811,78013.90787,8700,0,,,,,,
1097,69424.44151,73605.10713,77321.92922,80164.41189,8700,0,,,,,,
1098,70429.48095,74670.66897,78441.29851,81324.93107,8700,0,,,,,,
1099,71060.50761,75339.69538,79144.10862,82053.57764,8700,0,,,,,,
1100,69621.99697,73814.55917,77541.95791,80392.52921,8700,0,,,,,,
1101,67798.92449,71881.70321,75511.49892,78287.42717,8700,0,,,,,,
1102,65437.84902,69378.4463,72881.83556,75561.09301,8700,0,,,,,,
1103,63948.51101,67799.42195,71223.07554,73841.35421,8700,0,,,,,,
1104,65281.53087,69212.71484,72707.73519,75380.59242,8700,0,,,,,,
1105,62172.42987,65916.3871,69244.95346,71790.51308,8700,0,,,,,,
1106,59954.24646,63564.62706,66774.43707,69229.1764,8700,0,,,,,,
1107,58924.27284,62472.62953,65627.29717,68039.86573,8700,0,,,,,,
1108,58704.66022,62239.79207,65382.70216,67786.279,8700,0,,,,,,
1109,59398.02235,62974.90773,66154.9388,68586.90435,8700,0,,,,,,
1110,61145.33327,64827.43984,68101.01786,70604.5245,8700,0,,,,,,
1111,64429.93257,68309.8342,71759.26197,74397.25175,8700,0,,,,,,
1112,69210.58293,73378.37021,77083.74281,79917.46936,8700,0,,,,,,
1113,74458.26975,78942.06712,82928.38859,85976.97403,8700,0,,,,,,
1114,74084.25698,78545.5317,82511.8294,85545.10144,8700,0,,,,,,
1115,73412.95201,77833.80146,81764.15907,84769.9455,8700,0,,,,,,
1116,72185.42293,76532.3519,80396.99047,83352.51751,8700,0,,,,,,
1117,70273.16279,74504.9375,78267.19813,81144.43047,8700,0,,,,,,
1118,73768.74364,78211.01849,82160.42434,85180.77814,8700,0,,,,,,
1119,76029.12336,80607.51586,84677.93715,87790.83891,8700,0,,,,,,
1120,77105.12932,81748.31774,85876.34588,89033.30313,8700,0,,,,,,
1121,77402.42152,82063.51256,86207.45702,89376.58648,8700,0,,,,,,
1122,75259.99968,79792.07637,83821.32058,86902.73169,8700,0,,,,,,
1123,74868.72478,79377.23931,83385.53558,86450.92651,8700,0,,,,,,
1124,73245.12577,77655.86891,81577.24149,84576.15652,8700,0,,,,,,
1125,71130.51513,75413.91868,79222.07995,82134.41533,8700,0,,,,,,
1126,68812.59499,72956.41587,76640.48112,79457.91263,8700,0,,,,,,
1127,66914.71995,70944.25282,74526.71029,77266.43607,8700,0,,,,,,
1128,68184.44534,72290.43972,75940.87531,78732.58815,8700,0,,,,,,
1129,65058.08221,68975.81034,72458.86777,75122.57623,8700,0,,,,,,
1130,63084.44562,66883.32347,70260.71701,72843.61779,8700,0,,,,,,
1131,61986.38249,65719.13615,69037.74197,71575.68415,8700,0,,,,,,
1132,61597.02561,65306.33261,68604.09318,71126.09371,8700,0,,,,,,
1133,62070.77512,65808.61081,69131.73482,71673.13233,8700,0,,,,,,
1134,63574.49824,67402.88653,70806.51635,73409.48162,8700,0,,,,,,
1135,66674.00917,70689.04669,74258.61707,76988.4873,8700,0,,,,,,
1136,71719.34549,76038.20777,79877.89365,82814.33783,8700,0,,,,,,
1137,78930.11982,83683.20722,87908.94107,91140.61991,8700,0,,,,,,
1138,81274.89217,86169.17925,90520.44673,93848.12885,8700,0,,,,,,
1139,81208.72068,86099.02299,90446.74779,93771.72063,8700,0,,,,,,
1140,79783.63614,84588.12138,88859.5505,92126.17532,8700,0,,,,,,
1141,76114.475,80698.00728,84772.9981,87889.39446,8700,0,,,,,,
1142,77875.21202,82564.774,86734.03056,89922.51773,8700,0,,,,,,
1143,78488.01755,83214.48202,87416.54676,90630.12436,8700,0,,,,,,
1144,78606.93443,83340.55995,87548.99121,90767.43769,8700,0,,,,,,
1145,79902.55301,84714.1993,88991.99495,92263.48864,8700,0,,,,,,
1146,79050.95472,83811.31867,88043.52174,91280.14798,8700,0,,,,,,
1147,78361.42862,83080.27004,87275.5575,90483.9521,8700,0,,,,,,
1148,76628.5028,81242.98928,85345.49995,88482.94243,8700,0,,,,,,
1149,73903.00464,78353.36454,82309.95841,85335.80934,8700,0,,,,,,
1150,71048.99953,75327.49429,79131.29142,82040.28926,8700,0,,,,,,
1151,69183.73073,73349.901,77053.836,79886.46312,8700,0,,,,,,
1152,70392.07967,74631.01542,78399.64259,81281.74381,8700,0,,,,,,
1153,67414.36264,71473.98346,75083.19063,77843.37355,8700,0,,,,,,
1154,65313.1781,69246.26783,72742.9825,75417.13548,8700,0,,,,,,
1155,64122.09129,67983.45505,71416.40172,74041.78738,8700,0,,,,,,
1156,63510.24477,67334.76379,70734.95362,73335.28813,8700,0,,,,,,
1157,63803.70094,67645.89157,71061.79237,73674.142,8700,0,,,,,,
1158,65184.67115,69110.02233,72599.85704,75268.74849,8700,0,,,,,,
1159,68115.39683,72217.23318,75863.97208,78652.85783,8700,0,,,,,,
1160,73016.88208,77413.88063,81323.03357,84312.6035,8700,0,,,,,,
1161,79669.51429,84467.12723,88732.44654,91994.3988,8700,0,,,,,,
1162,80620.84933,85475.75065,89792.00221,93092.9055,8700,0,,,,,,
1163,79707.87457,84507.79753,88775.17055,92038.69342,8700,0,,,,,,
1164,77717.93486,82398.02578,86558.86208,89740.90977,8700,0,,,,,,
1165,73530.90989,77958.86264,81895.53543,84906.15148,8700,0,,,,,,
1166,75088.33741,79610.07678,83630.1306,86704.51325,8700,0,,,,,,
1167,75507.42351,80054.3998,84096.8905,87188.43202,8700,0,,,,,,
1168,75776.9045,80340.10865,84397.02673,87499.60176,8700,0,,,,,,
1169,77644.09131,82319.73545,86476.61834,89655.64262,8700,0,,,,,,
1170,77350.63514,82008.60766,86149.7796,89316.78874,8700,0,,,,,,
1171,77101.29329,81744.25071,85872.07347,89028.87367,8700,0,,,,,,
1172,75327.13017,79863.24939,83896.08761,86980.24728,8700,0,,,,,,
1173,72770.41726,77152.57396,81048.53176,84028.01054,8700,0,,,,,,
1174,70163.83598,74389.02714,78145.43468,81018.19079,8700,0,,,,,,
1175,68237.19073,72346.36138,75999.62084,78793.49326,8700,0,,,,,,
1176,69496.36704,73681.36394,77402.03675,80247.46431,8700,0,,,,,,
1177,66745.9347,70765.3035,74338.7246,77071.53972,8700,0,,,,,,
1178,64394.44931,68272.21418,71719.74226,74356.27923,8700,0,,,,,,
1179,62995.25796,66788.76502,70161.38367,72740.63279,8700,0,,,,,,
1180,62513.8364,66278.35277,69625.19724,72184.73525,8700,0,,,,,,
1181,62736.32604,66514.2405,69872.99654,72441.64407,8700,0,,,,,,
1182,63960.01909,67811.62303,71235.89274,73854.64259,8700,0,,,,,,
1183,66895.53981,70923.91767,74505.34828,77244.28876,8700,0,,,,,,
1184,71266.69414,75558.29824,79373.75022,82291.66125,8700,0,,,,,,
1185,76048.30351,80627.85101,84699.29917,87812.98623,8700,0,,,,,,
1186,75267.67173,79800.21042,83829.86538,86911.59061,8700,0,,,,,,
1187,73773.53868,78216.10228,82165.76485,85186.31498,8700,0,,,,,,
1188,70675.94577,74931.97564,78715.80033,81609.52403,8700,0,,,,,,
1189,66061.20363,70039.33866,73576.10086,76280.88066,8700,0,,,,,,
1190,67467.10803,71529.90512,75141.93615,77904.27866,8700,0,,,,,,
1191,67772.07229,71853.234,75481.59211,78256.42093,8700,0,,,,,,
1192,68416.52506,72536.49503,76199.35563,79000.57063,8700,0,,,,,,
1193,70521.54563,74768.27769,78543.83616,81431.23817,8700,0,,,,,,
1194,70409.3418,74649.31706,78418.8684,81301.67639,8700,0,,,,,,
1195,70580.04506,74830.29989,78608.99028,81498.78747,8700,0,,,,,,
1196,69134.82137,73298.04637,76999.36288,79829.98748,8700,0,,,,,,
1197,67682.88463,71758.67556,75382.25876,78153.43593,8700,0,,,,,,
1198,65812.8208,69775.99848,73299.46285,75994.07298,8700,0,,,,,,
1199,64291.83555,68163.42113,71605.4555,74237.7911,8700,0,,,,,,
1200,65261.39172,69191.36293,72685.30508,75357.33774,8700,0,,,,,,
1201,61954.73526,65685.58316,69002.49466,71539.14109,8700,0,,,,,,
1202,59155.39355,62717.66808,65884.70938,68306.74084,8700,0,,,,,,
1203,57622.90022,61092.88964,64177.88484,66537.17059,8700,0,,,,,,
1204,56851.85852,60275.41664,63319.13206,65646.84863,8700,0,,,,,,
1205,56906.52192,60333.37181,63380.01378,65709.96847,8700,0,,,,,,
1206,57456.03298,60915.97384,63992.03535,66344.48896,8700,0,,,,,,
1207,58609.71852,62139.13309,65276.96022,67676.64981,8700,0,,,,,,
1208,59670.38036,63263.66685,66458.27933,68901.39618,8700,0,,,,,,
1209,60307.16107,63938.79381,67167.49805,69636.68695,8700,0,,,,,,
1210,58567.52221,62094.39576,65229.9638,67627.92573,8700,0,,,,,,
1211,57381.23043,60836.66676,63908.72351,66258.11445,8700,0,,,,,,
1212,54883.97596,58189.03029,61127.38989,63374.53438,8700,0,,,,,,
1213,51918.72603,55045.21618,57824.82324,59950.55989,8700,0,,,,,,
1214,52087.51128,55224.1655,58012.80893,60145.45624,8700,0,,,,,,
1215,52349.32021,55501.74029,58304.40035,60447.76704,8700,0,,,,,,
1216,53315.04036,56525.61507,59379.97753,61562.88423,8700,0,,,,,,
1217,55588.84617,58936.34703,61912.44373,64188.4481,8700,0,,,,,,
1218,57184.63398,60628.23148,63689.76292,66031.1045,8700,0,,,,,,
1219,59626.26604,63216.89601,66409.14672,68850.45737,8700,0,,,,,,
1220,59792.17426,63392.79505,66593.92809,69042.03161,8700,0,,,,,,
1221,59284.85951,62854.93034,66028.90295,68456.2352,8700,0,,,,,,
1222,58781.38079,62321.13267,65468.1502,67874.86826,8700,0,,,,,,
1223,58648.0788,62179.80338,65319.68423,67720.94443,8700,0,,,,,,
1224,59782.58419,63382.62747,66583.24709,69030.95796,8700,0,,,,,,
1225,56790.48206,60210.34415,63250.77362,65575.97723,8700,0,,,,,,
1226,54235.68716,57501.70224,60405.35397,62625.95521,8700,0,,,,,,
1227,52825.94674,56007.06876,58835.24629,60998.12776,8700,0,,,,,,
1228,52229.44433,55374.64561,58170.8878,60309.34635,8700,0,,,,,,
1229,52528.65454,55691.87394,58504.13514,60654.84442,8700,0,,,,,,
1230,53360.11369,56573.40267,59430.17825,61614.93041,8700,0,,,,,,
1231,53993.05837,57244.4626,60135.12456,62345.79172,8700,0,,,,,,
1232,53911.54277,57158.03822,60044.33602,62251.66564,8700,0,,,,,,
1233,52282.18972,55430.56727,58229.63332,60370.25146,8700,0,,,,,,
1234,49665.05936,52655.83612,55314.78714,57348.25068,8700,0,,,,,,
1235,49085.81907,52041.7146,54669.65445,56679.40184,8700,0,,,,,,
1236,47368.23737,50220.70196,52756.68651,54696.11002,8700,0,,,,,,
1237,45986.30815,48755.55444,51217.55374,53100.39617,8700,0,,,,,,
1238,45728.33524,48482.04668,50930.23471,52802.51481,8700,0,,,,,,
1239,46113.85609,48890.78318,51359.61109,53247.67579,8700,0,,,,,,
1240,47804.5856,50683.32662,53242.67223,55199.96138,8700,0,,,,,,
1241,50826.41695,53887.12942,56608.25681,58689.27045,8700,0,,,,,,
1242,54135.95043,57395.95947,60294.27153,62510.7892,8700,0,,,,,,
1243,57273.82164,60722.78992,63789.09627,66134.0895,8700,0,,,,,,
1244,57674.6866,61147.79454,64235.56226,66596.96833,8700,0,,,,,,
1245,57252.72348,60700.42126,63765.59805,66109.72746,8700,0,,,,,,
1246,56916.11199,60343.53938,63390.69479,65721.04212,8700,0,,,,,,
1247,56639.91795,60050.71323,63083.08185,65402.12083,8700,0,,,,,,
1248,56252.47908,59639.94321,62651.56926,64954.74511,8700,0,,,,,,
1249,53216.26262,56420.88904,59269.96317,61448.82556,8700,0,,,,,,
1250,51182.20858,54264.34644,57004.52208,59100.10309,8700,0,,,,,,
1251,50104.28461,53121.51104,55803.97715,57855.42414,8700,0,,,,,,
1252,50083.18645,53099.14237,55780.47894,57831.06209,8700,0,,,,,,
1253,50973.14503,54042.69331,56771.67617,58858.69738,8700,0,,,,,,
1254,53062.82149,56258.20785,59099.0671,61271.64707,8700,0,,,,,,
1255,56747.32674,60164.59007,63202.7091,65526.14577,8700,0,,,,,,
1256,61705.39342,65421.22622,68724.78854,71251.22603,8700,0,,,,,,
1257,66814.98321,70838.51004,74415.62784,77151.27004,8700,0,,,,,,
1258,66976.0964,71009.32529,74595.06872,77337.30747,8700,0,,,,,,
1259,65791.72264,69753.62981,73275.96464,75969.71093,8700,0,,,,,,
1260,63066.22448,66864.00507,70240.4231,72822.57784,8700,0,,,,,,
1261,59508.30816,63091.83483,66277.77035,68714.25139,8700,0,,,,,,
1262,61776.35994,65496.46627,68803.82797,71333.17108,8700,0,,,,,,
1263,62562.74576,66330.2074,69679.67036,72241.21089,8700,0,,,,,,
1264,63638.75172,67471.00929,70878.07909,73483.67512,8700,0,,,,,,
1265,65768.70647,69729.22763,73250.33022,75943.13415,8700,0,,,,,,
1266,66091.89186,70071.8749,73610.28008,76316.31637,8700,0,,,,,,
1267,67535.19754,71602.09491,75217.77129,77982.90163,8700,0,,,,,,
1268,67046.10392,71083.54859,74673.04005,77418.14516,8700,0,,,,,,
1269,65806.10775,69768.88118,73291.98615,75986.32142,8700,0,,,,,,
1270,64184.42675,68049.54428,71485.82825,74113.76615,8700,0,,,,,,
1271,62654.81044,66427.81612,69782.208,72347.51799,8700,0,,,,,,
1272,63124.72391,66926.02727,70305.57723,72890.12714,8700,0,,,,,,
1273,59726.00278,63322.63879,66520.22917,68965.62339,8700,0,,,,,,
1274,57769.6283,61248.45353,64341.3042,66706.59752,8700,0,,,,,,
1275,56590.04958,59997.84184,63027.54063,65344.53782,8700,0,,,,,,
1276,56449.07554,59848.3785,62870.52986,65181.75507,8700,0,,,,,,
1277,57230.66632,60677.03584,63741.03174,66084.25805,8700,0,,,,,,
1278,59060.45185,62617.0091,65778.96744,68197.11165,8700,0,,,,,,
1279,62409.30462,66167.5262,69508.77428,72064.03239,8700,0,,,,,,
1280,66670.17314,70684.97966,74254.34467,76984.05784,8700,0,,,,,,
1281,70866.78818,75134.31037,78928.35232,81829.88979,8700,0,,,,,,
1282,70183.01612,74409.36229,78166.79669,81040.3381,8700,0,,,,,,
1283,69263.32832,73434.29187,77142.48834,79978.37447,8700,0,,,,,,
1284,66667.29612,70681.92939,74251.14037,76980.73574,8700,0,,,,,,
1285,62828.39072,66611.84921,69975.53418,72547.95116,8700,0,,,,,,
1286,64879.7069,68786.69346,72260.20109,74916.60623,8700,0,,,,,,
1287,66176.28449,70161.34957,73704.27293,76413.76455,8700,0,,,,,,
1288,67403.81357,71462.79913,75071.44153,77831.19254,8700,0,,,,,,
1289,69498.28506,73683.39746,77404.17296,80249.67905,8700,0,,,,,,
1290,69816.67541,74020.96093,77758.78231,80617.32443,8700,0,,,,,,
1291,70831.30492,75096.69035,78888.83261,81788.91726,8700,0,,,,,,
1292,69824.34747,74029.095,77767.32711,80626.18336,8700,0,,,,,,
1293,68204.58449,72311.79162,75963.30542,78755.84283,8700,0,,,,,,
1294,66330.68463,70325.04752,73876.2371,76592.05041,8700,0,,,,,,
1295,64646.66817,68539.62139,72000.65267,74647.51638,8700,0,,,,,,
1296,65039.86108,68956.49195,72438.57387,75101.53628,8700,0,,,,,,
1297,61476.19072,65178.22118,68469.51252,70986.56564,8700,0,,,,,,
1298,59225.40107,62791.89138,65962.68072,68387.57853,8700,0,,,,,,
1299,57895.25823,61381.64876,64481.22536,66851.66242,8700,0,,,,,,
1300,57600.84306,61069.50422,64153.31853,66511.70118,8700,0,,,,,,
1301,58161.86221,61664.30735,64778.1573,67159.51007,8700,0,,,,,,
1302,59724.08476,63320.60527,66518.09296,68963.40866,8700,0,,,,,,
1303,62736.32604,66514.2405,69872.99654,72441.64407,8700,0,,,,,,
1304,66923.35101,70953.40363,74536.32319,77276.40236,8700,0,,,,,,
1305,72538.33754,76906.51865,80790.05144,83760.02805,8700,0,,,,,,
1306,73154.0201,77559.27695,81475.77195,84470.95679,8700,0,,,,,,
1307,72112.53839,76455.07833,80315.81483,83268.35772,8700,0,,,,,,
1308,69275.79541,73447.50972,77156.37364,79992.77022,8700,0,,,,,,
1309,65119.45867,69040.88283,72527.22621,75193.44763,8700,0,,,,,,
1310,66657.70605,70671.76182,74240.45936,76969.66209,8700,0,,,,,,
1311,66918.55598,70948.31985,74530.98269,77270.86554,8700,0,,,,,,
1312,67449.84591,71511.60349,75122.71035,77884.34609,8700,0,,,,,,
1313,69234.55811,73403.78915,77110.44533,79945.15351,8700,0,,,,,,
1314,68497.08165,72621.90265,76289.07606,79093.58934,8700,0,,,,,,
1315,69227.84506,73396.67185,77102.96862,79937.40195,8700,0,,,,,,
1316,68384.87782,72502.94202,76164.1083,78964.02756,8700,0,,,,,,
1317,67079.66917,71119.13511,74710.42357,77456.90296,8700,0,,,,,,
1318,65301.67002,69234.06675,72730.1653,75403.8471,8700,0,,,,,,
1319,63708.75923,67545.23257,70956.05041,73564.5128,8700,0,,,,,,
1320,64281.28647,68152.23679,71593.7064,74225.61008,8700,0,,,,,,
1321,60717.61611,64373.96601,67624.64505,70110.63944,8700,0,,,,,,
1322,58507.10476,62030.34004,65162.67347,67558.16169,8700,0,,,,,,
1323,57347.66518,60801.08024,63871.34,66219.35665,8700,0,,,,,,
1324,56960.22632,60390.31023,63439.82741,65771.98095,8700,0,,,,,,
1325,57720.71894,61196.5989,64286.83108,66650.12188,8700,0,,,,,,
1326,59241.70419,62809.17626,65980.83842,68406.40375,8700,0,,,,,,
1327,62161.88079,65905.20277,69233.20436,71778.33206,8700,0,,,,,,
1328,66404.52817,70403.33784,73958.48083,76677.31756,8700,0,,,,,,
1329,72513.40336,76880.08296,80762.28083,83731.23655,8700,0,,,,,,
1330,74416.07343,78897.32978,82881.39216,85928.24994,8700,0,,,,,,
1331,74515.81017,79003.07256,82992.47461,86043.41596,8700,0,,,,,,
1332,73663.25286,78099.17516,82042.93329,85058.96793,8700,0,,,,,,
1333,71023.10634,75300.04184,79102.4527,82010.39039,8700,0,,,,,,
1334,73455.14833,77878.5388,81811.1555,84818.6696,8700,0,,,,,,
1335,73697.77712,78135.77844,82081.38491,85098.83309,8700,0,,,,,,
1336,73355.41159,77772.79602,81700.07305,84703.50357,8700,0,,,,,,
1337,73576.94223,78007.667,81946.80426,84959.30503,8700,0,,,,,,
1338,71537.13414,75845.02385,79674.95455,82603.93835,8700,0,,,,,,
1339,70492.77541,74737.77495,78511.79314,81398.01719,8700,0,,,,,,
1340,68961.24109,73114.01327,76806.03669,79629.55431,8700,0,,,,,,
1341,67248.45442,71298.08442,74898.40925,77651.79931,8700,0,,,,,,
1342,65181.79413,69106.97206,72596.65274,75265.4264,8700,0,,,,,,
1343,63602.30945,67432.3725,70837.49127,73441.59522,8700,0,,,,,,
1344,64811.61739,68714.50367,72184.36595,74837.98326,8700,0,,,,,,
1345,61535.64916,65241.26014,68535.73475,71055.22231,8700,0,,,,,,
1346,59049.90277,62605.82476,65767.21833,68184.93062,8700,0,,,,,,
1347,57655.50646,61127.4594,64214.20025,66574.82102,8700,0,,,,,,
1348,57104.07738,60542.82385,63600.04248,65938.08578,8700,0,,,,,,
1349,57473.29511,60934.27547,64011.26116,66364.42155,8700,0,,,,,,
1350,59163.06561,62725.80215,65893.25419,68315.59977,8700,0,,,,,,
1351,62069.81611,65807.59405,69130.66671,71672.02496,8700,0,,,,,,
1352,66044.90051,70022.05378,73557.94316,76262.05545,8700,0,,,,,,
1353,70250.14662,74480.53532,78241.56372,81117.85369,8700,0,,,,,,
1354,69193.3208,73360.06858,77064.517,79897.53678,8700,0,,,,,,
1355,67696.31073,71772.91016,75397.21217,78168.93905,8700,0,,,,,,
1356,64418.42448,68297.63311,71746.44476,74383.96336,8700,0,,,,,,
1357,60338.80831,63972.34681,67202.74537,69673.23002,8700,0,,,,,,
1358,61826.22831,65549.33766,68859.36919,71390.75409,8700,0,,,,,,
1359,62711.39186,66487.80481,69845.22593,72412.85256,8700,0,,,,,,
1360,63879.4625,67726.21541,71146.1723,73761.62389,8700,0,,,,,,
1361,66036.26945,70012.90297,73548.33026,76252.08916,8700,0,,,,,,
1362,65424.42292,69364.2117,72866.88215,75545.58989,8700,0,,,,,,
1363,65884.74633,69852.25529,73379.57038,76077.1254,8700,0,,,,,,
1364,65203.85129,69130.35748,72621.21905,75290.8958,8700,0,,,,,,
1365,64195.93484,68061.74538,71498.64546,74127.05454,8700,0,,,,,,
1366,62956.89767,66748.09472,70118.65964,72696.33816,8700,0,,,,,,
1367,61549.07526,65255.49475,68550.68816,71070.72543,8700,0,,,,,,
1368,62788.11242,66569.1454,69930.67396,72501.44181,8700,0,,,,,,
1369,59276.22845,62845.77953,66019.29005,68446.26892,8700,0,,,,,,
1370,56824.04731,60245.93067,63288.15714,65614.73503,8700,0,,,,,,
1371,55378.82362,58713.67715,61678.52973,63945.93504,8700,0,,,,,,
1372,54861.9188,58165.64488,61102.82358,63349.06497,8700,0,,,,,,
1373,55167.84206,58489.99051,61443.54763,63702.3146,8700,0,,,,,,
1374,56007.93227,59380.67005,62379.20364,64672.36688,8700,0,,,,,,
1375,57195.18306,60639.41581,63701.51203,66043.28553,8700,0,,,,,,
1376,57836.7588,61319.62656,64416.07124,66784.11312,8700,0,,,,,,
1377,58014.17511,61507.72669,64613.66982,66988.97576,8700,0,,,,,,
1378,56318.65057,59710.09947,62725.26819,65031.15334,8700,0,,,,,,
1379,55875.58929,59240.35752,62231.80577,64519.55042,8700,0,,,,,,
1380,53745.63454,56982.13917,59859.55463,62060.09139,8700,0,,,,,,
1381,50956.84191,54025.40843,56753.51847,58839.87217,8700,0,,,,,,
1382,50875.32631,53938.98405,56662.72993,58745.74609,8700,0,,,,,,
1383,51036.4395,54109.7993,56842.17081,58931.78351,8700,0,,,,,,
1384,52162.31383,55303.47258,58096.12076,60231.83075,8700,0,,,,,,
1385,54145.5405,57406.12704,60304.95253,62521.86285,8700,0,,,,,,
1386,55874.63029,59239.34077,62230.73768,64518.44307,8700,0,,,,,,
1387,58302.83625,61813.77069,64935.16807,67322.29281,8700,0,,,,,,
1388,58650.95582,62182.85365,65322.88853,67724.26653,8700,0,,,,,,
1389,58084.18263,61581.94999,64691.64116,67069.81345,8700,0,,,,,,
1390,57649.75242,61121.35885,64207.79165,66568.17683,8700,0,,,,,,
1391,57395.61554,60851.91812,63924.74503,66274.72494,8700,0,,,,,,
1392,58435.17923,61954.08323,65082.56594,67475.10927,8700,0,,,,,,
1393,55489.10944,58830.60426,61801.36129,64073.28209,8700,0,,,,,,
1394,53011.03511,56203.30295,59041.38968,61211.84933,8700,0,,,,,,
1395,51633.90092,54743.23921,57507.5974,59621.67229,8700,0,,,,,,
1396,51173.57752,54255.19563,56994.90918,59090.1368,8700,0,,,,,,
1397,51363.46092,54456.5136,57206.39307,59309.39519,8700,0,,,,,,
1398,52189.16603,55331.94179,58126.02757,60262.83699,8700,0,,,,,,
1399,52895.95426,56081.29205,58913.21762,61078.96546,8700,0,,,,,,
1400,52823.06972,56004.01848,58832.04199,60994.80567,8700,0,,,,,,
1401,51656.91709,54767.64139,57533.23181,59648.24907,8700,0,,,,,,
1402,50532.96078,53576.00163,56281.41806,58350.41657,8700,0,,,,,,
1403,50743.94234,53799.68828,56516.40017,58594.037,8700,0,,,,,,
1404,50303.75808,53332.99659,56026.14205,58085.75618,8700,0,,,,,,
1405,50028.52305,53041.1872,55719.59722,57767.94225,8700,0,,,,,,
1406,51046.98858,54120.98364,56853.91991,58943.96454,8700,0,,,,,,
1407,52348.3612,55500.72352,58303.33224,60446.65968,8700,0,,,,,,
1408,52356.03326,55508.85759,58311.87705,60455.5186,8700,0,,,,,,
1409,53094.46872,56291.76084,59134.31441,61308.19013,8700,0,,,,,,
1410,54775.60816,58074.1367,61006.69454,63249.40206,8700,0,,,,,,
1411,56873.91568,60298.80206,63343.69837,65672.31804,8700,0,,,,,,
1412,57071.47114,60508.25409,63563.72706,65900.43535,8700,0,,,,,,
1413,56320.56859,59712.133,62727.4044,65033.36808,8700,0,,,,,,
1414,55842.02405,59204.77102,62194.42227,64480.79264,8700,0,,,,,,
1415,55842.98305,59205.78777,62195.49036,64481.89999,8700,0,,,,,,
1416,55713.5171,59068.52551,62051.2968,64332.40564,8700,0,,,,,,
1417,52566.05582,55731.52748,58545.79106,60698.03168,8700,0,,,,,,
1418,50280.74191,53308.59441,56000.50764,58059.17941,8700,0,,,,,,
1419,49137.60546,52096.61951,54727.33188,56739.19959,8700,0,,,,,,
1420,48788.52687,51726.51978,54338.5433,56336.1185,8700,0,,,,,,
1421,49313.10375,52282.68612,54922.79426,56941.84749,8700,0,,,,,,
1422,50527.20673,53569.90108,56275.00945,58343.77237,8700,0,,,,,,
1423,52110.52745,55248.56768,58038.44334,60172.03301,8700,0,,,,,,
1424,53737.96248,56974.00511,59851.00983,62051.23246,8700,0,,,,,,
1425,56932.41511,60360.82426,63408.85249,65739.86734,8700,0,,,,,,
1426,58813.02802,62354.68567,65503.39751,67911.41132,8700,0,,,,,,
1427,60438.54505,64078.08959,67313.82782,69788.39605,8700,0,,,,,,
1428,60902.70448,64570.20021,67830.78844,70324.361,8700,0,,,,,,
1429,59732.71582,63329.75608,66527.70586,68973.37494,8700,0,,,,,,
1430,60909.41753,64577.31751,67838.26515,70332.11256,8700,0,,,,,,
1431,61221.09483,64907.76368,68185.39779,70692.00638,8700,0,,,,,,
1432,61163.55441,64846.75824,68121.31177,70625.56445,8700,0,,,,,,
1433,61531.81313,65237.19311,68531.46235,71050.79285,8700,0,,,,,,
1434,61543.32122,65249.3942,68544.27956,71064.08124,8700,0,,,,,,
1435,62243.3964,65991.62716,69323.9929,71872.45814,8700,0,,,,,,
1436,62165.71682,65909.2698,69237.47676,71782.76152,8700,0,,,,,,
1437,61212.46377,64898.61287,68175.78489,70682.0401,8700,0,,,,,,
1438,60290.85795,63921.50893,67149.34034,69617.86173,8700,0,,,,,,
1439,59990.68873,63603.26385,66815.02489,69271.2563,8700,0,,,,,,
1440,59792.17426,63392.79505,66593.92809,69042.03161,8700,0,,,,,,
1441,56776.09696,60195.0928,63234.75212,65559.36675,8700,0,,,,,,
1442,54564.6266,57850.45006,60771.71244,63005.78163,8700,0,,,,,,
1443,53648.77482,56879.44666,59751.67648,61948.24746,8700,0,,,,,,
1444,53406.14603,56622.20703,59481.44707,61668.08396,8700,0,,,,,,
1445,54062.10688,57317.66914,60212.02779,62425.52204,8700,0,,,,,,
1446,55888.05639,59253.57537,62245.69109,64533.94618,8700,0,,,,,,
1447,59433.50561,63012.52775,66194.45852,68627.87687,8700,0,,,,,,
1448,64849.97768,68755.17398,72227.08998,74882.2779,8700,0,,,,,,
1449,72098.15329,76439.82697,80299.79333,83251.74724,8700,0,,,,,,
1450,74043.01967,78501.81113,82465.90108,85497.48471,8700,0,,,,,,
1451,72927.69442,77319.32218,81223.70023,84209.6185,8700,0,,,,,,
1452,70908.98449,75179.0477,78975.34874,81878.61387,8700,0,,,,,,
1453,67201.46307,71248.2633,74846.07233,77597.53839,8700,0,,,,,,
1454,68057.8564,72156.22772,75799.88604,78586.41588,8700,0,,,,,,
1455,67854.5469,71940.67514,75573.44875,78351.65438,8700,0,,,,,,
1456,67618.63115,71690.5528,75310.69603,78079.24243,8700,0,,,,,,
1457,68770.39867,72911.67853,76593.48469,79409.18854,8700,0,,,,,,
1458,69982.58364,74196.85998,77943.56369,80808.89868,8700,0,,,,,,
1459,70908.02549,75178.03095,78974.28065,81877.50651,8700,0,,,,,,
1460,70178.22109,74404.27851,78161.45619,81034.80127,8700,0,,,,,,
1461,67806.59654,71889.83726,75520.04372,78296.28609,8700,0,,,,,,
1462,65852.14009,69817.68554,73343.25497,76039.47497,8700,0,,,,,,
1463,64359.92505,68235.6109,71681.29063,74316.41406,8700,0,,,,,,
1464,64748.32292,68647.39768,72113.87132,74764.89713,8700,0,,,,,,
1465,61361.10987,65056.21028,68341.34047,70853.68177,8700,0,,,,,,
1466,59296.3676,62867.13144,66041.72016,68469.52359,8700,0,,,,,,
1467,58227.07469,61733.44685,64850.78813,67234.81093,8700,0,,,,,,
1468,57887.58618,61373.51471,64472.68057,66842.8035,8700,0,,,,,,
1469,58578.07128,62105.58008,65241.7129,67640.10674,8700,0,,,,,,
1470,60198.79327,63823.90022,67046.80269,69511.55464,8700,0,,,,,,
1471,63206.23952,67012.45166,70396.36577,72984.25322,8700,0,,,,,,
1472,67503.5503,71568.5419,75182.52397,77946.35856,8700,0,,,,,,
1473,71683.86222,76000.58774,79838.37392,82773.36529,8700,0,,,,,,
1474,71053.79456,75332.57808,79136.63191,82045.82608,8700,0,,,,,,
1475,69324.70477,73499.36435,77210.84676,80049.24587,8700,0,,,,,,
1476,66721.00051,70738.8678,74310.95399,77042.74821,8700,0,,,,,,
1477,62664.40051,66437.98369,69792.889,72358.59165,8700,0,,,,,,
1478,64170.04165,68034.29293,71469.80675,74097.15567,8700,0,,,,,,
1479,65089.72945,69009.36334,72494.11509,75159.1193,8700,0,,,,,,
1480,66508.10094,70513.14765,74073.83569,76796.91305,8700,0,,,,,,
1481,68353.23059,72469.38903,76128.86099,78927.4845,8700,0,,,,,,
1482,68725.32534,72863.89093,76543.28397,79357.14236,8700,0,,,,,,
1483,69439.78562,73621.37524,77339.01882,80182.12974,8700,0,,,,,,
1484,68714.77626,72852.7066,76531.53487,79344.96133,8700,0,,,,,,
1485,66708.53342,70725.64996,74297.06868,77028.35246,8700,0,,,,,,
1486,64961.2225,68873.11784,72350.98963,75010.73231,8700,0,,,,,,
1487,63679.98902,67514.72985,70924.0074,73531.29183,8700,0,,,,,,
1488,64151.82051,68014.97453,71449.51283,74076.11572,8700,0,,,,,,
1489,60704.19001,64359.73141,67609.69164,70095.13632,8700,0,,,,,,
1490,58504.22774,62027.28976,65159.46917,67554.83959,8700,0,,,,,,
1491,57312.18192,60763.46022,63831.82028,66178.38412,8700,0,,,,,,
1492,56862.40759,60286.60096,63330.88116,65659.02965,8700,0,,,,,,
1493,57410.95965,60868.18624,63941.83463,66292.44278,8700,0,,,,,,
1494,58973.18221,62524.48417,65681.7703,68096.34138,8700,0,,,,,,
1495,62046.79994,65783.19187,69105.0323,71645.44819,8700,0,,,,,,
1496,66727.71356,70745.98511,74318.43069,77050.49977,8700,0,,,,,,
1497,72649.58237,77024.46252,80913.9511,83888.48247,8700,0,,,,,,
1498,73457.06634,77880.57231,81813.29169,84820.88432,8700,0,,,,,,
1499,72941.12052,77333.55679,81238.65364,84225.12162,8700,0,,,,,,
1500,71892.92577,76222.24087,80071.21983,83014.771,8700,0,,,,,,
1501,68461.59839,72584.28263,76249.55635,79052.61681,8700,0,,,,,,
1502,70066.01726,74285.31788,78036.48843,80905.2395,8700,0,,,,,,
1503,70166.713,74392.07741,78148.63898,81021.51288,8700,0,,,,,,
1504,70167.67201,74393.09417,78149.70708,81022.62025,8700,0,,,,,,
1505,70532.0947,74779.46201,78555.58525,81443.41918,8700,0,,,,,,
1506,70021.90293,74238.54704,77987.35581,80854.30067,8700,0,,,,,,
1507,70236.72052,74466.30071,78226.61032,81102.35057,8700,0,,,,,,
1508,69020.69953,73177.05224,76872.25892,79698.21097,8700,0,,,,,,
1509,66631.81286,70644.30937,74211.62065,76939.76322,8700,0,,,,,,
1510,64570.90661,68459.29755,71916.27274,74560.03449,8700,0,,,,,,
1511,63288.71413,67099.89281,70488.22241,73079.48667,8700,0,,,,,,
1512,64064.55087,67922.44961,71352.31569,73975.34545,8700,0,,,,,,
1513,60818.31185,64480.72554,67736.79559,70226.91282,8700,0,,,,,,
1514,58270.23001,61779.20094,64898.85265,67284.64238,8700,0,,,,,,
1515,57003.38164,60436.06432,63487.89193,65821.8124,8700,0,,,,,,
1516,56747.32674,60164.59007,63202.7091,65526.14577,8700,0,,,,,,
1517,57257.51852,60705.50505,63770.93856,66115.26429,8700,0,,,,,,
1518,58844.67526,62388.23867,65538.64484,67947.95439,8700,0,,,,,,
1519,61682.37725,65396.82404,68699.15413,71224.64926,8700,0,,,,,,
1520,65827.2059,69791.24984,73315.48435,76010.68345,8700,0,,,,,,
1521,69702.55357,73899.9668,77631.67835,80485.54793,8700,0,,,,,,
1522,68518.17981,72644.27132,76312.57427,79117.95139,8700,0,,,,,,
1523,65733.22321,69691.60761,73210.81051,75902.16163,8700,0,,,,,,
1524,62028.57881,65763.87349,69084.7384,71624.40824,8700,0,,,,,,
1525,57632.49029,61103.05722,64188.56584,66548.24424,8700,0,,,,,,
1526,58439.97426,61959.16701,65087.90643,67480.64609,8700,0,,,,,,
1527,58970.30519,62521.4339,65678.566,68093.01929,8700,0,,,,,,
1528,60549.78987,64196.03346,67437.72747,69916.85046,8700,0,,,,,,
1529,63031.70023,66827.40181,70201.97149,72782.71268,8700,0,,,,,,
1530,64801.06831,68703.31934,72172.61685,74825.80224,8700,0,,,,,,
1531,65877.07427,69844.12123,73371.02558,76068.26647,8700,0,,,,,,
1532,65474.29129,69417.08309,72922.42338,75603.17291,8700,0,,,,,,
1533,63852.6103,67697.7462,71116.26549,73730.61765,8700,0,,,,,,
1534,62520.54945,66285.47007,69632.67394,72192.48681,8700,0,,,,,,
1535,61603.73866,65313.44992,68611.56988,71133.84527,8700,0,,,,,,
1536,61948.02221,65678.46585,68995.01795,71531.38953,8700,0,,,,,,
1537,58573.27625,62100.4963,65236.3724,67634.56992,8700,0,,,,,,
1538,56144.11128,59525.04962,62530.87391,64829.6128,8700,0,,,,,,
1539,54948.22944,58257.15305,61198.95263,63448.72788,8700,0,,,,,,
1540,54505.16816,57787.41109,60705.49021,62937.12496,8700,0,,,,,,
1541,54722.86277,58018.21504,60947.94901,63188.49696,8700,0,,,,,,
1542,55541.85483,58886.52593,61860.10682,64134.1872,8700,0,,,,,,
1543,56789.52305,60209.32739,63249.70552,65574.86986,8700,0,,,,,,
1544,57406.16462,60863.10246,63936.49413,66286.90596,8700,0,,,,,,
1545,58124.46093,61624.6538,64736.50138,67116.32281,8700,0,,,,,,
1546,57163.53582,60605.86281,63666.26471,66006.74245,8700,0,,,,,,
1547,56968.85738,60399.46104,63449.44031,65781.94723,8700,0,,,,,,
1548,56053.96461,59429.47441,62430.47246,64725.52043,8700,0,,,,,,
1549,54566.54461,57852.48357,60773.84863,63007.99636,8700,0,,,,,,
1550,55655.01766,59006.5033,61986.14267,64264.85633,8700,0,,,,,,
1551,55696.25497,59050.22388,62032.07099,64312.47306,8700,0,,,,,,
1552,56003.13724,59375.58627,62373.86314,64666.83006,8700,0,,,,,,
1553,57165.45384,60607.89633,63668.40092,66008.95719,8700,0,,,,,,
1554,57997.87199,61490.44181,64595.51211,66970.15054,8700,0,,,,,,
1555,59792.17426,63392.79505,66593.92809,69042.03161,8700,0,,,,,,
1556,60040.5571,63656.13524,66870.56612,69328.83931,8700,0,,,,,,
1557,59097.85313,62656.66264,65820.62336,68240.29891,8700,0,,,,,,
1558,58153.23114,61655.15652,64768.54439,67149.54377,8700,0,,,,,,
1559,57771.54632,61250.48705,64343.44041,66708.81226,8700,0,,,,,,
1560,58640.40675,62171.66933,65311.13944,67712.08551,8700,0,,,,,,
1561,55725.98419,59081.74336,62065.18211,64346.80139,8700,0,,,,,,
1562,53106.93582,56304.9787,59148.19973,61322.58589,8700,0,,,,,,
1563,51735.55567,54851.0155,57620.81605,59739.05305,8700,0,,,,,,
1564,51090.1439,54166.73772,56901.98444,58993.79599,8700,0,,,,,,
1565,51423.87837,54520.56933,57273.6834,59379.15923,8700,0,,,,,,
1566,52174.78092,55316.69043,58110.00606,60246.2265,8700,0,,,,,,
1567,52731.96404,55907.42652,58730.57244,60889.60593,8700,0,,,,,,
1568,52693.60376,55866.75622,58687.84842,60845.31131,8700,0,,,,,,
1569,52553.58872,55718.30963,58531.90575,60683.63592,8700,0,,,,,,
1570,51679.93326,54792.04357,57558.86622,59674.82584,8700,0,,,,,,
1571,51570.60645,54676.13322,57437.10277,59548.58616,8700,0,,,,,,
1572,50204.98035,53228.27057,55916.1277,57971.69752,8700,0,,,,,,
1573,48824.01014,51764.13981,54378.06303,56377.09104,8700,0,,,,,,
1574,48508.4968,51429.6266,54026.65797,56012.76774,8700,0,,,,,,
1575,48301.35127,51210.00699,53795.94827,55773.57677,8700,0,,,,,,
1576,49288.16957,52256.25043,54895.02365,56913.05599,8700,0,,,,,,
1577,51227.28191,54312.13404,57054.7228,59152.14927,8700,0,,,,,,
1578,53838.65823,57080.76465,59963.16038,62167.50586,8700,0,,,,,,
1579,57045.57795,60480.80164,63534.88835,65870.53648,8700,0,,,,,,
1580,58213.64859,61719.21225,64835.83473,67219.30781,8700,0,,,,,,
1581,57862.65199,61347.07901,64444.90995,66814.01199,8700,0,,,,,,
1582,57254.6415,60702.45478,63767.73426,66111.94219,8700,0,,,,,,
1583,56924.74305,60352.6902,63400.30769,65731.00841,8700,0,,,,,,
1584,56497.02589,59899.21637,62923.93488,65237.12335,8700,0,,,,,,
1585,53707.27426,56941.46888,59816.83062,62015.79677,8700,0,,,,,,
1586,51630.06489,54739.17218,57503.325,59617.24283,8700,0,,,,,,
1587,50751.61439,53807.82233,56524.94496,58602.89592,8700,0,,,,,,
1588,50717.09014,53771.21907,56486.49335,58563.03076,8700,0,,,,,,
1589,51641.57298,54751.37327,57516.14221,59630.53122,8700,0,,,,,,
1590,53799.33894,57039.07759,59919.36826,62122.10387,8700,0,,,,,,
1591,57580.70391,61048.15232,64130.88842,66488.4465,8700,0,,,,,,
1592,62966.48774,66758.26229,70129.34065,72707.41181,8700,0,,,,,,
1593,68846.16023,72992.00237,76677.86463,79496.67042,8700,0,,,,,,
1594,68506.67172,72632.07022,76299.75706,79104.66299,8700,0,,,,,,
1595,65743.77229,69702.79194,73222.55962,75914.34265,8700,0,,,,,,
1596,62370.94434,66126.8559,69466.05026,72019.73777,8700,0,,,,,,
1597,58364.2127,61878.84317,65003.52649,67393.16421,8700,0,,,,,,
1598,59726.00278,63322.63879,66520.22917,68965.62339,8700,0,,,,,,
1599,60665.82973,64319.06111,67566.96763,70050.8417,8700,0,,,,,,
1600,62525.34448,66290.55385,69638.01444,72198.02363,8700,0,,,,,,
1601,64958.34548,68870.06757,72347.78533,75007.41021,8700,0,,,,,,
1602,66642.36193,70655.49369,74223.36975,76951.94423,8700,0,,,,,,
1603,68149.92108,72253.83644,75902.42369,78692.72298,8700,0,,,,,,
1604,67626.30321,71698.68686,75319.24083,78088.10136,8700,0,,,,,,
1605,65443.60307,69384.54685,72888.24417,75567.73721,8700,0,,,,,,
1606,63605.18647,67435.42277,70840.69557,73444.91732,8700,0,,,,,,
1607,62218.46221,65965.19146,69296.22228,71843.66663,8700,0,,,,,,
1608,62426.56675,66185.82783,69528.00009,72083.96497,8700,0,,,,,,
1609,58843.71625,62387.22191,65537.57673,67946.84702,8700,0,,,,,,
1610,56566.0744,59972.4229,63000.83811,65316.85367,8700,0,,,,,,
1611,55610.90334,58959.73246,61937.01005,64213.91752,8700,0,,,,,,
1612,55399.92178,58736.04582,61702.02795,63970.29709,8700,0,,,,,,
1613,56073.14476,59449.80957,62451.83448,64747.66775,8700,0,,,,,,
1614,57822.37369,61304.37519,64400.04973,66767.50263,8700,0,,,,,,
1615,60934.35171,64603.7532,67866.03575,70360.90407,8700,0,,,,,,
1616,65213.44136,69140.52505,72631.90005,75301.96946,8700,0,,,,,,
1617,69904.90407,74114.50263,77857.04756,80719.20207,8700,0,,,,,,
1618,69343.88492,73519.69951,77232.20878,80071.39319,8700,0,,,,,,
1619,66470.69966,70473.4941,74032.17977,76753.72578,8700,0,,,,,,
1620,62920.4554,66709.45793,70078.07183,72654.25826,8700,0,,,,,,
1621,58813.98703,62355.70243,65504.46562,67912.51869,8700,0,,,,,,
1622,60160.43299,63783.22992,67004.07868,69467.26002,8700,0,,,,,,
1623,61215.34079,64901.66314,68178.98919,70685.36219,8700,0,,,,,,
1624,63267.61597,67077.52414,70464.7242,73055.12462,8700,0,,,,,,
1625,65386.06264,69323.5414,72824.15814,75501.29527,8700,0,,,,,,
1626,66538.78917,70545.68389,74108.01491,76832.34875,8700,0,,,,,,
1627,67885.23513,71973.21139,75607.62797,78387.09008,8700,0,,,,,,
1628,67409.56761,71468.89968,75077.85013,77837.83673,8700,0,,,,,,
1629,65497.30746,69441.48527,72948.05779,75629.74968,8700,0,,,,,,
1630,63601.35044,67431.35574,70836.42316,73440.48786,8700,0,,,,,,
1631,62191.61001,65936.72225,69266.31547,71812.66039,8700,0,,,,,,
1632,62412.18164,66170.57647,69511.97858,72067.35448,8700,0,,,,,,
1633,58908.92873,62456.36142,65610.20756,68022.14788,8700,0,,,,,,
1634,56675.40121,60088.33326,63122.60157,65443.09335,8700,0,,,,,,
1635,55728.86121,59084.79363,62068.38641,64350.12349,8700,0,,,,,,
1636,55481.43738,58822.4702,61792.81649,64064.42316,8700,0,,,,,,
1637,56107.66901,59486.41283,62490.28609,64787.53291,8700,0,,,,,,
1638,57769.6283,61248.45353,64341.3042,66706.59752,8700,0,,,,,,
1639,60990.93313,64663.74189,67929.05368,70426.23864,8700,0,,,,,,
1640,64869.15782,68775.50913,72248.45199,74904.42521,8700,0,,,,,,
1641,68034.84023,72131.82555,75774.25163,78559.83911,8700,0,,,,,,
1642,66442.88846,70444.00814,74001.20486,76721.61219,8700,0,,,,,,
1643,63983.03526,67836.02521,71261.52715,73881.21937,8700,0,,,,,,
1644,61036.96547,64712.54625,67980.3225,70479.39219,8700,0,,,,,,
1645,56913.23497,60340.48911,63387.49049,65717.72003,8700,0,,,,,,
1646,58069.79752,61566.69862,64675.61965,67053.20296,8700,0,,,,,,
1647,58898.37965,62445.17708,65598.45846,68009.96686,8700,0,,,,,,
1648,60495.12646,64138.07828,67376.84574,69853.73061,8700,0,,,,,,
1649,63082.5276,66881.28995,70258.58081,72841.40305,8700,0,,,,,,
1650,64447.1947,68328.13584,71778.48778,74417.18434,8700,0,,,,,,
1651,65903.92647,69872.59044,73400.93239,76099.27271,8700,0,,,,,,
1652,65740.89527,69699.74167,73219.35532,75911.02056,8700,0,,,,,,
1653,64288.95853,68160.37086,71602.2512,74234.46901,8700,0,,,,,,
1654,62791.94845,66573.21243,69934.94636,72505.87127,8700,0,,,,,,
1655,61571.13242,65278.88016,68575.25447,71096.19484,8700,0,,,,,,
1656,61834.85937,65558.48847,68868.98209,71400.72038,8700,0,,,,,,
1657,58426.54816,61944.9324,65072.95302,67465.14297,8700,0,,,,,,
1658,56303.30646,59693.83136,62708.17859,65013.4355,8700,0,,,,,,
1659,55385.53667,58720.79445,61686.00644,63953.6866,8700,0,,,,,,
1660,55107.42461,58425.93478,61376.2573,63632.55056,8700,0,,,,,,
1661,55645.42759,58996.33573,61975.46166,64253.78268,8700,0,,,,,,
1662,57471.3771,60932.24196,64009.12496,66362.20682,8700,0,,,,,,
1663,60481.70036,64123.84367,67361.89233,69838.22749,8700,0,,,,,,
1664,64233.33611,68101.39891,71540.30137,74170.24179,8700,0,,,,,,
1665,68254.45286,72364.66301,76018.84665,78813.42584,8700,0,,,,,,
1666,67066.24307,71104.9005,74695.47016,77441.39984,8700,0,,,,,,
1667,64239.09016,68107.49947,71546.70998,74176.886,8700,0,,,,,,
1668,61420.56831,65119.24924,68407.5627,70922.33844,8700,0,,,,,,
1669,57656.46547,61128.47616,64215.26835,66575.92839,8700,0,,,,,,
1670,58793.84788,62334.35052,65482.03551,67889.26401,8700,0,,,,,,
1671,59439.25965,63018.6283,66200.86712,68634.52106,8700,0,,,,,,
1672,61485.78079,65188.38875,68480.19353,70997.6393,8700,0,,,,,,
1673,64390.61328,68268.14715,71715.46985,74351.84976,8700,0,,,,,,
1674,65357.29243,69293.03868,72792.11513,75468.07431,8700,0,,,,,,
1675,66089.01484,70068.82463,73607.07578,76312.99427,8700,0,,,,,,
1676,65813.7798,69777.01523,73300.53094,75995.18033,8700,0,,,,,,
1677,63869.87243,67716.04784,71135.4913,73750.55023,8700,0,,,,,,
1678,62246.27342,65994.67743,69327.1972,71875.78024,8700,0,,,,,,
1679,60863.38519,64528.51315,67786.99632,70278.95902,8700,0,,,,,,
1680,60872.97526,64538.68073,67797.67733,70290.03267,8700,0,,,,,,
1681,57190.38802,60634.33202,63696.17152,66037.74869,8700,0,,,,,,
1682,54916.5822,58223.60005,61163.70531,63412.18481,8700,0,,,,,,
1683,53967.16518,57217.01015,60106.28584,62315.89285,8700,0,,,,,,
1684,53688.09411,56921.13372,59795.4686,61993.64945,8700,0,,,,,,
1685,54352.68603,57625.74665,60535.66223,62761.05382,8700,0,,,,,,
1686,56024.23539,59397.95493,62397.36135,64691.19209,8700,0,,,,,,
1687,58940.57597,62489.91442,65645.45488,68058.69095,8700,0,,,,,,
1688,63576.41626,67404.92005,70808.65256,73411.69635,8700,0,,,,,,
1689,69482.94094,73667.12933,77387.08334,80231.96119,8700,0,,,,,,
1690,70833.22293,75098.72386,78890.9688,81791.13199,8700,0,,,,,,
1691,70017.1079,74233.46325,77982.01531,80848.76385,8700,0,,,,,,
1692,69263.32832,73434.29187,77142.48834,79978.37447,8700,0,,,,,,
1693,66397.81512,70396.22053,73951.00413,76669.566,8700,0,,,,,,
1694,68043.4713,72140.97637,75783.86454,78569.80541,8700,0,,,,,,
1695,68367.61569,72484.64039,76144.88249,78944.09498,8700,0,,,,,,
1696,68110.60179,72212.14939,75858.63157,78647.32099,8700,0,,,,,,
1697,67733.71201,71812.56371,75438.86809,78212.12631,8700,0,,,,,,
1698,66567.55938,70576.18661,74140.05792,76865.56972,8700,0,,,,,,
1699,66453.43754,70455.19248,74012.95397,76733.79321,8700,0,,,,,,
1700,65853.0991,69818.7023,73344.32307,76040.58233,8700,0,,,,,,
1701,63787.39782,67628.6067,71043.63466,73655.31679,8700,0,,,,,,
1702,62096.66831,65836.06326,69160.57353,71703.0312,8700,0,,,,,,
1703,61107.932,64787.78631,68059.36195,70561.33725,8700,0,,,,,,
1704,61621.9598,65332.76831,68631.86379,71154.88522,8700,0,,,,,,
1705,58226.11568,61732.43009,64849.72003,67233.70356,8700,0,,,,,,
1706,55668.44376,59020.73791,62001.09607,64280.35945,8700,0,,,,,,
1707,54403.51341,57679.6348,60592.27156,62819.74421,8700,0,,,,,,
1708,53907.70674,57153.97119,60040.06361,62247.23618,8700,0,,,,,,
1709,54253.9083,57521.02063,60425.64788,62646.99517,8700,0,,,,,,
1710,55089.20348,58406.6164,61355.96339,63611.51062,8700,0,,,,,,
1711,56248.64305,59635.87618,62647.29686,64950.31565,8700,0,,,,,,
1712,56460.58362,59860.57958,62883.34706,65195.04345,8700,0,,,,,,
1713,55894.76944,59260.69268,62253.16779,64541.69774,8700,0,,,,,,
1714,53608.49653,56836.74286,59706.81627,61901.73811,8700,0,,,,,,
1715,52319.59099,55470.2208,58271.28923,60413.43871,8700,0,,,,,,
1716,50099.48957,53116.42725,55798.63665,57849.8873,8700,0,,,,,,
1717,47896.65028,50780.93533,53345.20987,55306.26848,8700,0,,,,,,
1718,48538.22602,51461.14608,54059.76908,56047.09607,8700,0,,,,,,
1719,49463.66787,52442.31705,55090.48604,57115.7039,8700,0,,,,,,
1720,51055.61964,54130.13445,56863.53281,58953.93082,8700,0,,,,,,
1721,52779.9144,55958.2644,58783.97746,60944.97421,8700,0,,,,,,
1722,54260.62135,57528.13794,60433.12459,62654.74673,8700,0,,,,,,
1723,56632.24589,60042.57917,63074.53705,65393.2619,8700,0,,,,,,
1724,57372.59937,60827.51594,63899.11061,66248.14816,8700,0,,,,,,
1725,57064.75809,60501.13679,63556.25036,65892.6838,8700,0,,,,,,
1726,56376.191,59771.10493,62789.35423,65097.59528,8700,0,,,,,,
1727,56009.85029,59382.70357,62381.33985,64674.58162,8700,0,,,,,,
1728,56979.40646,60410.64538,63461.18942,65794.12826,8700,0,,,,,,
1729,53786.87185,57025.85975,59905.48296,62107.70812,8700,0,,,,,,
1730,51444.97652,54542.93799,57297.1816,59403.52127,8700,0,,,,,,
1731,50078.39141,53094.05858,55775.13843,57825.52526,8700,0,,,,,,
1732,49742.73893,52738.19347,55401.30327,57437.94729,8700,0,,,,,,
1733,50126.34177,53144.89646,55828.54346,57880.89354,8700,0,,,,,,
1734,51060.41468,54135.21824,56868.87332,58959.46766,8700,0,,,,,,
1735,51737.47369,54853.04902,57622.95225,59741.26779,8700,0,,,,,,
1736,51118.91411,54197.24045,56934.02745,59027.01696,8700,0,,,,,,
1737,49521.20829,52503.32249,55154.57206,57182.14583,8700,0,,,,,,
1738,47629.0873,50497.26,53047.20984,54997.31347,8700,0,,,,,,
1739,46868.59467,49690.97132,52200.20616,54119.17253,8700,0,,,,,,
1740,45482.82942,48221.75676,50656.80098,52519.02921,8700,0,,,,,,
1741,44878.65495,47581.19955,49983.89769,51821.38887,8700,0,,,,,,
1742,45324.59325,48053.99178,50480.56441,52336.31388,8700,0,,,,,,
1743,45902.87453,48667.09654,51124.62899,53004.05536,8700,0,,,,,,
1744,47249.32049,50094.62404,52624.24205,54558.79669,8700,0,,,,,,
1745,49444.48773,52421.9819,55069.12403,57093.55659,8700,0,,,,,,
1746,52327.26305,55478.35487,58279.83404,60422.29764,8700,0,,,,,,
1747,55400.88078,58737.06257,61703.09604,63971.40444,8700,0,,,,,,
1748,56505.65696,59908.36719,62933.54779,65247.08965,8700,0,,,,,,
1749,56342.62575,59735.51841,62751.97071,65058.83749,8700,0,,,,,,
1750,55840.10603,59202.73749,62192.28606,64478.5779,8700,0,,,,,,
1751,55534.18277,58878.39186,61851.56201,64125.32827,8700,0,,,,,,
1752,54947.27043,58256.13629,61197.88453,63447.62051,8700,0,,,,,,
1753,52003.11865,55134.69084,57918.81608,60048.00806,8700,0,,,,,,
1754,50018.93297,53031.01962,55708.9162,57756.86859,8700,0,,,,,,
1755,48964.02517,51912.5864,54534.00569,56538.76641,8700,0,,,,,,
1756,48889.22262,51833.27932,54450.69386,56452.3919,8700,0,,,,,,
1757,49750.41099,52746.32753,55409.84808,57446.80622,8700,0,,,,,,
1758,51894.75085,55019.79724,57798.12073,59922.87574,8700,0,,,,,,
1759,55454.58518,58794.00099,61762.90967,64033.41692,8700,0,,,,,,
1760,60168.10505,63791.36399,67012.62349,69476.11894,8700,0,,,,,,
1761,64955.46846,68867.0173,72344.58103,75004.08811,8700,0,,,,,,
1762,64819.28945,68722.63774,72192.91076,74846.84219,8700,0,,,,,,
1763,62533.97554,66299.70467,69647.62734,72207.98992,8700,0,,,,,,
1764,60246.74363,63874.7381,67100.20772,69566.92292,8700,0,,,,,,
1765,57476.17213,60937.32574,64014.46546,66367.74364,8700,0,,,,,,
1766,59293.49058,62864.08117,66038.51586,68466.2015,8700,0,,,,,,
1767,60076.99937,63694.77202,66911.15394,69370.9192,8700,0,,,,,,
1768,61408.10122,65106.0314,68393.67739,70907.94269,8700,0,,,,,,
1769,63995.50236,67849.24307,71275.41246,73895.61513,8700,0,,,,,,
1770,65052.32817,68969.7098,72452.45917,75115.93203,8700,0,,,,,,
1771,65423.46392,69363.19495,72865.81406,75544.48253,8700,0,,,,,,
1772,64909.43612,68818.21294,72293.31221,74950.93457,8700,0,,,,,,
1773,62904.15228,66692.17305,70059.91412,72635.43305,8700,0,,,,,,
1774,61208.62774,64894.54584,68171.51249,70677.61063,8700,0,,,,,,
1775,59913.00916,63520.90649,66728.50876,69181.55969,8700,0,,,,,,
1776,60013.7049,63627.66602,66840.6593,69297.83307,8700,0,,,,,,
1777,56611.14774,60020.21051,63051.03884,65368.89986,8700,0,,,,,,
1778,54500.37312,57782.3273,60700.1497,62931.58813,8700,0,,,,,,
1779,53526.02192,56749.30171,59614.95963,61806.50467,8700,0,,,,,,
1780,53161.59922,56362.93387,59209.08145,61385.70573,8700,0,,,,,,
1781,53820.43709,57061.44625,59942.86647,62146.4659,8700,0,,,,,,
1782,55560.07596,58905.84431,61880.40072,64155.22714,8700,0,,,,,,
1783,58470.66249,61991.70325,65122.08565,67516.08179,8700,0,,,,,,
1784,62141.74164,65883.85086,69210.77424,71755.07738,8700,0,,,,,,
1785,65066.71328,68984.96116,72468.48068,75132.54252,8700,0,,,,,,
1786,63538.05597,67364.24975,70765.92853,73367.40172,8700,0,,,,,,
1787,61345.76576,65039.94216,68324.25086,70835.96392,8700,0,,,,,,
1788,58861.93738,62406.5403,65557.87064,67967.88696,8700,0,,,,,,
1789,55231.13653,58557.0965,61514.04226,63775.40073,8700,0,,,,,,
1790,56732.94164,60149.33871,63186.6876,65509.5353,8700,0,,,,,,
1791,57662.21951,61134.5767,64221.67695,66582.57258,8700,0,,,,,,
1792,59309.7937,62881.36604,66056.67356,68485.02671,8700,0,,,,,,
1793,61904.86689,65632.71177,68946.95343,71481.55807,8700,0,,,,,,
1794,63946.59299,67797.38843,71220.93933,73839.13947,8700,0,,,,,,
1795,65663.21569,69617.38431,73132.83917,75821.32394,8700,0,,,,,,
1796,65737.05924,69695.67464,73215.08291,75906.59109,8700,0,,,,,,
1797,63971.52718,67823.82413,71248.70995,73867.93099,8700,0,,,,,,
1798,62284.6337,66035.34773,69369.92122,71920.07486,8700,0,,,,,,
1799,60973.671,64645.44026,67909.82787,70406.30605,8700,0,,,,,,
1800,61095.4649,64774.56845,68045.47663,70546.94149,8700,0,,,,,,
1801,57592.21199,61060.3534,64143.70562,66501.73488,8700,0,,,,,,
1802,55572.54305,58919.06216,61894.28603,64169.62289,8700,0,,,,,,
1803,54698.88759,57992.7961,60921.2465,63160.81281,8700,0,,,,,,
1804,54493.66007,57775.21,60692.673,62923.83657,8700,0,,,,,,
1805,55217.71043,58542.8619,61499.08886,63759.89762,8700,0,,,,,,
1806,56906.52192,60333.37181,63380.01378,65709.96847,8700,0,,,,,,
1807,59886.15696,63492.43728,66698.60194,69150.55345,8700,0,,,,,,
1808,63040.33129,66836.55262,70211.58439,72792.67897,8700,0,,,,,,
1809,64824.08448,68727.72152,72198.25126,74852.37902,8700,0,,,,,,
1810,63112.25682,66912.80943,70291.69192,72875.73139,8700,0,,,,,,
1811,61272.88122,64962.6686,68243.07523,70751.80414,8700,0,,,,,,
1812,58791.92987,62332.31701,65479.89931,67887.04928,8700,0,,,,,,
1813,55438.28206,58776.71611,61744.75196,64014.59171,8700,0,,,,,,
1814,56869.12064,60293.71826,63338.35786,65666.78121,8700,0,,,,,,
1815,57901.97128,61388.76606,64488.70207,66859.41398,8700,0,,,,,,
1816,59711.61767,63307.38742,66504.20766,68949.01291,8700,0,,,,,,
1817,62146.53668,65888.93465,69216.11475,71760.61421,8700,0,,,,,,
1818,63246.51782,67055.15548,70441.22599,73030.76258,8700,0,,,,,,
1819,64600.63583,68490.81703,71949.38385,74594.36283,8700,0,,,,,,
1820,64909.43612,68818.21294,72293.31221,74950.93457,8700,0,,,,,,
1821,63338.5825,67152.7642,70543.76364,73137.06968,8700,0,,,,,,
1822,62050.63597,65787.2589,69109.3047,71649.87765,8700,0,,,,,,
1823,60798.17271,64459.37365,67714.36549,70203.65816,8700,0,,,,,,
1824,60809.68079,64471.57473,67727.18269,70216.94654,8700,0,,,,,,
1825,57113.66745,60552.99142,63610.72348,65949.15944,8700,0,,,,,,
1826,55092.0805,58409.66667,61359.16769,63614.83272,8700,0,,,,,,
1827,54252.94929,57520.00387,60424.57978,62645.8878,8700,0,,,,,,
1828,54096.63114,57354.27241,60250.47941,62465.38721,8700,0,,,,,,
1829,54712.31369,58007.03071,60936.19991,63176.31593,8700,0,,,,,,
1830,56465.37866,59865.66337,62888.68757,65200.58029,8700,0,,,,,,
1831,59289.65455,62860.01414,66034.24345,68461.77203,8700,0,,,,,,
1832,62420.81271,66179.72729,69521.59149,72077.32078,8700,0,,,,,,
1833,64990.95172,68904.63732,72384.10075,75045.06064,8700,0,,,,,,
1834,63446.9503,67267.65779,70664.45899,73262.20199,8700,0,,,,,,
1835,61745.67171,65463.93002,68769.64875,71297.73538,8700,0,,,,,,
1836,59400.89937,62977.958,66158.1431,68590.22644,8700,0,,,,,,
1837,55692.41894,59046.15685,62027.79859,64308.0436,8700,0,,,,,,
1838,57036.94688,60471.65082,63525.27544,65860.57019,8700,0,,,,,,
1839,58155.14916,61657.19005,64770.6806,67151.75851,8700,0,,,,,,
1840,59827.65753,63430.41508,66633.44782,69083.00415,8700,0,,,,,,
1841,62350.80519,66105.50399,69443.62015,71996.48309,8700,0,,,,,,
1842,64038.65767,67894.99715,71323.47697,73945.44657,8700,0,,,,,,
1843,65290.16193,69221.86565,72717.34809,75390.55871,8700,0,,,,,,
1844,65118.49966,69039.86607,72526.1581,75192.34026,8700,0,,,,,,
1845,63351.04959,67165.98204,70557.64894,73151.46543,8700,0,,,,,,
1846,61852.1215,65576.79011,68888.2079,71420.65296,8700,0,,,,,,
1847,60479.78235,64121.81016,67359.75613,69836.01276,8700,0,,,,,,
1848,60335.93129,63969.29654,67199.54107,69669.90793,8700,0,,,,,,
1849,56668.68816,60081.21595,63115.12487,65435.34179,8700,0,,,,,,
1850,54572.29865,57858.58411,60780.25723,63014.64055,8700,0,,,,,,
1851,53438.75227,56656.77678,59517.76248,61705.73439,8700,0,,,,,,
1852,53269.00801,56476.8107,59328.7087,61509.73067,8700,0,,,,,,
1853,53842.49426,57084.83168,59967.43279,62171.93532,8700,0,,,,,,
1854,55350.05341,58683.17443,61646.48672,63912.71407,8700,0,,,,,,
1855,58071.71554,61568.73214,64677.75586,67055.4177,8700,0,,,,,,
1856,61367.82292,65063.32758,68348.81717,70861.43333,8700,0,,,,,,
1857,64607.34888,68497.93433,71956.86056,74602.11439,8700,0,,,,,,
1858,63102.66675,66902.64185,70281.01092,72864.65773,8700,0,,,,,,
1859,60259.21072,63887.95594,67114.09303,69581.31867,8700,0,,,,,,
1860,57948.00362,61437.57042,64539.97089,66912.56753,8700,0,,,,,,
1861,55140.98986,58461.5213,61413.64082,63671.30836,8700,0,,,,,,
1862,57082.97923,60520.45519,63576.54427,65913.72375,8700,0,,,,,,
1863,58055.41242,61551.44727,64659.59815,67036.59248,8700,0,,,,,,
1864,59705.86363,63301.28688,66497.79906,68942.36872,8700,0,,,,,,
1865,61596.06661,65305.31586,68603.02508,71124.98635,8700,0,,,,,,
1866,62299.01881,66050.59909,69385.94273,71936.68535,8700,0,,,,,,
1867,63122.8059,66923.99376,70303.44103,72887.91241,8700,0,,,,,,
1868,63139.10902,66941.27864,70321.59874,72906.73763,8700,0,,,,,,
1869,61777.31895,65497.48303,68804.89607,71334.27845,8700,0,,,,,,
1870,60381.00462,64017.08414,67249.74179,69721.95411,8700,0,,,,,,
1871,59297.3266,62868.14819,66042.78825,68470.63095,8700,0,,,,,,
1872,59343.35894,62916.95255,66094.05707,68523.7845,8700,0,,,,,,
1873,55728.86121,59084.79363,62068.38641,64350.12349,8700,0,,,,,,
1874,53544.24305,56768.6201,59635.25354,61827.54461,8700,0,,,,,,
1875,52310.95993,55461.06999,58261.67633,60403.47242,8700,0,,,,,,
1876,51868.85766,54992.34479,57769.28202,59892.97687,8700,0,,,,,,
1877,52014.62674,55146.89193,57931.63329,60061.29645,8700,0,,,,,,
1878,52972.67482,56162.63264,58998.66565,61167.5547,8700,0,,,,,,
1879,54141.70447,57402.06001,60300.68013,62517.43339,8700,0,,,,,,
1880,55185.10419,58508.29214,61462.77344,63722.24719,8700,0,,,,,,
1881,57095.44632,60533.67303,63590.42958,65928.1195,8700,0,,,,,,
1882,58038.15029,61533.14563,64640.37234,67016.6599,8700,0,,,,,,
1883,58940.57597,62489.91442,65645.45488,68058.69095,8700,0,,,,,,
1884,58737.26646,62274.36183,65419.01758,67823.92943,8700,0,,,,,,
1885,57209.56816,60654.66717,63717.53353,66059.896,8700,0,,,,,,
1886,57738.94008,61215.9173,64307.12499,66671.16183,8700,0,,,,,,
1887,57461.78703,60922.07439,63998.44396,66351.13317,8700,0,,,,,,
1888,56767.46589,60185.94197,63225.13921,65549.40045,8700,0,,,,,,
1889,56380.98603,59776.18871,62794.69472,65103.13211,8700,0,,,,,,
1890,56208.36476,59593.17237,62602.43665,64903.8063,8700,0,,,,,,
1891,57202.85511,60647.54987,63710.05683,66052.14444,8700,0,,,,,,
1892,57359.17327,60813.28134,63884.15721,66232.64504,8700,0,,,,,,
1893,56659.09809,60071.04838,63104.44386,65424.26814,8700,0,,,,,,
1894,55775.85256,59134.61475,62120.72333,64404.38441,8700,0,,,,,,
1895,55222.50546,58547.94568,61504.42935,63765.43444,8700,0,,,,,,
1896,56087.52986,59465.06092,62467.85598,64764.27823,8700,0,,,,,,
1897,52942.9456,56131.11316,58965.55454,61133.22636,8700,0,,,,,,
1898,50532.96078,53576.00163,56281.41806,58350.41657,8700,0,,,,,,
1899,49205.69496,52168.80929,54803.16701,56817.82255,8700,0,,,,,,
1900,48759.75666,51696.01706,54306.50029,56302.89753,8700,0,,,,,,
1901,49124.17936,52082.3849,54712.37847,56723.69647,8700,0,,,,,,
1902,50063.0473,53077.79047,55758.04883,57807.80741,8700,0,,,,,,
1903,50617.3534,53665.47629,56375.4109,58447.86474,8700,0,,,,,,
1904,50454.3222,53492.62752,56193.83383,58259.61259,8700,0,,,,,,
1905,49634.37113,52623.29988,55280.60792,57312.81498,8700,0,,,,,,
1906,48755.92063,51691.95003,54302.22789,56298.46807,8700,0,,,,,,
1907,48870.04248,51812.94417,54429.33185,56430.24458,8700,0,,,,,,
1908,47882.26517,50765.68397,53329.18836,55289.65799,8700,0,,,,,,
1909,46486.90985,49286.30184,51775.10218,53678.44102,8700,0,,,,,,
1910,46039.05354,48811.47611,51276.29926,53161.30128,8700,0,,,,,,
1911,45888.48942,48651.84518,51108.60748,52987.44487,8700,0,,,,,,
1912,46874.34872,49697.07187,52206.61477,54125.81673,8700,0,,,,,,
1913,49512.57723,52494.17168,55144.95916,57172.17955,8700,0,,,,,,
1914,52654.28447,55825.06917,58644.0563,60799.90932,8700,0,,,,,,
1915,55686.6649,59040.0563,62021.38999,64301.3994,8700,0,,,,,,
1916,57135.72462,60576.37685,63635.2898,65974.62886,8700,0,,,,,,
1917,56849.9405,60273.38312,63316.99585,65644.6339,8700,0,,,,,,
1918,56317.69156,59709.08271,62724.20009,65030.04597,8700,0,,,,,,
1919,55840.10603,59202.73749,62192.28606,64478.5779,8700,0,,,,,,
1920,55398.96277,58735.02906,61700.95985,63969.18972,8700,0,,,,,,
1921,52490.29425,55651.20363,58461.41111,60610.54979,8700,0,,,,,,
1922,50358.42149,53390.95177,56087.02378,58148.87603,8700,0,,,,,,
1923,49284.33354,52252.1834,54890.75125,56908.62653,8700,0,,,,,,
1924,49218.16205,52182.02713,54817.05231,56832.2183,8700,0,,,,,,
1925,50076.4734,53092.02507,55773.00224,57823.31053,8700,0,,,,,,
1926,52249.58347,55395.99751,58193.3179,60332.60102,8700,0,,,,,,
1927,55940.80178,59309.49703,62304.43661,64594.85129,8700,0,,,,,,
1928,59913.96817,63521.92326,66729.57686,69182.66706,8700,0,,,,,,
1929,63342.41852,67156.83122,70548.03603,73141.49913,8700,0,,,,,,
1930,62520.54945,66285.47007,69632.67394,72192.48681,8700,0,,,,,,
1931,61468.51866,65170.08711,68460.96771,70977.70671,8700,0,,,,,,
1932,59464.19384,63045.064,66228.63774,68663.31258,8700,0,,,,,,
1933,56441.40348,59840.24443,62861.98506,65172.89614,8700,0,,,,,,
1934,57986.36391,61478.24073,64582.69492,66956.86216,8700,0,,,,,,
1935,59028.80462,62583.4561,65743.72013,68160.56859,8700,0,,,,,,
1936,60506.63455,64150.27937,67389.66295,69867.019,8700,0,,,,,,
1937,62960.7337,66752.16175,70122.93205,72700.76762,8700,0,,,,,,
1938,64553.64448,68440.99591,71897.04693,74540.10191,8700,0,,,,,,
1939,66049.69555,70027.13758,73563.28366,76267.59228,8700,0,,,,,,
1940,65998.86817,69973.24943,73506.67433,76208.9019,8700,0,,,,,,
1941,64146.06647,68008.87399,71443.10423,74069.47153,8700,0,,,,,,
1942,62426.56675,66185.82783,69528.00009,72083.96497,8700,0,,,,,,
1943,61300.69242,64992.15456,68274.05013,70783.91773,8700,0,,,,,,
1944,61457.96959,65158.90279,68449.21862,70965.5257,8700,0,,,,,,
1945,58003.62604,61496.54237,64601.92073,66976.79474,8700,0,,,,,,
1946,55795.99171,59155.96666,62143.15344,64427.63909,8700,0,,,,,,
1947,54849.4517,58152.42702,61088.93827,63334.66921,8700,0,,,,,,
1948,54631.75709,57921.62307,60846.47946,63083.29722,8700,0,,,,,,
1949,55298.26702,58628.26952,61588.80929,63852.91632,8700,0,,,,,,
1950,57023.52079,60457.41623,63510.32205,65845.06708,8700,0,,,,,,
1951,59959.0415,63569.71085,66779.77758,69234.71324,8700,0,,,,,,
1952,62755.50618,66534.57565,69894.35855,72463.79138,8700,0,,,,,,
1953,65124.2537,69045.96661,72532.5667,75198.98445,8700,0,,,,,,
1954,63511.20377,67335.78054,70736.02172,73336.39548,8700,0,,,,,,
1955,61434.95342,65134.50061,68423.58421,70938.94893,8700,0,,,,,,
1956,58948.24802,62498.04847,65653.99968,68067.54987,8700,0,,,,,,
1957,55241.68561,58568.28084,61525.79137,63787.58176,8700,0,,,,,,
1958,56598.68064,60006.99266,63037.15353,65354.5041,8700,0,,,,,,
1959,57632.49029,61103.05722,64188.56584,66548.24424,8700,0,,,,,,
1960,59245.54022,62813.24329,65985.11083,68410.83321,8700,0,,,,,,
1961,61742.79469,65460.87975,68766.44445,71294.41328,8700,0,,,,,,
1962,63512.16278,67336.7973,70737.08982,73337.50285,8700,0,,,,,,
1963,64970.81257,68883.28542,72361.67064,75021.80596,8700,0,,,,,,
1964,65288.24392,69219.83214,72715.21189,75388.34398,8700,0,,,,,,
1965,63562.03115,67389.66869,70792.63105,73395.08587,8700,0,,,,,,
1966,62100.50434,65840.13029,69164.84593,71707.46066,8700,0,,,,,,
1967,60715.6981,64371.9325,67622.50885,70108.42471,8700,0,,,,,,
1968,60752.14037,64410.56929,67663.09667,70150.50461,8700,0,,,,,,
1969,57305.46887,60756.34292,63824.34358,66170.63257,8700,0,,,,,,
1970,55160.17,58481.85644,61435.00282,63693.45567,8700,0,,,,,,
1971,54275.96546,57544.40605,60450.21419,62672.46457,8700,0,,,,,,
1972,54083.20504,57340.03781,60235.526,62449.88409,8700,0,,,,,,
1973,54774.64915,58073.11994,61005.62644,63248.2947,8700,0,,,,,,
1974,56453.87057,59853.46228,62875.87036,65187.29189,8700,0,,,,,,
1975,59032.64065,62587.52313,65747.99253,68164.99805,8700,0,,,,,,
1976,62054.472,65791.32594,69113.57711,71654.30711,8700,0,,,,,,
1977,65400.44775,69338.79277,72840.17965,75517.90576,8700,0,,,,,,
1978,64665.84831,68559.95654,72022.01468,74669.66369,8700,0,,,,,,
1979,63091.15867,66890.44077,70268.19372,72851.36935,8700,0,,,,,,
1980,60890.23739,64556.98236,67816.90314,70309.96525,8700,0,,,,,,
1981,56932.41511,60360.82426,63408.85249,65739.86734,8700,0,,,,,,
1982,58323.9344,61836.13935,64958.66627,67346.65485,8700,0,,,,,,
1983,58579.03029,62106.59684,65242.781,67641.21411,8700,0,,,,,,
1984,59665.58533,63258.58307,66452.93884,68895.85936,8700,0,,,,,,
1985,61757.1798,65476.13112,68782.46596,71311.02377,8700,0,,,,,,
1986,62880.17711,66666.75413,70033.21162,72607.74892,8700,0,,,,,,
1987,64123.0503,67984.47181,71417.46982,74042.89475,8700,0,,,,,,
1988,64523.91526,68409.47643,71863.93581,74505.77358,8700,0,,,,,,
1989,63181.30533,66986.01596,70368.59515,72955.46171,8700,0,,,,,,
1990,61703.4754,65419.1927,68722.65233,71249.01129,8700,0,,,,,,
1991,60497.04448,64140.1118,67378.98194,69855.94535,8700,0,,,,,,
1992,60468.27427,64109.60908,67346.93893,69822.72438,8700,0,,,,,,
1993,56826.92433,60248.98094,63291.36144,65618.05712,8700,0,,,,,,
1994,54720.94475,58016.18152,60945.81281,63186.28222,8700,0,,,,,,
1995,53657.40589,56888.59749,59761.28939,61958.21375,8700,0,,,,,,
1996,53417.65411,56634.40811,59494.26427,61681.37234,8700,0,,,,,,
1997,54055.39383,57310.55183,60204.55108,62417.77048,8700,0,,,,,,
1998,55663.64873,59015.65412,61995.75558,64274.82263,8700,0,,,,,,
1999,58372.84377,61887.99399,65013.13941,67403.1305,8700,0,,,,,,
2000,60928.59767,64597.65266,67859.62715,70354.25987,8700,0,,,,,,
2001,62792.90746,66574.22919,69936.01447,72506.97864,8700,0,,,,,,
2002,60768.44349,64427.85417,67681.25438,70169.32982,8700,0,,,,,,
2003,59024.00958,62578.37231,65738.37962,68155.03175,8700,0,,,,,,
2004,56851.85852,60275.41664,63319.13206,65646.84863,8700,0,,,,,,
2005,53573.97227,56800.13958,59668.36465,61861.87294,8700,0,,,,,,
2006,55089.20348,58406.6164,61355.96339,63611.51062,8700,0,,,,,,
2007,56304.26547,59694.84812,62709.24669,65014.54287,8700,0,,,,,,
2008,58206.93554,61712.09495,64828.35802,67211.55625,8700,0,,,,,,
2009,60800.09072,64461.40716,67716.50169,70205.87288,8700,0,,,,,,
2010,62537.81157,66303.7717,69651.89974,72212.41938,8700,0,,,,,,
2011,64024.27257,67879.74579,71307.45547,73928.8361,8700,0,,,,,,
2012,64664.88931,68558.93979,72020.94659,74668.55633,8700,0,,,,,,
2013,63145.82207,66948.39594,70329.07544,72914.48919,8700,0,,,,,,
2014,61575.92746,65283.96396,68580.59497,71101.73167,8700,0,,,,,,
2015,60340.72632,63974.38032,67204.88156,69675.44475,8700,0,,,,,,
2016,60161.392,63784.24668,67005.14678,69468.36739,8700,0,,,,,,
2017,56547.85327,59953.10452,62980.54421,65295.81373,8700,0,,,,,,
2018,54285.55553,57554.57363,60460.89519,62683.53823,8700,0,,,,,,
2019,53347.6466,56560.18482,59416.29294,61600.53466,8700,0,,,,,,
2020,53089.67369,56286.67706,59128.97391,61302.65331,8700,0,,,,,,
2021,53666.03695,56897.7483,59770.90229,61968.18004,8700,0,,,,,,
2022,55353.88944,58687.24146,61650.75913,63917.14354,8700,0,,,,,,
2023,58180.08334,61683.62574,64798.45121,67180.55001,8700,0,,,,,,
2024,60979.42505,64651.54081,67916.23648,70412.95026,8700,0,,,,,,
2025,63312.6893,67125.31174,70514.92492,73107.1708,8700,0,,,,,,
2026,61132.86618,64814.222,68087.13255,70590.12875,8700,0,,,,,,
2027,58995.23937,62547.86959,65706.33661,68121.81079,8700,0,,,,,,
2028,57848.26689,61331.82765,64428.88845,66797.40151,8700,0,,,,,,
2029,55571.58405,58918.04541,61893.21793,64168.51553,8700,0,,,,,,
2030,57253.68249,60701.43802,63766.66616,66110.83483,8700,0,,,,,,
2031,57620.9822,61090.85612,64175.74863,66534.95585,8700,0,,,,,,
2032,58627.93965,62158.45147,65297.25412,67697.68975,8700,0,,,,,,
2033,60069.32731,63686.63796,66902.60913,69362.06028,8700,0,,,,,,
2034,60990.93313,64663.74189,67929.05368,70426.23864,8700,0,,,,,,
2035,62074.61115,65812.67784,69136.00722,71677.56179,8700,0,,,,,,
2036,62405.46859,66163.45917,69504.50187,72059.60292,8700,0,,,,,,
2037,61147.25129,64829.47337,68103.15406,70606.73924,8700,0,,,,,,
2038,59926.43526,63535.1411,66743.46217,69197.06281,8700,0,,,,,,
2039,58842.75724,62386.20515,65536.50863,67945.73965,8700,0,,,,,,
2040,58891.6666,62438.05978,65590.98175,68002.2153,8700,0,,,,,,
2041,55205.24334,58529.64405,61485.20355,63745.50186,8700,0,,,,,,
2042,52883.48716,56068.0742,58899.33231,61064.56969,8700,0,,,,,,
2043,51776.79298,54894.73608,57666.74437,59786.66978,8700,0,,,,,,
2044,51520.73808,54623.26183,57381.56154,59491.00315,8700,0,,,,,,
2045,51772.95695,54890.66905,57662.47197,59782.24031,8700,0,,,,,,
2046,52557.42475,55722.37666,58536.17815,60688.06538,8700,0,,,,,,
2047,53542.32504,56766.58659,59633.11734,61825.32988,8700,0,,,,,,
2048,53813.72404,57054.32895,59935.38976,62138.71434,8700,0,,,,,,
2049,54660.52731,57952.12581,60878.52249,63116.51819,8700,0,,,,,,
2050,54906.99213,58213.43247,61153.0243,63401.11115,8700,0,,,,,,
2051,55775.85256,59134.61475,62120.72333,64404.38441,8700,0,,,,,,
2052,55901.48249,59267.80998,62260.64449,64549.4493,8700,0,,,,,,
2053,54953.98348,58263.25359,61205.36123,63455.37207,8700,0,,,,,,
2054,56249.60206,59636.89294,62648.36496,64951.42302,8700,0,,,,,,
2055,56247.68405,59634.85943,62646.22876,64949.20829,8700,0,,,,,,
2056,56174.79951,59557.58586,62565.05313,64865.0485,8700,0,,,,,,
2057,56300.42944,59690.78109,62704.97429,65010.1134,8700,0,,,,,,
2058,56145.07029,59526.06638,62531.94201,64830.72017,8700,0,,,,,,
2059,56729.10561,60145.27168,63182.4152,65505.10583,8700,0,,,,,,
2060,56934.33313,60362.85778,63410.9887,65742.08208,8700,0,,,,,,
2061,56119.1771,59498.61393,62503.1033,64800.8213,8700,0,,,,,,
2062,55277.16887,58605.90086,61565.31109,63828.55428,8700,0,,,,,,
2063,54789.99326,58089.38806,61022.71604,63266.01254,8700,0,,,,,,
2064,55192.77624,58516.4262,61471.31824,63731.1061,8700,0,,,,,,
2065,51922.56206,55049.28322,57829.09565,59954.98935,8700,0,,,,,,
2066,49341.87397,52313.18885,54954.83728,56975.06847,8700,0,,,,,,
2067,48088.4517,50984.28683,53558.82997,55527.74161,8700,0,,,,,,
2068,47702.93084,50575.55032,53129.45357,55082.58062,8700,0,,,,,,
2069,48003.10006,50893.79541,53463.76902,55429.18606,8700,0,,,,,,
2070,48668.65099,51599.4251,54205.03075,56197.6978,8700,0,,,,,,
2071,49249.80929,52215.58013,54852.29964,56868.76137,8700,0,,,,,,
2072,49502.02815,52482.98734,55133.21005,57159.99852,8700,0,,,,,,
2073,49748.49297,52744.29401,55407.71187,57444.59148,8700,0,,,,,,
2074,49954.6795,52962.89687,55637.35348,57682.6751,8700,0,,,,,,
2075,50525.28872,53567.86757,56272.87326,58341.55764,8700,0,,,,,,
2076,50134.01383,53153.03052,55837.08827,57889.75247,8700,0,,,,,,
2077,49099.24517,52055.9492,54684.60786,56694.90496,8700,0,,,,,,
2078,48785.64985,51723.46951,54335.339,56332.7964,8700,0,,,,,,
2079,48353.13765,51264.91189,53853.62569,55833.37451,8700,0,,,,,,
2080,48268.74503,51175.43723,53759.63285,55735.92634,8700,0,,,,,,
2081,49547.10148,52530.77494,55183.41077,57212.0447,8700,0,,,,,,
2082,51792.13709,54911.00419,57683.83398,59804.38762,8700,0,,,,,,
2083,54052.51681,57307.50156,60201.34678,62414.44839,8700,0,,,,,,
2084,55504.45355,58846.87238,61818.4509,64090.99993,8700,0,,,,,,
2085,55246.48064,58573.36462,61531.13187,63793.11858,8700,0,,,,,,
2086,54481.19298,57761.99215,60678.78769,62909.44082,8700,0,,,,,,
2087,54140.74546,57401.04325,60299.61203,62516.32602,8700,0,,,,,,
2088,53498.21071,56719.81574,59583.98471,61774.39106,8700,0,,,,,,
2089,50447.60915,53485.51022,56186.35712,58251.86103,8700,0,,,,,,
2090,48153.66418,51053.42634,53631.4608,55603.04247,8700,0,,,,,,
2091,47159.17382,49999.04883,52523.8406,54454.70431,8700,0,,,,,,
2092,47055.60106,49889.23903,52408.48576,54335.10883,8700,0,,,,,,
2093,47821.84772,50701.62824,53261.89803,55219.89396,8700,0,,,,,,
2094,49953.72049,52961.88011,55636.28537,57681.56773,8700,0,,,,,,
2095,53229.68872,56435.12365,59284.91658,61464.32868,8700,0,,,,,,
2096,57412.87767,60870.21976,63943.97084,66294.65752,8700,0,,,,,,
2097,61659.36108,65372.42186,68673.51972,71198.07248,8700,0,,,,,,
2098,60860.50817,64525.46288,67783.79202,70275.63692,8700,0,,,,,,
2099,59316.50675,62888.48335,66064.15027,68492.77827,8700,0,,,,,,
2100,57255.6005,60703.47153,63768.80235,66113.04955,8700,0,,,,,,
2101,54397.75936,57673.53425,60585.86295,62813.10001,8700,0,,,,,,
2102,56279.33128,59668.41242,62681.47607,64985.75135,8700,0,,,,,,
2103,58427.50717,61945.94916,65074.02113,67466.25034,8700,0,,,,,,
2104,59783.5432,63383.64423,66584.31519,69032.06533,8700,0,,,,,,
2105,61718.81952,65435.46082,68739.74195,71266.72915,8700,0,,,,,,
2106,62687.41668,66462.38587,69818.52342,72385.16842,8700,0,,,,,,
2107,63460.3764,67281.8924,70679.4124,73277.70511,8700,0,,,,,,
2108,64079.89498,67938.71772,71369.4053,73993.0633,8700,0,,,,,,
2109,62371.90335,66127.87266,69467.11837,72020.84514,8700,0,,,,,,
2110,60796.25469,64457.34013,67712.22929,70201.44342,8700,0,,,,,,
2111,59454.60377,63034.89642,66217.95673,68652.23892,8700,0,,,,,,
2112,59110.32022,62669.88049,65834.50866,68254.69466,8700,0,,,,,,
2113,55379.78263,58714.69391,61679.59784,63947.04241,8700,0,,,,,,
2114,53402.31,56618.13999,59477.17467,61663.6545,8700,0,,,,,,
2115,52584.27695,55750.84587,58566.08497,60719.07162,8700,0,,,,,,
2116,52380.96745,55535.29329,58339.64767,60484.31012,8700,0,,,,,,
2117,52956.3717,56145.34777,58980.50795,61148.72948,8700,0,,,,,,
2118,54604.9049,57893.15387,60816.57266,63052.29099,8700,0,,,,,,
2119,57269.0266,60717.70613,63783.75576,66128.55267,8700,0,,,,,,
2120,59965.75455,63576.82816,66787.25428,69242.4648,8700,0,,,,,,
2121,62362.31328,66117.70509,69456.43736,72009.77148,8700,0,,,,,,
2122,60976.54802,64648.49053,67913.03217,70409.62815,8700,0,,,,,,
2123,58686.43909,62220.47369,65362.40826,67765.23906,8700,0,,,,,,
2124,56297.55242,59687.73082,62701.76999,65006.79131,8700,0,,,,,,
2125,52997.60901,56189.06834,59026.43627,61196.34621,8700,0,,,,,,
2126,54559.83156,57845.36626,60766.37193,63000.2448,8700,0,,,,,,
2127,55872.71227,59237.30725,62228.60147,64516.22833,8700,0,,,,,,
2128,57452.19696,60911.90682,63987.76295,66340.05951,8700,0,,,,,,
2129,59892.87001,63499.55459,66706.07865,69158.30501,8700,0,,,,,,
2130,61588.39455,65297.1818,68594.48028,71116.12742,8700,0,,,,,,
2131,62854.28391,66639.30166,70004.37289,72577.85003,8700,0,,,,,,
2132,63606.14548,67436.43953,70841.76367,73446.02469,8700,0,,,,,,
2133,62199.28207,65944.85631,69274.86028,71821.51932,8700,0,,,,,,
2134,60845.16405,64509.19476,67766.70241,70257.91906,8700,0,,,,,,
2135,59643.52816,63235.19764,66428.37252,68870.38994,8700,0,,,,,,
2136,59044.14873,62599.72422,65760.80973,68178.28643,8700,0,,,,,,
2137,55278.12788,58606.91762,61566.37919,63829.66165,8700,0,,,,,,
2138,53279.55709,56487.99504,59340.4578,61521.91169,8700,0,,,,,,
2139,52424.12277,55581.04738,58387.71219,60534.14157,8700,0,,,,,,
2140,52256.29652,55403.11481,58200.7946,60340.35258,8700,0,,,,,,
2141,53049.39539,56243.97324,59084.11369,61256.14395,8700,0,,,,,,
2142,54655.73227,57947.04201,60873.18198,63110.98136,8700,0,,,,,,
2143,56557.44334,59963.27209,62991.22521,65306.88739,8700,0,,,,,,
2144,58508.06377,62031.3568,65163.74157,67559.26906,8700,0,,,,,,
2145,60866.26221,64531.56342,67790.20062,70282.28111,8700,0,,,,,,
2146,59605.16788,63194.52734,66385.6485,68826.09532,8700,0,,,,,,
2147,58112.95284,61612.45271,64723.68417,67103.03441,8700,0,,,,,,
2148,56066.43171,59442.69226,62444.35778,64739.91619,8700,0,,,,,,
2149,53349.56461,56562.21833,59418.42914,61602.74939,8700,0,,,,,,
2150,55095.91653,58413.7337,61363.4401,63619.26218,8700,0,,,,,,
2151,56395.37114,59791.44008,62810.71623,65119.74259,8700,0,,,,,,
2152,58195.42745,61699.89385,64815.54081,67198.26786,8700,0,,,,,,
2153,60603.49427,64252.97188,67497.5411,69978.86294,8700,0,,,,,,
2154,61528.93611,65234.14284,68528.25805,71047.47075,8700,0,,,,,,
2155,62381.49342,66138.04024,69477.79937,72031.91879,8700,0,,,,,,
2156,63059.51143,66856.88777,70232.9464,72814.82628,8700,0,,,,,,
2157,61835.81838,65559.50523,68870.0502,71401.82775,8700,0,,,,,,
2158,60497.04448,64140.1118,67378.98194,69855.94535,8700,0,,,,,,
2159,58861.93738,62406.5403,65557.87064,67967.88696,8700,0,,,,,,
2160,58586.70235,62114.73091,65251.32581,67650.07304,8700,0,,,,,,
2161,55012.48291,58325.2758,61270.51535,63522.92137,8700,0,,,,,,
2162,53243.11482,56449.35825,59299.86998,61479.8318,8700,0,,,,,,
2163,52229.44433,55374.64561,58170.8878,60309.34635,8700,0,,,,,,
2164,51898.58688,55023.86428,57802.39313,59927.30521,8700,0,,,,,,
2165,52474.95014,55634.93552,58444.32151,60592.83194,8700,0,,,,,,
2166,53944.14901,57192.60797,60080.65143,62289.31607,8700,0,,,,,,
2167,56308.10149,59698.91514,62713.51909,65018.97232,8700,0,,,,,,
2168,58463.94944,61984.58595,65114.60895,67508.33023,8700,0,,,,,,
2169,60437.58604,64077.07283,67312.75972,69787.28868,8700,0,,,,,,
2170,59546.66845,63132.50514,66320.49438,68758.54602,8700,0,,,,,,
2171,58971.26419,62522.45065,65679.63409,68094.12664,8700,0,,,,,,
2172,57953.75767,61443.67098,64546.3795,66919.21173,8700,0,,,,,,
2173,55846.81908,59209.8548,62199.76276,64486.32946,8700,0,,,,,,
2174,58375.72079,61891.04426,65016.34371,67406.4526,8700,0,,,,,,
2175,59870.81285,63476.16917,66681.51234,69132.8356,8700,0,,,,,,
2176,60772.27951,64431.92119,67685.52677,70173.75927,8700,0,,,,,,
2177,62318.19895,66070.93424,69407.30474,71958.83266,8700,0,,,,,,
2178,62541.6476,66307.83873,69656.17214,72216.84884,8700,0,,,,,,
2179,63091.15867,66890.44077,70268.19372,72851.36935,8700,0,,,,,,
2180,63478.59753,67301.21078,70699.7063,73298.74505,8700,0,,,,,,
2181,61987.3415,65720.15291,69038.81007,71576.79152,8700,0,,,,,,
2182,60325.38221,63958.11221,67187.79196,69657.7269,8700,0,,,,,,
2183,58801.51994,62342.48458,65490.58032,67898.12294,8700,0,,,,,,
2184,58358.45866,61872.74263,64997.11789,67386.52002,8700,0,,,,,,
2185,54756.42802,58053.80155,60985.33253,63227.25475,8700,0,,,,,,
2186,52613.04716,55781.34859,58598.12798,60752.29259,8700,0,,,,,,
2187,51615.67979,54723.92082,57487.3035,59600.63235,8700,0,,,,,,
2188,51220.56886,54305.01674,57047.24609,59144.39771,8700,0,,,,,,
2189,51870.77567,54994.37831,57771.41821,59895.1916,8700,0,,,,,,
2190,53256.54092,56463.59286,59314.82339,61495.33492,8700,0,,,,,,
2191,55572.54305,58919.06216,61894.28603,64169.62289,8700,0,,,,,,
2192,58000.74901,61493.49208,64598.71641,66973.47264,8700,0,,,,,,
2193,60747.34533,64405.4855,67657.75617,70144.96777,8700,0,,,,,,
2194,60067.4093,63684.60445,66900.47293,69359.84555,8700,0,,,,,,
2195,58734.38944,62271.31156,65415.81328,67820.60734,8700,0,,,,,,
2196,57076.26618,60513.33789,63569.06757,65905.97219,8700,0,,,,,,
2197,54174.31071,57436.62976,60336.99554,62555.08382,8700,0,,,,,,
2198,56971.7344,60402.51131,63452.64461,65785.26933,8700,0,,,,,,
2199,58712.33228,62247.92614,65391.24697,67795.13793,8700,0,,,,,,
2200,59712.57668,63308.40419,66505.27576,68950.12028,8700,0,,,,,,
2201,60935.31072,64604.76996,67867.10386,70362.01143,8700,0,,,,,,
2202,61020.66235,64695.26138,67962.1648,70460.56697,8700,0,,,,,,
2203,61535.64916,65241.26014,68535.73475,71055.22231,8700,0,,,,,,
2204,61951.85824,65682.53289,68999.29036,71535.81899,8700,0,,,,,,
2205,60592.94519,64241.78755,67485.79199,69966.68191,8700,0,,,,,,
2206,59220.60604,62786.8076,65957.34022,68382.04171,8700,0,,,,,,
2207,57835.79979,61318.6098,64415.00313,66783.00575,8700,0,,,,,,
2208,57448.36093,60907.83978,63983.49055,66335.63005,8700,0,,,,,,
2209,53931.68192,57179.39013,60066.76613,62274.92032,8700,0,,,,,,
2210,51821.86631,54942.52368,57716.94509,59838.71596,8700,0,,,,,,
2211,50765.04049,53822.05694,56539.89837,58618.39904,8700,0,,,,,,
2212,50107.16163,53124.56131,55807.18145,57858.74623,8700,0,,,,,,
2213,50237.58659,53262.84033,55952.44311,58009.34795,8700,0,,,,,,
2214,51094.93893,54171.82151,56907.32493,58999.33281,8700,0,,,,,,
2215,51885.16078,55009.62967,57787.43972,59911.80209,8700,0,,,,,,
2216,52811.56163,55991.81739,58819.22478,60981.51727,8700,0,,,,,,
2217,54625.04404,57914.50577,60839.00276,63075.54566,8700,0,,,,,,
2218,54986.58972,58297.82334,61241.67664,63493.0225,8700,0,,,,,,
2219,55745.16433,59102.07851,62086.54411,64368.9487,8700,0,,,,,,
2220,55963.81795,59333.89921,62330.07102,64621.42807,8700,0,,,,,,
2221,55141.94887,58462.53806,61414.70892,63672.41573,8700,0,,,,,,
2222,56388.65809,59784.32277,62803.23953,65111.99103,8700,0,,,,,,
2223,56594.84461,60002.92562,63032.88113,65350.07464,8700,0,,,,,,
2224,56380.02703,59775.17196,62793.62663,65102.02475,8700,0,,,,,,
2225,56137.39823,59517.93231,62523.3972,64821.86124,8700,0,,,,,,
2226,55763.38546,59121.39689,62106.83802,64389.98865,8700,0,,,,,,
2227,56163.29142,59545.38476,62552.23592,64851.76011,8700,0,,,,,,
2228,56605.39369,60014.10996,63044.63023,65362.25566,8700,0,,,,,,
2229,55840.10603,59202.73749,62192.28606,64478.5779,8700,0,,,,,,
2230,55009.60589,58322.22552,61267.31105,63519.59928,8700,0,,,,,,
2231,54260.62135,57528.13794,60433.12459,62654.74673,8700,0,,,,,,
2232,54257.74433,57525.08766,60429.92029,62651.42463,8700,0,,,,,,
2233,51140.01227,54219.60911,56957.52566,59051.379,8700,0,,,,,,
2234,48886.3456,51830.22905,54447.48956,56449.0698,8700,0,,,,,,
2235,47613.74318,50480.99187,53030.12022,54979.59562,8700,0,,,,,,
2236,47181.23099,50022.43426,52548.40692,54480.17373,8700,0,,,,,,
2237,47462.22006,50320.34419,52861.36035,54804.63185,8700,0,,,,,,
2238,48242.85184,51147.98478,53730.79414,55706.02747,8700,0,,,,,,
2239,48848.94432,51790.5755,54405.83363,56405.88254,8700,0,,,,,,
2240,49392.70134,52367.07699,55011.4466,57033.75884,8700,0,,,,,,
2241,49661.22333,52651.76909,55310.51473,57343.82122,8700,0,,,,,,
2242,50083.18645,53099.14237,55780.47894,57831.06209,8700,0,,,,,,
2243,50491.72347,53532.28106,56235.48974,58302.79984,8700,0,,,,,,
2244,49856.86078,52859.18761,55528.40723,57569.72381,8700,0,,,,,,
2245,48937.17297,51884.11719,54504.09887,56507.76017,8700,0,,,,,,
2246,48603.4385,51530.28559,54132.39991,56122.39693,8700,0,,,,,,
2247,48669.60999,51600.44185,54206.09884,56198.80516,8700,0,,,,,,
2248,49346.669,52318.27263,54960.17778,56980.60529,8700,0,,,,,,
2249,50505.14957,53546.51566,56250.44315,58318.30296,8700,0,,,,,,
2250,52350.27922,55502.75705,58305.46845,60448.87441,8700,0,,,,,,
2251,54044.84475,57299.3675,60192.80198,62405.58946,8700,0,,,,,,
2252,55411.42986,58748.2469,61714.84515,63983.58547,8700,0,,,,,,
2253,55145.7849,58466.60509,61418.98132,63676.8452,8700,0,,,,,,
2254,54206.91695,57471.19951,60373.31096,62592.73425,8700,0,,,,,,
2255,53585.48036,56812.34068,59681.18186,61875.16134,8700,0,,,,,,
2256,52690.72674,55863.70595,58684.64412,60841.98921,8700,0,,,,,,
2257,49688.07553,52680.2383,55340.42155,57374.82746,8700,0,,,,,,
2258,47805.5446,50684.34337,53243.74032,55201.06874,8700,0,,,,,,
2259,46882.97978,49706.22268,52216.22767,54135.78302,8700,0,,,,,,
2260,46890.65184,49714.35674,52224.77248,54144.64195,8700,0,,,,,,
2261,47704.84886,50577.58384,53131.58978,55084.79536,8700,0,,,,,,
2262,49655.46929,52645.66854,55304.10613,57337.17703,8700,0,,,,,,
2263,52990.89596,56181.95104,59018.95957,61188.59465,8700,0,,,,,,
2264,55944.63781,59313.56407,62308.70902,64599.28076,8700,0,,,,,,
2265,58518.61284,62042.54112,65175.49067,67571.45007,8700,0,,,,,,
2266,57827.16873,61309.45898,64405.39023,66773.03946,8700,0,,,,,,
2267,56803.90816,60224.57876,63265.72703,65591.48035,8700,0,,,,,,
2268,54931.92631,58239.86816,61180.79491,63429.90265,8700,0,,,,,,
2269,52127.78957,55266.86931,58057.66914,60191.96559,8700,0,,,,,,
2270,53682.34007,56915.03318,59789.06,61987.00526,8700,0,,,,,,
2271,55260.86575,58588.61598,61547.15338,63809.72907,8700,0,,,,,,
2272,56811.58022,60232.71282,63274.27184,65600.33927,8700,0,,,,,,
2273,59318.42476,62890.51686,66066.28646,68494.993,8700,0,,,,,,
2274,61324.6676,65017.5735,68300.75265,70811.60188,8700,0,,,,,,
2275,62690.2937,66465.43614,69821.72772,72388.49052,8700,0,,,,,,
2276,63515.99881,67340.86433,70741.36222,73341.93232,8700,0,,,,,,
2277,62065.98008,65803.52702,69126.39431,71667.5955,8700,0,,,,,,
2278,60410.73384,64048.60362,67282.8529,69756.28244,8700,0,,,,,,
2279,59089.22206,62647.51182,65811.01045,68230.33261,8700,0,,,,,,
2280,58706.57823,62241.82558,65384.83836,67788.49373,8700,0,,,,,,
2281,55236.89057,58563.19704,61520.45086,63782.04493,8700,0,,,,,,
2282,53393.67894,56608.98918,59467.56177,61653.68821,8700,0,,,,,,
2283,52738.67709,55914.54382,58738.04914,60897.35749,8700,0,,,,,,
2284,52500.84333,55662.38797,58473.16022,60622.73081,8700,0,,,,,,
2285,53098.30475,56295.82787,59138.58681,61312.61959,8700,0,,,,,,
2286,54290.35057,57559.65742,60466.2357,62689.07506,8700,0,,,,,,
2287,56778.97398,60198.14307,63237.95642,65562.68885,8700,0,,,,,,
2288,59434.46462,63013.54451,66195.52662,68628.98424,8700,0,,,,,,
2289,62373.82136,66129.90617,69469.25456,72023.05986,8700,0,,,,,,
2290,61604.69767,65314.46668,68612.63798,71134.95264,8700,0,,,,,,
2291,59170.73767,62733.93621,65901.79899,68324.4587,8700,0,,,,,,
2292,56384.82206,59780.25574,62798.96713,65107.56157,8700,0,,,,,,
2293,52800.05355,55979.61631,58806.40758,60968.22889,8700,0,,,,,,
2294,54438.03766,57716.23807,60630.72317,62859.60936,8700,0,,,,,,
2295,55688.58291,59042.08981,62023.52618,64303.61413,8700,0,,,,,,
2296,57528.91752,60993.24741,64073.21098,66428.64875,8700,0,,,,,,
2297,59969.59058,63580.89519,66791.52669,69246.89426,8700,0,,,,,,
2298,61770.6059,65490.36572,68797.41937,71326.52689,8700,0,,,,,,
2299,63188.01838,66993.13327,70376.07186,72963.21327,8700,0,,,,,,
2300,63890.97058,67738.4165,71158.9895,73774.91227,8700,0,,,,,,
2301,62393.96051,66151.25808,69491.68467,72046.31454,8700,0,,,,,,
2302,60781.86958,64442.08876,67696.20778,70184.83293,8700,0,,,,,,
2303,59415.28448,62993.20937,66174.16462,68606.83693,8700,0,,,,,,
2304,58959.75611,62510.24957,65666.81689,68080.83826,8700,0,,,,,,
2305,55270.45582,58598.78356,61557.83438,63820.80272,8700,0,,,,,,
2306,53331.34348,56542.89995,59398.13524,61581.70945,8700,0,,,,,,
2307,52637.02234,55806.76753,58624.83049,60779.97673,8700,0,,,,,,
2308,52465.36007,55624.76794,58433.64051,60581.75829,8700,0,,,,,,
2309,53000.48603,56192.11861,59029.64057,61199.6683,8700,0,,,,,,
2310,54479.27497,57759.95864,60676.6515,62907.22609,8700,0,,,,,,
2311,56820.21128,60241.86363,63283.88474,65610.30556,8700,0,,,,,,
2312,58276.94306,61786.31824,64906.32936,67292.39394,8700,0,,,,,,
2313,59774.91214,63374.49342,66574.70229,69022.09904,8700,0,,,,,,
2314,58486.0066,62007.97137,65139.17525,67533.79964,8700,0,,,,,,
2315,57361.09128,60815.31485,63886.2934,66234.85977,8700,0,,,,,,
2316,55503.49454,58845.85562,61817.38279,64089.89257,8700,0,,,,,,
2317,52426.99979,55584.09765,58390.91649,60537.46367,8700,0,,,,,,
2318,54467.76688,57747.75755,60663.83429,62893.9377,8700,0,,,,,,
2319,55885.17937,59250.5251,62242.48679,64530.62409,8700,0,,,,,,
2320,57548.09767,61013.58256,64094.573,66450.79607,8700,0,,,,,,
2321,59671.33937,63264.68361,66459.34744,68902.50355,8700,0,,,,,,
2322,61122.3171,64803.03767,68075.38345,70577.94773,8700,0,,,,,,
2323,62397.79654,66155.32511,69495.95708,72050.74401,8700,0,,,,,,
2324,63571.62122,67399.83626,70803.31205,73406.15952,8700,0,,,,,,
2325,62308.60888,66060.76667,69396.62373,71947.759,8700,0,,,,,,
2326,60782.82859,64443.10552,67697.27588,70185.9403,8700,0,,,,,,
2327,59421.03852,62999.30991,66180.57322,68613.48112,8700,0,,,,,,
2328,58872.48646,62417.72463,65569.61974,67980.06799,8700,0,,,,,,
2329,55363.47951,58697.40903,61661.44013,63928.21719,8700,0,,,,,,
2330,53386.96589,56601.87188,59460.08506,61645.93665,8700,0,,,,,,
2331,52564.1378,55729.49396,58543.65485,60695.81694,8700,0,,,,,,
2332,52299.45184,55448.8689,58248.85912,60390.18403,8700,0,,,,,,
2333,52820.19269,56000.9682,58828.83768,60991.48356,8700,0,,,,,,
2334,54333.50589,57605.41151,60514.30022,62738.90651,8700,0,,,,,,
2335,56704.17142,60118.83598,63154.64458,65476.31432,8700,0,,,,,,
2336,58527.24391,62051.69194,65185.10358,67581.41637,8700,0,,,,,,
2337,60185.36717,63809.66561,67031.84929,69496.05152,8700,0,,,,,,
2338,58617.39057,62147.26714,65285.50502,67685.50873,8700,0,,,,,,
2339,57282.4527,60731.94074,63798.70917,66144.05579,8700,0,,,,,,
2340,55208.12036,58532.69432,61488.40785,63748.82396,8700,0,,,,,,
2341,52084.63425,55221.11522,58009.60462,60142.13413,8700,0,,,,,,
2342,54021.82858,57274.96532,60167.16757,62379.01268,8700,0,,,,,,
2343,55644.46859,58995.31898,61974.39357,64252.67532,8700,0,,,,,,
2344,57454.11497,60913.94033,63989.89915,66342.27424,8700,0,,,,,,
2345,59805.60036,63407.02965,66608.8815,69057.53473,8700,0,,,,,,
2346,61498.24788,65201.60659,68494.07883,71012.03505,8700,0,,,,,,
2347,63177.4693,66981.94893,70364.32275,72951.03225,8700,0,,,,,,
2348,63971.52718,67823.82413,71248.70995,73867.93099,8700,0,,,,,,
2349,62514.7954,66279.36952,69626.26533,72185.84261,8700,0,,,,,,
2350,60898.86845,64566.13318,67826.51604,70319.93154,8700,0,,,,,,
2351,59655.03625,63247.39873,66441.18973,68883.67833,8700,0,,,,,,
2352,59130.45937,62691.23239,65856.93877,68277.94934,8700,0,,,,,,
2353,55573.50206,58920.07892,61895.35413,64170.73026,8700,0,,,,,,
2354,53622.88163,56851.99421,59722.83777,61918.34859,8700,0,,,,,,
2355,52534.40858,55697.97448,58510.54374,60661.48861,8700,0,,,,,,
2356,52382.88546,55537.3268,58341.78387,60486.52484,8700,0,,,,,,
2357,53070.49355,56266.34191,59107.61191,61280.506,8700,0,,,,,,
2358,54541.61043,57826.04788,60746.07803,62979.20485,8700,0,,,,,,
2359,56730.06461,60146.28843,63183.48329,65506.21319,8700,0,,,,,,
2360,58389.14689,61905.27887,65031.29711,67421.95572,8700,0,,,,,,
2361,59826.69852,63429.39832,66632.37971,69081.89678,8700,0,,,,,,
2362,58907.96972,62455.34465,65609.13946,68021.04051,8700,0,,,,,,
2363,58123.50192,61623.63704,64735.43328,67115.21544,8700,0,,,,,,
2364,56806.78518,60227.62903,63268.93133,65594.80244,8700,0,,,,,,
2365,54283.63752,57552.54012,60458.759,62681.3235,8700,0,,,,,,
2366,56100.95596,59479.29553,62482.80939,64779.78135,8700,0,,,,,,
2367,57322.731,60774.64455,63843.56939,66190.56515,8700,0,,,,,,
2368,58723.84036,62260.12722,65404.06417,67808.42631,8700,0,,,,,,
2369,60743.5093,64401.41846,67653.48376,70140.53831,8700,0,,,,,,
2370,61461.80561,65162.96981,68453.49101,70969.95515,8700,0,,,,,,
2371,62182.97895,65927.57144,69256.70257,71802.69411,8700,0,,,,,,
2372,62814.96462,66597.61461,69960.58077,72532.44804,8700,0,,,,,,
2373,61714.98349,65431.39379,68735.46954,71262.29969,8700,0,,,,,,
2374,60515.26561,64159.43018,67399.27585,69876.98529,8700,0,,,,,,
2375,59147.7215,62709.53403,65876.16458,68297.88192,8700,0,,,,,,
2376,58983.73128,62535.66849,65693.5194,68108.52239,8700,0,,,,,,
2377,55395.12674,58730.96203,61696.68744,63964.76025,8700,0,,,,,,
2378,53283.39312,56492.06207,59344.73021,61526.34116,8700,0,,,,,,
2379,52291.77979,55440.73484,58240.31433,60381.32511,8700,0,,,,,,
2380,51740.35071,54856.09929,57626.15655,59744.58988,8700,0,,,,,,
2381,52056.82305,55191.62926,57978.62971,60110.02054,8700,0,,,,,,
2382,53032.13326,56225.67161,59064.88788,61236.21136,8700,0,,,,,,
2383,53423.40816,56640.50866,59500.67288,61688.01654,8700,0,,,,,,
2384,52233.28035,55378.71263,58175.16019,60313.7758,8700,0,,,,,,
2385,50830.25298,53891.19645,56612.52921,58693.69991,8700,0,,,,,,
2386,49051.29482,52005.11133,54631.20284,56639.53669,8700,0,,,,,,
2387,48701.25723,51633.99485,54241.34616,56235.34823,8700,0,,,,,,
2388,47203.28815,50045.81968,52572.97323,54505.64314,8700,0,,,,,,
2389,45195.12729,47916.72952,50336.37084,52186.81952,8700,0,,,,,,
2390,46152.21637,48931.45348,51402.33511,53291.97041,8700,0,,,,,,
2391,47347.13921,50198.3333,52733.1883,54671.74798,8700,0,,,,,,
2392,48568.91425,51493.68232,54093.9483,56082.53178,8700,0,,,,,,
2393,50174.29212,53195.73433,55881.94848,57936.26182,8700,0,,,,,,
2394,51907.21794,55033.01509,57812.00603,59937.27149,8700,0,,,,,,
2395,54131.15539,57390.87567,60288.93102,62505.25237,8700,0,,,,,,
2396,55839.14703,59201.72074,62191.21797,64477.47054,8700,0,,,,,,
2397,55693.37795,59047.17361,62028.86669,64309.15096,8700,0,,,,,,
2398,55140.98986,58461.5213,61413.64082,63671.30836,8700,0,,,,,,
2399,54497.4961,57779.27703,60696.9454,62928.26603,8700,0,,,,,,
2400,54360.35809,57633.88072,60544.20704,62769.91275,8700,0,,,,,,
2401,51244.54404,54330.43568,57073.94861,59172.08185,8700,0,,,,,,
2402,49039.78673,51992.91024,54618.38563,56626.24829,8700,0,,,,,,
2403,47884.18318,50767.71748,53331.32456,55291.87272,8700,0,,,,,,
2404,47538.94063,50401.68479,52946.80839,54893.2211,8700,0,,,,,,
2405,47932.13354,50818.55536,53384.72959,55347.24101,8700,0,,,,,,
2406,48765.5107,51702.1176,54312.90889,56309.54172,8700,0,,,,,,
2407,48932.37794,51879.03341,54498.75838,56502.22335,8700,0,,,,,,
2408,47326.04106,50175.96464,52709.69009,54647.38594,8700,0,,,,,,
2409,44991.81779,47701.17694,50109.93354,51952.05802,8700,0,,,,,,
2410,43181.2124,45781.53883,48093.35986,49861.35173,8700,0,,,,,,
2411,43021.05821,45611.74032,47914.98708,49676.42167,8700,0,,,,,,
2412,41852.02857,44372.31297,46612.97261,48326.54298,8700,0,,,,,,
2413,40927.54573,43392.15876,45583.32376,47259.04253,8700,0,,,,,,
2414,41208.53481,43690.0687,45896.27719,47583.50065,8700,0,,,,,,
2415,42313.31098,44861.37331,47126.72893,48859.18585,8700,0,,,,,,
2416,44279.27552,46945.72614,49316.3349,51129.28536,8700,0,,,,,,
2417,46800.50517,49618.78154,52124.37103,54040.54958,8700,0,,,,,,
2418,49598.88787,52585.67985,55241.0882,57271.84245,8700,0,,,,,,
2419,52260.13255,55407.18184,58205.067,60344.78204,8700,0,,,,,,
2420,54262.53936,57530.17145,60435.26078,62656.96145,8700,0,,,,,,
2421,54328.71085,57600.32771,60508.95972,62733.36968,8700,0,,,,,,
2422,53660.28291,56891.64776,59764.49369,61961.53585,8700,0,,,,,,
2423,52941.02759,56129.07965,58963.41834,61131.01164,8700,0,,,,,,
2424,51814.19425,54934.38961,57708.40028,59829.85703,8700,0,,,,,,
2425,48650.42985,51580.1067,54184.73684,56176.65785,8700,0,,,,,,
2426,46807.21822,49625.89884,52131.84774,54048.30114,8700,0,,,,,,
2427,46063.02871,48836.89503,51303.00177,53188.98541,8700,0,,,,,,
2428,46000.69325,48770.8058,51233.57524,53117.00665,8700,0,,,,,,
2429,46696.9324,49508.97173,52009.01618,53920.95408,8700,0,,,,,,
2430,48394.37496,51308.63246,53899.55401,55880.99124,8700,0,,,,,,
2431,51600.33567,54707.6527,57470.21388,59582.9145,8700,0,,,,,,
2432,56162.33242,59544.36801,62551.16782,64850.65275,8700,0,,,,,,
2433,62180.10193,65924.52117,69253.49827,71799.37201,8700,0,,,,,,
2434,63506.40874,67330.69675,70730.68122,73330.85866,8700,0,,,,,,
2435,63556.27711,67383.56814,70786.22245,73388.44168,8700,0,,,,,,
2436,63638.75172,67471.00929,70878.07909,73483.67512,8700,0,,,,,,
2437,62072.69313,65810.64432,69133.87101,71675.34706,8700,0,,,,,,
2438,64646.66817,68539.62139,72000.65267,74647.51638,8700,0,,,,,,
2439,65533.74973,69480.12205,72988.64561,75671.82957,8700,0,,,,,,
2440,65695.82193,69651.95406,73169.15459,75858.97437,8700,0,,,,,,
2441,66186.83356,70172.53389,73716.02203,76425.94556,8700,0,,,,,,
2442,65625.81441,69577.73077,73091.18325,75778.13667,8700,0,,,,,,
2443,64826.96151,68730.7718,72201.45557,74855.70112,8700,0,,,,,,
2444,64066.46888,67924.48312,71354.45189,73977.56018,8700,0,,,,,,
2445,61424.40434,65123.31628,68411.8351,70926.7679,8700,0,,,,,,
2446,60251.53866,63879.82188,67105.54822,69572.45975,8700,0,,,,,,
2447,58717.12731,62253.00992,65396.58747,67800.67475,8700,0,,,,,,
2448,58506.14575,62029.32327,65161.60536,67557.05432,8700,0,,,,,,
2449,55025.90901,58339.5104,61285.46876,63538.42449,8700,0,,,,,,
2450,52972.67482,56162.63264,58998.66565,61167.5547,8700,0,,,,,,
2451,52070.24915,55205.86386,57993.58312,60125.52365,8700,0,,,,,,
2452,51705.82645,54819.49602,57587.70493,59704.72471,8700,0,,,,,,
2453,52070.24915,55205.86386,57993.58312,60125.52365,8700,0,,,,,,
2454,53447.38333,56665.92759,59527.37538,61715.70068,8700,0,,,,,,
2455,56058.75965,59434.5582,62435.81297,64731.05726,8700,0,,,,,,
2456,59597.49582,63186.39328,66377.1037,68817.23639,8700,0,,,,,,
2457,63283.91909,67094.80902,70482.88191,73073.94983,8700,0,,,,,,
2458,63019.23313,66814.18395,70188.08617,72768.31692,8700,0,,,,,,
2459,61202.8737,64888.4453,68165.10389,70670.96644,8700,0,,,,,,
2460,58789.05284,62329.26673,65476.695,67883.72717,8700,0,,,,,,
2461,55280.04589,58608.95113,61568.51539,63831.87638,8700,0,,,,,,
2462,56722.39256,60138.15438,63174.93849,65497.35427,8700,0,,,,,,
2463,56896.93185,60323.20423,63369.33278,65698.89481,8700,0,,,,,,
2464,57680.44064,61153.89509,64241.97086,66603.61252,8700,0,,,,,,
2465,59963.83653,63574.79463,66785.11808,69240.25006,8700,0,,,,,,
2466,61791.70405,65512.73438,68820.91757,71350.88893,8700,0,,,,,,
2467,63189.9364,66995.16679,70378.20807,72965.42801,8700,0,,,,,,
2468,64032.90363,67888.8966,71317.06837,73938.80238,8700,0,,,,,,
2469,62671.11356,66445.10099,69800.36571,72366.34321,8700,0,,,,,,
2470,60881.60632,64547.83154,67807.29023,70299.99896,8700,0,,,,,,
2471,59413.36646,62991.17585,66172.02841,68604.62219,8700,0,,,,,,
2472,59154.43455,62716.65133,65883.64129,68305.63348,8700,0,,,,,,
2473,55634.87851,58985.15139,61963.71256,64241.60165,8700,0,,,,,,
2474,53678.50404,56910.96614,59784.7876,61982.57579,8700,0,,,,,,
2475,52737.71808,55913.52706,58736.98104,60896.25012,8700,0,,,,,,
2476,52501.80234,55663.40473,58474.22833,60623.83818,8700,0,,,,,,
2477,53210.50858,56414.7885,59263.55457,61442.18137,8700,0,,,,,,
2478,54717.10873,58012.1145,60941.54042,63181.85277,8700,0,,,,,,
2479,56933.37412,60361.84102,63409.9206,65740.97471,8700,0,,,,,,
2480,59003.87043,62557.0204,65715.94951,68131.77707,8700,0,,,,,,
2481,60722.41115,64379.04981,67629.98556,70116.17627,8700,0,,,,,,
2482,59503.51313,63086.75105,66272.42986,68708.71457,8700,0,,,,,,
2483,57913.47937,61400.96716,64501.51928,66872.70237,8700,0,,,,,,
2484,55552.4039,58897.71025,61871.85591,64146.36821,8700,0,,,,,,
2485,52515.22844,55677.63933,58489.18173,60639.3413,8700,0,,,,,,
2486,54194.44986,57457.98167,60359.42565,62578.3385,8700,0,,,,,,
2487,55555.28093,58900.76053,61875.06023,64149.69032,8700,0,,,,,,
2488,57338.07511,60790.91267,63860.65899,66208.28299,8700,0,,,,,,
2489,59670.38036,63263.66685,66458.27933,68901.39618,8700,0,,,,,,
2490,61276.71725,64966.73563,68247.34763,70756.2336,8700,0,,,,,,
2491,62537.81157,66303.7717,69651.89974,72212.41938,8700,0,,,,,,
2492,63546.68704,67373.40057,70775.54144,73377.36802,8700,0,,,,,,
2493,62364.23129,66119.7386,69458.57356,72011.98621,8700,0,,,,,,
2494,60943.94178,64613.92077,67876.71676,70371.97772,8700,0,,,,,,
2495,59611.88093,63201.64464,66393.12521,68833.84688,8700,0,,,,,,
2496,59329.93285,62902.71795,66079.10368,68508.28139,8700,0,,,,,,
2497,55695.29596,59049.20712,62031.00289,64311.36569,8700,0,,,,,,
2498,54041.00872,57295.30047,60188.52957,62401.15999,8700,0,,,,,,
2499,53128.03397,56327.34736,59171.69793,61346.94793,8700,0,,,,,,
2500,52971.71582,56161.61589,58997.59756,61166.44734,8700,0,,,,,,
2501,53451.21936,56669.99462,59531.64779,61720.13014,8700,0,,,,,,
2502,54898.36107,58204.28166,61143.4114,63391.14487,8700,0,,,,,,
2503,57002.42263,60435.04756,63486.82383,65820.70503,8700,0,,,,,,
2504,58651.91483,62183.87041,65323.95664,67725.3739,8700,0,,,,,,
2505,60577.60107,64225.51942,67468.70238,69948.96405,8700,0,,,,,,
2506,59661.7493,63254.51603,66448.66643,68891.42989,8700,0,,,,,,
2507,58717.12731,62253.00992,65396.58747,67800.67475,8700,0,,,,,,
2508,57130.92958,60571.29306,63629.94929,65969.09202,8700,0,,,,,,
2509,54376.66121,57651.16559,60562.36475,62788.73797,8700,0,,,,,,
2510,56351.25681,59744.66923,62761.58361,65068.80377,8700,0,,,,,,
2511,56917.071,60344.55614,63391.76289,65722.14949,8700,0,,,,,,
2512,57812.78362,61294.20762,64389.36872,66756.42897,8700,0,,,,,,
2513,60237.15356,63864.57052,67089.52672,69555.84927,8700,0,,,,,,
2514,61627.71384,65338.86886,68638.27239,71161.52941,8700,0,,,,,,
2515,62697.96576,66473.5702,69830.27252,72397.34944,8700,0,,,,,,
2516,63644.50576,67477.10983,70884.48769,73490.31931,8700,0,,,,,,
2517,62348.88718,66103.47048,69441.48395,71994.26836,8700,0,,,,,,
2518,60951.61384,64622.05484,67885.26156,70380.83665,8700,0,,,,,,
2519,59299.24462,62870.18171,66044.92446,68472.84569,8700,0,,,,,,
2520,59004.82944,62558.03716,65717.01761,68132.88444,8700,0,,,,,,
2521,55506.37156,58848.90589,61820.58709,64093.21466,8700,0,,,,,,
2522,53572.05426,56798.10607,59666.22845,61859.65822,8700,0,,,,,,
2523,52739.6361,55915.56058,58739.11724,60898.46486,8700,0,,,,,,
2524,52344.52518,55496.6565,58299.05985,60442.23022,8700,0,,,,,,
2525,52894.99525,56080.27529,58912.14952,61077.85809,8700,0,,,,,,
2526,54127.31936,57386.80864,60284.65862,62500.8229,8700,0,,,,,,
2527,56470.17369,59870.74715,62894.02807,65206.11711,8700,0,,,,,,
2528,59591.74178,63180.29274,66370.6951,68810.5922,8700,0,,,,,,
2529,63303.09923,67115.14416,70504.24391,73096.09714,8700,0,,,,,,
2530,63179.38732,66983.98245,70366.45896,72953.24698,8700,0,,,,,,
2531,63227.33767,67034.82032,70419.86398,73008.61526,8700,0,,,,,,
2532,63074.85555,66873.15589,70250.03601,72832.54414,8700,0,,,,,,
2533,60581.4371,64229.58645,67472.97478,69953.39352,8700,0,,,,,,
2534,62699.88377,66475.60371,69832.40872,72399.56417,8700,0,,,,,,
2535,62794.82547,66576.2627,69938.15066,72509.19336,8700,0,,,,,,
2536,62209.83115,65956.04065,69286.60938,71833.70035,8700,0,,,,,,
2537,62143.65966,65885.88438,69212.91045,71757.29212,8700,0,,,,,,
2538,61721.69654,65438.51109,68742.94625,71270.05125,8700,0,,,,,,
2539,61867.46561,65593.05822,68905.29751,71438.37081,8700,0,,,,,,
2540,62577.13086,66345.45875,69695.69186,72257.82137,8700,0,,,,,,
2541,61324.6676,65017.5735,68300.75265,70811.60188,8700,0,,,,,,
2542,59913.00916,63520.90649,66728.50876,69181.55969,8700,0,,,,,,
2543,58651.91483,62183.87041,65323.95664,67725.3739,8700,0,,,,,,
2544,58785.21682,62325.19971,65472.42261,67879.29772,8700,0,,,,,,
2545,55366.35653,58700.45931,61664.64443,63931.53929,8700,0,,,,,,
2546,53138.58305,56338.53169,59183.44704,61359.12895,8700,0,,,,,,
2547,52051.06901,55185.52872,57972.22111,60103.37634,8700,0,,,,,,
2548,51613.76177,54721.8873,57485.16729,59598.41762,8700,0,,,,,,
2549,51736.51468,54852.03226,57621.88415,59740.16042,8700,0,,,,,,
2550,52545.91667,55710.17557,58523.36095,60674.777,8700,0,,,,,,
2551,53215.30362,56419.87229,59268.89508,61447.7182,8700,0,,,,,,
2552,52325.34503,55476.32135,58277.69783,60420.0829,8700,0,,,,,,
2553,50877.24432,53941.01756,56664.86613,58747.96082,8700,0,,,,,,
2554,48670.569,51601.45861,54207.16695,56199.91253,8700,0,,,,,,
2555,48437.53028,51354.38655,53947.61854,55930.82269,8700,0,,,,,,
2556,50491.72347,53532.28106,56235.48974,58302.79984,8700,0,,,,,,
2557,48168.04928,51068.67769,53647.4823,55619.65294,8700,0,,,,,,
2558,48070.23056,50964.96843,53538.53605,55506.70165,8700,0,,,,,,
2559,48151.74616,51051.39282,53629.32459,55600.82773,8700,0,,,,,,
2560,48988.00035,51938.00534,54560.7082,56566.45055,8700,0,,,,,,
2561,50416.92092,53452.97398,56152.1779,58216.42533,8700,0,,,,,,
2562,52106.69142,55244.50065,58034.17093,60167.60355,8700,0,,,,,,
2563,54226.09709,57491.53466,60394.67297,62614.88156,8700,0,,,,,,
2564,56187.2666,59570.8037,62578.93843,64879.44425,8700,0,,,,,,
2565,56103.83298,59482.3458,62486.01369,64783.10344,8700,0,,,,,,
2566,55304.02107,58634.37007,61595.2179,63859.56052,8700,0,,,,,,
2567,54659.5683,57951.10904,60877.45438,63115.41082,8700,0,,,,,,
2568,55038.3761,58352.72825,61299.35407,63552.82024,8700,0,,,,,,
2569,51993.52858,55124.52326,57908.13508,60036.9344,8700,0,,,,,,
2570,49716.84574,52710.74102,55372.46456,57408.04842,8700,0,,,,,,
2571,48425.06319,51341.1687,53933.73323,55916.42694,8700,0,,,,,,
2572,47836.23283,50716.87961,53277.91954,55236.50444,8700,0,,,,,,
2573,48223.6717,51127.64963,53709.43213,55683.88016,8700,0,,,,,,
2574,49043.62276,51996.97727,54622.65803,56630.67776,8700,0,,,,,,
2575,49158.70361,52118.98817,54750.83008,56763.56163,8700,0,,,,,,
2576,47560.03879,50424.05346,52970.30661,54917.58315,8700,0,,,,,,
2577,45604.62332,48350.88496,50792.44974,52659.66464,8700,0,,,,,,
2578,43939.78701,46585.79399,48938.22733,50737.27793,8700,0,,,,,,
2579,43710.58431,46342.78895,48682.95131,50472.61755,8700,0,,,,,,
2580,42007.38772,44537.02768,46786.00489,48505.93622,8700,0,,,,,,
2581,41066.60176,43539.5886,45738.19833,47419.61054,8700,0,,,,,,
2582,41029.20048,43499.93505,45696.5424,47376.42328,8700,0,,,,,,
2583,41834.76644,44354.01133,46593.7468,48306.6104,8700,0,,,,,,
2584,43726.88743,46360.07383,48701.10902,50491.44276,8700,0,,,,,,
2585,46521.4341,49322.90511,51813.55379,53718.30617,8700,0,,,,,,
2586,49851.10673,52853.08706,55521.99862,57563.07961,8700,0,,,,,,
2587,52766.4883,55944.02979,58769.02406,60929.47109,8700,0,,,,,,
2588,54787.11624,58086.33779,61019.51174,63262.69045,8700,0,,,,,,
2589,55044.13014,58358.82879,61305.76267,63559.46443,8700,0,,,,,,
2590,54443.7917,57722.33861,60637.13177,62866.25355,8700,0,,,,,,
2591,53900.99369,57146.85388,60032.58691,62239.48462,8700,0,,,,,,
2592,52924.72447,56111.79477,58945.26063,61112.18642,8700,0,,,,,,
2593,50029.48205,53042.20395,55720.66531,57769.04961,8700,0,,,,,,
2594,48146.95113,51046.30903,53623.98409,55595.29091,8700,0,,,,,,
2595,47448.79396,50306.10959,52846.40694,54789.12873,8700,0,,,,,,
2596,47272.33666,50119.02622,52649.87646,54585.37346,8700,0,,,,,,
2597,48129.689,51028.0074,53604.75828,55575.35832,8700,0,,,,,,
2598,50009.3429,53020.85204,55698.2352,57745.79493,8700,0,,,,,,
2599,52785.66844,55964.36494,58790.38606,60951.6184,8700,0,,,,,,
2600,55187.0222,58510.32565,61464.90964,63724.46191,8700,0,,,,,,
2601,58104.32178,61603.3019,64714.07127,67093.06813,8700,0,,,,,,
2602,57727.43199,61203.7162,64294.30778,66657.87344,8700,0,,,,,,
2603,56845.14547,60268.29933,63311.65536,65639.09707,8700,0,,,,,,
2604,55149.62092,58470.67211,61423.25372,63681.27465,8700,0,,,,,,
2605,52309.04191,55459.03647,58259.54013,60401.25769,8700,0,,,,,,
2606,54219.38404,57484.41736,60387.19626,62607.13,8700,0,,,,,,
2607,55822.8439,59184.43586,62173.06025,64458.64531,8700,0,,,,,,
2608,57696.74377,61171.17997,64260.12858,66622.43774,8700,0,,,,,,
2609,59930.27129,63539.20813,66747.73457,69201.49227,8700,0,,,,,,
2610,61602.77966,65312.43317,68610.50179,71132.73791,8700,0,,,,,,
2611,62727.69498,66505.08968,69863.38364,72431.67778,8700,0,,,,,,
2612,63363.51668,67179.19989,70571.53425,73165.86118,8700,0,,,,,,
2613,62057.34902,65794.37621,69116.78141,71657.62921,8700,0,,,,,,
2614,60392.51271,64029.28524,67262.559,69735.2425,8700,0,,,,,,
2615,58973.18221,62524.48417,65681.7703,68096.34138,8700,0,,,,,,
2616,58671.09497,62204.20556,65345.31865,67747.52121,8700,0,,,,,,
2617,55144.82589,58465.58833,61417.91322,63675.73783,8700,0,,,,,,
2618,53271.88504,56479.86098,59331.91301,61513.05278,8700,0,,,,,,
2619,52497.96631,55659.33769,58469.95592,60619.40872,8700,0,,,,,,
2620,52212.1822,55356.34397,58151.66199,60289.41377,8700,0,,,,,,
2621,52713.74291,55888.10813,58710.27853,60868.56599,8700,0,,,,,,
2622,54163.76163,57425.44543,60325.24644,62542.9028,8700,0,,,,,,
2623,56126.84915,59506.74798,62511.6481,64809.68022,8700,0,,,,,,
2624,57542.34362,61007.48201,64088.16439,66444.15187,8700,0,,,,,,
2625,59251.29426,62819.34383,65991.51943,68417.4774,8700,0,,,,,,
2626,58536.83398,62061.85952,65195.78458,67592.49002,8700,0,,,,,,
2627,57813.74263,61295.22438,64390.43683,66757.53634,8700,0,,,,,,
2628,56213.15979,59598.25615,62607.77714,64909.34312,8700,0,,,,,,
2629,53356.27766,56569.33564,59425.90584,61610.50095,8700,0,,,,,,
2630,55420.06093,58757.39773,61724.45806,63993.55176,8700,0,,,,,,
2631,57030.23384,60464.53353,63517.79875,65852.81864,8700,0,,,,,,
2632,58835.08519,62378.0711,65527.96383,67936.88073,8700,0,,,,,,
2633,61003.40022,64676.95974,67942.93899,70440.63439,8700,0,,,,,,
2634,62056.39001,65793.35945,69115.7133,71656.52184,8700,0,,,,,,
2635,63026.90519,66822.31801,70196.63098,72777.17585,8700,0,,,,,,
2636,63671.35796,67505.57904,70914.3945,73521.32555,8700,0,,,,,,
2637,62200.24108,65945.87307,69275.92838,71822.62669,8700,0,,,,,,
2638,60421.28292,64059.78796,67294.60201,69768.46347,8700,0,,,,,,
2639,58973.18221,62524.48417,65681.7703,68096.34138,8700,0,,,,,,
2640,58160.9032,61663.29059,64777.0892,67158.4027,8700,0,,,,,,
2641,54425.57057,57703.02022,60616.83787,62845.21361,8700,0,,,,,,
2642,52508.51539,55670.52203,58481.70503,60631.58974,8700,0,,,,,,
2643,51688.56432,54801.19438,57568.47912,59684.79213,8700,0,,,,,,
2644,51479.50078,54579.54126,57335.63323,59443.38643,8700,0,,,,,,
2645,52085.59326,55222.13198,58010.67272,60143.2415,8700,0,,,,,,
2646,53371.62177,56585.60375,59442.99545,61628.21879,8700,0,,,,,,
2647,55447.87213,58786.88369,61755.43297,64025.66536,8700,0,,,,,,
2648,57135.72462,60576.37685,63635.2898,65974.62886,8700,0,,,,,,
2649,59145.80348,62707.50051,65874.02838,68295.66719,8700,0,,,,,,
2650,58840.83923,62384.17164,65534.37243,67943.52492,8700,0,,,,,,
2651,58138.84604,61639.90517,64752.52289,67132.93329,8700,0,,,,,,
2652,56838.43242,60261.18203,63304.17865,65631.34551,8700,0,,,,,,
2653,54421.73454,57698.95319,60612.56546,62840.78415,8700,0,,,,,,
2654,57501.10632,60963.76145,64042.23608,66396.53515,8700,0,,,,,,
2655,59196.63086,62761.38866,65930.63771,68354.35757,8700,0,,,,,,
2656,60380.04561,64016.06738,67248.67368,69720.84674,8700,0,,,,,,
2657,62279.83866,66030.26394,69364.58071,71914.53803,8700,0,,,,,,
2658,62915.66037,66704.37415,70072.73133,72648.72144,8700,0,,,,,,
2659,62905.11129,66693.18981,70060.98222,72636.54042,8700,0,,,,,,
2660,63236.92774,67044.9879,70430.54498,73019.68892,8700,0,,,,,,
2661,62173.38888,65917.40386,69246.02157,71791.62045,8700,0,,,,,,
2662,60646.64958,64298.72596,67545.60561,70028.69438,8700,0,,,,,,
2663,58836.04419,62379.08785,65529.03193,67937.98809,8700,0,,,,,,
2664,57902.93029,61389.78282,64489.77017,66860.52135,8700,0,,,,,,
2665,54305.69468,57575.92553,60483.32531,62706.79291,8700,0,,,,,,
2666,52772.24234,55950.13033,58775.43266,60936.11528,8700,0,,,,,,
2667,51652.12205,54762.5576,57527.8913,59642.71224,8700,0,,,,,,
2668,51268.51922,54355.85462,57100.65112,59199.766,8700,0,,,,,,
2669,51823.78432,54944.55719,57719.08129,59840.93068,8700,0,,,,,,
2670,52898.83128,56084.34232,58916.42192,61082.28755,8700,0,,,,,,
2671,55158.25199,58479.82293,61432.86663,63691.24095,8700,0,,,,,,
2672,57897.17625,61383.68228,64483.36157,66853.87716,8700,0,,,,,,
2673,61268.08618,64957.5848,68237.73472,70746.2673,8700,0,,,,,,
2674,61357.27384,65052.14325,68337.06806,70849.25231,8700,0,,,,,,
2675,60585.27313,64233.65348,67477.24718,69957.82298,8700,0,,,,,,
2676,59739.42887,63336.87339,66535.18257,68981.1265,8700,0,,,,,,
2677,57388.90249,60844.80082,63917.26832,66266.97338,8700,0,,,,,,
2678,60018.49994,63632.74982,66845.99981,69303.3699,8700,0,,,,,,
2679,62057.34902,65794.37621,69116.78141,71657.62921,8700,0,,,,,,
2680,63429.68817,67249.35615,70645.23318,73242.26941,8700,0,,,,,,
2681,64507.61214,68392.19155,71845.7781,74486.94836,8700,0,,,,,,
2682,64310.05668,68182.73951,71625.74941,74258.83105,8700,0,,,,,,
2683,64097.15711,67957.01936,71388.63111,74012.99588,8700,0,,,,,,
2684,64220.86902,68088.18107,71526.41606,74155.84604,8700,0,,,,,,
2685,62520.54945,66285.47007,69632.67394,72192.48681,8700,0,,,,,,
2686,60593.90419,64242.8043,67486.86008,69967.78927,8700,0,,,,,,
2687,58612.59554,62142.18336,65280.16452,67679.97191,8700,0,,,,,,
2688,57836.7588,61319.62656,64416.07124,66784.11312,8700,0,,,,,,
2689,54160.88461,57422.39516,60322.04214,62539.5807,8700,0,,,,,,
2690,52296.57482,55445.81862,58245.65482,60386.86194,8700,0,,,,,,
2691,51545.67227,54649.69753,57409.33216,59519.79466,8700,0,,,,,,
2692,51213.85581,54297.89943,57039.76939,59136.64615,8700,0,,,,,,
2693,51471.82872,54571.4072,57327.08842,59434.5275,8700,0,,,,,,
2694,52601.53908,55769.14751,58585.31078,60739.00421,8700,0,,,,,,
2695,55104.54759,58422.88451,61373.053,63629.22847,8700,0,,,,,,
2696,58165.69823,61668.37437,64782.4297,67163.93952,8700,0,,,,,,
2697,61582.64051,65291.08126,68588.07168,71109.48323,8700,0,,,,,,
2698,61519.34604,65223.97526,68517.57704,71036.3971,8700,0,,,,,,
2699,60764.60746,64423.78713,67676.98198,70164.90036,8700,0,,,,,,
2700,59781.62519,63381.61072,66582.179,69029.8506,8700,0,,,,,,
2701,57759.07923,61237.26921,64329.5551,66694.41651,8700,0,,,,,,
2702,59765.32207,63364.32585,66564.02129,69011.02538,8700,0,,,,,,
2703,60740.63228,64398.36819,67650.27946,70137.21621,8700,0,,,,,,
2704,61822.39228,65545.27062,68855.09679,71386.32463,8700,0,,,,,,
2705,62777.56335,66557.96107,69918.92486,72489.26079,8700,0,,,,,,
2706,62488.90221,66251.91707,69597.42662,72155.94374,8700,0,,,,,,
2707,62207.91313,65954.00713,69284.47318,71831.48561,8700,0,,,,,,
2708,62394.91952,66152.27484,69492.75278,72047.42191,8700,0,,,,,,
2709,61506.87895,65210.75742,68503.69174,71022.00135,8700,0,,,,,,
2710,60164.26902,63787.29695,67008.35108,69471.68948,8700,0,,,,,,
2711,58515.73582,62039.49085,65172.28637,67568.12797,8700,0,,,,,,
2712,57552.8927,61018.66635,64099.9135,66456.33289,8700,0,,,,,,
2713,54010.3205,57262.76424,60154.35037,62365.7243,8700,0,,,,,,
2714,52066.41312,55201.79683,57989.31071,60121.09419,8700,0,,,,,,
2715,51035.48049,54108.78254,56841.1027,58930.67614,8700,0,,,,,,
2716,50577.0751,53622.77247,56330.55068,58401.35538,8700,0,,,,,,
2717,50675.85283,53727.49849,56440.56503,58515.41404,8700,0,,,,,,
2718,51093.02092,54169.788,56905.18874,58997.11809,8700,0,,,,,,
2719,51595.54064,54702.56892,57464.87338,59577.37767,8700,0,,,,,,
2720,51276.19127,54363.98867,57109.19592,59208.62491,8700,0,,,,,,
2721,51183.16759,54265.3632,57005.59018,59101.21046,8700,0,,,,,,
2722,49994.9578,53005.60069,55682.2137,57729.18446,8700,0,,,,,,
2723,49612.31397,52599.91446,55256.04161,57287.34557,8700,0,,,,,,
2724,48137.36106,51036.14146,53613.30309,55584.21725,8700,0,,,,,,
2725,46705.56347,49518.12255,52018.62909,53930.92038,8700,0,,,,,,
2726,48292.72021,51200.85617,53786.33537,55763.61048,8700,0,,,,,,
2727,49793.56631,52792.08162,55457.9126,57496.63767,8700,0,,,,,,
2728,50730.51624,53785.45367,56501.44676,58578.53388,8700,0,,,,,,
2729,52008.87269,55140.79138,57925.22468,60054.65225,8700,0,,,,,,
2730,52435.63085,55593.24846,58400.52939,60547.42995,8700,0,,,,,,
2731,53924.00986,57171.25606,60058.22132,62266.06139,8700,0,,,,,,
2732,55413.34788,58750.28042,61716.98136,63985.8002,8700,0,,,,,,
2733,55358.68447,58692.32524,61656.09962,63922.68036,8700,0,,,,,,
2734,54508.04518,57790.46136,60708.69451,62940.44706,8700,0,,,,,,
2735,53557.66915,56782.85471,59650.20694,61843.04773,8700,0,,,,,,
2736,53168.31227,56370.05117,59216.55815,61393.45729,8700,0,,,,,,
2737,50311.43014,53341.13065,56034.68685,58094.61511,8700,0,,,,,,
2738,48262.03198,51168.31993,53752.15615,55728.17478,8700,0,,,,,,
2739,47101.6334,49938.04339,52459.75458,54388.26238,8700,0,,,,,,
2740,46572.26148,49376.79326,51870.16312,53776.99656,8700,0,,,,,,
2741,46890.65184,49714.35674,52224.77248,54144.64195,8700,0,,,,,,
2742,47452.62999,50310.17662,52850.67935,54793.55819,8700,0,,,,,,
2743,47594.56304,50460.65672,53008.75822,54957.4483,8700,0,,,,,,
2744,46159.88843,48939.58754,51410.87992,53300.82934,8700,0,,,,,,
2745,44284.07056,46950.80993,49321.6754,51134.8222,8700,0,,,,,,
2746,42943.37864,45529.38297,47828.47094,49586.72506,8700,0,,,,,,
2747,43147.64715,45745.95231,48055.97634,49822.59393,8700,0,,,,,,
2748,42179.04999,44719.02727,46977.19487,48704.15466,8700,0,,,,,,
2749,41633.37495,44140.49226,46369.4457,48074.06362,8700,0,,,,,,
2750,42015.05977,44545.16173,46794.54968,48514.79513,8700,0,,,,,,
2751,43510.15183,46130.28664,48459.71832,50241.17813,8700,0,,,,,,
2752,45402.27283,48136.34914,50567.08055,52426.01051,8700,0,,,,,,
2753,47872.6751,50755.51639,53318.50736,55278.58434,8700,0,,,,,,
2754,50406.37184,53441.78964,56140.4288,58204.2443,8700,0,,,,,,
2755,52670.58759,55842.35404,58662.21401,60818.73453,8700,0,,,,,,
2756,54354.60404,57627.78016,60537.79843,62763.26855,8700,0,,,,,,
2757,54481.19298,57761.99215,60678.78769,62909.44082,8700,0,,,,,,
2758,53700.56121,56934.35157,59809.35392,62008.04521,8700,0,,,,,,
2759,52824.02872,56005.03523,58833.11008,60995.91302,8700,0,,,,,,
2760,51536.0822,54639.52995,57398.65116,59508.72101,8700,0,,,,,,
2761,48575.6273,51500.79962,54101.425,56090.28334,8700,0,,,,,,
2762,46937.64318,49764.17785,52277.10939,54198.90285,8700,0,,,,,,
2763,46136.87226,48915.18536,51385.24551,53274.25257,8700,0,,,,,,
2764,46009.32432,48779.95662,51243.18815,53126.97294,8700,0,,,,,,
2765,46578.01552,49382.8938,51876.57172,53783.64075,8700,0,,,,,,
2766,48322.44943,51232.37565,53819.44648,55797.93882,8700,0,,,,,,
2767,50796.68773,53855.60994,56575.14569,58654.94211,8700,0,,,,,,
2768,53330.38447,56541.88319,59397.06713,61580.60208,8700,0,,,,,,
2769,56801.99015,60222.54525,63263.59084,65589.26562,8700,0,,,,,,
2770,56892.13681,60318.12044,63363.99227,65693.35798,8700,0,,,,,,
2771,56507.57497,59910.4007,62935.68399,65249.30437,8700,0,,,,,,
2772,55118.9327,58438.13588,61389.07451,63645.83896,8700,0,,,,,,
2773,52792.38149,55971.48224,58797.86277,60959.36996,8700,0,,,,,,
2774,55138.11284,58458.47103,61410.43652,63667.98627,8700,0,,,,,,
2775,56701.2944,60115.78571,63151.44028,65472.99222,8700,0,,,,,,
2776,58045.82235,61541.27969,64648.91714,67025.51883,8700,0,,,,,,
2777,60100.01554,63719.1742,66936.78835,69397.49598,8700,0,,,,,,
2778,61350.56079,65045.02595,68329.59136,70841.50075,8700,0,,,,,,
2779,62230.9293,65978.40931,69310.10759,71858.06238,8700,0,,,,,,
2780,62772.76831,66552.87728,69913.58436,72483.72396,8700,0,,,,,,
2781,61546.19824,65252.44447,68547.48386,71067.40334,8700,0,,,,,,
2782,59827.65753,63430.41508,66633.44782,69083.00415,8700,0,,,,,,
2783,57988.28192,61480.27424,64584.83111,66959.07689,8700,0,,,,,,
2784,57418.63171,60876.3203,63950.37944,66301.30171,8700,0,,,,,,
2785,54068.81993,57324.78644,60219.50449,62433.2736,8700,0,,,,,,
2786,52268.76362,55416.33266,58214.67992,60354.74834,8700,0,,,,,,
2787,51367.29695,54460.58064,57210.66547,59313.82466,8700,0,,,,,,
2788,50860.9412,53923.73268,56646.70842,58729.1356,8700,0,,,,,,
2789,51357.70688,54450.41306,57199.98447,59302.751,8700,0,,,,,,
2790,52463.44206,55622.73443,58431.50431,60579.54356,8700,0,,,,,,
2791,54613.53596,57902.30469,60826.18556,63062.25727,8700,0,,,,,,
2792,57173.12589,60616.03038,63676.94571,66017.81611,8700,0,,,,,,
2793,60887.36037,64553.93209,67813.69884,70306.64316,8700,0,,,,,,
2794,61339.05271,65032.82486,68316.77416,70828.21236,8700,0,,,,,,
2795,61004.35923,64677.9765,67944.00709,70441.74176,8700,0,,,,,,
2796,60100.01554,63719.1742,66936.78835,69397.49598,8700,0,,,,,,
2797,58319.13937,61831.05557,64953.32578,67341.11803,8700,0,,,,,,
2798,60280.30888,63910.32461,67137.59124,69605.68072,8700,0,,,,,,
2799,60989.97412,64662.72513,67927.98558,70425.13127,8700,0,,,,,,
2800,62107.21739,65847.2476,69172.32263,71715.21222,8700,0,,,,,,
2801,63565.86718,67393.73572,70796.90345,73399.51533,8700,0,,,,,,
2802,63540.93299,67367.30002,70769.13283,73370.72382,8700,0,,,,,,
2803,63452.70434,67273.75833,70670.86759,73268.84618,8700,0,,,,,,
2804,63448.86831,67269.6913,70666.59519,73264.41672,8700,0,,,,,,
2805,62180.10193,65924.52117,69253.49827,71799.37201,8700,0,,,,,,
2806,60377.16859,64013.01711,67245.46938,69717.52464,8700,0,,,,,,
2807,58444.7693,61964.2508,65093.24694,67486.18292,8700,0,,,,,,
2808,57889.50419,61375.54822,64474.81676,66845.01823,8700,0,,,,,,
2809,54300.89965,57570.84175,60477.98481,62701.25609,8700,0,,,,,,
2810,52497.0073,55658.32093,58468.88782,60618.30135,8700,0,,,,,,
2811,51609.92574,54717.82027,57480.89488,59593.98815,8700,0,,,,,,
2812,51258.92915,54345.68704,57089.97012,59188.69234,8700,0,,,,,,
2813,51709.66248,54823.56305,57591.97734,59709.15418,8700,0,,,,,,
2814,52805.80759,55985.71685,58812.81618,60974.87308,8700,0,,,,,,
2815,54847.53369,58150.39351,61086.80207,63332.45448,8700,0,,,,,,
2816,57140.51965,60581.46063,63640.6303,65980.16568,8700,0,,,,,,
2817,60001.23781,63614.44818,66826.774,69283.43732,8700,0,,,,,,
2818,59768.19909,63367.37612,66567.22559,69014.34748,8700,0,,,,,,
2819,59009.62448,62563.12096,65722.35812,68138.42128,8700,0,,,,,,
2820,57770.58731,61249.47029,64342.3723,66707.70489,8700,0,,,,,,
2821,55816.13085,59177.31855,62165.58354,64450.89375,8700,0,,,,,,
2822,58724.79937,62261.14398,65405.13227,67809.53368,8700,0,,,,,,
2823,60503.75753,64147.2291,67386.45865,69863.69691,8700,0,,,,,,
2824,61284.3893,64974.86968,68255.89243,70765.09252,8700,0,,,,,,
2825,62276.96164,66027.21366,69361.37641,71911.21593,8700,0,,,,,,
2826,62158.04476,65901.13574,69228.93195,71773.90259,8700,0,,,,,,
2827,62207.91313,65954.00713,69284.47318,71831.48561,8700,0,,,,,,
2828,62863.87398,66649.46924,70015.0539,72588.92369,8700,0,,,,,,
2829,61911.57994,65639.82907,68954.43013,71489.30963,8700,0,,,,,,
2830,60374.29157,64009.96684,67242.26508,69714.20255,8700,0,,,,,,
2831,58719.04533,62255.04344,65398.72367,67802.88949,8700,0,,,,,,
2832,57563.44178,61029.85068,64111.66261,66468.51392,8700,0,,,,,,
2833,53929.7639,57177.3566,60064.62992,62272.70558,8700,0,,,,,,
2834,52126.83057,55265.85256,58056.60105,60190.85823,8700,0,,,,,,
2835,51281.94532,54370.08922,57115.60453,59215.26912,8700,0,,,,,,
2836,50930.94872,53997.95598,56724.67975,58809.9733,8700,0,,,,,,
2837,51327.01865,54417.87682,57165.80525,59267.3153,8700,0,,,,,,
2838,52514.26943,55676.62257,58488.11363,60638.23393,8700,0,,,,,,
2839,54679.70745,57972.46095,60899.88449,63138.6655,8700,0,,,,,,
2840,57326.56703,60778.71159,63847.84179,66194.99461,8700,0,,,,,,
2841,59989.72973,63602.2471,66813.9568,69270.14894,8700,0,,,,,,
2842,59907.25512,63514.80595,66722.10016,69174.9155,8700,0,,,,,,
2843,59486.251,63068.44941,66253.20405,68688.78198,8700,0,,,,,,
2844,58220.36164,61726.32955,64843.31143,67227.05937,8700,0,,,,,,
2845,54855.20575,58158.52757,61095.34688,63341.31341,8700,0,,,,,,
2846,56497.9849,59900.23313,62925.00298,65238.23072,8700,0,,,,,,
2847,57379.31242,60834.63325,63906.58732,66255.89972,8700,0,,,,,,
2848,58907.96972,62455.34465,65609.13946,68021.04051,8700,0,,,,,,
2849,61210.54576,64896.57936,68173.6487,70679.82537,8700,0,,,,,,
2850,62295.18278,66046.53206,69381.67033,71932.25588,8700,0,,,,,,
2851,62929.08647,66718.60875,70087.68474,72664.22456,8700,0,,,,,,
2852,63315.56633,67128.36202,70518.12923,73110.49291,8700,0,,,,,,
2853,61993.09554,65726.25345,69045.21867,71583.43571,8700,0,,,,,,
2854,60368.53753,64003.8663,67235.85648,69707.55836,8700,0,,,,,,
2855,58562.72717,62089.31197,65224.62329,67622.38889,8700,0,,,,,,
2856,57573.03185,61040.01825,64122.34361,66479.58757,8700,0,,,,,,
2857,54063.06589,57318.6859,60213.09589,62426.62941,8700,0,,,,,,
2858,52263.96858,55411.24887,58209.33941,60349.21151,8700,0,,,,,,
2859,51304.00248,54393.47464,57140.17084,59240.73852,8700,0,,,,,,
2860,50962.59595,54031.50897,56759.92707,58846.51636,8700,0,,,,,,
2861,51329.89567,54420.92709,57169.00955,59270.63739,8700,0,,,,,,
2862,52360.8283,55513.94138,58317.21756,60461.05544,8700,0,,,,,,
2863,54650.93724,57941.95823,60867.84148,63105.44454,8700,0,,,,,,
2864,57381.23043,60836.66676,63908.72351,66258.11445,8700,0,,,,,,
2865,60269.7598,63899.14028,67125.84213,69593.4997,8700,0,,,,,,
2866,60197.83427,63822.88347,67045.7346,69510.44728,8700,0,,,,,,
2867,59167.86065,62730.88594,65898.59469,68321.1366,8700,0,,,,,,
2868,57544.26164,61009.51553,64090.3006,66446.36661,8700,0,,,,,,
2869,54987.54873,58298.84011,61242.74475,63494.12987,8700,0,,,,,,
2870,57220.11724,60665.8515,63729.28264,66072.07703,8700,0,,,,,,
2871,58648.0788,62179.80338,65319.68423,67720.94443,8700,0,,,,,,
2872,59870.81285,63476.16917,66681.51234,69132.8356,8700,0,,,,,,
2873,61235.47994,64923.01505,68201.4193,70708.61687,8700,0,,,,,,
2874,61117.52207,64797.95388,68070.04295,70572.4109,8700,0,,,,,,
2875,61410.97824,65109.08167,68396.88169,70911.26478,8700,0,,,,,,
2876,61667.99214,65381.57267,68683.13262,71208.03877,8700,0,,,,,,
2877,60545.95384,64191.96643,67433.45507,69912.42099,8700,0,,,,,,
2878,59287.73653,62857.98062,66032.10725,68459.5573,8700,0,,,,,,
2879,57878.95511,61364.36389,64463.06766,66832.8372,8700,0,,,,,,
2880,57221.07625,60666.86826,63730.35074,66073.1844,8700,0,,,,,,
2881,53758.10163,56995.35702,59873.43994,62074.48714,8700,0,,,,,,
2882,51713.49851,54827.63008,57596.24974,59713.58364,8700,0,,,,,,
2883,50457.19922,53495.67779,56197.03813,58262.93468,8700,0,,,,,,
2884,49955.63851,52963.91363,55638.42158,57683.78247,8700,0,,,,,,
2885,49808.91042,52808.34973,55475.0022,57514.35552,8700,0,,,,,,
2886,49811.78744,52811.40001,55478.2065,57517.67762,8700,0,,,,,,
2887,50411.16688,53446.87343,56145.7693,58209.78114,8700,0,,,,,,
2888,50377.60163,53411.28692,56108.38579,58171.02334,8700,0,,,,,,
2889,50468.7073,53507.87888,56209.85533,58276.22307,8700,0,,,,,,
2890,49998.79383,53009.66772,55686.4861,57733.61392,8700,0,,,,,,
2891,50373.7656,53407.21989,56104.11338,58166.59387,8700,0,,,,,,
2892,49565.32262,52550.09334,55203.70469,57233.08466,8700,0,,,,,,
2893,47867.88006,50750.4326,53313.16685,55273.0475,8700,0,,,,,,
2894,48082.69765,50978.18628,53552.42136,55521.0974,8700,0,,,,,,
2895,48524.79992,51446.91147,54044.81567,56031.59295,8700,0,,,,,,
2896,48980.32829,51929.87128,54552.1634,56557.59162,8700,0,,,,,,
2897,49719.72276,52713.79129,55375.66886,57411.37052,8700,0,,,,,,
2898,51198.5117,54281.63132,57022.67979,59118.9283,8700,0,,,,,,
2899,52992.81397,56183.98455,59021.09576,61190.80938,8700,0,,,,,,
2900,54371.86617,57646.0818,60557.02424,62783.20114,8700,0,,,,,,
2901,54431.32461,57709.12076,60623.24647,62851.8578,8700,0,,,,,,
2902,53682.34007,56915.03318,59789.06,61987.00526,8700,0,,,,,,
2903,53089.67369,56286.67706,59128.97391,61302.65331,8700,0,,,,,,
2904,52940.06858,56128.06289,58962.35024,61129.90427,8700,0,,,,,,
2905,49991.12177,53001.53366,55677.9413,57724.75499,8700,0,,,,,,
2906,47751.84021,50627.40496,53183.9267,55139.05627,8700,0,,,,,,
2907,46606.78574,49413.39653,51908.61474,53816.86172,8700,0,,,,,,
2908,46153.17538,48932.47024,51403.40321,53293.07778,8700,0,,,,,,
2909,46317.16559,49106.33577,51586.04839,53482.4373,8700,0,,,,,,
2910,46881.06176,49704.18916,52214.09147,54133.56828,8700,0,,,,,,
2911,47167.80489,50008.19965,52533.45352,54464.67061,8700,0,,,,,,
2912,46344.9768,49135.82174,51617.02331,53514.55091,8700,0,,,,,,
2913,45250.74971,47975.70146,50398.32068,52251.04674,8700,0,,,,,,
2914,44322.43084,46991.48022,49364.39942,51179.11682,8700,0,,,,,,
2915,44265.84942,46931.49153,49301.38149,51113.78224,8700,0,,,,,,
2916,42414.00672,44968.13284,47238.87948,48975.45923,8700,0,,,,,,
2917,41525.96615,44026.61542,46249.81844,47950.03866,8700,0,,,,,,
2918,41872.16772,44393.66488,46635.40272,48349.79766,8700,0,,,,,,
2919,42594.30006,45159.28326,47439.68237,49183.64397,8700,0,,,,,,
2920,43832.37821,46471.91715,48818.60007,50613.25298,8700,0,,,,,,
2921,46322.91964,49112.43632,51592.457,53489.0815,8700,0,,,,,,
2922,49227.75212,52192.1947,54827.73332,56843.29195,8700,0,,,,,,
2923,51800.76815,54920.15501,57693.44688,59814.35391,8700,0,,,,,,
2924,53856.87936,57100.08304,59983.45429,62188.5458,8700,0,,,,,,
2925,54395.84135,57671.50074,60583.72675,62810.88528,8700,0,,,,,,
2926,53867.42844,57111.26737,59995.20339,62200.72682,8700,0,,,,,,
2927,53194.20546,56397.50362,59245.39686,61423.35616,8700,0,,,,,,
2928,52003.11865,55134.69084,57918.81608,60048.00806,8700,0,,,,,,
2929,49042.66375,51995.96051,54621.58993,56629.57039,8700,0,,,,,,
2930,47226.30432,50070.22186,52598.60764,54532.21991,8700,0,,,,,,
2931,46315.24758,49104.30226,51583.91219,53480.22257,8700,0,,,,,,
2932,46289.35439,49076.8498,51555.07348,53450.3237,8700,0,,,,,,
2933,46898.32389,49722.4908,52233.31728,54153.50087,8700,0,,,,,,
2934,48475.89056,51395.05684,53990.34255,55975.11731,8700,0,,,,,,
2935,50943.41581,54011.17383,56738.56506,58824.36905,8700,0,,,,,,
2936,53092.55071,56289.72733,59132.17821,61305.9754,8700,0,,,,,,
2937,55838.18802,59200.70398,62190.14986,64476.36317,8700,0,,,,,,
2938,55936.96575,59305.43,62300.16421,64590.42183,8700,0,,,,,,
2939,55758.59043,59116.31311,62101.49752,64384.45182,8700,0,,,,,,
2940,54234.72816,57500.68549,60404.28588,62624.84786,8700,0,,,,,,
2941,51749.94078,54866.26687,57636.83756,59755.66354,8700,0,,,,,,
2942,53784.95383,57023.82623,59903.34675,62105.49338,8700,0,,,,,,
2943,55484.3144,58825.52047,61796.02079,64067.74526,8700,0,,,,,,
2944,57357.25525,60811.24782,63882.021,66230.4303,8700,0,,,,,,
2945,60029.04902,63643.93415,66857.74892,69315.55093,8700,0,,,,,,
2946,61381.24902,65077.56219,68363.77058,70876.93645,8700,0,,,,,,
2947,62143.65966,65885.88438,69212.91045,71757.29212,8700,0,,,,,,
2948,62787.15342,66568.12865,69929.60587,72500.33445,8700,0,,,,,,
2949,61709.22944,65425.29324,68729.06093,71255.65548,8700,0,,,,,,
2950,60068.36831,63685.62121,66901.54104,69360.95292,8700,0,,,,,,
2951,58427.50717,61945.94916,65074.02113,67466.25034,8700,0,,,,,,
2952,57452.19696,60911.90682,63987.76295,66340.05951,8700,0,,,,,,
2953,53869.34646,57113.30089,59997.3396,62202.94156,8700,0,,,,,,
2954,51953.25028,55081.81945,57863.27485,59990.42504,8700,0,,,,,,
2955,51252.2161,54338.56974,57082.49342,59180.94078,8700,0,,,,,,
2956,50824.49893,53885.0959,56606.1206,58687.05571,8700,0,,,,,,
2957,51294.41241,54383.30707,57129.48983,59229.66487,8700,0,,,,,,
2958,52332.05808,55483.43865,58285.17454,60427.83446,8700,0,,,,,,
2959,54597.23284,57885.01981,60808.02785,63043.43206,8700,0,,,,,,
2960,57800.31653,61280.98977,64375.48342,66742.03322,8700,0,,,,,,
2961,62301.89583,66053.64937,69389.14703,71940.00744,8700,0,,,,,,
2962,63742.32448,67580.81909,70993.43393,73603.2706,8700,0,,,,,,
2963,63677.112,67511.67958,70920.8031,73527.96974,8700,0,,,,,,
2964,63199.52647,67005.33436,70388.88907,72976.50166,8700,0,,,,,,
2965,60913.25356,64581.38454,67842.53755,70336.54203,8700,0,,,,,,
2966,63781.64377,67622.50614,71037.22605,73648.67259,8700,0,,,,,,
2967,64608.30789,68498.95109,71957.92866,74603.22176,8700,0,,,,,,
2968,64698.45455,68594.52629,72058.3301,74707.31412,8700,0,,,,,,
2969,65057.12321,68974.79359,72457.79968,75121.46887,8700,0,,,,,,
2970,64260.18831,68129.86812,71570.20818,74201.24803,8700,0,,,,,,
2971,63706.84122,67543.19906,70953.91422,73562.29807,8700,0,,,,,,
2972,63564.90817,67392.71896,70795.83535,73398.40796,8700,0,,,,,,
2973,62182.97895,65927.57144,69256.70257,71802.69411,8700,0,,,,,,
2974,60379.08661,64015.05063,67247.60559,69719.73938,8700,0,,,,,,
2975,58757.40561,62295.71373,65441.44769,67847.18411,8700,0,,,,,,
2976,58070.75653,61567.71538,64676.68775,67054.31033,8700,0,,,,,,
2977,54416.93951,57693.86941,60607.22497,62835.24733,8700,0,,,,,,
2978,52326.30404,55477.33811,58278.76594,60421.19027,8700,0,,,,,,
2979,51161.11042,54241.97777,56981.02386,59075.74104,8700,0,,,,,,
2980,50561.73099,53606.50435,56313.46107,58383.63753,8700,0,,,,,,
2981,50962.59595,54031.50897,56759.92707,58846.51636,8700,0,,,,,,
2982,51394.14915,54489.04985,57240.57229,59344.83089,8700,0,,,,,,
2983,51789.26007,54907.95392,57680.62968,59801.06553,8700,0,,,,,,
2984,51101.65198,54178.93881,56914.80164,59007.08437,8700,0,,,,,,
2985,50628.86149,53677.67738,56388.22811,58461.15313,8700,0,,,,,,
2986,49873.1639,52876.47249,55546.56494,57588.54902,8700,0,,,,,,
2987,49957.55652,52965.94714,55640.55778,57685.99719,8700,0,,,,,,
2988,48482.60361,51402.17415,53997.81925,55982.86887,8700,0,,,,,,
2989,46157.97042,48937.55403,51408.74372,53298.61461,8700,0,,,,,,
2990,47453.589,50311.19338,52851.74745,54794.66556,8700,0,,,,,,
2991,48643.7168,51572.9894,54177.26013,56168.90629,8700,0,,,,,,
2992,50145.52191,53165.23161,55849.90547,57903.04085,8700,0,,,,,,
2993,52286.98475,55435.65105,58234.97382,60375.78828,8700,0,,,,,,
2994,54084.16404,57341.05456,60236.5941,62450.99145,8700,0,,,,,,
2995,56079.85781,59456.92687,62459.31118,64755.41931,8700,0,,,,,,
2996,57719.75994,61195.58215,64285.76299,66649.01452,8700,0,,,,,,
2997,58058.28944,61554.49754,64662.80245,67039.91458,8700,0,,,,,,
2998,57247.92845,60695.33747,63760.25756,66104.19063,8700,0,,,,,,
2999,56228.50391,59614.52428,62624.86676,64927.06098,8700,0,,,,,,
3000,54921.37724,58228.68384,61169.04581,63417.72164,8700,0,,,,,,
3001,51577.3195,54683.25052,57444.57947,59556.33772,8700,0,,,,,,
3002,49797.40234,52796.14865,55462.185,57501.06714,8700,0,,,,,,
3003,49018.68858,51970.54158,54594.88742,56601.88626,8700,0,,,,,,
3004,48861.41141,51803.79335,54419.71894,56420.27829,8700,0,,,,,,
3005,49357.21808,52329.45697,54971.92688,56992.78632,8700,0,,,,,,
3006,50468.7073,53507.87888,56209.85533,58276.22307,8700,0,,,,,,
3007,52434.67184,55592.2317,58399.46129,60546.32258,8700,0,,,,,,
3008,53934.55894,57182.4404,60069.97043,62278.24242,8700,0,,,,,,
3009,56692.66334,60106.63489,63141.82738,65463.02594,8700,0,,,,,,
3010,56965.98036,60396.41077,63446.23601,65778.62514,8700,0,,,,,,
3011,57129.01157,60569.25955,63627.8131,65966.8773,8700,0,,,,,,
3012,56522.91908,59926.66882,62952.77359,65267.02222,8700,0,,,,,,
3013,54596.27383,57884.00305,60806.95975,63042.32469,8700,0,,,,,,
3014,57242.1744,60689.23692,63753.84894,66097.54643,8700,0,,,,,,
3015,58763.15965,62301.81428,65447.85629,67853.8283,8700,0,,,,,,
3016,59753.81398,63352.12475,66551.20408,68997.73699,8700,0,,,,,,
3017,61847.32647,65571.70632,68882.86741,71415.11614,8700,0,,,,,,
3018,62016.11171,65750.65563,69070.85308,71610.01248,8700,0,,,,,,
3019,62199.28207,65944.85631,69274.86028,71821.51932,8700,0,,,,,,
3020,62753.58817,66532.54213,69892.22235,72461.57665,8700,0,,,,,,
3021,61673.74618,65387.67321,68689.54122,71214.68296,8700,0,,,,,,
3022,60062.61426,63679.52065,66895.13242,69354.30872,8700,0,,,,,,
3023,58335.44249,61848.34045,64971.48348,67359.94324,8700,0,,,,,,
3024,57401.36958,60858.01867,63931.15363,66281.36913,8700,0,,,,,,
3025,53892.36263,57137.70307,60022.97401,62229.51833,8700,0,,,,,,
3026,52035.72489,55169.26059,57955.13149,60085.65849,8700,0,,,,,,
3027,51195.63468,54278.58105,57019.47549,59115.60621,8700,0,,,,,,
3028,50862.85922,53925.7662,56648.84463,58731.35034,8700,0,,,,,,
3029,51226.32291,54311.11729,57053.6547,59151.04191,8700,0,,,,,,
3030,52029.97085,55163.16005,57948.72289,60079.0143,8700,0,,,,,,
3031,53790.70787,57029.92677,59909.75535,62112.13757,8700,0,,,,,,
3032,55665.56674,59017.68763,61997.89177,64277.03736,8700,0,,,,,,
3033,58968.38717,62519.40038,65676.42979,68090.80455,8700,0,,,,,,
3034,60919.96661,64588.50185,67850.01425,70344.29359,8700,0,,,,,,
3035,62124.47952,65865.54923,69191.54844,71735.14481,8700,0,,,,,,
3036,61621.9598,65332.76831,68631.86379,71154.88522,8700,0,,,,,,
3037,58726.71738,62263.17749,65407.26847,67811.74841,8700,0,,,,,,
3038,59069.08292,62626.15992,65788.58035,68207.07794,8700,0,,,,,,
3039,58827.41313,62369.93703,65519.41903,67928.02181,8700,0,,,,,,
3040,59077.71398,62635.31073,65798.19325,68217.04423,8700,0,,,,,,
3041,59960.95951,63571.74436,66781.91378,69236.92796,8700,0,,,,,,
3042,60680.21483,64334.31247,67582.98913,70067.45218,8700,0,,,,,,
3043,60985.17909,64657.64135,67922.64508,70419.59445,8700,0,,,,,,
3044,61665.11512,65378.5224,68679.92832,71204.71667,8700,0,,,,,,
3045,61079.16178,64757.28358,68027.31892,70528.11627,8700,0,,,,,,
3046,59632.02008,63222.99655,66415.55532,68857.10156,8700,0,,,,,,
3047,57892.38121,61378.59849,64478.02106,66848.34032,8700,0,,,,,,
3048,57186.55199,60630.26499,63691.89912,66033.31923,8700,0,,,,,,
3049,53769.60972,57007.55811,59886.25715,62087.77553,8700,0,,,,,,
3050,51512.10702,54614.11101,57371.94864,59481.03686,8700,0,,,,,,
3051,50466.78929,53505.84537,56207.71913,58274.00834,8700,0,,,,,,
3052,50024.68702,53037.12017,55715.32481,57763.51279,8700,0,,,,,,
3053,50169.49709,53190.65055,55876.60798,57930.725,8700,0,,,,,,
3054,50523.37071,53565.83406,56270.73706,58339.34291,8700,0,,,,,,
3055,50681.60688,53733.59904,56446.97364,58522.05824,8700,0,,,,,,
3056,49498.19212,52478.92031,55128.93765,57155.56906,8700,0,,,,,,
3057,48811.54304,51750.92196,54364.17771,56362.69527,8700,0,,,,,,
3058,47661.69354,50531.82975,53083.52525,55034.9639,8700,0,,,,,,
3059,47754.71723,50630.45523,53187.131,55142.37837,8700,0,,,,,,
3060,46878.18474,49701.13889,52210.88717,54130.24619,8700,0,,,,,,
3061,45527.90276,48269.54437,50707.00171,52571.0754,8700,0,,,,,,
3062,46307.57552,49096.16819,51575.36739,53471.36364,8700,0,,,,,,
3063,47376.86843,50229.85278,52766.29941,54706.07631,8700,0,,,,,,
3064,48989.91836,51940.03885,54562.8444,56568.66528,8700,0,,,,,,
3065,51219.60986,54303.99999,57046.178,59143.29035,8700,0,,,,,,
3066,52239.0344,55384.81318,58181.5688,60320.42001,8700,0,,,,,,
3067,53536.57099,56760.48604,59626.70873,61818.68568,8700,0,,,,,,
3068,54821.6405,58122.94106,61057.96336,63302.55561,8700,0,,,,,,
3069,54961.65553,58271.38764,61213.90603,63464.23099,8700,0,,,,,,
3070,54251.99029,57518.98712,60423.51169,62644.78044,8700,0,,,,,,
3071,53356.27766,56569.33564,59425.90584,61610.50095,8700,0,,,,,,
3072,52608.25213,55776.26481,58592.78748,60746.75577,8700,0,,,,,,
3073,49458.87283,52437.23326,55085.14553,57110.16707,8700,0,,,,,,
3074,47537.98162,50400.66803,52945.74029,54892.11373,8700,0,,,,,,
3075,46481.15581,49280.2013,51768.69358,53671.79683,8700,0,,,,,,
3076,46016.03737,48787.07393,51250.66485,53134.7245,8700,0,,,,,,
3077,46183.86361,48965.00648,51437.58243,53328.51348,8700,0,,,,,,
3078,46503.21297,49303.58672,51793.25989,53697.26623,8700,0,,,,,,
3079,46447.59056,49244.61479,51731.31006,53633.03903,8700,0,,,,,,
3080,44646.57524,47335.14425,49725.41738,51553.4064,8700,0,,,,,,
3081,42647.04545,45215.20492,47498.4279,49244.54908,8700,0,,,,,,
3082,41535.55623,44036.783,46260.49946,47961.11233,8700,0,,,,,,
3083,42012.18275,44542.11146,46791.34538,48511.47304,8700,0,,,,,,
3084,41197.02672,43677.86761,45883.45998,47570.21226,8700,0,,,,,,
3085,40684.91693,43134.91912,45313.09433,46978.87902,8700,0,,,,,,
3086,40958.23396,43424.695,45617.50297,47294.47823,8700,0,,,,,,
3087,41877.92176,44399.76542,46641.81132,48356.44185,8700,0,,,,,,
3088,43689.48616,46320.42029,48659.45311,50448.25551,8700,0,,,,,,
3089,46092.75793,48868.41452,51336.11288,53223.31374,8700,0,,,,,,
3090,48993.75439,51944.10588,54567.1168,56573.09474,8700,0,,,,,,
3091,51495.8039,54596.82614,57353.79093,59462.21165,8700,0,,,,,,
3092,53214.34461,56418.85553,59267.82697,61446.61084,8700,0,,,,,,
3093,53836.74021,57078.73113,59961.02417,62165.29112,8700,0,,,,,,
3094,53293.9422,56503.2464,59356.47931,61538.52218,8700,0,,,,,,
3095,52233.28035,55378.71263,58175.16019,60313.7758,8700,0,,,,,,
3096,50711.3361,53765.11852,56480.08475,58556.38657,8700,0,,,,,,
3097,47908.15836,50793.13642,53358.02707,55319.55686,8700,0,,,,,,
3098,46076.45481,48851.12964,51317.95517,53204.48853,8700,0,,,,,,
3099,45233.48758,47957.39982,50379.09487,52231.11416,8700,0,,,,,,
3100,45127.9968,47845.5565,50261.60381,52109.30394,8700,0,,,,,,
3101,45796.42474,48554.23646,51006.06984,52881.13777,8700,0,,,,,,
3102,47421.94177,50277.64039,52816.50014,54758.1225,8700,0,,,,,,
3103,50689.27893,53741.7331,56455.51843,58530.91716,8700,0,,,,,,
3104,55536.10078,58880.42537,61853.69821,64127.54299,8700,0,,,,,,
3105,61365.9049,65061.29406,68346.68096,70859.21859,8700,0,,,,,,
3106,63212.95257,67019.56897,70403.84248,72992.00478,8700,0,,,,,,
3107,63299.26321,67111.07714,70499.97152,73091.66769,8700,0,,,,,,
3108,62533.01654,66298.68792,69646.55924,72206.88256,8700,0,,,,,,
3109,60521.97866,64166.54749,67406.75255,69884.73685,8700,0,,,,,,
3110,63189.9364,66995.16679,70378.20807,72965.42801,8700,0,,,,,,
3111,63896.72462,67744.51704,71165.3981,73781.55646,8700,0,,,,,,
3112,63948.51101,67799.42195,71223.07554,73841.35421,8700,0,,,,,,
3113,63609.0225,67439.48981,70844.96797,73449.34678,8700,0,,,,,,
3114,63264.73895,67074.47387,70461.5199,73051.80252,8700,0,,,,,,
3115,63131.43696,66933.14457,70313.05393,72897.8787,8700,0,,,,,,
3116,63383.65583,67200.5518,70593.96436,73189.11586,8700,0,,,,,,
3117,62191.61001,65936.72225,69266.31547,71812.66039,8700,0,,,,,,
3118,60348.39838,63982.51439,67213.42637,69684.30368,8700,0,,,,,,
3119,58511.89979,62035.42382,65168.01396,67563.69851,8700,0,,,,,,
3120,57623.85923,61093.9064,64178.95294,66538.27796,8700,0,,,,,,
3121,54153.21255,57414.26109,60313.49733,62530.72177,8700,0,,,,,,
3122,52439.46688,55597.31549,58404.8018,60551.85942,8700,0,,,,,,
3123,51390.31312,54484.98281,57236.29988,59340.40143,8700,0,,,,,,
3124,51227.28191,54312.13404,57054.7228,59152.14927,8700,0,,,,,,
3125,51523.6151,54626.3121,57384.76584,59494.32524,8700,0,,,,,,
3126,52370.41837,55524.10895,58327.89856,60472.12909,8700,0,,,,,,
3127,54646.1422,57936.87444,60862.50097,63099.9077,8700,0,,,,,,
3128,57549.05667,61014.59931,64095.64109,66451.90343,8700,0,,,,,,
3129,61062.85866,64739.9987,68009.16122,70509.29106,8700,0,,,,,,
3130,61699.63937,65415.12567,68718.37993,71244.58183,8700,0,,,,,,
3131,61277.67625,64967.75238,68248.41572,70757.34096,8700,0,,,,,,
3132,60096.17951,63715.10717,66932.51594,69393.06651,8700,0,,,,,,
3133,57217.24022,60662.80123,63726.07834,66068.75493,8700,0,,,,,,
3134,59518.85724,63103.01917,66289.51946,68726.43241,8700,0,,,,,,
3135,60713.78008,64369.89898,67620.37265,70106.20997,8700,0,,,,,,
3136,61797.4581,65518.83493,68827.32618,71357.53313,8700,0,,,,,,
3137,62983.74987,66776.56393,70148.56646,72727.34439,8700,0,,,,,,
3138,63063.34746,66860.9548,70237.2188,72819.25574,8700,0,,,,,,
3139,62941.55356,66731.8266,70101.57004,72678.62031,8700,0,,,,,,
3140,63422.97512,67242.23885,70637.75648,73234.51785,8700,0,,,,,,
3141,62442.86987,66203.11271,69546.15779,72102.79019,8700,0,,,,,,
3142,60575.68306,64223.48591,67466.56618,69946.74933,8700,0,,,,,,
3143,58548.34206,62074.0606,65208.60178,67605.7784,8700,0,,,,,,
3144,57475.21313,60936.30899,64013.39737,66366.63628,8700,0,,,,,,
3145,53923.05085,57170.2393,60057.15322,62264.95403,8700,0,,,,,,
3146,52105.73241,55243.48389,58033.10283,60166.49618,8700,0,,,,,,
3147,51129.46319,54208.42478,56945.77655,59039.19798,8700,0,,,,,,
3148,50843.67908,53905.43106,56627.48262,58709.20303,8700,0,,,,,,
3149,51055.61964,54130.13445,56863.53281,58953.93082,8700,0,,,,,,
3150,51977.22546,55107.23839,57889.97737,60018.10919,8700,0,,,,,,
3151,53794.5439,57033.9938,59914.02776,62116.56703,8700,0,,,,,,
3152,55654.05866,59005.48655,61985.07457,64263.74897,8700,0,,,,,,
3153,58298.04121,61808.6869,64929.82756,67316.75598,8700,0,,,,,,
3154,58279.82008,61789.36851,64909.53366,67295.71604,8700,0,,,,,,
3155,57960.47072,61450.78828,64553.8562,66926.96329,8700,0,,,,,,
3156,57068.59412,60505.20382,63560.52276,65897.11326,8700,0,,,,,,
3157,54580.92972,57867.73493,60789.87015,63024.60684,8700,0,,,,,,
3158,56859.53057,60283.55069,63327.67686,65655.70755,8700,0,,,,,,
3159,58068.83852,61565.68187,64674.55156,67052.0956,8700,0,,,,,,
3160,59703.94561,63299.25336,66495.66285,68940.15398,8700,0,,,,,,
3161,61550.03427,65256.51151,68551.75626,71071.8328,8700,0,,,,,,
3162,62262.57654,66011.96231,69345.35491,71894.60545,8700,0,,,,,,
3163,62769.89129,66549.82701,69910.38006,72480.40186,8700,0,,,,,,
3164,63354.88562,67170.04907,70561.92135,73155.89489,8700,0,,,,,,
3165,62748.79313,66527.45834,69886.88184,72456.03982,8700,0,,,,,,
3166,60932.4337,64601.71969,67863.89956,70358.68934,8700,0,,,,,,
3167,58927.14987,62475.67981,65630.50148,68043.18783,8700,0,,,,,,
3168,57330.40306,60782.77862,63852.1142,66199.42408,8700,0,,,,,,
3169,53667.95497,56899.78182,59773.0385,61970.39478,8700,0,,,,,,
3170,51877.48872,55001.49561,57778.89492,59902.94316,8700,0,,,,,,
3171,51019.17737,54091.49767,56822.94499,58911.85093,8700,0,,,,,,
3172,50660.50872,53711.23037,56423.47542,58497.69619,8700,0,,,,,,
3173,51086.30787,54162.67069,56897.71203,58989.36653,8700,0,,,,,,
3174,52002.15964,55133.67408,57917.74798,60046.90069,8700,0,,,,,,
3175,53642.06177,56872.32936,59744.19978,61940.4959,8700,0,,,,,,
3176,55320.32419,58651.65495,61613.37561,63878.38574,8700,0,,,,,,
3177,57970.06079,61460.95585,64564.53721,66938.03694,8700,0,,,,,,
3178,58235.70575,61742.59767,64860.40103,67244.77721,8700,0,,,,,,
3179,58302.83625,61813.77069,64935.16807,67322.29281,8700,0,,,,,,
3180,57439.72986,60898.68896,63973.87764,66325.66375,8700,0,,,,,,
3181,55376.90561,58711.64364,61676.39354,63943.72031,8700,0,,,,,,
3182,58244.33682,61751.74849,64870.01394,67254.74351,8700,0,,,,,,
3183,60136.45781,63757.81098,66977.37616,69439.57587,8700,0,,,,,,
3184,62074.61115,65812.67784,69136.00722,71677.56179,8700,0,,,,,,
3185,63887.13455,67734.34947,71154.7171,73770.48281,8700,0,,,,,,
3186,64436.64562,68316.9515,71766.73867,74405.00331,8700,0,,,,,,
3187,64588.16874,68477.59918,71935.49855,74579.96708,8700,0,,,,,,
3188,64788.60122,68690.10149,72158.73154,74811.40649,8700,0,,,,,,
3189,63484.35157,67307.31133,70706.1149,73305.38924,8700,0,,,,,,
3190,61324.6676,65017.5735,68300.75265,70811.60188,8700,0,,,,,,
3191,59154.43455,62716.65133,65883.64129,68305.63348,8700,0,,,,,,
3192,57576.86788,61044.08529,64126.61601,66484.01704,8700,0,,,,,,
3193,53946.06702,57194.64148,60082.78763,62291.5308,8700,0,,,,,,
3194,52326.30404,55477.33811,58278.76594,60421.19027,8700,0,,,,,,
3195,51358.66588,54451.42981,57201.05256,59303.85836,8700,0,,,,,,
3196,50915.60461,53981.68787,56707.59015,58792.25545,8700,0,,,,,,
3197,51176.45454,54258.2459,56998.11348,59093.4589,8700,0,,,,,,
3198,51989.69255,55120.45623,57903.86267,60032.50494,8700,0,,,,,,
3199,53785.91284,57024.84299,59904.41486,62106.60075,8700,0,,,,,,
3200,55910.11355,59276.96079,62270.25739,64559.41559,8700,0,,,,,,
3201,59052.7798,62608.87504,65770.42264,68188.25273,8700,0,,,,,,
3202,60224.68646,63851.35267,67075.6414,69541.45351,8700,0,,,,,,
3203,60182.49015,63806.61534,67028.64499,69492.72942,8700,0,,,,,,
3204,59807.51838,63409.06317,66611.01771,69059.74947,8700,0,,,,,,
3205,58325.85242,61838.17287,64960.80248,67348.86959,8700,0,,,,,,
3206,61741.83569,65459.863,68765.37636,71293.30593,8700,0,,,,,,
3207,63738.48845,67576.75206,70989.16153,73598.84113,8700,0,,,,,,
3208,64985.19768,68898.53678,72377.69215,75038.41645,8700,0,,,,,,
3209,66064.08066,70042.38894,73579.30517,76284.20277,8700,0,,,,,,
3210,65390.85768,69328.62519,72829.49864,75506.8321,8700,0,,,,,,
3211,64623.652,68515.21921,71975.01826,74620.9396,8700,0,,,,,,
3212,64479.80094,68362.70559,71814.8032,74454.83477,8700,0,,,,,,
3213,63406.672,67224.95397,70619.59877,73215.69263,8700,0,,,,,,
3214,61377.41299,65073.49516,68359.49817,70872.50698,8700,0,,,,,,
3215,59163.06561,62725.80215,65893.25419,68315.59977,8700,0,,,,,,
3216,57564.40079,61030.86744,64112.73071,66469.62129,8700,0,,,,,,
3217,53978.67326,57229.21123,60119.10304,62329.18123,8700,0,,,,,,
3218,52029.01184,55162.14329,57947.65479,60077.90693,8700,0,,,,,,
3219,51096.85695,54173.85503,56909.46114,59001.54755,8700,0,,,,,,
3220,50442.81411,53480.42643,56181.01662,58246.3242,8700,0,,,,,,
3221,50460.07624,53498.72806,56200.24243,58266.25678,8700,0,,,,,,
3222,50609.68134,53657.34222,56366.86609,58439.00581,8700,0,,,,,,
3223,51751.85879,54868.30038,57638.97375,59757.87826,8700,0,,,,,,
3224,52814.43865,55994.86766,58822.42908,60984.83937,8700,0,,,,,,
3225,54616.41298,57905.35496,60829.38986,63065.57937,8700,0,,,,,,
3226,55310.73412,58641.48737,61602.6946,63867.31208,8700,0,,,,,,
3227,55426.77397,58764.51502,61731.93475,64001.30331,8700,0,,,,,,
3228,55410.47085,58747.23014,61713.77705,63982.4781,8700,0,,,,,,
3229,55061.39227,58377.13042,61324.98848,63579.39702,8700,0,,,,,,
3230,56325.36362,59717.21678,62732.7449,65038.9049,8700,0,,,,,,
3231,57212.44518,60657.71744,63720.73783,66063.2181,8700,0,,,,,,
3232,57184.63398,60628.23148,63689.76292,66031.1045,8700,0,,,,,,
3233,57142.43767,60583.49415,63642.7665,65982.38042,8700,0,,,,,,
3234,56795.2771,60215.42794,63256.11413,65581.51406,8700,0,,,,,,
3235,57379.31242,60834.63325,63906.58732,66255.89972,8700,0,,,,,,
3236,58072.67455,61569.7489,64678.82396,67056.52507,8700,0,,,,,,
3237,57683.31767,61156.94537,64245.17517,66606.93462,8700,0,,,,,,
3238,56349.3388,59742.63572,62759.44741,65066.58905,8700,0,,,,,,
3239,54744.91993,58041.60046,60972.51532,63213.96636,8700,0,,,,,,
3240,53616.16858,56844.87691,59715.36107,61910.59703,8700,0,,,,,,
3241,50789.97468,53848.49264,56567.66899,58647.19055,8700,0,,,,,,
3242,48912.23879,51857.6815,54476.32827,56478.96867,8700,0,,,,,,
3243,47657.85751,50527.76272,53079.25285,55030.53444,8700,0,,,,,,
3244,47083.41226,49918.72499,52439.46067,54367.22243,8700,0,,,,,,
3245,47046.01098,49879.07145,52397.80475,54324.03517,8700,0,,,,,,
3246,47233.97638,50078.35592,52607.15245,54541.07884,8700,0,,,,,,
3247,48211.2046,51114.43178,53695.54682,55669.4844,8700,0,,,,,,
3248,48954.4351,51902.41882,54523.32469,56527.69275,8700,0,,,,,,
3249,50297.04503,53325.87929,56018.66534,58078.00462,8700,0,,,,,,
3250,51851.59553,54974.04316,57750.05621,59873.04429,8700,0,,,,,,
3251,53442.5883,56660.84381,59522.03489,61710.16385,8700,0,,,,,,
3252,53759.06064,56996.37378,59874.50804,62075.59451,8700,0,,,,,,
3253,53634.38972,56864.19531,59735.65498,61931.63698,8700,0,,,,,,
3254,54070.73794,57326.81995,60221.64069,62435.48833,8700,0,,,,,,
3255,54214.58901,57479.33358,60381.85577,62601.59318,8700,0,,,,,,
3256,54311.44873,57582.02609,60489.73392,62713.43711,8700,0,,,,,,
3257,54524.3483,57807.74624,60726.85222,62959.27227,8700,0,,,,,,
3258,54917.54121,58224.61681,61164.77341,63413.29218,8700,0,,,,,,
3259,55660.77171,59012.60385,61992.55128,64271.50053,8700,0,,,,,,
3260,56104.79199,59483.36256,62487.08179,64784.21081,8700,0,,,,,,
3261,55822.8439,59184.43586,62173.06025,64458.64531,8700,0,,,,,,
3262,54412.14447,57688.78562,60601.88446,62829.71049,8700,0,,,,,,
3263,53073.37057,56269.39218,59110.81621,61283.82809,8700,0,,,,,,
3264,51573.48347,54679.18349,57440.30707,59551.90826,8700,0,,,,,,
3265,48818.25609,51758.03926,54371.65442,56370.44683,8700,0,,,,,,
3266,47067.10914,49901.44011,52421.30296,54348.39722,8700,0,,,,,,
3267,46201.12574,48983.30812,51456.80824,53348.44607,8700,0,,,,,,
3268,45899.99751,48664.04627,51121.42469,53000.73326,8700,0,,,,,,
3269,46409.23027,49203.94448,51688.58603,53588.7444,8700,0,,,,,,
3270,47591.68602,50457.60645,53005.55392,54954.12621,8700,0,,,,,,
3271,51008.6283,54080.31334,56811.1959,58899.66992,8700,0,,,,,,
3272,56103.83298,59482.3458,62486.01369,64783.10344,8700,0,,,,,,
3273,62111.05342,65851.31463,69176.59504,71719.64169,8700,0,,,,,,
3274,64554.60349,68442.01267,71898.11503,74541.20928,8700,0,,,,,,
3275,65083.97541,69003.2628,72487.70649,75152.47511,8700,0,,,,,,
3276,65117.54065,69038.8493,72525.09,75191.23289,8700,0,,,,,,
3277,63426.81115,67246.30588,70642.02888,73238.94731,8700,0,,,,,,
3278,65289.20292,69220.84889,72716.27999,75389.45134,8700,0,,,,,,
3279,65510.73356,69455.71987,72963.0112,75645.2528,8700,0,,,,,,
3280,65450.31612,69391.66416,72895.72087,75575.48877,8700,0,,,,,,
3281,65565.39697,69513.67505,73023.89293,75708.37265,8700,0,,,,,,
3282,64717.6347,68614.86145,72079.69211,74729.46144,8700,0,,,,,,
3283,64383.90023,68261.02984,71707.99315,74344.0982,8700,0,,,,,,
3284,64189.22179,68054.62808,71491.16875,74119.30298,8700,0,,,,,,
3285,63019.23313,66814.18395,70188.08617,72768.31692,8700,0,,,,,,
3286,60824.0659,64486.8261,67743.20421,70233.55703,8700,0,,,,,,
3287,58754.52859,62292.66346,65438.24339,67843.86202,8700,0,,,,,,
3288,57508.77837,60971.8955,64050.78087,66405.39407,8700,0,,,,,,
3289,54046.76277,57301.40102,60194.93818,62407.8042,8700,0,,,,,,
3290,52231.36234,55376.67912,58173.02399,60311.56108,8700,0,,,,,,
3291,51384.55908,54478.88227,57229.89128,59333.75724,8700,0,,,,,,
3292,50960.67794,54029.47546,56757.79087,58844.30163,8700,0,,,,,,
3293,51151.52035,54231.8102,56970.34286,59064.66739,8700,0,,,,,,
3294,51967.63539,55097.07081,57879.29636,60007.03553,8700,0,,,,,,
3295,54251.99029,57518.98712,60423.51169,62644.78044,8700,0,,,,,,
3296,57706.33384,61181.34755,64270.80958,66633.5114,8700,0,,,,,,
3297,61948.02221,65678.46585,68995.01795,71531.38953,8700,0,,,,,,
3298,62627.95824,66399.3469,69752.30119,72316.51175,8700,0,,,,,,
3299,61386.04405,65082.64597,68369.11107,70882.47327,8700,0,,,,,,
3300,59564.88958,63151.82353,66340.78828,68779.58596,8700,0,,,,,,
3301,56727.18759,60143.23816,63180.27899,65502.89109,8700,0,,,,,,
3302,58677.80802,62211.32286,65352.79535,67755.27276,8700,0,,,,,,
3303,59433.50561,63012.52775,66194.45852,68627.87687,8700,0,,,,,,
3304,60456.76618,64097.40798,67334.12172,69809.43599,8700,0,,,,,,
3305,62362.31328,66117.70509,69456.43736,72009.77148,8700,0,,,,,,
3306,63181.30533,66986.01596,70368.59515,72955.46171,8700,0,,,,,,
3307,63295.42718,67107.01011,70495.69912,73087.23823,8700,0,,,,,,
3308,63524.62987,67350.01514,70750.97512,73351.8986,8700,0,,,,,,
3309,62631.79427,66403.41394,69756.57359,72320.94122,8700,0,,,,,,
3310,60990.93313,64663.74189,67929.05368,70426.23864,8700,0,,,,,,
3311,59054.69781,62610.90855,65772.55884,68190.46746,8700,0,,,,,,
3312,57447.40192,60906.82302,63982.42245,66334.52268,8700,0,,,,,,
3313,53700.56121,56934.35157,59809.35392,62008.04521,8700,0,,,,,,
3314,51749.94078,54866.26687,57636.83756,59755.66354,8700,0,,,,,,
3315,50720.92617,53775.2861,56490.76576,58567.46023,8700,0,,,,,,
3316,50246.21766,53271.99115,55962.05602,58019.31425,8700,0,,,,,,
3317,50195.39028,53218.103,55905.44669,57960.62387,8700,0,,,,,,
3318,50650.91865,53701.0628,56412.79442,58486.62254,8700,0,,,,,,
3319,51227.28191,54312.13404,57054.7228,59152.14927,8700,0,,,,,,
3320,50906.01454,53971.52029,56696.90915,58781.18179,8700,0,,,,,,
3321,51001.91525,54073.19604,56803.71919,58891.91836,8700,0,,,,,,
3322,50637.49255,53686.82819,56397.84101,58471.11942,8700,0,,,,,,
3323,51454.56659,54553.10556,57307.86261,59414.59492,8700,0,,,,,,
3324,50644.2056,53693.9455,56405.31771,58478.87098,8700,0,,,,,,
3325,49176.92475,52138.30656,54771.124,56784.60158,8700,0,,,,,,
3326,50950.12886,54018.29113,56746.04176,58832.12061,8700,0,,,,,,
3327,52736.75908,55912.51031,58735.91294,60895.14276,8700,0,,,,,,
3328,54589.56078,57876.88575,60799.48305,63034.57313,8700,0,,,,,,
3329,56335.9127,59728.40111,62744.494,65051.08593,8700,0,,,,,,
3330,56863.3666,60287.61772,63331.94926,65660.13701,8700,0,,,,,,
3331,58068.83852,61565.68187,64674.55156,67052.0956,8700,0,,,,,,
3332,59306.91668,62878.31577,66053.46926,68481.70462,8700,0,,,,,,
3333,59464.19384,63045.064,66228.63774,68663.31258,8700,0,,,,,,
3334,58211.73057,61717.17873,64833.69852,67217.09307,8700,0,,,,,,
3335,56433.73142,59832.11037,62853.44025,65164.03721,8700,0,,,,,,
3336,54617.37199,57906.37172,60830.45796,63066.68674,8700,0,,,,,,
3337,51549.5083,54653.76456,57413.60456,59524.22413,8700,0,,,,,,
3338,49919.19624,52925.27685,55597.83376,57641.70257,8700,0,,,,,,
3339,49181.71978,52143.39035,54776.4645,56790.1384,8700,0,,,,,,
3340,48778.9368,51716.35221,54327.8623,56325.04484,8700,0,,,,,,
3341,49125.13836,52083.40165,54713.44657,56724.80383,8700,0,,,,,,
3342,49996.87581,53007.6342,55684.3499,57731.39918,8700,0,,,,,,
3343,52786.62745,55965.3817,58791.45417,60952.72577,8700,0,,,,,,
3344,57108.87242,60547.90764,63605.38299,65943.62262,8700,0,,,,,,
3345,62942.51257,66732.84336,70102.63814,72679.72768,8700,0,,,,,,
3346,65196.17924,69122.22343,72612.67425,75282.03688,8700,0,,,,,,
3347,65167.40902,69091.72069,72580.63123,75248.81591,8700,0,,,,,,
3348,65114.66363,69035.79903,72521.8857,75187.9108,8700,0,,,,,,
3349,62967.44675,66759.27905,70130.40875,72708.51918,8700,0,,,,,,
3350,64985.19768,68898.53678,72377.69215,75038.41645,8700,0,,,,,,
3351,65869.40222,69835.98717,73362.48078,76059.40755,8700,0,,,,,,
3352,65957.63087,69929.52886,73460.74602,76161.28518,8700,0,,,,,,
3353,66305.75044,70298.61182,73848.46648,76563.2589,8700,0,,,,,,
3354,65361.12846,69297.10571,72796.38753,75472.50377,8700,0,,,,,,
3355,64678.31541,68573.17439,72035.9,74684.05945,8700,0,,,,,,
3356,64213.19697,68080.04702,71517.87127,74146.98713,8700,0,,,,,,
3357,62821.67767,66604.73191,69968.05748,72540.1996,8700,0,,,,,,
3358,60660.07568,64312.96056,67560.55902,70044.1975,8700,0,,,,,,
3359,58562.72717,62089.31197,65224.62329,67622.38889,8700,0,,,,,,
3360,57363.9683,60818.36512,63889.4977,66238.18186,8700,0,,,,,,
3361,53944.14901,57192.60797,60080.65143,62289.31607,8700,0,,,,,,
3362,52069.29014,55204.8471,57992.51501,60124.41629,8700,0,,,,,,
3363,51220.56886,54305.01674,57047.24609,59144.39771,8700,0,,,,,,
3364,50862.85922,53925.7662,56648.84463,58731.35034,8700,0,,,,,,
3365,51019.17737,54091.49767,56822.94499,58911.85093,8700,0,,,,,,
3366,51826.66135,54947.60747,57722.2856,59844.25279,8700,0,,,,,,
3367,54332.54688,57604.39474,60513.23212,62737.79915,8700,0,,,,,,
3368,57481.92618,60943.4263,64020.87407,66374.38784,8700,0,,,,,,
3369,61753.34377,65472.06409,68778.19356,71306.59431,8700,0,,,,,,
3370,63064.30647,66861.97156,70238.2869,72820.36311,8700,0,,,,,,
3371,62860.99696,66646.41897,70011.8496,72585.60159,8700,0,,,,,,
3372,61869.38363,65595.09174,68907.43372,71440.58555,8700,0,,,,,,
3373,59241.70419,62809.17626,65980.83842,68406.40375,8700,0,,,,,,
3374,61284.3893,64974.86968,68255.89243,70765.09252,8700,0,,,,,,
3375,62188.73299,65933.67198,69263.11117,71809.3383,8700,0,,,,,,
3376,62512.87739,66277.33601,69624.12913,72183.62788,8700,0,,,,,,
3377,63108.42079,66908.7424,70287.41952,72871.30192,8700,0,,,,,,
3378,62743.03909,66521.3578,69880.47324,72449.39562,8700,0,,,,,,
3379,62142.70065,65884.86762,69211.84235,71756.18475,8700,0,,,,,,
3380,62241.47838,65989.59364,69321.8567,71870.24341,8700,0,,,,,,
3381,61466.60065,65168.0536,68458.83152,70975.49199,8700,0,,,,,,
3382,59784.50221,63384.66099,66585.3833,69033.17269,8700,0,,,,,,
3383,57975.81483,61467.05639,64570.94581,66944.68113,8700,0,,,,,,
3384,56842.26844,60265.24905,63308.45105,65635.77497,8700,0,,,,,,
3385,53051.3134,56246.00675,59086.24989,61258.35868,8700,0,,,,,,
3386,51128.50418,54207.40802,56944.70845,59038.09061,8700,0,,,,,,
3387,50030.44106,53043.22071,55721.73341,57770.15698,8700,0,,,,,,
3388,49570.11766,52555.17713,55209.04519,57238.62149,8700,0,,,,,,
3389,49548.06049,52531.7917,55184.47888,57213.15207,8700,0,,,,,,
3390,49768.63212,52765.64592,55430.14198,57467.84616,8700,0,,,,,,
3391,50224.16049,53248.60572,55937.48971,57993.84483,8700,0,,,,,,
3392,49563.40461,52548.05983,55201.56849,57230.86993,8700,0,,,,,,
3393,49333.2429,52304.03803,54945.22437,56965.10217,8700,0,,,,,,
3394,48509.45581,51430.64336,54027.72607,56013.87511,8700,0,,,,,,
3395,48823.05113,51763.12305,54376.99492,56375.98367,8700,0,,,,,,
3396,48012.69014,50903.96299,53474.45003,55440.25972,8700,0,,,,,,
3397,46653.77708,49463.21764,51960.95166,53871.12263,8700,0,,,,,,
3398,47739.37311,50614.1871,53170.04139,55124.66051,8700,0,,,,,,
3399,48825.92815,51766.17332,54380.19922,56379.30576,8700,0,,,,,,
3400,50012.21993,53023.90233,55701.43951,57749.11704,8700,0,,,,,,
3401,51661.71213,54772.72518,57538.57232,59653.7859,8700,0,,,,,,
3402,53080.08362,56276.50949,59118.29291,61291.57965,8700,0,,,,,,
3403,54484.07,57765.04242,60681.99199,62912.76291,8700,0,,,,,,
3404,55639.67355,58990.23518,61969.05306,64247.13849,8700,0,,,,,,
3405,56055.88263,59431.50793,62432.60867,64727.73517,8700,0,,,,,,
3406,54971.24561,58281.55523,61224.58704,63475.30465,8700,0,,,,,,
3407,53685.21709,56918.08345,59792.2643,61990.32735,8700,0,,,,,,
3408,52624.55525,55793.54969,58610.94519,60765.58098,8700,0,,,,,,
3409,49437.77468,52414.8646,55061.64733,57085.80503,8700,0,,,,,,
3410,47400.84361,50255.27172,52793.00193,54733.76045,8700,0,,,,,,
3411,46254.83013,49040.24653,51516.62186,53410.45853,8700,0,,,,,,
3412,45760.94148,48516.61643,50966.55012,52840.16524,8700,0,,,,,,
3413,45862.59623,48624.39272,51079.76877,52957.546,8700,0,,,,,,
3414,46001.65226,48771.82256,51234.64334,53118.11401,8700,0,,,,,,
3415,45807.93283,48566.43755,51018.88705,52894.42616,8700,0,,,,,,
3416,44550.67453,47233.4685,49618.60733,51442.66984,8700,0,,,,,,
3417,43909.09878,46553.25775,48904.04811,50701.84223,8700,0,,,,,,
3418,44142.13751,46800.32982,49163.59653,50970.93208,8700,0,,,,,,
3419,44783.71325,47480.54057,49878.15574,51711.75968,8700,0,,,,,,
3420,44350.24205,47020.96619,49395.37434,51211.23042,8700,0,,,,,,
3421,43992.5324,46641.71565,48996.97286,50798.18304,8700,0,,,,,,
3422,45378.29765,48110.9302,50540.37804,52398.32636,8700,0,,,,,,
3423,47023.95382,49855.68603,52373.23844,54298.56576,8700,0,,,,,,
3424,49048.4178,52002.06106,54627.99854,56636.21459,8700,0,,,,,,
3425,50785.17964,53843.40884,56562.32848,58641.65372,8700,0,,,,,,
3426,51756.65383,54873.38417,57644.31426,59763.4151,8700,0,,,,,,
3427,53071.45255,56267.35866,59108.68,61281.61335,8700,0,,,,,,
3428,54392.96433,57668.45047,60580.52245,62807.56318,8700,0,,,,,,
3429,54485.98802,57767.07595,60684.1282,62914.97765,8700,0,,,,,,
3430,53353.40064,56566.28537,59422.70154,61607.17885,8700,0,,,,,,
3431,51750.89979,54867.28363,57637.90566,59756.77091,8700,0,,,,,,
3432,50333.4873,53364.51607,56059.25316,58120.08451,8700,0,,,,,,
3433,47524.55552,50386.43343,52930.78688,54876.61061,8700,0,,,,,,
3434,45787.79368,48545.08565,50996.45694,52871.17148,8700,0,,,,,,
3435,45048.39921,47761.16563,50172.95147,52017.39259,8700,0,,,,,,
3436,44885.368,47588.31686,49991.37439,51829.14043,8700,0,,,,,,
3437,45378.29765,48110.9302,50540.37804,52398.32636,8700,0,,,,,,
3438,46683.5063,49494.73712,51994.06277,53905.45097,8700,0,,,,,,
3439,50032.35907,53045.25422,55723.86961,57772.37171,8700,0,,,,,,
3440,54514.75823,57797.57867,60716.17121,62948.19862,8700,0,,,,,,
3441,59816.14944,63418.21399,66620.63061,69069.71575,8700,0,,,,,,
3442,60208.38334,63834.06779,67057.4837,69522.62829,8700,0,,,,,,
3443,58884.95355,62430.94248,65583.50505,67994.46374,8700,0,,,,,,
3444,57681.39965,61154.91185,64243.03896,66604.71989,8700,0,,,,,,
3445,55464.17525,58804.16856,61773.59067,64044.49058,8700,0,,,,,,
3446,57395.61554,60851.91812,63924.74503,66274.72494,8700,0,,,,,,
3447,58782.3398,62322.14944,65469.21831,67875.97563,8700,0,,,,,,
3448,60175.7771,63799.49804,67021.16828,69484.97786,8700,0,,,,,,
3449,62128.31554,65869.61626,69195.82084,71739.57426,8700,0,,,,,,
3450,62825.5137,66608.79894,69972.32988,72544.62907,8700,0,,,,,,
3451,62826.47271,66609.8157,69973.39799,72545.73644,8700,0,,,,,,
3452,63147.74008,66950.42945,70331.21164,72916.70391,8700,0,,,,,,
3453,61983.50547,65716.08588,69034.53767,71572.36205,8700,0,,,,,,
3454,59939.86136,63549.37571,66758.41557,69212.56593,8700,0,,,,,,
3455,57790.72646,61270.8222,64364.80242,66730.95957,8700,0,,,,,,
3456,56327.28164,59719.2503,62734.8811,65041.11964,8700,0,,,,,,
3457,52970.75681,56160.59913,58996.52946,61165.33997,8700,0,,,,,,
3458,51367.29695,54460.58064,57210.66547,59313.82466,8700,0,,,,,,
3459,50625.02546,53673.61035,56383.95571,58456.72367,8700,0,,,,,,
3460,50185.80021,53207.93542,55894.76569,57949.55021,8700,0,,,,,,
3461,50391.02773,53425.52153,56123.33919,58186.52646,8700,0,,,,,,
3462,51067.12773,54142.33555,56876.35002,58967.21922,8700,0,,,,,,
3463,53698.64319,56932.31805,59807.21771,62005.83047,8700,0,,,,,,
3464,57641.12135,61112.20803,64198.17874,66558.21053,8700,0,,,,,,
3465,62507.12335,66271.23547,69617.72053,72176.98369,8700,0,,,,,,
3466,62585.76193,66354.60958,69705.30477,72267.78767,8700,0,,,,,,
3467,59764.36306,63363.30909,66562.95318,69009.91801,8700,0,,,,,,
3468,57552.8927,61018.66635,64099.9135,66456.33289,8700,0,,,,,,
3469,54488.86504,57770.12622,60687.3325,62918.29975,8700,0,,,,,,
3470,56479.76376,59880.91473,62904.70907,65217.19076,8700,0,,,,,,
3471,57519.32745,60983.07983,64062.52998,66417.5751,8700,0,,,,,,
3472,58836.04419,62379.08785,65529.03193,67937.98809,8700,0,,,,,,
3473,60729.12419,64386.1671,67637.46225,70123.92782,8700,0,,,,,,
3474,61891.44079,65618.47716,68932.00002,71466.05495,8700,0,,,,,,
3475,62473.5581,66235.64895,69580.33701,72138.22589,8700,0,,,,,,
3476,62726.73597,66504.07292,69862.31553,72430.57041,8700,0,,,,,,
3477,61926.92405,65656.09719,68971.51974,71507.02748,8700,0,,,,,,
3478,60275.51384,63905.24082,67132.25073,69600.14389,8700,0,,,,,,
3479,58287.49213,61797.50257,64918.07845,67304.57495,8700,0,,,,,,
3480,56959.26731,60389.29347,63438.75931,65770.87358,8700,0,,,,,,
3481,53212.4266,56416.82202,59265.69078,61444.39611,8700,0,,,,,,
3482,51350.03482,54442.279,57191.43966,59293.89207,8700,0,,,,,,
3483,50427.47,53464.15831,56163.92701,58228.60635,8700,0,,,,,,
3484,49975.77766,52985.26554,55660.85169,57707.03714,8700,0,,,,,,
3485,50251.9717,53278.09169,55968.46462,58025.95844,8700,0,,,,,,
3486,50954.9239,54023.37492,56751.38227,58837.65744,8700,0,,,,,,
3487,53129.95199,56329.38088,59173.83414,61349.16267,8700,0,,,,,,
3488,56059.71866,59435.57496,62436.88107,64732.16463,8700,0,,,,,,
3489,59702.0276,63297.21985,66493.52666,68937.93925,8700,0,,,,,,
3490,60237.15356,63864.57052,67089.52672,69555.84927,8700,0,,,,,,
3491,59553.3815,63139.62244,66327.97108,68766.29758,8700,0,,,,,,
3492,58335.44249,61848.34045,64971.48348,67359.94324,8700,0,,,,,,
3493,57206.69114,60651.6169,63714.32923,66056.57391,8700,0,,,,,,
3494,59996.44278,63609.3644,66821.4335,69277.9005,8700,0,,,,,,
3495,61800.33512,65521.88521,68830.53048,71360.85522,8700,0,,,,,,
3496,63585.04732,67414.07087,70818.26546,73421.66264,8700,0,,,,,,
3497,64134.55838,67996.67289,71430.28702,74056.18314,8700,0,,,,,,
3498,62930.04547,66719.6255,70088.75283,72665.33192,8700,0,,,,,,
3499,62357.51824,66112.6213,69451.09685,72004.23465,8700,0,,,,,,
3500,62588.63895,66357.65985,69708.50907,72271.10976,8700,0,,,,,,
3501,61865.5476,65591.02471,68903.16131,71436.15608,8700,0,,,,,,
3502,60080.8354,63698.83905,66915.42634,69375.34867,8700,0,,,,,,
3503,58053.4944,61549.41374,64657.46194,67034.37774,8700,0,,,,,,
3504,56768.4249,60186.95873,63226.20732,65550.50782,8700,0,,,,,,
3505,53291.06518,56500.19613,59353.27501,61535.20009,8700,0,,,,,,
3506,51577.3195,54683.25052,57444.57947,59556.33772,8700,0,,,,,,
3507,50546.38688,53590.23624,56296.37147,58365.91969,8700,0,,,,,,
3508,50147.43993,53167.26513,55852.04168,57905.25559,8700,0,,,,,,
3509,50253.88971,53280.1252,55970.60082,58028.17317,8700,0,,,,,,
3510,51164.94645,54246.0448,56985.29627,59080.17051,8700,0,,,,,,
3511,53839.61724,57081.78141,59964.22849,62168.61322,8700,0,,,,,,
3512,57857.85696,61341.99523,64439.56945,66808.47517,8700,0,,,,,,
3513,63231.1737,67038.88735,70424.13638,73013.04472,8700,0,,,,,,
3514,64961.2225,68873.11784,72350.98963,75010.73231,8700,0,,,,,,
3515,64922.86221,68832.44754,72308.26561,74966.43767,8700,0,,,,,,
3516,64234.29512,68102.41567,71541.36947,74171.34916,8700,0,,,,,,
3517,60984.22008,64656.62459,67921.57698,70418.48708,8700,0,,,,,,
3518,61820.47427,65543.23711,68852.96059,71384.1099,8700,0,,,,,,
3519,61073.40774,64751.18304,68020.91032,70521.47208,8700,0,,,,,,
3520,60729.12419,64386.1671,67637.46225,70123.92782,8700,0,,,,,,
3521,61560.58334,65267.69583,68563.50536,71084.01381,8700,0,,,,,,
3522,62480.27115,66242.76626,69587.81372,72145.97745,8700,0,,,,,,
3523,62947.3076,66737.92714,70107.97864,72685.2645,8700,0,,,,,,
3524,63166.92023,66970.76461,70352.57365,72938.85123,8700,0,,,,,,
3525,62376.69838,66132.95644,69472.45886,72026.38196,8700,0,,,,,,
3526,60638.97753,64290.5919,67537.06081,70019.83546,8700,0,,,,,,
3527,58499.4327,62022.20597,65154.12866,67549.30276,8700,0,,,,,,
3528,57250.80547,60698.38775,63763.46186,66107.51273,8700,0,,,,,,
3529,53798.37993,57038.06083,59918.30016,62120.9965,8700,0,,,,,,
3530,52005.03667,55136.72436,57920.95229,60050.2228,8700,0,,,,,,
3531,50878.20333,53942.03432,56665.93423,58749.06819,8700,0,,,,,,
3532,50577.0751,53622.77247,56330.55068,58401.35538,8700,0,,,,,,
3533,50759.28645,53815.95639,56533.48977,58611.75485,8700,0,,,,,,
3534,51641.57298,54751.37327,57516.14221,59630.53122,8700,0,,,,,,
3535,53818.51908,57059.41274,59940.73027,62144.25118,8700,0,,,,,,
3536,56499.90291,59902.26664,62927.13918,65240.44544,8700,0,,,,,,
3537,60304.28405,63935.74354,67164.29375,69633.36485,8700,0,,,,,,
3538,61324.6676,65017.5735,68300.75265,70811.60188,8700,0,,,,,,
3539,62041.0459,65777.09133,69098.6237,71638.80399,8700,0,,,,,,
3540,62806.33356,66588.4638,69950.96787,72522.48176,8700,0,,,,,,
3541,61809.92519,65532.05278,68841.21149,71371.92888,8700,0,,,,,,
3542,63360.63966,67176.14962,70568.32995,73162.53909,8700,0,,,,,,
3543,61769.64689,65489.34896,68796.35126,71325.41952,8700,0,,,,,,
3544,60765.56646,64424.80388,67678.05007,70166.00771,8700,0,,,,,,
3545,60901.74547,64569.18345,67829.72034,70323.25364,8700,0,,,,,,
3546,61179.85753,64864.04312,68139.46948,70644.38967,8700,0,,,,,,
3547,61207.66873,64893.52908,68170.44439,70676.50327,8700,0,,,,,,
3548,61602.77966,65312.43317,68610.50179,71132.73791,8700,0,,,,,,
3549,61273.84022,64963.68535,68244.14332,70752.91149,8700,0,,,,,,
3550,59609.00391,63198.59437,66389.92091,68830.52478,8700,0,,,,,,
3551,57671.80958,61144.74427,64232.35796,66593.64623,8700,0,,,,,,
3552,56653.34405,60064.94784,63098.03526,65417.62395,8700,0,,,,,,
3553,53173.10731,56375.13496,59221.89866,61398.99412,8700,0,,,,,,
3554,51203.30674,54286.71511,57028.02029,59124.46514,8700,0,,,,,,
3555,50107.16163,53124.56131,55807.18145,57858.74623,8700,0,,,,,,
3556,49558.60957,52542.97604,55196.22798,57225.3331,8700,0,,,,,,
3557,49526.00333,52508.40628,55159.91257,57187.68267,8700,0,,,,,,
3558,49586.42078,52572.46201,55227.2029,57257.4467,8700,0,,,,,,
3559,49720.68177,52714.80805,55376.73696,57412.47789,8700,0,,,,,,
3560,48742.49453,51677.71542,54287.27448,56282.96495,8700,0,,,,,,
3561,48549.73411,51473.34717,54072.58629,56060.38447,8700,0,,,,,,
3562,47865.00304,50747.38233,53309.96255,55269.72541,8700,0,,,,,,
3563,48617.82361,51545.53695,54148.42142,56139.00742,8700,0,,,,,,
3564,48160.37723,51060.54364,53638.9375,55610.79403,8700,0,,,,,,
3565,47461.26106,50319.32744,52860.29226,54803.52449,8700,0,,,,,,
3566,49176.92475,52138.30656,54771.124,56784.60158,8700,0,,,,,,
3567,50202.10333,53225.2203,55912.9234,57968.37543,8700,0,,,,,,
3568,50895.46546,53960.33596,56685.16004,58769.00077,8700,0,,,,,,
3569,51961.88135,55090.97027,57872.88776,60000.39134,8700,0,,,,,,
3570,52886.36418,56071.12447,58902.53661,61067.89179,8700,0,,,,,,
3571,54289.39156,57558.64066,60465.1676,62687.96769,8700,0,,,,,,
3572,55149.62092,58470.67211,61423.25372,63681.27465,8700,0,,,,,,
3573,55413.34788,58750.28042,61716.98136,63985.8002,8700,0,,,,,,
3574,54515.71724,57798.59543,60717.23932,62949.30598,8700,0,,,,,,
3575,53339.01553,56551.034,59406.68003,61590.56836,8700,0,,,,,,
3576,52390.55752,55545.46086,58350.32867,60495.38377,8700,0,,,,,,
3577,49403.25042,52378.26132,55023.19571,57045.93986,8700,0,,,,,,
3578,47344.26219,50195.28302,52729.984,54668.42588,8700,0,,,,,,
3579,46274.96928,49061.59844,51539.05197,53433.71321,8700,0,,,,,,
3580,45920.13666,48685.39818,51143.8548,53023.98794,8700,0,,,,,,
3581,45963.29198,48731.15227,51191.91933,53073.81939,8700,0,,,,,,
3582,46016.99637,48788.09068,51251.73294,53135.83186,8700,0,,,,,,
3583,45903.83354,48668.1133,51125.6971,53005.16273,8700,0,,,,,,
3584,44545.87949,47228.38471,49613.26682,51437.133,8700,0,,,,,,
3585,43172.58133,45772.388,48083.74695,49851.38543,8700,0,,,,,,
3586,42329.6141,44878.65819,47144.88664,48878.01106,8700,0,,,,,,
3587,43213.81864,45816.10858,48129.67527,49899.00216,8700,0,,,,,,
3588,42524.29254,45085.05996,47361.71104,49102.80628,8700,0,,,,,,
3589,42233.71339,44776.98244,47038.07659,48767.2745,8700,0,,,,,,
3590,42992.288,45581.2376,47882.94406,49643.2007,8700,0,,,,,,
3591,44014.58956,46665.10107,49021.53916,50823.65245,8700,0,,,,,,
3592,45765.73652,48521.70023,50971.89063,52845.70208,8700,0,,,,,,
3593,48245.72886,51151.03505,53733.99844,55709.34956,8700,0,,,,,,
3594,51013.42333,54085.39712,56816.53639,58905.20674,8700,0,,,,,,
3595,53222.97567,56428.00634,59277.43987,61456.57712,8700,0,,,,,,
3596,54361.31709,57634.89747,60545.27513,62771.02011,8700,0,,,,,,
3597,54702.72362,57996.86313,60925.5189,63165.24228,8700,0,,,,,,
3598,53717.82333,56952.6532,59828.57972,62027.97778,8700,0,,,,,,
3599,52144.09269,55284.15418,58075.82685,60210.7908,8700,0,,,,,,
3600,50606.80432,53654.29195,56363.66179,58435.68371,8700,0,,,,,,
3601,47718.27496,50591.81844,53146.54318,55100.29848,8700,0,,,,,,
3602,46043.84857,48816.55989,51281.63976,53166.8381,8700,0,,,,,,
3603,45244.99566,47969.60091,50391.91207,52244.40254,8700,0,,,,,,
3604,45018.66999,47729.64615,50139.84036,51983.06426,8700,0,,,,,,
3605,45340.89637,48071.27666,50498.72211,52355.1391,8700,0,,,,,,
3606,46631.71992,49439.83222,51936.38535,53845.65323,8700,0,,,,,,
3607,49927.8273,52934.42766,55607.44666,57651.66886,8700,0,,,,,,
3608,54378.57922,57653.1991,60564.50094,62790.95269,8700,0,,,,,,
3609,58958.7971,62509.2328,65665.74879,68079.73089,8700,0,,,,,,
3610,59730.79781,63327.72257,66525.56967,68971.16022,8700,0,,,,,,
3611,59833.41157,63436.51562,66639.85642,69089.64834,8700,0,,,,,,
3612,59006.74745,62560.07067,65719.15381,68135.09917,8700,0,,,,,,
3613,56479.76376,59880.91473,62904.70907,65217.19076,8700,0,,,,,,
3614,58554.09611,62080.16115,65215.01039,67612.42261,8700,0,,,,,,
3615,59773.95313,63373.47666,66573.63419,69020.99167,8700,0,,,,,,
3616,61339.05271,65032.82486,68316.77416,70828.21236,8700,0,,,,,,
3617,62818.80065,66601.68164,69964.85318,72536.87751,8700,0,,,,,,
3618,63056.63441,66853.8375,70229.7421,72811.50418,8700,0,,,,,,
3619,63341.45952,67155.81447,70546.96794,73140.39178,8700,0,,,,,,
3620,63233.09172,67040.92088,70426.27259,73015.25946,8700,0,,,,,,
3621,62200.24108,65945.87307,69275.92838,71822.62669,8700,0,,,,,,
3622,60307.16107,63938.79381,67167.49805,69636.68695,8700,0,,,,,,
3623,58037.19128,61532.12887,64639.30423,67015.55253,8700,0,,,,,,
3624,56801.99015,60222.54525,63263.59084,65589.26562,8700,0,,,,,,
3625,53223.93468,56429.0231,59278.50798,61457.68449,8700,0,,,,,,
3626,51575.40149,54681.21701,57442.44327,59554.123,8700,0,,,,,,
3627,50642.28759,53691.91199,56403.18152,58476.65625,8700,0,,,,,,
3628,50225.1195,53249.62248,55938.55781,57994.9522,8700,0,,,,,,
3629,50452.40418,53490.594,56191.69762,58257.39785,8700,0,,,,,,
3630,51148.64333,54228.75993,56967.13856,59061.34529,8700,0,,,,,,
3631,53223.93468,56429.0231,59278.50798,61457.68449,8700,0,,,,,,
3632,55651.18163,59002.43627,61981.87026,64260.42687,8700,0,,,,,,
3633,58764.11866,62302.83104,65448.92439,67854.93567,8700,0,,,,,,
3634,59689.56051,63284.00201,66479.64135,68923.5435,8700,0,,,,,,
3635,59848.75568,63452.78374,66656.94602,69107.36618,8700,0,,,,,,
3636,58866.73242,62411.62409,65563.21114,67973.42379,8700,0,,,,,,
3637,56413.59227,59810.75846,62831.01014,65140.78254,8700,0,,,,,,
3638,59117.99228,62678.01455,65843.05347,68263.55359,8700,0,,,,,,
3639,60909.41753,64577.31751,67838.26515,70332.11256,8700,0,,,,,,
3640,62533.01654,66298.68792,69646.55924,72206.88256,8700,0,,,,,,
3641,64571.86562,68460.31431,71917.34084,74561.14186,8700,0,,,,,,
3642,64410.75243,68289.49905,71737.89996,74375.10444,8700,0,,,,,,
3643,64308.13867,68180.706,71623.61321,74256.61632,8700,0,,,,,,
3644,64388.69526,68266.11362,71713.33365,74349.63502,8700,0,,,,,,
3645,63095.9537,66895.52455,70273.53421,72856.90617,8700,0,,,,,,
3646,60779.95157,64440.05525,67694.07158,70182.6182,8700,0,,,,,,
3647,58357.49965,61871.72587,64996.04979,67385.41265,8700,0,,,,,,
3648,57222.99426,60668.90177,63732.48694,66075.39912,8700,0,,,,,,
3649,53603.70149,56831.65906,59701.47576,61896.20128,8700,0,,,,,,
3650,51813.23525,54933.37286,57707.33219,59828.74967,8700,0,,,,,,
3651,50762.16347,53819.00666,56536.69407,58615.07694,8700,0,,,,,,
3652,50477.33837,53517.0297,56219.46824,58286.18936,8700,0,,,,,,
3653,50541.59184,53585.15245,56291.03096,58360.38285,8700,0,,,,,,
3654,51061.37369,54136.235,56869.94142,58960.57503,8700,0,,,,,,
3655,53131.87,56331.41439,59175.97033,61351.37739,8700,0,,,,,,
3656,55811.33582,59172.23477,62160.24305,64445.35693,8700,0,,,,,,
3657,59303.08065,62874.24874,66049.19686,68477.27515,8700,0,,,,,,
3658,60372.37356,64007.93333,67240.12889,69711.98782,8700,0,,,,,,
3659,60857.63115,64522.41261,67780.58772,70272.31482,8700,0,,,,,,
3660,60249.62065,63877.78837,67103.41202,69570.24502,8700,0,,,,,,
3661,58615.47256,62145.23363,65283.36882,67683.294,8700,0,,,,,,
3662,62387.24746,66144.14078,69484.20797,72038.56298,8700,0,,,,,,
3663,64160.45158,68024.12535,71459.12574,74086.08202,8700,0,,,,,,
3664,64988.0747,68901.58705,72380.89645,75041.73854,8700,0,,,,,,
3665,65614.30633,69565.52968,73078.36605,75764.84829,8700,0,,,,,,
3666,65415.79186,69355.06088,72857.26925,75535.62361,8700,0,,,,,,
3667,65056.1642,68973.77683,72456.73158,75120.3615,8700,0,,,,,,
3668,64580.49668,68469.46512,71926.95374,74571.10815,8700,0,,,,,,
3669,63503.53172,67327.64648,70727.47692,73327.53657,8700,0,,,,,,
3670,61461.80561,65162.96981,68453.49101,70969.95515,8700,0,,,,,,
3671,58820.70008,62362.81973,65511.94232,67920.27025,8700,0,,,,,,
3672,57450.27894,60909.87329,63985.62675,66337.84477,8700,0,,,,,,
3673,53933.59993,57181.42364,60068.90233,62277.13505,8700,0,,,,,,
3674,52119.15851,55257.71849,58048.05624,60181.9993,8700,0,,,,,,
3675,51144.8073,54224.6929,56962.86616,59056.91583,8700,0,,,,,,
3676,50706.54106,53760.03473,56474.74424,58550.84974,8700,0,,,,,,
3677,50772.71255,53830.191,56548.44318,58627.25797,8700,0,,,,,,
3678,51395.10815,54490.0666,57241.64038,59345.93825,8700,0,,,,,,
3679,53919.21482,57166.17227,60052.88081,62260.52456,8700,0,,,,,,
3680,57872.24206,61357.24658,64455.59095,66825.08564,8700,0,,,,,,
3681,63231.1737,67038.88735,70424.13638,73013.04472,8700,0,,,,,,
3682,65518.40562,69463.85393,72971.556,75654.11173,8700,0,,,,,,
3683,66073.67073,70052.55652,73589.98618,76295.27642,8700,0,,,,,,
3684,65619.10136,69570.61346,73083.70655,75770.38511,8700,0,,,,,,
3685,63784.52079,67625.55641,71040.43035,73651.99468,8700,0,,,,,,
3686,66400.69215,70399.27082,73954.20844,76672.8881,8700,0,,,,,,
3687,67238.86435,71287.91685,74887.72825,77640.72565,8700,0,,,,,,
3688,67028.84179,71065.24696,74653.81424,77398.21258,8700,0,,,,,,
3689,67219.6842,71267.58169,74866.36623,77618.57833,8700,0,,,,,,
3690,66006.54023,69981.38349,73515.21914,76217.76083,8700,0,,,,,,
3691,64918.06718,68827.36376,72302.92511,74960.90085,8700,0,,,,,,
3692,64272.65541,68143.08598,71584.0935,74215.64379,8700,0,,,,,,
3693,62648.09739,66420.69881,69774.7313,72339.76643,8700,0,,,,,,
3694,60558.42093,64205.18427,67447.34037,69926.81674,8700,0,,,,,,
3695,58256.80391,61764.96634,64883.89925,67269.13926,8700,0,,,,,,
3696,57246.01043,60693.30395,63758.12135,66101.9759,8700,0,,,,,,
3697,53772.48674,57010.60838,59889.46145,62091.09763,8700,0,,,,,,
3698,51919.68503,55046.23293,57825.89134,59951.66724,8700,0,,,,,,
3699,50929.03071,53995.92247,56722.54356,58807.75857,8700,0,,,,,,
3700,50601.05028,53648.19141,56357.25319,58429.03952,8700,0,,,,,,
3701,50747.77837,53803.75531,56520.67257,58598.46647,8700,0,,,,,,
3702,51659.79411,54770.69166,57536.43611,59651.57116,8700,0,,,,,,
3703,53499.16972,56720.8325,59585.05282,61775.49843,8700,0,,,,,,
3704,56074.10376,59450.82632,62452.90257,64748.77511,8700,0,,,,,,
3705,59213.89299,62779.6903,65949.86352,68374.29015,8700,0,,,,,,
3706,59109.36121,62668.86372,65833.44056,68253.58729,8700,0,,,,,,
3707,58501.35072,62024.23949,65156.26487,67551.5175,8700,0,,,,,,
3708,57064.75809,60501.13679,63556.25036,65892.6838,8700,0,,,,,,
3709,54155.13057,57416.29461,60315.63354,62532.93651,8700,0,,,,,,
3710,56720.47454,60136.12085,63172.80229,65495.13953,8700,0,,,,,,
3711,58126.37894,61626.68731,64738.63758,67118.53753,8700,0,,,,,,
3712,59386.51426,62962.70663,66142.12159,68573.61596,8700,0,,,,,,
3713,61411.93725,65110.09843,68397.9498,70912.37215,8700,0,,,,,,
3714,62113.93044,65854.3649,69179.79934,71722.96378,8700,0,,,,,,
3715,62205.03611,65950.95686,69281.26888,71828.16351,8700,0,,,,,,
3716,62068.8571,65806.57729,69129.59861,71670.91759,8700,0,,,,,,
3717,61454.13356,65154.83576,68444.94621,70961.09624,8700,0,,,,,,
3718,59796.9693,63397.87884,66599.2686,69047.56844,8700,0,,,,,,
3719,57784.97242,61264.72166,64358.39382,66724.31538,8700,0,,,,,,
3720,56787.60504,60207.29388,63247.56932,65572.65513,8700,0,,,,,,
3721,53242.15582,56448.3415,59298.80189,61478.72444,8700,0,,,,,,
3722,51378.80503,54472.78172,57223.48267,59327.11304,8700,0,,,,,,
3723,50261.56177,53288.25927,55979.14563,58037.03209,8700,0,,,,,,
3724,49471.33992,52450.4511,55099.03084,57124.56282,8700,0,,,,,,
3725,49287.21056,52255.23367,54893.95555,56911.94862,8700,0,,,,,,
3726,49364.89014,52337.59103,54980.47169,57001.64524,8700,0,,,,,,
3727,49662.18234,52652.78585,55311.58284,57344.92859,8700,0,,,,,,
3728,49918.23723,52924.26009,55596.76566,57640.5952,8700,0,,,,,,
3729,50726.68021,53781.38664,56497.17436,58574.10442,8700,0,,,,,,
3730,50465.83028,53504.82861,56206.65103,58272.90097,8700,0,,,,,,
3731,50726.68021,53781.38664,56497.17436,58574.10442,8700,0,,,,,,
3732,49954.6795,52962.89687,55637.35348,57682.6751,8700,0,,,,,,
3733,48461.50545,51379.80548,53974.32104,55958.50682,8700,0,,,,,,
3734,49566.28163,52551.1101,55204.77279,57234.19202,8700,0,,,,,,
3735,50228.95553,53253.68951,55942.83021,57999.38167,8700,0,,,,,,
3736,51057.53766,54132.16797,56865.66902,58956.14556,8700,0,,,,,,
3737,52586.19496,55752.87938,58568.22116,60721.28635,8700,0,,,,,,
3738,53699.6022,56933.33481,59808.28581,62006.93784,8700,0,,,,,,
3739,54934.80334,58242.91844,61183.99922,63433.22476,8700,0,,,,,,
3740,55813.25383,59174.26828,62162.37924,64447.57166,8700,0,,,,,,
3741,56208.36476,59593.17237,62602.43665,64903.8063,8700,0,,,,,,
3742,55046.04816,58360.86231,61307.89887,63561.67917,8700,0,,,,,,
3743,53583.56234,56810.30716,59679.04565,61872.9466,8700,0,,,,,,
3744,52721.41496,55896.24218,58718.82333,60877.4249,8700,0,,,,,,
3745,49690.95255,52683.28857,55343.62585,57378.14955,8700,0,,,,,,
3746,47908.15836,50793.13642,53358.02707,55319.55686,8700,0,,,,,,
3747,46873.38971,49696.05511,52205.54667,54124.70936,8700,0,,,,,,
3748,46271.13325,49057.53141,51534.77957,53429.28375,8700,0,,,,,,
3749,46121.52815,48898.91725,51368.1559,53256.53472,8700,0,,,,,,
3750,46220.30588,49003.64327,51478.17025,53370.59338,8700,0,,,,,,
3751,46243.32205,49028.04545,51503.80466,53397.17015,8700,0,,,,,,
3752,45418.57595,48153.63402,50585.23826,52444.83572,8700,0,,,,,,
3753,44885.368,47588.31686,49991.37439,51829.14043,8700,0,,,,,,
3754,45769.57254,48525.76725,50976.16302,52850.13153,8700,0,,,,,,
3755,46577.05652,49381.87705,51875.50363,53782.53339,8700,0,,,,,,
3756,46297.02644,49084.98386,51563.61828,53459.18262,8700,0,,,,,,
3757,45693.81098,48445.44341,50891.78309,52762.64965,8700,0,,,,,,
3758,46244.28105,49029.0622,51504.87275,53398.27751,8700,0,,,,,,
3759,46994.2246,49824.16655,52340.12732,54264.23743,8700,0,,,,,,
3760,48411.63709,51326.9341,53918.77983,55900.92382,8700,0,,,,,,
3761,50420.75695,53457.04101,56156.45031,58220.85479,8700,0,,,,,,
3762,52754.98021,55931.8287,58756.20685,60916.1827,8700,0,,,,,,
3763,54684.50248,57977.54473,60905.22499,63144.20232,8700,0,,,,,,
3764,55734.61525,59090.89417,62074.79501,64356.76768,8700,0,,,,,,
3765,56277.41327,59666.37891,62679.33988,64983.53663,8700,0,,,,,,
3766,55220.58745,58545.91217,61502.29316,63763.21971,8700,0,,,,,,
3767,53519.30887,56742.18441,59607.48293,61798.75311,8700,0,,,,,,
3768,51545.67227,54649.69753,57409.33216,59519.79466,8700,0,,,,,,
3769,48694.54418,51626.87755,54233.86946,56227.59667,8700,0,,,,,,
3770,46899.2829,49723.50756,52234.38538,54154.60823,8700,0,,,,,,
3771,46016.99637,48788.09068,51251.73294,53135.83186,8700,0,,,,,,
3772,45693.81098,48445.44341,50891.78309,52762.64965,8700,0,,,,,,
3773,46010.28332,48780.97337,51244.25624,53128.0803,8700,0,,,,,,
3774,47114.10049,49951.26123,52473.63989,54402.65813,8700,0,,,,,,
3775,49869.32787,52872.40546,55542.29254,57584.11956,8700,0,,,,,,
3776,53812.76504,57053.3122,59934.32167,62137.60699,8700,0,,,,,,
3777,59107.4432,62666.83021,65831.30436,68251.37256,8700,0,,,,,,
3778,61289.18434,64979.95347,68261.23293,70770.62935,8700,0,,,,,,
3779,62530.13952,66295.63765,69643.35494,72203.56046,8700,0,,,,,,
3780,62894.56221,66682.00548,70049.23311,72624.35939,8700,0,,,,,,
3781,60819.27086,64481.74231,67737.8637,70228.02019,8700,0,,,,,,
3782,63129.51895,66931.11106,70310.91773,72895.66397,8700,0,,,,,,
3783,63885.21654,67732.31595,71152.5809,73768.26808,8700,0,,,,,,
3784,64123.0503,67984.47181,71417.46982,74042.89475,8700,0,,,,,,
3785,65471.41427,69414.03282,72919.21908,75599.85081,8700,0,,,,,,
3786,65733.22321,69691.60761,73210.81051,75902.16163,8700,0,,,,,,
3787,65551.01186,69498.42369,73007.87142,75691.76216,8700,0,,,,,,
3788,65255.63768,69185.26239,72678.89648,75350.69355,8700,0,,,,,,
3789,64109.6242,67970.2372,71402.51641,74027.39163,8700,0,,,,,,
3790,61714.98349,65431.39379,68735.46954,71262.29969,8700,0,,,,,,
3791,59035.51767,62590.57341,65751.19683,68168.32015,8700,0,,,,,,
3792,57641.12135,61112.20803,64198.17874,66558.21053,8700,0,,,,,,
3793,54145.5405,57406.12704,60304.95253,62521.86285,8700,0,,,,,,
3794,52472.07312,55631.88524,58441.11721,60589.50985,8700,0,,,,,,
3795,51511.14801,54613.09425,57370.88054,59479.92949,8700,0,,,,,,
3796,51003.83326,54075.22955,56805.85539,58894.13308,8700,0,,,,,,
3797,51151.52035,54231.8102,56970.34286,59064.66739,8700,0,,,,,,
3798,52002.15964,55133.67408,57917.74798,60046.90069,8700,0,,,,,,
3799,53943.19,57191.59121,60079.58333,62288.2087,8700,0,,,,,,
3800,56892.13681,60318.12044,63363.99227,65693.35798,8700,0,,,,,,
3801,60903.66349,64571.21697,67831.85655,70325.46837,8700,0,,,,,,
3802,62280.79767,66031.2807,69365.64881,71915.6454,8700,0,,,,,,
3803,63141.02703,66943.31215,70323.73493,72908.95235,8700,0,,,,,,
3804,62915.66037,66704.37415,70072.73133,72648.72144,8700,0,,,,,,
3805,60879.68831,64545.79803,67805.15403,70297.78423,8700,0,,,,,,
3806,64202.64789,68068.86268,71506.12216,74134.8061,8700,0,,,,,,
3807,66135.04718,70117.62899,73658.3446,76366.14782,8700,0,,,,,,
3808,66498.51087,70502.98007,74063.15468,76785.83939,8700,0,,,,,,
3809,67147.75867,71191.32488,74786.2587,77535.52591,8700,0,,,,,,
3810,66845.67144,70871.04628,74449.80706,77186.70575,8700,0,,,,,,
3811,66151.3503,70134.91387,73676.50231,76384.97303,8700,0,,,,,,
3812,66934.8591,70965.60473,74549.1404,77289.69075,8700,0,,,,,,
3813,65740.89527,69699.74167,73219.35532,75911.02056,8700,0,,,,,,
3814,63084.44562,66883.32347,70260.71701,72843.61779,8700,0,,,,,,
3815,60170.98207,63794.41426,67015.82779,69479.44104,8700,0,,,,,,
3816,58687.39809,62221.49044,65363.47635,67766.34642,8700,0,,,,,,
3817,55067.14631,58383.23097,61331.39708,63586.04121,8700,0,,,,,,
3818,53199.0005,56402.58741,59250.73737,61428.89299,8700,0,,,,,,
3819,52291.77979,55440.73484,58240.31433,60381.32511,8700,0,,,,,,
3820,51761.44886,54878.46795,57649.65476,59768.95192,8700,0,,,,,,
3821,51788.30106,54906.93716,57679.56157,59799.95816,8700,0,,,,,,
3822,52495.08929,55656.28742,58466.75162,60616.08662,8700,0,,,,,,
3823,54554.07752,57839.26572,60759.96333,62993.60061,8700,0,,,,,,
3824,57222.03525,60667.88501,63731.41883,66074.29175,8700,0,,,,,,
3825,61183.69356,64868.11015,68143.74188,70648.81913,8700,0,,,,,,
3826,63126.64193,66928.06079,70307.71343,72892.34188,8700,0,,,,,,
3827,64381.02321,68257.97957,71704.78885,74340.77611,8700,0,,,,,,
3828,64350.33498,68225.44333,71670.60963,74305.3404,8700,0,,,,,,
3829,62710.43285,66486.78805,69844.15783,72411.7452,8700,0,,,,,,
3830,65786.92761,69748.54603,73270.62414,75964.17411,8700,0,,,,,,
3831,67320.37995,71374.34123,74978.51679,77734.85173,8700,0,,,,,,
3832,68523.93385,72650.37186,76318.98287,79124.59558,8700,0,,,,,,
3833,70378.65357,74616.78082,78384.68918,81266.24069,8700,0,,,,,,
3834,70047.79612,74265.99949,78016.19452,80884.19954,8700,0,,,,,,
3835,69051.38775,73209.58847,76906.43813,79733.64667,8700,0,,,,,,
3836,68465.43442,72588.34966,76253.82875,79057.04628,8700,0,,,,,,
3837,67164.06179,71208.60976,74804.41641,77554.35113,8700,0,,,,,,
3838,64329.23682,68203.07466,71647.11142,74280.97836,8700,0,,,,,,
3839,61273.84022,64963.68535,68244.14332,70752.91149,8700,0,,,,,,
3840,59556.25852,63142.67271,66331.17538,68769.61967,8700,0,,,,,,
3841,55865.04022,59229.17319,62220.05668,64507.36941,8700,0,,,,,,
3842,53939.35397,57187.52418,60075.31093,62283.77924,8700,0,,,,,,
3843,52789.50447,55968.43197,58794.65847,60956.04787,8700,0,,,,,,
3844,52162.31383,55303.47258,58096.12076,60231.83075,8700,0,,,,,,
3845,52206.42816,55350.24343,58145.25339,60282.76958,8700,0,,,,,,
3846,52822.11071,56003.00172,58830.97388,60993.6983,8700,0,,,,,,
3847,54833.14858,58135.14214,61070.78056,63315.844,8700,0,,,,,,
3848,58098.56774,61597.20135,64707.66267,67086.42394,8700,0,,,,,,
3849,62918.53739,66707.42442,70075.93563,72652.04354,8700,0,,,,,,
3850,65472.37328,69415.04958,72920.28718,75600.95818,8700,0,,,,,,
3851,67305.03583,71358.0731,74961.42717,77717.13387,8700,0,,,,,,
3852,68033.88123,72130.8088,75773.18354,78558.73175,8700,0,,,,,,
3853,66418.91328,70418.5892,73974.50234,76693.92804,8700,0,,,,,,
3854,69013.98648,73169.93494,76864.78222,79690.45941,8700,0,,,,,,
3855,70375.77655,74613.73055,78381.48488,81262.91859,8700,0,,,,,,
3856,71465.20861,75768.76704,79594.84702,82520.88594,8700,0,,,,,,
3857,71857.44251,76184.62085,80031.70011,82973.79847,8700,0,,,,,,
3858,70592.51215,74843.51773,78622.87559,81513.18322,8700,0,,,,,,
3859,69131.94435,73294.9961,76996.15858,79826.66538,8700,0,,,,,,
3860,68292.81314,72405.33331,76061.57066,78857.72046,8700,0,,,,,,
3861,66581.94449,70591.43798,74156.07943,76882.1802,8700,0,,,,,,
3862,63766.29966,67606.23803,71020.13644,73630.95474,8700,0,,,,,,
3863,60600.61724,64249.9216,67494.33679,69975.54083,8700,0,,,,,,
3864,58891.6666,62438.05978,65590.98175,68002.2153,8700,0,,,,,,
3865,55398.96277,58735.02906,61700.95985,63969.18972,8700,0,,,,,,
3866,53632.4717,56862.16179,59733.51878,61929.42224,8700,0,,,,,,
3867,52455.77,55614.60037,58422.9595,60570.68463,8700,0,,,,,,
3868,52031.88886,55165.19356,57950.85909,60081.22902,8700,0,,,,,,
3869,52051.06901,55185.52872,57972.22111,60103.37634,8700,0,,,,,,
3870,52624.55525,55793.54969,58610.94519,60765.58098,8700,0,,,,,,
3871,55499.65851,58841.78859,61813.11039,64085.4631,8700,0,,,,,,
3872,59516.93923,63100.98566,66287.38326,68724.21769,8700,0,,,,,,
3873,64895.05101,68802.96158,72277.2907,74934.32408,8700,0,,,,,,
3874,67198.58605,71245.21303,74842.86803,77594.2163,8700,0,,,,,,
3875,67195.70903,71242.16276,74839.66373,77590.8942,8700,0,,,,,,
3876,66313.4225,70306.74588,73857.01129,76572.11783,8700,0,,,,,,
3877,62972.24179,66764.36284,70135.74926,72714.05601,8700,0,,,,,,
3878,64610.2259,68500.9846,71960.06486,74605.43648,8700,0,,,,,,
3879,65559.64292,69507.5745,73017.48432,75701.72844,8700,0,,,,,,
3880,66034.35144,70010.86946,73546.19406,76249.87444,8700,0,,,,,,
3881,67097.8903,71138.45349,74730.71747,77477.9429,8700,0,,,,,,
3882,66754.56576,70774.45432,74348.3375,77081.50601,8700,0,,,,,,
3883,66161.89938,70146.0982,73688.25142,76397.15406,8700,0,,,,,,
3884,65944.20477,69915.29425,73445.79261,76145.78206,8700,0,,,,,,
3885,64962.18151,68874.1346,72352.05774,75011.83967,8700,0,,,,,,
3886,62669.19554,66443.06747,69798.2295,72364.12847,8700,0,,,,,,
3887,59749.01895,63347.04097,66545.86358,68992.20017,8700,0,,,,,,
3888,58244.33682,61751.74849,64870.01394,67254.74351,8700,0,,,,,,
3889,54786.15724,58085.32104,61018.44365,63261.58309,8700,0,,,,,,
3890,52862.38901,56045.70554,58875.8341,61040.20766,8700,0,,,,,,
3891,51674.17922,54785.94303,57552.45762,59668.18165,8700,0,,,,,,
3892,50990.40716,54060.99494,56790.90198,58878.62996,8700,0,,,,,,
3893,50676.81184,53728.51525,56441.63313,58516.52141,8700,0,,,,,,
3894,50606.80432,53654.29195,56363.66179,58435.68371,8700,0,,,,,,
3895,51214.81482,54298.91619,57040.83749,59137.75352,8700,0,,,,,,
3896,51788.30106,54906.93716,57679.56157,59799.95816,8700,0,,,,,,
3897,52636.06333,55805.75077,58623.76239,60778.86936,8700,0,,,,,,
3898,52754.98021,55931.8287,58756.20685,60916.1827,8700,0,,,,,,
3899,54114.85227,57373.5908,60270.77331,62486.42715,8700,0,,,,,,
3900,54132.1144,57391.89243,60289.99913,62506.35973,8700,0,,,,,,
3901,53205.71355,56409.70472,59258.21407,61436.64455,8700,0,,,,,,
3902,54297.06362,57566.77472,60473.71241,62696.82662,8700,0,,,,,,
3903,54946.31142,58255.11953,61196.81642,63446.51314,8700,0,,,,,,
3904,56084.65284,59462.01065,62464.65168,64760.95613,8700,0,,,,,,
3905,57463.70504,60924.1079,64000.58015,66353.34789,8700,0,,,,,,
3906,58433.26121,61952.04971,65080.42973,67472.89453,8700,0,,,,,,
3907,59120.8693,62681.06482,65846.25777,68266.87568,8700,0,,,,,,
3908,59658.87228,63251.46576,66445.46213,68888.1078,8700,0,,,,,,
3909,59617.63497,63207.74519,66399.53381,68840.49107,8700,0,,,,,,
3910,58065.9615,61562.6316,64671.34726,67048.77351,8700,0,,,,,,
3911,55854.49114,59217.98886,62208.30757,64495.18839,8700,0,,,,,,
3912,54730.53483,58026.3491,60956.49382,63197.35588,8700,0,,,,,,
3913,51529.36915,54632.41265,57391.17445,59500.96945,8700,0,,,,,,
3914,49441.6107,52418.93162,55065.91972,57090.23448,8700,0,,,,,,
3915,48121.05794,51018.85658,53595.14538,55565.39204,8700,0,,,,,,
3916,47361.52432,50213.58466,52749.20981,54688.35846,8700,0,,,,,,
3917,47195.61609,50037.68562,52564.42842,54496.78421,8700,0,,,,,,
3918,47277.13169,50124.11,52655.21696,54590.91028,8700,0,,,,,,
3919,47601.27609,50467.77403,53016.23492,54965.19986,8700,0,,,,,,
3920,47764.3073,50640.6228,53197.81201,55153.45202,8700,0,,,,,,
3921,48286.00716,51193.73887,53778.85866,55755.85892,8700,0,,,,,,
3922,48684.95411,51616.70998,54223.18846,56216.52302,8700,0,,,,,,
3923,49918.23723,52924.26009,55596.76566,57640.5952,8700,0,,,,,,
3924,49811.78744,52811.40001,55478.2065,57517.67762,8700,0,,,,,,
3925,49666.97737,52657.86963,55316.92333,57350.46541,8700,0,,,,,,
3926,50143.6039,53163.1981,55847.76927,57900.82613,8700,0,,,,,,
3927,51076.7178,54152.50312,56887.03103,58978.29287,8700,0,,,,,,
3928,52733.88206,55909.46004,58732.70864,60891.82066,8700,0,,,,,,
3929,54929.04929,58236.81789,61177.59061,63426.58056,8700,0,,,,,,
3930,56571.82844,59978.52345,63007.24671,65323.49786,8700,0,,,,,,
3931,58020.88816,61514.84399,64621.14653,66996.72731,8700,0,,,,,,
3932,58996.19838,62548.88635,65707.40471,68122.91816,8700,0,,,,,,
3933,58860.97838,62405.52355,65556.80254,67966.7796,8700,0,,,,,,
3934,57375.47639,60830.56622,63902.31491,66251.47026,8700,0,,,,,,
3935,55207.16135,58531.67756,61487.33975,63747.71659,8700,0,,,,,,
3936,52996.65,56188.05158,59025.36817,61195.23884,8700,0,,,,,,
3937,50042.90815,53056.43856,55735.61872,57784.55273,8700,0,,,,,,
3938,48137.36106,51036.14146,53613.30309,55584.21725,8700,0,,,,,,
3939,47235.89439,50080.38943,52609.28865,54543.29357,8700,0,,,,,,
3940,46781.32503,49598.44639,52103.00903,54018.40227,8700,0,,,,,,
3941,46987.51155,49817.04924,52332.65062,54256.48587,8700,0,,,,,,
3942,48255.31893,51161.20263,53744.67944,55720.42322,8700,0,,,,,,
3943,51398.94418,54494.13363,57245.91278,59350.36772,8700,0,,,,,,
3944,56362.7649,59756.87032,62774.40082,65082.09216,8700,0,,,,,,
3945,62928.12746,66717.59199,70086.61663,72663.11719,8700,0,,,,,,
3946,65521.28264,69466.90421,72974.7603,75657.43382,8700,0,,,,,,
3947,66931.02307,70961.5377,74544.868,77285.26129,8700,0,,,,,,
3948,67050.89896,71088.63238,74678.38056,77423.68199,8700,0,,,,,,
3949,65370.71853,69307.27329,72807.06853,75483.57743,8700,0,,,,,,
3950,67997.43896,72092.17201,75732.59572,78516.65186,8700,0,,,,,,
3951,69293.05754,73465.81136,77175.59945,80012.7028,8700,0,,,,,,
3952,70046.83712,74264.98274,78015.12643,80883.09219,8700,0,,,,,,
3953,71177.50648,75463.7398,79274.41688,82188.67625,8700,0,,,,,,
3954,70479.34931,74723.54035,78496.83973,81382.51407,8700,0,,,,,,
3955,69341.00789,73516.64922,77229.00447,80068.07108,8700,0,,,,,,
3956,68544.073,72671.72377,76341.41299,79147.85026,8700,0,,,,,,
3957,67074.87413,71114.05131,74705.08306,77451.36612,8700,0,,,,,,
3958,64262.10633,68131.90164,71572.34439,74203.46277,8700,0,,,,,,
3959,61039.84249,64715.59652,67983.5268,70482.71428,8700,0,,,,,,
3960,59399.94036,62976.94124,66157.075,68589.11907,8700,0,,,,,,
3961,55830.51596,59192.56992,62181.60505,64467.50424,8700,0,,,,,,
3962,53976.75525,57227.17772,60116.96685,62326.9665,8700,0,,,,,,
3963,52919.92943,56106.71098,58939.92013,61106.64959,8700,0,,,,,,
3964,52369.45936,55523.09219,58326.83046,60471.02172,8700,0,,,,,,
3965,52488.37624,55649.17012,58459.27492,60608.33506,8700,0,,,,,,
3966,53313.12234,56523.58155,59377.84132,61560.66949,8700,0,,,,,,
3967,56139.31625,59519.96583,62525.53341,64824.07598,8700,0,,,,,,
3968,60795.29568,64456.32337,67711.16118,70200.33605,8700,0,,,,,,
3969,66987.60449,71021.52639,74607.88593,77350.59586,8700,0,,,,,,
3970,69712.14364,73910.13437,77642.35936,80496.62158,8700,0,,,,,,
3971,70225.21243,74454.09962,78213.7931,81089.06218,8700,0,,,,,,
3972,70000.80477,74216.17837,77963.85759,80829.93863,8700,0,,,,,,
3973,67657.95045,71732.23987,75354.48816,78124.64443,8700,0,,,,,,
3974,69734.2008,73933.51979,77666.92567,80522.09099,8700,0,,,,,,
3975,70305.76903,74539.50725,78303.51355,81182.0809,8700,0,,,,,,
3976,69839.69158,74045.36311,77784.41672,80643.9012,8700,0,,,,,,
3977,69724.61073,73923.35222,77656.24466,80511.01733,8700,0,,,,,,
3978,68874.93045,73022.5051,76709.90765,79529.8914,8700,0,,,,,,
3979,68313.9113,72427.70198,76085.06888,78882.08251,8700,0,,,,,,
3980,67723.16293,71801.37937,75427.11899,78199.94529,8700,0,,,,,,
3981,66431.38037,70431.80705,73988.38765,76708.32379,8700,0,,,,,,
3982,63655.05484,67488.29416,70896.23679,73502.50033,8700,0,,,,,,
3983,60712.82107,64368.88222,67619.30454,70105.10261,8700,0,,,,,,
3984,59285.81852,62855.94711,66029.97105,68457.34257,8700,0,,,,,,
3985,55787.36064,59146.81583,62133.54053,64417.67279,8700,0,,,,,,
3986,54012.23851,57264.79775,60156.48656,62367.93903,8700,0,,,,,,
3987,52958.28972,56147.38129,58982.64415,61150.94422,8700,0,,,,,,
3988,52440.42589,55598.33225,58405.8699,60552.96679,8700,0,,,,,,
3989,52366.58234,55520.04192,58323.62616,60467.69963,8700,0,,,,,,
3990,53204.75454,56408.68796,59257.14597,61435.53718,8700,0,,,,,,
3991,55619.5344,58968.88328,61946.62295,64223.88381,8700,0,,,,,,
3992,59070.04192,62627.17667,65789.64844,68208.1853,8700,0,,,,,,
3993,63660.80888,67494.39471,70902.64539,73509.14452,8700,0,,,,,,
3994,65873.23824,69840.0542,73366.75317,76063.837,8700,0,,,,,,
3995,66963.62931,70996.10745,74581.18341,77322.91172,8700,0,,,,,,
3996,67029.8008,71066.26372,74654.88234,77399.31994,8700,0,,,,,,
3997,65167.40902,69091.72069,72580.63123,75248.81591,8700,0,,,,,,
3998,67220.64321,71268.59845,74867.43434,77619.6857,8700,0,,,,,,
3999,68102.92974,72204.01533,75850.08677,78638.46208,8700,0,,,,,,
4000,68575.72023,72705.27676,76376.6603,79184.39332,8700,0,,,,,,
4001,69522.26023,73708.81639,77430.87546,80277.36318,8700,0,,,,,,
4002,68943.01995,73094.69488,76785.74278,79608.51435,8700,0,,,,,,
4003,68133.61796,72236.55156,75884.26598,78673.89777,8700,0,,,,,,
4004,67553.41867,71621.41329,75238.0652,78003.94157,8700,0,,,,,,
4005,66713.32846,70730.73375,74302.40919,77033.88929,8700,0,,,,,,
4006,64073.18193,67931.60042,71361.92859,73985.31174,8700,0,,,,,,
4007,60900.78646,64568.16669,67828.65224,70322.14627,8700,0,,,,,,
4008,59489.12802,63071.49969,66256.40835,68692.10408,8700,0,,,,,,
4009,55779.68859,59138.68178,62124.99574,64408.81387,8700,0,,,,,,
4010,53935.51794,57183.45715,60071.03852,62279.34978,8700,0,,,,,,
4011,52953.49468,56142.2975,58977.30365,61145.40739,8700,0,,,,,,
4012,52368.50035,55522.07543,58325.76236,60469.91435,8700,0,,,,,,
4013,52229.44433,55374.64561,58170.8878,60309.34635,8700,0,,,,,,
4014,52925.68348,56112.81154,58946.32874,61113.29379,8700,0,,,,,,
4015,55261.82475,58589.63273,61548.22147,63810.83643,8700,0,,,,,,
4016,58802.47894,62343.50133,65491.64841,67899.23029,8700,0,,,,,,
4017,63429.68817,67249.35615,70645.23318,73242.26941,8700,0,,,,,,
4018,65057.12321,68974.79359,72457.79968,75121.46887,8700,0,,,,,,
4019,65470.45526,69413.01606,72918.15097,75598.74344,8700,0,,,,,,
4020,66104.35895,70085.09275,73624.16539,76330.71212,8700,0,,,,,,
4021,64592.00477,68481.66622,71939.77095,74584.39654,8700,0,,,,,,
4022,67702.06477,71779.0107,75403.62077,78175.58324,8700,0,,,,,,
4023,69004.3964,73159.76735,76854.10121,79679.38575,8700,0,,,,,,
4024,69210.58293,73378.37021,77083.74281,79917.46936,8700,0,,,,,,
4025,69691.04548,73887.7657,77618.86114,80472.25953,8700,0,,,,,,
4026,68540.23697,72667.65674,76337.14058,79143.42079,8700,0,,,,,,
4027,67352.98619,71408.91098,75014.8322,77772.50216,8700,0,,,,,,
4028,66951.16222,70982.8896,74567.29811,77308.51597,8700,0,,,,,,
4029,65483.88136,69427.25066,72933.10438,75614.24656,8700,0,,,,,,
4030,62995.25796,66788.76502,70161.38367,72740.63279,8700,0,,,,,,
4031,60048.22916,63664.2693,66879.11092,69337.69824,8700,0,,,,,,
4032,58839.88022,62383.15488,65533.30433,67942.41756,8700,0,,,,,,
4033,55167.84206,58489.99051,61443.54763,63702.3146,8700,0,,,,,,
4034,53562.46419,56787.9385,59655.54745,61848.58456,8700,0,,,,,,
4035,52536.3266,55700.008,58512.67995,60663.70335,8700,0,,,,,,
4036,52054.90503,55189.59574,57976.4935,60107.8058,8700,0,,,,,,
4037,52171.9039,55313.64016,58106.80176,60242.90441,8700,0,,,,,,
4038,52933.35553,56120.94559,58954.87353,61122.15271,8700,0,,,,,,
4039,55734.61525,59090.89417,62074.79501,64356.76768,8700,0,,,,,,
4040,59850.6737,63454.81726,66659.08223,69109.58092,8700,0,,,,,,
4041,65053.28718,68970.72656,72453.52728,75117.0394,8700,0,,,,,,
4042,67209.13513,71256.39737,74854.61714,77606.39732,8700,0,,,,,,
4043,67314.62591,71368.24069,74972.10819,77728.20754,8700,0,,,,,,
4044,66734.42661,70753.10241,74325.90739,77058.25133,8700,0,,,,,,
4045,64424.17853,68303.73366,71752.85337,74390.60756,8700,0,,,,,,
4046,66911.84293,70941.20255,74523.50599,77263.11398,8700,0,,,,,,
4047,67568.76279,71637.68142,75255.15481,78021.65943,8700,0,,,,,,
4048,67517.93541,71583.79327,75198.54548,77962.96904,8700,0,,,,,,
4049,67635.89328,71708.85444,75329.92184,78099.17501,8700,0,,,,,,
4050,66348.90576,70344.3659,73896.53101,76613.09035,8700,0,,,,,,
4051,65129.04874,69051.0504,72537.90721,75204.52129,8700,0,,,,,,
4052,64928.61626,68838.54809,72314.67422,74973.08188,8700,0,,,,,,
4053,63955.22406,67806.53925,71230.55224,73849.10577,8700,0,,,,,,
4054,61751.42576,65470.03058,68776.05736,71304.37958,8700,0,,,,,,
4055,59034.55866,62589.55665,65750.12873,68167.21278,8700,0,,,,,,
4056,58182.96036,61686.67601,64801.65551,67183.87211,8700,0,,,,,,
4057,54800.54234,58100.57239,61034.46515,63278.19357,8700,0,,,,,,
4058,52918.01142,56104.67747,58937.78393,61104.43486,8700,0,,,,,,
4059,51648.28603,54758.49058,57523.61891,59638.28278,8700,0,,,,,,
4060,50957.80092,54026.42519,56754.58657,58840.97953,8700,0,,,,,,
4061,50739.1473,53794.60448,56511.05966,58588.50017,8700,0,,,,,,
4062,50720.92617,53775.2861,56490.76576,58567.46023,8700,0,,,,,,
4063,51387.4361,54481.93254,57233.09558,59337.07933,8700,0,,,,,,
4064,51379.76404,54473.79848,57224.55077,59328.22041,8700,0,,,,,,
4065,51907.21794,55033.01509,57812.00603,59937.27149,8700,0,,,,,,
4066,51570.60645,54676.13322,57437.10277,59548.58616,8700,0,,,,,,
4067,52351.23823,55503.77381,58306.53656,60449.98178,8700,0,,,,,,
4068,51659.79411,54770.69166,57536.43611,59651.57116,8700,0,,,,,,
4069,50738.18829,53793.58772,56509.99156,58587.3928,8700,0,,,,,,
4070,52109.56844,55247.55092,58037.37523,60170.92564,8700,0,,,,,,
4071,52921.84745,56108.7445,58942.05633,61108.86433,8700,0,,,,,,
4072,53598.90645,56826.57527,59696.13526,61890.66444,8700,0,,,,,,
4073,55093.99851,58411.70018,61361.30389,63617.04744,8700,0,,,,,,
4074,56413.59227,59810.75846,62831.01014,65140.78254,8700,0,,,,,,
4075,57751.40717,61229.13514,64321.0103,66685.55758,8700,0,,,,,,
4076,58344.07355,61857.49126,64981.09638,67369.90953,8700,0,,,,,,
4077,58425.58916,61943.91565,65071.88493,67464.03561,8700,0,,,,,,
4078,56978.44745,60409.62862,63460.12132,65793.02089,8700,0,,,,,,
4079,55085.36745,58402.54936,61351.69099,63607.08116,8700,0,,,,,,
4080,54100.46716,57358.33943,60254.7518,62469.81666,8700,0,,,,,,
4081,51038.35752,54111.83282,56844.30701,58933.99825,8700,0,,,,,,
4082,49035.9507,51988.84321,54614.11322,56621.81883,8700,0,,,,,,
4083,47863.08503,50745.34882,53307.82635,55267.51068,8700,0,,,,,,
4084,47132.32162,49970.57962,52493.93379,54423.69808,8700,0,,,,,,
4085,46904.07794,49728.59135,52239.72589,54160.14507,8700,0,,,,,,
4086,46982.71652,49811.96546,52327.31012,54250.94905,8700,0,,,,,,
4087,47163.96886,50004.13262,52529.18111,54460.24115,8700,0,,,,,,
4088,46417.86134,49213.09531,51698.19895,53598.71069,8700,0,,,,,,
4089,46049.60261,48822.66043,51288.04836,53173.48229,8700,0,,,,,,
4090,45850.12914,48611.17488,51065.88347,52943.15025,8700,0,,,,,,
4091,47678.95567,50550.13139,53102.75107,55054.89649,8700,0,,,,,,
4092,47895.69127,50779.91857,53344.14177,55305.16111,8700,0,,,,,,
4093,48442.32531,51359.47033,53952.95903,55936.35951,8700,0,,,,,,
4094,49287.21056,52255.23367,54893.95555,56911.94862,8700,0,,,,,,
4095,50254.84872,53281.14196,55971.66892,58029.28054,8700,0,,,,,,
4096,51769.12092,54886.60201,57658.19957,59777.81085,8700,0,,,,,,
4097,53924.96887,57172.27282,60059.28943,62267.16876,8700,0,,,,,,
4098,55589.80518,58937.36379,61913.51184,64189.55547,8700,0,,,,,,
4099,57329.44405,60781.76186,63851.04609,66198.31671,8700,0,,,,,,
4100,58325.85242,61838.17287,64960.80248,67348.86959,8700,0,,,,,,
4101,58691.23412,62225.55747,65367.74876,67770.77588,8700,0,,,,,,
4102,57184.63398,60628.23148,63689.76292,66031.1045,8700,0,,,,,,
4103,55086.32646,58403.56612,61352.75909,63608.18853,8700,0,,,,,,
4104,53011.03511,56203.30295,59041.38968,61211.84933,8700,0,,,,,,
4105,50215.52943,53239.45491,55927.87681,57983.87855,8700,0,,,,,,
4106,48334.91652,51245.5935,53833.33178,55812.33457,8700,0,,,,,,
4107,47461.26106,50319.32744,52860.29226,54803.52449,8700,0,,,,,,
4108,47097.79737,49933.97636,52455.48218,54383.83292,8700,0,,,,,,
4109,47395.08957,50249.17117,52786.59333,54727.11626,8700,0,,,,,,
4110,48509.45581,51430.64336,54027.72607,56013.87511,8700,0,,,,,,
4111,51090.1439,54166.73772,56901.98444,58993.79599,8700,0,,,,,,
4112,55371.15156,58705.54309,61669.98493,63937.07611,8700,0,,,,,,
4113,61040.8015,64716.61328,67984.59491,70483.82165,8700,0,,,,,,
4114,63163.0842,66966.69758,70348.30125,72934.42177,8700,0,,,,,,
4115,64039.61668,67896.01391,71324.54508,73946.55394,8700,0,,,,,,
4116,64000.29739,67854.32685,71280.75296,73901.15195,8700,0,,,,,,
4117,62248.19143,65996.71094,69329.3334,71877.99497,8700,0,,,,,,
4118,65037.94307,68954.45844,72436.43767,75099.32156,8700,0,,,,,,
4119,66665.3781,70679.89587,74249.00416,76978.521,8700,0,,,,,,
4120,67572.59881,71641.74844,75259.4272,78026.08888,8700,0,,,,,,
4121,69135.78038,73299.06313,77000.43098,79831.09485,8700,0,,,,,,
4122,69414.85144,73594.93955,77311.24821,80153.33824,8700,0,,,,,,
4123,68479.81952,72603.60101,76269.85025,79073.65675,8700,0,,,,,,
4124,67462.313,71524.82134,75136.59566,77898.74184,8700,0,,,,,,
4125,66055.44959,70033.23812,73569.69226,76274.23647,8700,0,,,,,,
4126,63490.10562,67313.41188,70712.52351,73312.03345,8700,0,,,,,,
4127,60507.59356,64151.29613,67390.73105,69868.12637,8700,0,,,,,,
4128,59183.20476,62747.15405,65915.6843,68338.85445,8700,0,,,,,,
4129,55467.05227,58807.21884,61776.79497,64047.81267,8700,0,,,,,,
4130,53636.30773,56866.22882,59737.79118,61933.85171,8700,0,,,,,,
4131,52647.57142,55817.95186,58636.5796,60792.15776,8700,0,,,,,,
4132,51965.71737,55095.03729,57877.16016,60004.82079,8700,0,,,,,,
4133,52047.23298,55181.46169,57967.9487,60098.94688,8700,0,,,,,,
4134,52723.33298,55898.2757,58720.95954,60879.63964,8700,0,,,,,,
4135,54938.63936,58246.98547,61188.27161,63437.65421,8700,0,,,,,,
4136,58361.33568,61875.7929,65000.32219,67389.84211,8700,0,,,,,,
4137,63149.6581,66952.46297,70333.34784,72918.91865,8700,0,,,,,,
4138,65673.76477,69628.56865,73144.58828,75833.50496,8700,0,,,,,,
4139,66133.12917,70115.59548,73656.20841,76363.93309,8700,0,,,,,,
4140,65754.32136,69713.97627,73234.30871,75926.52366,8700,0,,,,,,
4141,64490.35002,68373.88993,71826.5523,74467.01579,8700,0,,,,,,
4142,67511.22236,71576.67597,75191.06878,77955.21748,8700,0,,,,,,
4143,67889.07115,71977.27841,75611.90036,78391.51953,8700,0,,,,,,
4144,67744.26108,71823.74803,75450.61719,78224.30733,8700,0,,,,,,
4145,69545.27641,73733.21858,77456.50988,80303.93997,8700,0,,,,,,
4146,69305.52463,73479.0292,77189.48476,80027.09856,8700,0,,,,,,
4147,68256.37087,72366.69652,76020.98284,78815.64057,8700,0,,,,,,
4148,67577.39385,71646.83223,75264.76771,78031.62571,8700,0,,,,,,
4149,66100.52293,70081.02573,73619.89299,76326.28266,8700,0,,,,,,
4150,63475.72051,67298.16051,70696.502,73295.42296,8700,0,,,,,,
4151,60349.35739,63983.53115,67214.49447,69685.41105,8700,0,,,,,,
4152,58961.67412,62512.28308,65668.95309,68083.05299,8700,0,,,,,,
4153,55519.79766,58863.1405,61835.5405,64108.71778,8700,0,,,,,,
4154,53609.45553,56837.75961,59707.88436,61902.84547,8700,0,,,,,,
4155,52706.07085,55879.97407,58701.73372,60859.70706,8700,0,,,,,,
4156,52183.41198,55325.84124,58119.61896,60256.19279,8700,0,,,,,,
4157,52037.64291,55171.29411,57957.2677,60087.87322,8700,0,,,,,,
4158,52714.70191,55889.12488,58711.34662,60869.67334,8700,0,,,,,,
4159,55015.35993,58328.32607,61273.71965,63526.24347,8700,0,,,,,,
4160,58725.75838,62262.16074,65406.20038,67810.64105,8700,0,,,,,,
4161,63884.25753,67731.29919,71151.5128,73767.16071,8700,0,,,,,,
4162,65861.73016,69827.85311,73353.93597,76050.54862,8700,0,,,,,,
4163,66412.20023,70411.4719,73967.02564,76686.17648,8700,0,,,,,,
4164,66601.12463,70611.77313,74177.44144,76904.32751,8700,0,,,,,,
4165,64402.12136,68280.34823,71728.28705,74365.13814,8700,0,,,,,,
4166,67024.04676,71060.16317,74648.47374,77392.67575,8700,0,,,,,,
4167,68299.52619,72412.45061,76069.04736,78865.47202,8700,0,,,,,,
4168,68362.82066,72479.55661,76139.542,78938.55816,8700,0,,,,,,
4169,68785.74279,72927.94665,76610.57431,79426.9064,8700,0,,,,,,
4170,67943.73456,72035.23359,75672.78209,78454.63938,8700,0,,,,,,
4171,66826.4913,70850.71114,74428.44505,77164.55844,8700,0,,,,,,
4172,66451.51952,70453.15896,74010.81776,76731.57847,8700,0,,,,,,
4173,65647.87158,69601.1162,73115.74957,75803.60609,8700,0,,,,,,
4174,63261.86193,67071.4236,70458.3156,73048.48043,8700,0,,,,,,
4175,60537.32278,64182.81561,67423.84217,69902.45471,8700,0,,,,,,
4176,59102.64816,62661.74642,65825.96385,68245.83573,8700,0,,,,,,
4177,55526.51071,58870.2578,61843.0172,64116.46934,8700,0,,,,,,
4178,53711.11028,56945.5359,59821.10301,62020.22622,8700,0,,,,,,
4179,52662.91553,55834.21998,58653.6692,60809.8756,8700,0,,,,,,
4180,52211.22319,55355.32721,58150.59388,60288.3064,8700,0,,,,,,
4181,52202.59213,55346.1764,58140.98098,60278.34011,8700,0,,,,,,
4182,52784.70943,55963.34818,58789.31796,60950.51104,8700,0,,,,,,
4183,55028.78603,58342.56067,61288.67306,63541.74659,8700,0,,,,,,
4184,58406.40901,61923.58049,65050.52291,67441.88829,8700,0,,,,,,
4185,63053.75739,66850.78722,70226.5378,72808.18209,8700,0,,,,,,
4186,64672.56136,68567.07384,72029.49138,74677.41525,8700,0,,,,,,
4187,65561.56094,69509.60802,73019.62053,75703.94318,8700,0,,,,,,
4188,65447.43909,69388.61388,72892.51656,75572.16667,8700,0,,,,,,
4189,63569.70321,67397.80275,70801.17585,73403.94479,8700,0,,,,,,
4190,66276.98023,70268.1091,73816.42347,76530.03793,8700,0,,,,,,
4191,67703.98279,71781.04422,75405.75698,78177.79798,8700,0,,,,,,
4192,68572.84321,72702.22649,76373.456,79181.07122,8700,0,,,,,,
4193,69828.1835,74033.16203,77771.59952,80630.61282,8700,0,,,,,,
4194,69361.14704,73538.00113,77251.43458,80091.32576,8700,0,,,,,,
4195,68390.63186,72509.04257,76170.5169,78970.67175,8700,0,,,,,,
4196,67815.22761,71898.98809,75529.65663,78306.25239,8700,0,,,,,,
4197,66471.65867,70474.51086,74033.24787,76754.83315,8700,0,,,,,,
4198,63944.67498,67795.35492,71218.80313,73836.92475,8700,0,,,,,,
4199,60927.63866,64596.6359,67858.55905,70353.15251,8700,0,,,,,,
4200,59485.29199,63067.43265,66252.13594,68687.67461,8700,0,,,,,,
4201,55939.84277,59308.48027,62303.36851,64593.74392,8700,0,,,,,,
4202,54069.77894,57325.8032,60220.5726,62434.38097,8700,0,,,,,,
4203,52840.33184,56022.32011,58851.26779,61014.73824,8700,0,,,,,,
4204,52105.73241,55243.48389,58033.10283,60166.49618,8700,0,,,,,,
4205,52209.30518,55353.2937,58148.45769,60286.09167,8700,0,,,,,,
4206,52888.2822,56073.15799,58904.67282,61070.10653,8700,0,,,,,,
4207,54959.73752,58269.35413,61211.76983,63462.01626,8700,0,,,,,,
4208,58182.00135,61685.65925,64800.5874,67182.76474,8700,0,,,,,,
4209,62472.59909,66234.63219,69579.26891,72137.11852,8700,0,,,,,,
4210,64312.9337,68185.78978,71628.95371,74262.15314,8700,0,,,,,,
4211,65256.59668,69186.27914,72679.96457,75351.80091,8700,0,,,,,,
4212,65149.18789,69072.40231,72560.33732,75227.77597,8700,0,,,,,,
4213,63316.52533,67129.37877,70519.19732,73111.60026,8700,0,,,,,,
4214,65987.36009,69961.04834,73493.85713,76195.61352,8700,0,,,,,,
4215,67357.78122,71413.99477,75020.1727,77778.03898,8700,0,,,,,,
4216,68170.06023,72275.18835,75924.8538,78715.97766,8700,0,,,,,,
4217,69780.23314,73982.32415,77718.19449,80575.24454,8700,0,,,,,,
4218,69200.99286,73368.20264,77073.06181,79906.39571,8700,0,,,,,,
4219,67579.31186,71648.86574,75266.90391,78033.84044,8700,0,,,,,,
4220,66857.17952,70883.24737,74462.62426,77199.99413,8700,0,,,,,,
4221,65768.70647,69729.22763,73250.33022,75943.13415,8700,0,,,,,,
4222,63551.48207,67378.48435,70780.88194,73382.90484,8700,0,,,,,,
4223,60473.0693,64114.69286,67352.27943,69828.26121,8700,0,,,,,,
4224,59051.82079,62607.85828,65769.35454,68187.14536,8700,0,,,,,,
4225,55600.35426,58948.54813,61925.26094,64201.7365,8700,0,,,,,,
4226,53545.20206,56769.63686,59636.32164,61828.65198,8700,0,,,,,,
4227,52206.42816,55350.24343,58145.25339,60282.76958,8700,0,,,,,,
4228,51365.37893,54458.54711,57208.52926,59311.60992,8700,0,,,,,,
4229,51090.1439,54166.73772,56901.98444,58993.79599,8700,0,,,,,,
4230,50937.66177,54005.07328,56732.15646,58817.72486,8700,0,,,,,,
4231,52219.85425,55364.47802,58160.20678,60298.27268,8700,0,,,,,,
4232,53603.70149,56831.65906,59701.47576,61896.20128,8700,0,,,,,,
4233,55469.92929,58810.26911,61779.99927,64051.13477,8700,0,,,,,,
4234,55889.9744,59255.60888,62247.82728,64536.16091,8700,0,,,,,,
4235,56029.98944,59404.05548,62403.76996,64697.8363,8700,0,,,,,,
4236,54834.10759,58136.1589,61071.84867,63316.95136,8700,0,,,,,,
4237,53371.62177,56585.60375,59442.99545,61628.21879,8700,0,,,,,,
4238,54761.22305,58058.88533,60990.67303,63232.79158,8700,0,,,,,,
4239,55880.38433,59245.44131,62237.14628,64525.08726,8700,0,,,,,,
4240,56971.7344,60402.51131,63452.64461,65785.26933,8700,0,,,,,,
4241,57923.06944,61411.13473,64512.20028,66883.77603,8700,0,,,,,,
4242,58083.22362,61580.93323,64690.57306,67068.70608,8700,0,,,,,,
4243,58697.94717,62232.67477,65375.22546,67778.52744,8700,0,,,,,,
4244,59277.18746,62846.79629,66020.35815,68447.37628,8700,0,,,,,,
4245,59498.71809,63081.66726,66267.08935,68703.17773,8700,0,,,,,,
4246,57945.1266,61434.52015,64536.76659,66909.24543,8700,0,,,,,,
4247,55884.22036,59249.50834,62241.41868,64529.51672,8700,0,,,,,,
4248,54577.09369,57863.6679,60785.59774,63020.17738,8700,0,,,,,,
4249,51344.28078,54436.17846,57185.03106,59287.24788,8700,0,,,,,,
4250,49483.80702,52463.66896,55112.91615,57138.95858,8700,0,,,,,,
4251,48189.14744,51091.04636,53670.98051,55644.01499,8700,0,,,,,,
4252,47478.52318,50337.62907,52879.51806,54823.45706,8700,0,,,,,,
4253,47191.78006,50033.61858,52560.15602,54492.35474,8700,0,,,,,,
4254,47220.55028,50064.12132,52592.19904,54525.57572,8700,0,,,,,,
4255,47570.58787,50435.23779,52982.05571,54929.76417,8700,0,,,,,,
4256,47098.75638,49934.99312,52456.55028,54384.94029,8700,0,,,,,,
4257,46921.34006,49746.89298,52258.95169,54180.07764,8700,0,,,,,,
4258,47472.76914,50331.52853,52873.10946,54816.81287,8700,0,,,,,,
4259,49436.81567,52413.84784,55060.57922,57084.69766,8700,0,,,,,,
4260,50044.82617,53058.47208,55737.75493,57786.76747,8700,0,,,,,,
4261,50713.25411,53767.15203,56482.22095,58558.6013,8700,0,,,,,,
4262,52131.6256,55270.93634,58061.94154,60196.39505,8700,0,,,,,,
4263,53141.46007,56341.58196,59186.65134,61362.45105,8700,0,,,,,,
4264,54078.41,57334.95401,60230.1855,62444.34726,8700,0,,,,,,
4265,55547.60887,58892.62647,61866.51542,64140.83139,8700,0,,,,,,
4266,57051.33199,60486.90219,63541.29695,65877.18068,8700,0,,,,,,
4267,58493.67866,62016.10543,65147.72006,67542.65857,8700,0,,,,,,
4268,59407.61242,62985.0753,66165.61981,68597.978,8700,0,,,,,,
4269,59562.97157,63149.79002,66338.65209,68777.37123,8700,0,,,,,,
4270,58009.38008,61502.64291,64608.32933,66983.43893,8700,0,,,,,,
4271,55938.88376,59307.46351,62302.30041,64592.63656,8700,0,,,,,,
4272,53798.37993,57038.06083,59918.30016,62120.9965,8700,0,,,,,,
4273,50697.91,53750.88392,56465.13134,58540.88345,8700,0,,,,,,
4274,48961.14815,51909.53613,54530.80139,56535.44431,8700,0,,,,,,
4275,48016.52616,50908.03001,53478.72242,55444.68918,8700,0,,,,,,
4276,47613.74318,50480.99187,53030.12022,54979.59562,8700,0,,,,,,
4277,47816.09368,50695.5277,53255.48943,55213.24976,8700,0,,,,,,
4278,49215.28503,52178.97686,54813.84801,56828.8962,8700,0,,,,,,
4279,52297.53383,55446.83539,58246.72293,60387.9693,8700,0,,,,,,
4280,56776.09696,60195.0928,63234.75212,65559.36675,8700,0,,,,,,
4281,63046.08533,66842.65316,70217.99299,72799.32316,8700,0,,,,,,
4282,65637.3225,69589.93186,73104.00046,75791.42507,8700,0,,,,,,
4283,66923.35101,70953.40363,74536.32319,77276.40236,8700,0,,,,,,
4284,67039.39087,71076.43129,74665.56335,77410.3936,8700,0,,,,,,
4285,65561.56094,69509.60802,73019.62053,75703.94318,8700,0,,,,,,
4286,68685.04704,72821.18711,76498.42375,79310.633,8700,0,,,,,,
4287,70300.97399,74534.42346,78298.17304,81176.54406,8700,0,,,,,,
4288,71419.17627,75719.96268,79543.5782,82467.73239,8700,0,,,,,,
4289,71753.86974,76074.81104,79916.34526,82854.20298,8700,0,,,,,,
4290,70526.34066,74773.36147,78549.17665,81436.77499,8700,0,,,,,,
4291,69337.17187,73512.5822,77224.73208,80063.64163,8700,0,,,,,,
4292,68854.7913,73001.15319,76687.47754,79506.63672,8700,0,,,,,,
4293,67436.41981,71497.36889,75107.75695,77868.84297,8700,0,,,,,,
4294,64503.77611,68388.12452,71841.5057,74482.5189,8700,0,,,,,,
4295,61483.86278,65186.35524,68478.05733,70995.42457,8700,0,,,,,,
4296,60061.65526,63678.5039,66894.06433,69353.20136,8700,0,,,,,,
4297,56461.54263,59861.59634,62884.41517,65196.15082,8700,0,,,,,,
4298,54579.97071,57866.71817,60788.80204,63023.49948,8700,0,,,,,,
4299,53521.22688,56744.21792,59609.61912,61800.96783,8700,0,,,,,,
4300,52988.97794,56179.91752,59016.82336,61186.37991,8700,0,,,,,,
4301,52993.77298,56185.00131,59022.16387,61191.91674,8700,0,,,,,,
4302,53703.43823,56937.40184,59812.55822,62011.3673,8700,0,,,,,,
4303,56162.33242,59544.36801,62551.16782,64850.65275,8700,0,,,,,,
4304,59706.82263,63302.30363,66498.86715,68943.47607,8700,0,,,,,,
4305,64888.33796,68795.84427,72269.81399,74926.57252,8700,0,,,,,,
4306,67463.27201,71525.8381,75137.66376,77899.84921,8700,0,,,,,,
4307,68413.64803,72533.44475,76196.15132,78997.24853,8700,0,,,,,,
4308,68175.81428,72281.2889,75931.26241,78722.62186,8700,0,,,,,,
4309,66383.43002,70380.96918,73934.98263,76652.95552,8700,0,,,,,,
4310,69221.13201,73389.55455,77095.49192,79929.65039,8700,0,,,,,,
4311,70454.41513,74697.10466,78469.06912,81353.72257,8700,0,,,,,,
4312,71126.6791,75409.85165,79217.80755,82129.98587,8700,0,,,,,,
4313,72744.52407,77125.12151,81019.69304,83998.11167,8700,0,,,,,,
4314,71878.54066,76206.9895,80055.19832,82998.16051,8700,0,,,,,,
4315,70429.48095,74670.66897,78441.29851,81324.93107,8700,0,,,,,,
4316,69770.64307,73972.15658,77707.51348,80564.17088,8700,0,,,,,,
4317,68146.08506,72249.76942,75898.15129,78688.29353,8700,0,,,,,,
4318,65384.14463,69321.50789,72822.02194,75499.08055,8700,0,,,,,,
4319,62055.43101,65792.3427,69114.64521,71655.41448,8700,0,,,,,,
4320,60472.11029,64113.6761,67351.21133,69827.15384,8700,0,,,,,,
4321,56801.99015,60222.54525,63263.59084,65589.26562,8700,0,,,,,,
4322,55007.68788,58320.19201,61265.17486,63517.38455,8700,0,,,,,,
4323,53971.96021,57222.09393,60111.62634,62321.42967,8700,0,,,,,,
4324,53246.95085,56453.42528,59304.14239,61484.26126,8700,0,,,,,,
4325,53240.2378,56446.30798,59296.66568,61476.50971,8700,0,,,,,,
4326,53946.06702,57194.64148,60082.78763,62291.5308,8700,0,,,,,,
4327,56628.40986,60038.51214,63070.26464,65388.83244,8700,0,,,,,,
4328,60760.77143,64419.7201,67672.70957,70160.47089,8700,0,,,,,,
4329,66501.38789,70506.03035,74066.35898,76789.16149,8700,0,,,,,,
4330,69138.6574,73302.1134,77003.63528,79834.41694,8700,0,,,,,,
4331,69817.63442,74021.97769,77759.85041,80618.4318,8700,0,,,,,,
4332,69489.65399,73674.24663,77394.56004,80239.71275,8700,0,,,,,,
4333,66750.72973,70770.38728,74344.0651,77077.07654,8700,0,,,,,,
4334,68665.8669,72800.85197,76477.06174,79288.48569,8700,0,,,,,,
4335,69649.80818,73844.04514,77572.93283,80424.64282,8700,0,,,,,,
4336,70335.49825,74571.02673,78336.62466,81216.40923,8700,0,,,,,,
4337,71756.74676,76077.86131,79919.54956,82857.52508,8700,0,,,,,,
4338,71434.52038,75736.2308,79560.6678,82485.45023,8700,0,,,,,,
4339,70408.38279,74648.3003,78417.8003,81300.56902,8700,0,,,,,,
4340,69803.24931,74006.72633,77743.8289,80601.82131,8700,0,,,,,,
4341,68589.14633,72719.51137,76391.6137,79199.89644,8700,0,,,,,,
4342,65862.68917,69828.86987,73355.00408,76051.65599,8700,0,,,,,,
4343,62617.40916,66388.16257,69740.55208,72304.33073,8700,0,,,,,,
4344,60923.80263,64592.56887,67854.28665,70348.72304,8700,0,,,,,,
4345,57162.57681,60604.84605,63665.1966,66005.63508,8700,0,,,,,,
4346,55380.74163,58715.71066,61680.66593,63948.14976,8700,0,,,,,,
4347,54185.8188,57448.83086,60349.81275,62568.37221,8700,0,,,,,,
4348,53500.12872,56721.84925,59586.12091,61776.60579,8700,0,,,,,,
4349,53127.07496,56326.33059,59170.62983,61345.84056,8700,0,,,,,,
4350,53825.23213,57066.53004,59948.20697,62152.00274,8700,0,,,,,,
4351,56009.85029,59382.70357,62381.33985,64674.58162,8700,0,,,,,,
4352,59626.26604,63216.89601,66409.14672,68850.45737,8700,0,,,,,,
4353,64591.04576,68480.64946,71938.70285,74583.28917,8700,0,,,,,,
4354,66834.16335,70858.84519,74436.98985,77173.41735,8700,0,,,,,,
4355,68343.64052,72459.22146,76118.17999,78916.41084,8700,0,,,,,,
4356,68567.08917,72696.12595,76367.0474,79174.42703,8700,0,,,,,,
4357,67073.91513,71113.03456,74704.01497,77450.25877,8700,0,,,,,,
4358,70280.83485,74513.07156,78275.74294,81153.2894,8700,0,,,,,,
4359,71543.84719,75852.14115,79682.43126,82611.68991,8700,0,,,,,,
4360,72312.01187,76666.56389,80537.97973,83498.68977,8700,0,,,,,,
4361,74300.03357,78774.30213,82752.152,85794.2587,8700,0,,,,,,
4362,73921.22577,78372.68293,82330.25232,85356.84928,8700,0,,,,,,
4363,73084.01258,77485.05365,81397.80061,84390.1191,8700,0,,,,,,
4364,72443.39584,76805.85966,80684.30949,83650.39886,8700,0,,,,,,
4365,70732.52719,74991.96433,78778.81826,81674.8586,8700,0,,,,,,
4366,67660.82747,71735.29014,75357.69246,78127.96652,8700,0,,,,,,
4367,64097.15711,67957.01936,71388.63111,74012.99588,8700,0,,,,,,
4368,62318.19895,66070.93424,69407.30474,71958.83266,8700,0,,,,,,
4369,58297.08221,61807.67015,64928.75947,67315.64862,8700,0,,,,,,
4370,56123.97213,59503.69771,62508.4438,64806.35812,8700,0,,,,,,
4371,54825.47653,58127.00809,61062.23577,63306.98508,8700,0,,,,,,
4372,54021.82858,57274.96532,60167.16757,62379.01268,8700,0,,,,,,
4373,53987.30433,57238.36206,60128.71596,62339.14753,8700,0,,,,,,
4374,54605.8639,57894.17062,60817.64075,63053.39835,8700,0,,,,,,
4375,57012.0127,60445.21513,63497.50483,65831.77869,8700,0,,,,,,
4376,61308.36448,65000.28862,68282.59494,70792.77666,8700,0,,,,,,
4377,67189.95498,71236.06221,74833.25512,77584.25,8700,0,,,,,,
4378,69692.00449,73888.78246,77619.92925,80473.3669,8700,0,,,,,,
4379,69762.01201,73963.00576,77697.90058,80554.20459,8700,0,,,,,,
4380,69332.37683,73507.49841,77219.39157,80058.10479,8700,0,,,,,,
4381,67020.21073,71056.09614,74644.20134,77388.24629,8700,0,,,,,,
4382,69837.77357,74043.3296,77782.28052,80641.68648,8700,0,,,,,,
4383,71365.47187,75663.02426,79483.76457,82405.71991,8700,0,,,,,,
4384,72335.98705,76691.98283,80564.68225,83526.37392,8700,0,,,,,,
4385,73714.08024,78153.06331,82099.54262,85117.65831,8700,0,,,,,,
4386,73330.4774,77746.36032,81672.30243,84674.71206,8700,0,,,,,,
4387,71871.82761,76199.8722,80047.72161,82990.40895,8700,0,,,,,,
4388,70855.28009,75122.10928,78915.53511,81816.60139,8700,0,,,,,,
4389,69779.27414,73981.3074,77717.12639,80574.13718,8700,0,,,,,,
4390,67048.02193,71085.5821,74675.17625,77420.35989,8700,0,,,,,,
4391,63539.97399,67366.28327,70768.06474,73369.61646,8700,0,,,,,,
4392,61728.40959,65445.6284,68750.42295,71277.80281,8700,0,,,,,,
4393,57844.43086,61327.76062,64424.61605,66792.97205,8700,0,,,,,,
4394,55540.89582,58885.50917,61859.03871,64133.07983,8700,0,,,,,,
4395,54076.49199,57332.9205,60228.0493,62442.13253,8700,0,,,,,,
4396,52885.40518,56070.10772,58901.46852,61066.78443,8700,0,,,,,,
4397,52458.64702,55617.65064,58426.1638,60574.00673,8700,0,,,,,,
4398,52275.47667,55423.44997,58222.15662,60362.4999,8700,0,,,,,,
4399,52897.87227,56083.32556,58915.35382,61081.18018,8700,0,,,,,,
4400,53945.10802,57193.62473,60081.71954,62290.42344,8700,0,,,,,,
4401,56236.17596,59622.65833,62633.41155,64935.9199,8700,0,,,,,,
4402,58348.86859,61862.57505,64986.43689,67375.44636,8700,0,,,,,,
4403,60341.68533,63975.39709,67205.94967,69676.55212,8700,0,,,,,,
4404,60914.21256,64582.40129,67843.60564,70337.64939,8700,0,,,,,,
4405,60310.9971,63942.86084,67171.77045,69641.11641,8700,0,,,,,,
4406,61595.1076,65304.2991,68601.95698,71123.87898,8700,0,,,,,,
4407,61963.36632,65694.73397,69012.10756,71549.10737,8700,0,,,,,,
4408,61631.54987,65342.93589,68642.5448,71165.95887,8700,0,,,,,,
4409,61164.51342,64847.775,68122.37987,70626.67182,8700,0,,,,,,
4410,60521.01966,64165.53074,67405.68446,69883.62949,8700,0,,,,,,
4411,60477.86434,64119.77665,67357.61994,69833.79804,8700,0,,,,,,
4412,60493.20845,64136.04477,67374.70954,69851.51588,8700,0,,,,,,
4413,59996.44278,63609.3644,66821.4335,69277.9005,8700,0,,,,,,
4414,58420.79412,61938.83186,65066.54442,67458.49878,8700,0,,,,,,
4415,56595.80362,60003.94238,63033.94923,65351.18201,8700,0,,,,,,
4416,55986.83412,59358.30139,62355.70544,64648.00484,8700,0,,,,,,
4417,53011.03511,56203.30295,59041.38968,61211.84933,8700,0,,,,,,
4418,51117.9551,54196.22369,56932.95934,59025.90959,8700,0,,,,,,
4419,49904.81113,52910.02548,55581.81225,57625.09208,8700,0,,,,,,
4420,49140.48248,52099.66978,54730.53618,56742.52169,8700,0,,,,,,
4421,48908.40276,51853.61447,54472.05586,56474.53921,8700,0,,,,,,
4422,48961.14815,51909.53613,54530.80139,56535.44431,8700,0,,,,,,
4423,49621.90404,52610.08203,55266.72262,57298.41923,8700,0,,,,,,
4424,50459.11723,53497.7113,56199.17432,58265.14941,8700,0,,,,,,
4425,51705.82645,54819.49602,57587.70493,59704.72471,8700,0,,,,,,
4426,53295.86021,56505.27991,59358.61551,61540.73691,8700,0,,,,,,
4427,54908.91014,58215.46598,61155.1605,63403.32588,8700,0,,,,,,
4428,55417.1839,58754.34745,61721.25375,63990.22966,8700,0,,,,,,
4429,55605.14929,58953.63191,61930.60144,64207.27332,8700,0,,,,,,
4430,56466.33766,59866.68012,62889.75566,65201.68764,8700,0,,,,,,
4431,56830.76036,60253.04797,63295.63385,65622.48659,8700,0,,,,,,
4432,56806.78518,60227.62903,63268.93133,65594.80244,8700,0,,,,,,
4433,57245.05142,60692.28719,63757.05324,66100.86853,8700,0,,,,,,
4434,58036.23228,61531.11212,64638.23614,67014.44517,8700,0,,,,,,
4435,59084.42703,62642.42803,65805.66995,68224.79579,8700,0,,,,,,
4436,59811.35441,63413.1302,66615.29011,69064.17893,8700,0,,,,,,
4437,59804.64136,63406.0129,66607.81341,69056.42737,8700,0,,,,,,
4438,58165.69823,61668.37437,64782.4297,67163.93952,8700,0,,,,,,
4439,55889.01539,59254.59212,62246.75918,64535.05354,8700,0,,,,,,
4440,53998.81241,57250.56314,60141.53316,62352.43591,8700,0,,,,,,
4441,50967.39099,54036.59277,56765.26757,58852.05319,8700,0,,,,,,
4442,49339.95595,52311.15533,54952.70107,56972.85373,8700,0,,,,,,
4443,48382.86687,51296.43137,53886.7368,55867.70284,8700,0,,,,,,
4444,47975.28886,50864.30945,53432.79411,55397.07246,8700,0,,,,,,
4445,48070.23056,50964.96843,53538.53605,55506.70165,8700,0,,,,,,
4446,49376.39822,52349.79211,54993.28889,57014.93363,8700,0,,,,,,
4447,52652.36645,55823.03565,58641.92009,60797.69458,8700,0,,,,,,
4448,58420.79412,61938.83186,65066.54442,67458.49878,8700,0,,,,,,
4449,65757.19839,69717.02655,73237.51302,75929.84577,8700,0,,,,,,
4450,69335.25385,73510.54868,77222.59587,80061.42689,8700,0,,,,,,
4451,70152.3279,74376.82606,78132.61748,81004.9024,8700,0,,,,,,
4452,70092.86946,74313.78709,78066.39525,80936.24574,8700,0,,,,,,
4453,68352.27158,72468.37227,76127.79289,78926.37713,8700,0,,,,,,
4454,71367.38988,75665.05777,79485.90077,82407.93464,8700,0,,,,,,
4455,72458.73996,76822.12779,80701.39911,83668.11672,8700,0,,,,,,
4456,72680.27059,77056.99875,80948.13031,83923.91817,8700,0,,,,,,
4457,73130.04492,77533.85801,81449.06943,84443.27265,8700,0,,,,,,
4458,71864.15556,76191.73815,80039.17682,82981.55003,8700,0,,,,,,
4459,70602.10222,74853.68531,78633.55659,81524.25687,8700,0,,,,,,
4460,69603.77584,73795.24078,77521.66401,80371.48927,8700,0,,,,,,
4461,68027.16818,72123.69149,75765.70684,78550.98019,8700,0,,,,,,
4462,65372.63654,69309.3068,72809.20473,75485.79215,8700,0,,,,,,
4463,62297.10079,66048.56557,69383.80652,71934.47061,8700,0,,,,,,
4464,60899.82746,64567.14994,67827.58414,70321.03891,8700,0,,,,,,
4465,57401.36958,60858.01867,63931.15363,66281.36913,8700,0,,,,,,
4466,55461.29823,58801.11829,61770.38637,64041.16848,8700,0,,,,,,
4467,54373.78419,57648.11532,60559.16045,62785.41587,8700,0,,,,,,
4468,53788.78986,57027.89326,59907.61916,62109.92284,8700,0,,,,,,
4469,53729.33142,56964.85429,59841.39693,62041.26617,8700,0,,,,,,
4470,54545.44646,57830.11491,60750.35043,62983.63432,8700,0,,,,,,
4471,57486.72121,60948.51008,64026.21457,66379.92467,8700,0,,,,,,
4472,62323.95299,66077.03478,69413.71334,71965.47685,8700,0,,,,,,
4473,68793.41484,72936.08071,76619.1191,79435.76531,8700,0,,,,,,
4474,72140.3496,76484.5643,80346.78975,83300.47133,8700,0,,,,,,
4475,73041.81627,77440.31633,81350.80419,84341.39501,8700,0,,,,,,
4476,73123.33187,77526.74071,81441.59273,84435.52109,8700,0,,,,,,
4477,71182.30151,75468.82358,79279.75737,82194.21307,8700,0,,,,,,
4478,74586.7767,79078.31262,83071.51405,86125.36103,8700,0,,,,,,
4479,76017.61528,80595.31477,84665.11995,87777.55053,8700,0,,,,,,
4480,75997.47613,80573.96286,84642.68984,87754.29585,8700,0,,,,,,
4481,76397.38209,80997.95073,85088.08774,88216.06731,8700,0,,,,,,
4482,75145.87783,79671.08222,83694.21662,86770.95518,8700,0,,,,,,
4483,73090.72563,77492.17096,81405.27731,84397.87066,8700,0,,,,,,
4484,71964.8513,76298.49768,80151.32736,83097.82342,8700,0,,,,,,
4485,70359.47343,74596.44567,78363.32718,81244.09338,8700,0,,,,,,
4486,67370.24832,71427.21262,75034.05801,77792.43474,8700,0,,,,,,
4487,63826.71711,67670.29375,71087.42678,73700.71878,8700,0,,,,,,
4488,62293.26476,66044.49854,69379.53412,71930.04115,8700,0,,,,,,
4489,58459.1544,61979.50216,65109.26844,67502.7934,8700,0,,,,,,
4490,56487.43582,59889.04879,62913.25388,65226.04969,8700,0,,,,,,
4491,55460.33922,58800.10153,61769.31827,64040.06111,8700,0,,,,,,
4492,54766.97709,58064.98588,60997.08163,63239.43577,8700,0,,,,,,
4493,54830.27156,58132.09187,61067.57626,63312.5219,8700,0,,,,,,
4494,55529.38773,58873.30807,61846.2215,64119.79144,8700,0,,,,,,
4495,58457.23639,61977.46865,65107.13224,67500.57867,8700,0,,,,,,
4496,63621.48959,67452.70765,70858.85327,73463.74253,8700,0,,,,,,
4497,70554.15187,74802.84744,78580.15157,81468.8886,8700,0,,,,,,
4498,74079.46194,78540.44791,82506.48889,85539.56461,8700,0,,,,,,
4499,76159.54833,80745.79488,84823.19882,87941.44064,8700,0,,,,,,
4500,76157.63031,80743.76136,84821.06261,87939.2259,8700,0,,,,,,
4501,73730.38336,78170.34819,82117.70033,85136.48352,8700,0,,,,,,
4502,76361.89883,80960.33071,85048.56802,88175.09479,8700,0,,,,,,
4503,77424.47869,82086.89799,86232.02334,89402.05589,8700,0,,,,,,
4504,77762.04918,82444.79662,86607.9947,89791.84858,8700,0,,,,,,
4505,77555.86266,82226.19376,86378.3531,89553.76498,8700,0,,,,,,
4506,75987.88606,80563.79529,84632.00883,87743.22219,8700,0,,,,,,
4507,74594.44875,79086.44667,83080.05885,86134.21994,8700,0,,,,,,
4508,74059.32279,78519.096,82484.05878,85516.30993,8700,0,,,,,,
4509,72599.714,76971.59113,80858.40987,83830.89946,8700,0,,,,,,
4510,69369.77811,73547.15196,77261.04749,80101.29206,8700,0,,,,,,
4511,65691.9859,69647.88703,73164.88218,75854.5449,8700,0,,,,,,
4512,63841.10221,67685.54511,71103.44828,73717.32926,8700,0,,,,,,
4513,59727.92079,63324.6723,66522.36537,68967.83812,8700,0,,,,,,
4514,57528.91752,60993.24741,64073.21098,66428.64875,8700,0,,,,,,
4515,56197.81568,59581.98804,62590.68754,64891.62528,8700,0,,,,,,
4516,55493.90447,58835.68805,61806.70179,64078.81891,8700,0,,,,,,
4517,55508.28958,58850.93941,61822.7233,64095.4294,8700,0,,,,,,
4518,56180.55355,59563.6864,62571.46173,64871.69269,8700,0,,,,,,
4519,59107.4432,62666.83021,65831.30436,68251.37256,8700,0,,,,,,
4520,63851.65129,67696.72944,71115.19738,73729.51028,8700,0,,,,,,
4521,70248.2286,74478.5018,78239.42752,81115.63896,8700,0,,,,,,
4522,73500.22166,77926.3264,81861.35622,84870.71578,8700,0,,,,,,
4523,74476.49088,78961.38551,82948.68249,85998.01398,8700,0,,,,,,
4524,74727.75074,79227.77597,83228.52482,86288.14377,8700,0,,,,,,
4525,73224.02762,77633.50025,81553.74328,84551.79448,8700,0,,,,,,
4526,76308.19443,80903.39229,84988.75439,88113.08231,8700,0,,,,,,
4527,76920.04095,81552.08355,85670.20248,88819.58157,8700,0,,,,,,
4528,76975.66337,81611.05549,85732.15232,88883.80878,8700,0,,,,,,
4529,77858.9089,82547.48912,86715.87285,89903.69252,8700,0,,,,,,
4530,77090.74422,81733.06639,85860.32438,89016.69266,8700,0,,,,,,
4531,75484.40734,80029.99762,84071.25609,87161.85525,8700,0,,,,,,
4532,74381.54918,78860.72652,82842.94055,85888.38478,8700,0,,,,,,
4533,72259.26648,76610.64223,80479.23421,83437.78466,8700,0,,,,,,
4534,68848.07825,72994.03589,76680.00084,79498.88516,8700,0,,,,,,
4535,64981.36165,68894.46975,72373.41974,75033.98698,8700,0,,,,,,
4536,62931.96349,66721.65903,70090.88904,72667.54665,8700,0,,,,,,
4537,59045.10774,62600.74098,65761.87783,68179.3938,8700,0,,,,,,
4538,57020.64376,60454.36594,63507.11773,65841.74497,8700,0,,,,,,
4539,55935.04773,59303.39648,62298.028,64588.20709,8700,0,,,,,,
4540,55290.59497,58620.13547,61580.26449,63844.0574,8700,0,,,,,,
4541,55223.46447,58548.96244,61505.49746,63766.54181,8700,0,,,,,,
4542,55979.16206,59350.16733,62347.16063,64639.14591,8700,0,,,,,,
4543,58862.89639,62407.55706,65558.93874,67968.99433,8700,0,,,,,,
4544,63426.81115,67246.30588,70642.02888,73238.94731,8700,0,,,,,,
4545,69745.70889,73945.72089,77679.74288,80535.37938,8700,0,,,,,,
4546,72493.26421,76858.73105,80739.85072,83707.98187,8700,0,,,,,,
4547,73553.92606,77983.26482,81921.16984,84932.72825,8700,0,,,,,,
4548,73110.86478,77513.52287,81427.70742,84421.12534,8700,0,,,,,,
4549,70830.34591,75095.67359,78887.7645,81787.80989,8700,0,,,,,,
4550,72865.35896,77253.23295,81154.2737,84137.63973,8700,0,,,,,,
4551,73823.40705,78268.97367,82221.30607,85243.89799,8700,0,,,,,,
4552,74106.31414,78568.91712,82536.39571,85570.57084,8700,0,,,,,,
4553,75183.27911,79710.73577,83735.87254,86814.14244,8700,0,,,,,,
4554,74899.41301,79409.77556,83419.7148,86486.36222,8700,0,,,,,,
4555,73170.32322,77576.56183,81493.92965,84489.782,8700,0,,,,,,
4556,72192.13598,76539.4692,80404.46717,83360.26907,8700,0,,,,,,
4557,71067.22066,75346.81268,79151.58532,82061.3292,8700,0,,,,,,
4558,68127.86392,72230.45102,75877.85738,78667.25358,8700,0,,,,,,
4559,64614.06193,68505.05163,71964.33726,74609.86595,8700,0,,,,,,
4560,63014.4381,66809.10017,70182.74568,72762.7801,8700,0,,,,,,
4561,59062.36987,62619.04262,65781.10364,68199.32638,8700,0,,,,,,
4562,56816.37525,60237.7966,63279.61234,65605.8761,8700,0,,,,,,
4563,55499.65851,58841.78859,61813.11039,64085.4631,8700,0,,,,,,
4564,54484.07,57765.04242,60681.99199,62912.76291,8700,0,,,,,,
4565,54053.47582,57308.51832,60202.41489,62415.55576,8700,0,,,,,,
4566,53935.51794,57183.45715,60071.03852,62279.34978,8700,0,,,,,,
4567,54680.66646,57973.47771,60900.9526,63139.77287,8700,0,,,,,,
4568,55681.86986,59034.97251,62016.04948,64295.86257,8700,0,,,,,,
4569,57681.39965,61154.91185,64243.03896,66604.71989,8700,0,,,,,,
4570,59300.20363,62871.19847,66045.99256,68473.95306,8700,0,,,,,,
4571,61339.05271,65032.82486,68316.77416,70828.21236,8700,0,,,,,,
4572,61478.10873,65180.25469,68471.64872,70988.78037,8700,0,,,,,,
4573,61333.29866,65026.72431,68310.36555,70821.56816,8700,0,,,,,,
4574,62757.4242,66536.60917,69896.49475,72466.00611,8700,0,,,,,,
4575,63108.42079,66908.7424,70287.41952,72871.30192,8700,0,,,,,,
4576,63339.5415,67153.78095,70544.83173,73138.17704,8700,0,,,,,,
4577,63534.21994,67360.18271,70761.65613,73362.97226,8700,0,,,,,,
4578,64155.65654,68019.04156,71453.78524,74080.54518,8700,0,,,,,,
4579,64715.71668,68612.82793,72077.55591,74727.2467,8700,0,,,,,,
4580,64949.71441,68860.91675,72338.17242,74997.44391,8700,0,,,,,,
4581,64887.37895,68794.82751,72268.74589,74925.46515,8700,0,,,,,,
4582,63100.74874,66900.60834,70278.87472,72862.44301,8700,0,,,,,,
4583,60225.64547,63852.36943,67076.70951,69542.56088,8700,0,,,,,,
4584,58728.6354,62265.21101,65409.40468,67813.96315,8700,0,,,,,,
4585,55210.03837,58534.72783,61490.54405,63751.03869,8700,0,,,,,,
4586,52841.29085,56023.33687,58852.33589,61015.84561,8700,0,,,,,,
4587,51396.06716,54491.08336,57242.70848,59347.04562,8700,0,,,,,,
4588,50460.07624,53498.72806,56200.24243,58266.25678,8700,0,,,,,,
4589,50207.85737,53231.32084,55919.332,57975.01962,8700,0,,,,,,
4590,50211.6934,53235.38788,55923.6044,57979.44908,8700,0,,,,,,
4591,50795.72872,53854.59318,56574.07759,58653.83474,8700,0,,,,,,
4592,51545.67227,54649.69753,57409.33216,59519.79466,8700,0,,,,,,
4593,53165.43525,56367.0009,59213.35385,61390.13519,8700,0,,,,,,
4594,55099.75256,58417.80073,61367.7125,63623.69165,8700,0,,,,,,
4595,56804.86717,60225.59552,63266.79514,65592.58772,8700,0,,,,,,
4596,57322.731,60774.64455,63843.56939,66190.56515,8700,0,,,,,,
4597,57261.35454,60709.57207,63775.21095,66119.69374,8700,0,,,,,,
4598,58101.44476,61600.25162,64710.86697,67089.74603,8700,0,,,,,,
4599,58962.63313,62513.29984,65670.02119,68084.16036,8700,0,,,,,,
4600,60362.78349,63997.76575,67229.44788,69700.91417,8700,0,,,,,,
4601,61670.86916,65384.62294,68686.33692,71211.36086,8700,0,,,,,,
4602,63502.57271,67326.62972,70726.40882,73326.4292,8700,0,,,,,,
4603,64881.62491,68788.72697,72262.33729,74918.82096,8700,0,,,,,,
4604,65709.24803,69666.18867,73184.10799,75874.47748,8700,0,,,,,,
4605,65327.56321,69261.5192,72759.00401,75433.74597,8700,0,,,,,,
4606,62984.70888,66777.58069,70149.63456,72728.45176,8700,0,,,,,,
4607,59945.6154,63555.47625,66764.82417,69219.21012,8700,0,,,,,,
4608,57363.9683,60818.36512,63889.4977,66238.18186,8700,0,,,,,,
4609,54021.82858,57274.96532,60167.16757,62379.01268,8700,0,,,,,,
4610,51810.35823,54930.32259,57704.12789,59825.42757,8700,0,,,,,,
4611,50580.91113,53626.8395,56334.82308,58405.78484,8700,0,,,,,,
4612,50060.17028,53074.74019,55754.84453,57804.48531,8700,0,,,,,,
4613,50290.33198,53318.76199,56011.18864,58070.25306,8700,0,,,,,,
4614,51587.86858,54694.43485,57456.32858,59568.51875,8700,0,,,,,,
4615,55256.07071,58583.53219,61541.81287,63804.19224,8700,0,,,,,,
4616,60950.65483,64621.03808,67884.19346,70379.72928,8700,0,,,,,,
4617,69017.8225,73174.00196,76869.05461,79694.88887,8700,0,,,,,,
4618,73090.72563,77492.17096,81405.27731,84397.87066,8700,0,,,,,,
4619,74718.16067,79217.60839,83217.84381,86277.07011,8700,0,,,,,,
4620,74984.76464,79500.26697,83514.77574,86584.91775,8700,0,,,,,,
4621,73734.21939,78174.41522,82121.97273,85140.91299,8700,0,,,,,,
4622,77193.35798,81841.85944,85974.61113,89135.18078,8700,0,,,,,,
4623,78888.88252,83639.48665,87863.01276,91093.00319,8700,0,,,,,,
4624,79822.95543,84629.80844,88903.34262,92171.57731,8700,0,,,,,,
4625,81526.15202,86435.5697,90800.28904,94138.25864,8700,0,,,,,,
4626,81517.52096,86426.41889,90790.67614,94128.29235,8700,0,,,,,,
4627,80159.56692,84986.69031,89278.24588,92560.26264,8700,0,,,,,,
4628,79123.83925,83888.59223,88124.69736,91364.30776,8700,0,,,,,,
4629,76885.5167,81515.48029,85631.75087,88779.71641,8700,0,,,,,,
4630,73016.88208,77413.88063,81323.03357,84312.6035,8700,0,,,,,,
4631,68506.67172,72632.07022,76299.75706,79104.66299,8700,0,,,,,,
4632,65985.44207,69959.01482,73491.72093,76193.39878,8700,0,,,,,,
4633,61391.7981,65088.74652,68375.51968,70889.11747,8700,0,,,,,,
4634,58915.64178,62463.47872,65617.68427,68029.89944,8700,0,,,,,,
4635,57579.7449,61047.13556,64129.82031,66487.33913,8700,0,,,,,,
4636,56658.13908,60070.03162,63103.37576,65423.16077,8700,0,,,,,,
4637,56617.86079,60027.32781,63058.51555,65376.65142,8700,0,,,,,,
4638,57397.53355,60853.95163,63926.88122,66276.93966,8700,0,,,,,,
4639,60246.74363,63874.7381,67100.20772,69566.92292,8700,0,,,,,,
4640,65160.69597,69084.60339,72573.15452,75241.06435,8700,0,,,,,,
4641,72363.79825,76721.46879,80595.65715,83558.48751,8700,0,,,,,,
4642,76344.6367,80942.02907,85029.34221,88155.1622,8700,0,,,,,,
4643,78123.59486,82828.11419,87010.66858,90209.32543,8700,0,,,,,,
4644,78481.3045,83207.36472,87409.07005,90622.3728,8700,0,,,,,,
4645,77068.68705,81709.68096,85835.75806,88991.22324,8700,0,,,,,,
4646,79656.08819,84452.89263,88717.49313,91978.89568,8700,0,,,,,,
4647,81204.88465,86094.95596,90442.47539,93767.29116,8700,0,,,,,,
4648,81915.5089,86848.37324,91233.93783,94587.84908,8700,0,,,,,,
4649,83598.56635,88632.78261,93108.45416,96531.27574,8700,0,,,,,,
4650,83146.87401,88153.88984,92605.37884,96009.70653,8700,0,,,,,,
4651,81904.00082,86836.17215,91221.12063,94574.5607,8700,0,,,,,,
4652,81249.95798,86142.74355,90492.67611,93819.33734,8700,0,,,,,,
4653,79156.4455,83923.16199,88161.01279,91401.9582,8700,0,,,,,,
4654,75213.96733,79743.272,83770.05175,86849.57813,8700,0,,,,,,
4655,70398.79272,74638.13273,78407.1193,81289.49536,8700,0,,,,,,
4656,67323.25697,71377.3915,74981.72109,77738.17382,8700,0,,,,,,
4657,62572.33583,66340.37497,69690.35136,72252.28455,8700,0,,,,,,
4658,59861.22278,63466.00159,66670.83134,69121.76195,8700,0,,,,,,
4659,58440.93327,61960.18377,65088.97454,67481.75346,8700,0,,,,,,
4660,57566.3188,61032.90095,64114.86691,66471.83601,8700,0,,,,,,
4661,57314.09993,60765.49373,63833.95648,66180.59885,8700,0,,,,,,
4662,57934.57752,61423.33582,64525.01748,66897.06441,8700,0,,,,,,
4663,60960.2449,64631.20565,67894.87446,70390.80294,8700,0,,,,,,
4664,66222.31683,70210.15392,73755.54175,76466.9181,8700,0,,,,,,
4665,73722.7113,78162.21413,82109.15552,85127.62459,8700,0,,,,,,
4666,78233.88067,82945.04129,87133.50013,90336.67247,8700,0,,,,,,
4667,80758.94635,85622.16373,89945.80867,93252.36615,8700,0,,,,,,
4668,81870.43557,86800.58564,91183.73711,94535.8029,8700,0,,,,,,
4669,80072.29727,84894.16537,89181.04873,92459.49236,8700,0,,,,,,
4670,82398.84848,87360.81901,91772.26047,95145.96136,8700,0,,,,,,
4671,83458.55132,88484.33602,92952.5115,96369.60037,8700,0,,,,,,
4672,83483.4855,88510.77171,92980.2821,96398.39187,8700,0,,,,,,
4673,84476.05784,89563.1157,94085.76609,97544.51528,8700,0,,,,,,
4674,84196.98678,89267.23928,93774.94886,97222.27189,8700,0,,,,,,
4675,83108.51373,88113.21954,92562.65482,95965.41191,8700,0,,,,,,
4676,82402.68451,87364.88604,91776.53288,95150.39082,8700,0,,,,,,
4677,80397.40068,85238.84616,89543.1348,92834.88931,8700,0,,,,,,
4678,76389.71003,80989.81667,85079.54293,88207.20838,8700,0,,,,,,
4679,71379.85698,75678.27563,79499.78608,82422.3304,8700,0,,,,,,
4680,68329.25541,72443.97009,76102.15848,78899.80036,8700,0,,,,,,
4681,63304.05824,67116.16092,70505.31202,73097.20451,8700,0,,,,,,
4682,60689.8049,64344.48004,67593.67013,70078.52583,8700,0,,,,,,
4683,59034.55866,62589.55665,65750.12873,68167.21278,8700,0,,,,,,
4684,58063.08447,61559.58132,64668.14294,67045.4514,8700,0,,,,,,
4685,57973.89682,61465.02288,64568.80961,66942.46641,8700,0,,,,,,
4686,58596.29242,62124.89848,65262.00681,67661.14669,8700,0,,,,,,
4687,61581.6815,65290.0645,68587.00357,71108.37586,8700,0,,,,,,
4688,66713.32846,70730.73375,74302.40919,77033.88929,8700,0,,,,,,
4689,74149.46946,78614.67121,82584.46023,85620.4023,8700,0,,,,,,
4690,78154.28308,82860.65042,87044.84779,90244.76112,8700,0,,,,,,
4691,80086.68238,84909.41674,89197.07024,92476.10285,8700,0,,,,,,
4692,80292.8689,85128.01959,89426.71184,92714.18645,8700,0,,,,,,
4693,79073.97089,83835.72085,88069.15615,91306.72476,8700,0,,,,,,
4694,82172.52281,87120.86425,91520.18877,94884.62307,8700,0,,,,,,
4695,84096.29103,89160.47973,93662.7983,97105.99849,8700,0,,,,,,
4696,84555.65543,89647.50657,94174.41843,97636.42663,8700,0,,,,,,
4697,84921.03714,90034.89117,94581.36472,98058.33294,8700,0,,,,,,
4698,83360.73259,88380.62675,92843.56524,96256.64907,8700,0,,,,,,
4699,81586.56947,86499.62543,90867.57937,94208.02267,8700,0,,,,,,
4700,80406.03174,85247.99698,89552.7477,92844.8556,8700,0,,,,,,
4701,78070.84947,82772.19253,86951.92306,90148.42032,8700,0,,,,,,
4702,74056.44577,78516.04573,82480.85448,85512.98783,8700,0,,,,,,
4703,69492.53102,73677.29692,77397.76436,80243.03486,8700,0,,,,,,
4704,66898.41683,70926.96794,74508.55258,77247.61086,8700,0,,,,,,
4705,62264.49455,66013.99582,69347.49111,71896.82018,8700,0,,,,,,
4706,59768.19909,63367.37612,66567.22559,69014.34748,8700,0,,,,,,
4707,57992.11795,61484.34127,64589.10351,66963.50635,8700,0,,,,,,
4708,57010.09469,60443.18162,63495.36864,65829.56396,8700,0,,,,,,
4709,56976.52944,60407.59511,63457.98512,65790.80616,8700,0,,,,,,
4710,57705.37483,61180.33079,64269.74148,66632.40403,8700,0,,,,,,
4711,60360.86547,63995.73223,67227.31167,69698.69943,8700,0,,,,,,
4712,65078.22136,68997.16225,72481.29788,75145.8309,8700,0,,,,,,
4713,72017.59669,76354.41934,80210.07288,83158.72853,8700,0,,,,,,
4714,75992.68109,80568.87907,84637.34933,87748.75901,8700,0,,,,,,
4715,78582.00025,83314.12426,87521.22061,90738.64619,8700,0,,,,,,
4716,79265.7723,84039.07233,88282.77623,91528.19787,8700,0,,,,,,
4717,77997.00592,82693.9022,86869.67932,90063.15316,8700,0,,,,,,
4718,80804.01968,85669.95133,89996.00939,93304.41233,8700,0,,,,,,
4719,82050.7289,86991.73604,91384.54,94743.98763,8700,0,,,,,,
4720,83079.74352,88082.71682,92530.61181,95932.19095,8700,0,,,,,,
4721,84407.00933,89489.90916,94008.86285,97464.78496,8700,0,,,,,,
4722,83083.57954,88086.78384,92534.8842,95936.6204,8700,0,,,,,,
4723,80451.10507,85295.78457,89602.94842,92896.90178,8700,0,,,,,,
4724,78265.52791,82978.5943,87168.74745,90373.21554,8700,0,,,,,,
4725,75825.81386,80391.96327,84451.49985,87556.0774,8700,0,,,,,,
4726,71977.31839,76311.71552,80165.21266,83112.21917,8700,0,,,,,,
4727,67631.09825,71703.77066,75324.58134,78093.63819,8700,0,,,,,,
4728,65415.79186,69355.06088,72857.26925,75535.62361,8700,0,,,,,,
4729,61159.71838,64842.69121,68117.03937,70621.13499,8700,0,,,,,,
4730,58649.03781,62180.82014,65320.75234,67722.0518,8700,0,,,,,,
4731,56943.9232,60373.02535,63421.6697,65753.15573,8700,0,,,,,,
4732,55663.64873,59015.65412,61995.75558,64274.82263,8700,0,,,,,,
4733,55275.25085,58603.86734,61563.17488,63826.33955,8700,0,,,,,,
4734,55126.60475,58446.26993,61397.61931,63654.69787,8700,0,,,,,,
4735,55973.40802,59344.06679,62340.75203,64632.50172,8700,0,,,,,,
4736,57234.50235,60681.10287,63745.30415,66088.68751,8700,0,,,,,,
4737,59494.88207,63077.60024,66262.81696,68698.74828,8700,0,,,,,,
4738,61741.83569,65459.863,68765.37636,71293.30593,8700,0,,,,,,
4739,64547.89044,68434.89537,71890.63833,74533.45772,8700,0,,,,,,
4740,65346.74335,69281.85435,72780.36602,75455.89328,8700,0,,,,,,
4741,65038.90207,68955.47519,72437.50576,75100.42891,8700,0,,,,,,
4742,66187.79257,70173.55065,73717.09013,76427.05293,8700,0,,,,,,
4743,66463.98661,70466.3768,74024.70306,76745.97422,8700,0,,,,,,
4744,66765.11484,70785.63865,74360.08661,77093.68703,8700,0,,,,,,
4745,67509.30435,71574.64246,75188.93258,77953.00276,8700,0,,,,,,
4746,67895.7842,71984.39571,75619.37706,78399.27109,8700,0,,,,,,
4747,68710.94023,72848.63956,76527.26246,79340.53187,8700,0,,,,,,
4748,68903.70066,73053.00782,76741.95066,79563.11236,8700,0,,,,,,
4749,68639.97371,72773.39952,76448.22303,79258.58682,8700,0,,,,,,
4750,66139.84222,70122.71278,73663.68511,76371.68465,8700,0,,,,,,
4751,62885.93115,66672.85467,70039.62022,72614.39311,8700,0,,,,,,
4752,61048.47356,64724.74735,67993.13972,70492.68058,8700,0,,,,,,
4753,57285.32972,60734.99101,63801.91347,66147.37789,8700,0,,,,,,
4754,54880.13993,58184.96326,61123.11749,63370.10491,8700,0,,,,,,
4755,53180.77936,56383.26902,59230.44346,61407.85304,8700,0,,,,,,
4756,52199.71511,55343.12613,58137.77668,60275.01802,8700,0,,,,,,
4757,51802.68617,54922.18853,57695.58308,59816.56865,8700,0,,,,,,
4758,51640.61397,54750.35651,57515.0741,59629.42385,8700,0,,,,,,
4759,52179.57596,55321.77422,58115.34657,60251.76334,8700,0,,,,,,
4760,52496.0483,55657.30418,58467.81973,60617.19399,8700,0,,,,,,
4761,53455.05539,56674.06166,59535.92019,61724.5596,8700,0,,,,,,
4762,55300.18504,58630.30304,61590.9455,63855.13106,8700,0,,,,,,
4763,58357.49965,61871.72587,64996.04979,67385.41265,8700,0,,,,,,
4764,59399.94036,62976.94124,66157.075,68589.11907,8700,0,,,,,,
4765,60300.44802,63931.67651,67160.02134,69628.93539,8700,0,,,,,,
4766,61539.48519,65245.32717,68540.00715,71059.65178,8700,0,,,,,,
4767,62528.2215,66293.60412,69641.21874,72201.34573,8700,0,,,,,,
4768,63868.91342,67715.03108,71134.4232,73749.44286,8700,0,,,,,,
4769,65719.79711,69677.373,73195.8571,75886.65851,8700,0,,,,,,
4770,67286.8147,71338.75472,74941.13327,77696.09393,8700,0,,,,,,
4771,68627.50662,72760.18167,76434.33773,79244.19107,8700,0,,,,,,
4772,69100.29711,73261.4431,76960.91125,79790.12231,8700,0,,,,,,
4773,69068.64988,73227.89011,76925.66394,79753.57925,8700,0,,,,,,
4774,66630.85385,70643.29261,74210.55255,76938.65585,8700,0,,,,,,
4775,62930.04547,66719.6255,70088.75283,72665.33192,8700,0,,,,,,
4776,59596.53682,63185.37653,66376.0356,68816.12903,8700,0,,,,,,
4777,55855.45015,59219.00562,62209.37567,64496.29576,8700,0,,,,,,
4778,53658.36489,56889.61424,59762.35749,61959.32111,8700,0,,,,,,
4779,52343.56617,55495.63974,58297.99175,60441.12285,8700,0,,,,,,
4780,51764.32588,54881.51822,57652.85906,59772.27401,8700,0,,,,,,
4781,51931.19312,55058.43403,57838.70855,59964.95564,8700,0,,,,,,
4782,53392.71993,56607.97242,59466.49366,61652.58084,8700,0,,,,,,
4783,57288.20674,60738.04128,63805.11777,66150.69998,8700,0,,,,,,
4784,63749.99654,67588.95315,71001.97874,73612.12953,8700,0,,,,,,
4785,72487.51017,76852.63051,80733.44212,83701.33768,8700,0,,,,,,
4786,76494.2418,81100.64323,85195.96588,88327.91123,8700,0,,,,,,
4787,77746.70507,82428.5285,86590.9051,89774.13074,8700,0,,,,,,
4788,78152.36507,82858.61691,87042.71159,90242.54639,8700,0,,,,,,
4789,76579.59344,81191.13466,85291.02683,88426.46678,8700,0,,,,,,
4790,79400.9923,84182.43514,88433.3784,91684.33642,8700,0,,,,,,
4791,80517.27656,85365.94084,89676.64735,92973.31001,8700,0,,,,,,
4792,80529.74365,85379.15869,89690.53265,92987.70576,8700,0,,,,,,
4793,81118.57401,86003.44778,90346.34635,93667.62825,8700,0,,,,,,
4794,80647.70153,85504.21986,89821.90902,93123.91174,8700,0,,,,,,
4795,79470.99982,84256.65843,88511.34974,91765.17412,8700,0,,,,,,
4796,78773.80167,83517.47576,87734.8407,90960.11932,8700,0,,,,,,
4797,76997.72053,81634.44091,85756.71863,88909.27819,8700,0,,,,,,
4798,73263.34691,77675.18731,81597.5354,84597.19647,8700,0,,,,,,
4799,68960.28208,73112.99651,76804.96859,79628.44694,8700,0,,,,,,
4800,66508.10094,70513.14765,74073.83569,76796.91305,8700,0,,,,,,
4801,62157.08576,65900.11899,69227.86386,71772.79524,8700,0,,,,,,
4802,59870.81285,63476.16917,66681.51234,69132.8356,8700,0,,,,,,
4803,58383.39284,61899.17832,65024.8885,67415.31152,8700,0,,,,,,
4804,57439.72986,60898.68896,63973.87764,66325.66375,8700,0,,,,,,
4805,57282.4527,60731.94074,63798.70917,66144.05579,8700,0,,,,,,
4806,58165.69823,61668.37437,64782.4297,67163.93952,8700,0,,,,,,
4807,61171.22646,64854.89229,68129.85657,70634.42337,8700,0,,,,,,
4808,66286.5703,70278.27667,73827.10448,76541.11159,8700,0,,,,,,
4809,73809.98095,78254.73906,82206.35267,85228.39487,8700,0,,,,,,
4810,77916.44932,82608.49457,86779.95887,89970.13445,8700,0,,,,,,
4811,79749.11188,84551.51811,88821.09888,92086.31015,8700,0,,,,,,
4812,80702.36493,85562.17503,89882.79074,93187.03157,8700,0,,,,,,
4813,79263.85429,84037.03882,88280.64004,91525.98314,8700,0,,,,,,
4814,82164.85075,87112.73019,91511.64396,94875.76415,8700,0,,,,,,
4815,83167.01316,88175.24175,92627.80895,96032.96121,8700,0,,,,,,
4816,83587.05827,88620.58152,93095.63696,96517.98736,8700,0,,,,,,
4817,84240.1421,89312.99336,93823.01338,97272.10334,8700,0,,,,,,
4818,83875.7194,88926.62552,93417.13519,96851.3044,8700,0,,,,,,
4819,82956.99061,87952.57186,92393.89495,95790.44815,8700,0,,,,,,
4820,82267.46451,87221.52324,91625.93071,94994.25227,8700,0,,,,,,
4821,80058.87117,84879.93077,89166.09533,92443.98924,8700,0,,,,,,
4822,75809.51074,80374.6784,84433.34215,87537.25219,8700,0,,,,,,
4823,70928.16463,75199.38285,78996.71075,81900.76118,8700,0,,,,,,
4824,68076.07754,72175.54612,75820.17996,78607.45584,8700,0,,,,,,
4825,63231.1737,67038.88735,70424.13638,73013.04472,8700,0,,,,,,
4826,60706.10802,64361.76492,67611.82784,70097.35105,8700,0,,,,,,
4827,59144.84448,62706.48376,65872.96028,68294.55983,8700,0,,,,,,
4828,58234.74674,61741.58091,64859.33293,67243.66985,8700,0,,,,,,
4829,58048.69937,61544.32996,64652.12144,67028.84092,8700,0,,,,,,
4830,58576.15327,62103.54657,65239.5767,67637.89201,8700,0,,,,,,
4831,61391.7981,65088.74652,68375.51968,70889.11747,8700,0,,,,,,
4832,66325.88959,70319.96373,73870.8966,76586.51358,8700,0,,,,,,
4833,73295.95315,77709.75706,81633.85082,84634.8469,8700,0,,,,,,
4834,77388.03642,82048.26121,86191.43552,89359.976,8700,0,,,,,,
4835,79181.37968,83949.59768,88188.7834,91430.7497,8700,0,,,,,,
4836,79923.65117,84736.56797,89015.49316,92287.85069,8700,0,,,,,,
4837,78505.27968,83232.78366,87435.77257,90650.05694,8700,0,,,,,,
4838,81378.46493,86278.98905,90635.80157,93967.72433,8700,0,,,,,,
4839,82926.30238,87920.03562,92359.71573,95755.01244,8700,0,,,,,,
4840,83728.99132,88771.06163,93253.71583,96681.87747,8700,0,,,,,,
4841,85291.21387,90427.35955,94993.65149,98485.77606,8700,0,,,,,,
4842,85290.25487,90426.3428,94992.5834,98484.6687,8700,0,,,,,,
4843,84263.15827,89337.39554,93848.64779,97298.68012,8700,0,,,,,,
4844,83693.50806,88733.44161,93214.19611,96640.90495,8700,0,,,,,,
4845,81563.5533,86475.22325,90841.94496,94181.4459,8700,0,,,,,,
4846,77342.96308,82000.4736,86141.23479,89307.92981,8700,0,,,,,,
4847,72022.39173,76359.50313,80215.41339,83164.26536,8700,0,,,,,,
4848,68920.00378,73070.2927,76760.10837,79581.93758,8700,0,,,,,,
4849,63975.36321,67827.89116,71252.98235,73872.36045,8700,0,,,,,,
4850,61226.84888,64913.86424,68191.8064,70698.65059,8700,0,,,,,,
4851,59539.9554,63125.38784,66313.01767,68750.79446,8700,0,,,,,,
4852,58591.49738,62119.81469,65256.6663,67655.60986,8700,0,,,,,,
4853,58521.48987,62045.5914,65178.69498,67574.77218,8700,0,,,,,,
4854,59098.81214,62657.6794,65821.69146,68241.40628,8700,0,,,,,,
4855,61879.93271,65606.27608,68919.18282,71452.76657,8700,0,,,,,,
4856,66626.05881,70638.20881,74205.21204,76933.11901,8700,0,,,,,,
4857,73438.8452,77861.25392,81792.99778,84799.84437,8700,0,,,,,,
4858,77458.04393,82122.48449,86269.40685,89440.81368,8700,0,,,,,,
4859,79248.51018,84020.77071,88263.55043,91508.2653,8700,0,,,,,,
4860,79983.10961,84799.60693,89081.71539,92356.50736,8700,0,,,,,,
4861,78478.42748,83204.31445,87405.86575,90619.0507,8700,0,,,,,,
4862,81725.6255,86647.05526,91022.45394,94368.59069,8700,0,,,,,,
4863,83463.34635,88489.4198,92957.85199,96375.13719,8700,0,,,,,,
4864,84329.32976,89407.55181,93922.34672,97375.08835,8700,0,,,,,,
4865,85982.65799,91160.4417,95763.75193,99284.18668,8700,0,,,,,,
4866,86270.36012,91465.46894,96084.18208,99616.39636,8700,0,,,,,,
4867,85405.33572,90548.3537,95120.75545,98617.55257,8700,0,,,,,,
4868,84606.48281,89701.39472,94231.02776,97695.11701,8700,0,,,,,,
4869,82181.15387,87130.01506,91529.80167,94894.58936,8700,0,,,,,,
4870,77459.00294,82123.50125,86270.47495,89441.92105,8700,0,,,,,,
4871,72235.2913,76585.22329,80452.53169,83410.10052,8700,0,,,,,,
4872,69247.0252,73417.007,77124.33063,79959.54926,8700,0,,,,,,
4873,64379.10519,68255.94605,71702.65264,74338.56137,8700,0,,,,,,
4874,61693.88533,65409.02512,68711.97133,71237.93764,8700,0,,,,,,
4875,59927.39426,63536.15785,66744.53026,69198.17016,8700,0,,,,,,
4876,58832.20816,62375.02081,65524.75952,67933.55863,8700,0,,,,,,
4877,58596.29242,62124.89848,65262.00681,67661.14669,8700,0,,,,,,
4878,59278.14646,62847.81304,66021.42624,68448.48364,8700,0,,,,,,
4879,62008.43966,65742.52158,69062.30829,71601.15356,8700,0,,,,,,
4880,66851.42548,70877.14682,74456.21566,77193.34994,8700,0,,,,,,
4881,73424.4601,77846.00256,81776.97628,84783.23389,8700,0,,,,,,
4882,77481.0601,82146.88667,86295.04126,89467.39046,8700,0,,,,,,
4883,79317.55869,84093.97724,88340.45367,91587.99562,8700,0,,,,,,
4884,80506.72748,85354.75651,89664.89824,92961.12898,8700,0,,,,,,
4885,79460.45074,84245.4741,88499.60063,91752.99309,8700,0,,,,,,
4886,82325.96394,87283.54544,91691.08484,95061.80157,8700,0,,,,,,
4887,83863.25231,88913.40767,93403.24989,96836.90865,8700,0,,,,,,
4888,84879.79983,89991.1706,94535.43639,98010.71621,8700,0,,,,,,
4889,86130.34508,91317.02234,95928.2394,99454.72098,8700,0,,,,,,
4890,85822.5038,90990.64319,95585.37915,99099.25661,8700,0,,,,,,
4891,84346.59189,89425.85344,93941.57253,97395.02093,8700,0,,,,,,
4892,83495.95259,88523.98956,92994.16741,96412.78762,8700,0,,,,,,
4893,81370.79287,86270.85499,90627.25676,93958.8654,8700,0,,,,,,
4894,77090.74422,81733.06639,85860.32438,89016.69266,8700,0,,,,,,
4895,72370.5113,76728.58609,80603.13386,83566.23907,8700,0,,,,,,
4896,69335.25385,73510.54868,77222.59587,80061.42689,8700,0,,,,,,
4897,64458.70278,68340.33692,71791.30498,74430.47272,8700,0,,,,,,
4898,61659.36108,65372.42186,68673.51972,71198.07248,8700,0,,,,,,
4899,59745.18292,63342.97394,66541.59118,68987.7707,8700,0,,,,,,
4900,58539.711,62064.90979,65198.98888,67595.81212,8700,0,,,,,,
4901,57867.44703,61352.1628,64450.25046,66819.54882,8700,0,,,,,,
4902,57762.91525,61241.33623,64333.8275,66698.84596,8700,0,,,,,,
4903,58732.47143,62269.27805,65413.67708,67818.39261,8700,0,,,,,,
4904,60333.05427,63966.24627,67196.33677,69666.58583,8700,0,,,,,,
4905,63570.66221,67398.8195,70802.24395,73405.05215,8700,0,,,,,,
4906,66260.67711,70250.82422,73798.26577,76511.21272,8700,0,,,,,,
4907,68995.76534,73150.61654,76844.48831,79669.41946,8700,0,,,,,,
4908,70154.24591,74378.85957,78134.75367,81007.11713,8700,0,,,,,,
4909,69879.01087,74087.05017,77828.20884,80689.30319,8700,0,,,,,,
4910,71112.294,75394.60029,79201.78605,82113.37539,8700,0,,,,,,
4911,71897.72081,76227.32466,80076.56033,83020.30783,8700,0,,,,,,
4912,72521.07542,76888.21702,80770.82564,83740.09548,8700,0,,,,,,
4913,73040.85726,77439.29957,81349.73609,84340.28764,8700,0,,,,,,
4914,73868.48038,78316.76127,82271.50679,85295.94417,8700,0,,,,,,
4915,74896.53599,79406.72529,83416.5105,86483.04012,8700,0,,,,,,
4916,75075.87031,79596.85893,83616.24528,86690.11748,8700,0,,,,,,
4917,74324.96776,78800.73783,82779.92262,85823.05021,8700,0,,,,,,
4918,71184.21953,75470.8571,79281.89358,82196.42781,8700,0,,,,,,
4919,67136.25059,71179.1238,74773.4415,77522.23753,8700,0,,,,,,
4920,64599.67682,68489.80027,71948.31575,74593.25546,8700,0,,,,,,
4921,60360.86547,63995.73223,67227.31167,69698.69943,8700,0,,,,,,
4922,57523.16348,60987.14686,64066.80238,66422.00456,8700,0,,,,,,
4923,55638.71454,58989.21842,61967.98496,64246.03112,8700,0,,,,,,
4924,54502.29114,57784.36082,60702.28591,62933.80287,8700,0,,,,,,
4925,53860.71539,57104.15007,59987.72669,62192.97526,8700,0,,,,,,
4926,53713.0283,56947.56942,59823.23922,62022.44096,8700,0,,,,,,
4927,54234.72816,57500.68549,60404.28588,62624.84786,8700,0,,,,,,
4928,55027.82702,58341.54391,61287.60496,63540.63922,8700,0,,,,,,
4929,56689.78632,60103.58462,63138.62308,65459.70384,8700,0,,,,,,
4930,58764.11866,62302.83104,65448.92439,67854.93567,8700,0,,,,,,
4931,61277.67625,64967.75238,68248.41572,70757.34096,8700,0,,,,,,
4932,62735.36703,66513.22374,69871.92843,72440.5367,8700,0,,,,,,
4933,63772.0537,67612.33857,71026.54504,73637.59893,8700,0,,,,,,
4934,65041.77909,68958.52546,72440.71006,75103.75101,8700,0,,,,,,
4935,65828.16491,69792.2666,73316.55245,76011.79082,8700,0,,,,,,
4936,67170.77484,71215.72706,74811.89311,77562.10269,8700,0,,,,,,
4937,68633.26066,72766.28221,76440.74633,79250.83526,8700,0,,,,,,
4938,70939.67272,75211.58394,79009.52796,81914.04957,8700,0,,,,,,
4939,72607.38605,76979.72518,80866.95467,83839.75838,8700,0,,,,,,
4940,73384.1818,77803.29874,81732.11606,84736.72453,8700,0,,,,,,
4941,73084.01258,77485.05365,81397.80061,84390.1191,8700,0,,,,,,
4942,70199.31924,74426.64717,78184.95439,81059.16331,8700,0,,,,,,
4943,66432.33938,70432.82381,73989.45575,76709.43116,8700,0,,,,,,
4944,62897.43923,66685.05575,70052.43741,72627.68149,8700,0,,,,,,
4945,58794.80689,62335.36728,65483.10361,67890.37138,8700,0,,,,,,
4946,56288.92135,59678.57999,62692.15708,64996.82501,8700,0,,,,,,
4947,54726.6988,58022.28207,60952.22142,63192.92642,8700,0,,,,,,
4948,53892.36263,57137.70307,60022.97401,62229.51833,8700,0,,,,,,
4949,53817.56007,57058.39598,59939.66217,62143.14381,8700,0,,,,,,
4950,54879.18092,58183.9465,61122.04938,63368.99754,8700,0,,,,,,
4951,58390.10589,61906.29562,65032.36521,67423.06308,8700,0,,,,,,
4952,64183.46775,68048.52753,71484.76015,74112.65879,8700,0,,,,,,
4953,72542.17357,76910.58568,80794.32384,83764.45752,8700,0,,,,,,
4954,77131.98152,81776.78695,85906.25269,89064.30937,8700,0,,,,,,
4955,78942.58691,83696.42506,87922.82638,91155.01566,8700,0,,,,,,
4956,79498.81103,84286.14441,88542.32465,91797.28772,8700,0,,,,,,
4957,78276.07698,82989.77862,87180.49655,90385.39655,8700,0,,,,,,
4958,80879.78124,85750.27517,90080.38933,93391.89421,8700,0,,,,,,
4959,82399.80749,87361.83577,91773.32858,95147.06872,8700,0,,,,,,
4960,83588.97628,88622.61503,93097.77315,96520.20209,8700,0,,,,,,
4961,85188.60011,90318.5665,94879.36474,98367.28794,8700,0,,,,,,
4962,85760.16834,90924.55396,95515.95262,99027.27785,8700,0,,,,,,
4963,84941.17628,90056.24307,94603.79482,98081.58761,8700,0,,,,,,
4964,84000.39033,89058.804,93555.98826,96995.26194,8700,0,,,,,,
4965,81276.81018,86171.21276,90522.58292,93850.34358,8700,0,,,,,,
4966,76655.355,81271.4585,85375.40676,88513.94867,8700,0,,,,,,
4967,71563.02733,75872.4763,79703.79326,82633.83722,8700,0,,,,,,
4968,68677.37499,72813.05306,76489.87896,79301.77408,8700,0,,,,,,
4969,64051.12477,67908.215,71337.36229,73959.84233,8700,0,,,,,,
4970,61552.91129,65259.56178,68554.96056,71075.1549,8700,0,,,,,,
4971,59881.36192,63487.35349,66693.26144,69145.01661,8700,0,,,,,,
4972,58914.68277,62462.46196,65616.61616,68028.79207,8700,0,,,,,,
4973,58819.74107,62361.80297,65510.87422,67919.16288,8700,0,,,,,,
4974,59332.80987,62905.76822,66082.30798,68511.60349,8700,0,,,,,,
4975,62121.60249,65862.49895,69188.34413,71731.8227,8700,0,,,,,,
4976,66840.8764,70865.96249,74444.46655,77181.16891,8700,0,,,,,,
4977,73715.03925,78154.08008,82100.61072,85118.76568,8700,0,,,,,,
4978,78097.70166,82800.66173,86981.82986,90179.42655,8700,0,,,,,,
4979,80172.03401,84999.90815,89292.13118,92574.65839,8700,0,,,,,,
4980,81119.53302,86004.46454,90347.41445,93668.73562,8700,0,,,,,,
4981,80167.23897,84994.82436,89286.79068,92569.12156,8700,0,,,,,,
4982,83061.52238,88063.39842,92510.3179,95911.151,8700,0,,,,,,
4983,84475.09884,89562.09895,94084.698,97543.40792,8700,0,,,,,,
4984,85296.00891,90432.44334,94998.99199,98491.31289,8700,0,,,,,,
4985,86838.09231,92067.38936,96716.49754,100271.9568,8700,0,,,,,,
4986,87404.86551,92668.29303,97347.74493,100926.4099,8700,0,,,,,,
4987,86524.497,91734.90967,96367.2287,99909.84825,8700,0,,,,,,
4988,85302.72196,90439.56065,95006.4687,98499.06445,8700,0,,,,,,
4989,82488.03614,87455.37746,91871.59382,95248.94636,8700,0,,,,,,
4990,77785.06535,82469.19879,86633.62911,89818.42536,8700,0,,,,,,
4991,72562.31272,76931.93759,80816.75395,83787.7122,8700,0,,,,,,
4992,69748.58591,73948.77116,77682.94718,80538.70147,8700,0,,,,,,
4993,65015.8859,68931.07301,72411.87135,75073.85214,8700,0,,,,,,
4994,62280.79767,66031.2807,69365.64881,71915.6454,8700,0,,,,,,
4995,60634.18249,64285.50811,67531.72031,70014.29863,8700,0,,,,,,
4996,59533.24235,63118.27053,66305.54097,68743.0429,8700,0,,,,,,
4997,59288.69554,62858.99738,66033.17535,68460.66467,8700,0,,,,,,
4998,60207.42434,63833.05104,67056.4156,69521.52093,8700,0,,,,,,
4999,63071.01952,66869.08886,70245.76361,72828.11467,8700,0,,,,,,
5000,67633.97527,71706.82093,75327.78564,78096.96029,8700,0,,,,,,
5001,74371.95911,78850.55895,82832.25954,85877.31113,8700,0,,,,,,
5002,78346.0845,83064.00192,87258.46789,90466.23425,8700,0,,,,,,
5003,80366.71245,85206.30992,89508.95558,92799.45361,8700,0,,,,,,
5004,81334.35061,86232.21822,90586.66896,93916.78552,8700,0,,,,,,
5005,80361.91741,85201.22613,89503.61507,92793.91678,8700,0,,,,,,
5006,82970.41671,87966.80647,92408.84836,95805.95127,8700,0,,,,,,
5007,84313.98564,89391.28368,93905.25711,97357.37049,8700,0,,,,,,
5008,85133.93671,90260.61133,94818.48301,98304.1681,8700,0,,,,,,
5009,86249.26196,91443.10027,96060.68386,99592.03432,8700,0,,,,,,
5010,86540.80012,91752.19455,96385.38641,99928.67347,8700,0,,,,,,
5011,85606.72721,90761.87277,95345.05655,98850.09935,8700,0,,,,,,
5012,84758.96494,89863.05916,94400.85573,97871.18815,8700,0,,,,,,
5013,82278.97259,87233.72432,91638.74791,95007.54065,8700,0,,,,,,
5014,77953.8506,82648.14811,86821.61479,90013.32171,8700,0,,,,,,
5015,72633.27925,77007.17765,80895.79339,83869.65726,8700,0,,,,,,
5016,69539.52236,73727.11802,77450.10127,80297.29577,8700,0,,,,,,
5017,64976.56661,68889.38596,72368.07924,75028.45015,8700,0,,,,,,
5018,62315.32193,66067.88397,69404.10044,71955.51056,8700,0,,,,,,
5019,60619.79739,64270.25676,67515.69881,69997.68815,8700,0,,,,,,
5020,59553.3815,63139.62244,66327.97108,68766.29758,8700,0,,,,,,
5021,59379.80121,62955.58933,66134.64489,68565.8644,8700,0,,,,,,
5022,60011.78689,63625.63251,66838.52311,69295.61834,8700,0,,,,,,
5023,62626.04023,66397.31339,69750.16499,72314.29703,8700,0,,,,,,
5024,67322.29796,71376.37474,74980.65298,77737.06645,8700,0,,,,,,
5025,73966.29911,78420.47054,82380.45305,85408.89547,8700,0,,,,,,
5026,77947.13755,82641.03081,86814.13809,90005.57015,8700,0,,,,,,
5027,80208.47628,85038.54494,89332.719,92616.73828,8700,0,,,,,,
5028,81223.10578,86114.27434,90462.76929,93788.3311,8700,0,,,,,,
5029,80336.98323,85174.79044,89475.84447,92765.12528,8700,0,,,,,,
5030,82972.33472,87968.83998,92410.98455,95808.16599,8700,0,,,,,,
5031,84099.16806,89163.53002,93666.00261,97109.3206,8700,0,,,,,,
5032,84702.38352,89803.07047,94337.83781,97805.85357,8700,0,,,,,,
5033,85959.64182,91136.03952,95738.11752,99257.6099,8700,0,,,,,,
5034,85763.04536,90927.60423,95519.15692,99030.59994,8700,0,,,,,,
5035,84518.25416,89607.85303,94132.76252,97593.23938,8700,0,,,,,,
5036,83923.66976,88977.4634,93470.54022,96906.67269,8700,0,,,,,,
5037,81293.1133,86188.49764,90540.74063,93869.1688,8700,0,,,,,,
5038,76710.0184,81329.41367,85436.28849,88577.0685,8700,0,,,,,,
5039,71456.57754,75759.61622,79585.23411,82510.91964,8700,0,,,,,,
5040,68348.43555,72464.30524,76123.52049,78921.94767,8700,0,,,,,,
5041,63833.43016,67677.41105,71094.90348,73708.47034,8700,0,,,,,,
5042,61282.47129,64972.83617,68253.75623,70762.87779,8700,0,,,,,,
5043,59715.4537,63311.45446,66508.48006,68953.44237,8700,0,,,,,,
5044,58652.87384,62184.88717,65325.02474,67726.48126,8700,0,,,,,,
5045,58330.64745,61843.25665,64966.14298,67354.40641,8700,0,,,,,,
5046,59046.06675,62601.75774,65762.94594,68180.50117,8700,0,,,,,,
5047,61620.04178,65330.73479,68629.72759,71152.67048,8700,0,,,,,,
5048,66011.33527,69986.46728,73520.55965,76223.29766,8700,0,,,,,,
5049,72388.73244,76747.90449,80623.42777,83587.27903,8700,0,,,,,,
5050,76050.22152,80629.88452,84701.43536,87815.20096,8700,0,,,,,,
5051,78014.26805,82712.20384,86888.90513,90083.08575,8700,0,,,,,,
5052,79217.82195,83988.23446,88229.37122,91472.8296,8700,0,,,,,,
5053,78383.48578,83103.65546,87300.12381,90509.42151,8700,0,,,,,,
5054,81098.43486,85982.09587,90323.91624,93644.37357,8700,0,,,,,,
5055,82769.02522,87753.2874,92184.54726,95573.40449,8700,0,,,,,,
5056,83841.19515,88890.02225,93378.68358,96811.43925,8700,0,,,,,,
5057,84245.89614,89319.0939,93829.42198,97278.74754,8700,0,,,,,,
5058,83496.9116,88525.00632,92995.23551,96413.89499,8700,0,,,,,,
5059,81778.37089,86702.97692,91081.19947,94429.4958,8700,0,,,,,,
5060,81375.58791,86275.93878,90632.59727,93964.40224,8700,0,,,,,,
5061,79770.21004,84573.88677,88844.59709,92110.6722,8700,0,,,,,,
5062,75751.97031,80313.67295,84369.25611,87470.81024,8700,0,,,,,,
5063,70805.41173,75069.2379,78859.9939,81759.01839,8700,0,,,,,,
5064,68334.05045,72449.05388,76107.49899,78905.33719,8700,0,,,,,,
5065,64000.29739,67854.32685,71280.75296,73901.15195,8700,0,,,,,,
5066,61018.74434,64693.22786,67960.0286,70458.35225,8700,0,,,,,,
5067,59171.69667,62734.95296,65902.86709,68325.56606,8700,0,,,,,,
5068,57805.11157,61286.07357,64380.82393,66747.57006,8700,0,,,,,,
5069,57123.25752,60563.15899,63621.40449,65960.23309,8700,0,,,,,,
5070,56871.99766,60296.76853,63341.56216,65670.1033,8700,0,,,,,,
5071,57643.03937,61114.24155,64200.31495,66560.42527,8700,0,,,,,,
5072,59108.40221,62667.84697,65832.37247,68252.47993,8700,0,,,,,,
5073,61396.59313,65093.8303,68380.86018,70894.65429,8700,0,,,,,,
5074,63437.36023,67257.49022,70653.77799,73251.12834,8700,0,,,,,,
5075,65627.73243,69579.76429,73093.31946,75780.35141,8700,0,,,,,,
5076,66701.82037,70718.53266,74289.59198,77020.6009,8700,0,,,,,,
5077,66798.68009,70821.22516,74397.47013,77132.44483,8700,0,,,,,,
5078,67684.80264,71760.70907,75384.39496,78155.65066,8700,0,,,,,,
5079,68288.97711,72401.26628,76057.29826,78853.291,8700,0,,,,,,
5080,69248.94321,73419.04051,77126.46683,79961.76398,8700,0,,,,,,
5081,70440.03002,74681.85329,78453.04761,81337.11208,8700,0,,,,,,
5082,72126.9235,76470.32969,80331.83634,83284.96821,8700,0,,,,,,
5083,73218.27357,77627.3997,81547.33467,84545.15028,8700,0,,,,,,
5084,73628.72861,78062.5719,82004.48168,85019.10277,8700,0,,,,,,
5085,72850.97386,77237.98159,81138.2522,84121.02926,8700,0,,,,,,
5086,69470.47385,73653.91149,77373.19804,80217.56544,8700,0,,,,,,
5087,65566.35597,69514.6918,73024.96102,75709.48,8700,0,,,,,,
5088,63185.14136,66990.083,70372.86756,72959.89118,8700,0,,,,,,
5089,59229.2371,62795.95841,65966.95312,68392.008,8700,0,,,,,,
5090,56419.34632,59816.85901,62837.41875,65147.42674,8700,0,,,,,,
5091,54524.3483,57807.74624,60726.85222,62959.27227,8700,0,,,,,,
5092,53356.27766,56569.33564,59425.90584,61610.50095,8700,0,,,,,,
5093,52864.30702,56047.73905,58877.9703,61042.42238,8700,0,,,,,,
5094,52738.67709,55914.54382,58738.04914,60897.35749,8700,0,,,,,,
5095,53347.6466,56560.18482,59416.29294,61600.53466,8700,0,,,,,,
5096,54477.35695,57757.92512,60674.51529,62905.01135,8700,0,,,,,,
5097,56598.68064,60006.99266,63037.15353,65354.5041,8700,0,,,,,,
5098,59220.60604,62786.8076,65957.34022,68382.04171,8700,0,,,,,,
5099,62197.36405,65942.82279,69272.72407,71819.30458,8700,0,,,,,,
5100,63129.51895,66931.11106,70310.91773,72895.66397,8700,0,,,,,,
5101,64250.59824,68119.70055,71559.52718,74190.17438,8700,0,,,,,,
5102,65338.11229,69272.70353,72770.75312,75445.927,8700,0,,,,,,
5103,65863.64817,69829.88662,73356.07217,76052.76335,8700,0,,,,,,
5104,66778.54094,70799.87326,74375.04002,77109.19015,8700,0,,,,,,
5105,66938.69513,70969.67176,74553.4128,77294.12022,8700,0,,,,,,
5106,68569.00718,72698.15946,76369.18359,79176.64176,8700,0,,,,,,
5107,69645.01314,73838.96135,77567.59232,80419.10598,8700,0,,,,,,
5108,69952.85442,74165.3405,77910.45258,80774.57035,8700,0,,,,,,
5109,68795.33286,72938.11423,76621.25531,79437.98005,8700,0,,,,,,
5110,65745.6903,69704.82545,73224.69581,75916.55738,8700,0,,,,,,
5111,62432.32079,66191.92838,69534.40869,72090.60916,8700,0,,,,,,
5112,59477.61994,63059.2986,66243.59115,68678.8157,8700,0,,,,,,
5113,55998.3422,59370.50248,62368.52264,64661.29322,8700,0,,,,,,
5114,53546.16106,56770.65361,59637.38973,61829.75933,8700,0,,,,,,
5115,52197.79709,55341.09261,58135.64047,60272.80328,8700,0,,,,,,
5116,51510.18901,54612.0775,57369.81244,59478.82214,8700,0,,,,,,
5117,51562.9344,54667.99916,57428.55797,59539.72724,8700,0,,,,,,
5118,52581.39993,55747.7956,58562.88067,60715.74953,8700,0,,,,,,
5119,55214.83341,58539.81163,61495.88456,63756.57552,8700,0,,,,,,
5120,59351.031,62925.08661,66102.60188,68532.64343,8700,0,,,,,,
5121,64800.10931,68702.30259,72171.54875,74824.69488,8700,0,,,,,,
5122,68263.08392,72373.81383,76028.45955,78823.39213,8700,0,,,,,,
5123,69568.29258,73757.62076,77482.14429,80330.51674,8700,0,,,,,,
5124,69991.2147,74206.01079,77953.17659,80818.86497,8700,0,,,,,,
5125,69051.38775,73209.58847,76906.43813,79733.64667,8700,0,,,,,,
5126,69349.63896,73525.80005,77238.61738,80078.03738,8700,0,,,,,,
5127,70451.53811,74694.05439,78465.86482,81350.40047,8700,0,,,,,,
5128,70862.95215,75130.24334,78924.07992,81825.46032,8700,0,,,,,,
5129,71375.06194,75673.19183,79494.44557,82416.79356,8700,0,,,,,,
5130,72366.67527,76724.51906,80598.86145,83561.80961,8700,0,,,,,,
5131,72024.30974,76361.53664,80217.54959,83166.48009,8700,0,,,,,,
5132,71780.72194,76103.28025,79946.25207,82885.20922,8700,0,,,,,,
5133,70082.32038,74302.60276,78054.64614,80924.06471,8700,0,,,,,,
5134,66703.73839,70720.56618,74291.72819,77022.81564,8700,0,,,,,,
5135,62611.65512,66382.06203,69734.14348,72297.68654,8700,0,,,,,,
5136,60444.29909,64084.19014,67320.23642,69795.04024,8700,0,,,,,,
5137,56912.27596,60339.47235,63386.42238,65716.61266,8700,0,,,,,,
5138,54523.38929,57806.72948,60725.78411,62958.1649,8700,0,,,,,,
5139,53090.6327,56287.69382,59130.04202,61303.76068,8700,0,,,,,,
5140,52235.19837,55380.74615,58177.2964,60315.99054,8700,0,,,,,,
5141,52266.8456,55414.29914,58212.54371,60352.5336,8700,0,,,,,,
5142,52958.28972,56147.38129,58982.64415,61150.94422,8700,0,,,,,,
5143,55334.70929,58666.9063,61629.39711,63894.99621,8700,0,,,,,,
5144,59109.36121,62668.86372,65833.44056,68253.58729,8700,0,,,,,,
5145,64272.65541,68143.08598,71584.0935,74215.64379,8700,0,,,,,,
5146,67172.69286,71217.76058,74814.02932,77564.31743,8700,0,,,,,,
5147,68997.68335,73152.65005,76846.6245,79671.63419,8700,0,,,,,,
5148,70001.76378,74217.19513,77964.9257,80831.04599,8700,0,,,,,,
5149,69852.15868,74058.58097,77798.30203,80658.29697,8700,0,,,,,,
5150,71397.1191,75696.57725,79519.01188,82442.26297,8700,0,,,,,,
5151,72250.63542,76601.49141,80469.62131,83427.81838,8700,0,,,,,,
5152,71995.53953,76331.03392,80185.50658,83133.25912,8700,0,,,,,,
5153,72833.71173,77219.67995,81119.02639,84101.09667,8700,0,,,,,,
5154,74339.35287,78815.98919,82795.94413,85839.6607,8700,0,,,,,,
5155,74033.4296,78491.64355,82455.22007,85486.41106,8700,0,,,,,,
5156,73866.56237,78314.72776,82269.37059,85293.72944,8700,0,,,,,,
5157,72499.01825,76864.83159,80746.25932,83714.62607,8700,0,,,,,,
5158,68727.24335,72865.92444,76545.42017,79359.35708,8700,0,,,,,,
5159,64351.29399,68226.46009,71671.67773,74306.44777,8700,0,,,,,,
5160,61983.50547,65716.08588,69034.53767,71572.36205,8700,0,,,,,,
5161,58076.51057,61573.81592,64683.09635,67060.95452,8700,0,,,,,,
5162,55674.19781,59026.83846,62007.50468,64287.00365,8700,0,,,,,,
5163,54388.16929,57663.36668,60575.18195,62802.02635,8700,0,,,,,,
5164,53434.91624,56652.70975,59513.49008,61701.30493,8700,0,,,,,,
5165,53290.10617,56499.17937,59352.20691,61534.09272,8700,0,,,,,,
5166,53795.50291,57035.01056,59915.09586,62117.6744,8700,0,,,,,,
5167,56012.72731,59385.75384,62384.54415,64677.90371,8700,0,,,,,,
5168,59660.79029,63253.49927,66447.59833,68890.32252,8700,0,,,,,,
5169,64795.31427,68697.2188,72166.20825,74819.15805,8700,0,,,,,,
5170,68158.55215,72262.98726,75912.0366,78702.68928,8700,0,,,,,,
5171,69895.31399,74104.33505,77846.36654,80708.12841,8700,0,,,,,,
5172,70910.90251,75181.08122,78977.48495,81880.82861,8700,0,,,,,,
5173,70621.28236,74874.02045,78654.9186,81546.40418,8700,0,,,,,,
5174,72456.82194,76820.09426,80699.2629,83665.90198,8700,0,,,,,,
5175,73765.86662,78207.96822,82157.22004,85177.45605,8700,0,,,,,,
5176,74747.88989,79249.12788,83250.95493,86311.39845,8700,0,,,,,,
5177,75946.64875,80520.07471,84586.08051,87695.60546,8700,0,,,,,,
5178,76790.575,81414.8213,85526.00893,88670.08722,8700,0,,,,,,
5179,76363.81684,80962.36422,85050.70422,88177.30951,8700,0,,,,,,
5180,76253.53102,80845.4371,84927.87266,88049.96246,8700,0,,,,,,
5181,74305.78762,78780.40268,82758.56061,85800.9029,8700,0,,,,,,
5182,70194.52421,74421.56338,78179.6139,81053.62649,8700,0,,,,,,
5183,65632.52746,69584.84807,73098.65995,75785.88823,8700,0,,,,,,
5184,62991.42193,66784.69799,70157.11127,72736.20332,8700,0,,,,,,
5185,59000.03441,62552.95338,65711.67711,68127.34762,8700,0,,,,,,
5186,56405.92022,59802.62441,62822.46534,65131.92362,8700,0,,,,,,
5187,54972.20461,58282.57198,61225.65513,63476.41201,8700,0,,,,,,
5188,54050.5988,57305.46805,60199.21059,62412.23366,8700,0,,,,,,
5189,53774.40475,57012.64189,59891.59765,62093.31235,8700,0,,,,,,
5190,54691.21553,57984.66204,60912.70169,63151.95388,8700,0,,,,,,
5191,57242.1744,60689.23692,63753.84894,66097.54643,8700,0,,,,,,
5192,61467.55966,65169.07036,68459.89962,70976.59936,8700,0,,,,,,
5193,67440.25584,71501.43592,75112.02935,77873.27243,8700,0,,,,,,
5194,71401.91414,75701.66105,79524.35239,82447.7998,8700,0,,,,,,
5195,73581.73726,78012.75078,81952.14475,84964.84185,8700,0,,,,,,
5196,75046.14109,79565.33944,83583.13417,86655.78915,8700,0,,,,,,
5197,74793.92223,79297.93223,83302.22375,86364.552,8700,0,,,,,,
5198,77128.14549,81772.71992,85901.98029,89059.87991,8700,0,,,,,,
5199,78464.04237,83189.06308,87389.84424,90602.44021,8700,0,,,,,,
5200,79381.81216,84162.09999,88412.01639,91662.18911,8700,0,,,,,,
5201,80737.84819,85599.79506,89922.31046,93228.0041,8700,0,,,,,,
5202,81721.78947,86642.98823,91018.18154,94364.16123,8700,0,,,,,,
5203,81029.38635,85908.88934,90247.013,93564.64325,8700,0,,,,,,
5204,80035.855,84855.52859,89140.46092,92417.41247,8700,0,,,,,,
5205,77582.71486,82254.66297,86408.25992,89584.77122,8700,0,,,,,,
5206,73013.04606,77409.81361,81318.76118,84308.17405,8700,0,,,,,,
5207,67924.55442,72014.89844,75651.42008,78432.49207,8700,0,,,,,,
5208,65421.5459,69361.16143,72863.67785,75542.2678,8700,0,,,,,,
5209,61099.30093,64778.63549,68049.74903,70551.37095,8700,0,,,,,,
5210,58444.7693,61964.2508,65093.24694,67486.18292,8700,0,,,,,,
5211,56902.68589,60329.30478,63375.74138,65705.539,8700,0,,,,,,
5212,55856.40915,59220.02237,62210.44377,64497.40311,8700,0,,,,,,
5213,55621.45241,58970.91679,61948.75915,64226.09853,8700,0,,,,,,
5214,56213.15979,59598.25615,62607.77714,64909.34312,8700,0,,,,,,
5215,58611.63653,62141.1666,65279.09642,67678.86454,8700,0,,,,,,
5216,62890.72618,66677.93845,70044.96071,72619.92993,8700,0,,,,,,
5217,69039.87967,73197.38739,76893.62093,79720.35828,8700,0,,,,,,
5218,72876.86705,77265.43404,81167.09091,84150.92813,8700,0,,,,,,
5219,75337.67925,79874.43372,83907.83671,86992.4283,8700,0,,,,,,
5220,76898.9428,81529.71489,85646.70428,88795.21953,8700,0,,,,,,
5221,76710.97741,81330.43043,85437.35659,88578.17587,8700,0,,,,,,
5222,78633.78663,83369.02916,87578.89803,90798.44393,8700,0,,,,,,
5223,78921.48876,83674.05641,87899.32817,91130.65362,8700,0,,,,,,
5224,78612.68847,83346.66049,87555.39981,90774.08189,8700,0,,,,,,
5225,78990.53727,83747.26294,87976.23141,91210.38395,8700,0,,,,,,
5226,78847.64521,83595.76608,87817.08443,91045.38646,8700,0,,,,,,
5227,77276.79159,81930.31733,86067.53586,89231.52158,8700,0,,,,,,
5228,76733.99358,81354.83261,85462.991,88604.75264,8700,0,,,,,,
5229,74875.43783,79384.35662,83393.01229,86458.67807,8700,0,,,,,,
5230,71025.02435,75302.07536,79104.5889,82012.60511,8700,0,,,,,,
5231,66444.80647,70446.04165,74003.34105,76723.82691,8700,0,,,,,,
5232,63941.79796,67792.30465,71215.59883,73833.60265,8700,0,,,,,,
5233,60287.98093,63918.45866,67146.13604,69614.53964,8700,0,,,,,,
5234,57624.81823,61094.92315,64180.02103,66539.38531,8700,0,,,,,,
5235,55947.51483,59316.61434,62311.91332,64602.60285,8700,0,,,,,,
5236,54920.41823,58227.66708,61167.97771,63416.61427,8700,0,,,,,,
5237,54588.60178,57875.869,60798.41495,63033.46577,8700,0,,,,,,
5238,54584.76575,57871.80197,60794.14255,63029.03631,8700,0,,,,,,
5239,55528.42873,58872.29132,61845.15341,64118.68408,8700,0,,,,,,
5240,56891.17781,60317.10369,63362.92418,65692.25062,8700,0,,,,,,
5241,59053.7388,62609.89179,65771.49073,68189.36009,8700,0,,,,,,
5242,61227.80788,64914.88099,68192.8745,70699.75794,8700,0,,,,,,
5243,63759.58661,67599.12072,71012.65974,73623.20318,8700,0,,,,,,
5244,65120.41768,69041.89959,72528.29431,75194.555,8700,0,,,,,,
5245,65050.41016,68967.67629,72450.32298,75113.71731,8700,0,,,,,,
5246,66835.12236,70859.86195,74438.05795,77174.52472,8700,0,,,,,,
5247,68337.88647,72453.12091,76111.77138,78909.76664,8700,0,,,,,,
5248,69928.87924,74139.92156,77883.75006,80746.88621,8700,0,,,,,,
5249,70336.45726,74572.04349,78337.69277,81217.5166,8700,0,,,,,,
5250,70732.52719,74991.96433,78778.81826,81674.8586,8700,0,,,,,,
5251,71479.59371,75784.0184,79610.86852,82537.49641,8700,0,,,,,,
5252,72126.9235,76470.32969,80331.83634,83284.96821,8700,0,,,,,,
5253,71314.64449,75609.13611,79427.15524,82347.02953,8700,0,,,,,,
5254,67986.88988,72080.98768,75720.84661,78504.47083,8700,0,,,,,,
5255,64115.37824,67976.33775,71408.92501,74034.03582,8700,0,,,,,,
5256,62040.08689,65776.07457,69097.5556,71637.69663,8700,0,,,,,,
5257,58146.51809,61648.03922,64761.06769,67141.79221,8700,0,,,,,,
5258,55445.95412,58784.85018,61753.29677,64023.45063,8700,0,,,,,,
5259,53767.6917,57005.52459,59884.12094,62085.56079,8700,0,,,,,,
5260,52734.84106,55910.47679,58733.77674,60892.92802,8700,0,,,,,,
5261,52301.36986,55450.90242,58250.99533,60392.39877,8700,0,,,,,,
5262,52414.53269,55570.87979,58377.03118,60523.0679,8700,0,,,,,,
5263,52963.08475,56152.46507,58987.98465,61156.48104,8700,0,,,,,,
5264,54059.22986,57314.61887,60208.82349,62422.19995,8700,0,,,,,,
5265,55823.80291,59185.45262,62174.12835,64459.75268,8700,0,,,,,,
5266,58673.97199,62207.25583,65348.52295,67750.8433,8700,0,,,,,,
5267,62110.09441,65850.29787,69175.52693,71718.53432,8700,0,,,,,,
5268,64424.17853,68303.73366,71752.85337,74390.60756,8700,0,,,,,,
5269,65547.17583,69494.35666,73003.59901,75687.33269,8700,0,,,,,,
5270,66159.98137,70144.06469,73686.11522,76394.93933,8700,0,,,,,,
5271,66157.10434,70141.01441,73682.91091,76391.61723,8700,0,,,,,,
5272,65820.49285,69784.13253,73308.00765,76002.93189,8700,0,,,,,,
5273,65171.24505,69095.78773,72584.90363,75253.24537,8700,0,,,,,,
5274,65925.02463,69894.95911,73424.4306,76123.63475,8700,0,,,,,,
5275,66808.27016,70831.39274,74408.15113,77143.51848,8700,0,,,,,,
5276,67323.25697,71377.3915,74981.72109,77738.17382,8700,0,,,,,,
5277,66433.29839,70433.84057,73990.52385,76710.53853,8700,0,,,,,,
5278,63913.02775,67761.80193,71183.55582,73800.38169,8700,0,,,,,,
5279,60936.26973,64605.78672,67868.17196,70363.1188,8700,0,,,,,,
5280,58305.71327,61816.82097,64938.37237,67325.61491,8700,0,,,,,,
5281,55038.3761,58352.72825,61299.35407,63552.82024,8700,0,,,,,,
5282,52916.0934,56102.64395,58935.64772,61102.22012,8700,0,,,,,,
5283,51662.67113,54773.74193,57539.64041,59654.89326,8700,0,,,,,,
5284,51142.88929,54222.65939,56960.72996,59054.7011,8700,0,,,,,,
5285,51359.62489,54452.44657,57202.12066,59304.96573,8700,0,,,,,,
5286,52755.93922,55932.84546,58757.27495,60917.29007,8700,0,,,,,,
5287,56033.82547,59408.12251,62408.04236,64702.26576,8700,0,,,,,,
5288,61271.92221,64961.65184,68242.00712,70750.69677,8700,0,,,,,,
5289,68485.57357,72609.70157,76276.25886,79080.30096,8700,0,,,,,,
5290,72346.53613,76703.16716,80576.43135,83538.55494,8700,0,,,,,,
5291,73877.11145,78325.91209,82281.1197,85305.91047,8700,0,,,,,,
5292,74457.31074,78941.05036,82927.32048,85975.86667,8700,0,,,,,,
5293,73154.0201,77559.27695,81475.77195,84470.95679,8700,0,,,,,,
5294,75987.88606,80563.79529,84632.00883,87743.22219,8700,0,,,,,,
5295,78165.79117,82872.85152,87057.665,90258.04951,8700,0,,,,,,
5296,79751.9889,84554.56838,88824.30318,92089.63224,8700,0,,,,,,
5297,81092.68082,85975.99533,90317.50764,93637.72938,8700,0,,,,,,
5298,81280.64621,86175.2798,90526.85533,93854.77304,8700,0,,,,,,
5299,80125.04266,84950.08704,89239.79426,92520.39747,8700,0,,,,,,
5300,79050.95472,83811.31867,88043.52174,91280.14798,8700,0,,,,,,
5301,76471.22563,81076.24105,85170.33146,88301.33446,8700,0,,,,,,
5302,72310.09386,76664.53038,80535.84354,83496.47505,8700,0,,,,,,
5303,67754.81016,71834.93236,75462.3663,78236.48835,8700,0,,,,,,
5304,65557.72491,69505.54099,73015.34812,75699.51372,8700,0,,,,,,
5305,61405.2242,65102.98113,68390.47309,70904.62059,8700,0,,,,,,
5306,59198.54887,62763.42217,65932.7739,68356.57229,8700,0,,,,,,
5307,57791.68547,61271.83896,64365.87052,66732.06694,8700,0,,,,,,
5308,56932.41511,60360.82426,63408.85249,65739.86734,8700,0,,,,,,
5309,56779.93298,60199.15982,63239.02452,65563.7962,8700,0,,,,,,
5310,57559.60575,61025.78365,64107.3902,66464.08445,8700,0,,,,,,
5311,60262.08774,63891.00621,67117.29733,69584.64077,8700,0,,,,,,
5312,64728.18377,68626.04577,72091.44121,74741.64245,8700,0,,,,,,
5313,71329.98861,75625.40424,79444.24485,82364.74738,8700,0,,,,,,
5314,75056.69017,79576.52378,83594.88327,86667.97017,8700,0,,,,,,
5315,76585.34748,81197.2352,85297.43543,88433.11097,8700,0,,,,,,
5316,77465.71599,82130.61856,86277.95166,89449.67261,8700,0,,,,,,
5317,75934.18166,80506.85687,84572.1952,87681.20971,8700,0,,,,,,
5318,78268.40493,82981.64457,87171.95175,90376.53764,8700,0,,,,,,
5319,79952.42138,84767.07069,89047.53617,92321.07166,8700,0,,,,,,
5320,80646.74252,85503.2031,89820.84092,93122.80437,8700,0,,,,,,
5321,81397.64507,86299.3242,90657.16358,93989.87164,8700,0,,,,,,
5322,81077.3367,85959.7272,90300.41802,93620.01153,8700,0,,,,,,
5323,79768.29202,84571.85325,88842.46088,92108.45746,8700,0,,,,,,
5324,78740.23642,83481.88924,87697.45718,90921.36152,8700,0,,,,,,
5325,75895.82138,80466.18657,84529.47119,87636.91509,8700,0,,,,,,
5326,71738.52563,76058.54292,79899.25565,82836.48514,8700,0,,,,,,
5327,67198.58605,71245.21303,74842.86803,77594.2163,8700,0,,,,,,
5328,65122.33569,69043.9331,72530.43051,75196.76973,8700,0,,,,,,
5329,61209.58675,64895.5626,68172.58059,70678.718,8700,0,,,,,,
5330,59080.591,62638.361,65801.39755,68220.36633,8700,0,,,,,,
5331,57788.80845,61268.78869,64362.66622,66728.74484,8700,0,,,,,,
5332,57035.02887,60469.61731,63523.13925,65858.35546,8700,0,,,,,,
5333,56866.24362,60290.66799,63335.15356,65663.45911,8700,0,,,,,,
5334,57547.13866,61012.5658,64093.5049,66449.6887,8700,0,,,,,,
5335,60241.94859,63869.65431,67094.86722,69561.38609,8700,0,,,,,,
5336,64744.4869,68643.33066,72109.59893,74760.46768,8700,0,,,,,,
5337,70988.58208,75263.43857,79064.00108,81970.52522,8700,0,,,,,,
5338,74116.86322,78580.10146,82548.14482,85582.75187,8700,0,,,,,,
5339,75047.1001,79566.35621,83584.20227,86656.89652,8700,0,,,,,,
5340,75270.54875,79803.26069,83833.06968,86914.9127,8700,0,,,,,,
5341,73881.90648,78330.99587,82286.4602,85311.44729,8700,0,,,,,,
5342,76603.56861,81216.55358,85317.72933,88454.15091,8700,0,,,,,,
5343,77717.93486,82398.02578,86558.86208,89740.90977,8700,0,,,,,,
5344,78490.89457,83217.5323,87419.75106,90633.44645,8700,0,,,,,,
5345,80118.32961,84942.96973,89232.31756,92512.64591,8700,0,,,,,,
5346,80382.05656,85222.57804,89526.04518,92817.17146,8700,0,,,,,,
5347,79035.6106,83795.05054,88026.43212,91262.43013,8700,0,,,,,,
5348,78460.20635,83184.99606,87385.57185,90598.01076,8700,0,,,,,,
5349,76001.31216,80578.02989,84646.96224,87758.72531,8700,0,,,,,,
5350,71947.58917,76280.19604,80132.10155,83077.89083,8700,0,,,,,,
5351,67446.96888,71508.55321,75119.50604,77881.02398,8700,0,,,,,,
5352,65068.63129,68986.99468,72470.61688,75134.75725,8700,0,,,,,,
5353,61025.45739,64700.34517,67967.5053,70466.10381,8700,0,,,,,,
5354,58844.67526,62388.23867,65538.64484,67947.95439,8700,0,,,,,,
5355,57555.76972,61021.71662,64103.1178,66459.65499,8700,0,,,,,,
5356,56644.71298,60055.79701,63088.42235,65407.65765,8700,0,,,,,,
5357,56711.84348,60126.97004,63163.18939,65485.17325,8700,0,,,,,,
5358,57584.53994,61052.21935,64135.16082,66492.87597,8700,0,,,,,,
5359,60229.4815,63856.43646,67080.98191,69546.99034,8700,0,,,,,,
5360,64572.82463,68461.33107,71918.40894,74562.24923,8700,0,,,,,,
5361,71215.86676,75504.41009,79317.14089,82232.97087,8700,0,,,,,,
5362,75253.28663,79784.95907,83813.84388,86894.98013,8700,0,,,,,,
5363,77032.24478,81671.04417,85795.17024,88949.14335,8700,0,,,,,,
5364,77715.05783,82394.9755,86555.65777,89737.58767,8700,0,,,,,,
5365,76322.57953,80918.64364,85004.77589,88129.69279,8700,0,,,,,,
5366,79307.96862,84083.80967,88329.77266,91576.92197,8700,0,,,,,,
5367,81671.9211,86590.11684,90962.64032,94306.57821,8700,0,,,,,,
5368,82636.68224,87612.97486,92037.14939,95420.58803,8700,0,,,,,,
5369,82815.05756,87802.09176,92235.81608,95626.55804,8700,0,,,,,,
5370,81676.71614,86595.20063,90967.98082,94312.11505,8700,0,,,,,,
5371,79594.71174,84387.82015,88649.1347,91908.02429,8700,0,,,,,,
5372,78593.50833,83326.32535,87534.03781,90751.93458,8700,0,,,,,,
5373,75406.72776,79947.64026,83984.73995,87072.15863,8700,0,,,,,,
5374,71059.54861,75338.67863,79143.04052,82052.47028,8700,0,,,,,,
5375,66813.0652,70836.47653,74413.49164,77149.05532,8700,0,,,,,,
5376,65039.86108,68956.49195,72438.57387,75101.53628,8700,0,,,,,,
5377,61199.99668,64885.39503,68161.89959,70667.64435,8700,0,,,,,,
5378,59107.4432,62666.83021,65831.30436,68251.37256,8700,0,,,,,,
5379,57905.80731,61392.8331,64492.97447,66863.84344,8700,0,,,,,,
5380,57014.88972,60448.2654,63500.70913,65835.10078,8700,0,,,,,,
5381,56965.02135,60395.39401,63445.16791,65777.51777,8700,0,,,,,,
5382,57807.02958,61288.10708,64382.96012,66749.78478,8700,0,,,,,,
5383,60565.13398,64212.30157,67454.81707,69934.5683,8700,0,,,,,,
5384,65346.74335,69281.85435,72780.36602,75455.89328,8700,0,,,,,,
5385,72030.06378,76367.63718,80223.95819,83173.12428,8700,0,,,,,,
5386,75002.98577,79519.58536,83535.06965,86605.9577,8700,0,,,,,,
5387,76224.76081,80814.93438,84895.82965,88016.7415,8700,0,,,,,,
5388,77105.12932,81748.31774,85876.34588,89033.30313,8700,0,,,,,,
5389,74874.47882,79383.33986,83391.94418,86457.5707,8700,0,,,,,,
5390,76797.28805,81421.9386,85533.48563,88677.83878,8700,0,,,,,,
5391,77402.42152,82063.51256,86207.45702,89376.58648,8700,0,,,,,,
5392,77595.18195,82267.88082,86422.14522,89599.16697,8700,0,,,,,,
5393,78426.6411,83149.40955,87348.18833,90559.25296,8700,0,,,,,,
5394,78069.89046,82771.17577,86950.85495,90147.31295,8700,0,,,,,,
5395,76771.39485,81394.48614,85504.64691,88647.9399,8700,0,,,,,,
5396,76109.67996,80692.92349,84767.65759,87883.85762,8700,0,,,,,,
5397,73668.0479,78104.25896,82048.2738,85064.50476,8700,0,,,,,,
5398,70162.87697,74388.01038,78144.36657,81017.08342,8700,0,,,,,,
5399,66038.18746,70014.93648,73550.46645,76254.30389,8700,0,,,,,,
5400,64180.59072,68045.47725,71481.55584,74109.33668,8700,0,,,,,,
5401,60498.96249,64142.14531,67381.11814,69858.16007,8700,0,,,,,,
5402,58348.86859,61862.57505,64986.43689,67375.44636,8700,0,,,,,,
5403,56947.75923,60377.09239,63425.94211,65757.5852,8700,0,,,,,,
5404,56024.23539,59397.95493,62397.36135,64691.19209,8700,0,,,,,,
5405,55639.67355,58990.23518,61969.05306,64247.13849,8700,0,,,,,,
5406,55786.40164,59145.79908,62132.47244,64416.56543,8700,0,,,,,,
5407,56661.0161,60073.08189,63106.58006,65426.48287,8700,0,,,,,,
5408,58417.9171,61935.78159,65063.34012,67455.17668,8700,0,,,,,,
5409,61381.24902,65077.56219,68363.77058,70876.93645,8700,0,,,,,,
5410,62832.22675,66615.91625,69979.80659,72552.38063,8700,0,,,,,,
5411,64010.84647,67865.51118,71292.50207,73913.33298,8700,0,,,,,,
5412,64107.70619,67968.20369,71400.38022,74025.17691,8700,0,,,,,,
5413,62219.42122,65966.20822,69297.29039,71844.774,8700,0,,,,,,
5414,62539.72959,66305.80522,69654.03595,72214.63412,8700,0,,,,,,
5415,62708.51484,66484.75454,69842.02163,72409.53047,8700,0,,,,,,
5416,62728.65398,66506.10643,69864.45173,72432.78514,8700,0,,,,,,
5417,63331.86945,67145.64689,70536.28694,73129.31812,8700,0,,,,,,
5418,64072.22292,67930.58366,71360.86049,73984.20437,8700,0,,,,,,
5419,64870.11682,68776.52588,72249.52008,74905.53256,8700,0,,,,,,
5420,65663.21569,69617.38431,73132.83917,75821.32394,8700,0,,,,,,
5421,64590.08675,68479.6327,71937.63474,74582.1818,8700,0,,,,,,
5422,62053.51299,65790.30918,69112.509,71653.19975,8700,0,,,,,,
5423,59141.00845,62702.41673,65868.68788,68290.13036,8700,0,,,,,,
5424,58015.13412,61508.74345,64614.73793,66990.08312,8700,0,,,,,,
5425,55141.94887,58462.53806,61414.70892,63672.41573,8700,0,,,,,,
5426,52987.05993,56177.88401,59014.68716,61184.16518,8700,0,,,,,,
5427,51621.43383,54730.02137,57493.7121,59607.27654,8700,0,,,,,,
5428,50815.86787,53875.94509,56596.5077,58677.08942,8700,0,,,,,,
5429,50664.34475,53715.29741,56427.74783,58502.12566,8700,0,,,,,,
5430,50869.57227,53932.88351,56656.32133,58739.1019,8700,0,,,,,,
5431,51059.45567,54134.20148,56867.80522,58958.36029,8700,0,,,,,,
5432,51118.91411,54197.24045,56934.02745,59027.01696,8700,0,,,,,,
5433,51497.72191,54598.85965,57355.92713,59464.42637,8700,0,,,,,,
5434,52336.85312,55488.52244,58290.51504,60433.37129,8700,0,,,,,,
5435,54029.50064,57283.09938,60175.71237,62387.87161,8700,0,,,,,,
5436,54588.60178,57875.869,60798.41495,63033.46577,8700,0,,,,,,
5437,55038.3761,58352.72825,61299.35407,63552.82024,8700,0,,,,,,
5438,56463.46064,59863.62985,62886.55136,65198.36555,8700,0,,,,,,
5439,57733.18603,61209.81675,64300.71638,66664.51763,8700,0,,,,,,
5440,58906.05171,62453.31114,65607.00326,68018.82578,8700,0,,,,,,
5441,60325.38221,63958.11221,67187.79196,69657.7269,8700,0,,,,,,
5442,62648.09739,66420.69881,69774.7313,72339.76643,8700,0,,,,,,
5443,64458.70278,68340.33692,71791.30498,74430.47272,8700,0,,,,,,
5444,65285.3669,69216.78187,72712.00759,75385.02189,8700,0,,,,,,
5445,64716.67569,68613.84469,72078.62401,74728.35407,8700,0,,,,,,
5446,62368.06732,66123.80563,69462.84596,72016.41567,8700,0,,,,,,
5447,59433.50561,63012.52775,66194.45852,68627.87687,8700,0,,,,,,
5448,57175.04391,60618.06391,63679.08192,66020.03085,8700,0,,,,,,
5449,54150.33553,57411.21082,60310.29303,62527.39968,8700,0,,,,,,
5450,52354.11525,55506.82408,58309.74086,60453.30388,8700,0,,,,,,
5451,51043.15255,54116.91661,56849.64751,58939.53507,8700,0,,,,,,
5452,50448.56815,53486.52697,56187.42522,58252.96839,8700,0,,,,,,
5453,50398.69978,53433.65558,56131.88399,58195.38537,8700,0,,,,,,
5454,51152.47936,54232.82696,56971.41096,59065.77476,8700,0,,,,,,
5455,53075.28858,56271.42569,59112.9524,61286.04282,8700,0,,,,,,
5456,55936.96575,59305.43,62300.16421,64590.42183,8700,0,,,,,,
5457,60221.80944,63848.3024,67072.4371,69538.13141,8700,0,,,,,,
5458,62985.66789,66778.59745,70150.70267,72729.55913,8700,0,,,,,,
5459,65063.83626,68981.91089,72465.27638,75129.22043,8700,0,,,,,,
5460,65664.1747,69618.40107,73133.90728,75822.4313,8700,0,,,,,,
5461,64725.30675,68622.9955,72088.23691,74738.32036,8700,0,,,,,,
5462,67351.06818,71406.87747,75012.69601,77770.28743,8700,0,,,,,,
5463,69177.01768,73342.7837,77046.35929,79878.71156,8700,0,,,,,,
5464,70155.20492,74379.87633,78135.82178,81008.2245,8700,0,,,,,,
5465,70874.46024,75142.44444,78936.89713,81838.74871,8700,0,,,,,,
5466,71129.55612,75412.90192,79221.01185,82133.30796,8700,0,,,,,,
5467,71280.12024,75572.53285,79388.70363,82307.16437,8700,0,,,,,,
5468,71502.60988,75808.42057,79636.50293,82564.07319,8700,0,,,,,,
5469,70138.9018,74362.59145,78117.66407,80989.39928,8700,0,,,,,,
5470,67091.17725,71131.33619,74723.24077,77470.19134,8700,0,,,,,,
5471,63656.97285,67490.32767,70898.37299,73504.71506,8700,0,,,,,,
5472,61159.71838,64842.69121,68117.03937,70621.13499,8700,0,,,,,,
5473,57665.09653,61137.62697,64224.88125,66585.89467,8700,0,,,,,,
5474,55918.74461,59286.11161,62279.87029,64569.38188,8700,0,,,,,,
5475,54681.62546,57974.49446,60902.02069,63140.88023,8700,0,,,,,,
5476,54097.59014,57355.28916,60251.5475,62466.49457,8700,0,,,,,,
5477,54049.63979,57304.45129,60198.14248,62411.12629,8700,0,,,,,,
5478,55154.41596,58475.7559,61428.59422,63686.81148,8700,0,,,,,,
5479,57883.75015,61369.44768,64468.40816,66838.37404,8700,0,,,,,,
5480,62644.26136,66416.63178,69770.45889,72335.33697,8700,0,,,,,,
5481,68904.65967,73054.02458,76743.01877,79564.21973,8700,0,,,,,,
5482,71653.174,75968.05151,79804.19471,82737.9296,8700,0,,,,,,
5483,72085.6862,76426.60913,80285.90803,83237.35149,8700,0,,,,,,
5484,72082.80917,76423.55885,80282.70371,83234.02938,8700,0,,,,,,
5485,71071.05669,75350.87971,79155.85772,82065.75866,8700,0,,,,,,
5486,73841.62818,78288.29206,82241.59998,85264.93793,8700,0,,,,,,
5487,75140.12379,79664.98168,83687.80802,86764.31099,8700,0,,,,,,
5488,75985.00904,80560.74502,84628.80453,87739.9001,8700,0,,,,,,
5489,77097.45727,81740.18369,85867.80108,89024.44422,8700,0,,,,,,
5490,77097.45727,81740.18369,85867.80108,89024.44422,8700,0,,,,,,
5491,75830.6089,80397.04707,84456.84036,87561.61423,8700,0,,,,,,
5492,74830.3645,79336.56902,83342.81157,86406.63189,8700,0,,,,,,
5493,71860.31953,76187.67112,80034.90441,82977.12057,8700,0,,,,,,
5494,68223.76463,72332.12677,75984.66743,78777.99014,8700,0,,,,,,
5495,64403.08037,68281.36499,71729.35516,74366.24551,8700,0,,,,,,
5496,62934.84051,66724.7093,70094.09334,72670.86875,8700,0,,,,,,
5497,59605.16788,63194.52734,66385.6485,68826.09532,8700,0,,,,,,
5498,57706.33384,61181.34755,64270.80958,66633.5114,8700,0,,,,,,
5499,56659.09809,60071.04838,63104.44386,65424.26814,8700,0,,,,,,
5500,56024.23539,59397.95493,62397.36135,64691.19209,8700,0,,,,,,
5501,56078.8988,59455.91011,62458.24308,64754.31194,8700,0,,,,,,
5502,57004.34064,60437.08107,63488.96003,65822.91976,8700,0,,,,,,
5503,59637.77412,63229.09709,66421.96392,68863.74575,8700,0,,,,,,
5504,63488.1876,67311.37836,70710.3873,73309.81871,8700,0,,,,,,
5505,68960.28208,73112.99651,76804.96859,79628.44694,8700,0,,,,,,
5506,71029.81939,75307.15915,79109.92941,82018.14195,8700,0,,,,,,
5507,71438.35641,75740.29783,79564.94021,82489.8797,8700,0,,,,,,
5508,71650.29698,75965.00123,79800.99041,82734.6075,8700,0,,,,,,
5509,70148.49187,74372.75903,78128.34507,81000.47294,8700,0,,,,,,
5510,73300.74818,77714.84084,81639.19131,84640.38372,8700,0,,,,,,
5511,75673.33173,80230.29883,84281.67188,87380.00626,8700,0,,,,,,
5512,76574.7984,81186.05086,85285.68632,88420.92995,8700,0,,,,,,
5513,77067.72805,81708.66421,85834.68997,88990.11588,8700,0,,,,,,
5514,76167.22039,80753.92894,84831.74363,87950.29957,8700,0,,,,,,
5515,74061.24081,78521.12952,82486.19499,85518.52466,8700,0,,,,,,
5516,73342.9445,77759.57818,81686.18774,84689.10782,8700,0,,,,,,
5517,70844.73102,75110.92495,78903.78602,81804.42038,8700,0,,,,,,
5518,67380.7974,71438.39696,75045.80712,77804.61577,8700,0,,,,,,
5519,63679.03001,67513.71309,70922.9393,73530.18447,8700,0,,,,,,
5520,62184.89696,65929.60495,69258.83877,71804.90883,8700,0,,,,,,
5521,58913.72377,62461.44521,65615.54807,68027.68471,8700,0,,,,,,
5522,57114.62646,60554.00818,63611.79159,65950.26681,8700,0,,,,,,
5523,56079.85781,59456.92687,62459.31118,64755.41931,8700,0,,,,,,
5524,55465.13426,58805.18533,61774.65878,64045.59794,8700,0,,,,,,
5525,55522.67468,58866.19077,61838.7448,64112.03988,8700,0,,,,,,
5526,56403.0432,59799.57414,62819.26104,65128.60152,8700,0,,,,,,
5527,58829.33114,62371.97054,65521.55522,67930.23653,8700,0,,,,,,
5528,62486.02519,66248.8668,69594.22232,72152.62164,8700,0,,,,,,
5529,67710.69584,71788.16153,75413.23368,78185.54954,8700,0,,,,,,
5530,70062.18123,74281.25085,78032.21603,80900.81003,8700,0,,,,,,
5531,71268.61215,75560.33175,79375.88642,82293.87598,8700,0,,,,,,
5532,71646.46095,75960.9342,79796.71801,82730.17804,8700,0,,,,,,
5533,69923.1252,74133.82102,77877.34146,80740.24202,8700,0,,,,,,
5534,72891.25215,77280.6854,81183.11241,84167.5386,8700,0,,,,,,
5535,74887.90492,79397.57446,83406.89759,86473.07382,8700,0,,,,,,
5536,75505.50549,80052.36628,84094.75429,87186.21728,8700,0,,,,,,
5537,75978.29599,80553.62772,84621.32783,87732.14854,8700,0,,,,,,
5538,76214.21173,80803.75005,84884.08054,88004.56047,8700,0,,,,,,
5539,75002.98577,79519.58536,83535.06965,86605.9577,8700,0,,,,,,
5540,74457.31074,78941.05036,82927.32048,85975.86667,8700,0,,,,,,
5541,71710.71442,76029.05695,79868.28073,82804.37153,8700,0,,,,,,
5542,68012.78307,72108.44013,75749.68533,78534.3697,8700,0,,,,,,
5543,64052.08377,67909.23175,71338.43038,73960.94969,8700,0,,,,,,
5544,62707.55583,66483.73778,69840.95353,72408.4231,8700,0,,,,,,
5545,59186.08178,62750.20433,65918.8886,68342.17654,8700,0,,,,,,
5546,57327.52603,60779.72834,63848.90988,66196.10197,8700,0,,,,,,
5547,56240.01199,59626.72536,62637.68396,64940.34936,8700,0,,,,,,
5548,55642.55057,58993.28546,61972.25736,64250.46058,8700,0,,,,,,
5549,55630.08348,58980.06761,61958.37206,64236.06483,8700,0,,,,,,
5550,56484.5588,59885.99852,62910.04958,65222.7276,8700,0,,,,,,
5551,58825.49511,62367.90351,65517.28282,67925.80707,8700,0,,,,,,
5552,62853.32491,66638.28491,70003.3048,72576.74268,8700,0,,,,,,
5553,68104.84775,72206.04884,75852.22297,78640.6768,8700,0,,,,,,
5554,70455.37414,74698.12142,78470.13723,81354.82994,8700,0,,,,,,
5555,71717.42747,76036.17425,79875.75744,82812.12309,8700,0,,,,,,
5556,71907.31088,76237.49224,80087.24134,83031.38149,8700,0,,,,,,
5557,70188.77016,74415.46283,78173.20529,81046.98229,8700,0,,,,,,
5558,72888.37513,77277.63513,81179.90811,84164.21651,8700,0,,,,,,
5559,74212.76393,78681.7772,82654.95486,85693.48843,8700,0,,,,,,
5560,74760.35698,79262.34572,83264.84023,86325.7942,8700,0,,,,,,
5561,76073.23769,80654.2867,84727.06977,87841.77773,8700,0,,,,,,
5562,76292.85031,80887.12416,84971.66478,88095.36445,8700,0,,,,,,
5563,74598.28478,79090.51371,83084.33125,86138.64941,8700,0,,,,,,
5564,74135.08435,78599.41984,82568.43872,85603.79181,8700,0,,,,,,
5565,72067.46506,76407.29073,80265.61411,83216.31154,8700,0,,,,,,
5566,68518.17981,72644.27132,76312.57427,79117.95139,8700,0,,,,,,
5567,64718.5937,68615.8782,72080.76021,74730.5688,8700,0,,,,,,
5568,63317.48434,67130.39553,70520.26542,73112.70763,8700,0,,,,,,
5569,59810.3954,63412.11344,66614.22201,69063.07156,8700,0,,,,,,
5570,57747.57114,61225.06811,64316.73789,66681.12812,8700,0,,,,,,
5571,56461.54263,59861.59634,62884.41517,65196.15082,8700,0,,,,,,
5572,55619.5344,58968.88328,61946.62295,64223.88381,8700,0,,,,,,
5573,55360.60249,58694.35876,61658.23583,63924.8951,8700,0,,,,,,
5574,55552.4039,58897.71025,61871.85591,64146.36821,8700,0,,,,,,
5575,56565.11539,59971.40614,62999.77001,65315.7463,8700,0,,,,,,
5576,58772.74972,62311.98185,65458.53729,67864.90196,8700,0,,,,,,
5577,62091.87327,65830.97947,69155.23302,71697.49437,8700,0,,,,,,
5578,64510.48916,68395.24182,71848.9824,74490.27046,8700,0,,,,,,
5579,66355.61881,70351.48321,73904.00771,76620.84191,8700,0,,,,,,
5580,66377.67598,70374.86864,73928.57403,76646.31133,8700,0,,,,,,
5581,64616.93895,68508.10191,71967.54156,74613.18804,8700,0,,,,,,
5582,64538.30037,68424.72779,71879.95732,74522.38406,8700,0,,,,,,
5583,64240.04916,68108.51622,71547.77807,74177.99335,8700,0,,,,,,
5584,64015.6415,67870.59497,71297.84256,73918.8698,8700,0,,,,,,
5585,63881.38051,67728.24892,71148.3085,73763.83861,8700,0,,,,,,
5586,63451.74533,67272.74157,70669.79949,73267.73882,8700,0,,,,,,
5587,63917.82278,67766.88571,71188.89632,73805.91851,8700,0,,,,,,
5588,64565.15257,68453.19701,71909.86414,74553.3903,8700,0,,,,,,
5589,63506.40874,67330.69675,70730.68122,73330.85866,8700,0,,,,,,
5590,61214.38178,64900.64638,68177.92109,70684.25482,8700,0,,,,,,
5591,58533.95696,62058.80925,65192.58028,67589.16793,8700,0,,,,,,
5592,57810.86561,61292.17411,64387.23253,66754.21425,8700,0,,,,,,
5593,54841.77965,58144.29297,61080.39347,63325.81029,8700,0,,,,,,
5594,52811.56163,55991.81739,58819.22478,60981.51727,8700,0,,,,,,
5595,51598.41766,54705.61919,57468.07768,59580.69977,8700,0,,,,,,
5596,50804.35978,53863.74399,56583.69049,58663.80103,8700,0,,,,,,
5597,50494.60049,53535.33133,56238.69404,58306.12194,8700,0,,,,,,
5598,50766.95851,53824.09046,56542.03458,58620.61378,8700,0,,,,,,
5599,51151.52035,54231.8102,56970.34286,59064.66739,8700,0,,,,,,
5600,51515.94305,54618.17804,57376.22104,59485.46633,8700,0,,,,,,
5601,52751.14418,55927.76167,58751.93444,60911.75324,8700,0,,,,,,
5602,53614.25057,56842.8434,59713.22487,61908.3823,8700,0,,,,,,
5603,55994.50617,59366.43545,62364.25023,64656.86376,8700,0,,,,,,
5604,56317.69156,59709.08271,62724.20009,65030.04597,8700,0,,,,,,
5605,55799.82773,59160.03368,62147.42584,64432.06854,8700,0,,,,,,
5606,56403.0432,59799.57414,62819.26104,65128.60152,8700,0,,,,,,
5607,57013.93071,60447.24864,63499.64103,65833.99341,8700,0,,,,,,
5608,58366.13072,61880.87669,65005.6627,67395.37895,8700,0,,,,,,
5609,59462.27582,63043.03048,66226.50153,68661.09784,8700,0,,,,,,
5610,60642.81356,64294.65894,67541.33322,70024.26492,8700,0,,,,,,
5611,62420.81271,66179.72729,69521.59149,72077.32078,8700,0,,,,,,
5612,63665.60392,67499.4785,70907.9859,73514.68136,8700,0,,,,,,
5613,62902.23427,66690.13954,70057.77792,72633.21832,8700,0,,,,,,
5614,61003.40022,64676.95974,67942.93899,70440.63439,8700,0,,,,,,
5615,58422.71213,61940.86537,65068.68062,67460.71351,8700,0,,,,,,
5616,56195.89766,59579.95452,62588.55133,64889.41054,8700,0,,,,,,
5617,53141.46007,56341.58196,59186.65134,61362.45105,8700,0,,,,,,
5618,51459.36163,54558.18935,57313.20311,59420.13175,8700,0,,,,,,
5619,50303.75808,53332.99659,56026.14205,58085.75618,8700,0,,,,,,
5620,49873.1639,52876.47249,55546.56494,57588.54902,8700,0,,,,,,
5621,50216.48844,53240.47167,55928.94491,57984.98591,8700,0,,,,,,
5622,51877.48872,55001.49561,57778.89492,59902.94316,8700,0,,,,,,
5623,55590.76419,58938.38056,61914.57994,64190.66284,8700,0,,,,,,
5624,61873.21966,65599.15877,68911.70612,71445.01501,8700,0,,,,,,
5625,70336.45726,74572.04349,78337.69277,81217.5166,8700,0,,,,,,
5626,74243.45216,78714.31345,82689.13408,85728.92413,8700,0,,,,,,
5627,75163.13996,79689.38386,83713.44243,86790.88776,8700,0,,,,,,
5628,75072.99329,79593.80866,83613.04098,86686.79539,8700,0,,,,,,
5629,73384.1818,77803.29874,81732.11606,84736.72453,8700,0,,,,,,
5630,75608.11925,80161.15933,84209.04105,87304.70541,8700,0,,,,,,
5631,76081.86875,80663.43752,84736.68267,87851.74402,8700,0,,,,,,
5632,75528.52166,80076.76846,84120.38871,87212.79406,8700,0,,,,,,
5633,75627.29939,80181.49448,84230.40305,87326.85272,8700,0,,,,,,
5634,73985.47925,78440.80568,82401.81505,85431.04278,8700,0,,,,,,
5635,72309.13485,76663.51362,80534.77543,83495.36768,8700,0,,,,,,
5636,71258.06307,75549.14742,79364.13731,82281.69495,8700,0,,,,,,
5637,68557.4991,72685.95837,76356.36639,79163.35338,8700,0,,,,,,
5638,65340.0303,69274.73704,72772.88932,75448.14172,8700,0,,,,,,
5639,62251.06845,65999.76121,69332.5377,71881.31706,8700,0,,,,,,
5640,60907.49951,64575.28399,67836.12894,70329.89783,8700,0,,,,,,
5641,57696.74377,61171.17997,64260.12858,66622.43774,8700,0,,,,,,
5642,56104.79199,59483.36256,62487.08179,64784.21081,8700,0,,,,,,
5643,54962.61454,58272.40441,61214.97413,63465.33836,8700,0,,,,,,
5644,54477.35695,57757.92512,60674.51529,62905.01135,8700,0,,,,,,
5645,54731.49383,58027.36585,60957.56191,63198.46324,8700,0,,,,,,
5646,55763.38546,59121.39689,62106.83802,64389.98865,8700,0,,,,,,
5647,58877.2815,62422.80842,65574.96025,67985.60482,8700,0,,,,,,
5648,64334.03186,68208.15845,71652.45192,74286.51519,8700,0,,,,,,
5649,71493.97882,75799.26976,79626.89003,82554.1069,8700,0,,,,,,
5650,75246.57358,79777.84176,83806.36717,86887.22857,8700,0,,,,,,
5651,76445.33244,81048.7886,85141.49275,88271.43559,8700,0,,,,,,
5652,76387.79202,80987.78316,85077.40673,88204.99366,8700,0,,,,,,
5653,74445.80265,78928.84927,82914.50327,85962.57827,8700,0,,,,,,
5654,76430.94734,81033.53725,85125.47125,88254.82511,8700,0,,,,,,
5655,77605.73103,82279.06515,86433.89433,89611.348,8700,0,,,,,,
5656,77536.68252,82205.85862,86356.9911,89531.61767,8700,0,,,,,,
5657,77910.69528,82602.39402,86773.55027,89963.49026,8700,0,,,,,,
5658,77162.66975,81809.3232,85940.43191,89099.74508,8700,0,,,,,,
5659,75861.29712,80429.5833,84491.01957,87597.04993,8700,0,,,,,,
5660,74923.38819,79435.1945,83446.41732,86514.04636,8700,0,,,,,,
5661,71663.72307,75979.23583,79815.94381,82750.11061,8700,0,,,,,,
5662,67964.83272,72057.60226,75696.28031,78479.00143,8700,0,,,,,,
5663,64402.12136,68280.34823,71728.28705,74365.13814,8700,0,,,,,,
5664,62895.52122,66683.02224,70050.30122,72625.46676,8700,0,,,,,,
5665,59434.46462,63013.54451,66195.52662,68628.98424,8700,0,,,,,,
5666,57521.24547,60985.11335,64064.66619,66419.78983,8700,0,,,,,,
5667,56434.69043,59833.12713,62854.50835,65165.14458,8700,0,,,,,,
5668,55841.06504,59203.75425,62193.35416,64479.68527,8700,0,,,,,,
5669,55932.17071,59300.34621,62294.8237,64584.885,8700,0,,,,,,
5670,57072.43015,60509.27085,63564.79517,65901.54272,8700,0,,,,,,
5671,59952.32845,63562.59355,66772.30088,69226.96168,8700,0,,,,,,
5672,65303.58803,69236.10026,72732.3015,75406.06183,8700,0,,,,,,
5673,72546.0096,76914.65271,80798.59625,83768.88698,8700,0,,,,,,
5674,76299.56336,80894.24146,84979.14148,88103.11601,8700,0,,,,,,
5675,76971.82734,81606.98846,85727.87992,88879.37932,8700,0,,,,,,
5676,76365.73485,80964.39773,85052.84041,88179.52424,8700,0,,,,,,
5677,74077.54393,78538.4144,82504.3527,85537.34988,8700,0,,,,,,
5678,76423.27528,81025.40318,85116.92645,88245.96618,8700,0,,,,,,
5679,76947.85216,81581.56952,85701.1774,88851.69518,8700,0,,,,,,
5680,76536.43812,81145.38057,85242.96231,88376.63533,8700,0,,,,,,
5681,76545.06918,81154.53138,85252.5752,88386.60162,8700,0,,,,,,
5682,75485.36634,80031.01437,84072.32418,87162.9626,8700,0,,,,,,
5683,73811.89896,78256.77257,82208.48886,85230.6096,8700,0,,,,,,
5684,73610.50747,78043.2535,81984.18776,84998.06282,8700,0,,,,,,
5685,71175.58846,75461.70627,79272.28067,82186.46151,8700,0,,,,,,
5686,67671.37654,71746.47446,75369.44155,78140.14754,8700,0,,,,,,
5687,64206.48392,68072.92971,71510.39456,74139.23557,8700,0,,,,,,
5688,62807.29257,66589.48056,69952.03598,72523.58913,8700,0,,,,,,
5689,59250.33526,62818.32708,65990.45134,68416.37005,8700,0,,,,,,
5690,57250.80547,60698.38775,63763.46186,66107.51273,8700,0,,,,,,
5691,56257.27412,59645.027,62656.90977,64960.28195,8700,0,,,,,,
5692,55693.37795,59047.17361,62028.86669,64309.15096,8700,0,,,,,,
5693,55754.7544,59112.24608,62097.22512,64380.02236,8700,0,,,,,,
5694,56666.77015,60079.18244,63112.98867,65433.12707,8700,0,,,,,,
5695,59191.83582,62756.30487,65925.2972,68348.82073,8700,0,,,,,,
5696,63471.88448,67294.09348,70692.2296,73290.99349,8700,0,,,,,,
5697,69470.47385,73653.91149,77373.19804,80217.56544,8700,0,,,,,,
5698,72218.02917,76566.92165,80433.30588,83390.16794,8700,0,,,,,,
5699,72760.82719,77142.40639,81037.85075,84016.93688,8700,0,,,,,,
5700,72119.25144,76462.19563,80323.29153,83276.10928,8700,0,,,,,,
5701,70742.11726,75002.1319,78789.49926,81685.93226,8700,0,,,,,,
5702,73603.79442,78036.1362,81976.71106,84990.31126,8700,0,,,,,,
5703,75744.29826,80305.53889,84360.71132,87461.95133,8700,0,,,,,,
5704,76405.05414,81006.08479,85096.63253,88224.92623,8700,0,,,,,,
5705,78131.26691,82836.24824,87019.21338,90218.18435,8700,0,,,,,,
5706,78080.43954,82782.3601,86962.60406,90159.49397,8700,0,,,,,,
5707,76987.17145,81623.25658,85744.96952,88897.09717,8700,0,,,,,,
5708,76353.26776,80951.17988,85038.95511,88165.12849,8700,0,,,,,,
5709,73155.93811,77561.31046,81477.90814,84473.17152,8700,0,,,,,,
5710,69216.33697,73384.47076,77090.15141,79924.11355,8700,0,,,,,,
5711,65241.25257,69170.01102,72662.87497,75334.08306,8700,0,,,,,,
5712,63393.2459,67210.71937,70604.64536,73200.18952,8700,0,,,,,,
5713,59762.44504,63361.27556,66560.81698,69007.70328,8700,0,,,,,,
5714,57849.22589,61332.8444,64429.95654,66798.50887,8700,0,,,,,,
5715,56661.0161,60073.08189,63106.58006,65426.48287,8700,0,,,,,,
5716,55976.28504,59347.11706,62343.95633,64635.82382,8700,0,,,,,,
5717,55909.15454,59275.94403,62269.18929,64558.30822,8700,0,,,,,,
5718,56901.72688,60328.28802,63374.67328,65704.43164,8700,0,,,,,,
5719,59551.46348,63137.58892,66325.83487,68764.08284,8700,0,,,,,,
5720,64305.26165,68177.65573,71620.40891,74253.29422,8700,0,,,,,,
5721,70924.32861,75195.31583,78992.43836,81896.33173,8700,0,,,,,,
5722,73941.36492,78394.03484,82352.68243,85380.10396,8700,0,,,,,,
5723,74425.6635,78907.49736,82892.07316,85939.32359,8700,0,,,,,,
5724,73726.54733,78166.28116,82113.42792,85132.05406,8700,0,,,,,,
5725,71961.01527,76294.43065,80147.05496,83093.39395,8700,0,,,,,,
5726,74207.00989,78675.67666,82648.54626,85686.84424,8700,0,,,,,,
5727,75127.6567,79651.76384,83673.92272,86749.91523,8700,0,,,,,,
5728,74794.88123,79298.94898,83303.29184,86365.65936,8700,0,,,,,,
5729,74574.3096,79065.09477,83057.62874,86110.96526,8700,0,,,,,,
5730,72632.32024,77006.16088,80894.72529,83868.54989,8700,0,,,,,,
5731,70865.82917,75133.29361,78927.28422,81828.78242,8700,0,,,,,,
5732,70307.68704,74541.54076,78305.64974,81184.29562,8700,0,,,,,,
5733,67855.50591,71941.6919,75574.51685,78352.76175,8700,0,,,,,,
5734,64675.43838,68570.12411,72032.69568,74680.73734,8700,0,,,,,,
5735,61776.35994,65496.46627,68803.82797,71333.17108,8700,0,,,,,,
5736,60926.67966,64595.61915,67857.49096,70352.04515,8700,0,,,,,,
5737,57567.27781,61033.91771,64115.93501,66472.94338,8700,0,,,,,,
5738,55676.11582,59028.87197,62009.64088,64289.21838,8700,0,,,,,,
5739,54447.62773,57726.40564,60641.40418,62870.68302,8700,0,,,,,,
5740,53682.34007,56915.03318,59789.06,61987.00526,8700,0,,,,,,
5741,53500.12872,56721.84925,59586.12091,61776.60579,8700,0,,,,,,
5742,53703.43823,56937.40184,59812.55822,62011.3673,8700,0,,,,,,
5743,54462.01284,57741.65701,60657.42569,62887.29351,8700,0,,,,,,
5744,55247.43965,58574.38138,61532.19997,63794.22595,8700,0,,,,,,
5745,56513.32901,59916.50124,62942.09259,65255.94856,8700,0,,,,,,
5746,56709.92547,60124.93653,63161.05319,65482.95852,8700,0,,,,,,
5747,57562.48277,61028.83392,64110.5945,66467.40655,8700,0,,,,,,
5748,57666.05554,61138.64373,64225.94936,66587.00204,8700,0,,,,,,
5749,57765.79228,61244.38651,64337.03181,66702.16807,8700,0,,,,,,
5750,60480.74136,64122.82692,67360.82424,69837.12013,8700,0,,,,,,
5751,62043.92292,65780.1416,69101.828,71642.12609,8700,0,,,,,,
5752,62212.70817,65959.09092,69289.81368,71837.02244,8700,0,,,,,,
5753,62496.57427,66260.05113,69605.97142,72164.80266,8700,0,,,,,,
5754,62103.38136,65843.18057,69168.05023,71710.78276,8700,0,,,,,,
5755,62908.94732,66697.25685,70065.25463,72640.96988,8700,0,,,,,,
5756,63636.8337,67468.97577,70875.94288,73481.46038,8700,0,,,,,,
5757,62602.06505,66371.89445,69723.46248,72286.61288,8700,0,,,,,,
5758,60453.88916,64094.35771,67330.91742,69806.11389,8700,0,,,,,,
5759,57803.19355,61284.04005,64378.68772,66745.35532,8700,0,,,,,,
5760,56752.12178,60169.67386,63208.04961,65531.68261,8700,0,,,,,,
5761,53621.92263,56850.97746,59721.76968,61917.24123,8700,0,,,,,,
5762,51748.02276,54864.23335,57634.70135,59753.4488,8700,0,,,,,,
5763,50522.4117,53564.8173,56269.66896,58338.23554,8700,0,,,,,,
5764,49691.91156,52684.30533,55344.69395,57379.25692,8700,0,,,,,,
5765,49441.6107,52418.93162,55065.91972,57090.23448,8700,0,,,,,,
5766,49844.39368,52845.96976,55514.52192,57555.32805,8700,0,,,,,,
5767,50468.7073,53507.87888,56209.85533,58276.22307,8700,0,,,,,,
5768,51514.02503,54616.14452,57374.08484,59483.25159,8700,0,,,,,,
5769,53134.74702,56334.46466,59179.17463,61354.69949,8700,0,,,,,,
5770,54930.96731,58238.85141,61179.72682,63428.7953,8700,0,,,,,,
5771,56537.30419,59941.92018,62968.7951,65283.63271,8700,0,,,,,,
5772,55795.99171,59155.96666,62143.15344,64427.63909,8700,0,,,,,,
5773,54786.15724,58085.32104,61018.44365,63261.58309,8700,0,,,,,,
5774,54843.69766,58146.32648,61082.52967,63328.02502,8700,0,,,,,,
5775,55751.87738,59109.19581,62094.02082,64376.70026,8700,0,,,,,,
5776,56865.28462,60289.65124,63334.08547,65662.35175,8700,0,,,,,,
5777,58347.90958,61861.55829,64985.36879,67374.33899,8700,0,,,,,,
5778,60069.32731,63686.63796,66902.60913,69362.06028,8700,0,,,,,,
5779,61827.18732,65550.35442,68860.4373,71391.86146,8700,0,,,,,,
5780,62899.35725,66687.08927,70054.57362,72629.89623,8700,0,,,,,,
5781,62023.78377,65758.78969,69079.39789,71618.87141,8700,0,,,,,,
5782,59985.8937,63598.18006,66809.68439,69265.71947,8700,0,,,,,,
5783,57526.0405,60990.19713,64070.00668,66425.32666,8700,0,,,,,,
5784,55537.05979,58881.44213,61854.76631,64128.65036,8700,0,,,,,,
5785,52746.34915,55922.67788,58746.59395,60906.21641,8700,0,,,,,,
5786,50859.9822,53922.71593,56645.64033,58728.02825,8700,0,,,,,,
5787,49922.07326,52928.32712,55601.03806,57645.02467,8700,0,,,,,,
5788,49516.41326,52498.23871,55149.23156,57176.60901,8700,0,,,,,,
5789,49611.35496,52598.8977,55254.97351,57286.2382,8700,0,,,,,,
5790,51104.529,54181.98908,56918.00594,59010.40647,8700,0,,,,,,
5791,54416.93951,57693.86941,60607.22497,62835.24733,8700,0,,,,,,
5792,60058.77824,63675.45363,66890.86003,69349.87926,8700,0,,,,,,
5793,67106.52137,71147.60432,74740.33038,77487.9092,8700,0,,,,,,
5794,70376.73556,74614.74731,78382.55299,81264.02596,8700,0,,,,,,
5795,71928.40903,76259.86089,80110.73954,83055.74352,8700,0,,,,,,
5796,71545.7652,75854.17466,79684.56745,82613.90464,8700,0,,,,,,
5797,69610.48889,73802.35808,77529.14071,80379.24083,8700,0,,,,,,
5798,72669.72152,77045.81443,80936.38121,83911.73715,8700,0,,,,,,
5799,74583.89967,79075.26234,83068.30974,86122.03892,8700,0,,,,,,
5800,75016.41187,79533.81996,83550.02305,86621.46081,8700,0,,,,,,
5801,75757.72436,80319.7735,84375.66472,87477.45445,8700,0,,,,,,
5802,74964.62549,79478.91506,83492.34563,86561.66307,8700,0,,,,,,
5803,73628.72861,78062.5719,82004.48168,85019.10277,8700,0,,,,,,
5804,72769.45825,77151.5572,81047.46365,84026.90317,8700,0,,,,,,
5805,69931.75626,74142.97183,77886.95436,80750.2083,8700,0,,,,,,
5806,66503.3059,70508.06386,74068.49518,76791.37621,8700,0,,,,,,
5807,62904.15228,66692.17305,70059.91412,72635.43305,8700,0,,,,,,
5808,61296.85639,64988.08752,68269.77773,70779.48827,8700,0,,,,,,
5809,57815.66064,61297.25789,64392.57302,66759.75107,8700,0,,,,,,
5810,56069.30873,59445.74254,62447.56208,64743.23829,8700,0,,,,,,
5811,55089.20348,58406.6164,61355.96339,63611.51062,8700,0,,,,,,
5812,54469.6849,57749.79107,60665.97049,62896.15244,8700,0,,,,,,
5813,54580.92972,57867.73493,60789.87015,63024.60684,8700,0,,,,,,
5814,55717.35312,59072.59254,62055.5692,64336.8351,8700,0,,,,,,
5815,58522.44887,62046.60815,65179.76307,67575.87953,8700,0,,,,,,
5816,63462.29441,67283.92591,70681.54859,73279.91984,8700,0,,,,,,
5817,69429.23655,73610.19092,77327.26972,80169.94873,8700,0,,,,,,
5818,71471.92166,75775.88434,79602.32372,82528.6375,8700,0,,,,,,
5819,71784.55797,76107.34728,79950.52447,82889.63868,8700,0,,,,,,
5820,71360.67683,75657.94047,79478.42406,82400.18308,8700,0,,,,,,
5821,69467.59683,73650.86122,77369.99374,80214.24335,8700,0,,,,,,
5822,71737.56662,76057.52616,79898.18755,82835.37777,8700,0,,,,,,
5823,73109.90577,77512.5061,81426.63932,84420.01797,8700,0,,,,,,
5824,73692.02308,78129.6779,82074.97631,85092.1889,8700,0,,,,,,
5825,74481.28592,78966.4693,82954.023,86003.55081,8700,0,,,,,,
5826,73131.96293,77535.89152,81451.20563,84445.48737,8700,0,,,,,,
5827,71720.30449,76039.22452,79878.96174,82815.44518,8700,0,,,,,,
5828,71061.46662,75340.71214,79145.17672,82054.68501,8700,0,,,,,,
5829,68311.99328,72425.66846,76082.93267,78879.86777,8700,0,,,,,,
5830,65321.80917,69255.41866,72752.59541,75427.10178,8700,0,,,,,,
5831,62124.47952,65865.54923,69191.54844,71735.14481,8700,0,,,,,,
5832,60914.21256,64582.40129,67843.60564,70337.64939,8700,0,,,,,,
5833,57627.69525,61097.97343,64183.22533,66542.70741,8700,0,,,,,,
5834,55884.22036,59249.50834,62241.41868,64529.51672,8700,0,,,,,,
5835,54870.54986,58174.79569,61112.43648,63359.03126,8700,0,,,,,,
5836,54276.92447,57545.42281,60451.28229,62673.57194,8700,0,,,,,,
5837,54397.75936,57673.53425,60585.86295,62813.10001,8700,0,,,,,,
5838,55400.88078,58737.06257,61703.09604,63971.40444,8700,0,,,,,,
5839,58269.271,61778.18418,64897.78455,67283.53501,8700,0,,,,,,
5840,63554.35909,67381.53462,70784.08624,73386.22694,8700,0,,,,,,
5841,69996.00974,74211.09459,77958.5171,80824.4018,8700,0,,,,,,
5842,72940.16152,77332.54004,81237.58554,84224.01426,8700,0,,,,,,
5843,73013.04606,77409.81361,81318.76118,84308.17405,8700,0,,,,,,
5844,73217.31457,77626.38295,81546.26658,84544.04292,8700,0,,,,,,
5845,70957.89385,75230.90233,79029.82186,81935.08951,8700,0,,,,,,
5846,72980.43981,77375.24384,81282.44575,84270.5236,8700,0,,,,,,
5847,73943.28294,78396.06836,82354.81864,85382.3187,8700,0,,,,,,
5848,73802.30889,78246.605,82197.80786,85219.53594,8700,0,,,,,,
5849,74062.19982,78522.14628,82487.26309,85519.63203,8700,0,,,,,,
5850,72723.42591,77102.75284,80996.19483,83973.74962,8700,0,,,,,,
5851,71598.51059,75910.09632,79743.31298,82674.80975,8700,0,,,,,,
5852,71119.96605,75402.73434,79210.33084,82122.23431,8700,0,,,,,,
5853,68481.73754,72605.63453,76271.98646,79075.87149,8700,0,,,,,,
5854,65344.82534,69279.82084,72778.22982,75453.67856,8700,0,,,,,,
5855,62141.74164,65883.85086,69210.77424,71755.07738,8700,0,,,,,,
5856,60692.68193,64347.53033,67596.87444,70081.84794,8700,0,,,,,,
5857,57322.731,60774.64455,63843.56939,66190.56515,8700,0,,,,,,
5858,55500.61752,58842.80535,61814.17849,64086.57047,8700,0,,,,,,
5859,54674.91241,57967.37716,60894.54399,63133.12867,8700,0,,,,,,
5860,53984.42731,57235.31179,60125.51166,62335.82543,8700,0,,,,,,
5861,53952.78007,57201.75878,60090.26433,62299.28236,8700,0,,,,,,
5862,55163.04702,58484.90671,61438.20712,63696.77777,8700,0,,,,,,
5863,57819.49667,61301.32492,64396.84543,66764.18053,8700,0,,,,,,
5864,61739.91767,65457.82948,68763.24015,71291.09119,8700,0,,,,,,
5865,66691.27129,70707.34832,74277.84287,77008.41987,8700,0,,,,,,
5866,69243.18917,73412.93997,77120.05823,79955.11979,8700,0,,,,,,
5867,70290.42492,74523.23913,78286.42394,81164.36305,8700,0,,,,,,
5868,70656.76563,74911.64049,78694.43832,81587.37672,8700,0,,,,,,
5869,69291.13953,73463.77785,77173.46326,80010.48808,8700,0,,,,,,
5870,71694.4113,76011.77207,79850.12303,82785.54631,8700,0,,,,,,
5871,72785.76137,77168.84208,81065.62136,84045.72838,8700,0,,,,,,
5872,72700.40974,77078.35066,80970.56042,83947.17285,8700,0,,,,,,
5873,72919.06336,77310.17137,81214.08733,84199.65221,8700,0,,,,,,
5874,71884.29471,76213.09006,80061.60693,83004.80471,8700,0,,,,,,
5875,71115.17102,75397.65056,79204.99035,82116.69748,8700,0,,,,,,
5876,70490.8574,74735.74144,78509.65694,81395.80246,8700,0,,,,,,
5877,68008.94704,72104.3731,75745.41292,78529.94024,8700,0,,,,,,
5878,64756.95399,68656.5485,72123.48423,74774.86343,8700,0,,,,,,
5879,61633.46788,65344.9694,68644.68099,71168.1736,8700,0,,,,,,
5880,60104.81058,63724.25799,66942.12885,69403.03281,8700,0,,,,,,
5881,56659.09809,60071.04838,63104.44386,65424.26814,8700,0,,,,,,
5882,55041.25312,58355.77852,61302.55837,63556.14234,8700,0,,,,,,
5883,54000.73043,57252.59666,60143.66936,62354.65065,8700,0,,,,,,
5884,53556.71014,56781.83795,59649.13884,61841.94036,8700,0,,,,,,
5885,53704.39724,56938.4186,59813.62632,62012.47467,8700,0,,,,,,
5886,54934.80334,58242.91844,61183.99922,63433.22476,8700,0,,,,,,
5887,57500.14731,60962.74468,64041.16797,66395.42779,8700,0,,,,,,
5888,61252.74207,64941.31669,68220.64512,70728.54946,8700,0,,,,,,
5889,65633.48647,69585.86483,73099.72806,75786.9956,8700,0,,,,,,
5890,67191.873,71238.09573,74835.39133,77586.46474,8700,0,,,,,,
5891,67600.41002,71671.23441,75290.40212,78058.20249,8700,0,,,,,,
5892,67554.37768,71622.43005,75239.1333,78005.04894,8700,0,,,,,,
5893,65697.73995,69653.98759,73171.29079,75861.1891,8700,0,,,,,,
5894,68525.85186,72652.40537,76321.11907,79126.8103,8700,0,,,,,,
5895,69596.10378,73787.10672,77513.1192,80362.63034,8700,0,,,,,,
5896,70294.26095,74527.30616,78290.69635,81168.79252,8700,0,,,,,,
5897,71036.53244,75314.27645,79117.40611,82025.8935,8700,0,,,,,,
5898,70393.99768,74633.04893,78401.77879,81283.95853,8700,0,,,,,,
5899,69315.1147,73489.19677,77200.16576,80038.17221,8700,0,,,,,,
5900,68827.9391,72972.68398,76657.57073,79475.63048,8700,0,,,,,,
5901,66666.33711,70680.91263,74250.07226,76979.62837,8700,0,,,,,,
5902,63802.74193,67644.87481,71060.72426,73673.03464,8700,0,,,,,,
5903,60690.76391,64345.4968,67594.73824,70079.6332,8700,0,,,,,,
5904,59585.02873,63173.17543,66363.21839,68802.84064,8700,0,,,,,,
5905,56360.84688,59754.8368,62772.26461,65079.87743,8700,0,,,,,,
5906,54313.36674,57584.0596,60491.87011,62715.65184,8700,0,,,,,,
5907,53178.86135,56381.23551,59228.30726,61405.63831,8700,0,,,,,,
5908,52281.23071,55429.55051,58228.56522,60369.14409,8700,0,,,,,,
5909,52188.20702,55330.92503,58124.95947,60261.72962,8700,0,,,,,,
5910,52567.97383,55733.56099,58547.92726,60700.24641,8700,0,,,,,,
5911,53154.88617,56355.81657,59201.60474,61377.95417,8700,0,,,,,,
5912,53683.29908,56916.04994,59790.1281,61988.11262,8700,0,,,,,,
5913,54551.2005,57836.21545,60756.75903,62990.27851,8700,0,,,,,,
5914,54554.07752,57839.26572,60759.96333,62993.60061,8700,0,,,,,,
5915,55436.36405,58774.6826,61742.61577,64012.37698,8700,0,,,,,,
5916,55615.69837,58964.81624,61942.35055,64219.45434,8700,0,,,,,,
5917,54770.81312,58069.05291,61001.35403,63243.86523,8700,0,,,,,,
5918,56102.87398,59481.32905,62484.94559,64781.99608,8700,0,,,,,,
5919,57884.70916,61370.46444,64469.47627,66839.48141,8700,0,,,,,,
5920,59032.64065,62587.52313,65747.99253,68164.99805,8700,0,,,,,,
5921,59833.41157,63436.51562,66639.85642,69089.64834,8700,0,,,,,,
5922,59702.0276,63297.21985,66493.52666,68937.93925,8700,0,,,,,,
5923,60661.03469,64313.97732,67561.62712,70045.30487,8700,0,,,,,,
5924,61266.16817,64955.55129,68235.59852,70744.05258,8700,0,,,,,,
5925,60159.47398,63782.21316,67003.01058,69466.15265,8700,0,,,,,,
5926,58120.6249,61620.58677,64732.22898,67111.89334,8700,0,,,,,,
5927,56097.11993,59475.2285,62478.53698,64775.35188,8700,0,,,,,,
5928,55343.34036,58676.05713,61639.01002,63904.96251,8700,0,,,,,,
5929,51941.7422,55069.61836,57850.45765,59977.13666,8700,0,,,,,,
5930,49913.44219,52919.1763,55591.42515,57635.05837,8700,0,,,,,,
5931,48831.68219,51772.27387,54386.60782,56385.94995,8700,0,,,,,,
5932,48162.29524,51062.57715,53641.0737,55613.00875,8700,0,,,,,,
5933,48103.79581,51000.55495,53575.91957,55545.45945,8700,0,,,,,,
5934,48568.91425,51493.68232,54093.9483,56082.53178,8700,0,,,,,,
5935,48955.39411,51903.43559,54524.39279,56528.80012,8700,0,,,,,,
5936,48978.41028,51927.83776,54550.0272,56555.3769,8700,0,,,,,,
5937,49679.44446,52671.08747,55330.80864,57364.86116,8700,0,,,,,,
5938,51266.6012,54353.82109,57098.51492,59197.55126,8700,0,,,,,,
5939,53010.0761,56202.28619,59040.32157,61210.74196,8700,0,,,,,,
5940,53528.89894,56752.35199,59618.16393,61809.82676,8700,0,,,,,,
5941,53839.61724,57081.78141,59964.22849,62168.61322,8700,0,,,,,,
5942,54461.05383,57740.64025,60656.35758,62886.18614,8700,0,,,,,,
5943,55138.11284,58458.47103,61410.43652,63667.98627,8700,0,,,,,,
5944,55787.36064,59146.81583,62133.54053,64417.67279,8700,0,,,,,,
5945,56507.57497,59910.4007,62935.68399,65249.30437,8700,0,,,,,,
5946,57750.44816,61228.11838,64319.94219,66684.45021,8700,0,,,,,,
5947,59086.34504,62644.46155,65807.80615,68227.01052,8700,0,,,,,,
5948,59981.09866,63593.09627,66804.34389,69260.18264,8700,0,,,,,,
5949,59015.37852,62569.2215,65728.76672,68145.06547,8700,0,,,,,,
5950,57216.28121,60661.78447,63725.01023,66067.64756,8700,0,,,,,,
5951,55228.25951,58554.04623,61510.83796,63772.07864,8700,0,,,,,,
5952,53337.09752,56549.00049,59404.54384,61588.35364,8700,0,,,,,,
5953,50677.77085,53729.53201,56442.70123,58517.62878,8700,0,,,,,,
5954,49023.48361,51975.62536,54600.22792,56607.42308,8700,0,,,,,,
5955,48072.14858,50967.00195,53540.67226,55508.91639,8700,0,,,,,,
5956,47716.35694,50589.78492,53144.40698,55098.08374,8700,0,,,,,,
5957,48255.31893,51161.20263,53744.67944,55720.42322,8700,0,,,,,,
5958,49936.45836,52943.57848,55617.05956,57661.63514,8700,0,,,,,,
5959,53114.60787,56313.11275,59156.74452,61331.44481,8700,0,,,,,,
5960,58276.94306,61786.31824,64906.32936,67292.39394,8700,0,,,,,,
5961,64812.5764,68715.52043,72185.43406,74839.09063,8700,0,,,,,,
5962,68052.10236,72150.12718,75793.47744,78579.77169,8700,0,,,,,,
5963,69059.05981,73217.72253,76914.98294,79742.50559,8700,0,,,,,,
5964,69414.85144,73594.93955,77311.24821,80153.33824,8700,0,,,,,,
5965,67650.27839,71724.1058,75345.94335,78115.7855,8700,0,,,,,,
5966,70466.88222,74710.3225,78482.95443,81368.11832,8700,0,,,,,,
5967,71727.97655,76047.35858,79887.50655,82824.30411,8700,0,,,,,,
5968,72017.59669,76354.41934,80210.07288,83158.72853,8700,0,,,,,,
5969,72334.06903,76689.94931,80562.54604,83524.15918,8700,0,,,,,,
5970,71055.71258,75334.6116,79138.76812,82048.04082,8700,0,,,,,,
5971,69980.66563,74194.82647,77941.42749,80806.68396,8700,0,,,,,,
5972,69056.18279,73214.67226,76911.77864,79739.1835,8700,0,,,,,,
5973,66190.66959,70176.60092,73720.29443,76430.37502,8700,0,,,,,,
5974,63507.36774,67331.7135,70731.74931,73331.96602,8700,0,,,,,,
5975,60548.83086,64195.0167,67436.65937,69915.74309,8700,0,,,,,,
5976,59298.28561,62869.16495,66043.85635,68471.73832,8700,0,,,,,,
5977,55912.99057,59280.01106,62273.46169,64562.73769,8700,0,,,,,,
5978,54344.05497,57616.59584,60526.04933,62751.08754,8700,0,,,,,,
5979,53396.55596,56612.03945,59470.76607,61657.01031,8700,0,,,,,,
5980,52949.65865,56138.23046,58973.03124,61140.97792,8700,0,,,,,,
5981,53244.07383,56450.37501,59300.93809,61480.93917,8700,0,,,,,,
5982,54494.61908,57776.22676,60693.7411,62924.94394,8700,0,,,,,,
5983,57224.91228,60670.9353,63734.62314,66077.61386,8700,0,,,,,,
5984,62029.53781,65764.89024,69085.80649,71625.5156,8700,0,,,,,,
5985,68474.06548,72597.50047,76263.44165,79067.01256,8700,0,,,,,,
5986,71066.26166,75345.79593,79150.51723,82060.22184,8700,0,,,,,,
5987,71194.76861,75482.04143,79293.64269,82208.60883,8700,0,,,,,,
5988,71502.60988,75808.42057,79636.50293,82564.07319,8700,0,,,,,,
5989,69742.83187,73942.67062,77676.53858,80532.05728,8700,0,,,,,,
5990,71915.94194,76246.64305,80096.85424,83041.34777,8700,0,,,,,,
5991,72653.4184,77028.52955,80918.2235,83892.91194,8700,0,,,,,,
5992,72592.04194,76963.45707,80849.86507,83822.04053,8700,0,,,,,,
5993,73071.54549,77471.83581,81383.91531,84375.72335,8700,0,,,,,,
5994,72159.52974,76504.89945,80368.15175,83322.61864,8700,0,,,,,,
5995,71473.83967,75777.91785,79604.45992,82530.85222,8700,0,,,,,,
5996,70885.96832,75154.64552,78949.71433,81852.0371,8700,0,,,,,,
5997,67928.39045,72018.96547,75655.69249,78436.92153,8700,0,,,,,,
5998,64947.7964,68858.88324,72336.03622,74995.22919,8700,0,,,,,,
5999,61905.8259,65633.72853,68948.02153,71482.66544,8700,0,,,,,,
6000,60563.21597,64210.26806,67452.68088,69932.35358,8700,0,,,,,,
6001,57041.74192,60476.73461,63530.61595,65866.10702,8700,0,,,,,,
6002,55209.07936,58533.71107,61489.47595,63749.93132,8700,0,,,,,,
6003,54181.98277,57444.76382,60345.54035,62563.94275,8700,0,,,,,,
6004,53720.70036,56955.70348,59831.78403,62031.29989,8700,0,,,,,,
6005,53900.03468,57145.83712,60031.51881,62238.37725,8700,0,,,,,,
6006,54982.75369,58293.75631,61237.40424,63488.59304,8700,0,,,,,,
6007,57603.72008,61072.5545,64156.52283,66515.02328,8700,0,,,,,,
6008,61571.13242,65278.88016,68575.25447,71096.19484,8700,0,,,,,,
6009,66410.28222,70409.43839,73964.88944,76683.96176,8700,0,,,,,,
6010,67799.8835,71882.71997,75512.56703,78288.53454,8700,0,,,,,,
6011,67695.35172,71771.8934,75396.14407,78167.83168,8700,0,,,,,,
6012,67087.34122,71127.26916,74718.96837,77465.76188,8700,0,,,,,,
6013,64735.85583,68634.17983,72099.98602,74750.50138,8700,0,,,,,,
6014,67125.70151,71167.93946,74761.69239,77510.05651,8700,0,,,,,,
6015,68732.03839,72871.00823,76550.76068,79364.89392,8700,0,,,,,,
6016,69993.13272,74208.04431,77955.3128,80821.07971,8700,0,,,,,,
6017,71372.18492,75670.14156,79491.24127,82413.47147,8700,0,,,,,,
6018,71311.76747,75606.08584,79423.95094,82343.70743,8700,0,,,,,,
6019,70727.73215,74986.88054,78773.47775,81669.32177,8700,0,,,,,,
6020,70172.46704,74398.17796,78155.04758,81028.15707,8700,0,,,,,,
6021,67659.86846,71734.27338,75356.62435,78126.85916,8700,0,,,,,,
6022,64785.7242,68687.05122,72155.52724,74808.08439,8700,0,,,,,,
6023,61734.16363,65451.72894,68756.83155,71284.447,8700,0,,,,,,
6024,60395.38973,64032.33551,67265.7633,69738.5646,8700,0,,,,,,
6025,56790.48206,60210.34415,63250.77362,65575.97723,8700,0,,,,,,
6026,55087.28546,58404.58287,61353.82719,63609.29588,8700,0,,,,,,
6027,53982.50929,57233.27827,60123.37545,62333.61069,8700,0,,,,,,
6028,53500.12872,56721.84925,59586.12091,61776.60579,8700,0,,,,,,
6029,53714.94631,56949.60293,59825.37542,62024.65569,8700,0,,,,,,
6030,54870.54986,58174.79569,61112.43648,63359.03126,8700,0,,,,,,
6031,57231.62532,60678.05259,63742.09984,66085.36541,8700,0,,,,,,
6032,60855.71313,64520.37909,67778.45152,70270.10009,8700,0,,,,,,
6033,65375.51356,69312.35707,72812.40903,75489.11425,8700,0,,,,,,
6034,66856.22052,70882.23062,74461.55616,77198.88677,8700,0,,,,,,
6035,66871.56463,70898.49873,74478.64577,77216.60462,8700,0,,,,,,
6036,66799.6391,70822.24192,74398.53823,77133.5522,8700,0,,,,,,
6037,65375.51356,69312.35707,72812.40903,75489.11425,8700,0,,,,,,
6038,68466.39343,72589.36642,76254.89685,79058.15365,8700,0,,,,,,
6039,70457.29215,74700.15493,78472.27342,81357.04466,8700,0,,,,,,
6040,71937.0401,76269.01172,80120.35245,83065.70982,8700,0,,,,,,
6041,73454.18932,77877.52204,81810.08739,84817.56223,8700,0,,,,,,
6042,73084.97159,77486.07041,81398.86871,84391.22647,8700,0,,,,,,
6043,72312.97088,76667.58065,80539.04784,83499.79714,8700,0,,,,,,
6044,71568.78137,75878.57684,79710.20186,82640.48142,8700,0,,,,,,
6045,68756.01357,72896.42717,76577.46319,79392.57806,8700,0,,,,,,
6046,65687.19087,69642.80325,73159.54169,75849.00808,8700,0,,,,,,
6047,62333.54306,66087.20236,69424.39434,71976.5505,8700,0,,,,,,
6048,60719.53412,64375.99953,67626.78125,70112.85417,8700,0,,,,,,
6049,57190.38802,60634.33202,63696.17152,66037.74869,8700,0,,,,,,
6050,55561.99398,58907.87783,61882.53693,64157.44188,8700,0,,,,,,
6051,54367.07114,57640.99802,60551.68374,62777.66431,8700,0,,,,,,
6052,53956.6161,57205.82581,60094.53674,62303.71182,8700,0,,,,,,
6053,54132.1144,57391.89243,60289.99913,62506.35973,8700,0,,,,,,
6054,55319.36518,58650.63819,61612.3075,63877.27837,8700,0,,,,,,
6055,57900.05327,61386.73255,64486.56587,66857.19925,8700,0,,,,,,
6056,62277.92065,66028.23043,69362.44451,71912.3233,8700,0,,,,,,
6057,68013.74208,72109.45689,75750.75343,78535.47707,8700,0,,,,,,
6058,70341.25229,74577.12727,78343.03326,81223.05342,8700,0,,,,,,
6059,70703.75697,74961.4616,78746.77524,81641.63763,8700,0,,,,,,
6060,70579.08605,74829.28313,78607.92218,81497.6801,8700,0,,,,,,
6061,68188.28137,72294.50675,75945.14771,78737.01761,8700,0,,,,,,
6062,70024.77995,74241.59731,77990.56011,80857.62277,8700,0,,,,,,
6063,71063.38463,75342.74565,79147.31292,82056.89973,8700,0,,,,,,
6064,71926.49102,76257.82738,80108.60334,83053.5288,8700,0,,,,,,
6065,72217.07017,76565.9049,80432.23779,83389.06058,8700,0,,,,,,
6066,71428.76634,75730.13026,79554.2592,82478.80604,8700,0,,,,,,
6067,70610.73329,74862.83613,78643.1695,81534.22317,8700,0,,,,,,
6068,69952.85442,74165.3405,77910.45258,80774.57035,8700,0,,,,,,
6069,67601.36903,71672.25117,75291.47023,78059.30986,8700,0,,,,,,
6070,64784.76519,68686.03446,72154.45914,74806.97703,8700,0,,,,,,
6071,61737.99966,65455.79597,68761.10395,71288.87646,8700,0,,,,,,
6072,60399.22575,64036.40253,67270.03569,69742.99405,8700,0,,,,,,
6073,56869.12064,60293.71826,63338.35786,65666.78121,8700,0,,,,,,
6074,54997.1388,58309.00768,61253.42575,63505.20352,8700,0,,,,,,
6075,53914.41979,57161.08849,60047.54032,62254.98774,8700,0,,,,,,
6076,53203.79553,56407.6712,59256.07787,61434.42981,8700,0,,,,,,
6077,52894.99525,56080.27529,58912.14952,61077.85809,8700,0,,,,,,
6078,53456.0144,56675.07842,59536.98829,61725.66697,8700,0,,,,,,
6079,54223.22007,57488.48439,60391.46867,62611.55946,8700,0,,,,,,
6080,54992.34376,58303.92389,61248.08524,63499.66669,8700,0,,,,,,
6081,56107.66901,59486.41283,62490.28609,64787.53291,8700,0,,,,,,
6082,55985.87511,59357.28463,62354.63733,64646.89747,8700,0,,,,,,
6083,56528.67313,59932.76937,62959.1822,65273.66642,8700,0,,,,,,
6084,56248.64305,59635.87618,62647.29686,64950.31565,8700,0,,,,,,
6085,55112.21965,58431.01857,61381.59781,63638.0874,8700,0,,,,,,
6086,56714.7205,60130.02031,63166.39369,65488.49534,8700,0,,,,,,
6087,57757.16121,61235.23569,64327.4189,66692.20177,8700,0,,,,,,
6088,58965.51015,62516.35011,65673.22549,68087.48245,8700,0,,,,,,
6089,60764.60746,64423.78713,67676.98198,70164.90036,8700,0,,,,,,
6090,61878.9737,65605.25932,68918.11472,71451.6592,8700,0,,,,,,
6091,62774.68633,66554.9108,69915.72056,72485.9387,8700,0,,,,,,
6092,63086.36363,66885.35698,70262.85321,72845.83252,8700,0,,,,,,
6093,61652.64803,65365.30456,68666.04301,71190.32092,8700,0,,,,,,
6094,59583.11072,63171.14192,66361.0822,68800.62591,8700,0,,,,,,
6095,57110.79043,60549.94115,63607.51918,65945.83734,8700,0,,,,,,
6096,55905.31851,59271.877,62264.91689,64553.87876,8700,0,,,,,,
6097,52714.70191,55889.12488,58711.34662,60869.67334,8700,0,,,,,,
6098,50841.76106,53903.39754,56625.34641,58706.98829,8700,0,,,,,,
6099,49556.69156,52540.94252,55194.09179,57223.11837,8700,0,,,,,,
6100,48958.27113,51906.48586,54527.59709,56532.12222,8700,0,,,,,,
6101,48897.85368,51842.43013,54460.30676,56462.35818,8700,0,,,,,,
6102,49243.09624,52208.46283,54844.82293,56861.00981,8700,0,,,,,,
6103,49675.60844,52667.02045,55326.53625,57360.43171,8700,0,,,,,,
6104,49510.65922,52492.13817,55142.82296,57169.96482,8700,0,,,,,,
6105,49394.61936,52369.11051,55013.58281,57035.97358,8700,0,,,,,,
6106,49339.95595,52311.15533,54952.70107,56972.85373,8700,0,,,,,,
6107,50269.23383,53296.39333,55987.69044,58045.89102,8700,0,,,,,,
6108,50656.67269,53707.16334,56419.20302,58493.26673,8700,0,,,,,,
6109,50996.1612,54067.09549,56797.31058,58885.27416,8700,0,,,,,,
6110,52522.9005,55685.77339,58497.72654,60648.20023,8700,0,,,,,,
6111,54189.65482,57452.89788,60354.08515,62572.80166,8700,0,,,,,,
6112,55888.05639,59253.57537,62245.69109,64533.94618,8700,0,,,,,,
6113,57803.19355,61284.04005,64378.68772,66745.35532,8700,0,,,,,,
6114,59522.69327,63107.0862,66293.79186,68730.86188,8700,0,,,,,,
6115,61278.63526,64968.76914,68249.48383,70758.44833,8700,0,,,,,,
6116,61867.46561,65593.05822,68905.29751,71438.37081,8700,0,,,,,,
6117,60767.48448,64426.8374,67680.18628,70168.22245,8700,0,,,,,,
6118,58907.01072,62454.3279,65608.07137,68019.93315,8700,0,,,,,,
6119,56463.46064,59863.62985,62886.55136,65198.36555,8700,0,,,,,,
6120,54489.82404,57771.14297,60688.40059,62919.4071,8700,0,,,,,,
6121,51675.13823,54786.95979,57553.52573,59669.28902,8700,0,,,,,,
6122,50027.56404,53040.17044,55718.52911,57766.83488,8700,0,,,,,,
6123,49046.49978,52000.02754,54625.86233,56633.99985,8700,0,,,,,,
6124,48675.36404,51606.5424,54212.50745,56205.44936,8700,0,,,,,,
6125,49092.53212,52048.8319,54677.13115,56687.1534,8700,0,,,,,,
6126,50660.50872,53711.23037,56423.47542,58497.69619,8700,0,,,,,,
6127,53863.59241,57107.20034,59990.93099,62196.29736,8700,0,,,,,,
6128,59148.6805,62710.55078,65877.23268,68298.98928,8700,0,,,,,,
6129,65284.40789,69215.76511,72710.93949,75383.91452,8700,0,,,,,,
6130,68066.48747,72165.37855,75809.49895,78596.38218,8700,0,,,,,,
6131,68906.57768,73056.05809,76745.15496,79566.43446,8700,0,,,,,,
6132,68897.94662,73046.90728,76735.54206,79556.46817,8700,0,,,,,,
6133,67539.99257,71607.17869,75223.11179,77988.43845,8700,0,,,,,,
6134,70650.05258,74904.52319,78686.96162,81579.62516,8700,0,,,,,,
6135,72641.91031,77016.32846,80905.40629,83879.62355,8700,0,,,,,,
6136,73614.3435,78047.32054,81988.46017,85002.49228,8700,0,,,,,,
6137,74629.93201,79124.0667,83119.57856,86175.19247,8700,0,,,,,,
6138,73677.63797,78114.42653,82058.9548,85075.57841,8700,0,,,,,,
6139,72679.31159,77055.982,80947.06222,83922.81081,8700,0,,,,,,
6140,71647.41995,75961.95095,79797.7861,82731.28539,8700,0,,,,,,
6141,68918.08577,73068.25919,76757.97217,79579.72285,8700,0,,,,,,
6142,65549.09385,69496.39018,73005.73522,75689.54743,8700,0,,,,,,
6143,61963.36632,65694.73397,69012.10756,71549.10737,8700,0,,,,,,
6144,60265.92377,63895.07325,67121.56973,69589.07023,8700,0,,,,,,
6145,56821.17029,60242.88039,63284.95284,65611.41293,8700,0,,,,,,
6146,55060.43327,58376.11367,61323.92038,63578.28966,8700,0,,,,,,
6147,54090.87709,57348.17186,60244.0708,62458.74301,8700,0,,,,,,
6148,53634.38972,56864.19531,59735.65498,61931.63698,8700,0,,,,,,
6149,53877.01851,57121.43494,60005.8844,62211.80048,8700,0,,,,,,
6150,55028.78603,58342.56067,61288.67306,63541.74659,8700,0,,,,,,
6151,57644.95738,61116.27506,64202.45114,66562.63999,8700,0,,,,,,
6152,61948.02221,65678.46585,68995.01795,71531.38953,8700,0,,,,,,
6153,67111.3164,71152.6881,74745.67088,77493.44602,8700,0,,,,,,
6154,69668.98832,73864.38029,77594.29484,80446.79013,8700,0,,,,,,
6155,70392.07967,74631.01542,78399.64259,81281.74381,8700,0,,,,,,
6156,70233.8435,74463.25044,78223.40602,81099.02848,8700,0,,,,,,
6157,68060.73342,72159.278,75803.09034,78589.73798,8700,0,,,,,,
6158,70630.87244,74884.18804,78665.59961,81557.47785,8700,0,,,,,,
6159,71571.65839,75881.62711,79713.40616,82643.80351,8700,0,,,,,,
6160,72138.43159,76482.53079,80344.65355,83298.2566,8700,0,,,,,,
6161,72962.21868,77355.92546,81262.15185,84249.48366,8700,0,,,,,,
6162,72887.41613,77276.61838,81178.84002,84163.10915,8700,0,,,,,,
6163,72252.55343,76603.52492,80471.7575,83430.0331,8700,0,,,,,,
6164,71222.57981,75511.52739,79324.6176,82240.72243,8700,0,,,,,,
6165,68394.46789,72513.1096,76174.78931,78975.10122,8700,0,,,,,,
6166,65313.1781,69246.26783,72742.9825,75417.13548,8700,0,,,,,,
6167,61823.35129,65546.28738,68856.16489,71387.432,8700,0,,,,,,
6168,60371.41455,64006.91657,67239.06078,69710.88045,8700,0,,,,,,
6169,57000.50462,60433.01405,63484.68763,65818.4903,8700,0,,,,,,
6170,55116.05568,58435.08561,61385.87021,63642.51686,8700,0,,,,,,
6171,54254.86731,57522.03739,60426.71599,62648.10254,8700,0,,,,,,
6172,53756.18362,56993.32351,59871.30374,62072.27241,8700,0,,,,,,
6173,53978.67326,57229.21123,60119.10304,62329.18123,8700,0,,,,,,
6174,55109.34263,58427.9683,61378.39351,63634.7653,8700,0,,,,,,
6175,57321.77199,60773.62779,63842.50128,66189.45778,8700,0,,,,,,
6176,60714.73909,64370.91574,67621.44075,70107.31734,8700,0,,,,,,
6177,64767.50307,68667.73284,72135.23334,74787.04445,8700,0,,,,,,
6178,65936.53271,69907.16019,73437.2478,76136.92313,8700,0,,,,,,
6179,66465.90463,70468.41032,74026.83927,76748.18896,8700,0,,,,,,
6180,65941.32775,69912.24398,73442.58831,76142.45997,8700,0,,,,,,
6181,64115.37824,67976.33775,71408.92501,74034.03582,8700,0,,,,,,
6182,67213.93016,71261.48115,74859.95763,77611.93414,8700,0,,,,,,
6183,69103.17414,73264.49338,76964.11556,79793.44442,8700,0,,,,,,
6184,70283.71187,74516.12183,78278.94724,81156.61149,8700,0,,,,,,
6185,71871.82761,76199.8722,80047.72161,82990.40895,8700,0,,,,,,
6186,71522.74903,75829.77248,79658.93304,82587.32787,8700,0,,,,,,
6187,70513.87357,74760.14362,78535.29135,81422.37924,8700,0,,,,,,
6188,69616.24293,73808.45862,77535.54931,80385.88502,8700,0,,,,,,
6189,67240.78236,71289.95036,74889.86445,77642.94038,8700,0,,,,,,
6190,64493.22704,68376.9402,71829.7566,74470.33788,8700,0,,,,,,
6191,61162.5954,64845.74148,68120.24367,70624.45708,8700,0,,,,,,
6192,59722.16675,63318.57176,66515.95677,68961.19393,8700,0,,,,,,
6193,56293.71639,59683.66378,62697.49759,65002.36184,8700,0,,,,,,
6194,54845.61568,58148.36,61084.66588,63330.23976,8700,0,,,,,,
6195,53854.96135,57098.04952,59981.31809,62186.33107,8700,0,,,,,,
6196,53238.31979,56444.27447,59294.52949,61474.29498,8700,0,,,,,,
6197,53461.76844,56681.17896,59543.39689,61732.31116,8700,0,,,,,,
6198,54591.4788,57878.91927,60801.61925,63036.78787,8700,0,,,,,,
6199,56925.70206,60353.70696,63401.37579,65732.11578,8700,0,,,,,,
6200,59978.22164,63590.046,66801.13959,69256.86055,8700,0,,,,,,
6201,63923.57682,67772.98625,71195.30492,73812.5627,8700,0,,,,,,
6202,65856.93512,69822.76932,73348.59546,76045.01179,8700,0,,,,,,
6203,66829.36832,70853.76141,74431.64935,77167.88053,8700,0,,,,,,
6204,66932.94108,70963.57121,74547.00419,77287.47601,8700,0,,,,,,
6205,65730.34619,69688.55734,73207.60621,75898.83953,8700,0,,,,,,
6206,69042.75669,73200.43766,76896.82523,79723.68038,8700,0,,,,,,
6207,70782.39556,75044.83572,78834.35949,81732.44162,8700,0,,,,,,
6208,71875.66364,76203.93923,80051.99402,82994.83841,8700,0,,,,,,
6209,72342.7001,76699.10013,80572.15895,83534.12548,8700,0,,,,,,
6210,71300.25939,75593.88475,79411.13374,82330.41905,8700,0,,,,,,
6211,70625.11839,74878.08749,78659.191,81550.83365,8700,0,,,,,,
6212,69936.5513,74148.05562,77892.29487,80755.74514,8700,0,,,,,,
6213,67246.5364,71296.0509,74896.27305,77649.58457,8700,0,,,,,,
6214,64383.90023,68261.02984,71707.99315,74344.0982,8700,0,,,,,,
6215,61143.41526,64825.40633,68098.88166,70602.30977,8700,0,,,,,,
6216,59630.10207,63220.96304,66413.41912,68854.88683,8700,0,,,,,,
6217,56244.80703,59631.80916,62643.02446,64945.8862,8700,0,,,,,,
6218,54479.27497,57759.95864,60676.6515,62907.22609,8700,0,,,,,,
6219,53579.72631,56806.24012,59674.77325,61868.51713,8700,0,,,,,,
6220,53068.57553,56264.30839,59105.4757,61278.29126,8700,0,,,,,,
6221,53121.32092,56320.23005,59164.22123,61339.19637,8700,0,,,,,,
6222,54290.35057,57559.65742,60466.2357,62689.07506,8700,0,,,,,,
6223,56784.72802,60204.24361,63244.36502,65569.33304,8700,0,,,,,,
6224,61122.3171,64803.03767,68075.38345,70577.94773,8700,0,,,,,,
6225,66583.8625,70593.47149,74158.21562,76884.39493,8700,0,,,,,,
6226,68862.46335,73009.28724,76696.02234,79515.49564,8700,0,,,,,,
6227,68892.19257,73040.80673,76729.13345,79549.82397,8700,0,,,,,,
6228,68182.52733,72288.4062,75938.73911,78730.37342,8700,0,,,,,,
6229,65419.62789,69359.12792,72861.54166,75540.05307,8700,0,,,,,,
6230,65892.41839,69860.38935,73388.11519,76085.98432,8700,0,,,,,,
6231,65990.23711,69964.09861,73497.06143,76198.93561,8700,0,,,,,,
6232,66283.69328,70275.2264,73823.90018,76537.78949,8700,0,,,,,,
6233,66353.7008,70349.4497,73901.87151,76618.62718,8700,0,,,,,,
6234,66150.39129,70133.89711,73675.43421,76383.86567,8700,0,,,,,,
6235,65976.81101,69949.86401,73482.10803,76183.43249,8700,0,,,,,,
6236,65492.51243,69436.40148,72942.71729,75624.21286,8700,0,,,,,,
6237,63856.44633,67701.81323,71120.53789,73735.04711,8700,0,,,,,,
6238,61783.07299,65503.58357,68811.30467,71340.92264,8700,0,,,,,,
6239,58951.12504,62501.09874,65657.20398,68070.87196,8700,0,,,,,,
6240,57515.49142,60979.0128,64058.25758,66413.14563,8700,0,,,,,,
6241,54276.92447,57545.42281,60451.28229,62673.57194,8700,0,,,,,,
6242,52460.56503,55619.68415,58428.3,60576.22145,8700,0,,,,,,
6243,51279.0683,54367.03895,57112.40023,59211.94702,8700,0,,,,,,
6244,50664.34475,53715.29741,56427.74783,58502.12566,8700,0,,,,,,
6245,50428.429,53465.17506,56164.9951,58229.71371,8700,0,,,,,,
6246,50873.4083,53936.95054,56660.59373,58743.53136,8700,0,,,,,,
6247,51594.58163,54701.55216,57463.80528,59576.27031,8700,0,,,,,,
6248,51868.85766,54992.34479,57769.28202,59892.97687,8700,0,,,,,,
6249,52104.7734,55242.46713,58032.03473,60165.38881,8700,0,,,,,,
6250,51497.72191,54598.85965,57355.92713,59464.42637,8700,0,,,,,,
6251,52050.11,55184.51196,57971.153,60102.26898,8700,0,,,,,,
6252,51862.14461,54985.22749,57761.80531,59885.22531,8700,0,,,,,,
6253,51506.35298,54608.01047,57365.54004,59474.39267,8700,0,,,,,,
6254,52686.89071,55859.63892,58680.37172,60837.55975,8700,0,,,,,,
6255,53288.18816,56497.14586,59350.07071,61531.87799,8700,0,,,,,,
6256,54252.94929,57520.00387,60424.57978,62645.8878,8700,0,,,,,,
6257,55970.531,59341.01652,62337.54773,64629.17963,8700,0,,,,,,
6258,57843.47185,61326.74386,64423.54794,66791.86468,8700,0,,,,,,
6259,59352.94902,62927.12013,66104.73809,68534.85817,8700,0,,,,,,
6260,59693.39653,63288.06903,66483.91374,68927.97295,8700,0,,,,,,
6261,58357.49965,61871.72587,64996.04979,67385.41265,8700,0,,,,,,
6262,56663.89313,60076.13217,63109.78437,65429.80497,8700,0,,,,,,
6263,54487.90603,57769.10946,60686.2644,62917.19238,8700,0,,,,,,
6264,53504.92376,56726.93305,59591.46142,61782.14262,8700,0,,,,,,
6265,50691.19695,53743.76662,56457.65464,58533.13189,8700,0,,,,,,
6266,48775.10077,51712.28517,54323.58989,56320.61538,8700,0,,,,,,
6267,47485.23623,50344.74637,52886.99476,54831.20862,8700,0,,,,,,
6268,46973.12645,49801.79789,52316.62912,54239.87539,8700,0,,,,,,
6269,46867.63567,49689.95457,52199.13807,54118.06517,8700,0,,,,,,
6270,47450.71198,50308.14311,52848.54315,54791.34347,8700,0,,,,,,
6271,47815.13467,50694.51094,53254.42132,55212.1424,8700,0,,,,,,
6272,47283.84474,50131.2273,52662.69366,54598.66184,8700,0,,,,,,
6273,46349.77184,49140.90553,51622.36382,53520.08774,8700,0,,,,,,
6274,45776.28559,48532.88455,50983.63973,52857.88309,8700,0,,,,,,
6275,47075.7402,49910.59093,52430.91586,54358.3635,8700,0,,,,,,
6276,47184.10801,50025.48453,52551.61122,54483.49583,8700,0,,,,,,
6277,47428.65482,50284.75769,52823.97684,54765.87406,8700,0,,,,,,
6278,48087.49269,50983.27007,53557.76186,55526.63424,8700,0,,,,,,
6279,48824.96914,51765.15656,54379.13112,56378.19839,8700,0,,,,,,
6280,50018.93297,53031.01962,55708.9162,57756.86859,8700,0,,,,,,
6281,52370.41837,55524.10895,58327.89856,60472.12909,8700,0,,,,,,
6282,54599.15085,57887.05332,60810.16405,63045.64679,8700,0,,,,,,
6283,56223.70887,59609.44049,62619.52625,64921.52415,8700,0,,,,,,
6284,56537.30419,59941.92018,62968.7951,65283.63271,8700,0,,,,,,
6285,55593.64121,58941.43083,61917.78424,64193.98494,8700,0,,,,,,
6286,54041.00872,57295.30047,60188.52957,62401.15999,8700,0,,,,,,
6287,52220.81326,55365.49478,58161.27489,60299.38005,8700,0,,,,,,
6288,50413.08489,53448.90695,56147.9055,58211.99586,8700,0,,,,,,
6289,47597.44006,50463.70699,53011.96252,54960.7704,8700,0,,,,,,
6290,45754.22843,48509.49913,50959.07342,52832.41368,8700,0,,,,,,
6291,44601.5019,47287.35664,49675.21665,51501.36021,8700,0,,,,,,
6292,43791.14091,46428.19658,48772.67176,50565.63626,8700,0,,,,,,
6293,43694.28119,46325.50407,48664.79361,50453.79233,8700,0,,,,,,
6294,44165.15368,46824.732,49189.23094,50997.50886,8700,0,,,,,,
6295,44596.70687,47282.27286,49669.87615,51495.82338,8700,0,,,,,,
6296,43944.58204,46590.87777,48943.56783,50742.81476,8700,0,,,,,,
6297,42698.83183,45270.10982,47556.10532,49304.34682,8700,0,,,,,,
6298,42222.2053,44764.78135,47025.25938,48753.9861,8700,0,,,,,,
6299,43232.03977,45835.42697,48149.96918,49920.0421,8700,0,,,,,,
6300,43468.91453,46086.56607,48413.79,50193.56142,8700,0,,,,,,
6301,44155.56361,46814.56443,49178.54994,50986.4352,8700,0,,,,,,
6302,45219.10247,47942.14846,50363.07335,52214.50367,8700,0,,,,,,
6303,45917.25964,48682.34791,51140.6505,53020.66584,8700,0,,,,,,
6304,47429.61382,50285.77444,52825.04494,54766.98142,8700,0,,,,,,
6305,49630.5351,52619.23284,55276.33552,57308.38551,8700,0,,,,,,
6306,51707.74447,54821.52954,57589.84114,59706.93945,8700,0,,,,,,
6307,53287.22915,56496.1291,59349.00261,61530.77062,8700,0,,,,,,
6308,53492.45667,56713.7152,59577.57611,61767.74687,8700,0,,,,,,
6309,52764.57028,55941.99627,58766.88785,60927.25636,8700,0,,,,,,
6310,51664.58915,54775.77545,57541.77662,59657.108,8700,0,,,,,,
6311,49970.98262,52980.18175,55655.51118,57701.50031,8700,0,,,,,,
6312,48299.43326,51207.97347,53793.81207,55771.36204,8700,0,,,,,,
6313,45677.50786,48428.15853,50873.62538,52743.82443,8700,0,,,,,,
6314,44149.80956,46808.46387,49172.14133,50979.791,8700,0,,,,,,
6315,43088.18871,45682.91335,47989.75411,49753.93726,8700,0,,,,,,
6316,42621.15226,45187.75247,47469.58919,49214.65021,8700,0,,,,,,
6317,42559.7758,45122.67998,47401.23075,49143.77881,8700,0,,,,,,
6318,43372.05481,45983.87356,48305.91185,50081.71749,8700,0,,,,,,
6319,44316.6768,46985.37968,49357.99082,51172.47263,8700,0,,,,,,
6320,45796.42474,48554.23646,51006.06984,52881.13777,8700,0,,,,,,
6321,46463.89368,49261.89966,51749.46777,53651.86424,8700,0,,,,,,
6322,46050.56162,48823.67719,51289.11646,53174.58966,8700,0,,,,,,
6323,45235.40559,47959.43334,50381.23106,52233.32888,8700,0,,,,,,
6324,44531.49439,47213.13336,49597.24532,51420.52253,8700,0,,,,,,
6325,44093.22814,46748.47518,49109.1234,50914.45643,8700,0,,,,,,
6326,43277.11311,45883.21458,48200.16991,49972.08829,8700,0,,,,,,
6327,43359.58772,45970.65572,48292.02655,50067.32174,8700,0,,,,,,
6328,44270.64446,46936.57532,49306.722,51119.31908,8700,0,,,,,,
6329,46157.97042,48937.55403,51408.74372,53298.61461,8700,0,,,,,,
6330,48792.3629,51730.58681,54342.8157,56340.54796,8700,0,,,,,,
6331,50761.20447,53817.98991,56535.62598,58613.96959,8700,0,,,,,,
6332,51452.64858,54551.07205,57305.72641,59412.38019,8700,0,,,,,,
6333,51071.92276,54147.41933,56881.69052,58972.75604,8700,0,,,,,,
6334,50342.11837,53373.6669,56068.86607,58130.05081,8700,0,,,,,,
6335,48951.55808,51899.36855,54520.12039,56524.37066,8700,0,,,,,,
6336,47509.21141,50370.16531,52913.69728,54858.89277,8700,0,,,,,,
6337,45091.55453,47806.91972,50221.016,52067.22404,8700,0,,,,,,
6338,43382.60389,45995.0579,48317.66096,50093.89851,8700,0,,,,,,
6339,42378.52346,44930.51282,47199.35976,48934.4867,8700,0,,,,,,
6340,41878.88077,44400.78218,46642.87943,48357.54922,8700,0,,,,,,
6341,41887.51183,44409.93299,46652.49233,48367.51551,8700,0,,,,,,
6342,42563.61183,45126.74701,47405.50316,49148.20827,8700,0,,,,,,
6343,43232.03977,45835.42697,48149.96918,49920.0421,8700,0,,,,,,
6344,43696.19921,46327.53759,48666.92981,50456.00707,8700,0,,,,,,
6345,43876.49254,46518.68799,48867.7327,50664.1918,8700,0,,,,,,
6346,44558.34658,47241.60256,49627.15213,51451.52875,8700,0,,,,,,
6347,45766.69552,48522.71698,50972.95872,52846.80944,8700,0,,,,,,
6348,45248.83169,47973.66794,50396.18447,52248.832,8700,0,,,,,,
6349,44753.98403,47449.02108,49845.04463,51677.43134,8700,0,,,,,,
6350,44753.98403,47449.02108,49845.04463,51677.43134,8700,0,,,,,,
6351,45404.19084,48138.38265,50569.21675,52428.22523,8700,0,,,,,,
6352,47250.2795,50095.6408,52625.31016,54559.90406,8700,0,,,,,,
6353,49859.7378,52862.23789,55531.61153,57573.0459,8700,0,,,,,,
6354,52216.01823,55360.411,58155.93439,60293.84323,8700,0,,,,,,
6355,54330.62887,57602.36123,60511.09592,62735.58442,8700,0,,,,,,
6356,54833.14858,58135.14214,61070.78056,63315.844,8700,0,,,,,,
6357,53941.27199,57189.5577,60077.44713,62285.99398,8700,0,,,,,,
6358,52588.11298,55754.9129,58570.35737,60723.50109,8700,0,,,,,,
6359,50632.69751,53681.7444,56392.5005,58465.58258,8700,0,,,,,,
6360,48800.99397,51739.73763,54352.42862,56350.51426,8700,0,,,,,,
6361,46159.88843,48939.58754,51410.87992,53300.82934,8700,0,,,,,,
6362,44461.48687,47138.91006,49519.27399,51339.68483,8700,0,,,,,,
6363,43691.40417,46322.4538,48661.58931,50450.47024,8700,0,,,,,,
6364,43406.57907,46020.47684,48344.36347,50121.58265,8700,0,,,,,,
6365,43715.37935,46347.87274,48688.29182,50478.15438,8700,0,,,,,,
6366,45175.94715,47896.39437,50315.00883,52164.67221,8700,0,,,,,,
6367,47844.86389,50726.03042,53287.53244,55246.47073,8700,0,,,,,,
6368,51249.33908,54335.51947,57079.28912,59177.61869,8700,0,,,,,,
6369,55257.02972,58584.54895,61542.88098,63805.2996,8700,0,,,,,,
6370,56989.95554,60421.82971,63472.93853,65806.30928,8700,0,,,,,,
6371,58154.19015,61656.17328,64769.6125,67150.65114,8700,0,,,,,,
6372,57816.61965,61298.27465,64393.64113,66760.85844,8700,0,,,,,,
6373,55699.13199,59053.27415,62035.27529,64315.79515,8700,0,,,,,,
6374,57784.01341,61263.7049,64357.32571,66723.20801,8700,0,,,,,,
6375,59592.70079,63181.3095,66371.7632,68811.69957,8700,0,,,,,,
6376,61742.79469,65460.87975,68766.44445,71294.41328,8700,0,,,,,,
6377,64131.68136,67993.62262,71427.08272,74052.86104,8700,0,,,,,,
6378,64177.7137,68042.42698,71478.35154,74106.01459,8700,0,,,,,,
6379,64396.36732,68274.24769,71721.87845,74358.49395,8700,0,,,,,,
6380,63406.672,67224.95397,70619.59877,73215.69263,8700,0,,,,,,
6381,61091.62888,64770.50143,68041.20424,70542.51203,8700,0,,,,,,
6382,58574.23526,62101.51306,65237.4405,67635.67729,8700,0,,,,,,
6383,55906.27752,59272.89376,62265.98499,64554.98613,8700,0,,,,,,
6384,54485.02901,57766.05919,60683.0601,62913.87028,8700,0,,,,,,
6385,51571.56546,54677.14998,57438.17087,59549.69353,8700,0,,,,,,
6386,49936.45836,52943.57848,55617.05956,57661.63514,8700,0,,,,,,
6387,49034.9917,51987.82646,54613.04513,56620.71147,8700,0,,,,,,
6388,48665.77397,51596.37483,54201.82645,56194.37571,8700,0,,,,,,
6389,48911.27978,51856.66474,54475.26016,56477.8613,8700,0,,,,,,
6390,50038.11312,53051.35478,55730.27822,57779.01591,8700,0,,,,,,
6391,52114.36347,55252.6347,58042.71573,60176.46247,8700,0,,,,,,
6392,54949.18844,58258.1698,61200.02072,63449.83524,8700,0,,,,,,
6393,58384.35185,61900.19508,65025.95661,67416.41889,8700,0,,,,,,
6394,59185.12277,62749.18756,65917.82049,68341.06917,8700,0,,,,,,
6395,59864.0998,63469.05187,66674.03564,69125.08404,8700,0,,,,,,
6396,60181.53114,63805.59858,67027.57688,69491.62205,8700,0,,,,,,
6397,59253.21228,62821.37735,65993.65564,68419.69214,8700,0,,,,,,
6398,62094.7503,65834.02975,69158.43733,71700.81647,8700,0,,,,,,
6399,63557.23611,67384.58489,70787.29054,73389.54903,8700,0,,,,,,
6400,64508.57115,68393.20831,71846.84621,74488.05573,8700,0,,,,,,
6401,66055.44959,70033.23812,73569.69226,76274.23647,8700,0,,,,,,
6402,66034.35144,70010.86946,73546.19406,76249.87444,8700,0,,,,,,
6403,65739.93626,69698.72491,73218.28721,75909.91319,8700,0,,,,,,
6404,64866.2808,68772.45886,72245.24769,74901.10311,8700,0,,,,,,
6405,62590.55696,66359.69336,69710.64526,72273.32449,8700,0,,,,,,
6406,60222.76845,63849.31916,67073.50521,69539.23878,8700,0,,,,,,
6407,57425.34476,60883.43761,63957.85614,66309.05327,8700,0,,,,,,
6408,56291.79837,59681.63026,62695.36138,65000.1471,8700,0,,,,,,
6409,53280.5161,56489.0118,59341.52591,61523.01906,8700,0,,,,,,
6410,51536.0822,54639.52995,57398.65116,59508.72101,8700,0,,,,,,
6411,50516.65766,53558.71676,56263.26036,58331.59135,8700,0,,,,,,
6412,49802.19737,52801.23243,55467.5255,57506.60396,8700,0,,,,,,
6413,49792.6073,52791.06486,55456.8445,57495.53031,8700,0,,,,,,
6414,50396.78177,53431.62207,56129.74779,58193.17065,8700,0,,,,,,
6415,51304.00248,54393.47464,57140.17084,59240.73852,8700,0,,,,,,
6416,52183.41198,55325.84124,58119.61896,60256.19279,8700,0,,,,,,
6417,53732.20844,56967.90457,59844.60123,62044.58827,8700,0,,,,,,
6418,54161.84362,57423.41192,60323.11024,62540.68807,8700,0,,,,,,
6419,55367.31554,58701.47607,61665.71253,63932.64666,8700,0,,,,,,
6420,55620.49341,58969.90004,61947.69106,64224.99118,8700,0,,,,,,
6421,55339.50433,58671.9901,61634.73762,63900.53305,8700,0,,,,,,
6422,57502.06533,60964.77821,64043.30418,66397.64252,8700,0,,,,,,
6423,58286.53313,61796.48582,64917.01036,67303.4676,8700,0,,,,,,
6424,58205.97653,61711.07819,64827.28992,67210.44888,8700,0,,,,,,
6425,58020.88816,61514.84399,64621.14653,66996.72731,8700,0,,,,,,
6426,57760.03823,61238.28596,64330.6232,66695.52387,8700,0,,,,,,
6427,59167.86065,62730.88594,65898.59469,68321.1366,8700,0,,,,,,
6428,59315.54774,62887.46659,66063.08216,68491.6709,8700,0,,,,,,
6429,58236.66476,61743.61443,64861.46914,67245.88458,8700,0,,,,,,
6430,56547.85327,59953.10452,62980.54421,65295.81373,8700,0,,,,,,
6431,54509.96319,57792.49487,60710.8307,62942.66178,8700,0,,,,,,
6432,53620.96362,56849.9607,59720.70158,61916.13386,8700,0,,,,,,
6433,50714.21312,53768.1688,56483.28905,58559.70867,8700,0,,,,,,
6434,48997.59042,51948.17291,54571.38921,56577.52421,8700,0,,,,,,
6435,47931.17453,50817.5386,53383.66148,55346.13364,8700,0,,,,,,
6436,47326.04106,50175.96464,52709.69009,54647.38594,8700,0,,,,,,
6437,47322.20503,50171.89761,52705.41769,54642.95647,8700,0,,,,,,
6438,47869.79808,50752.46612,53315.30306,55275.26224,8700,0,,,,,,
6439,48302.31028,51211.02375,53797.01637,55774.68414,8700,0,,,,,,
6440,48289.84319,51197.8059,53783.13107,55760.28839,8700,0,,,,,,
6441,48123.93496,51021.90685,53598.34968,55568.71413,8700,0,,,,,,
6442,48183.3934,51084.94582,53664.57191,55637.3708,8700,0,,,,,,
6443,49111.71226,52069.16705,54698.49316,56709.30071,8700,0,,,,,,
6444,48953.47609,51901.40206,54522.25658,56526.58539,8700,0,,,,,,
6445,49221.03907,52185.0774,54820.25661,56835.54039,8700,0,,,,,,
6446,50606.80432,53654.29195,56363.66179,58435.68371,8700,0,,,,,,
6447,51820.9073,54941.50692,57715.87699,59837.60859,8700,0,,,,,,
6448,53115.56688,56314.12951,59157.81263,61332.55218,8700,0,,,,,,
6449,54485.02901,57766.05919,60683.0601,62913.87028,8700,0,,,,,,
6450,55918.74461,59286.11161,62279.87029,64569.38188,8700,0,,,,,,
6451,57854.97994,61338.94496,64436.36515,66805.15307,8700,0,,,,,,
6452,58247.21384,61754.79876,64873.21824,67258.06561,8700,0,,,,,,
6453,57306.42788,60757.35968,63825.41168,66171.73993,8700,0,,,,,,
6454,55736.53327,59092.92769,62076.93121,64358.98242,8700,0,,,,,,
6455,53705.35624,56939.43535,59814.69441,62013.58203,8700,0,,,,,,
6456,51904.34092,55029.96482,57808.80173,59933.9494,8700,0,,,,,,
6457,49337.07893,52308.10506,54949.49677,56969.53164,8700,0,,,,,,
6458,47614.70219,50482.00863,53031.18833,54980.70298,8700,0,,,,,,
6459,47003.81467,49834.33412,52350.80833,54275.31108,8700,0,,,,,,
6460,46674.87524,49485.58631,51984.44987,53895.48468,8700,0,,,,,,
6461,47103.55141,49940.0769,52461.89078,54390.47711,8700,0,,,,,,
6462,48799.07595,51737.70411,54350.29241,56348.29952,8700,0,,,,,,
6463,51768.16191,54885.58525,57657.13146,59776.70348,8700,0,,,,,,
6464,56420.30532,59817.87576,62838.48684,65148.5341,8700,0,,,,,,
6465,61861.71157,65586.95768,68898.88891,71431.72662,8700,0,,,,,,
6466,63112.25682,66912.80943,70291.69192,72875.73139,8700,0,,,,,,
6467,62515.75441,66280.38628,69627.33343,72186.94997,8700,0,,,,,,
6468,62061.18505,65798.44324,69121.05381,71662.05867,8700,0,,,,,,
6469,61257.5371,64946.40047,68225.98561,70734.08628,8700,0,,,,,,
6470,64974.6486,68887.35245,72365.94304,75026.23542,8700,0,,,,,,
6471,67201.46307,71248.2633,74846.07233,77597.53839,8700,0,,,,,,
6472,68415.56605,72535.47827,76198.28752,78999.46326,8700,0,,,,,,
6473,69428.27754,73609.17416,77326.20162,80168.84136,8700,0,,,,,,
6474,69015.90449,73171.96845,76866.91842,79692.67414,8700,0,,,,,,
6475,68622.71158,72755.09788,76428.99722,79238.65424,8700,0,,,,,,
6476,67352.02718,71407.89422,75013.7641,77771.39479,8700,0,,,,,,
6477,64607.34888,68497.93433,71956.86056,74602.11439,8700,0,,,,,,
6478,62234.76533,65982.47634,69314.37999,71862.49185,8700,0,,,,,,
6479,59445.9727,63025.7456,66208.34382,68642.27262,8700,0,,,,,,
6480,58285.57412,61795.46906,64915.94226,67302.36023,8700,0,,,,,,
6481,54993.30277,58304.94065,61249.15335,63500.77406,8700,0,,,,,,
6482,53386.00688,56600.85512,59459.01696,61644.82928,8700,0,,,,,,
6483,52524.81851,55687.80691,58499.86274,60650.41496,8700,0,,,,,,
6484,52094.22433,55231.2828,58020.28563,60153.2078,8700,0,,,,,,
6485,52386.72149,55541.39383,58346.05627,60490.95431,8700,0,,,,,,
6486,53572.05426,56798.10607,59666.22845,61859.65822,8700,0,,,,,,
6487,56064.51369,59440.65874,62442.22157,64737.70145,8700,0,,,,,,
6488,60258.25171,63886.93918,67113.02492,69580.21131,8700,0,,,,,,
6489,65180.83512,69105.9553,72595.58463,75264.31903,8700,0,,,,,,
6490,66548.37924,70555.85146,74118.69591,76843.4224,8700,0,,,,,,
6491,66453.43754,70455.19248,74012.95397,76733.79321,8700,0,,,,,,
6492,66770.86888,70791.73919,74366.49521,77100.33122,8700,0,,,,,,
6493,65300.71101,69233.04999,72729.0972,75402.73973,8700,0,,,,,,
6494,68404.05796,72523.27717,76185.47031,78986.17487,8700,0,,,,,,
6495,69726.52875,73925.38574,77658.38087,80513.23207,8700,0,,,,,,
6496,70371.94052,74609.66352,78377.21248,81258.48913,8700,0,,,,,,
6497,71056.67158,75335.62835,79139.83621,82049.14817,8700,0,,,,,,
6498,70291.38392,74524.25588,78287.49204,81165.47041,8700,0,,,,,,
6499,70044.9191,74262.94922,78012.99022,80880.87745,8700,0,,,,,,
6500,68707.10421,72844.57254,76522.99007,79336.10242,8700,0,,,,,,
6501,66244.37399,70233.53934,73780.10806,76492.3875,8700,0,,,,,,
6502,63389.40987,67206.65234,70600.37296,73195.76005,8700,0,,,,,,
6503,60220.85044,63847.28565,67071.36901,69537.02405,8700,0,,,,,,
6504,58979.89526,62531.60147,65689.247,68104.09294,8700,0,,,,,,
6505,55661.73071,59013.6206,61993.61937,64272.60789,8700,0,,,,,,
6506,54091.8361,57349.18862,60245.1389,62459.85038,8700,0,,,,,,
6507,53291.06518,56500.19613,59353.27501,61535.20009,8700,0,,,,,,
6508,52737.71808,55913.52706,58736.98104,60896.25012,8700,0,,,,,,
6509,52720.45596,55895.22543,58717.75524,60876.31754,8700,0,,,,,,
6510,54091.8361,57349.18862,60245.1389,62459.85038,8700,0,,,,,,
6511,56636.08192,60046.6462,63078.80945,65397.69136,8700,0,,,,,,
6512,61202.8737,64888.4453,68165.10389,70670.96644,8700,0,,,,,,
6513,67446.96888,71508.55321,75119.50604,77881.02398,8700,0,,,,,,
6514,70473.59527,74717.43981,78490.43113,81375.86988,8700,0,,,,,,
6515,71048.04052,75326.47753,79130.22331,82039.18189,8700,0,,,,,,
6516,71367.38988,75665.05777,79485.90077,82407.93464,8700,0,,,,,,
6517,69595.14477,73786.08996,77512.0511,80361.52297,8700,0,,,,,,
6518,71620.56776,75933.48175,79767.8793,82700.27917,8700,0,,,,,,
6519,72534.50152,76902.45163,80785.77905,83755.5986,8700,0,,,,,,
6520,72580.53386,76951.25598,80837.04787,83808.75215,8700,0,,,,,,
6521,72579.57485,76950.23922,80835.97976,83807.64478,8700,0,,,,,,
6522,70775.68251,75037.71842,78826.88278,81724.69006,8700,0,,,,,,
6523,70022.86194,74239.5638,77988.42391,80855.40804,8700,0,,,,,,
6524,68583.39229,72713.41082,76385.2051,79193.25225,8700,0,,,,,,
6525,66255.88207,70245.74043,73792.92526,76505.67588,8700,0,,,,,,
6526,63553.40009,67380.51787,70783.01815,73385.11958,8700,0,,,,,,
6527,60422.24192,64060.80471,67295.6701,69769.57082,8700,0,,,,,,
6528,59232.11412,62799.00868,65970.15742,68395.33009,8700,0,,,,,,
6529,55832.43398,59194.60344,62183.74126,64469.71898,8700,0,,,,,,
6530,54183.90078,57446.79734,60347.67655,62566.15747,8700,0,,,,,,
6531,53169.27128,56371.06793,59217.62626,61394.56465,8700,0,,,,,,
6532,52564.1378,55729.49396,58543.65485,60695.81694,8700,0,,,,,,
6533,52688.80872,55861.67243,58682.50791,60839.77447,8700,0,,,,,,
6534,53907.70674,57153.97119,60040.06361,62247.23618,8700,0,,,,,,
6535,56240.971,59627.74212,62638.75206,64941.45673,8700,0,,,,,,
6536,59510.22618,63093.86835,66279.90656,68716.46613,8700,0,,,,,,
6537,63340.50051,67154.79771,70545.89984,73139.28441,8700,0,,,,,,
6538,64126.88633,67988.53884,71421.74222,74047.32422,8700,0,,,,,,
6539,63691.49711,67526.93095,70936.82461,73544.58023,8700,0,,,,,,
6540,62367.10831,66122.78887,69461.77786,72015.3083,8700,0,,,,,,
6541,60217.01441,63843.21862,67067.09661,69532.59459,8700,0,,,,,,
6542,63352.0086,67166.9988,70558.71705,73152.5728,8700,0,,,,,,
6543,65176.99909,69101.88827,72591.31223,75259.88956,8700,0,,,,,,
6544,66996.23555,71030.6772,74617.49883,77360.56215,8700,0,,,,,,
6545,69645.97215,73839.97811,77568.66043,80420.21335,8700,0,,,,,,
6546,70223.29442,74452.06611,78211.65691,81086.84745,8700,0,,,,,,
6547,69726.52875,73925.38574,77658.38087,80513.23207,8700,0,,,,,,
6548,68256.37087,72366.69652,76020.98284,78815.64057,8700,0,,,,,,
6549,65652.66661,69606.19998,73121.09007,75809.14291,8700,0,,,,,,
6550,62856.20193,66641.33519,70006.5091,72580.06477,8700,0,,,,,,
6551,59955.20547,63565.64382,66775.50518,69230.28377,8700,0,,,,,,
6552,58483.12958,62004.9211,65135.97095,67530.47754,8700,0,,,,,,
6553,55145.7849,58466.60509,61418.98132,63676.8452,8700,0,,,,,,
6554,53503.00575,56724.89953,59589.32522,61779.92789,8700,0,,,,,,
6555,52361.7873,55514.95813,58318.28565,60462.1628,8700,0,,,,,,
6556,51843.92347,54965.90909,57741.5114,59864.18536,8700,0,,,,,,
6557,51971.47142,55101.13785,57883.56877,60011.465,8700,0,,,,,,
6558,53318.87638,56529.68209,59384.24992,61567.31368,8700,0,,,,,,
6559,55782.56561,59141.73205,62128.20004,64412.13597,8700,0,,,,,,
6560,59248.41724,62816.29356,65988.31513,68414.15531,8700,0,,,,,,
6561,63051.83938,66848.75371,70224.4016,72805.96736,8700,0,,,,,,
6562,63251.31285,67060.23926,70446.56649,73036.2994,8700,0,,,,,,
6563,62484.10718,66246.83329,69592.08612,72150.40691,8700,0,,,,,,
6564,61603.73866,65313.44992,68611.56988,71133.84527,8700,0,,,,,,
6565,60036.72107,63652.0682,66866.29371,69324.40985,8700,0,,,,,,
6566,63168.83824,66972.79812,70354.70985,72941.06596,8700,0,,,,,,
6567,65018.76292,68934.12329,72415.07565,75077.17424,8700,0,,,,,,
6568,66872.52364,70899.51549,74479.71387,77217.71199,8700,0,,,,,,
6569,69188.52577,73354.98479,77059.17651,79891.99996,8700,0,,,,,,
6570,68967.95413,73121.13057,76813.51339,79637.30585,8700,0,,,,,,
6571,68392.54988,72511.07609,76172.65311,78972.88649,8700,0,,,,,,
6572,66879.23669,70906.6328,74487.19057,77225.46355,8700,0,,,,,,
6573,64723.38874,68620.96199,72086.10071,74736.10563,8700,0,,,,,,
6574,62374.78037,66130.92293,69470.32267,72024.16723,8700,0,,,,,,
6575,59566.8076,63153.85705,66342.92449,68781.8007,8700,0,,,,,,
6576,58191.59143,61695.82683,64811.26842,67193.8384,8700,0,,,,,,
6577,54682.58447,57975.51122,60903.08879,63141.9876,8700,0,,,,,,
6578,52907.46234,56093.49314,58926.03482,61092.25384,8700,0,,,,,,
6579,51594.58163,54701.55216,57463.80528,59576.27031,8700,0,,,,,,
6580,50807.23681,53866.79427,56586.8948,58667.12314,8700,0,,,,,,
6581,50751.61439,53807.82233,56524.94496,58602.89592,8700,0,,,,,,
6582,51218.65085,54302.98323,57045.1099,59142.18298,8700,0,,,,,,
6583,52050.11,55184.51196,57971.153,60102.26898,8700,0,,,,,,
6584,52257.25553,55404.13157,58201.8627,60341.45995,8700,0,,,,,,
6585,52425.08177,55582.06413,58388.78028,60535.24893,8700,0,,,,,,
6586,51749.94078,54866.26687,57636.83756,59755.66354,8700,0,,,,,,
6587,52287.94376,55436.66781,58236.04192,60376.89565,8700,0,,,,,,
6588,52214.10021,55358.37748,58153.79818,60291.62849,8700,0,,,,,,
6589,51205.22475,54288.74862,57030.15649,59126.67986,8700,0,,,,,,
6590,52544.95766,55709.15881,58522.29285,60673.66963,8700,0,,,,,,
6591,53597.94745,56825.55852,59695.06716,61889.55709,8700,0,,,,,,
6592,55167.84206,58489.99051,61443.54763,63702.3146,8700,0,,,,,,
6593,57318.89497,60770.57752,63839.29698,66186.13568,8700,0,,,,,,
6594,58533.95696,62058.80925,65192.58028,67589.16793,8700,0,,,,,,
6595,59744.22391,63341.95718,66540.52307,68986.66334,8700,0,,,,,,
6596,59429.66958,63008.46072,66190.18612,68623.44741,8700,0,,,,,,
6597,58252.96788,61760.8993,64879.62684,67264.7098,8700,0,,,,,,
6598,56621.69681,60031.39484,63062.78794,65381.08088,8700,0,,,,,,
6599,54728.61681,58024.31558,60954.35761,63195.14115,8700,0,,,,,,
6600,53630.55369,56860.12828,59731.38258,61927.20752,8700,0,,,,,,
6601,50941.4978,54009.14032,56736.42886,58822.15432,8700,0,,,,,,
6602,48961.14815,51909.53613,54530.80139,56535.44431,8700,0,,,,,,
6603,47643.4724,50512.51135,53063.23134,55013.92395,8700,0,,,,,,
6604,47055.60106,49889.23903,52408.48576,54335.10883,8700,0,,,,,,
6605,47049.84701,49883.13848,52402.07715,54328.46463,8700,0,,,,,,
6606,47742.25013,50617.23737,53173.24569,55127.98261,8700,0,,,,,,
6607,48277.37609,51184.58805,53769.24575,55745.89263,8700,0,,,,,,
6608,48011.73113,50902.94623,53473.38193,55439.15235,8700,0,,,,,,
6609,47063.27311,49897.37308,52417.03056,54343.96775,8700,0,,,,,,
6610,46097.55297,48873.49831,51341.45339,53228.85058,8700,0,,,,,,
6611,46767.89893,49584.21179,52088.05562,54002.89915,8700,0,,,,,,
6612,46557.87637,49361.54189,51854.14161,53760.38607,8700,0,,,,,,
6613,46903.11893,49727.57459,52238.65778,54159.0377,8700,0,,,,,,
6614,48706.05226,51639.07864,54246.68666,56240.88506,8700,0,,,,,,
6615,49902.89312,52907.99197,55579.67606,57622.87736,8700,0,,,,,,
6616,51827.62035,54948.62422,57723.35369,59845.36015,8700,0,,,,,,
6617,54396.80036,57672.5175,60584.79486,62811.99265,8700,0,,,,,,
6618,56469.21469,59869.7304,62892.95997,65205.00975,8700,0,,,,,,
6619,58380.51582,61896.12804,65021.6842,67411.98942,8700,0,,,,,,
6620,58247.21384,61754.79876,64873.21824,67258.06561,8700,0,,,,,,
6621,57096.40532,60534.68978,63591.49767,65929.22686,8700,0,,,,,,
6622,55626.24745,58976.00058,61954.09966,64231.63537,8700,0,,,,,,
6623,54039.09071,57293.26696,60186.39338,62398.94527,8700,0,,,,,,
6624,52303.28787,55452.93593,58253.13153,60394.6135,8700,0,,,,,,
6625,49452.15978,52430.11595,55077.66883,57102.41551,8700,0,,,,,,
6626,47743.20914,50618.25413,53174.31379,55129.08998,8700,0,,,,,,
6627,46793.79212,49611.66424,52116.89433,54032.79802,8700,0,,,,,,
6628,46438.00049,49234.44721,51720.62906,53621.96537,8700,0,,,,,,
6629,46655.6951,49465.25116,51963.08786,53873.33737,8700,0,,,,,,
6630,47935.96957,50822.62239,53389.00199,55351.67047,8700,0,,,,,,
6631,49817.54149,52817.50056,55484.61512,57524.32182,8700,0,,,,,,
6632,52620.71922,55789.48265,58606.67278,60761.15152,8700,0,,,,,,
6633,56611.14774,60020.21051,63051.03884,65368.89986,8700,0,,,,,,
6634,59080.591,62638.361,65801.39755,68220.36633,8700,0,,,,,,
6635,60837.492,64501.0607,67758.15761,70249.06015,8700,0,,,,,,
6636,61010.11327,64684.07704,67950.41569,70448.38595,8700,0,,,,,,
6637,59234.03214,62801.0422,65972.29363,68397.54483,8700,0,,,,,,
6638,61818.55625,65541.20359,68850.82439,71381.89517,8700,0,,,,,,
6639,63586.00633,67415.08763,70819.33356,73422.77001,8700,0,,,,,,
6640,65173.16307,69097.82125,72587.03984,75255.46011,8700,0,,,,,,
6641,66513.85498,70519.24819,74080.24429,76803.55724,8700,0,,,,,,
6642,66235.74293,70224.38853,73770.49516,76482.42122,8700,0,,,,,,
6643,67065.28406,71103.88374,74694.40206,77440.29247,8700,0,,,,,,
6644,66167.65342,70152.19874,73694.66002,76403.79825,8700,0,,,,,,
6645,64478.84193,68361.68883,71813.73509,74453.7274,8700,0,,,,,,
6646,62184.89696,65929.60495,69258.83877,71804.90883,8700,0,,,,,,
6647,59486.251,63068.44941,66253.20405,68688.78198,8700,0,,,,,,
6648,57412.87767,60870.21976,63943.97084,66294.65752,8700,0,,,,,,
6649,53975.79624,57226.16096,60115.89874,62325.85913,8700,0,,,,,,
6650,52243.82943,55389.89696,58186.9093,60325.95683,8700,0,,,,,,
6651,51383.60007,54477.86551,57228.82318,59332.64987,8700,0,,,,,,
6652,50843.67908,53905.43106,56627.48262,58709.20303,8700,0,,,,,,
6653,51256.05213,54342.63677,57086.76582,59185.37025,8700,0,,,,,,
6654,52595.78503,55763.04695,58578.90217,60732.36001,8700,0,,,,,,
6655,55437.32305,58775.69935,61743.68386,64013.48434,8700,0,,,,,,
6656,59214.85199,62780.70705,65950.93161,68375.39751,8700,0,,,,,,
6657,64001.2564,67855.34361,71281.82106,73902.25932,8700,0,,,,,,
6658,66058.32661,70036.28839,73572.89656,76277.55857,8700,0,,,,,,
6659,66639.48491,70652.44342,74220.16545,76948.62213,8700,0,,,,,,
6660,66182.99754,70168.46687,73711.74963,76421.51611,8700,0,,,,,,
6661,64435.68661,68315.93474,71765.67057,74403.89594,8700,0,,,,,,
6662,67390.38747,71448.56453,75056.48812,77815.68942,8700,0,,,,,,
6663,69214.41896,73382.43724,77088.01522,79921.89883,8700,0,,,,,,
6664,70690.33087,74947.22699,78731.82183,81626.13451,8700,0,,,,,,
6665,72533.54251,76901.43487,80784.71094,83754.49123,8700,0,,,,,,
6666,72594.91896,76966.50734,80853.06937,83825.36263,8700,0,,,,,,
6667,72065.54705,76405.25722,80263.47791,83214.09681,8700,0,,,,,,
6668,70368.10449,74605.59648,78372.94008,81254.05966,8700,0,,,,,,
6669,67446.00988,71507.53646,75118.43795,77879.91662,8700,0,,,,,,
6670,64417.46548,68296.61636,71745.37667,74382.856,8700,0,,,,,,
6671,61265.20916,64954.53453,68234.53042,70742.94521,8700,0,,,,,,
6672,59666.54434,63259.59983,66454.00694,68896.96673,8700,0,,,,,,
6673,55947.51483,59316.61434,62311.91332,64602.60285,8700,0,,,,,,
6674,54246.23624,57512.88657,60417.10308,62638.13624,8700,0,,,,,,
6675,53336.13851,56547.98373,59403.47573,61587.24627,8700,0,,,,,,
6676,52785.66844,55964.36494,58790.38606,60951.6184,8700,0,,,,,,
6677,53082.96064,56279.55976,59121.49721,61294.90175,8700,0,,,,,,
6678,54282.67851,57551.52335,60457.69089,62680.21613,8700,0,,,,,,
6679,56875.83369,60300.83557,63345.83456,65674.53277,8700,0,,,,,,
6680,60616.92036,64267.20647,67512.4945,69994.36604,8700,0,,,,,,
6681,65384.14463,69321.50789,72822.02194,75499.08055,8700,0,,,,,,
6682,66838.95839,70863.92898,74442.33035,77178.95419,8700,0,,,,,,
6683,67036.51385,71073.38102,74662.35905,77407.0715,8700,0,,,,,,
6684,66521.52704,70527.38225,74088.78909,76812.41617,8700,0,,,,,,
6685,64508.57115,68393.20831,71846.84621,74488.05573,8700,0,,,,,,
6686,67125.70151,71167.93946,74761.69239,77510.05651,8700,0,,,,,,
6687,68332.13243,72447.02036,76105.36278,78903.12245,8700,0,,,,,,
6688,69300.7296,73473.94542,77184.14426,80021.56173,8700,0,,,,,,
6689,70817.87882,75082.45574,78873.8792,81773.41414,8700,0,,,,,,
6690,70198.36024,74425.63042,78183.8863,81058.05595,8700,0,,,,,,
6691,69993.13272,74208.04431,77955.3128,80821.07971,8700,0,,,,,,
6692,68489.4096,72613.7686,76280.53126,79084.73042,8700,0,,,,,,
6693,66112.99002,70094.24357,73633.7783,76340.67841,8700,0,,,,,,
6694,63520.79384,67345.94811,70746.70272,73347.46914,8700,0,,,,,,
6695,60683.09185,64337.36274,67586.19343,70070.77427,8700,0,,,,,,
6696,59121.82831,62682.08158,65847.32587,68267.98305,8700,0,,,,,,
6697,55629.12447,58979.05085,61957.30396,64234.95746,8700,0,,,,,,
6698,54060.18887,57315.63563,60209.89159,62423.30732,8700,0,,,,,,
6699,52965.00277,56154.49859,58990.12086,61158.69578,8700,0,,,,,,
6700,52590.99,55757.96317,58573.56167,60726.82318,8700,0,,,,,,
6701,52776.07837,55954.19737,58779.70506,60940.54475,8700,0,,,,,,
6702,54058.27085,57313.60211,60207.75538,62421.09258,8700,0,,,,,,
6703,56588.13157,59995.80833,63025.40443,65342.32309,8700,0,,,,,,
6704,60077.95838,63695.78878,66912.22204,69372.02657,8700,0,,,,,,
6705,64543.09541,68429.81159,71885.29783,74527.9209,8700,0,,,,,,
6706,66034.35144,70010.86946,73546.19406,76249.87444,8700,0,,,,,,
6707,66777.58193,70798.8565,74373.97192,77108.08278,8700,0,,,,,,
6708,67120.90647,71162.85567,74756.35188,77504.51967,8700,0,,,,,,
6709,66060.24463,70038.32191,73575.03277,76279.77331,8700,0,,,,,,
6710,69081.11697,73241.10795,76939.54925,79767.975,8700,0,,,,,,
6711,70198.36024,74425.63042,78183.8863,81058.05595,8700,0,,,,,,
6712,70393.99768,74633.04893,78401.77879,81283.95853,8700,0,,,,,,
6713,70730.60917,74989.93081,78776.68205,81672.64386,8700,0,,,,,,
6714,70063.14024,74282.26761,78033.28413,80901.9174,8700,0,,,,,,
6715,69910.65811,74120.60317,77863.45616,80725.84627,8700,0,,,,,,
6716,68311.03428,72424.65171,76081.86458,78878.76042,8700,0,,,,,,
6717,65791.72264,69753.62981,73275.96464,75969.71093,8700,0,,,,,,
6718,63144.86306,66947.37918,70328.00734,72913.38182,8700,0,,,,,,
6719,60266.88278,63896.09001,67122.63783,69590.1776,8700,0,,,,,,
6720,58963.59214,62514.3166,65671.0893,68085.26773,8700,0,,,,,,
6721,55749.95937,59107.1623,62091.88462,64374.48554,8700,0,,,,,,
6722,54110.05724,57368.50702,60265.43282,62480.89033,8700,0,,,,,,
6723,52963.08475,56152.46507,58987.98465,61156.48104,8700,0,,,,,,
6724,52609.21113,55777.28156,58593.85557,60747.86312,8700,0,,,,,,
6725,52773.20135,55951.14709,58776.50076,60937.22265,8700,0,,,,,,
6726,53903.87071,57149.90415,60035.79121,62242.80671,8700,0,,,,,,
6727,56467.29667,59867.69688,62890.82377,65202.79501,8700,0,,,,,,
6728,60408.81583,64046.57011,67280.7167,69754.06771,8700,0,,,,,,
6729,65398.52973,69336.75925,72838.04344,75515.69102,8700,0,,,,,,
6730,67150.63569,71194.37515,74789.463,77538.84801,8700,0,,,,,,
6731,67732.753,71811.54695,75437.79999,78211.01894,8700,0,,,,,,
6732,67904.41527,71993.54653,75628.98997,78409.23739,8700,0,,,,,,
6733,66207.93172,70194.90256,73739.52024,76450.30761,8700,0,,,,,,
6734,68408.853,72528.36096,76190.81082,78991.7117,8700,0,,,,,,
6735,69163.59158,73328.54909,77031.40589,79863.20844,8700,0,,,,,,
6736,69423.4825,73604.09037,77320.86111,80163.30452,8700,0,,,,,,
6737,69736.11882,73935.55331,77669.06187,80524.30572,8700,0,,,,,,
6738,68809.71796,72953.36558,76637.27681,79454.59053,8700,0,,,,,,
6739,68263.08392,72373.81383,76028.45955,78823.39213,8700,0,,,,,,
6740,66740.18066,70759.20296,74332.316,77064.89553,8700,0,,,,,,
6741,64654.34023,68547.75545,72009.19748,74656.37531,8700,0,,,,,,
6742,62252.02746,66000.77798,69333.6058,71882.42443,8700,0,,,,,,
6743,59587.90575,63176.22571,66366.42269,68806.16274,8700,0,,,,,,
6744,58287.49213,61797.50257,64918.07845,67304.57495,8700,0,,,,,,
6745,54952.06546,58261.22007,61203.22502,63453.15733,8700,0,,,,,,
6746,53018.70716,56211.437,59049.93447,61220.70825,8700,0,,,,,,
6747,51842.00546,54963.87558,57739.3752,59861.97064,8700,0,,,,,,
6748,51185.0856,54267.39671,57007.72638,59103.42518,8700,0,,,,,,
6749,51055.61964,54130.13445,56863.53281,58953.93082,8700,0,,,,,,
6750,51523.6151,54626.3121,57384.76584,59494.32524,8700,0,,,,,,
6751,52304.24688,55453.95269,58254.19963,60395.72086,8700,0,,,,,,
6752,52799.09454,55978.59954,58805.33947,60967.12152,8700,0,,,,,,
6753,53860.71539,57104.15007,59987.72669,62192.97526,8700,0,,,,,,
6754,54240.4822,57506.78603,60410.69448,62631.49205,8700,0,,,,,,
6755,54772.73114,58071.08643,61003.49024,63246.07997,8700,0,,,,,,
6756,54463.93085,57743.69052,60659.56188,62889.50823,8700,0,,,,,,
6757,53405.18702,56621.19027,59480.37897,61666.97659,8700,0,,,,,,
6758,55281.9639,58610.98464,61570.65158,63834.09111,8700,0,,,,,,
6759,56686.9093,60100.53435,63135.41878,65456.38175,8700,0,,,,,,
6760,57748.53015,61226.08487,64317.806,66682.23548,8700,0,,,,,,
6761,58945.371,62494.9982,65650.79538,68064.22777,8700,0,,,,,,
6762,59580.2337,63168.09165,66357.8779,68797.30382,8700,0,,,,,,
6763,61049.43256,64725.7641,67994.20781,70493.78794,8700,0,,,,,,
6764,60542.11781,64187.89939,67429.18266,69907.99153,8700,0,,,,,,
6765,59483.37398,63065.39914,66249.99975,68685.45989,8700,0,,,,,,
6766,57767.71029,61246.42002,64339.168,66704.38279,8700,0,,,,,,
6767,55642.55057,58993.28546,61972.25736,64250.46058,8700,0,,,,,,
6768,54058.27085,57313.60211,60207.75538,62421.09258,8700,0,,,,,,
6769,50902.17851,53967.45326,56692.63674,58776.75233,8700,0,,,,,,
6770,49057.04886,52011.21188,54637.61144,56646.18088,8700,0,,,,,,
6771,47910.07638,50795.16994,53360.16328,55321.7716,8700,0,,,,,,
6772,47145.74772,49984.81423,52508.8872,54439.20119,8700,0,,,,,,
6773,47144.78872,49983.79748,52507.8191,54438.09384,8700,0,,,,,,
6774,47699.09482,50571.4833,53125.18118,55078.15117,8700,0,,,,,,
6775,48359.8507,51272.02919,53861.10239,55841.12607,8700,0,,,,,,
6776,48346.4246,51257.79458,53846.14898,55825.62295,8700,0,,,,,,
6777,48442.32531,51359.47033,53952.95903,55936.35951,8700,0,,,,,,
6778,48478.76758,51398.10712,53993.54685,55978.43941,8700,0,,,,,,
6779,49481.889,52461.63543,55110.77994,57136.74384,8700,0,,,,,,
6780,50103.3256,53120.49428,55802.90905,57854.31677,8700,0,,,,,,
6781,51376.88702,54470.74821,57221.34647,59324.89831,8700,0,,,,,,
6782,53053.23142,56248.04028,59088.3861,61260.57341,8700,0,,,,,,
6783,53614.25057,56842.8434,59713.22487,61908.3823,8700,0,,,,,,
6784,54347.89099,57620.66286,60530.32172,62755.51699,8700,0,,,,,,
6785,55825.72093,59187.48614,62176.26456,64461.96742,8700,0,,,,,,
6786,57128.05256,60568.24279,63626.74499,65965.76993,8700,0,,,,,,
6787,58653.83284,62185.90392,65326.09283,67727.58862,8700,0,,,,,,
6788,58125.41994,61625.67056,64737.56948,67117.43018,8700,0,,,,,,
6789,57064.75809,60501.13679,63556.25036,65892.6838,8700,0,,,,,,
6790,55669.40277,59021.75467,62002.16418,64281.46682,8700,0,,,,,,
6791,53902.9117,57148.88739,60034.72311,62241.69935,8700,0,,,,,,
6792,52208.34617,55352.27694,58147.38958,60284.9843,8700,0,,,,,,
6793,49315.02177,52284.71964,54924.93047,56944.06223,8700,0,,,,,,
6794,47649.22645,50518.61191,53069.63995,55020.56815,8700,0,,,,,,
6795,46730.49765,49544.55824,52046.3997,53959.71188,8700,0,,,,,,
6796,46284.55935,49071.76601,51549.73298,53444.78687,8700,0,,,,,,
6797,46388.13212,49181.57582,51665.08783,53564.38236,8700,0,,,,,,
6798,47536.06361,50398.63452,52943.60409,54889.89901,8700,0,,,,,,
6799,49343.79198,52315.22236,54956.97348,56977.2832,8700,0,,,,,,
6800,52408.77865,55564.77925,58370.62258,60516.42371,8700,0,,,,,,
6801,56731.98263,60148.32195,63185.6195,65508.42793,8700,0,,,,,,
6802,58744.93852,62282.49589,65427.56239,67832.78836,8700,0,,,,,,
6803,59512.14419,63095.90186,66282.04276,68718.68085,8700,0,,,,,,
6804,59384.59625,62960.67312,66139.9854,68571.40123,8700,0,,,,,,
6805,57769.6283,61248.45353,64341.3042,66706.59752,8700,0,,,,,,
6806,59881.36192,63487.35349,66693.26144,69145.01661,8700,0,,,,,,
6807,61155.88235,64838.62418,68112.76696,70616.70553,8700,0,,,,,,
6808,61331.38065,65024.6908,68308.22935,70819.35344,8700,0,,,,,,
6809,61658.40207,65371.4051,68672.45161,71196.96511,8700,0,,,,,,
6810,61204.79171,64890.47881,68167.24009,70673.18117,8700,0,,,,,,
6811,61996.93157,65730.32048,69049.49107,71587.86517,8700,0,,,,,,
6812,61292.06136,64983.00374,68264.43723,70773.95145,8700,0,,,,,,
6813,59991.64774,63604.28061,66816.09299,69272.36367,8700,0,,,,,,
6814,58205.97653,61711.07819,64827.28992,67210.44888,8700,0,,,,,,
6815,56238.09398,59624.69185,62635.54776,64938.13464,8700,0,,,,,,
6816,54773.69014,58072.10318,61004.55833,63247.18733,8700,0,,,,,,
6817,51972.43042,55102.1546,57884.63686,60012.57235,8700,0,,,,,,
6818,50411.16688,53446.87343,56145.7693,58209.78114,8700,0,,,,,,
6819,49593.13383,52579.57931,55234.6796,57265.19826,8700,0,,,,,,
6820,49330.36588,52300.98775,54942.02007,56961.78008,8700,0,,,,,,
6821,49664.10035,52654.81936,55313.71903,57347.14331,8700,0,,,,,,
6822,51204.26574,54287.73186,57029.08839,59125.5725,8700,0,,,,,,
6823,54009.36149,57261.74748,60153.28226,62364.61693,8700,0,,,,,,
6824,58677.80802,62211.32286,65352.79535,67755.27276,8700,0,,,,,,
6825,64260.18831,68129.86812,71570.20818,74201.24803,8700,0,,,,,,
6826,66159.98137,70144.06469,73686.11522,76394.93933,8700,0,,,,,,
6827,66013.25328,69988.50079,73522.69585,76225.51239,8700,0,,,,,,
6828,65485.79938,69429.28418,72935.24059,75616.4613,8700,0,,,,,,
6829,63282.96008,67093.79225,70481.8138,73072.84246,8700,0,,,,,,
6830,65691.0269,69646.87028,73163.81409,75853.43754,8700,0,,,,,,
6831,66731.54959,70750.05214,74322.70309,77054.92923,8700,0,,,,,,
6832,66920.47399,70950.35336,74533.11889,77273.08026,8700,0,,,,,,
6833,67246.5364,71296.0509,74896.27305,77649.58457,8700,0,,,,,,
6834,66767.03286,70787.67217,74362.22282,77095.90177,8700,0,,,,,,
6835,67165.97981,71210.64328,74806.55261,77556.56587,8700,0,,,,,,
6836,65689.10888,69644.83676,73161.67788,75851.22281,8700,0,,,,,,
6837,63521.75285,67346.96487,70747.77082,73348.57651,8700,0,,,,,,
6838,61399.47015,65096.88058,68384.06448,70897.97639,8700,0,,,,,,
6839,59122.78731,62683.09833,65848.39397,68269.09041,8700,0,,,,,,
6840,58028.56022,61522.97805,64629.69133,67005.58624,8700,0,,,,,,
6841,54775.60816,58074.1367,61006.69454,63249.40206,8700,0,,,,,,
6842,52972.67482,56162.63264,58998.66565,61167.5547,8700,0,,,,,,
6843,52016.54475,55148.92544,57933.76949,60063.51118,8700,0,,,,,,
6844,51664.58915,54775.77545,57541.77662,59657.108,8700,0,,,,,,
6845,51829.53837,54950.65774,57725.4899,59847.57488,8700,0,,,,,,
6846,53086.79667,56283.62679,59125.76962,61299.33121,8700,0,,,,,,
6847,55676.11582,59028.87197,62009.64088,64289.21838,8700,0,,,,,,
6848,58990.44433,62542.7858,65700.9961,68116.27395,8700,0,,,,,,
6849,62453.41895,66214.29705,69557.9069,72114.97121,8700,0,,,,,,
6850,62759.34221,66538.64268,69898.63095,72468.22084,8700,0,,,,,,
6851,62225.17526,65972.30876,69303.69899,71851.41819,8700,0,,,,,,
6852,61811.8432,65534.08629,68843.34768,71374.14361,8700,0,,,,,,
6853,60269.7598,63899.14028,67125.84213,69593.4997,8700,0,,,,,,
6854,63414.34406,67233.08804,70628.14358,73224.55156,8700,0,,,,,,
6855,65310.30108,69243.21756,72739.7782,75413.81339,8700,0,,,,,,
6856,66579.06747,70588.38771,74152.87513,76878.85811,8700,0,,,,,,
6857,67659.86846,71734.27338,75356.62435,78126.85916,8700,0,,,,,,
6858,67495.87825,71560.40785,75173.97918,77937.49964,8700,0,,,,,,
6859,67760.5642,71841.03291,75468.7749,78243.13254,8700,0,,,,,,
6860,66400.69215,70399.27082,73954.20844,76672.8881,8700,0,,,,,,
6861,64520.07924,68405.40941,71859.66342,74501.34412,8700,0,,,,,,
6862,62154.20874,65897.06872,69224.65956,71769.47314,8700,0,,,,,,
6863,59683.80646,63277.90145,66473.23274,68916.8993,8700,0,,,,,,
6864,58546.42405,62072.02709,65206.46559,67603.56368,8700,0,,,,,,
6865,55226.34149,58552.01271,61508.70176,63769.8639,8700,0,,,,,,
6866,53499.16972,56720.8325,59585.05282,61775.49843,8700,0,,,,,,
6867,52550.7117,55715.25936,58528.70145,60680.31383,8700,0,,,,,,
6868,52135.46163,55275.00337,58066.21395,60200.82451,8700,0,,,,,,
6869,52345.48418,55497.67325,58300.12794,60443.33758,8700,0,,,,,,
6870,53731.24943,56966.88781,59843.53312,62043.4809,8700,0,,,,,,
6871,56208.36476,59593.17237,62602.43665,64903.8063,8700,0,,,,,,
6872,59122.78731,62683.09833,65848.39397,68269.09041,8700,0,,,,,,
6873,62357.51824,66112.6213,69451.09685,72004.23465,8700,0,,,,,,
6874,62741.12108,66519.32429,69878.33705,72447.1809,8700,0,,,,,,
6875,62437.11583,66197.01217,69539.74919,72096.146,8700,0,,,,,,
6876,61608.5337,65318.53371,68616.91039,71139.3821,8700,0,,,,,,
6877,59225.40107,62791.89138,65962.68072,68387.57853,8700,0,,,,,,
6878,61903.90788,65631.69501,68945.88533,71480.4507,8700,0,,,,,,
6879,63606.14548,67436.43953,70841.76367,73446.02469,8700,0,,,,,,
6880,65031.23002,68947.34114,72428.96097,75091.57,8700,0,,,,,,
6881,67445.05087,71506.5197,75117.36985,77878.80926,8700,0,,,,,,
6882,68166.2242,72271.12132,75920.58139,78711.5482,8700,0,,,,,,
6883,68528.72889,72655.45565,76324.32338,79130.13241,8700,0,,,,,,
6884,66920.47399,70950.35336,74533.11889,77273.08026,8700,0,,,,,,
6885,64703.24959,68599.61008,72063.6706,74712.85095,8700,0,,,,,,
6886,62251.06845,65999.76121,69332.5377,71881.31706,8700,0,,,,,,
6887,59676.13441,63269.7674,66464.68794,68908.04038,8700,0,,,,,,
6888,58466.82646,61987.63622,65117.81325,67511.65233,8700,0,,,,,,
6889,55029.74504,58343.57743,61289.74117,63542.85395,8700,0,,,,,,
6890,53282.43411,56491.04531,59343.6621,61525.23379,8700,0,,,,,,
6891,52431.79482,55589.18143,58396.25699,60543.00049,8700,0,,,,,,
6892,51912.97198,55039.11563,57818.41463,59943.91569,8700,0,,,,,,
6893,52049.15099,55183.4952,57970.0849,60101.16161,8700,0,,,,,,
6894,53380.25284,56594.75458,59452.60836,61638.18509,8700,0,,,,,,
6895,56016.56334,59389.82087,62388.81655,64682.33318,8700,0,,,,,,
6896,59316.50675,62888.48335,66064.15027,68492.77827,8700,0,,,,,,
6897,62901.27526,66689.12278,70056.70982,72632.11095,8700,0,,,,,,
6898,64098.11611,67958.03611,71389.6992,74014.10324,8700,0,,,,,,
6899,64496.10406,68379.99047,71832.9609,74473.65998,8700,0,,,,,,
6900,63988.78931,67842.12577,71267.93576,73887.86357,8700,0,,,,,,
6901,62287.51072,66038.398,69373.12552,71923.39696,8700,0,,,,,,
6902,64889.29697,68796.86103,72270.8821,74927.67989,8700,0,,,,,,
6903,66924.31002,70954.42039,74537.39129,77277.50973,8700,0,,,,,,
6904,67592.73796,71663.10035,75281.85732,78049.34356,8700,0,,,,,,
6905,67876.60406,71964.06056,75598.01506,78377.12378,8700,0,,,,,,
6906,67138.1686,71181.15731,74775.5777,77524.45226,8700,0,,,,,,
6907,66697.02534,70713.44887,74284.25148,77015.06408,8700,0,,,,,,
6908,65319.89115,69253.38514,72750.4592,75424.88704,8700,0,,,,,,
6909,63497.77767,67321.54593,70721.06831,73320.89236,8700,0,,,,,,
6910,61246.02902,64934.19938,68213.16841,70720.7979,8700,0,,,,,,
6911,59038.39469,62593.62368,65754.40113,68171.64224,8700,0,,,,,,
6912,58133.09199,61633.80462,64746.11428,67126.28909,8700,0,,,,,,
6913,54730.53483,58026.3491,60956.49382,63197.35588,8700,0,,,,,,
6914,52557.42475,55722.37666,58536.17815,60688.06538,8700,0,,,,,,
6915,51527.45113,54630.37913,57389.03824,59498.75471,8700,0,,,,,,
6916,50963.55496,54032.52573,56760.99517,58847.62373,8700,0,,,,,,
6917,50915.60461,53981.68787,56707.59015,58792.25545,8700,0,,,,,,
6918,51625.26986,54734.0884,57497.9845,59611.70601,8700,0,,,,,,
6919,52603.45709,55771.18102,58587.44697,60741.21893,8700,0,,,,,,
6920,53609.45553,56837.75961,59707.88436,61902.84547,8700,0,,,,,,
6921,54935.76234,58243.93519,61185.06731,63434.33212,8700,0,,,,,,
6922,54999.05681,58311.04119,61255.56195,63507.41825,8700,0,,,,,,
6923,55413.34788,58750.28042,61716.98136,63985.8002,8700,0,,,,,,
6924,54942.47539,58251.0525,61192.54402,63442.08368,8700,0,,,,,,
6925,53558.62816,56783.87147,59651.27505,61844.1551,8700,0,,,,,,
6926,54513.79922,57796.56191,60715.10311,62947.09125,8700,0,,,,,,
6927,54929.04929,58236.81789,61177.59061,63426.58056,8700,0,,,,,,
6928,54954.94248,58264.27034,61206.42932,63456.47943,8700,0,,,,,,
6929,55486.23241,58827.55398,61798.15698,64069.95998,8700,0,,,,,,
6930,56074.10376,59450.82632,62452.90257,64748.77511,8700,0,,,,,,
6931,57588.37596,61056.28637,64139.43321,66497.30542,8700,0,,,,,,
6932,57131.88859,60572.30982,63631.0174,65970.19939,8700,0,,,,,,
6933,56397.28915,59793.47359,62812.85243,65121.95732,8700,0,,,,,,
6934,55343.34036,58676.05713,61639.01002,63904.96251,8700,0,,,,,,
6935,54149.37653,57410.19407,60309.22494,62526.29232,8700,0,,,,,,
6936,53987.30433,57238.36206,60128.71596,62339.14753,8700,0,,,,,,
6937,51093.02092,54169.788,56905.18874,58997.11809,8700,0,,,,,,
6938,49117.46631,52075.2676,54704.90177,56715.94491,8700,0,,,,,,
6939,48015.56716,50907.01326,53477.65433,55443.58182,8700,0,,,,,,
6940,47467.97411,50326.44474,52867.76896,54811.27605,8700,0,,,,,,
6941,47707.72588,50580.63411,53134.79408,55088.11745,8700,0,,,,,,
6942,48502.74276,51423.52606,54020.24937,56006.12355,8700,0,,,,,,
6943,49270.90744,52237.94879,54875.79784,56893.12341,8700,0,,,,,,
6944,48522.88191,51444.87796,54042.67948,56029.37823,8700,0,,,,,,
6945,45602.70531,48348.85145,50790.31355,52657.44992,8700,0,,,,,,
6946,43237.79382,45841.52752,48156.37779,49926.6863,8700,0,,,,,,
6947,43329.8585,45939.13624,48258.91543,50032.9934,8700,0,,,,,,
6948,42239.46743,44783.08298,47044.48519,48773.91869,8700,0,,,,,,
6949,41607.48176,44113.03981,46340.60699,48044.16475,8700,0,,,,,,
6950,42253.85254,44798.33435,47060.5067,48790.52918,8700,0,,,,,,
6951,43526.45495,46147.57152,48477.87602,50260.00335,8700,0,,,,,,
6952,46141.6673,48920.26916,51390.58601,53279.7894,8700,0,,,,,,
6953,50080.30943,53096.0921,55777.27464,57827.73999,8700,0,,,,,,
6954,53684.25809,56917.0667,59791.19621,61989.21999,8700,0,,,,,,
6955,56182.47156,59565.71991,62573.59792,64873.90742,8700,0,,,,,,
6956,56236.17596,59622.65833,62633.41155,64935.9199,8700,0,,,,,,
6957,55858.32717,59222.05589,62212.57997,64499.61785,8700,0,,,,,,
6958,55056.59724,58372.04664,61319.64798,63573.86019,8700,0,,,,,,
6959,54023.7466,57276.99884,60169.30377,62381.22742,8700,0,,,,,,
6960,52927.60149,56114.84505,58948.46493,61115.50852,8700,0,,,,,,
6961,50272.11085,53299.4436,55990.89474,58049.21312,8700,0,,,,,,
6962,48405.88304,51320.83355,53912.37121,55894.27962,8700,0,,,,,,
6963,47645.39042,50514.54487,53065.36755,55016.13869,8700,0,,,,,,
6964,47337.54914,50188.16572,52722.50729,54660.67432,8700,0,,,,,,
6965,48172.84432,51073.76148,53652.8228,55625.18978,8700,0,,,,,,
6966,50083.18645,53099.14237,55780.47894,57831.06209,8700,0,,,,,,
6967,53456.0144,56675.07842,59536.98829,61725.66697,8700,0,,,,,,
6968,57111.74944,60550.95791,63608.58729,65946.94471,8700,0,,,,,,
6969,59824.78051,63427.36481,66630.24352,69079.68205,8700,0,,,,,,
6970,59435.42363,63014.56127,66196.59473,68630.09161,8700,0,,,,,,
6971,58815.90504,62357.73594,65506.60181,67914.73341,8700,0,,,,,,
6972,57068.59412,60505.20382,63560.52276,65897.11326,8700,0,,,,,,
6973,54455.29979,57734.5397,60649.94898,62879.54195,8700,0,,,,,,
6974,57082.02022,60519.43843,63575.47617,65912.61638,8700,0,,,,,,
6975,59072.91894,62630.22694,65792.85274,68211.5074,8700,0,,,,,,
6976,61734.16363,65451.72894,68756.83155,71284.447,8700,0,,,,,,
6977,64897.92803,68806.01185,72280.495,74937.64617,8700,0,,,,,,
6978,66002.7042,69977.31646,73510.94674,76213.33136,8700,0,,,,,,
6979,66505.22392,70510.09738,74070.63139,76793.59095,8700,0,,,,,,
6980,65240.29356,69168.99426,72661.80686,75332.9757,8700,0,,,,,,
6981,63369.27072,67185.30043,70577.94285,73172.50537,8700,0,,,,,,
6982,61504.96093,65208.7239,68501.55553,71019.78661,8700,0,,,,,,
6983,59750.93696,63349.07448,66547.99978,68994.4149,8700,0,,,,,,
6984,58992.36235,62544.81932,65703.13231,68118.48869,8700,0,,,,,,
6985,55330.87327,58662.83928,61625.12472,63890.56676,8700,0,,,,,,
6986,53466.56348,56686.26275,59548.7374,61737.848,8700,0,,,,,,
6987,52467.27808,55626.80145,58435.7767,60583.97301,8700,0,,,,,,
6988,51994.48759,55125.54002,57909.20318,60038.04177,8700,0,,,,,,
6989,52509.4744,55671.53879,58482.77313,60632.69711,8700,0,,,,,,
6990,54087.04107,57344.10484,60239.79841,62454.31355,8700,0,,,,,,
6991,56621.69681,60031.39484,63062.78794,65381.08088,8700,0,,,,,,
6992,60201.67029,63826.95049,67050.00699,69514.87673,8700,0,,,,,,
6993,63881.38051,67728.24892,71148.3085,73763.83861,8700,0,,,,,,
6994,63156.37115,66959.58027,70340.82455,72926.67021,8700,0,,,,,,
6995,61316.03654,65008.42268,68291.13975,70801.63559,8700,0,,,,,,
6996,60185.36717,63809.66561,67031.84929,69496.05152,8700,0,,,,,,
6997,58202.1405,61707.01115,64823.01751,67206.01942,8700,0,,,,,,
6998,60820.22987,64482.75907,67738.9318,70229.12756,8700,0,,,,,,
6999,62330.66604,66084.15209,69421.19004,71973.22841,8700,0,,,,,,
7000,63216.7886,67023.636,70408.11488,72996.43425,8700,0,,,,,,
7001,65096.4425,69016.48065,72501.5918,75166.87086,8700,0,,,,,,
7002,66413.15924,70412.48866,73968.09374,76687.28385,8700,0,,,,,,
7003,66960.75229,70993.05718,74577.97911,77319.58962,8700,0,,,,,,
7004,65854.0581,69819.71905,73345.39116,76041.68969,8700,0,,,,,,
7005,63893.8476,67741.46677,71162.1938,73778.23437,8700,0,,,,,,
7006,61827.18732,65550.35442,68860.4373,71391.86146,8700,0,,,,,,
7007,60132.62178,63753.74395,66973.10376,69435.14641,8700,0,,,,,,
7008,59365.41611,62940.33798,66118.62339,68549.25392,8700,0,,,,,,
7009,55921.62164,59289.16189,62283.07461,64572.70398,8700,0,,,,,,
7010,53970.0422,57220.06042,60109.49014,62319.21494,8700,0,,,,,,
7011,52906.50333,56092.47638,58924.96672,61091.14647,8700,0,,,,,,
7012,52580.44092,55746.77884,58561.81256,60714.64216,8700,0,,,,,,
7013,52976.51085,56166.69968,59002.93806,61171.98416,8700,0,,,,,,
7014,54522.43029,57805.71273,60724.71602,62957.05754,8700,0,,,,,,
7015,57482.88518,60944.44305,64021.94216,66375.4952,8700,0,,,,,,
7016,60814.47583,64476.65852,67732.5232,70222.48337,8700,0,,,,,,
7017,63410.50803,67229.02101,70623.87117,73220.1221,8700,0,,,,,,
7018,62158.04476,65901.13574,69228.93195,71773.90259,8700,0,,,,,,
7019,60438.54505,64078.08959,67313.82782,69788.39605,8700,0,,,,,,
7020,58590.53838,62118.79794,65255.59821,67654.5025,8700,0,,,,,,
7021,55945.59681,59314.58082,62309.77711,64600.38812,8700,0,,,,,,
7022,58413.12206,61930.6978,65057.99962,67449.63985,8700,0,,,,,,
7023,60248.66164,63876.77161,67102.34392,69569.13765,8700,0,,,,,,
7024,62418.89469,66177.69377,69519.45528,72075.10604,8700,0,,,,,,
7025,65087.81143,69007.32982,72491.97889,75156.90456,8700,0,,,,,,
7026,66086.13782,70065.77436,73603.87148,76309.67218,8700,0,,,,,,
7027,66568.51839,70577.20337,74141.12602,76866.67708,8700,0,,,,,,
7028,65505.93853,69450.63609,72957.6707,75639.71598,8700,0,,,,,,
7029,63783.56179,67624.53966,71039.36226,73650.88733,8700,0,,,,,,
7030,61936.51413,65666.26477,68982.20075,71518.10115,8700,0,,,,,,
7031,60192.08022,63816.78292,67039.32599,69503.80308,8700,0,,,,,,
7032,59507.34916,63090.81808,66276.70226,68713.14403,8700,0,,,,,,
7033,55896.68745,59262.72619,62255.30399,64543.91247,8700,0,,,,,,
7034,53947.98504,57196.675,60084.92384,62293.74554,8700,0,,,,,,
7035,52892.11823,56077.22502,58908.94522,61074.53599,8700,0,,,,,,
7036,52571.80986,55737.62802,58552.19966,60704.67587,8700,0,,,,,,
7037,53236.40177,56442.24095,59292.39328,61472.08024,8700,0,,,,,,
7038,54752.59199,58049.73452,60981.06013,63222.82529,8700,0,,,,,,
7039,57398.49256,60854.96839,63927.94933,66278.04703,8700,0,,,,,,
7040,60849.00008,64513.26179,67770.97481,70262.34853,8700,0,,,,,,
7041,63916.86377,67765.86895,71187.82821,73804.81114,8700,0,,,,,,
7042,63330.91044,67144.63013,70535.21883,73128.21075,8700,0,,,,,,
7043,61802.25313,65523.91872,68832.66668,71363.06995,8700,0,,,,,,
7044,59986.8527,63599.19681,66810.75249,69266.82683,8700,0,,,,,,
7045,57463.70504,60924.1079,64000.58015,66353.34789,8700,0,,,,,,
7046,59742.3059,63339.92367,66538.38688,68984.44861,8700,0,,,,,,
7047,61293.02037,64984.0205,68265.50534,70775.05882,8700,0,,,,,,
7048,62660.56448,66433.91666,69788.6166,72354.16218,8700,0,,,,,,
7049,65493.47144,69437.41824,72943.7854,75625.32023,8700,0,,,,,,
7050,66610.7147,70621.9407,74188.12244,76915.40117,8700,0,,,,,,
7051,67325.17498,71379.42501,74983.85728,77740.38855,8700,0,,,,,,
7052,65933.65569,69904.10992,73434.0435,76133.60104,8700,0,,,,,,
7053,63998.37938,67852.29334,71278.61676,73898.93723,8700,0,,,,,,
7054,62159.00377,65902.1525,69230.00006,71775.00996,8700,0,,,,,,
7055,60445.2581,64085.2069,67321.30452,69796.14761,8700,0,,,,,,
7056,59728.8798,63325.68906,66523.43347,68968.94549,8700,0,,,,,,
7057,56161.37341,59543.35125,62550.09972,64849.54538,8700,0,,,,,,
7058,54198.28589,57462.0487,60363.69806,62582.76796,8700,0,,,,,,
7059,53213.3856,56417.83877,59266.75887,61445.50347,8700,0,,,,,,
7060,52842.24986,56024.35363,58853.40399,61016.95298,8700,0,,,,,,
7061,53292.02418,56501.21288,59354.34311,61536.30744,8700,0,,,,,,
7062,54887.81199,58193.09733,61131.6623,63378.96384,8700,0,,,,,,
7063,57510.69639,60973.92902,64052.91708,66407.60881,8700,0,,,,,,
7064,60499.9215,64143.16207,67382.18624,69859.26744,8700,0,,,,,,
7065,62707.55583,66483.73778,69840.95353,72408.4231,8700,0,,,,,,
7066,61658.40207,65371.4051,68672.45161,71196.96511,8700,0,,,,,,
7067,60029.04902,63643.93415,66857.74892,69315.55093,8700,0,,,,,,
7068,57984.44589,61476.20721,64580.55871,66954.64742,8700,0,,,,,,
7069,55430.61,58768.58205,61736.20716,64005.73278,8700,0,,,,,,
7070,58305.71327,61816.82097,64938.37237,67325.61491,8700,0,,,,,,
7071,59478.57894,63060.31535,66244.65924,68679.92305,8700,0,,,,,,
7072,61119.44008,64799.98739,68072.17915,70574.62563,8700,0,,,,,,
7073,63757.6686,67597.08721,71010.52354,73620.98846,8700,0,,,,,,
7074,64877.78888,68784.65994,72258.06489,74914.39149,8700,0,,,,,,
7075,65116.58165,69037.83255,72524.02191,75190.12554,8700,0,,,,,,
7076,63696.29214,67532.01473,70942.16511,73550.11705,8700,0,,,,,,
7077,62285.59271,66036.36449,69370.98932,71921.18223,8700,0,,,,,,
7078,60847.08207,64511.22828,67768.83862,70260.1338,8700,0,,,,,,
7079,59395.14533,62971.85746,66151.7345,68583.58225,8700,0,,,,,,
7080,58865.77341,62410.60733,65562.14304,67972.31643,8700,0,,,,,,
7081,55171.67809,58494.05754,61447.82004,63706.74407,8700,0,,,,,,
7082,53053.23142,56248.04028,59088.3861,61260.57341,8700,0,,,,,,
7083,51853.51354,54976.07667,57752.1924,59875.25902,8700,0,,,,,,
7084,51379.76404,54473.79848,57224.55077,59328.22041,8700,0,,,,,,
7085,51509.23,54611.06074,57368.74434,59477.71477,8700,0,,,,,,
7086,52419.32773,55575.96358,58382.37168,60528.60474,8700,0,,,,,,
7087,53546.16106,56770.65361,59637.38973,61829.75933,8700,0,,,,,,
7088,53696.72518,56930.28454,59805.08151,62003.61574,8700,0,,,,,,
7089,52398.22957,55553.59491,58358.87347,60504.24269,8700,0,,,,,,
7090,50196.34929,53219.11976,55906.5148,57961.73124,8700,0,,,,,,
7091,49253.64531,52219.64715,54856.57203,56873.19082,8700,0,,,,,,
7092,47559.07978,50423.0367,52969.2385,54916.47578,8700,0,,,,,,
7093,45891.36644,48654.89545,51111.81178,52990.76696,8700,0,,,,,,
7094,47128.4856,49966.5126,52489.6614,54419.26862,8700,0,,,,,,
7095,48381.90787,51295.41462,53885.66871,55866.59549,8700,0,,,,,,
7096,50436.10106,53473.30912,56173.53991,58238.57264,8700,0,,,,,,
7097,53315.99936,56526.63182,59381.04562,61563.99159,8700,0,,,,,,
7098,55210.03837,58534.72783,61490.54405,63751.03869,8700,0,,,,,,
7099,56621.69681,60031.39484,63062.78794,65381.08088,8700,0,,,,,,
7100,56213.15979,59598.25615,62607.77714,64909.34312,8700,0,,,,,,
7101,55796.95071,59156.98341,62144.22154,64428.74644,8700,0,,,,,,
7102,54927.13128,58234.78438,61175.45441,63424.36583,8700,0,,,,,,
7103,54263.49837,57531.18821,60436.32889,62658.06882,8700,0,,,,,,
7104,54173.3517,57435.613,60335.92744,62553.97645,8700,0,,,,,,
7105,51093.97993,54170.80476,56906.25684,58998.22546,8700,0,,,,,,
7106,48912.23879,51857.6815,54476.32827,56478.96867,8700,0,,,,,,
7107,47800.74957,50679.25959,53238.39982,55195.53192,8700,0,,,,,,
7108,47312.61496,50161.73003,52694.73669,54631.88282,8700,0,,,,,,
7109,47553.32574,50416.93616,52962.8299,54909.83159,8700,0,,,,,,
7110,48370.39978,51283.21352,53872.8515,55853.30709,8700,0,,,,,,
7111,49122.26134,52080.35138,54710.24227,56721.48174,8700,0,,,,,,
7112,48722.35538,51656.36351,54264.84437,56259.71027,8700,0,,,,,,
7113,46939.5612,49766.21137,52279.2456,54201.11759,8700,0,,,,,,
7114,44715.62375,47408.35079,49802.32061,51633.13672,8700,0,,,,,,
7115,44182.4158,46843.03363,49208.45674,51017.44143,8700,0,,,,,,
7116,42951.0507,45537.51704,47837.01575,49595.58399,8700,0,,,,,,
7117,42397.7036,44950.84797,47220.72177,48956.63401,8700,0,,,,,,
7118,43308.76034,45916.76757,48235.41722,50008.63135,8700,0,,,,,,
7119,44816.31949,47515.11032,49914.47116,51749.41011,8700,0,,,,,,
7120,47340.42616,50191.21599,52725.71159,54663.99642,8700,0,,,,,,
7121,50601.05028,53648.19141,56357.25319,58429.03952,8700,0,,,,,,
7122,53349.56461,56562.21833,59418.42914,61602.74939,8700,0,,,,,,
7123,55333.75029,58665.88955,61628.32902,63893.88886,8700,0,,,,,,
7124,55150.57993,58471.68887,61424.32182,63682.38202,8700,0,,,,,,
7125,54758.34603,58055.83506,60987.46873,63229.46948,8700,0,,,,,,
7126,54217.46603,57482.38385,60385.06007,62604.91527,8700,0,,,,,,
7127,53481.90759,56702.53087,59565.82701,61755.56584,8700,0,,,,,,
7128,52619.76021,55788.46589,58605.60468,60760.04415,8700,0,,,,,,
7129,49723.55879,52717.85832,55379.94126,57415.79998,8700,0,,,,,,
7130,47800.74957,50679.25959,53238.39982,55195.53192,8700,0,,,,,,
7131,46819.68531,49639.11669,52145.73304,54062.69689,8700,0,,,,,,
7132,46751.59581,49566.92691,52069.89791,53984.07393,8700,0,,,,,,
7133,47460.30205,50318.31068,52859.22416,54802.41712,8700,0,,,,,,
7134,49576.8307,52562.29442,55216.52189,57246.37304,8700,0,,,,,,
7135,53260.37695,56467.65989,59319.0958,61499.76438,8700,0,,,,,,
7136,57592.21199,61060.3534,64143.70562,66501.73488,8700,0,,,,,,
7137,61193.28363,64878.27772,68154.42289,70659.89279,8700,0,,,,,,
7138,60294.69398,63925.57597,67153.61274,69622.2912,8700,0,,,,,,
7139,58998.11639,62550.91986,65709.54091,68125.13288,8700,0,,,,,,
7140,57133.8066,60574.34333,63633.15359,65972.41412,8700,0,,,,,,
7141,54383.37426,57658.28289,60569.84145,62796.48953,8700,0,,,,,,
7142,57112.70845,60551.97467,63609.65539,65948.05208,8700,0,,,,,,
7143,58846.59327,62390.27218,65540.78103,67950.16912,8700,0,,,,,,
7144,61189.4476,64874.21069,68150.15048,70655.46332,8700,0,,,,,,
7145,64449.11271,68330.16935,71780.62398,74419.39906,8700,0,,,,,,
7146,66003.66321,69978.33322,73512.01484,76214.43873,8700,0,,,,,,
7147,66280.81626,70272.17613,73820.69588,76534.4674,8700,0,,,,,,
7148,64733.93782,68632.14632,72097.84982,74748.28665,8700,0,,,,,,
7149,62769.89129,66549.82701,69910.38006,72480.40186,8700,0,,,,,,
7150,61186.57058,64871.16042,68146.94618,70652.14123,8700,0,,,,,,
7151,59645.44618,63237.23116,66430.50873,68872.60468,8700,0,,,,,,
7152,59259.92533,62828.49465,66001.13234,68427.4437,8700,0,,,,,,
7153,55638.71454,58989.21842,61967.98496,64246.03112,8700,0,,,,,,
7154,53747.55255,56984.17268,59861.69083,62062.30611,8700,0,,,,,,
7155,52560.30177,55725.42693,58539.38245,60691.38748,8700,0,,,,,,
7156,52267.80461,55415.3159,58213.61181,60353.64097,8700,0,,,,,,
7157,52768.40631,55946.0633,58771.16025,60931.68582,8700,0,,,,,,
7158,54422.69355,57699.96995,60613.63357,62841.89152,8700,0,,,,,,
7159,57315.05894,60766.51049,63835.02458,66181.70622,8700,0,,,,,,
7160,60544.03583,64189.93292,67431.31887,69910.20627,8700,0,,,,,,
7161,63127.60094,66929.07755,70308.78154,72893.44924,8700,0,,,,,,
7162,62079.40618,65817.76163,69141.34771,71683.09862,8700,0,,,,,,
7163,60638.97753,64290.5919,67537.06081,70019.83546,8700,0,,,,,,
7164,58720.00433,62256.06019,65399.79177,67803.99685,8700,0,,,,,,
7165,55693.37795,59047.17361,62028.86669,64309.15096,8700,0,,,,,,
7166,58297.08221,61807.67015,64928.75947,67315.64862,8700,0,,,,,,
7167,60065.49129,63682.57094,66898.33674,69357.63082,8700,0,,,,,,
7168,62135.02859,65876.73356,69203.29754,71747.32582,8700,0,,,,,,
7169,65144.39285,69067.31852,72554.99682,75222.23913,8700,0,,,,,,
7170,66416.99527,70416.55569,73972.36615,76691.71332,8700,0,,,,,,
7171,66747.85271,70767.33701,74340.8608,77073.75445,8700,0,,,,,,
7172,65368.80051,69305.23976,72804.93233,75481.36269,8700,0,,,,,,
7173,63393.2459,67210.71937,70604.64536,73200.18952,8700,0,,,,,,
7174,61726.49157,65443.59488,68748.28674,71275.58807,8700,0,,,,,,
7175,59960.95951,63571.74436,66781.91378,69236.92796,8700,0,,,,,,
7176,59225.40107,62791.89138,65962.68072,68387.57853,8700,0,,,,,,
7177,55647.34561,58998.36925,61977.59787,64255.99742,8700,0,,,,,,
7178,53655.48787,56886.56397,59759.15319,61955.99902,8700,0,,,,,,
7179,52728.12801,55903.35949,58726.30003,60885.17646,8700,0,,,,,,
7180,52286.02574,55434.63429,58233.90571,60374.68091,8700,0,,,,,,
7181,52921.84745,56108.7445,58942.05633,61108.86433,8700,0,,,,,,
7182,54515.71724,57798.59543,60717.23932,62949.30598,8700,0,,,,,,
7183,57252.72348,60700.42126,63765.59805,66109.72746,8700,0,,,,,,
7184,60665.82973,64319.06111,67566.96763,70050.8417,8700,0,,,,,,
7185,63726.02136,67563.53421,70975.27622,73584.44538,8700,0,,,,,,
7186,63116.09285,66916.87646,70295.96433,72880.16085,8700,0,,,,,,
7187,61232.60292,64919.96478,68198.215,70705.29478,8700,0,,,,,,
7188,58989.48533,62541.76905,65699.92801,68115.1666,8700,0,,,,,,
7189,55819.00788,59180.36884,62168.78785,64454.21586,8700,0,,,,,,
7190,58187.7554,61691.7598,64806.99601,67189.40894,8700,0,,,,,,
7191,59970.54958,63581.91194,66792.59478,69248.00162,8700,0,,,,,,
7192,61890.48179,65617.46041,68930.93193,71464.9476,8700,0,,,,,,
7193,64979.44363,68892.43623,72371.28354,75031.77225,8700,0,,,,,,
7194,66111.072,70092.21005,73631.64209,76338.46368,8700,0,,,,,,
7195,66090.93285,70070.85814,73609.21198,76315.209,8700,0,,,,,,
7196,64699.41356,68595.54305,72059.3982,74708.42149,8700,0,,,,,,
7197,63024.02817,66819.26774,70193.42668,72773.85375,8700,0,,,,,,
7198,61585.51753,65294.13153,68591.27598,71112.80532,8700,0,,,,,,
7199,60159.47398,63782.21316,67003.01058,69466.15265,8700,0,,,,,,
7200,59450.76774,63030.82939,66213.68433,68647.80946,8700,0,,,,,,
7201,55754.7544,59112.24608,62097.22512,64380.02236,8700,0,,,,,,
7202,53970.0422,57220.06042,60109.49014,62319.21494,8700,0,,,,,,
7203,53072.41156,56268.37542,59109.7481,61282.72072,8700,0,,,,,,
7204,52778.95539,55957.24764,58782.90936,60943.86684,8700,0,,,,,,
7205,53292.98319,56502.22964,59355.41121,61537.41481,8700,0,,,,,,
7206,54972.20461,58282.57198,61225.65513,63476.41201,8700,0,,,,,,
7207,57977.73284,61469.0899,64573.082,66946.89586,8700,0,,,,,,
7208,61009.15427,64683.06029,67949.3476,70447.27859,8700,0,,,,,,
7209,62651.93342,66424.76584,69779.0037,72344.1959,8700,0,,,,,,
7210,61278.63526,64968.76914,68249.48383,70758.44833,8700,0,,,,,,
7211,59844.91965,63448.71671,66652.67362,69102.93672,8700,0,,,,,,
7212,57648.79341,61120.34209,64206.72355,66567.06946,8700,0,,,,,,
7213,54747.79695,58044.65073,60975.71962,63217.28846,8700,0,,,,,,
7214,57391.77951,60847.85109,63920.47262,66270.29547,8700,0,,,,,,
7215,59336.6459,62909.83526,66086.58038,68516.03295,8700,0,,,,,,
7216,61723.61455,65440.5446,68745.08244,71272.26597,8700,0,,,,,,
7217,65075.34434,68994.11198,72478.09358,75142.50881,8700,0,,,,,,
7218,66314.38151,70307.76264,73858.0794,76573.22519,8700,0,,,,,,
7219,66639.48491,70652.44342,74220.16545,76948.62213,8700,0,,,,,,
7220,65277.69484,69208.64781,72703.46279,75376.16296,8700,0,,,,,,
7221,63324.19739,67137.51283,70527.74213,73120.45919,8700,0,,,,,,
7222,61660.32008,65373.43861,68674.58781,71199.17984,8700,0,,,,,,
7223,60110.56462,63730.35853,66948.53745,69409.677,8700,0,,,,,,
7224,59290.61355,62861.03089,66035.31155,68462.87939,8700,0,,,,,,
7225,55591.7232,58939.39732,61915.64804,64191.77021,8700,0,,,,,,
7226,53686.1761,56919.10021,59793.3324,61991.43472,8700,0,,,,,,
7227,52635.10433,55804.73402,58622.69429,60777.76201,8700,0,,,,,,
7228,52377.13142,55531.22626,58335.37527,60479.88065,8700,0,,,,,,
7229,52834.5778,56016.21957,58844.85919,61008.09405,8700,0,,,,,,
7230,54368.03014,57642.01477,60552.75184,62778.77167,8700,0,,,,,,
7231,57143.39667,60584.5109,63643.8346,65983.48777,8700,0,,,,,,
7232,60299.48902,63930.65976,67158.95325,69627.82803,8700,0,,,,,,
7233,61675.6642,65389.70674,68691.67742,71216.8977,8700,0,,,,,,
7234,60691.72292,64346.51356,67595.80634,70080.74057,8700,0,,,,,,
7235,60005.07384,63618.51521,66831.0464,69287.86678,8700,0,,,,,,
7236,58532.99795,62057.79249,65191.51218,67588.06056,8700,0,,,,,,
7237,56144.11128,59525.04962,62530.87391,64829.6128,8700,0,,,,,,
7238,58386.26987,61902.2286,65028.09281,67418.63362,8700,0,,,,,,
7239,59504.47214,63087.76781,66273.49796,68709.82193,8700,0,,,,,,
7240,61261.37313,64950.4675,68230.25801,70738.51574,8700,0,,,,,,
7241,63912.06874,67760.78517,71182.48772,73799.27432,8700,0,,,,,,
7242,64907.5181,68816.17942,72291.176,74948.71983,8700,0,,,,,,
7243,64707.08562,68603.67711,72067.94301,74717.28042,8700,0,,,,,,
7244,63335.70547,67149.71392,70540.55933,73133.74757,8700,0,,,,,,
7245,61807.04817,65529.00251,68838.00719,71368.60678,8700,0,,,,,,
7246,60483.61838,64125.87719,67364.02854,69840.44223,8700,0,,,,,,
7247,59057.57483,62613.95882,65775.76314,68193.78955,8700,0,,,,,,
7248,58572.31724,62099.47954,65235.3043,67633.46255,8700,0,,,,,,
7249,55001.93383,58314.09146,61258.76625,63510.74035,8700,0,,,,,,
7250,52947.74064,56136.19695,58970.89505,61138.7632,8700,0,,,,,,
7251,51785.42404,54903.88689,57676.35727,59796.63606,8700,0,,,,,,
7252,51301.12546,54390.42437,57136.96654,59237.41643,8700,0,,,,,,
7253,51441.14049,54538.87095,57292.9092,59399.0918,8700,0,,,,,,
7254,52428.9178,55586.13116,58393.05269,60539.67839,8700,0,,,,,,
7255,53668.91397,56900.79857,59774.10659,61971.50214,8700,0,,,,,,
7256,54364.19412,57637.94775,60548.47944,62774.34222,8700,0,,,,,,
7257,55085.36745,58402.54936,61351.69099,63607.08116,8700,0,,,,,,
7258,54485.98802,57767.07595,60684.1282,62914.97765,8700,0,,,,,,
7259,54118.6883,57377.65783,60275.04572,62490.85661,8700,0,,,,,,
7260,53516.43184,56739.13413,59604.27862,61795.431,8700,0,,,,,,
7261,52290.82078,55439.71808,58239.24622,60380.21775,8700,0,,,,,,
7262,53606.57851,56834.70934,59704.68006,61899.52337,8700,0,,,,,,
7263,53766.7327,57004.50784,59883.05285,62084.45344,8700,0,,,,,,
7264,53772.48674,57010.60838,59889.46145,62091.09763,8700,0,,,,,,
7265,54407.34943,57683.70182,60596.54395,62824.17366,8700,0,,,,,,
7266,55900.52348,59266.79322,62259.57639,64548.34194,8700,0,,,,,,
7267,57319.85398,60771.59428,63840.36509,66187.24305,8700,0,,,,,,
7268,57034.06986,60468.60055,63522.07114,65857.24809,8700,0,,,,,,
7269,56308.10149,59698.91514,62713.51909,65018.97232,8700,0,,,,,,
7270,55491.98646,58833.65454,61804.56559,64076.60418,8700,0,,,,,,
7271,54802.46036,58102.60591,61036.60136,63280.4083,8700,0,,,,,,
7272,54584.76575,57871.80197,60794.14255,63029.03631,8700,0,,,,,,
7273,51491.00886,54591.74234,57348.45043,59456.67481,8700,0,,,,,,
7274,49386.9473,52360.97645,55005.038,57027.11465,8700,0,,,,,,
7275,48213.12262,51116.4653,53697.68303,55671.69913,8700,0,,,,,,
7276,47661.69354,50531.82975,53083.52525,55034.9639,8700,0,,,,,,
7277,47986.79694,50876.51053,53445.61131,55410.36084,8700,0,,,,,,
7278,48745.37155,51680.76569,54290.47878,56286.28705,8700,0,,,,,,
7279,49757.12404,52753.44483,55417.32478,57454.55778,8700,0,,,,,,
7280,49461.74985,52440.28353,55088.34983,57113.48916,8700,0,,,,,,
7281,47693.34077,50565.38274,53118.77257,55071.50696,8700,0,,,,,,
7282,45847.25212,48608.12461,51062.67917,52939.82815,8700,0,,,,,,
7283,45292.94602,48020.43879,50445.31709,52299.77082,8700,0,,,,,,
7284,44084.59708,46739.32437,49099.5105,50904.49014,8700,0,,,,,,
7285,43770.04275,46405.82791,48749.17354,50541.27421,8700,0,,,,,,
7286,44882.49098,47585.26659,49988.17009,51825.81833,8700,0,,,,,,
7287,46282.64134,49069.7325,51547.59678,53442.57214,8700,0,,,,,,
7288,48447.12035,51364.55412,53958.29954,55941.89634,8700,0,,,,,,
7289,51556.22135,54660.88186,57421.08127,59531.97569,8700,0,,,,,,
7290,54127.31936,57386.80864,60284.65862,62500.8229,8700,0,,,,,,
7291,55776.81156,59135.6315,62121.79143,64405.49176,8700,0,,,,,,
7292,55659.8127,59011.58709,61991.48317,64270.39317,8700,0,,,,,,
7293,55288.67695,58618.10194,61578.12829,63841.84267,8700,0,,,,,,
7294,54722.86277,58018.21504,60947.94901,63188.49696,8700,0,,,,,,
7295,53808.92901,57049.24517,59930.04927,62133.17752,8700,0,,,,,,
7296,52895.95426,56081.29205,58913.21762,61078.96546,8700,0,,,,,,
7297,49962.35156,52971.03094,55645.89828,57691.53403,8700,0,,,,,,
7298,48036.66531,50929.38192,53501.15253,55467.94386,8700,0,,,,,,
7299,47189.86205,50031.58507,52558.01982,54490.14002,8700,0,,,,,,
7300,47010.52772,49841.45142,52358.28503,54283.06264,8700,0,,,,,,
7301,47678.95567,50550.13139,53102.75107,55054.89649,8700,0,,,,,,
7302,49773.42716,52770.72971,55435.48249,57473.383,8700,0,,,,,,
7303,53399.43298,56615.08972,59473.97037,61660.3324,8700,0,,,,,,
7304,58027.60121,61521.96129,64628.62323,67004.47887,8700,0,,,,,,
7305,62466.84505,66228.53165,69572.86031,72130.47433,8700,0,,,,,,
7306,62083.24221,65821.82866,69145.62012,71687.52808,8700,0,,,,,,
7307,61116.56306,64796.93712,68068.97485,70571.30354,8700,0,,,,,,
7308,59748.05994,63346.02421,66544.79548,68991.0928,8700,0,,,,,,
7309,57190.38802,60634.33202,63696.17152,66037.74869,8700,0,,,,,,
7310,60310.03809,63941.84408,67170.70235,69640.00905,8700,0,,,,,,
7311,62333.54306,66087.20236,69424.39434,71976.5505,8700,0,,,,,,
7312,63979.19923,67831.95818,71257.25474,73876.7899,8700,0,,,,,,
7313,66419.87229,70419.60596,73975.57045,76695.03541,8700,0,,,,,,
7314,65993.11413,69967.14888,73500.26573,76202.25771,8700,0,,,,,,
7315,65943.24576,69914.27749,73444.72451,76144.67469,8700,0,,,,,,
7316,64612.14392,68503.01812,71962.20106,74607.65122,8700,0,,,,,,
7317,63135.27299,66937.21161,70317.32633,72902.30816,8700,0,,,,,,
7318,61661.27909,65374.45537,68675.65591,71200.28721,8700,0,,,,,,
7319,59840.12462,63443.63293,66647.33312,69097.3999,8700,0,,,,,,
7320,59376.92419,62952.53906,66131.44059,68562.5423,8700,0,,,,,,
7321,55746.12334,59103.09527,62087.61222,64370.05607,8700,0,,,,,,
7322,53788.78986,57027.89326,59907.61916,62109.92284,8700,0,,,,,,
7323,52889.24121,56074.17475,58905.74092,61071.2139,8700,0,,,,,,
7324,52557.42475,55722.37666,58536.17815,60688.06538,8700,0,,,,,,
7325,53119.40291,56318.19654,59162.08503,61336.98164,8700,0,,,,,,
7326,54816.84546,58117.85727,61052.62286,63297.01878,8700,0,,,,,,
7327,57687.15369,61161.01239,64249.44756,66611.36408,8700,0,,,,,,
7328,61199.99668,64885.39503,68161.89959,70667.64435,8700,0,,,,,,
7329,63791.23384,67632.67372,71047.90705,73659.74624,8700,0,,,,,,
7330,62779.48136,66559.99458,69921.06106,72491.47552,8700,0,,,,,,
7331,61580.72249,65289.04774,68585.93547,71107.26849,8700,0,,,,,,
7332,59839.16561,63442.61617,66646.26502,69096.29253,8700,0,,,,,,
7333,57088.73327,60526.55573,63582.95287,65920.36794,8700,0,,,,,,
7334,60301.40703,63932.69327,67161.08945,69630.04276,8700,0,,,,,,
7335,62455.33696,66216.33056,69560.0431,72117.18594,8700,0,,,,,,
7336,64522.95626,68408.45968,71862.86772,74504.66622,8700,0,,,,,,
7337,66615.50973,70627.02448,74193.46294,76920.93799,8700,0,,,,,,
7338,66487.00278,70490.77898,74050.33747,76772.551,8700,0,,,,,,
7339,66702.77938,70719.54942,74290.66008,77021.70827,8700,0,,,,,,
7340,65271.9408,69202.54727,72697.05419,75369.51877,8700,0,,,,,,
7341,63748.07853,67586.91964,70999.84254,73609.9148,8700,0,,,,,,
7342,61921.17001,65649.99664,68965.11114,71500.38329,8700,0,,,,,,
7343,60060.69625,63677.48714,66892.99623,69352.09399,8700,0,,,,,,
7344,59677.09341,63270.78415,66465.75604,68909.14774,8700,0,,,,,,
7345,56112.46405,59491.49662,62495.6266,64793.06974,8700,0,,,,,,
7346,54211.71199,57476.28331,60378.65147,62598.27108,8700,0,,,,,,
7347,53081.04262,56277.52624,59119.361,61292.68701,8700,0,,,,,,
7348,52768.40631,55946.0633,58771.16025,60931.68582,8700,0,,,,,,
7349,53301.61426,56511.38046,59365.02412,61547.38111,8700,0,,,,,,
7350,54816.84546,58117.85727,61052.62286,63297.01878,8700,0,,,,,,
7351,57655.50646,61127.4594,64214.20025,66574.82102,8700,0,,,,,,
7352,61336.17568,65029.77458,68313.56985,70824.89026,8700,0,,,,,,
7353,64083.73101,67942.78475,71373.6777,73997.49276,8700,0,,,,,,
7354,62659.60547,66432.8999,69787.5485,72353.05481,8700,0,,,,,,
7355,61125.19412,64806.08794,68078.58775,70581.26982,8700,0,,,,,,
7356,59278.14646,62847.81304,66021.42624,68448.48364,8700,0,,,,,,
7357,56453.87057,59853.46228,62875.87036,65187.29189,8700,0,,,,,,
7358,59848.75568,63452.78374,66656.94602,69107.36618,8700,0,,,,,,
7359,61801.29413,65522.90197,68831.59859,71361.96259,8700,0,,,,,,
7360,64299.5076,68171.55518,71614.0003,74246.65002,8700,0,,,,,,
7361,66745.9347,70765.3035,74338.7246,77071.53972,8700,0,,,,,,
7362,66208.89073,70195.91932,73740.58834,76451.41498,8700,0,,,,,,
7363,66001.74519,69976.2997,73509.87863,76212.22399,8700,0,,,,,,
7364,64632.28307,68524.37003,71984.63117,74630.9059,8700,0,,,,,,
7365,63442.15526,67262.574,70659.11848,73256.66516,8700,0,,,,,,
7366,61786.90902,65507.6506,68815.57708,71345.35211,8700,0,,,,,,
7367,60111.52363,63731.37529,66949.60556,69410.78437,8700,0,,,,,,
7368,59942.73838,63552.42598,66761.61987,69215.88802,8700,0,,,,,,
7369,56383.86305,59779.23898,62797.89902,65106.4542,8700,0,,,,,,
7370,54354.60404,57627.78016,60537.79843,62763.26855,8700,0,,,,,,
7371,53415.7361,56632.3746,59492.12807,61679.15762,8700,0,,,,,,
7372,53024.46121,56217.53755,59056.34309,61227.35245,8700,0,,,,,,
7373,53432.99823,56650.67624,59511.35388,61699.0902,8700,0,,,,,,
7374,55136.19483,58456.43751,61408.30032,63665.77154,8700,0,,,,,,
7375,58088.97767,61587.03378,64696.98167,67075.35028,8700,0,,,,,,
7376,61647.85299,65360.22076,68660.70251,71184.78409,8700,0,,,,,,
7377,64416.50647,68295.5996,71744.30856,74381.74863,8700,0,,,,,,
7378,62892.6442,66679.97197,70047.09692,72622.14467,8700,0,,,,,,
7379,61563.46037,65270.74611,68566.70967,71087.33592,8700,0,,,,,,
7380,59643.52816,63235.19764,66428.37252,68870.38994,8700,0,,,,,,
7381,57097.36433,60535.70654,63592.56577,65930.33422,8700,0,,,,,,
7382,60725.28817,64382.10008,67633.18986,70119.49837,8700,0,,,,,,
7383,63045.12633,66841.63641,70216.9249,72798.2158,8700,0,,,,,,
7384,64889.29697,68796.86103,72270.8821,74927.67989,8700,0,,,,,,
7385,67273.3886,71324.52011,74926.17986,77680.59081,8700,0,,,,,,
7386,66995.27654,71029.66044,74616.43072,77359.45478,8700,0,,,,,,
7387,66885.94973,70913.75009,74494.66727,77233.21509,8700,0,,,,,,
7388,65475.2503,69418.09985,72923.49148,75604.28027,8700,0,,,,,,
7389,63890.97058,67738.4165,71158.9895,73774.91227,8700,0,,,,,,
7390,62253.94547,66002.81149,69335.742,71884.63916,8700,0,,,,,,
7391,60624.59242,64275.34054,67521.0393,70003.22497,8700,0,,,,,,
7392,60221.80944,63848.3024,67072.4371,69538.13141,8700,0,,,,,,
7393,56586.21355,59993.77481,63023.26823,65340.10835,8700,0,,,,,,
7394,54437.07865,57715.22131,60629.65507,62858.50199,8700,0,,,,,,
7395,53474.23553,56694.3968,59557.2822,61746.70692,8700,0,,,,,,
7396,53146.25511,56346.66575,59191.99184,61367.98788,8700,0,,,,,,
7397,53646.85681,56877.41315,59749.54029,61946.03273,8700,0,,,,,,
7398,55252.23468,58579.46516,61537.54047,63799.76277,8700,0,,,,,,
7399,58091.85469,61590.08405,64700.18597,67078.67238,8700,0,,,,,,
7400,61548.11625,65254.47798,68549.62005,71069.61806,8700,0,,,,,,
7401,64773.25711,68673.83338,72141.64194,74793.68864,8700,0,,,,,,
7402,63564.90817,67392.71896,70795.83535,73398.40796,8700,0,,,,,,
7403,62096.66831,65836.06326,69160.57353,71703.0312,8700,0,,,,,,
7404,60149.88391,63772.04559,66992.32957,69455.07899,8700,0,,,,,,
7405,57479.04915,60940.37602,64017.66976,66371.06574,8700,0,,,,,,
7406,60876.81129,64542.74776,67801.94973,70294.46213,8700,0,,,,,,
7407,63099.78973,66899.59158,70277.80662,72861.33564,8700,0,,,,,,
7408,64647.62718,68540.63815,72001.72078,74648.62375,8700,0,,,,,,
7409,65924.06562,69893.94235,73423.3625,76122.52738,8700,0,,,,,,
7410,65299.752,69232.03323,72728.02909,75401.63236,8700,0,,,,,,
7411,64916.14916,68825.33023,72300.7889,74958.68611,8700,0,,,,,,
7412,63697.25115,67533.03149,70943.23321,73551.22442,8700,0,,,,,,
7413,62527.2625,66292.58737,69640.15064,72200.23837,8700,0,,,,,,
7414,60946.81881,64616.97106,67879.92107,70375.29983,8700,0,,,,,,
7415,59610.92192,63200.62788,66392.0571,68832.73951,8700,0,,,,,,
7416,59627.22504,63217.91276,66410.21481,68851.56472,8700,0,,,,,,
7417,56028.07142,59402.02196,62401.63375,64695.62156,8700,0,,,,,,
7418,53886.60858,57131.60252,60016.5654,62222.87413,8700,0,,,,,,
7419,52695.52177,55868.78973,58689.98462,60847.52603,8700,0,,,,,,
7420,52208.34617,55352.27694,58147.38958,60284.9843,8700,0,,,,,,
7421,52433.71284,55591.21495,58398.3932,60545.21523,8700,0,,,,,,
7422,53311.20433,56521.54804,59375.70513,61558.45477,8700,0,,,,,,
7423,54626.96206,57916.53929,60841.13897,63077.76039,8700,0,,,,,,
7424,54994.26178,58305.95741,61250.22145,63501.88143,8700,0,,,,,,
7425,54150.33553,57411.21082,60310.29303,62527.39968,8700,0,,,,,,
7426,51927.35709,55054.367,57834.43614,59960.52617,8700,0,,,,,,
7427,50968.35,54037.60953,56766.33568,58853.16056,8700,0,,,,,,
7428,49495.3151,52475.87004,55125.73335,57152.24696,8700,0,,,,,,
7429,48015.56716,50907.01326,53477.65433,55443.58182,8700,0,,,,,,
7430,49384.07028,52357.92618,55001.8337,57023.79255,8700,0,,,,,,
7431,50741.06532,53796.63801,56513.19587,58590.71491,8700,0,,,,,,
7432,52423.16376,55580.03062,58386.64409,60533.0342,8700,0,,,,,,
7433,54729.57582,58025.33234,60955.42572,63196.24852,8700,0,,,,,,
7434,56108.62802,59487.42959,62491.35419,64788.64028,8700,0,,,,,,
7435,57017.76674,60451.31567,63503.91343,65838.42288,8700,0,,,,,,
7436,56632.24589,60042.57917,63074.53705,65393.2619,8700,0,,,,,,
7437,56308.10149,59698.91514,62713.51909,65018.97232,8700,0,,,,,,
7438,55724.06617,59079.70984,62063.0459,64344.58666,8700,0,,,,,,
7439,55070.98234,58387.298,61335.66948,63590.47067,8700,0,,,,,,
7440,55046.04816,58360.86231,61307.89887,63561.67917,8700,0,,,,,,
7441,51879.40674,55003.52913,57781.03112,59905.1579,8700,0,,,,,,
7442,49716.84574,52710.74102,55372.46456,57408.04842,8700,0,,,,,,
7443,48418.35014,51334.0514,53926.25653,55908.67538,8700,0,,,,,,
7444,48118.18092,51015.80631,53591.94108,55562.06994,8700,0,,,,,,
7445,48368.48177,51281.18001,53870.7153,55851.09237,8700,0,,,,,,
7446,49212.40801,52175.92659,54810.64371,56825.57411,8700,0,,,,,,
7447,50108.12063,53125.57806,55808.24955,57859.85359,8700,0,,,,,,
7448,49804.11539,52803.26595,55469.66171,57508.8187,8700,0,,,,,,
7449,47750.8812,50626.3882,53182.8586,55137.94891,8700,0,,,,,,
7450,45661.20474,48410.87365,50855.46767,52724.99922,8700,0,,,,,,
7451,45561.468,48305.13087,50744.38522,52609.83319,8700,0,,,,,,
7452,44402.98744,47076.88785,49454.11986,51272.13553,8700,0,,,,,,
7453,44202.55495,46864.38553,49230.88686,51040.69611,8700,0,,,,,,
7454,45239.24162,47963.50037,50385.50347,52237.75835,8700,0,,,,,,
7455,47239.73042,50084.45646,52613.56105,54547.72303,8700,0,,,,,,
7456,49769.59113,52766.66268,55431.21009,57468.95353,8700,0,,,,,,
7457,52070.24915,55205.86386,57993.58312,60125.52365,8700,0,,,,,,
7458,54531.06135,57814.86354,60734.32892,62967.02383,8700,0,,,,,,
7459,55977.24405,59348.13382,62345.02443,64636.93119,8700,0,,,,,,
7460,55720.23015,59075.64282,62058.77351,64340.1572,8700,0,,,,,,
7461,55325.11922,58656.73873,61618.7161,63883.92256,8700,0,,,,,,
7462,54807.25539,58107.68969,61041.94185,63285.94513,8700,0,,,,,,
7463,54194.44986,57457.98167,60359.42565,62578.3385,8700,0,,,,,,
7464,53215.30362,56419.87229,59268.89508,61447.7182,8700,0,,,,,,
7465,50288.41397,53316.72848,56009.05244,58068.03833,8700,0,,,,,,
7466,48529.59496,51451.99527,54050.15618,56037.12979,8700,0,,,,,,
7467,47634.84134,50503.36054,53053.61844,55003.95766,8700,0,,,,,,
7468,47501.53935,50362.03125,52905.15247,54850.03384,8700,0,,,,,,
7469,48173.80333,51074.77824,53653.89091,55626.29715,8700,0,,,,,,
7470,50127.30078,53145.91322,55829.61157,57882.00091,8700,0,,,,,,
7471,53634.38972,56864.19531,59735.65498,61931.63698,8700,0,,,,,,
7472,58827.41313,62369.93703,65519.41903,67928.02181,8700,0,,,,,,
7473,65760.07541,69720.07682,73240.71732,75933.16787,8700,0,,,,,,
7474,68829.85711,72974.71749,76659.70692,79477.84521,8700,0,,,,,,
7475,69625.833,73818.6262,77546.23031,80396.95867,8700,0,,,,,,
7476,68978.50321,73132.3149,76825.26249,79649.48688,8700,0,,,,,,
7477,65527.03668,69473.00475,72981.1689,75664.07801,8700,0,,,,,,
7478,67225.43825,71273.68224,74872.77484,77625.22253,8700,0,,,,,,
7479,67470.94406,71533.97215,75146.20856,77908.70813,8700,0,,,,,,
7480,67601.36903,71672.25117,75291.47023,78059.30986,8700,0,,,,,,
7481,68483.65555,72607.66804,76274.12265,79078.08622,8700,0,,,,,,
7482,67614.79513,71686.48578,75306.42363,78074.81298,8700,0,,,,,,
7483,67587.94293,71658.01657,75276.51682,78043.80674,8700,0,,,,,,
7484,66205.0547,70191.85229,73736.31594,76446.98551,8700,0,,,,,,
7485,64509.53016,68394.22507,71847.91431,74489.1631,8700,0,,,,,,
7486,62525.34448,66290.55385,69638.01444,72198.02363,8700,0,,,,,,
7487,60710.90306,64366.84871,67617.16835,70102.88788,8700,0,,,,,,
7488,60779.95157,64440.05525,67694.07158,70182.6182,8700,0,,,,,,
7489,57250.80547,60698.38775,63763.46186,66107.51273,8700,0,,,,,,
7490,55106.46561,58424.91803,61375.18921,63631.44321,8700,0,,,,,,
7491,54035.25468,57289.19993,60182.12097,62394.5158,8700,0,,,,,,
7492,53772.48674,57010.60838,59889.46145,62091.09763,8700,0,,,,,,
7493,54262.53936,57530.17145,60435.26078,62656.96145,8700,0,,,,,,
7494,55957.1049,59326.78191,62322.59432,64613.67651,8700,0,,,,,,
7495,58970.30519,62521.4339,65678.566,68093.01929,8700,0,,,,,,
7496,63275.28803,67085.6582,70473.26901,73063.98355,8700,0,,,,,,
7497,68312.95229,72426.68522,76084.00077,78880.97514,8700,0,,,,,,
7498,68954.52804,73106.89597,76798.55999,79621.80275,8700,0,,,,,,
7499,68558.45811,72686.97513,76357.4345,79164.46074,8700,0,,,,,,
7500,67780.70335,71862.38481,75491.20501,78266.38722,8700,0,,,,,,
7501,65474.29129,69417.08309,72922.42338,75603.17291,8700,0,,,,,,
7502,68288.97711,72401.26628,76057.29826,78853.291,8700,0,,,,,,
7503,68437.62321,72558.86369,76222.85383,79024.93267,8700,0,,,,,,
7504,68747.3825,72887.27635,76567.85028,79382.61176,8700,0,,,,,,
7505,69815.71641,74019.94418,77757.71421,80616.21707,8700,0,,,,,,
7506,69032.20761,73189.25332,76885.07612,79711.49936,8700,0,,,,,,
7507,68761.76761,72902.52771,76583.87179,79399.22225,8700,0,,,,,,
7508,67138.1686,71181.15731,74775.5777,77524.45226,8700,0,,,,,,
7509,65449.35711,69390.6474,72894.65277,75574.3814,8700,0,,,,,,
7510,63354.88562,67170.04907,70561.92135,73155.89489,8700,0,,,,,,
7511,61520.30505,65224.99202,68518.64515,71037.50447,8700,0,,,,,,
7512,62046.79994,65783.19187,69105.0323,71645.44819,8700,0,,,,,,
7513,58423.67114,61941.88213,65069.74872,67461.82088,8700,0,,,,,,
7514,56397.28915,59793.47359,62812.85243,65121.95732,8700,0,,,,,,
7515,55211.95639,58536.76135,61492.68026,63753.25342,8700,0,,,,,,
7516,54729.57582,58025.33234,60955.42572,63196.24852,8700,0,,,,,,
7517,55297.30802,58627.25277,61587.7412,63851.80896,8700,0,,,,,,
7518,56971.7344,60402.51131,63452.64461,65785.26933,8700,0,,,,,,
7519,59925.47625,63534.12434,66742.39406,69195.95544,8700,0,,,,,,
7520,64213.19697,68080.04702,71517.87127,74146.98713,8700,0,,,,,,
7521,69508.83414,73694.58179,77415.92206,80261.86007,8700,0,,,,,,
7522,70196.44222,74423.5969,78181.75009,81055.84122,8700,0,,,,,,
7523,69907.78109,74117.5529,77860.25186,80722.52417,8700,0,,,,,,
7524,68944.93796,73096.72839,76787.87898,79610.72908,8700,0,,,,,,
7525,66822.65527,70846.6441,74424.17265,77160.12897,8700,0,,,,,,
7526,69733.2418,73932.50304,77665.85757,80520.98363,8700,0,,,,,,
7527,69382.2452,73560.3698,77274.9328,80115.68781,8700,0,,,,,,
7528,69355.393,73531.90059,77245.02598,80084.68157,8700,0,,,,,,
7529,70464.96421,74708.28899,78480.81823,81365.90359,8700,0,,,,,,
7530,68991.92931,73146.54951,76840.2159,79664.99,8700,0,,,,,,
7531,68429.95116,72550.72963,76214.30903,79016.07375,8700,0,,,,,,
7532,66991.44052,71025.59342,74612.15833,77355.02532,8700,0,,,,,,
7533,65654.58463,69608.2335,73123.22627,75811.35765,8700,0,,,,,,
7534,63746.16051,67584.88612,70997.70633,73607.70006,8700,0,,,,,,
7535,62171.47086,65915.37034,69243.88536,71789.40571,8700,0,,,,,,
7536,62489.86122,66252.93383,69598.49472,72157.0511,8700,0,,,,,,
7537,58987.56731,62539.73553,65697.7918,68112.95186,8700,0,,,,,,
7538,56851.85852,60275.41664,63319.13206,65646.84863,8700,0,,,,,,
7539,55720.23015,59075.64282,62058.77351,64340.1572,8700,0,,,,,,
7540,55383.61866,58718.76094,61683.87024,63951.47187,8700,0,,,,,,
7541,55868.87625,59233.24023,62224.32908,64511.79887,8700,0,,,,,,
7542,57599.88405,61068.48746,64152.25042,66510.59381,8700,0,,,,,,
7543,60644.73157,64296.69245,67543.46941,70026.47965,8700,0,,,,,,
7544,64680.23342,68575.2079,72038.03619,74686.27418,8700,0,,,,,,
7545,67953.32463,72045.40116,75683.4631,78465.71303,8700,0,,,,,,
7546,67496.83725,71561.4246,75175.04727,77938.607,8700,0,,,,,,
7547,67668.49952,71743.42419,75366.23725,78136.82544,8700,0,,,,,,
7548,67659.86846,71734.27338,75356.62435,78126.85916,8700,0,,,,,,
7549,65499.22548,69443.51879,72950.194,75631.96442,8700,0,,,,,,
7550,68987.13428,73141.46572,76834.87541,79659.45318,8700,0,,,,,,
7551,69777.35612,73979.27388,77714.99019,80571.92244,8700,0,,,,,,
7552,70484.14435,74728.62414,78502.18024,81388.0509,8700,0,,,,,,
7553,71645.50194,75959.91744,79795.6499,82729.07067,8700,0,,,,,,
7554,70851.44407,75118.04226,78911.26272,81812.17194,8700,0,,,,,,
7555,69990.2557,74204.99404,77952.1085,80817.75761,8700,0,,,,,,
7556,68310.07527,72423.63495,76080.79647,78877.65305,8700,0,,,,,,
7557,66622.22278,70634.14178,74200.93964,76928.68955,8700,0,,,,,,
7558,64738.73285,68637.2301,72103.19032,74753.82348,8700,0,,,,,,
7559,62979.91384,66772.49689,70144.29406,72722.91493,8700,0,,,,,,
7560,63061.42945,66858.92129,70235.0826,72817.04102,8700,0,,,,,,
7561,59526.5293,63111.15323,66298.06427,68735.29134,8700,0,,,,,,
7562,57443.56589,60902.75599,63978.15004,66330.09321,8700,0,,,,,,
7563,56305.22447,59695.86487,62710.31479,65015.65022,8700,0,,,,,,
7564,55892.85142,59258.65916,62251.03158,64539.48301,8700,0,,,,,,
7565,56223.70887,59609.44049,62619.52625,64921.52415,8700,0,,,,,,
7566,57801.27554,61282.00653,64376.55152,66743.14059,8700,0,,,,,,
7567,60965.03994,64636.28944,67900.21497,70396.33977,8700,0,,,,,,
7568,64892.17399,68799.91131,72274.0864,74931.00198,8700,0,,,,,,
7569,68301.4442,72414.48412,76071.18356,78867.68675,8700,0,,,,,,
7570,67307.91286,71361.12339,74964.63148,77720.45598,8700,0,,,,,,
7571,67109.39839,71150.65459,74743.53468,77491.23129,8700,0,,,,,,
7572,66567.55938,70576.18661,74140.05792,76865.56972,8700,0,,,,,,
7573,64622.69299,68514.20245,71973.95016,74619.83223,8700,0,,,,,,
7574,67533.27952,71600.06139,75215.63509,77980.68689,8700,0,,,,,,
7575,68765.60364,72906.59475,76588.1442,79403.65172,8700,0,,,,,,
7576,69519.38321,73705.76612,77427.67116,80274.04109,8700,0,,,,,,
7577,70827.46889,75092.62332,78884.5602,81784.4878,8700,0,,,,,,
7578,69701.59456,73898.95004,77630.61025,80484.44056,8700,0,,,,,,
7579,68392.54988,72511.07609,76172.65311,78972.88649,8700,0,,,,,,
7580,66846.63044,70872.06303,74450.87515,77187.81311,8700,0,,,,,,
7581,65517.44661,69462.83717,72970.4879,75653.00436,8700,0,,,,,,
7582,63820.96306,67664.1932,71081.01817,73694.07458,8700,0,,,,,,
7583,62485.06618,66247.85004,69593.15421,72151.51427,8700,0,,,,,,
7584,62866.75101,66652.51952,70018.25821,72592.2458,8700,0,,,,,,
7585,59304.99866,62876.28225,66051.33306,68479.48988,8700,0,,,,,,
7586,56919.94802,60347.60641,63394.96719,65725.47159,8700,0,,,,,,
7587,55476.64234,58817.38641,61787.47598,64058.88633,8700,0,,,,,,
7588,54948.22944,58257.15305,61198.95263,63448.72788,8700,0,,,,,,
7589,55099.75256,58417.80073,61367.7125,63623.69165,8700,0,,,,,,
7590,56042.45653,59417.27332,62417.65526,64712.23205,8700,0,,,,,,
7591,57227.7893,60673.98557,63737.82744,66080.93596,8700,0,,,,,,
7592,57870.32405,61355.21307,64453.45476,66822.87092,8700,0,,,,,,
7593,57291.08376,60741.09155,63808.32207,66154.02208,8700,0,,,,,,
7594,54858.08277,58161.57784,61098.55118,63344.63551,8700,0,,,,,,
7595,53831.94518,57073.64735,59955.68368,62159.7543,8700,0,,,,,,
7596,52026.13482,55159.09302,57944.45049,60074.58483,8700,0,,,,,,
7597,50657.6317,53708.1801,56420.27112,58494.3741,8700,0,,,,,,
7598,52085.59326,55222.13198,58010.67272,60143.2415,8700,0,,,,,,
7599,53267.09,56474.77719,59326.5725,61507.51594,8700,0,,,,,,
7600,54670.11738,57962.29338,60889.20349,63127.59185,8700,0,,,,,,
7601,56808.7032,60229.66255,63271.06754,65597.01718,8700,0,,,,,,
7602,58289.41015,61799.53609,64920.21466,67306.78969,8700,0,,,,,,
7603,58942.49398,62491.94793,65647.59108,68060.90568,8700,0,,,,,,
7604,58562.72717,62089.31197,65224.62329,67622.38889,8700,0,,,,,,
7605,58236.66476,61743.61443,64861.46914,67245.88458,8700,0,,,,,,
7606,57378.35341,60833.61649,63905.51921,66254.79235,8700,0,,,,,,
7607,56902.68589,60329.30478,63375.74138,65705.539,8700,0,,,,,,
7608,57134.76561,60575.36009,63634.2217,65973.52149,8700,0,,,,,,
7609,53940.31298,57188.54094,60076.37903,62284.88661,8700,0,,,,,,
7610,51615.67979,54723.92082,57487.3035,59600.63235,8700,0,,,,,,
7611,50442.81411,53480.42643,56181.01662,58246.3242,8700,0,,,,,,
7612,50000.71184,53011.70123,55688.6223,57735.82865,8700,0,,,,,,
7613,50211.6934,53235.38788,55923.6044,57979.44908,8700,0,,,,,,
7614,51093.02092,54169.788,56905.18874,58997.11809,8700,0,,,,,,
7615,52021.33979,55154.00924,57939.10999,60069.04801,8700,0,,,,,,
7616,51880.36574,55004.54588,57782.09922,59906.26526,8700,0,,,,,,
7617,50423.63397,53460.09128,56159.65461,58224.17689,8700,0,,,,,,
7618,48340.67056,51251.69404,53839.74038,55818.97876,8700,0,,,,,,
7619,47795.95453,50674.17579,53233.05932,55189.99509,8700,0,,,,,,
7620,46735.29269,49549.64203,52051.7402,53965.24872,8700,0,,,,,,
7621,46404.43524,49198.8607,51683.24554,53583.20758,8700,0,,,,,,
7622,47303.98389,50152.57921,52685.12377,54621.91652,8700,0,,,,,,
7623,48603.4385,51530.28559,54132.39991,56122.39693,8700,0,,,,,,
7624,50735.31127,53790.53745,56506.78726,58584.07071,8700,0,,,,,,
7625,53429.1622,56646.60921,59507.08148,61694.66073,8700,0,,,,,,
7626,56170.96348,59553.51883,62560.78072,64860.61904,8700,0,,,,,,
7627,57409.04164,60866.15273,63939.69843,66290.22806,8700,0,,,,,,
7628,57280.53469,60729.90723,63796.57297,66141.84106,8700,0,,,,,,
7629,57105.9954,60544.85737,63602.17869,65940.30052,8700,0,,,,,,
7630,56393.45313,59789.40656,62808.58004,65117.52787,8700,0,,,,,,
7631,55776.81156,59135.6315,62121.79143,64405.49176,8700,0,,,,,,
7632,55178.39114,58501.17484,61455.29674,63714.49563,8700,0,,,,,,
7633,52345.48418,55497.67325,58300.12794,60443.33758,8700,0,,,,,,
7634,50277.86489,53305.54414,55997.30334,58055.85731,8700,0,,,,,,
7635,49283.37453,52251.16664,54889.68314,56907.51916,8700,0,,,,,,
7636,49124.17936,52082.3849,54712.37847,56723.69647,8700,0,,,,,,
7637,50055.37524,53069.6564,55749.50402,57798.94848,8700,0,,,,,,
7638,52218.89525,55363.46127,58159.13869,60297.16533,8700,0,,,,,,
7639,56023.27639,59396.93818,62396.29325,64690.08474,8700,0,,,,,,
7640,61226.84888,64913.86424,68191.8064,70698.65059,8700,0,,,,,,
7641,66646.19796,70659.56072,74227.64215,76956.37369,8700,0,,,,,,
7642,65990.23711,69964.09861,73497.06143,76198.93561,8700,0,,,,,,
7643,64162.36959,68026.15887,71461.26194,74088.29674,8700,0,,,,,,
7644,61678.54122,65392.75701,68694.88172,71220.21979,8700,0,,,,,,
7645,59375.96519,62951.52231,66130.3725,68561.43494,8700,0,,,,,,
7646,63154.45313,66957.54675,70338.68834,72924.45547,8700,0,,,,,,
7647,65235.49853,69163.91048,72656.46637,75327.43887,8700,0,,,,,,
7648,66544.54321,70551.78443,74114.42351,76838.99294,8700,0,,,,,,
7649,68667.78491,72802.88548,76479.19794,79290.70042,8700,0,,,,,,
7650,68606.40846,72737.813,76410.83952,79219.82902,8700,0,,,,,,
7651,68093.33967,72193.84776,75839.40577,78627.38842,8700,0,,,,,,
7652,66462.0686,70464.34329,74022.56687,76743.7595,8700,0,,,,,,
7653,65171.24505,69095.78773,72584.90363,75253.24537,8700,0,,,,,,
7654,63507.36774,67331.7135,70731.74931,73331.96602,8700,0,,,,,,
7655,61807.04817,65529.00251,68838.00719,71368.60678,8700,0,,,,,,
7656,61700.59838,65416.14243,68719.44803,71245.6892,8700,0,,,,,,
7657,57722.63696,61198.63242,64288.96729,66652.33661,8700,0,,,,,,
7658,55809.41781,59170.20126,62158.10685,64443.14221,8700,0,,,,,,
7659,54819.72248,58120.90754,61055.82716,63300.34088,8700,0,,,,,,
7660,54612.57695,57901.28793,60825.11746,63061.14991,8700,0,,,,,,
7661,55448.83114,58787.90045,61756.50107,64026.77273,8700,0,,,,,,
7662,57237.37937,60684.15314,63748.50845,66092.00961,8700,0,,,,,,
7663,60433.75001,64073.0058,67308.48731,69782.85922,8700,0,,,,,,
7664,64769.42108,68669.76635,72137.36954,74789.25918,8700,0,,,,,,
7665,68933.42988,73084.5273,76775.06178,79597.4407,8700,0,,,,,,
7666,67585.06591,71654.9663,75273.31252,78040.48464,8700,0,,,,,,
7667,65327.56321,69261.5192,72759.00401,75433.74597,8700,0,,,,,,
7668,62793.86647,66575.24595,69937.08257,72508.08601,8700,0,,,,,,
7669,59577.35668,63165.04138,66354.6736,68793.98172,8700,0,,,,,,
7670,62673.03157,66447.1345,69802.5019,72368.55793,8700,0,,,,,,
7671,64603.51285,68493.8673,71952.58815,74597.68492,8700,0,,,,,,
7672,66510.97796,70516.19792,74077.03999,76800.23514,8700,0,,,,,,
7673,69240.31215,73409.8897,77116.85393,79951.7977,8700,0,,,,,,
7674,69345.80293,73521.73302,77234.34498,80073.60791,8700,0,,,,,,
7675,68817.39002,72961.49965,76645.82162,79463.44946,8700,0,,,,,,
7676,67422.99371,71483.13428,75092.80354,77853.33985,8700,0,,,,,,
7677,65924.06562,69893.94235,73423.3625,76122.52738,8700,0,,,,,,
7678,64185.38576,68050.56104,71486.89635,74114.87352,8700,0,,,,,,
7679,62482.18916,66244.79977,69589.94991,72148.19218,8700,0,,,,,,
7680,62775.64533,66555.92755,69916.78866,72487.04605,8700,0,,,,,,
7681,59159.22958,62721.73511,65888.98178,68311.1703,8700,0,,,,,,
7682,57124.21653,60564.17576,63622.47259,65961.34046,8700,0,,,,,,
7683,55993.54717,59365.4187,62363.18214,64655.7564,8700,0,,,,,,
7684,55608.98532,58957.69894,61934.87384,64211.70278,8700,0,,,,,,
7685,56278.37227,59667.39566,62680.40797,64984.64398,8700,0,,,,,,
7686,57952.79866,61442.65421,64545.3114,66918.10436,8700,0,,,,,,
7687,61319.87256,65012.4897,68295.41214,70806.06504,8700,0,,,,,,
7688,65268.10477,69198.48024,72692.78178,75365.0893,8700,0,,,,,,
7689,68916.16775,73066.22567,76755.83597,79577.50811,8700,0,,,,,,
7690,66966.50633,70999.15772,74584.38771,77326.23381,8700,0,,,,,,
7691,65004.37782,68918.87193,72399.05415,75060.56376,8700,0,,,,,,
7692,62533.01654,66298.68792,69646.55924,72206.88256,8700,0,,,,,,
7693,59132.37738,62693.2659,65859.07497,68280.16407,8700,0,,,,,,
7694,62447.66491,66208.1965,69551.4983,72108.32702,8700,0,,,,,,
7695,64644.75016,68537.58788,71998.51648,74645.30165,8700,0,,,,,,
7696,67020.21073,71056.09614,74644.20134,77388.24629,8700,0,,,,,,
7697,70034.37002,74251.76488,78001.24111,80868.69642,8700,0,,,,,,
7698,69426.35953,73607.14065,77324.06542,80166.62663,8700,0,,,,,,
7699,68422.2791,72542.59557,76205.76423,79007.21482,8700,0,,,,,,
7700,66996.23555,71030.6772,74617.49883,77360.56215,8700,0,,,,,,
7701,65729.38718,69687.54058,73206.53811,75897.73216,8700,0,,,,,,
7702,64086.60803,67945.83502,71376.882,74000.81486,8700,0,,,,,,
7703,62351.7642,66106.52075,69444.68825,71997.59046,8700,0,,,,,,
7704,62519.59044,66284.45331,69631.60584,72191.37944,8700,0,,,,,,
7705,58691.23412,62225.55747,65367.74876,67770.77588,8700,0,,,,,,
7706,56697.45837,60111.71868,63147.16788,65468.56276,8700,0,,,,,,
7707,55622.41142,58971.93355,61949.82725,64227.2059,8700,0,,,,,,
7708,55208.12036,58532.69432,61488.40785,63748.82396,8700,0,,,,,,
7709,55859.28617,59223.07264,62213.64807,64500.72521,8700,0,,,,,,
7710,57573.99086,61041.03501,64123.41171,66480.69494,8700,0,,,,,,
7711,60787.62363,64448.18931,67702.61639,70191.47713,8700,0,,,,,,
7712,64197.85285,68063.77889,71500.78165,74129.26927,8700,0,,,,,,
7713,68137.45399,72240.6186,75888.53838,78678.32723,8700,0,,,,,,
7714,67358.74023,71415.01153,75021.2408,77779.14635,8700,0,,,,,,
7715,65976.81101,69949.86401,73482.10803,76183.43249,8700,0,,,,,,
7716,63768.21767,67608.27154,71022.27264,73633.16947,8700,0,,,,,,
7717,61047.51455,64723.73059,67992.07161,70491.57321,8700,0,,,,,,
7718,64091.40306,67950.91881,71382.2225,74006.35168,8700,0,,,,,,
7719,65897.21342,69865.47314,73393.45569,76091.52115,8700,0,,,,,,
7720,67370.24832,71427.21262,75034.05801,77792.43474,8700,0,,,,,,
7721,69513.62917,73699.66557,77421.26256,80267.3969,8700,0,,,,,,
7722,69264.28733,73435.30863,77143.55644,79979.48184,8700,0,,,,,,
7723,68366.65669,72483.62364,76143.8144,78942.98762,8700,0,,,,,,
7724,66865.81059,70892.39819,74472.23717,77209.96043,8700,0,,,,,,
7725,65412.91484,69352.01061,72854.06495,75532.30151,8700,0,,,,,,
7726,63625.32562,67456.77468,70863.12568,73468.172,8700,0,,,,,,
7727,62175.30689,65919.43737,69248.15776,71793.83518,8700,0,,,,,,
7728,62150.37271,65893.00168,69220.38716,71765.04368,8700,0,,,,,,
7729,58550.26008,62076.09412,65210.73799,67607.99314,8700,0,,,,,,
7730,56235.21695,59621.64157,62632.34345,64934.81253,8700,0,,,,,,
7731,55172.6371,58495.0743,61448.88814,63707.85144,8700,0,,,,,,
7732,54713.2727,58008.04747,60937.26801,63177.4233,8700,0,,,,,,
7733,55306.89809,58637.42034,61598.4222,63862.88262,8700,0,,,,,,
7734,57018.72575,60452.33243,63504.98154,65839.53025,8700,0,,,,,,
7735,59878.4849,63484.30322,66690.05714,69141.69452,8700,0,,,,,,
7736,63766.29966,67606.23803,71020.13644,73630.95474,8700,0,,,,,,
7737,68018.53711,72114.54067,75756.09393,78541.01389,8700,0,,,,,,
7738,67187.07796,71233.01194,74830.05082,77580.9279,8700,0,,,,,,
7739,65539.50378,69486.2226,72995.05422,75678.47378,8700,0,,,,,,
7740,63422.97512,67242.23885,70637.75648,73234.51785,8700,0,,,,,,
7741,60552.66689,64199.08373,67440.93177,69920.17255,8700,0,,,,,,
7742,63238.84576,67047.02142,70432.68119,73021.90365,8700,0,,,,,,
7743,64748.32292,68647.39768,72113.87132,74764.89713,8700,0,,,,,,
7744,65894.3364,69862.42286,73390.25139,76088.19905,8700,0,,,,,,
7745,67926.47243,72016.93195,75653.55628,78434.7068,8700,0,,,,,,
7746,67525.60747,71591.92733,75207.09029,77971.82797,8700,0,,,,,,
7747,66497.55186,70501.96331,74062.08658,76784.73202,8700,0,,,,,,
7748,65077.26236,68996.1455,72480.22979,75144.72355,8700,0,,,,,,
7749,64149.9025,68012.94102,71447.37664,74073.90099,8700,0,,,,,,
7750,62809.21058,66591.51407,69954.17217,72525.80385,8700,0,,,,,,
7751,61457.96959,65158.90279,68449.21862,70965.5257,8700,0,,,,,,
7752,61639.22193,65351.06995,68651.08961,71174.8178,8700,0,,,,,,
7753,57917.3154,61405.03419,64505.79168,66877.13184,8700,0,,,,,,
7754,55632.00149,58982.10112,61960.50826,64238.27956,8700,0,,,,,,
7755,54409.26745,57685.73535,60598.68016,62826.3884,8700,0,,,,,,
7756,53755.22461,56992.30674,59870.23564,62071.16504,8700,0,,,,,,
7757,53982.50929,57233.27827,60123.37545,62333.61069,8700,0,,,,,,
7758,54972.20461,58282.57198,61225.65513,63476.41201,8700,0,,,,,,
7759,56357.01086,59750.76978,62767.99222,65075.44797,8700,0,,,,,,
7760,57012.0127,60445.21513,63497.50483,65831.77869,8700,0,,,,,,
7761,58065.9615,61562.6316,64671.34726,67048.77351,8700,0,,,,,,
7762,57191.34703,60635.34878,63697.23963,66038.85606,8700,0,,,,,,
7763,56357.96986,59751.78653,62769.06031,65076.55533,8700,0,,,,,,
7764,54468.72589,57748.77431,60664.90239,62895.04507,8700,0,,,,,,
7765,51332.77269,54423.97736,57172.21385,59273.95949,8700,0,,,,,,
7766,52172.86291,55314.65692,58107.86987,60244.01178,8700,0,,,,,,
7767,53227.77071,56433.09014,59282.78038,61462.11395,8700,0,,,,,,
7768,54749.71497,58046.68425,60977.85583,63219.5032,8700,0,,,,,,
7769,56797.19511,60217.46145,63258.25033,65583.72879,8700,0,,,,,,
7770,58184.87838,61688.70953,64803.79171,67186.08684,8700,0,,,,,,
7771,58873.44547,62418.74139,65570.68785,67981.17535,8700,0,,,,,,
7772,58538.75199,62063.89303,65197.92078,67594.70475,8700,0,,,,,,
7773,58208.85355,61714.12846,64830.49422,67213.77098,8700,0,,,,,,
7774,57532.75355,60997.31444,64077.48339,66433.07822,8700,0,,,,,,
7775,56971.7344,60402.51131,63452.64461,65785.26933,8700,0,,,,,,
7776,57248.88745,60696.35422,63761.32565,66105.29799,8700,0,,,,,,
7777,54134.03241,57393.92595,60292.13532,62508.57446,8700,0,,,,,,
7778,51679.93326,54792.04357,57558.86622,59674.82584,8700,0,,,,,,
7779,50418.83893,53455.00749,56154.3141,58218.64005,8700,0,,,,,,
7780,49817.54149,52817.50056,55484.61512,57524.32182,8700,0,,,,,,
7781,50062.08829,53076.77371,55756.98072,57806.70004,8700,0,,,,,,
7782,51053.70163,54128.10094,56861.39662,58951.7161,8700,0,,,,,,
7783,52141.21567,55281.10391,58072.62255,60207.4687,8700,0,,,,,,
7784,52064.49511,55199.76332,57987.17452,60118.87946,8700,0,,,,,,
7785,52112.44546,55250.60119,58040.57953,60174.24774,8700,0,,,,,,
7786,51626.22886,54735.10515,57499.05259,59612.81337,8700,0,,,,,,
7787,51627.18787,54736.12191,57500.1207,59613.92074,8700,0,,,,,,
7788,51788.30106,54906.93716,57679.56157,59799.95816,8700,0,,,,,,
7789,51305.92049,54395.50815,57142.30703,59242.95325,8700,0,,,,,,
7790,52057.78206,55192.64602,57979.69781,60111.1279,8700,0,,,,,,
7791,52830.74177,56012.15254,58840.58678,61003.66458,8700,0,,,,,,
7792,53455.05539,56674.06166,59535.92019,61724.5596,8700,0,,,,,,
7793,54701.76461,57995.84637,60924.4508,63164.13491,8700,0,,,,,,
7794,56684.03227,60097.48407,63132.21447,65453.05964,8700,0,,,,,,
7795,58035.27327,61530.09536,64637.16804,67013.3378,8700,0,,,,,,
7796,57615.22816,61084.75558,64169.34003,66528.31166,8700,0,,,,,,
7797,56987.07852,60418.77944,63469.73423,65802.98719,8700,0,,,,,,
7798,56171.92249,59554.53559,62561.84883,64861.72641,8700,0,,,,,,
7799,55877.50731,59242.39104,62233.94198,64521.76516,8700,0,,,,,,
7800,55396.08575,58731.97879,61697.75555,63965.86762,8700,0,,,,,,
7801,52417.40972,55573.93007,58380.23549,60526.39001,8700,0,,,,,,
7802,50434.18305,53471.27561,56171.40372,58236.35791,8700,0,,,,,,
7803,49516.41326,52498.23871,55149.23156,57176.60901,8700,0,,,,,,
7804,49266.11241,52232.86501,54870.45734,56887.58659,8700,0,,,,,,
7805,50031.40007,53044.23747,55722.80152,57771.26435,8700,0,,,,,,
7806,52143.13369,55283.13743,58074.75875,60209.68344,8700,0,,,,,,
7807,56216.99582,59602.32318,62612.04955,64913.77259,8700,0,,,,,,
7808,61929.80108,65659.14747,68974.72405,71510.34959,8700,0,,,,,,
7809,69111.8052,73273.64419,76973.72846,79803.4107,8700,0,,,,,,
7810,70093.82846,74314.80384,78067.46334,80937.35309,8700,0,,,,,,
7811,69754.33995,73954.8717,77689.35578,80545.34567,8700,0,,,,,,
7812,68931.51187,73082.49379,76772.92558,79595.22597,8700,0,,,,,,
7813,66356.57782,70352.49997,73905.07581,76621.94928,8700,0,,,,,,
7814,69045.63371,73203.48793,76900.02953,79727.00248,8700,0,,,,,,
7815,70791.02662,75053.98653,78843.97239,81742.4079,8700,0,,,,,,
7816,71911.1469,76241.55926,80091.51373,83035.81094,8700,0,,,,,,
7817,73696.81811,78134.76168,82080.31681,85097.72572,8700,0,,,,,,
7818,73094.56166,77496.23799,81409.54972,84402.30012,8700,0,,,,,,
7819,71699.20634,76016.85586,79855.46353,82791.08315,8700,0,,,,,,
7820,69798.45428,74001.64255,77738.4884,80596.28449,8700,0,,,,,,
7821,67820.02264,71904.07187,75534.99713,78311.78921,8700,0,,,,,,
7822,65733.22321,69691.60761,73210.81051,75902.16163,8700,0,,,,,,
7823,64209.36094,68075.97998,71513.59886,74142.55766,8700,0,,,,,,
7824,64546.93143,68433.87861,71889.57022,74532.35035,8700,0,,,,,,
7825,61036.96547,64712.54625,67980.3225,70479.39219,8700,0,,,,,,
7826,58700.82419,62235.72504,65378.42976,67781.84954,8700,0,,,,,,
7827,57444.5249,60903.77275,63979.21815,66331.20058,8700,0,,,,,,
7828,57092.5693,60530.62276,63587.22528,65924.7974,8700,0,,,,,,
7829,57444.5249,60903.77275,63979.21815,66331.20058,8700,0,,,,,,
7830,59138.13143,62699.36646,65865.48358,68286.80827,8700,0,,,,,,
7831,62600.14703,66369.86093,69721.32627,72284.39814,8700,0,,,,,,
7832,67719.3269,71797.31234,75422.84658,78195.51582,8700,0,,,,,,
7833,73234.57669,77644.68457,81565.49238,84563.97549,8700,0,,,,,,
7834,73510.77074,77937.51073,81873.10532,84882.8968,8700,0,,,,,,
7835,73352.53457,77769.74575,81696.86875,84700.18147,8700,0,,,,,,
7836,72725.34393,77104.78636,80998.33104,83975.96436,8700,0,,,,,,
7837,69986.41967,74200.92701,77947.83609,80813.32815,8700,0,,,,,,
7838,72874.94903,77263.40052,81164.9547,84148.71339,8700,0,,,,,,
7839,74346.06592,78823.1065,82803.42083,85847.41226,8700,0,,,,,,
7840,75218.76237,79748.35579,83775.39226,86855.11496,8700,0,,,,,,
7841,76565.20833,81175.88329,85275.00532,88409.85629,8700,0,,,,,,
7842,75259.04067,79791.05961,83820.25248,86901.62432,8700,0,,,,,,
7843,73217.31457,77626.38295,81546.26658,84544.04292,8700,0,,,,,,
7844,71020.22931,75296.99156,79099.24839,82007.06828,8700,0,,,,,,
7845,68724.36633,72862.87417,76542.21587,79356.03499,8700,0,,,,,,
7846,66487.96179,70491.79574,74051.40558,76773.65837,8700,0,,,,,,
7847,65056.1642,68973.77683,72456.73158,75120.3615,8700,0,,,,,,
7848,65008.21385,68922.93896,72403.32656,75064.99322,8700,0,,,,,,
7849,61432.07639,65131.45033,68420.3799,70935.62682,8700,0,,,,,,
7850,59262.80235,62831.54493,66004.33664,68430.7658,8700,0,,,,,,
7851,57926.90547,61415.20176,64516.47269,66888.20549,8700,0,,,,,,
7852,57490.55724,60952.57711,64030.48697,66384.35413,8700,0,,,,,,
7853,57895.25823,61381.64876,64481.22536,66851.66242,8700,0,,,,,,
7854,59420.07951,62998.29315,66179.50511,68612.37375,8700,0,,,,,,
7855,62676.8676,66451.20153,69806.77431,72372.9874,8700,0,,,,,,
7856,67502.5913,71567.52515,75181.45588,77945.2512,8700,0,,,,,,
7857,72975.64478,77370.16006,81277.10526,84264.98678,8700,0,,,,,,
7858,73085.93059,77487.08716,81399.93681,84392.33382,8700,0,,,,,,
7859,71620.56776,75933.48175,79767.8793,82700.27917,8700,0,,,,,,
7860,69370.73711,73548.16871,77262.11559,80102.39941,8700,0,,,,,,
7861,66265.47215,70255.90801,73803.60627,76516.74955,8700,0,,,,,,
7862,69130.98534,73293.97934,76995.09047,79825.55801,8700,0,,,,,,
7863,70240.55655,74470.36774,78230.88272,81106.78004,8700,0,,,,,,
7864,71090.23683,75371.21486,79177.21973,82087.90597,8700,0,,,,,,
7865,72665.88549,77041.7474,80932.10881,83907.30769,8700,0,,,,,,
7866,72140.3496,76484.5643,80346.78975,83300.47133,8700,0,,,,,,
7867,70913.77953,75184.13149,78980.68925,81884.1507,8700,0,,,,,,
7868,69057.14179,73215.68901,76912.84673,79740.29086,8700,0,,,,,,
7869,67619.59016,71691.56956,75311.76413,78080.3498,8700,0,,,,,,
7870,65495.38945,69439.45176,72945.92159,75627.53495,8700,0,,,,,,
7871,63823.84009,67667.24348,71084.22248,73697.39668,8700,0,,,,,,
7872,64108.66519,67969.22044,71401.44831,74026.28427,8700,0,,,,,,
7873,60434.70902,64074.02256,67309.55542,69783.96658,8700,0,,,,,,
7874,58272.14802,61781.23445,64900.98885,67286.85711,8700,0,,,,,,
7875,57157.78178,60599.76227,63659.85611,66000.09826,8700,0,,,,,,
7876,56689.78632,60103.58462,63138.62308,65459.70384,8700,0,,,,,,
7877,57153.94575,60595.69524,63655.5837,65995.6688,8700,0,,,,,,
7878,58561.76816,62088.29521,65223.55519,67621.28152,8700,0,,,,,,
7879,61728.40959,65445.6284,68750.42295,71277.80281,8700,0,,,,,,
7880,66246.292,70235.57285,73782.24426,76494.60223,8700,0,,,,,,
7881,71392.32407,75691.49347,79513.67138,82436.72615,8700,0,,,,,,
7882,70328.7852,74563.90943,78329.14796,81208.65767,8700,0,,,,,,
7883,68264.04293,72374.83059,76029.52765,78824.4995,8700,0,,,,,,
7884,65794.59966,69756.68008,73279.16894,75973.03302,8700,0,,,,,,
7885,62065.02108,65802.51027,69125.32622,71666.48814,8700,0,,,,,,
7886,64622.69299,68514.20245,71973.95016,74619.83223,8700,0,,,,,,
7887,66282.73427,70274.20964,73822.83207,76536.68212,8700,0,,,,,,
7888,68303.36222,72416.51764,76073.31977,78869.90149,8700,0,,,,,,
7889,71131.47414,75414.93544,79223.14806,82135.5227,8700,0,,,,,,
7890,71455.61854,75758.59947,79584.16602,82509.81228,8700,0,,,,,,
7891,70373.85853,74611.69703,78379.34868,81260.70385,8700,0,,,,,,
7892,68627.50662,72760.18167,76434.33773,79244.19107,8700,0,,,,,,
7893,67153.51271,71197.42542,74792.6673,77542.1701,8700,0,,,,,,
7894,65320.85016,69254.4019,72751.52731,75425.99441,8700,0,,,,,,
7895,63715.47228,67552.34988,70963.52711,73572.26436,8700,0,,,,,,
7896,63976.32221,67828.90791,71254.05044,73873.46781,8700,0,,,,,,
7897,60495.12646,64138.07828,67376.84574,69853.73061,8700,0,,,,,,
7898,58201.1815,61705.9944,64821.94942,67204.91206,8700,0,,,,,,
7899,56982.28348,60413.69565,63464.39372,65797.45035,8700,0,,,,,,
7900,56676.36022,60089.35002,63123.66967,65444.20072,8700,0,,,,,,
7901,57361.09128,60815.31485,63886.2934,66234.85977,8700,0,,,,,,
7902,59278.14646,62847.81304,66021.42624,68448.48364,8700,0,,,,,,
7903,62374.78037,66130.92293,69470.32267,72024.16723,8700,0,,,,,,
7904,67087.34122,71127.26916,74718.96837,77465.76188,8700,0,,,,,,
7905,71249.43201,75539.9966,79354.52441,82271.72867,8700,0,,,,,,
7906,69032.20761,73189.25332,76885.07612,79711.49936,8700,0,,,,,,
7907,67191.873,71238.09573,74835.39133,77586.46474,8700,0,,,,,,
7908,64697.49555,68593.50954,72057.262,74706.20676,8700,0,,,,,,
7909,61476.19072,65178.22118,68469.51252,70986.56564,8700,0,,,,,,
7910,64776.13413,68676.88365,72144.84624,74797.01074,8700,0,,,,,,
7911,67097.8903,71138.45349,74730.71747,77477.9429,8700,0,,,,,,
7912,69454.17073,73636.62661,77355.04033,80198.74023,8700,0,,,,,,
7913,72139.39059,76483.54754,80345.72164,83299.36396,8700,0,,,,,,
7914,71183.26052,75469.84034,79280.82548,82195.32044,8700,0,,,,,,
7915,69316.07371,73490.21354,77201.23386,80039.27958,8700,0,,,,,,
7916,67676.17158,71751.55825,75374.78206,78145.68437,8700,0,,,,,,
7917,66334.52066,70329.11455,73880.50951,76596.47987,8700,0,,,,,,
7918,64749.28193,68648.41444,72114.93943,74766.0045,8700,0,,,,,,
7919,63494.90065,67318.49566,70717.86401,73317.57027,8700,0,,,,,,
7920,64008.92845,67863.47766,71290.36586,73911.11824,8700,0,,,,,,
7921,60528.69171,64173.66479,67414.22926,69892.48841,8700,0,,,,,,
7922,58095.69072,61594.15108,64704.45837,67083.10184,8700,0,,,,,,
7923,56712.80249,60127.9868,63164.25749,65486.28062,8700,0,,,,,,
7924,56132.6032,59512.84853,62518.05671,64816.32442,8700,0,,,,,,
7925,56332.07667,59724.33408,62740.2216,65046.65646,8700,0,,,,,,
7926,57116.54447,60556.04169,63613.92778,65952.48154,8700,0,,,,,,
7927,58751.65157,62289.61319,65435.03909,67840.53992,8700,0,,,,,,
7928,59783.5432,63383.64423,66584.31519,69032.06533,8700,0,,,,,,
7929,59509.26717,63092.85159,66278.83846,68715.35876,8700,0,,,,,,
7930,56429.89539,59828.04334,62849.16784,65159.60775,8700,0,,,,,,
7931,55387.45468,58722.82796,61688.14263,63955.90132,8700,0,,,,,,
7932,53447.38333,56665.92759,59527.37538,61715.70068,8700,0,,,,,,
7933,50966.43198,54035.57601,56764.19947,58850.94582,8700,0,,,,,,
7934,52001.20064,55132.65733,57916.67988,60045.79333,8700,0,,,,,,
7935,53136.66504,56336.49818,59181.31084,61356.91423,8700,0,,,,,,
7936,55702.00901,59056.32442,62038.47959,64319.11725,8700,0,,,,,,
7937,58780.42178,62320.11591,65467.0821,67873.76089,8700,0,,,,,,
7938,60725.28817,64382.10008,67633.18986,70119.49837,8700,0,,,,,,
7939,61316.03654,65008.42268,68291.13975,70801.63559,8700,0,,,,,,
7940,60852.83611,64517.32882,67775.24722,70266.77799,8700,0,,,,,,
7941,60235.23554,63862.537,67087.39051,69553.63453,8700,0,,,,,,
7942,59596.53682,63185.37653,66376.0356,68816.12903,8700,0,,,,,,
7943,59204.30292,62769.52272,65939.18251,68363.2165,8700,0,,,,,,
7944,59819.98547,63422.28102,66624.90301,69074.14522,8700,0,,,,,,
7945,56839.39142,60262.19878,63305.24675,65632.45287,8700,0,,,,,,
7946,54508.04518,57790.46136,60708.69451,62940.44706,8700,0,,,,,,
7947,53173.10731,56375.13496,59221.89866,61398.99412,8700,0,,,,,,
7948,52695.52177,55868.78973,58689.98462,60847.52603,8700,0,,,,,,
7949,52880.61014,56065.02393,58896.12801,61061.2476,8700,0,,,,,,
7950,53862.63341,57106.18359,59989.8629,62195.19,8700,0,,,,,,
7951,54846.57468,58149.37675,61085.73397,63331.34712,8700,0,,,,,,
7952,54916.5822,58223.60005,61163.70531,63412.18481,8700,0,,,,,,
7953,53239.27879,56445.29122,59295.59758,61475.40234,8700,0,,,,,,
7954,49903.85212,52909.00872,55580.74415,57623.98471,8700,0,,,,,,
7955,49134.72843,52093.56923,54724.12757,56735.87749,8700,0,,,,,,
7956,47650.18545,50519.62866,53070.70804,55021.67551,8700,0,,,,,,
7957,46788.03808,49605.56369,52110.48573,54026.15383,8700,0,,,,,,
7958,47856.37198,50738.23152,53300.34965,55259.75912,8700,0,,,,,,
7959,49872.20489,52875.45573,55545.49684,57587.44165,8700,0,,,,,,
7960,52559.34277,55724.41018,58538.31436,60690.28012,8700,0,,,,,,
7961,55482.39639,58823.48696,61793.88459,64065.53053,8700,0,,,,,,
7962,58339.27852,61852.40748,64975.75589,67364.37271,8700,0,,,,,,
7963,59484.33299,63066.4159,66251.06785,68686.56726,8700,0,,,,,,
7964,59296.3676,62867.13144,66041.72016,68469.52359,8700,0,,,,,,
7965,58812.06901,62353.66891,65502.32941,67910.30395,8700,0,,,,,,
7966,58260.63994,61769.03337,64888.17165,67273.56873,8700,0,,,,,,
7967,57958.5527,61448.75476,64551.72,66924.74855,8700,0,,,,,,
7968,57516.45043,60980.02956,64059.32568,66414.253,8700,0,,,,,,
7969,54770.81312,58069.05291,61001.35403,63243.86523,8700,0,,,,,,
7970,52715.66092,55890.14164,58712.41473,60870.78071,8700,0,,,,,,
7971,51651.16305,54761.54085,57526.82321,59641.60488,8700,0,,,,,,
7972,51652.12205,54762.5576,57527.8913,59642.71224,8700,0,,,,,,
7973,52612.08816,55780.33184,58597.05988,60751.18523,8700,0,,,,,,
7974,54722.86277,58018.21504,60947.94901,63188.49696,8700,0,,,,,,
7975,58668.21795,62201.15529,65342.11435,67744.19911,8700,0,,,,,,
7976,64603.51285,68493.8673,71952.58815,74597.68492,8700,0,,,,,,
7977,71113.253,75395.61704,79202.85414,82114.48275,8700,0,,,,,,
7978,71411.50421,75711.82862,79535.03339,82458.87346,8700,0,,,,,,
7979,69996.96875,74212.11135,77959.5852,80825.50917,8700,0,,,,,,
7980,67581.22988,71650.89927,75269.04012,78036.05518,8700,0,,,,,,
7981,63519.83484,67344.93136,70745.63463,73346.36178,8700,0,,,,,,
7982,66133.12917,70115.59548,73656.20841,76363.93309,8700,0,,,,,,
7983,68196.91243,72303.65756,75954.76061,78746.9839,8700,0,,,,,,
7984,69846.40463,74052.48042,77791.89342,80651.65276,8700,0,,,,,,
7985,72251.59442,76602.50816,80470.6894,83428.92574,8700,0,,,,,,
7986,72020.47371,76357.46961,80213.27718,83162.05062,8700,0,,,,,,
7987,70685.53584,74942.14321,78726.48134,81620.59768,8700,0,,,,,,
7988,68735.87442,72875.07526,76555.03308,79369.32338,8700,0,,,,,,
7989,66976.0964,71009.32529,74595.06872,77337.30747,8700,0,,,,,,
7990,65055.20519,68972.76007,72455.66347,75119.25413,8700,0,,,,,,
7991,63283.91909,67094.80902,70482.88191,73073.94983,8700,0,,,,,,
7992,63578.33427,67406.95356,70810.78875,73413.91108,8700,0,,,,,,
7993,59818.06746,63420.24751,66622.76681,69071.93049,8700,0,,,,,,
7994,57618.10518,61087.80585,64172.54433,66531.63375,8700,0,,,,,,
7995,56573.74646,59980.55697,63009.38292,65325.7126,8700,0,,,,,,
7996,56078.8988,59455.91011,62458.24308,64754.31194,8700,0,,,,,,
7997,56574.70547,59981.57373,63010.45103,65326.81997,8700,0,,,,,,
7998,58282.6971,61792.41879,64912.73796,67299.03813,8700,0,,,,,,
7999,61306.44647,64998.25511,68280.45874,70790.56193,8700,0,,,,,,
8000,66105.31796,70086.10951,73625.23349,76331.81949,8700,0,,,,,,
8001,73712.16223,78151.0298,82097.40642,85115.44358,8700,0,,,,,,
8002,76615.0767,81228.75468,85330.54654,88467.43931,8700,0,,,,,,
8003,77067.72805,81708.66421,85834.68997,88990.11588,8700,0,,,,,,
8004,76577.67542,81189.10113,85288.89062,88424.25204,8700,0,,,,,,
8005,73610.50747,78043.2535,81984.18776,84998.06282,8700,0,,,,,,
8006,75780.74053,80344.17568,84401.29913,87504.03122,8700,0,,,,,,
8007,76010.90223,80588.19747,84657.64324,87769.79897,8700,0,,,,,,
8008,75828.69088,80395.01355,84454.70415,87559.3995,8700,0,,,,,,
8009,76111.59797,80694.957,84769.79379,87886.07235,8700,0,,,,,,
8010,74832.28251,79338.60253,83344.94776,86408.84662,8700,0,,,,,,
8011,72769.45825,77151.5572,81047.46365,84026.90317,8700,0,,,,,,
8012,70642.38052,74896.38912,78678.41681,81570.76623,8700,0,,,,,,
8013,68529.68789,72656.4724,76325.39147,79131.23977,8700,0,,,,,,
8014,66416.03626,70415.53893,73971.29804,76690.60595,8700,0,,,,,,
8015,64904.64108,68813.12915,72287.9717,74945.39773,8700,0,,,,,,
8016,65386.06264,69323.5414,72824.15814,75501.29527,8700,0,,,,,,
8017,61959.5303,65690.66695,69007.83516,71544.67792,8700,0,,,,,,
8018,59709.69965,63305.3539,66502.07145,68946.79817,8700,0,,,,,,
8019,58375.72079,61891.04426,65016.34371,67406.4526,8700,0,,,,,,
8020,57939.37256,61428.41961,64530.35799,66902.60124,8700,0,,,,,,
8021,58549.30107,62075.07736,65209.66989,67606.88577,8700,0,,,,,,
8022,60156.59696,63779.16289,66999.80628,69462.83055,8700,0,,,,,,
8023,63748.07853,67586.91964,70999.84254,73609.9148,8700,0,,,,,,
8024,68848.07825,72994.03589,76680.00084,79498.88516,8700,0,,,,,,
8025,74932.01925,79444.34531,83456.03022,86524.01265,8700,0,,,,,,
8026,75359.73641,79897.81914,83932.40302,87017.89771,8700,0,,,,,,
8027,74192.62478,78660.4253,82632.52475,85670.23375,8700,0,,,,,,
8028,72593.00095,76964.47383,80850.93317,83823.1479,8700,0,,,,,,
8029,69130.02633,73292.96258,76994.02237,79824.45064,8700,0,,,,,,
8030,72034.85882,76372.72098,80229.2987,83178.66111,8700,0,,,,,,
8031,73651.74478,78086.97408,82030.11609,85045.67954,8700,0,,,,,,
8032,75561.1279,80111.33821,84156.70412,87250.44449,8700,0,,,,,,
8033,77849.31883,82537.32155,86705.19185,89892.61886,8700,0,,,,,,
8034,77138.69457,81783.90426,85913.72939,89072.06093,8700,0,,,,,,
8035,74954.07641,79467.73073,83480.59652,86549.48205,8700,0,,,,,,
8036,72881.66208,77270.51782,81172.43141,84156.46495,8700,0,,,,,,
8037,70646.21655,74900.45615,78682.68922,81575.19569,8700,0,,,,,,
8038,68422.2791,72542.59557,76205.76423,79007.21482,8700,0,,,,,,
8039,66711.41044,70728.70023,74300.27298,77031.67455,8700,0,,,,,,
8040,67001.98959,71036.77774,74623.90743,77367.20634,8700,0,,,,,,
8041,63472.84349,67295.11024,70693.2977,73292.10086,8700,0,,,,,,
8042,61099.30093,64778.63549,68049.74903,70551.37095,8700,0,,,,,,
8043,59797.92831,63398.8956,66600.3367,69048.67581,8700,0,,,,,,
8044,59263.76136,62832.56169,66005.40474,68431.87317,8700,0,,,,,,
8045,59764.36306,63363.30909,66562.95318,69009.91801,8700,0,,,,,,
8046,61416.73228,65115.18221,68403.29029,70917.90897,8700,0,,,,,,
8047,64647.62718,68540.63815,72001.72078,74648.62375,8700,0,,,,,,
8048,69904.90407,74114.50263,77857.04756,80719.20207,8700,0,,,,,,
8049,76184.48251,80772.23057,84850.96943,87970.23214,8700,0,,,,,,
8050,75400.97372,79941.53972,83978.33135,87065.51443,8700,0,,,,,,
8051,73110.86478,77513.52287,81427.70742,84421.12534,8700,0,,,,,,
8052,70925.28761,75196.33258,78993.50645,81897.43908,8700,0,,,,,,
8053,67450.80491,71512.62024,75123.77845,77885.45345,8700,0,,,,,,
8054,70931.04166,75202.43313,78999.91506,81904.08329,8700,0,,,,,,
8055,73468.57442,77892.7734,81826.10889,84834.1727,8700,0,,,,,,
8056,75153.54989,79679.21629,83702.76143,86779.8141,8700,0,,,,,,
8057,76859.62351,81488.02784,85602.91216,88749.81754,8700,0,,,,,,
8058,75868.01017,80436.7006,84498.49627,87604.80149,8700,0,,,,,,
8059,73994.11031,78449.9565,82411.42795,85441.00907,8700,0,,,,,,
8060,71850.72946,76177.50354,80024.22341,82966.04691,8700,0,,,,,,
8061,69320.86875,73495.29733,77206.57437,80044.81641,8700,0,,,,,,
8062,66962.6703,70995.09069,74580.11531,77321.80435,8700,0,,,,,,
8063,65327.56321,69261.5192,72759.00401,75433.74597,8700,0,,,,,,
8064,65754.32136,69713.97627,73234.30871,75926.52366,8700,0,,,,,,
8065,62279.83866,66030.26394,69364.58071,71914.53803,8700,0,,,,,,
8066,59904.37809,63511.75567,66718.89585,69171.59339,8700,0,,,,,,
8067,58657.66887,62189.97095,65330.36524,67732.01809,8700,0,,,,,,
8068,57975.81483,61467.05639,64570.94581,66944.68113,8700,0,,,,,,
8069,58458.1954,61978.48541,65108.20035,67501.68604,8700,0,,,,,,
8070,59977.26263,63589.02924,66800.07148,69255.75318,8700,0,,,,,,
8071,63156.37115,66959.58027,70340.82455,72926.67021,8700,0,,,,,,
8072,68193.0764,72299.59053,75950.48821,78742.55444,8700,0,,,,,,
8073,74182.0757,78649.24096,82620.77565,85658.05273,8700,0,,,,,,
8074,73798.47286,78242.53797,82193.53545,85215.10648,8700,0,,,,,,
8075,72291.87272,76645.21198,80515.54962,83475.43509,8700,0,,,,,,
8076,70452.49712,74695.07115,78466.93293,81351.50784,8700,0,,,,,,
8077,67163.10278,71207.593,74803.3483,77553.24376,8700,0,,,,,,
8078,70370.98151,74608.64675,78376.14438,81257.38176,8700,0,,,,,,
8079,71680.0262,75996.52072,79834.10153,82768.93584,8700,0,,,,,,
8080,73097.43868,77499.28826,81412.75402,84405.62222,8700,0,,,,,,
8081,75470.02223,80014.74625,84055.23458,87145.24476,8700,0,,,,,,
8082,74750.76691,79252.17815,83254.15923,86314.72054,8700,0,,,,,,
8083,72620.81215,76993.95979,80881.90808,83855.2615,8700,0,,,,,,
8084,70604.97924,74856.73558,78636.76089,81527.57897,8700,0,,,,,,
8085,68788.61981,72930.99693,76613.77861,79430.22849,8700,0,,,,,,
8086,66953.08023,70984.92312,74569.4343,77310.73069,8700,0,,,,,,
8087,65611.42931,69562.47941,73075.16175,75761.5262,8700,0,,,,,,
8088,66148.47328,70131.8636,73673.29801,76381.65094,8700,0,,,,,,
8089,62478.35313,66240.73273,69585.67751,72143.76271,8700,0,,,,,,
8090,59981.09866,63593.09627,66804.34389,69260.18264,8700,0,,,,,,
8091,58611.63653,62141.1666,65279.09642,67678.86454,8700,0,,,,,,
8092,57923.06944,61411.13473,64512.20028,66883.77603,8700,0,,,,,,
8093,58170.49327,61673.45816,64787.7702,67169.47636,8700,0,,,,,,
8094,58983.73128,62535.66849,65693.5194,68108.52239,8700,0,,,,,,
8095,60383.88164,64020.13441,67252.94609,69725.2762,8700,0,,,,,,
8096,61495.37086,65198.55632,68490.87453,71008.71295,8700,0,,,,,,
8097,62150.37271,65893.00168,69220.38716,71765.04368,8700,0,,,,,,
8098,60419.3649,64057.75444,67292.4658,69766.24873,8700,0,,,,,,
8099,60633.22349,64284.49136,67530.65221,70013.19127,8700,0,,,,,,
8100,59761.48604,63360.25881,66559.74888,69006.59592,8700,0,,,,,,
8101,57734.14504,61210.83351,64301.78449,66665.625,8700,0,,,,,,
8102,58627.93965,62158.45147,65297.25412,67697.68975,8700,0,,,,,,
8103,58800.56093,62341.46782,65489.51221,67897.01557,8700,0,,,,,,
8104,59679.97043,63273.83442,66468.96034,68912.46983,8700,0,,,,,,
8105,61621.00079,65331.75155,68630.79569,71153.77785,8700,0,,,,,,
8106,62952.10264,66743.01093,70113.31915,72690.80133,8700,0,,,,,,
8107,63073.89654,66872.13913,70248.96791,72831.43677,8700,0,,,,,,
8108,62456.29597,66217.34732,69561.1112,72118.29331,8700,0,,,,,,
8109,61890.48179,65617.46041,68930.93193,71464.9476,8700,0,,,,,,
8110,61003.40022,64676.95974,67942.93899,70440.63439,8700,0,,,,,,
8111,60621.7154,64272.29027,67517.835,69999.90288,8700,0,,,,,,
8112,61385.08505,65081.62922,68368.04298,70881.36591,8700,0,,,,,,
8113,58433.26121,61952.04971,65080.42973,67472.89453,8700,0,,,,,,
8114,56286.04433,59675.52972,62688.95278,64993.50291,8700,0,,,,,,
8115,54807.25539,58107.68969,61041.94185,63285.94513,8700,0,,,,,,
8116,54219.38404,57484.41736,60387.19626,62607.13,8700,0,,,,,,
8117,54348.85,57621.67962,60531.38983,62756.62436,8700,0,,,,,,
8118,55133.3178,58453.38723,61405.09601,63662.44943,8700,0,,,,,,
8119,55969.57199,59339.99976,62336.47962,64628.07226,8700,0,,,,,,
8120,56360.84688,59754.8368,62772.26461,65079.87743,8700,0,,,,,,
8121,55006.72887,58319.17525,61264.10675,63516.27718,8700,0,,,,,,
8122,52036.6839,55170.27735,57956.1996,60086.76586,8700,0,,,,,,
8123,51428.6734,54525.65311,57279.0239,59384.69605,8700,0,,,,,,
8124,49687.11652,52679.22154,55339.35345,57373.72009,8700,0,,,,,,
8125,48543.02106,51466.22987,54065.10959,56052.63291,8700,0,,,,,,
8126,49208.57198,52171.85956,54806.37131,56821.14464,8700,0,,,,,,
8127,50555.01794,53599.38705,56305.98437,58375.88597,8700,0,,,,,,
8128,53434.91624,56652.70975,59513.49008,61701.30493,8700,0,,,,,,
8129,57265.19057,60713.6391,63779.48336,66124.12321,8700,0,,,,,,
8130,60306.20207,63937.77706,67166.42995,69635.57959,8700,0,,,,,,
8131,61407.14221,65105.01464,68392.60929,70906.83532,8700,0,,,,,,
8132,61013.9493,64688.14407,67954.68809,70452.81541,8700,0,,,,,,
8133,60409.77483,64047.58686,67281.7848,69755.17507,8700,0,,,,,,
8134,59688.6015,63282.98525,66478.57325,68922.43613,8700,0,,,,,,
8135,59547.62746,63133.5219,66321.56248,68759.65339,8700,0,,,,,,
8136,59392.26831,62968.80719,66148.5302,68580.26016,8700,0,,,,,,
8137,56779.93298,60199.15982,63239.02452,65563.7962,8700,0,,,,,,
8138,54681.62546,57974.49446,60902.02069,63140.88023,8700,0,,,,,,
8139,53636.30773,56866.22882,59737.79118,61933.85171,8700,0,,,,,,
8140,53299.69624,56509.34694,59362.88791,61545.16637,8700,0,,,,,,
8141,54053.47582,57308.51832,60202.41489,62415.55576,8700,0,,,,,,
8142,56207.40575,59592.15561,62601.36854,64902.69893,8700,0,,,,,,
8143,60309.07909,63940.82733,67169.63425,69638.90169,8700,0,,,,,,
8144,66820.73725,70844.61058,74422.03644,77157.91424,8700,0,,,,,,
8145,74287.56648,78761.08428,82738.2667,85779.86295,8700,0,,,,,,
8146,74207.00989,78675.67666,82648.54626,85686.84424,8700,0,,,,,,
8147,72631.36123,77005.14412,80893.65719,83867.44252,8700,0,,,,,,
8148,69926.00222,74136.87129,77880.54576,80743.56411,8700,0,,,,,,
8149,66059.28562,70037.30515,73573.96467,76278.66594,8700,0,,,,,,
8150,68984.25726,73138.41545,76831.67111,79656.13108,8700,0,,,,,,
8151,70754.58435,75015.34975,78803.38457,81700.32801,8700,0,,,,,,
8152,72455.86293,76819.0775,80698.1948,83664.79461,8700,0,,,,,,
8153,74882.15088,79391.47392,83400.48899,86466.42963,8700,0,,,,,,
8154,74686.51343,79184.05539,83182.59649,86240.52704,8700,0,,,,,,
8155,72898.92421,77288.81946,81191.65722,84176.39753,8700,0,,,,,,
8156,70784.31357,75046.86923,78836.49568,81734.65634,8700,0,,,,,,
8157,68819.30804,72963.53317,76647.95783,79465.66419,8700,0,,,,,,
8158,66807.31115,70830.37598,74407.08303,77142.41112,8700,0,,,,,,
8159,65119.45867,69040.88283,72527.22621,75193.44763,8700,0,,,,,,
8160,65528.9547,69475.03827,72983.30511,75666.29275,8700,0,,,,,,
8161,61878.9737,65605.25932,68918.11472,71451.6592,8700,0,,,,,,
8162,59739.42887,63336.87339,66535.18257,68981.1265,8700,0,,,,,,
8163,58502.30972,62025.25624,65157.33296,67552.62485,8700,0,,,,,,
8164,58170.49327,61673.45816,64787.7702,67169.47636,8700,0,,,,,,
8165,58890.7076,62437.04303,65589.91366,68001.10794,8700,0,,,,,,
8166,60605.41228,64255.00539,67499.6773,69981.07766,8700,0,,,,,,
8167,63877.54448,67724.18189,71144.0361,73759.40915,8700,0,,,,,,
8168,68994.80633,73149.59978,76843.4202,79668.31209,8700,0,,,,,,
8169,74878.31485,79387.40689,83396.21659,86462.00017,8700,0,,,,,,
8170,74287.56648,78761.08428,82738.2667,85779.86295,8700,0,,,,,,
8171,72253.51244,76604.54168,80472.82561,83431.14047,8700,0,,,,,,
8172,69191.40279,73358.03507,77062.3808,79895.32205,8700,0,,,,,,
8173,64914.23115,68823.29672,72298.65271,74956.47139,8700,0,,,,,,
8174,67757.68718,71837.98264,75465.5706,78239.81044,8700,0,,,,,,
8175,68723.40733,72861.85742,76541.14778,79354.92763,8700,0,,,,,,
8176,70040.12407,74257.86543,78007.64972,80875.34063,8700,0,,,,,,
8177,72448.19088,76810.94345,80689.65,83655.93569,8700,0,,,,,,
8178,72395.44549,76755.02179,80630.90448,83595.03059,8700,0,,,,,,
8179,72367.63428,76725.53582,80599.92956,83562.91698,8700,0,,,,,,
8180,70803.49371,75067.20438,78857.85769,81756.80365,8700,0,,,,,,
8181,68966.99513,73120.11382,76812.44529,79636.1985,8700,0,,,,,,
8182,67147.75867,71191.32488,74786.2587,77535.52591,8700,0,,,,,,
8183,65506.89753,69451.65284,72958.73879,75640.82334,8700,0,,,,,,
8184,65964.34392,69936.64616,73468.22272,76169.03674,8700,0,,,,,,
8185,62377.65739,66133.97321,69473.52697,72027.48933,8700,0,,,,,,
8186,60203.58831,63828.98401,67052.1432,69517.09147,8700,0,,,,,,
8187,58953.04306,62503.13226,65659.34019,68073.0867,8700,0,,,,,,
8188,58526.2849,62050.67518,65184.03548,67580.309,8700,0,,,,,,
8189,59179.36873,62743.08702,65911.41189,68334.42498,8700,0,,,,,,
8190,60981.34306,64653.57432,67918.37268,70415.16498,8700,0,,,,,,
8191,64498.98108,68383.04074,71836.1652,74476.98208,8700,0,,,,,,
8192,69444.58066,73626.45904,77344.35933,80187.66657,8700,0,,,,,,
8193,75099.84549,79622.27787,83642.9478,86717.80163,8700,0,,,,,,
8194,73799.43187,78243.55473,82194.60356,85216.21385,8700,0,,,,,,
8195,71412.46322,75712.84538,79536.10149,82459.98083,8700,0,,,,,,
8196,68306.23924,72419.56791,76076.52407,78873.22358,8700,0,,,,,,
8197,64099.07512,67959.05287,71390.76731,74015.21061,8700,0,,,,,,
8198,66487.96179,70491.79574,74051.40558,76773.65837,8700,0,,,,,,
8199,68284.18208,72396.18249,76051.95776,78847.75418,8700,0,,,,,,
8200,70565.65995,74815.04852,78592.96877,81482.17698,8700,0,,,,,,
8201,73579.81925,78010.71727,81950.00856,84962.62712,8700,0,,,,,,
8202,73089.76662,77491.1542,81404.20921,84396.76329,8700,0,,,,,,
8203,71990.74449,76325.95013,80180.16607,83127.72229,8700,0,,,,,,
8204,70322.07215,74556.79213,78321.67126,81200.90611,8700,0,,,,,,
8205,68941.10194,73092.66137,76783.60658,79606.29963,8700,0,,,,,,
8206,67179.40591,71224.87789,74821.50602,77572.06899,8700,0,,,,,,
8207,65691.0269,69646.87028,73163.81409,75853.43754,8700,0,,,,,,
8208,66106.27697,70087.12627,73626.30159,76332.92685,8700,0,,,,,,
8209,62228.05228,65975.35904,69306.90329,71854.74029,8700,0,,,,,,
8210,60219.89143,63846.26889,67070.30091,69535.91668,8700,0,,,,,,
8211,59124.70533,62685.13185,65850.53017,68271.30515,8700,0,,,,,,
8212,58704.66022,62239.79207,65382.70216,67786.279,8700,0,,,,,,
8213,59239.78618,62807.14275,65978.70223,68404.18902,8700,0,,,,,,
8214,60844.20505,64508.17801,67765.63432,70256.81171,8700,0,,,,,,
8215,64155.65654,68019.04156,71453.78524,74080.54518,8700,0,,,,,,
8216,69089.74804,73250.25878,76949.16216,79777.9413,8700,0,,,,,,
8217,74743.09485,79244.04408,83245.61442,86305.86162,8700,0,,,,,,
8218,74814.06138,79319.28414,83324.65386,86387.80668,8700,0,,,,,,
8219,73604.75343,78037.15296,81977.77916,84991.41863,8700,0,,,,,,
8220,72181.58691,76528.28488,80392.71807,83348.08805,8700,0,,,,,,
8221,69072.48591,73231.95714,76929.93635,79758.00871,8700,0,,,,,,
8222,72646.70535,77021.41225,80910.7468,83885.16038,8700,0,,,,,,
8223,73834.91513,78281.17475,82234.12327,85257.18637,8700,0,,,,,,
8224,74048.77372,78507.91168,82472.30969,85504.12891,8700,0,,,,,,
8225,74977.09258,79492.13291,83506.23093,86576.05883,8700,0,,,,,,
8226,73972.05315,78426.57108,82386.86165,85415.53966,8700,0,,,,,,
8227,72484.63315,76849.58024,80730.23782,83698.01559,8700,0,,,,,,
8228,70636.62648,74890.28858,78672.00821,81564.12204,8700,0,,,,,,
8229,68680.25201,72816.10333,76493.08326,79305.09618,8700,0,,,,,,
8230,66561.80534,70570.08607,74133.64932,76858.92552,8700,0,,,,,,
8231,64863.40377,68769.40857,72242.04338,74897.781,8700,0,,,,,,
8232,65582.65909,69531.97668,73043.11873,75728.30522,8700,0,,,,,,
8233,62052.55398,65789.29242,69111.4409,71652.09238,8700,0,,,,,,
8234,59741.34689,63338.90691,66537.31877,68983.34124,8700,0,,,,,,
8235,58464.90845,61985.60271,65115.67705,67509.4376,8700,0,,,,,,
8236,58048.69937,61544.32996,64652.12144,67028.84092,8700,0,,,,,,
8237,58510.94079,62034.40707,65166.94587,67562.59115,8700,0,,,,,,
8238,59975.34462,63586.99573,66797.93529,69253.53845,8700,0,,,,,,
8239,63040.33129,66836.55262,70211.58439,72792.67897,8700,0,,,,,,
8240,67832.48974,71917.28973,75548.88244,78326.18497,8700,0,,,,,,
8241,73858.89031,78306.59369,82260.82579,85284.87051,8700,0,,,,,,
8242,74741.17684,79242.01057,83243.47822,86303.64689,8700,0,,,,,,
8243,74219.47698,78688.89451,82662.43157,85701.23999,8700,0,,,,,,
8244,72931.53045,77323.38921,81227.97263,84214.04796,8700,0,,,,,,
8245,69771.60208,73973.17334,77708.58159,80565.27825,8700,0,,,,,,
8246,71855.52449,76182.58733,80029.5639,82971.58373,8700,0,,,,,,
8247,72242.00435,76592.34059,80460.00839,83417.85208,8700,0,,,,,,
8248,72625.60719,76999.04358,80887.24859,83860.79833,8700,0,,,,,,
8249,73427.33712,77849.05283,81780.18058,84786.55599,8700,0,,,,,,
8250,72108.70237,76451.01131,80311.54244,83263.92827,8700,0,,,,,,
8251,70243.43357,74473.41801,78234.08702,81110.10213,8700,0,,,,,,
8252,68221.84662,72330.09326,75982.53123,78775.77541,8700,0,,,,,,
8253,66902.25286,70931.03498,74512.82499,77252.04032,8700,0,,,,,,
8254,65259.4737,69189.32941,72683.16887,75355.12301,8700,0,,,,,,
8255,63959.06009,67810.60628,71234.82464,73853.53524,8700,0,,,,,,
8256,64615.02094,68506.0684,71965.40536,74610.97332,8700,0,,,,,,
8257,61059.02263,64735.93167,68004.88881,70504.86159,8700,0,,,,,,
8258,58593.4154,62121.84821,65258.80251,67657.8246,8700,0,,,,,,
8259,57232.58433,60679.06935,63743.16794,66086.47278,8700,0,,,,,,
8260,56646.631,60057.83054,63090.55856,65409.87239,8700,0,,,,,,
8261,56933.37412,60361.84102,63409.9206,65740.97471,8700,0,,,,,,
8262,57636.32632,61107.12425,64192.83824,66552.67371,8700,0,,,,,,
8263,59019.21455,62573.28853,65733.03912,68149.49493,8700,0,,,,,,
8264,60084.67143,63702.90608,66919.69874,69379.77813,8700,0,,,,,,
8265,61597.02561,65306.33261,68604.09318,71126.09371,8700,0,,,,,,
8266,60802.00873,64463.44067,67718.63789,70208.08761,8700,0,,,,,,
8267,60271.67781,63901.17379,67127.97833,69595.71442,8700,0,,,,,,
8268,58579.9893,62107.6136,65243.8491,67642.32148,8700,0,,,,,,
8269,56127.80816,59507.76474,62512.7162,64810.78759,8700,0,,,,,,
8270,56533.46816,59937.85315,62964.5227,65279.20324,8700,0,,,,,,
8271,57750.44816,61228.11838,64319.94219,66684.45021,8700,0,,,,,,
8272,59013.4605,62567.18798,65726.63051,68142.85073,8700,0,,,,,,
8273,60632.26448,64283.4746,67529.58411,70012.0839,8700,0,,,,,,
8274,61718.81952,65435.46082,68739.74195,71266.72915,8700,0,,,,,,
8275,62176.2659,65920.45414,69249.22587,71794.94255,8700,0,,,,,,
8276,61554.8293,65261.59529,68557.09676,71077.36962,8700,0,,,,,,
8277,60530.60973,64175.69831,67416.36546,69894.70315,8700,0,,,,,,
8278,59679.01143,63272.81767,66467.89224,68911.36248,8700,0,,,,,,
8279,59262.80235,62831.54493,66004.33664,68430.7658,8700,0,,,,,,
8280,59986.8527,63599.19681,66810.75249,69266.82683,8700,0,,,,,,
8281,56836.5144,60259.14851,63302.04245,65629.13078,8700,0,,,,,,
8282,54301.85865,57571.8585,60479.0529,62702.36344,8700,0,,,,,,
8283,52953.49468,56142.2975,58977.30365,61145.40739,8700,0,,,,,,
8284,52286.02574,55434.63429,58233.90571,60374.68091,8700,0,,,,,,
8285,52535.36759,55698.99124,58511.61184,60662.59598,8700,0,,,,,,
8286,53443.54731,56661.86057,59523.10299,61711.27122,8700,0,,,,,,
8287,54413.10348,57689.80238,60602.95256,62830.81786,8700,0,,,,,,
8288,54789.03426,58088.37131,61021.64795,63264.90518,8700,0,,,,,,
8289,54835.0666,58137.17566,61072.91677,63318.05873,8700,0,,,,,,
8290,54055.39383,57310.55183,60204.55108,62417.77048,8700,0,,,,,,
8291,54009.36149,57261.74748,60153.28226,62364.61693,8700,0,,,,,,
8292,52660.03851,55831.16971,58650.4649,60806.55351,8700,0,,,,,,
8293,51801.72716,54921.17177,57694.51498,59815.46128,8700,0,,,,,,
8294,51716.37553,54830.68035,57599.45404,59716.90574,8700,0,,,,,,
8295,52859.51199,56042.65527,58872.6298,61036.88556,8700,0,,,,,,
8296,55175.51412,58498.12457,61452.09244,63711.17353,8700,0,,,,,,
8297,58279.82008,61789.36851,64909.53366,67295.71604,8700,0,,,,,,
8298,61460.84661,65161.95306,68452.42292,70968.8478,8700,0,,,,,,
8299,62758.3832,66537.62592,69897.56285,72467.11347,8700,0,,,,,,
8300,62657.68746,66430.86639,69785.4123,72350.84009,8700,0,,,,,,
8301,62065.98008,65803.52702,69126.39431,71667.5955,8700,0,,,,,,
8302,61121.3581,64802.02092,68074.31535,70576.84037,8700,0,,,,,,
8303,60990.93313,64663.74189,67929.05368,70426.23864,8700,0,,,,,,
8304,61153.00533,64835.57391,68109.56266,70613.38343,8700,0,,,,,,
8305,58345.99157,61859.52478,64983.23259,67372.12427,8700,0,,,,,,
8306,56247.68405,59634.85943,62646.22876,64949.20829,8700,0,,,,,,
8307,55200.4483,58524.56026,61479.86305,63739.96503,8700,0,,,,,,
8308,54995.22078,58306.97416,61251.28954,63502.98879,8700,0,,,,,,
8309,55922.58064,59290.17864,62284.1427,64573.81134,8700,0,,,,,,
8310,58048.69937,61544.32996,64652.12144,67028.84092,8700,0,,,,,,
8311,62289.42874,66040.43152,69375.26173,71925.61169,8700,0,,,,,,
8312,69177.01768,73342.7837,77046.35929,79878.71156,8700,0,,,,,,
8313,77044.71188,81684.26203,85809.05555,88963.53911,8700,0,,,,,,
8314,76993.8845,81630.37388,85752.44623,88904.84873,8700,0,,,,,,
8315,74779.53712,79282.68087,83286.20224,86347.94151,8700,0,,,,,,
8316,72364.75726,76722.48555,80596.72526,83559.59488,8700,0,,,,,,
8317,68305.28023,72418.55115,76075.45596,78872.11621,8700,0,,,,,,
8318,70999.13116,75274.6229,79075.75019,81982.70624,8700,0,,,,,,
8319,72922.89939,77314.2384,81218.35973,84204.08167,8700,0,,,,,,
8320,75580.30804,80131.67336,84178.06613,87272.5918,8700,0,,,,,,
8321,78804.48989,83550.01199,87769.01991,90995.55501,8700,0,,,,,,
8322,78586.79528,83319.20804,87526.5611,90744.18302,8700,0,,,,,,
8323,76608.36365,81221.63738,85323.06984,88459.68775,8700,0,,,,,,
8324,74260.71428,78732.61507,82708.35988,85748.85671,8700,0,,,,,,
8325,71758.66478,76079.89483,79921.68576,82859.73981,8700,0,,,,,,
8326,69434.03158,73615.2747,77332.61022,80175.48555,8700,0,,,,,,
8327,67726.99896,71805.4464,75431.39139,78204.37475,8700,0,,,,,,
8328,68175.81428,72281.2889,75931.26241,78722.62186,8700,0,,,,,,
8329,64507.61214,68392.19155,71845.7781,74486.94836,8700,0,,,,,,
8330,62368.06732,66123.80563,69462.84596,72016.41567,8700,0,,,,,,
8331,60978.46604,64650.52405,67915.16838,70411.84289,8700,0,,,,,,
8332,60300.44802,63931.67651,67160.02134,69628.93539,8700,0,,,,,,
8333,60843.24604,64507.16124,67764.56621,70255.70434,8700,0,,,,,,
8334,62144.61866,65886.90113,69213.97854,71758.39947,8700,0,,,,,,
8335,65609.51129,69560.44589,73073.02554,75759.31146,8700,0,,,,,,
8336,71055.71258,75334.6116,79138.76812,82048.04082,8700,0,,,,,,
8337,78182.09429,82890.13639,87075.82271,90276.87473,8700,0,,,,,,
8338,79186.17472,83954.68147,88194.1239,91436.28654,8700,0,,,,,,
8339,77637.37826,82312.61815,86469.14164,89647.89106,8700,0,,,,,,
8340,75166.01698,79692.43413,83716.64673,86794.20986,8700,0,,,,,,
8341,70618.40534,74870.97018,78651.7143,81543.08209,8700,0,,,,,,
8342,72023.35073,76360.51988,80216.48148,83165.37272,8700,0,,,,,,
8343,74066.99485,78527.23007,82492.60359,85525.16885,8700,0,,,,,,
8344,76223.8018,80813.91762,84894.76154,88015.63413,8700,0,,,,,,
8345,78239.63471,82951.14183,87139.90873,90343.31666,8700,0,,,,,,
8346,77038.95783,81678.16148,85802.64694,88956.89491,8700,0,,,,,,
8347,74917.63414,79429.09394,83440.0087,86507.40216,8700,0,,,,,,
8348,72573.82081,76944.13868,80829.57116,83801.00059,8700,0,,,,,,
8349,70498.52946,74743.87551,78518.20175,81404.66139,8700,0,,,,,,
8350,68159.51116,72264.00403,75913.1047,78703.79665,8700,0,,,,,,
8351,66412.20023,70411.4719,73967.02564,76686.17648,8700,0,,,,,,
8352,66786.213,70808.00732,74383.58483,77118.04908,8700,0,,,,,,
8353,63047.04434,66843.66992,70219.06109,72800.43053,8700,0,,,,,,
8354,60658.15767,64310.92705,67558.42282,70041.98277,8700,0,,,,,,
8355,59329.93285,62902.71795,66079.10368,68508.28139,8700,0,,,,,,
8356,58954.00206,62504.14901,65660.40828,68074.19406,8700,0,,,,,,
8357,59539.9554,63125.38784,66313.01767,68750.79446,8700,0,,,,,,
8358,60866.26221,64531.56342,67790.20062,70282.28111,8700,0,,,,,,
8359,64052.08377,67909.23175,71338.43038,73960.94969,8700,0,,,,,,
8360,69121.39527,73283.81177,76984.40947,79814.48436,8700,0,,,,,,
8361,75704.97897,80263.85184,84316.9192,87416.54934,8700,0,,,,,,
8362,76566.16734,81176.90005,85276.07342,88410.96366,8700,0,,,,,,
8363,75190.95116,79718.86982,83744.41734,86823.00136,8700,0,,,,,,
8364,72949.75159,77342.70761,81248.26655,84235.08791,8700,0,,,,,,
8365,69275.79541,73447.50972,77156.37364,79992.77022,8700,0,,,,,,
8366,71502.60988,75808.42057,79636.50293,82564.07319,8700,0,,,,,,
8367,72262.1435,76613.6925,80482.43851,83441.10676,8700,0,,,,,,
8368,72877.82606,77266.4508,81168.15901,84152.03549,8700,0,,,,,,
8369,74560.8835,79050.86016,83042.67533,86095.46215,8700,0,,,,,,
8370,73777.37471,78220.16931,82170.03725,85190.74444,8700,0,,,,,,
8371,72211.31613,76559.80436,80425.82919,83382.41639,8700,0,,,,,,
8372,70723.89612,74982.81351,78769.20535,81664.8923,8700,0,,,,,,
8373,69228.80406,73397.6886,77104.03672,79938.5093,8700,0,,,,,,
8374,67357.78122,71413.99477,75020.1727,77778.03898,8700,0,,,,,,
8375,65868.44321,69834.97041,73361.41268,76058.30018,8700,0,,,,,,
8376,66206.01371,70192.86905,73737.38404,76448.09288,8700,0,,,,,,
8377,62724.81796,66502.03941,69860.17934,72428.35568,8700,0,,,,,,
8378,60419.3649,64057.75444,67292.4658,69766.24873,8700,0,,,,,,
8379,58980.85426,62532.61822,65690.3151,68105.2003,8700,0,,,,,,
8380,58415.04008,61932.73132,65060.13582,67451.85459,8700,0,,,,,,
8381,58852.34731,62396.37272,65547.18963,67956.81331,8700,0,,,,,,
8382,60400.18476,64037.41929,67271.10379,69744.10142,8700,0,,,,,,
8383,63774.93072,67615.38884,71029.74934,73640.92103,8700,0,,,,,,
8384,68862.46335,73009.28724,76696.02234,79515.49564,8700,0,,,,,,
8385,76083.78677,80665.47104,84738.81888,87853.95875,8700,0,,,,,,
8386,78062.2184,82763.0417,86942.31015,90138.45402,8700,0,,,,,,
8387,77934.67046,82627.81296,86800.25279,89991.1744,8700,0,,,,,,
8388,75784.57656,80348.24271,84405.57154,87508.46069,8700,0,,,,,,
8389,70233.8435,74463.25044,78223.40602,81099.02848,8700,0,,,,,,
8390,72194.054,76541.50272,80406.60338,83362.48381,8700,0,,,,,,
8391,73892.45556,78342.18021,82298.20931,85323.62831,8700,0,,,,,,
8392,74230.02606,78700.07884,82674.18067,85713.42101,8700,0,,,,,,
8393,75323.29414,79859.18235,83891.8152,86975.81781,8700,0,,,,,,
8394,74582.94067,79074.24559,83067.24165,86120.93156,8700,0,,,,,,
8395,73346.78052,77763.6452,81690.46013,84693.53727,8700,0,,,,,,
8396,71472.88066,75776.90109,79603.39182,82529.74485,8700,0,,,,,,
8397,69409.0974,73588.83901,77304.83961,80146.69405,8700,0,,,,,,
8398,67251.33144,71301.13469,74901.61355,77655.1214,8700,0,,,,,,
8399,65950.91782,69922.41156,73453.26932,76153.53362,8700,0,,,,,,
8400,66501.38789,70506.03035,74066.35898,76789.16149,8700,0,,,,,,
8401,63238.84576,67047.02142,70432.68119,73021.90365,8700,0,,,,,,
8402,61054.2276,64730.84789,67999.54832,70499.32477,8700,0,,,,,,
8403,59624.34802,63214.86249,66407.01051,68848.24263,8700,0,,,,,,
8404,59256.0893,62824.42762,65996.85994,68423.01424,8700,0,,,,,,
8405,59990.68873,63603.26385,66815.02489,69271.2563,8700,0,,,,,,
8406,61804.17115,65525.95224,68834.80289,71365.28469,8700,0,,,,,,
8407,65224.94945,69152.72615,72644.71726,75315.25785,8700,0,,,,,,
8408,70814.04279,75078.38871,78869.6068,81768.98468,8700,0,,,,,,
8409,77792.73741,82477.33286,86642.17392,89827.28429,8700,0,,,,,,
8410,78381.56776,83101.62194,87297.9876,90507.20677,8700,0,,,,,,
8411,77389.95443,82050.29472,86193.57172,89362.19073,8700,0,,,,,,
8412,76427.11131,81029.47021,85121.19885,88250.39565,8700,0,,,,,,
8413,73464.7384,77888.70638,81821.8365,84829.74325,8700,0,,,,,,
8414,76588.2245,81200.28547,85300.63973,88436.43307,8700,0,,,,,,
8415,78655.84379,83392.41458,87603.46434,90823.91334,8700,0,,,,,,
8416,80472.20323,85318.15324,89626.44663,92921.26383,8700,0,,,,,,
8417,82185.9489,87135.09884,91535.14216,94900.12618,8700,0,,,,,,
8418,80533.57968,85383.22572,89694.80506,92992.13522,8700,0,,,,,,
8419,78079.48053,82781.34334,86961.53596,90158.38661,8700,0,,,,,,
8420,75560.1689,80110.32146,84155.63603,87249.33713,8700,0,,,,,,
8421,73593.24535,78024.95188,81964.96196,84978.13024,8700,0,,,,,,
8422,71309.84946,75604.05233,79421.81474,82341.4927,8700,0,,,,,,
8423,69748.58591,73948.77116,77682.94718,80538.70147,8700,0,,,,,,
8424,70690.33087,74947.22699,78731.82183,81626.13451,8700,0,,,,,,
8425,67047.06293,71084.56535,74674.10816,77419.25253,8700,0,,,,,,
8426,64927.65725,68837.53133,72313.60611,74971.97451,8700,0,,,,,,
8427,63442.15526,67262.574,70659.11848,73256.66516,8700,0,,,,,,
8428,62706.59682,66482.72102,69839.88542,72407.31573,8700,0,,,,,,
8429,62838.9398,66623.03355,69987.28329,72560.13219,8700,0,,,,,,
8430,63395.16391,67212.75288,70606.78156,73202.40424,8700,0,,,,,,
8431,64731.0608,68629.09605,72094.64552,74744.96456,8700,0,,,,,,
8432,66421.7903,70421.63947,73977.70664,76697.25014,8700,0,,,,,,
8433,67977.29981,72070.8201,75710.16561,78493.39718,8700,0,,,,,,
8434,66552.21527,70559.9185,74122.96831,76847.85187,8700,0,,,,,,
8435,65387.98065,69325.57491,72826.29433,75503.51,8700,0,,,,,,
8436,63469.00746,67291.04321,70689.0253,73287.6714,8700,0,,,,,,
8437,61072.44873,64750.16628,68019.84222,70520.36471,8700,0,,,,,,
8438,62065.98008,65803.52702,69126.39431,71667.5955,8700,0,,,,,,
8439,63584.08831,67413.0541,70817.19735,73420.55527,8700,0,,,,,,
8440,65623.8964,69575.69726,73089.04705,75775.92195,8700,0,,,,,,
8441,67401.89555,71460.76561,75069.30532,77828.9778,8700,0,,,,,,
8442,67850.71087,71936.60811,75569.17634,78347.22491,8700,0,,,,,,
8443,67864.13697,71950.84272,75584.12975,78362.72803,8700,0,,,,,,
8444,66926.22803,70956.4539,74539.52749,77279.72445,8700,0,,,,,,
8445,65292.07995,69223.89917,72719.4843,75392.77345,8700,0,,,,,,
8446,63436.40122,67256.47346,70652.70988,73250.02097,8700,0,,,,,,
8447,62853.32491,66638.28491,70003.3048,72576.74268,8700,0,,,,,,
8448,64044.41172,67901.0977,71329.88558,73952.09077,8700,0,,,,,,
8449,61394.67512,65091.79679,68378.72398,70892.43957,8700,0,,,,,,
8450,59269.5154,62838.66223,66011.81334,68438.51736,8700,0,,,,,,
8451,57745.65313,61223.0346,64314.6017,66678.91339,8700,0,,,,,,
8452,57067.63511,60504.18706,63559.45466,65896.00589,8700,0,,,,,,
8453,57091.61029,60529.606,63586.15717,65923.69003,8700,0,,,,,,
8454,57831.96377,61314.54278,64410.73074,66778.5763,8700,0,,,,,,
8455,58705.61923,62240.80883,65383.77027,67787.38637,8700,0,,,,,,
8456,59163.06561,62725.80215,65893.25419,68315.59977,8700,0,,,,,,
8457,59556.25852,63142.67271,66331.17538,68769.61967,8700,0,,,,,,
8458,58132.13299,61632.78787,64745.04619,67125.18173,8700,0,,,,,,
8459,57427.26277,60885.47112,63959.99234,66311.268,8700,0,,,,,,
8460,55362.5205,58696.39227,61660.37203,63927.10982,8700,0,,,,,,
8461,53848.2483,57090.93222,59973.84139,62178.57951,8700,0,,,,,,
8462,53812.76504,57053.3122,59934.32167,62137.60699,8700,0,,,,,,
8463,54696.96958,57990.76259,60919.1103,63158.59809,8700,0,,,,,,
8464,57348.62419,60802.097,63872.4081,66220.46402,8700,0,,,,,,
8465,60817.35285,64479.70879,67735.7275,70225.80547,8700,0,,,,,,
8466,63605.18647,67435.42277,70840.69557,73444.91732,8700,0,,,,,,
8467,64775.17512,68675.86689,72143.77814,74795.90337,8700,0,,,,,,
8468,64494.18604,68377.95695,71830.8247,74471.44524,8700,0,,,,,,
8469,63704.92321,67541.16555,70951.77802,73560.08335,8700,0,,,,,,
8470,62377.65739,66133.97321,69473.52697,72027.48933,8700,0,,,,,,
8471,62044.88193,65781.15836,69102.8961,71643.23346,8700,0,,,,,,
8472,61953.77625,65684.5664,69001.42655,71538.03372,8700,0,,,,,,
8473,59333.76887,62906.78497,66083.37607,68512.71085,8700,0,,,,,,
8474,57221.07625,60666.86826,63730.35074,66073.1844,8700,0,,,,,,
8475,56093.2839,59471.16146,62474.26458,64770.92242,8700,0,,,,,,
8476,55724.06617,59079.70984,62063.0459,64344.58666,8700,0,,,,,,
8477,56491.27185,59893.11582,62917.52628,65230.47916,8700,0,,,,,,
8478,58425.58916,61943.91565,65071.88493,67464.03561,8700,0,,,,,,
8479,62066.93909,65804.54378,69127.46241,71668.70286,8700,0,,,,,,
8480,68829.85711,72974.71749,76659.70692,79477.84521,8700,0,,,,,,
8481,77444.61783,82108.24989,86254.45344,89425.31056,8700,0,,,,,,
8482,78402.66592,83123.99061,87321.48582,90531.56882,8700,0,,,,,,
8483,76760.84578,81383.30182,85492.89782,88635.75888,8700,0,,,,,,
8484,74631.85003,79126.10022,83121.71477,86177.40721,8700,0,,,,,,
8485,71149.69527,75434.25382,79243.44196,82156.56264,8700,0,,,,,,
8486,73919.30776,78370.64942,82328.11612,85354.63455,8700,0,,,,,,
8487,75238.90152,79769.7077,83797.82237,86878.36964,8700,0,,,,,,
8488,75922.67358,80494.65578,84559.378,87667.92133,8700,0,,,,,,
8489,77295.01273,81949.63573,86087.82978,89252.56153,8700,0,,,,,,
8490,76159.54833,80745.79488,84823.19882,87941.44064,8700,0,,,,,,
8491,74207.00989,78675.67666,82648.54626,85686.84424,8700,0,,,,,,
8492,72011.84265,76348.3188,80203.66428,83152.08433,8700,0,,,,,,
8493,70022.86194,74239.5638,77988.42391,80855.40804,8700,0,,,,,,
8494,67352.98619,71408.91098,75014.8322,77772.50216,8700,0,,,,,,
8495,65586.49512,69536.04371,73047.39113,75732.73468,8700,0,,,,,,
8496,66412.20023,70411.4719,73967.02564,76686.17648,8700,0,,,,,,
8497,63177.4693,66981.94893,70364.32275,72951.03225,8700,0,,,,,,
8498,61000.5232,64673.90947,67939.73469,70437.31229,8700,0,,,,,,
8499,59711.61767,63307.38742,66504.20766,68949.01291,8700,0,,,,,,
8500,59200.46689,62765.45569,65934.91011,68358.78703,8700,0,,,,,,
8501,59936.02533,63545.30867,66754.14317,69208.13646,8700,0,,,,,,
8502,61496.32987,65199.57308,68491.94263,71009.82032,8700,0,,,,,,
8503,64759.83101,68659.59877,72126.68853,74778.18552,8700,0,,,,,,
8504,70143.69683,74367.67523,78123.00457,80994.93611,8700,0,,,,,,
8505,77002.51556,81639.52469,85762.05913,88914.81501,8700,0,,,,,,
8506,76996.76152,81633.42415,85755.65053,88908.17082,8700,0,,,,,,
8507,75107.51755,79630.41193,83651.4926,86726.66056,8700,0,,,,,,
8508,72304.33981,76658.42982,80529.43492,83489.83084,8700,0,,,,,,
8509,67744.26108,71823.74803,75450.61719,78224.30733,8700,0,,,,,,
8510,70048.75513,74267.01625,78017.26262,80885.30691,8700,0,,,,,,
8511,71428.76634,75730.13026,79554.2592,82478.80604,8700,0,,,,,,
8512,73003.45598,77399.64602,81308.08017,84297.10038,8700,0,,,,,,
8513,75192.86918,79720.90334,83746.55354,86825.21609,8700,0,,,,,,
8514,75457.55514,80001.52841,84041.34928,87130.84901,8700,0,,,,,,
8515,74145.63343,78610.60418,82580.18783,85615.97283,8700,0,,,,,,
8516,72413.66662,76774.34018,80651.19838,83616.07053,8700,0,,,,,,
8517,70616.48733,74868.93667,78649.5781,81540.86736,8700,0,,,,,,
8518,68051.14335,72149.11042,75792.40934,78578.66432,8700,0,,,,,,
8519,66328.76661,70323.014,73874.1009,76589.83567,8700,0,,,,,,
8520,66879.23669,70906.6328,74487.19057,77225.46355,8700,0,,,,,,
8521,63724.10335,67561.5007,70973.14003,73582.23066,8700,0,,,,,,
8522,61737.04065,65454.77921,68760.03585,71287.76909,8700,0,,,,,,
8523,60541.1588,64186.88263,67428.11456,69906.88416,8700,0,,,,,,
8524,60166.18703,63789.33047,67010.48728,69473.90421,8700,0,,,,,,
8525,60962.16292,64633.23917,67897.01067,70393.01767,8700,0,,,,,,
8526,62692.21172,66467.46966,69823.86392,72390.70525,8700,0,,,,,,
8527,66144.63725,70127.79656,73669.02561,76377.22148,8700,0,,,,,,
8528,71708.79641,76027.02344,79866.14454,82802.1568,8700,0,,,,,,
8529,78112.08677,82815.91309,86997.85137,90196.03704,8700,0,,,,,,
8530,77021.69571,81659.85985,85783.42114,88936.96233,8700,0,,,,,,
8531,74373.87712,78852.59246,82834.39574,85879.52585,8700,0,,,,,,
8532,70990.5001,75265.47209,79066.13729,81972.73996,8700,0,,,,,,
8533,66579.06747,70588.38771,74152.87513,76878.85811,8700,0,,,,,,
8534,68997.68335,73152.65005,76846.6245,79671.63419,8700,0,,,,,,
8535,70617.44634,74869.95343,78650.64621,81541.97473,8700,0,,,,,,
8536,72680.27059,77056.99875,80948.13031,83923.91817,8700,0,,,,,,
8537,75658.94663,80215.04748,84265.65038,87363.39579,8700,0,,,,,,
8538,75323.29414,79859.18235,83891.8152,86975.81781,8700,0,,,,,,
8539,73887.66052,78337.09641,82292.8688,85318.09148,8700,0,,,,,,
8540,72186.38194,76533.36866,80398.05857,83353.62488,8700,0,,,,,,
8541,70546.47981,74794.71337,78571.60677,81460.02967,8700,0,,,,,,
8542,68006.07002,72101.32282,75742.20862,78526.61814,8700,0,,,,,,
8543,66623.18179,70635.15854,74202.00774,76929.79692,8700,0,,,,,,
8544,67275.30661,71326.55362,74928.31606,77682.80554,8700,0,,,,,,
8545,63795.06987,67636.74075,71052.17946,73664.17571,8700,0,,,,,,
8546,61841.57242,65565.60577,68876.4588,71408.47194,8700,0,,,,,,
8547,60693.64093,64348.54707,67597.94254,70082.9553,8700,0,,,,,,
8548,60313.87412,63945.91111,67174.97475,69644.43851,8700,0,,,,,,
8549,61053.26859,64729.83113,67998.48021,70498.2174,8700,0,,,,,,
8550,62813.04661,66595.5811,69958.44458,72530.23332,8700,0,,,,,,
8551,66237.66094,70226.42204,73772.63136,76484.63594,8700,0,,,,,,
8552,71684.82123,76001.6045,79839.44202,82774.47266,8700,0,,,,,,
8553,78517.74677,83246.00151,87449.65787,90664.45269,8700,0,,,,,,
8554,78079.48053,82781.34334,86961.53596,90158.38661,8700,0,,,,,,
8555,75578.39003,80129.63985,84175.92993,87270.37707,8700,0,,,,,,
8556,72306.25783,76660.46335,80531.57113,83492.04558,8700,0,,,,,,
8557,67943.73456,72035.23359,75672.78209,78454.63938,8700,0,,,,,,
8558,70205.07329,74432.74772,78191.363,81065.80751,8700,0,,,,,,
8559,71680.0262,75996.52072,79834.10153,82768.93584,8700,0,,,,,,
8560,73601.87641,78034.10269,81974.57486,84988.09653,8700,0,,,,,,
8561,76190.23656,80778.33112,84857.37804,87976.87634,8700,0,,,,,,
8562,75942.81273,80516.00769,84581.80812,87691.17601,8700,0,,,,,,
8563,74629.93201,79124.0667,83119.57856,86175.19247,8700,0,,,,,,
8564,72845.21981,77231.88104,81131.84359,84114.38505,8700,0,,,,,,
8565,70660.60165,74915.70751,78698.71072,81591.80617,8700,0,,,,,,
8566,68091.42165,72191.81424,75837.26956,78625.17368,8700,0,,,,,,
8567,66635.64888,70648.37639,74215.89305,76944.19267,8700,0,,,,,,
8568,67559.17271,71627.51384,75244.4738,78010.58576,8700,0,,,,,,
8569,64311.9747,68184.77303,71627.88562,74261.04578,8700,0,,,,,,
8570,62010.35767,65744.55509,69064.44448,71603.36829,8700,0,,,,,,
8571,60587.19114,64235.68699,67479.38338,69960.03771,8700,0,,,,,,
8572,60230.44051,63857.45322,67082.05002,69548.09771,8700,0,,,,,,
8573,60690.76391,64345.4968,67594.73824,70079.6332,8700,0,,,,,,
8574,62306.69086,66058.73315,69394.48753,71945.54427,8700,0,,,,,,
8575,65364.00548,69300.15598,72799.59183,75475.82587,8700,0,,,,,,
8576,70447.70208,74689.98736,78461.59242,81345.97101,8700,0,,,,,,
8577,76938.26209,81571.40195,85690.4964,88840.62152,8700,0,,,,,,
8578,77856.99088,82545.4556,86713.73664,89901.47778,8700,0,,,,,,
8579,77252.81642,81904.8984,86040.83336,89203.83745,8700,0,,,,,,
8580,75985.96805,80561.76178,84629.87264,87741.00747,8700,0,,,,,,
8581,72724.38492,77103.7696,80997.26293,83974.85699,8700,0,,,,,,
8582,75579.34904,80130.65661,84176.99804,87271.48444,8700,0,,,,,,
8583,77029.36776,81667.9939,85791.96594,88945.82125,8700,0,,,,,,
8584,77089.78521,81732.04963,85859.25627,89015.58529,8700,0,,,,,,
8585,77113.76039,81757.46857,85885.95879,89043.26943,8700,0,,,,,,
8586,75317.5401,79853.08181,83885.4066,86969.17362,8700,0,,,,,,
8587,73201.01145,77609.09807,81528.10887,84525.21771,8700,0,,,,,,
8588,71616.73173,75929.41472,79763.60689,82695.8497,8700,0,,,,,,
8589,70006.55882,74222.27892,77970.26621,80836.58283,8700,0,,,,,,
8590,67847.83385,71933.55784,75565.97204,78343.90282,8700,0,,,,,,
8591,66974.17839,71007.29178,74592.93252,77335.09274,8700,0,,,,,,
8592,68493.24562,72617.83562,76284.80366,79089.15987,8700,0,,,,,,
8593,65508.81555,69453.68636,72960.875,75643.03807,8700,0,,,,,,
8594,63345.29555,67159.8815,70551.24034,73144.82124,8700,0,,,,,,
8595,62025.70179,65760.82322,69081.5341,71621.08615,8700,0,,,,,,
8596,61266.16817,64955.55129,68235.59852,70744.05258,8700,0,,,,,,
8597,61485.78079,65188.38875,68480.19353,70997.6393,8700,0,,,,,,
8598,62135.9876,65877.75032,69204.36564,71748.43319,8700,0,,,,,,
8599,63345.29555,67159.8815,70551.24034,73144.82124,8700,0,,,,,,
8600,64344.58094,68219.34279,71664.20103,74298.69621,8700,0,,,,,,
8601,65063.83626,68981.91089,72465.27638,75129.22043,8700,0,,,,,,
8602,63697.25115,67533.03149,70943.23321,73551.22442,8700,0,,,,,,
8603,62738.24406,66516.27402,69875.13275,72443.8588,8700,0,,,,,,
8604,61064.77668,64742.03222,68011.29742,70511.5058,8700,0,,,,,,
8605,59047.02575,62602.77449,65764.01403,68181.60853,8700,0,,,,,,
8606,59792.17426,63392.79505,66593.92809,69042.03161,8700,0,,,,,,
8607,60768.44349,64427.85417,67681.25438,70169.32982,8700,0,,,,,,
8608,63086.36363,66885.35698,70262.85321,72845.83252,8700,0,,,,,,
8609,66714.28747,70731.75051,74303.47729,77034.99666,8700,0,,,,,,
8610,69053.30577,73211.62199,76908.57434,79735.8614,8700,0,,,,,,
8611,69830.10151,74035.19554,77773.73571,80632.82755,8700,0,,,,,,
8612,68971.79016,73125.1976,76817.78579,79641.73532,8700,0,,,,,,
8613,67772.07229,71853.234,75481.59211,78256.42093,8700,0,,,,,,
8614,66139.84222,70122.71278,73663.68511,76371.68465,8700,0,,,,,,
8615,66098.60491,70078.99221,73617.75679,76324.06793,8700,0,,,,,,
8616,66618.38676,70630.07476,74196.66725,76924.2601,8700,0,,,,,,
8617,63866.0364,67711.98081,71131.2189,73746.12077,8700,0,,,,,,
8618,61878.9737,65605.25932,68918.11472,71451.6592,8700,0,,,,,,
8619,60360.86547,63995.73223,67227.31167,69698.69943,8700,0,,,,,,
8620,59615.71696,63205.71168,66397.39761,68838.27634,8700,0,,,,,,
8621,59697.23256,63292.13606,66488.18615,68932.40242,8700,0,,,,,,
8622,60325.38221,63958.11221,67187.79196,69657.7269,8700,0,,,,,,
8623,61275.75824,64965.71887,68246.27953,70755.12623,8700,0,,,,,,
8624,61858.83455,65583.90741,68895.68461,71428.40452,8700,0,,,,,,
8625,61710.18845,65426.31,68730.12904,71256.76285,8700,0,,,,,,
8626,59929.31228,63538.19137,66746.66647,69200.3849,8700,0,,,,,,
8627,59173.61469,62736.98648,65905.00329,68327.78079,8700,0,,,,,,
8628,57685.23568,61158.97888,64247.31136,66609.14935,8700,0,,,,,,
8629,56423.18235,59820.92605,62841.69115,65151.8562,8700,0,,,,,,
8630,56504.69795,59907.35043,62932.47969,65245.98228,8700,0,,,,,,
8631,57768.6693,61247.43678,64340.23611,66705.49016,8700,0,,,,,,
8632,60667.74774,64321.09462,67569.10383,70053.05643,8700,0,,,,,,
8633,64577.61966,68466.41485,71923.74944,74567.78605,8700,0,,,,,,
8634,68007.02903,72102.33958,75743.27673,78527.72551,8700,0,,,,,,
8635,68779.02974,72920.82935,76603.0976,79419.15484,8700,0,,,,,,
8636,68194.99442,72301.62405,75952.62442,78744.76917,8700,0,,,,,,
8637,67072.95612,71112.0178,74702.94687,77449.1514,8700,0,,,,,,
8638,65671.84675,69626.53513,73142.45207,75831.29022,8700,0,,,,,,
8639,65501.14349,69445.5523,72952.33019,75634.17914,8700,0,,,,,,
8640,65920.22959,69889.87531,73419.0901,76118.09792,8700,0,,,,,,
8641,63740.40647,67578.78558,70991.29773,73601.05587,8700,0,,,,,,
8642,61830.06434,65553.40469,68863.6416,71395.18356,8700,0,,,,,,
8643,60551.70788,64198.06697,67439.86367,69919.06518,8700,0,,,,,,
8644,59976.30363,63588.01249,66799.00339,69254.64582,8700,0,,,,,,
8645,60534.44575,64179.76533,67420.63786,69899.1326,8700,0,,,,,,
8646,62359.43625,66114.65481,69453.23305,72006.44937,8700,0,,,,,,
8647,66283.69328,70275.2264,73823.90018,76537.78949,8700,0,,,,,,
8648,73351.57556,77768.72899,81695.80064,84699.07411,8700,0,,,,,,
8649,82526.39642,87496.04775,91914.31783,95293.24098,8700,0,,,,,,
8650,83999.43132,89057.78724,93554.92016,96994.15457,8700,0,,,,,,
8651,82573.38777,87545.86887,91966.65476,95347.5019,8700,0,,,,,,
8652,80904.71543,85776.71087,90108.15994,93420.68572,8700,0,,,,,,
8653,78288.54408,83002.99647,87194.38186,90399.79232,8700,0,,,,,,
8654,82158.1377,87105.61288,91504.16726,94868.01259,8700,0,,,,,,
8655,84809.79231,89916.9473,94457.46505,97929.87852,8700,0,,,,,,
8656,85978.82196,91156.37466,95759.47953,99279.75721,8700,0,,,,,,
8657,86989.61544,92228.03705,96885.25743,100446.9206,8700,0,,,,,,
8658,85018.85586,90138.60043,94690.31096,98171.28423,8700,0,,,,,,
8659,81579.85642,86492.50812,90860.10267,94200.27111,8700,0,,,,,,
8660,78184.97131,82893.18666,87079.02701,90280.19682,8700,0,,,,,,
8661,75037.51003,79556.18863,83573.52127,86645.82286,8700,0,,,,,,
8662,71633.99385,75947.71635,79782.83269,82715.78227,8700,0,,,,,,
8663,70053.55016,74272.10003,78022.60312,80890.84373,8700,0,,,,,,
8664,71174.62946,75460.68952,79271.21258,82185.35415,8700,0,,,,,,
8665,68146.08506,72249.76942,75898.15129,78688.29353,8700,0,,,,,,
8666,66113.94902,70095.26032,73634.84639,76341.78577,8700,0,,,,,,
8667,64925.73924,68835.49782,72311.46992,74969.75978,8700,0,,,,,,
8668,64326.3598,68200.02439,71643.90712,74277.65626,8700,0,,,,,,
8669,64429.93257,68309.8342,71759.26197,74397.25175,8700,0,,,,,,
8670,65785.9686,69747.52927,73269.55604,75963.06674,8700,0,,,,,,
8671,69080.15796,73240.09119,76938.48114,79766.86763,8700,0,,,,,,
8672,75061.48521,79581.60757,83600.22378,86673.50701,8700,0,,,,,,
8673,83250.44678,88263.69965,92720.73369,96129.30203,8700,0,,,,,,
8674,85080.23231,90203.67291,94758.66938,98242.15562,8700,0,,,,,,
8675,83996.5543,89054.73697,93551.71586,96990.83248,8700,0,,,,,,
8676,82231.02224,87182.88645,91585.34289,94952.17237,8700,0,,,,,,
8677,79031.77457,83790.98351,88022.15972,91258.00066,8700,0,,,,,,
8678,82178.27685,87126.96479,91526.59737,94891.26726,8700,0,,,,,,
8679,83650.35274,88687.68752,93166.13159,96591.07349,8700,0,,,,,,
8680,84034.91458,89095.40726,93594.43987,97035.1271,8700,0,,,,,,
8681,84466.46777,89552.94812,94075.08508,97533.44163,8700,0,,,,,,
8682,82453.51188,87418.77418,91833.1422,95209.08119,8700,0,,,,,,
8683,79647.45713,84443.74182,88707.88023,91968.9294,8700,0,,,,,,
8684,76731.11656,81351.78234,85459.7867,88601.43055,8700,0,,,,,,
8685,73877.11145,78325.91209,82281.1197,85305.91047,8700,0,,,,,,
8686,70572.373,74822.16582,78600.44548,81489.92854,8700,0,,,,,,
8687,68910.41371,73060.12512,76749.42737,79570.86392,8700,0,,,,,,
8688,69887.64194,74096.20099,77837.82175,80699.26949,8700,0,,,,,,
8689,66795.80307,70818.17489,74394.26583,77129.12273,8700,0,,,,,,
8690,64518.16122,68403.37589,71857.52721,74499.12939,8700,0,,,,,,
8691,63237.88675,67046.00466,70431.61308,73020.79628,8700,0,,,,,,
8692,62465.88604,66227.51489,69571.79221,72129.36696,8700,0,,,,,,
8693,62847.57086,66632.18436,69996.89619,72570.09847,8700,0,,,,,,
8694,64167.16462,68031.24265,71466.60244,74093.83356,8700,0,,,,,,
8695,67426.82974,71487.20131,75097.07594,77857.76931,8700,0,,,,,,
8696,72857.68691,77245.09889,81145.7289,84128.78081,8700,0,,,,,,
8697,80658.2506,85515.40419,89833.65812,93136.09275,8700,0,,,,,,
8698,82442.0038,87406.5731,91820.325,95195.79281,8700,0,,,,,,
8699,81577.93841,86490.47461,90857.96647,94198.05639,8700,0,,,,,,
8700,79560.18748,84351.21688,88610.68308,91868.15912,8700,0,,,,,,
8701,76095.29485,80677.67212,84751.63608,87867.24714,8700,0,,,,,,
8702,78785.30975,83529.67684,87747.6579,90973.4077,8700,0,,,,,,
8703,79066.29883,83827.58678,88060.61134,91297.86583,8700,0,,,,,,
8704,79118.08521,83882.49168,88118.28876,91357.66357,8700,0,,,,,,
8705,80180.66507,85009.05897,89301.74408,92584.62468,8700,0,,,,,,
8706,78647.21273,83383.26377,87593.85144,90813.94705,8700,0,,,,,,
8707,76443.41443,81046.75509,85139.35656,88269.22086,8700,0,,,,,,
8708,74463.06478,78947.1509,82933.72908,85982.51086,8700,0,,,,,,
8709,72415.58464,76776.3737,80653.33459,83618.28526,8700,0,,,,,,
8710,69376.49116,73554.26926,77268.5242,80109.04362,8700,0,,,,,,
8711,67925.51342,72015.91519,75652.48818,78433.59943,8700,0,,,,,,
8712,68935.34789,73086.56081,76777.19797,79599.65542,8700,0,,,,,,
8713,65769.66548,69730.24439,73251.39833,75944.24152,8700,0,,,,,,
8714,63683.82505,67518.79688,70928.2798,73535.7213,8700,0,,,,,,
8715,62484.10718,66246.83329,69592.08612,72150.40691,8700,0,,,,,,
8716,61989.25952,65722.18643,69040.94628,71579.00625,8700,0,,,,,,
8717,62451.50093,66212.26352,69555.77069,72112.75647,8700,0,,,,,,
8718,64065.50987,67923.46636,71353.38379,73976.45281,8700,0,,,,,,
8719,67346.27314,71401.79368,75007.3555,77764.7506,8700,0,,,,,,
8720,72794.39244,77177.9929,81075.23427,84055.69468,8700,0,,,,,,
8721,80071.33826,84893.14861,89179.98063,92458.38499,8700,0,,,,,,
8722,79609.09684,84403.07151,88665.1562,91924.63476,8700,0,,,,,,
8723,77283.50464,81937.43463,86075.01256,89239.27314,8700,0,,,,,,
8724,74793.92223,79297.93223,83302.22375,86364.552,8700,0,,,,,,
8725,72054.03896,76393.05612,80250.6607,83200.80842,8700,0,,,,,,
8726,76578.63443,81190.11789,85289.95872,88425.35941,8700,0,,,,,,
8727,78569.53315,83300.90641,87507.33529,90724.25043,8700,0,,,,,,
8728,79639.78507,84435.60775,88699.33542,91960.07047,8700,0,,,,,,
8729,81097.47585,85981.07911,90322.84813,93643.26621,8700,0,,,,,,
8730,79502.64706,84290.21144,88546.59706,91801.71719,8700,0,,,,,,
8731,77299.80776,81954.71951,86093.17027,89258.09835,8700,0,,,,,,
8732,75009.69882,79526.70266,83542.54635,86613.70926,8700,0,,,,,,
8733,73053.32435,77452.51741,81363.62139,84354.68339,8700,0,,,,,,
8734,70143.69683,74367.67523,78123.00457,80994.93611,8700,0,,,,,,
8735,68674.49796,72810.00278,76486.67464,79298.45198,8700,0,,,,,,
8736,69501.16208,73686.44773,77407.37726,80253.00114,8700,0,,,,,,
8737,66529.1991,70535.51632,74097.3339,76821.27509,8700,0,,,,,,
8738,64432.80959,68312.88447,71762.46627,74400.57385,8700,0,,,,,,
8739,63251.31285,67060.23926,70446.56649,73036.2994,8700,0,,,,,,
8740,62748.79313,66527.45834,69886.88184,72456.03982,8700,0,,,,,,
8741,63100.74874,66900.60834,70278.87472,72862.44301,8700,0,,,,,,
8742,64470.21087,68352.53802,71804.12219,74443.76111,8700,0,,,,,,
8743,67286.8147,71338.75472,74941.13327,77696.09393,8700,0,,,,,,
8744,71960.05627,76293.4139,80145.98686,83092.28659,8700,0,,,,,,
8745,78396.91188,83117.89007,87315.07722,90524.92463,8700,0,,,,,,
8746,78378.69074,83098.57167,87294.7833,90503.88468,8700,0,,,,,,
8747,76659.19102,81275.52552,85379.67916,88518.37812,8700,0,,,,,,
8748,73624.89258,78058.50487,82000.20927,85014.6733,8700,0,,,,,,
8749,69556.78449,73745.41966,77469.32708,80317.22835,8700,0,,,,,,
8750,70339.33428,74575.09376,78340.89707,81220.8387,8700,0,,,,,,
8751,70684.57683,74941.12645,78725.41323,81619.49032,8700,0,,,,,,
8752,71351.08676,75647.77289,79467.74306,82389.10942,8700,0,,,,,,
8753,72857.68691,77245.09889,81145.7289,84128.78081,8700,0,,,,,,
8754,72690.81967,77068.18309,80959.87942,83936.09919,8700,0,,,,,,
8755,71520.83102,75827.73897,79656.79685,82585.11314,8700,0,,,,,,
8756,69984.50165,74198.89349,77945.69989,80811.11341,8700,0,,,,,,
8757,68666.82591,72801.86873,76478.12985,79289.59306,8700,0,,,,,,
8758,66538.78917,70545.68389,74108.01491,76832.34875,8700,0,,,,,,
8759,66050.65456,70028.15434,73564.35177,76268.69965,8700,0,,,,,,
8760,67248.45442,71298.08442,74898.40925,77651.79931,8700,0,,,,,,
