Time_Index,KR_utilitypv,onwind,offwind-ac,offwind-dc,availability_one
1,0,0.080424789,0.273421735,0.325173447,1
2,0,0.11164736,0.350075541,0.387742295,1
3,0,0.134419107,0.409587874,0.438982983,1
4,0,0.153082281,0.445966596,0.474444456,1
5,0,0.170391148,0.467136775,0.473490109,1
6,0,0.171788859,0.441572582,0.44174437,1
7,0,0.125759035,0.317021022,0.379189987,1
8,0.149781449,0.051879803,0.094364542,0.090938673,1
9,0.336078051,0.067152626,0.073525114,0.072586166,1
10,0.480024503,0.101745367,0.073428454,0.06049382,1
11,0.56232378,0.133362875,0.070683404,0.049153595,1
12,0.597854771,0.156865575,0.062661973,0.045436566,1
13,0.570328749,0.171626176,0.059209381,0.050279885,1
14,0.482685424,0.187095631,0.067045714,0.062231751,1
15,0.348728165,0.18056369,0.076428652,0.072122153,1
16,0.166467734,0.159309901,0.079408317,0.068551664,1
17,0,0.166868399,0.08709336,0.065319042,1
18,0,0.083472742,0.073048924,0.052765844,1
19,0,0.090643831,0.06789687,0.050556436,1
20,0,0.104470961,0.070785763,0.053017902,1
21,0,0.113762533,0.072459176,0.057124373,1
22,0,0.108174263,0.072075922,0.055541277,1
23,0,0.106607708,0.072460935,0.054857908,1
24,0,0.115186239,0.067670296,0.051189746,1
25,0,0.110872474,0.066309722,0.046640255,1
26,0,0.105303605,0.068344027,0.049009417,1
27,0,0.096125693,0.064271874,0.054205858,1
28,0,0.09696005,0.057899308,0.064791551,1
29,0,0.093013333,0.051885129,0.071463781,1
30,0,0.036092427,0.042969908,0.085465152,1
31,0,0.036733846,0.044535975,0.087456147,1
32,0.141903492,0.043500158,0.046974517,0.089264619,1
33,0.309899583,0.050976982,0.055393838,0.105852982,1
34,0.434382226,0.156622498,0.071978943,0.115762548,1
35,0.522606118,0.262086681,0.092860405,0.123871221,1
36,0.529381123,0.339488868,0.119503212,0.141590294,1
37,0.494111043,0.376566972,0.159051443,0.160922271,1
38,0.425483357,0.367509306,0.198335095,0.17853663,1
39,0.298080005,0.300435956,0.253390962,0.22099195,1
40,0.137018195,0.348663837,0.319828989,0.274023328,1
41,0,0.359117308,0.370069352,0.322604144,1
42,0,0.228357375,0.370597294,0.376431439,1
43,0,0.183112274,0.306987867,0.327563992,1
44,0,0.1522557,0.260853022,0.28551191,1
45,0,0.140027901,0.279834577,0.296598233,1
46,0,0.14361978,0.339305259,0.357016657,1
47,0,0.15298612,0.415777076,0.437800221,1
48,0,0.154101554,0.472399265,0.520543281,1
49,0,0.163526445,0.545875561,0.623167743,1
50,0,0.161885431,0.573898435,0.687004889,1
51,0,0.145716589,0.557914428,0.718100695,1
52,0,0.133259892,0.536774013,0.732170825,1
53,0,0.113440848,0.515183943,0.732059856,1
54,0,0.055683542,0.37381542,0.656920745,1
55,0,0.060153219,0.418195523,0.7006493,1
56,0.145779256,0.07617057,0.44229811,0.70193478,1
57,0.339243935,0.077699203,0.455550746,0.710694731,1
58,0.475690492,0.069915253,0.449127598,0.730775259,1
59,0.564359232,0.105778289,0.497720014,0.761001928,1
60,0.595090908,0.136244764,0.533014308,0.781170985,1
61,0.553641076,0.134028765,0.538846765,0.796482174,1
62,0.481920787,0.153458618,0.564014974,0.800368793,1
63,0.340877204,0.153209578,0.567331704,0.803786552,1
64,0.158707056,0.134794742,0.549303035,0.798028439,1
65,0,0.137012452,0.542914618,0.793908157,1
66,0,0.136180447,0.523575897,0.734967589,1
67,0,0.133359271,0.548486303,0.76626816,1
68,0,0.141429886,0.555774879,0.774416917,1
69,0,0.139278822,0.579428591,0.791393575,1
70,0,0.143149749,0.566598043,0.779201911,1
71,0,0.112126954,0.505049378,0.743508673,1
72,0,0.118704042,0.521211034,0.757983451,1
73,0,0.109875056,0.514768329,0.740674488,1
74,0,0.105460445,0.50755421,0.717590281,1
75,0,0.101587079,0.499177944,0.7002921,1
76,0,0.094360037,0.492456437,0.693248735,1
77,0,0.07755655,0.428788281,0.64900881,1
78,0,0.056701436,0.309239436,0.504895385,1
79,0,0.048983993,0.306618631,0.43053603,1
80,0.059915016,0.040163026,0.263607664,0.380943282,1
81,0.176515351,0.026342967,0.200016198,0.363857616,1
82,0.307922716,0.021989239,0.160115448,0.338305049,1
83,0.42450565,0.018505954,0.150391608,0.310044984,1
84,0.434533486,0.019064081,0.159928918,0.280227293,1
85,0.379692235,0.018995798,0.160411699,0.27202763,1
86,0.297740608,0.016743768,0.154316645,0.290179369,1
87,0.134402343,0.015293163,0.151374077,0.298813774,1
88,0.040206488,0.012042728,0.129923797,0.279585657,1
89,0,0.01491467,0.111992228,0.267621471,1
90,0,0.004197765,0.067619668,0.216116167,1
91,0,0.002754232,0.054084812,0.159203982,1
92,0,0.002635708,0.044733947,0.148976642,1
93,0,0.002539961,0.039673364,0.142976264,1
94,0,0.000655917,0.026174523,0.129778525,1
95,0,0.000586387,0.025089606,0.126850341,1
96,0,0.001488582,0.035179724,0.137382252,1
97,0,0.002474333,0.051617005,0.173329459,1
98,0,0.004424335,0.079561634,0.224920546,1
99,0,0.007066726,0.112220785,0.281951582,1
100,0,0.009978427,0.140165302,0.3158942,1
101,0,0.01377111,0.165299949,0.34196024,1
102,0,0.026160529,0.233081269,0.443550943,1
103,0,0.025524033,0.231536611,0.453964465,1
104,0.038661155,0.022169857,0.186132043,0.429291788,1
105,0.133307278,0.020184308,0.16283332,0.409910479,1
106,0.300875701,0.026244343,0.178362777,0.400116158,1
107,0.415279524,0.050847747,0.214647934,0.415111723,1
108,0.471409194,0.092004463,0.275012794,0.478948026,1
109,0.456805801,0.130712925,0.355512505,0.561834588,1
110,0.386413434,0.163672043,0.441010232,0.638786791,1
111,0.273536253,0.185154116,0.498803404,0.67634984,1
112,0.126059632,0.203775381,0.528910921,0.680217228,1
113,0,0.230794599,0.550362141,0.669406725,1
114,0,0.166076083,0.519650049,0.64276655,1
115,0,0.19146067,0.519970225,0.606152367,1
116,0,0.209066264,0.516858385,0.595315492,1
117,0,0.230369286,0.557143636,0.629873295,1
118,0,0.268014011,0.608244912,0.655494551,1
119,0,0.269233425,0.599763083,0.635721845,1
120,0,0.247750568,0.584164125,0.633642202,1
121,0,0.244787298,0.612958686,0.650703437,1
122,0,0.254180197,0.639793174,0.659118645,1
123,0,0.258854878,0.641118861,0.657831083,1
124,0,0.247813509,0.623658355,0.641745099,1
125,0,0.225317219,0.593412979,0.613826988,1
126,0,0.150087831,0.433345616,0.541904701,1
127,0,0.128651803,0.382910176,0.455441501,1
128,0.148300944,0.11277571,0.355489835,0.385512518,1
129,0.342596276,0.097178561,0.31325579,0.331921959,1
130,0.488483197,0.092665188,0.306200185,0.295700403,1
131,0.574730018,0.086253308,0.297474651,0.291702007,1
132,0.606431943,0.082565633,0.290069974,0.308238812,1
133,0.579590753,0.080785204,0.288942637,0.315089075,1
134,0.503805956,0.081551773,0.280968998,0.280018907,1
135,0.372341947,0.066777191,0.264470823,0.26780981,1
136,0.187904341,0.050384526,0.197232119,0.233454891,1
137,0,0.041889193,0.135741066,0.169569678,1
138,0,0.036157043,0.12153634,0.140943625,1
139,0,0.03892312,0.139758662,0.119083283,1
140,0,0.039881406,0.13527661,0.101849672,1
141,0,0.03161863,0.107440916,0.099112341,1
142,0,0.026192272,0.107194769,0.107212191,1
143,0,0.021993116,0.10627751,0.123678866,1
144,0,0.015938158,0.088526784,0.150830647,1
145,0,0.011521636,0.087618545,0.128147655,1
146,0,0.013438656,0.110631571,0.11068375,1
147,0,0.013795645,0.119863555,0.095934461,1
148,0,0.011933867,0.114050285,0.089683614,1
149,0,0.008263613,0.094999323,0.087144556,1
150,0,0.005161865,0.055673748,0.067457531,1
151,0,0.008390436,0.050136714,0.050240564,1
152,0.057185843,0.002762103,0.012182523,0.03600337,1
153,0.121095054,0.002689862,0.014223761,0.029488715,1
154,0.149783353,0.00321729,0.016064986,0.031680808,1
155,0.158631457,0.004823316,0.025835365,0.043480786,1
156,0.195199471,0.00827265,0.039161856,0.059399834,1
157,0.201410099,0.009381724,0.046946427,0.076499228,1
158,0.156225915,0.009486909,0.055979296,0.089505074,1
159,0.114960616,0.011403861,0.059173668,0.089297222,1
160,0.040424048,0.012566821,0.061131722,0.072676142,1
161,0,0.016152323,0.0684554,0.071343027,1
162,0,0.016892995,0.060821429,0.065501607,1
163,0,0.014544089,0.052394806,0.076274427,1
164,0,0.013527117,0.051029105,0.071368403,1
165,0,0.016687339,0.059495873,0.071739737,1
166,0,0.019348284,0.062992668,0.071987089,1
167,0,0.024276458,0.084089823,0.075606313,1
168,0,0.022503505,0.103319268,0.07225581,1
169,0,0.020552503,0.117134862,0.079593708,1
170,0,0.017057731,0.110877362,0.087854229,1
171,0,0.014317584,0.106933996,0.152819793,1
172,0,0.012377882,0.129301267,0.325974557,1
173,0,0.015789616,0.190774923,0.407313976,1
174,0,0.016778234,0.199082565,0.420138125,1
175,0,0.018664464,0.224858373,0.41141234,1
176,0.00908301,0.023486881,0.218988874,0.417132012,1
177,0.04486463,0.03785096,0.236119301,0.403260723,1
178,0.125998106,0.043496922,0.235152986,0.431113562,1
179,0.205221411,0.034318901,0.200270431,0.421656762,1
180,0.214308458,0.05405636,0.195123101,0.436454866,1
181,0.236296288,0.095501286,0.219076987,0.50297521,1
182,0.224904105,0.121258517,0.269292507,0.621850333,1
183,0.123213702,0.140574961,0.402945626,0.76820027,1
184,0.050239778,0.17066022,0.551427756,0.844436787,1
185,0,0.212820086,0.718674938,0.876860914,1
186,0,0.161595346,0.74238505,0.874922995,1
187,0,0.207184522,0.799402332,0.881646477,1
188,0,0.373934671,0.840739871,0.884734144,1
189,0,0.477278063,0.842976056,0.8851017,1
190,0,0.62821159,0.852568322,0.885396048,1
191,0,0.674285557,0.864024958,0.885467622,1
192,0,0.653055633,0.866170634,0.885396138,1
193,0,0.632969471,0.866580826,0.885355068,1
194,0,0.658800506,0.866102258,0.885339612,1
195,0,0.709274973,0.86743928,0.885374219,1
196,0,0.747988928,0.870549439,0.885402439,1
197,0,0.733650508,0.869697702,0.885278628,1
198,0,0.50559156,0.816682672,0.884835112,1
199,0,0.526295684,0.806009791,0.884047861,1
200,0.129138146,0.577725414,0.798680178,0.880702743,1
201,0.303572381,0.619837301,0.776825068,0.87406352,1
202,0.390062639,0.63973089,0.773571009,0.876138757,1
203,0.407409647,0.691711543,0.807869942,0.882448502,1
204,0.402156544,0.74548692,0.85131728,0.885260515,1
205,0.347430259,0.796895524,0.86914851,0.884889784,1
206,0.286483616,0.835819538,0.872771182,0.881403357,1
207,0.203084814,0.809366509,0.857764854,0.865711418,1
208,0.119902704,0.674696258,0.774195641,0.817792427,1
209,0.000198463,0.549648453,0.70005323,0.787160504,1
210,0,0.299881117,0.475110046,0.695255983,1
211,0,0.229157702,0.447769775,0.720867376,1
212,0,0.191555548,0.534824712,0.76952744,1
213,0,0.227911666,0.636183546,0.800162757,1
214,0,0.259692569,0.658888261,0.78559814,1
215,0,0.234720059,0.649715723,0.756578723,1
216,0,0.22445564,0.639128107,0.734462118,1
217,0,0.214283412,0.624684083,0.720893127,1
218,0,0.223818473,0.604921663,0.711224252,1
219,0,0.216715748,0.594855589,0.725081312,1
220,0,0.204612858,0.603998157,0.745956399,1
221,0,0.203173698,0.59351762,0.740824458,1
222,0,0.130720214,0.510230997,0.652876483,1
223,0,0.159307616,0.522676912,0.637947657,1
224,0.138842973,0.213656193,0.524545012,0.627845486,1
225,0.328163223,0.277918927,0.506117188,0.620526549,1
226,0.467061836,0.355654913,0.482969457,0.647216456,1
227,0.523727414,0.523783877,0.514583335,0.71931426,1
228,0.540794465,0.65489311,0.616871529,0.80586554,1
229,0.521259431,0.685063128,0.725217016,0.865221657,1
230,0.444077745,0.689682914,0.801606984,0.880984363,1
231,0.331826088,0.641666518,0.814508208,0.882289583,1
232,0.177816926,0.557663833,0.81604182,0.883645672,1
233,0.002388511,0.473430037,0.818848268,0.884257313,1
234,0,0.184888817,0.543191837,0.775836152,1
235,0,0.256008058,0.529105566,0.781405593,1
236,0,0.331338476,0.539595646,0.785672757,1
237,0,0.362959882,0.553524694,0.795184803,1
238,0,0.354391541,0.579957698,0.807569915,1
239,0,0.328421429,0.59046412,0.819838851,1
240,0,0.318217055,0.597069633,0.830629383,1
241,0,0.300493531,0.609343493,0.837127183,1
242,0,0.287179412,0.599787429,0.831140674,1
243,0,0.279176528,0.59060055,0.821381001,1
244,0,0.267167244,0.569358408,0.805011551,1
245,0,0.25563666,0.547699124,0.791341591,1
246,0,0.129779815,0.396533934,0.692084692,1
247,0,0.141369874,0.388463366,0.706248309,1
248,0.160201666,0.161155288,0.36137366,0.714168226,1
249,0.365985312,0.196972807,0.35387051,0.719181173,1
250,0.510268173,0.287561333,0.428852984,0.747897454,1
251,0.589649494,0.409040912,0.586281008,0.803291702,1
252,0.607356008,0.495331489,0.711304432,0.847209171,1
253,0.58485638,0.551650876,0.7950404,0.871240677,1
254,0.478414425,0.573992982,0.827532584,0.881270778,1
255,0.32550824,0.55047999,0.837391626,0.883457256,1
256,0.173822924,0.461228706,0.82519599,0.884352094,1
257,0.005669429,0.386030357,0.810900202,0.884220666,1
258,0,0.213150816,0.701767094,0.868173536,1
259,0,0.239309379,0.660588385,0.853570808,1
260,0,0.247738539,0.606532062,0.837584758,1
261,0,0.239888178,0.580962419,0.83376178,1
262,0,0.210814764,0.532064515,0.805766401,1
263,0,0.185549445,0.494667399,0.775296052,1
264,0,0.179191093,0.494270317,0.763882697,1
265,0,0.174661668,0.507203499,0.764779353,1
266,0,0.169772798,0.509749918,0.766362944,1
267,0,0.167155269,0.520193085,0.780388407,1
268,0,0.166592449,0.545507393,0.791977823,1
269,0,0.172562797,0.565573181,0.792497542,1
270,0,0.11790154,0.455762543,0.732703767,1
271,0,0.127929893,0.466330788,0.711694707,1
272,0.148417307,0.137406155,0.449972543,0.642579749,1
273,0.333797194,0.155801213,0.406796622,0.546793142,1
274,0.468224765,0.170800671,0.366035683,0.463774723,1
275,0.56848263,0.195376567,0.36268229,0.433378079,1
276,0.609175515,0.227047285,0.376470488,0.420927705,1
277,0.56946014,0.260826945,0.404017948,0.417316688,1
278,0.489587042,0.283053991,0.403990431,0.402474436,1
279,0.342651264,0.261272359,0.368187707,0.371342974,1
280,0.171187792,0.21004299,0.312952474,0.342031061,1
281,0,0.176581233,0.263340079,0.319736904,1
282,0,0.074278742,0.208912743,0.303814349,1
283,0,0.086378406,0.185353756,0.266452819,1
284,0,0.089299714,0.166571006,0.223062141,1
285,0,0.076232757,0.127480629,0.166922464,1
286,0,0.063886167,0.097619604,0.135319157,1
287,0,0.05863528,0.087153165,0.127871887,1
288,0,0.064539611,0.091140947,0.141991054,1
289,0,0.078835391,0.107418495,0.171191934,1
290,0,0.082515975,0.124242067,0.188804185,1
291,0,0.083784863,0.144301634,0.201897634,1
292,0,0.078045815,0.16632069,0.217896648,1
293,0,0.073159589,0.182799338,0.22002817,1
294,0,0.046165068,0.120766004,0.144177372,1
295,0,0.036529763,0.090280905,0.103236406,1
296,0.07664344,0.030575356,0.089870539,0.079581619,1
297,0.194899255,0.027195858,0.08306741,0.068798926,1
298,0.316602975,0.044049575,0.076538937,0.063621182,1
299,0.378006002,0.078818848,0.092025268,0.06991812,1
300,0.440177469,0.130594822,0.122767737,0.083775882,1
301,0.389686569,0.171732348,0.132142918,0.086997079,1
302,0.331943077,0.174685879,0.127059889,0.081298737,1
303,0.233607403,0.134472046,0.112282786,0.068758939,1
304,0.135182549,0.079893605,0.089839736,0.054914544,1
305,0.005339836,0.046626991,0.058626536,0.033100714,1
306,0,0.030082142,0.036744889,0.02343493,1
307,0,0.01585199,0.02336716,0.020560072,1
308,0,0.008120606,0.014106067,0.02645732,1
309,0,0.003886838,0.011057518,0.028566278,1
310,0,0.004207535,0.011472428,0.03471452,1
311,0,0.004948689,0.015817064,0.047575294,1
312,0,0.00423233,0.033417689,0.044060496,1
313,0,0.005127267,0.05484115,0.053402003,1
314,0,0.005297514,0.065728039,0.071629409,1
315,0,0.002584625,0.066533147,0.088909849,1
316,0,0.003853208,0.08196102,0.12780646,1
317,0,0.008731017,0.110848215,0.175105889,1
318,0,0.009490264,0.096062455,0.1510515,1
319,0,0.018883065,0.155335186,0.203467925,1
320,0.128047726,0.018954751,0.186781867,0.245376461,1
321,0.302996949,0.01022986,0.194389249,0.292899676,1
322,0.450131853,0.008952117,0.212893909,0.329467371,1
323,0.548119752,0.018725858,0.247652864,0.370405408,1
324,0.577884821,0.044927341,0.275913955,0.395340681,1
325,0.522222373,0.063063601,0.279615348,0.401696502,1
326,0.432395669,0.077042689,0.276621235,0.399354249,1
327,0.29325015,0.079526461,0.291987689,0.403478919,1
328,0.150939241,0.098684771,0.332469594,0.415004358,1
329,0.004484308,0.118536103,0.359794518,0.420654695,1
330,0,0.10860872,0.268610214,0.349450412,1
331,0,0.149311337,0.327253559,0.38850384,1
332,0,0.164093946,0.358724039,0.39839253,1
333,0,0.175952921,0.372362898,0.402634905,1
334,0,0.174947966,0.376431397,0.414353067,1
335,0,0.168309048,0.382555118,0.430163473,1
336,0,0.181636554,0.403207595,0.444427665,1
337,0,0.198018978,0.41264114,0.434398833,1
338,0,0.219873482,0.42671901,0.4053353,1
339,0,0.231653022,0.391934825,0.332857733,1
340,0,0.230119198,0.328874555,0.253901541,1
341,0,0.220314988,0.259954885,0.181438179,1
342,0,0.119932483,0.164813825,0.121875374,1
343,0,0.117627316,0.119933507,0.088250964,1
344,0.080850457,0.124030365,0.100900055,0.068231007,1
345,0.210815313,0.125760021,0.086064695,0.054228306,1
346,0.348589784,0.121113697,0.077907271,0.050874824,1
347,0.456188166,0.158963285,0.093645112,0.059857961,1
348,0.525863273,0.161916064,0.10554341,0.065449819,1
349,0.534651057,0.140201096,0.084635649,0.061110588,1
350,0.464241146,0.093037524,0.06077799,0.059483505,1
351,0.326501121,0.035904349,0.03725542,0.056582966,1
352,0.175924456,0.022205697,0.024713273,0.052451694,1
353,0.017895647,0.013663594,0.014791736,0.052839168,1
354,0,0.005047322,0.018563647,0.046387085,1
355,0,0.002250803,0.01452491,0.05750553,1
356,0,0.001947562,0.014335367,0.073565002,1
357,0,0.005912795,0.017594879,0.088423097,1
358,0,0.013537586,0.026752743,0.110071545,1
359,0,0.022498264,0.036686273,0.136629604,1
360,0,0.035065931,0.048278428,0.165875886,1
361,0,0.038479346,0.054925724,0.19503336,1
362,0,0.03534622,0.051214813,0.23198436,1
363,0,0.039774927,0.051029109,0.259117084,1
364,0,0.039186111,0.040846966,0.27239126,1
365,0,0.037505392,0.027851413,0.276039533,1
366,0,0.003446662,0.007026389,0.205187731,1
367,0,0.005673997,0.008544308,0.217494796,1
368,0.037177907,0.006326114,0.009183743,0.261367688,1
369,0.083610181,0.00529494,0.017282793,0.270299575,1
370,0.146660358,0.003419769,0.020990996,0.266294232,1
371,0.181736621,0.004172628,0.025406442,0.257838101,1
372,0.185025462,0.004015079,0.022242209,0.249417071,1
373,0.145297253,0.006428204,0.024587131,0.243053038,1
374,0.068135145,0.007638012,0.037381526,0.239820669,1
375,0.034961844,0.014838876,0.080261001,0.252820731,1
376,0.007365213,0.048361308,0.171962286,0.267197969,1
377,0,0.071116169,0.282896826,0.275340125,1
378,0,0.054576896,0.307223315,0.244614005,1
379,0,0.064699891,0.330396257,0.208384969,1
380,0,0.060321077,0.336002539,0.203100632,1
381,0,0.050131884,0.316798889,0.198017354,1
382,0,0.043697527,0.273470526,0.182422239,1
383,0,0.036737517,0.219889572,0.156694703,1
384,0,0.034707874,0.17802762,0.132408669,1
385,0,0.038613143,0.165978608,0.132938677,1
386,0,0.041221543,0.153935559,0.125123808,1
387,0,0.042552504,0.153076046,0.111713881,1
388,0,0.03605603,0.166197002,0.122409932,1
389,0,0.040614353,0.196000105,0.168342907,1
390,0,0.066922122,0.279133445,0.318934332,1
391,0,0.068102361,0.224839682,0.267737279,1
392,0.02787648,0.066111533,0.173528612,0.2402897,1
393,0.099639215,0.057685773,0.143460021,0.212250058,1
394,0.185346737,0.050933071,0.134854342,0.150669298,1
395,0.266896927,0.048858607,0.11247027,0.107686864,1
396,0.34460387,0.042829938,0.137554702,0.158975899,1
397,0.345110995,0.0735511,0.17912139,0.183620251,1
398,0.219409416,0.070164541,0.15073117,0.16514423,1
399,0.180668588,0.029176678,0.092329957,0.113086805,1
400,0.115474992,0.015087328,0.036816848,0.062088723,1
401,0.019694237,0.02269646,0.02411564,0.054243787,1
402,0,0.033022489,0.013772104,0.057998744,1
403,0,0.040790031,0.00727402,0.036040947,1
404,0,0.039384085,0.011243587,0.03440082,1
405,0,0.077874954,0.029595884,0.049465191,1
406,0,0.097162702,0.046559315,0.055379438,1
407,0,0.116824396,0.058484099,0.071074894,1
408,0,0.095042658,0.083056044,0.101063427,1
409,0,0.115651176,0.114988089,0.125012868,1
410,0,0.156306914,0.159675638,0.154316936,1
411,0,0.164257781,0.183898071,0.174903236,1
412,0,0.146551517,0.169923818,0.16133405,1
413,0,0.140179637,0.148921215,0.139621118,1
414,0,0.037662924,0.129155638,0.129621972,1
415,0,0.033008441,0.105304639,0.10719608,1
416,0.081834071,0.042240459,0.098377889,0.094536801,1
417,0.229240502,0.031921538,0.105742452,0.110367642,1
418,0.354004438,0.03476128,0.112460345,0.126692127,1
419,0.465879469,0.051936874,0.113485802,0.137471541,1
420,0.512465346,0.066857752,0.114749109,0.145417551,1
421,0.514948399,0.074499352,0.138694049,0.151515932,1
422,0.421893232,0.083757744,0.151946582,0.145401595,1
423,0.285778251,0.077504028,0.147773597,0.133374884,1
424,0.134149866,0.073662766,0.13964151,0.123405924,1
425,0.019267957,0.081131576,0.139847263,0.118438542,1
426,0,0.059277458,0.099223225,0.080885876,1
427,0,0.060924285,0.11057866,0.079064234,1
428,0,0.063938397,0.121847174,0.075250776,1
429,0,0.060168143,0.134730314,0.079124238,1
430,0,0.053891884,0.142202749,0.089233159,1
431,0,0.040114424,0.129233097,0.090364956,1
432,0,0.040446612,0.129431958,0.096309887,1
433,0,0.040703883,0.146046132,0.10754186,1
434,0,0.046243002,0.158138265,0.11449715,1
435,0,0.047547389,0.176352656,0.13508085,1
436,0,0.042752417,0.160535367,0.15753107,1
437,0,0.036847663,0.137975393,0.153165897,1
438,0,0.033187415,0.117713185,0.106458551,1
439,0,0.043228451,0.145218767,0.105301058,1
440,0.137035216,0.025504027,0.121569555,0.104697579,1
441,0.320155238,0.019875546,0.110829206,0.10378315,1
442,0.448985738,0.011444165,0.078566372,0.083529349,1
443,0.557081367,0.004720276,0.053388053,0.074011313,1
444,0.621079257,0.014768533,0.05142094,0.075852574,1
445,0.601249059,0.036235616,0.063514722,0.085604481,1
446,0.469234979,0.047725991,0.066702961,0.095942428,1
447,0.352415825,0.05383201,0.072626223,0.099839336,1
448,0.174289547,0.066252723,0.086701498,0.097058497,1
449,0.029137682,0.085182979,0.105191665,0.09567255,1
450,0,0.073931171,0.094535002,0.068102581,1
451,0,0.087067858,0.128533954,0.072136959,1
452,0,0.081313968,0.125985948,0.073421527,1
453,0,0.067282735,0.113803276,0.085066078,1
454,0,0.062712031,0.107458318,0.086196708,1
455,0,0.0566336,0.094170659,0.087701439,1
456,0,0.05346904,0.077639312,0.096524695,1
457,0,0.051308767,0.077164961,0.107289795,1
458,0,0.05207699,0.094220306,0.127077628,1
459,0,0.05165064,0.107565465,0.145928257,1
460,0,0.051361431,0.109381201,0.146574286,1
461,0,0.046609397,0.102081869,0.137408129,1
462,0,0.041649153,0.094213902,0.126381204,1
463,0,0.0417023,0.094074841,0.124083801,1
464,0.12330342,0.053479767,0.100822711,0.119884473,1
465,0.285108389,0.048574362,0.091672209,0.11991769,1
466,0.393368937,0.048227202,0.074050788,0.122571197,1
467,0.467206331,0.063762917,0.070445586,0.126688959,1
468,0.528976691,0.083487683,0.065805386,0.105672121,1
469,0.507671452,0.098159619,0.060473109,0.094512918,1
470,0.415981047,0.108826195,0.04810564,0.088093071,1
471,0.32485251,0.088522734,0.037765682,0.091103058,1
472,0.183711199,0.0593773,0.03715815,0.090869742,1
473,0.042102249,0.064921068,0.050474358,0.099610765,1
474,0,0.082413859,0.081658723,0.10910618,1
475,0,0.077614343,0.098527753,0.11794543,1
476,0,0.061198727,0.114417918,0.110042005,1
477,0,0.061566942,0.126204678,0.108771425,1
478,0,0.061690601,0.129598174,0.10665035,1
479,0,0.061879747,0.139909792,0.116111372,1
480,0,0.062553368,0.150847874,0.139279047,1
481,0,0.061025988,0.152767941,0.145893227,1
482,0,0.055988834,0.144158104,0.143594544,1
483,0,0.05119547,0.130679123,0.151582198,1
484,0,0.041791608,0.116983623,0.151536033,1
485,0,0.033998905,0.106025498,0.149450637,1
486,0,0.029297514,0.080553701,0.113254219,1
487,0,0.020684507,0.066128499,0.085305475,1
488,0.162457399,0.019013776,0.072696287,0.075799468,1
489,0.35944414,0.011961891,0.067983415,0.069112495,1
490,0.5019752,0.01017338,0.057378638,0.067662286,1
491,0.586339093,0.008526797,0.051285161,0.066585598,1
492,0.600751347,0.010424931,0.041097382,0.063371289,1
493,0.564812816,0.009619795,0.04320244,0.071147133,1
494,0.473128995,0.007571787,0.051007812,0.082724144,1
495,0.332253054,0.00811603,0.059656401,0.105162378,1
496,0.147686726,0.007808067,0.066483081,0.128966093,1
497,0.01616032,0.009215915,0.075108756,0.135720091,1
498,0,0.007787798,0.071762598,0.098797972,1
499,0,0.006964255,0.073323636,0.093022034,1
500,0,0.006519415,0.072494559,0.074522059,1
501,0,0.00424125,0.050658303,0.045234317,1
502,0,0.002883648,0.036326937,0.038377035,1
503,0,0.003079944,0.029918161,0.030034883,1
504,0,0.004079995,0.026158628,0.024559244,1
505,0,0.00707919,0.021283562,0.026529389,1
506,0,0.01086852,0.030621722,0.040161463,1
507,0,0.012411521,0.041756506,0.069377809,1
508,0,0.012162297,0.052440761,0.106189293,1
509,0,0.011955292,0.064274651,0.124307431,1
510,0,0.022457202,0.098747284,0.123800908,1
511,0,0.025607368,0.108176347,0.123533973,1
512,0.035754626,0.018063305,0.098359463,0.127551371,
513,0.146632019,0.011439872,0.07543914,0.148097331,
514,0.272162431,0.004877788,0.057044301,0.174492909,
515,0.372033169,0.003429281,0.076340792,0.210629923,
516,0.430053177,0.011651514,0.113650238,0.296384062,
517,0.414272615,0.038829496,0.198723116,0.402505628,
518,0.340370206,0.077532527,0.301096418,0.471398526,
519,0.22322922,0.123783033,0.421239164,0.573263562,
520,0.077635888,0.136257921,0.572250422,0.681400401,
521,0.013505441,0.16946926,0.690850464,0.749329071,
522,0,0.168171572,0.637927044,0.743069971,
523,0,0.214686387,0.768255303,0.801157902,
524,0,0.291840261,0.827517396,0.827554715,
525,0,0.385631776,0.839098796,0.81754653,
526,0,0.469248635,0.851620609,0.809062734,
527,0,0.566823796,0.862126288,0.802540399,
528,0,0.581036476,0.85781175,0.770387882,
529,0,0.508602393,0.825302154,0.717316173,
530,0,0.479613518,0.798307487,0.666623021,
531,0,0.573736775,0.818978456,0.652498731,
532,0,0.640206227,0.847332538,0.652127214,
533,0,0.700589692,0.855993221,0.663814318,
534,0,0.484118703,0.778398277,0.646521285,
535,0,0.590267696,0.771235769,0.686444504,
536,0.127435313,0.618614921,0.759125614,0.69142253,
537,0.315093343,0.647136093,0.743504386,0.685726111,
538,0.464073309,0.693014164,0.728734216,0.706833271,
539,0.571823275,0.701380933,0.713421661,0.679201966,
540,0.61242685,0.716823295,0.727942896,0.677498413,
541,0.59314021,0.737136666,0.762035554,0.716498515,
542,0.510666544,0.741201676,0.764079496,0.714463078,
543,0.378769829,0.714978372,0.725677376,0.696771791,
544,0.199022338,0.647962573,0.669108548,0.674028232,
545,0.050589449,0.56015378,0.639555877,0.676876483,
546,0,0.440686589,0.600714481,0.663078,
547,0,0.395558347,0.579813962,0.675655924,
548,0,0.329839446,0.522834666,0.629921376,
549,0,0.3228479,0.524068787,0.649479975,
550,0,0.375880298,0.596263656,0.703940404,
551,0,0.408922607,0.639498125,0.706923947,
552,0,0.462899336,0.693064548,0.730261123,
553,0,0.499603201,0.707668995,0.742409845,
554,0,0.511642893,0.687696057,0.725772379,
555,0,0.519754057,0.681929626,0.712251035,
556,0,0.509105563,0.665236657,0.699465461,
557,0,0.47565595,0.63708771,0.686025413,
558,0,0.351963273,0.628481238,0.714935664,
559,0,0.342811045,0.532311924,0.648559214,
560,0.154881078,0.39633051,0.512528973,0.619287089,
561,0.348653748,0.470879626,0.459671007,0.619821278,
562,0.51541981,0.554726656,0.523834578,0.659310418,
563,0.611846678,0.660955923,0.636977824,0.70875571,
564,0.649853051,0.720750775,0.754701249,0.766222292,
565,0.612859413,0.756513063,0.813753464,0.808395607,
566,0.535341402,0.778387087,0.838265859,0.836922203,
567,0.375401267,0.720060549,0.832383072,0.834458,
568,0.216877403,0.61061098,0.80262655,0.81258611,
569,0.059889649,0.455235573,0.77267141,0.817267226,
570,0,0.270508951,0.66896988,0.831412265,
571,0,0.23009978,0.624020836,0.820771054,
572,0,0.259668073,0.629487709,0.785322583,
573,0,0.22467247,0.643261935,0.75624949,
574,0,0.220276858,0.664638478,0.753178732,
575,0,0.211910964,0.675605137,0.751386081,
576,0,0.185662028,0.676446532,0.757312755,
577,0,0.173190223,0.676259962,0.775966729,
578,0,0.179878952,0.692477834,0.796480488,
579,0,0.18578746,0.708566066,0.800551648,
580,0,0.184654934,0.727018767,0.793766765,
581,0,0.169374315,0.732304168,0.783008922,
582,0,0.117382537,0.677458522,0.816236066,
583,0,0.131140649,0.694137023,0.822946991,
584,0.165319268,0.159616609,0.710193704,0.812569657,
585,0.363690375,0.150880335,0.702147923,0.805181375,
586,0.493599908,0.195848388,0.709758208,0.820191825,
587,0.599478755,0.215828967,0.71554394,0.829947175,
588,0.640676312,0.256388338,0.717342921,0.839271559,
589,0.626067532,0.321169831,0.736447542,0.854249582,
590,0.544213303,0.386903593,0.750473095,0.858513333,
591,0.363971341,0.418909478,0.757534422,0.864825524,
592,0.170696213,0.41946109,0.768828403,0.870167009,
593,0.024536168,0.415854018,0.789105077,0.874547025,
594,0,0.254869508,0.750668975,0.875001214,
595,0,0.284253197,0.768187433,0.876821728,
596,0,0.32083357,0.765941539,0.875422788,
597,0,0.346308885,0.775640332,0.875534647,
598,0,0.336352108,0.794161437,0.878180101,
599,0,0.306964111,0.797152645,0.87941337,
600,0,0.305889101,0.803154759,0.880359585,
601,0,0.312678017,0.815252675,0.882546032,
602,0,0.322550225,0.817948253,0.882322975,
603,0,0.327060169,0.824974076,0.883087465,
604,0,0.314620827,0.823077955,0.882656618,
605,0,0.297385361,0.817646665,0.881286351,
606,0,0.198323809,0.763056968,0.875728852,
607,0,0.211839005,0.770198495,0.874985441,
608,0.155701853,0.250230323,0.780324513,0.876558098,
609,0.348447384,0.257669897,0.780747737,0.877279705,
610,0.498749475,0.263688136,0.767769986,0.875058276,
611,0.593566029,0.280825333,0.761759079,0.874953575,
612,0.638302524,0.305625171,0.756249335,0.87461586,
613,0.610806965,0.320611532,0.752508099,0.873958936,
614,0.542377628,0.327398765,0.750040239,0.873687939,
615,0.408625187,0.304626468,0.741894718,0.873283671,
616,0.233378897,0.260251824,0.728943448,0.872062352,
617,0.069495285,0.210882704,0.712274514,0.869137981,
618,0,0.136137025,0.562060952,0.801644652,
619,0,0.123413146,0.52222236,0.760719727,
620,0,0.113137255,0.525106305,0.772155993,
621,0,0.108674794,0.536337171,0.777252091,
622,0,0.10240799,0.509416585,0.731693533,
623,0,0.090547591,0.460655046,0.68332664,
624,0,0.076108569,0.407874323,0.643865619,
625,0,0.070270877,0.391452395,0.622722714,
626,0,0.077952129,0.39895613,0.599122499,
627,0,0.084433656,0.405384384,0.586960907,
628,0,0.084112197,0.396544606,0.575908951,
629,0,0.077895582,0.358873366,0.52245642,
630,0,0.052297688,0.21729036,0.366198777,
631,0,0.039141072,0.178540372,0.298493811,
632,0.176276558,0.026575545,0.152812602,0.235240597,
633,0.392473995,0.014569021,0.122099489,0.204956489,
634,0.540731655,0.013050871,0.118932019,0.178204533,
635,0.63148684,0.012612477,0.121024984,0.162591253,
636,0.684774903,0.010675535,0.112317373,0.172427356,
637,0.656714455,0.008531503,0.10720167,0.178406747,
638,0.582459354,0.010245529,0.132303779,0.178367785,
639,0.45332791,0.010878458,0.144024689,0.17217619,
640,0.26492624,0.008104962,0.133011934,0.159259352,
641,0.076717737,0.009455297,0.115099426,0.151083417,
642,0,0.007600783,0.080607802,0.116562587,
643,0,0.004676688,0.069562694,0.088797378,
644,0,0.013558251,0.091010158,0.102637367,
645,0,0.030524053,0.107657824,0.10661764,
646,0,0.018901733,0.111954037,0.112706682,
647,0,0.022054827,0.113027867,0.124525582,
648,0,0.037375553,0.140371725,0.147435906,
649,0,0.048416429,0.173339419,0.180336835,
650,0,0.06207856,0.210853704,0.203506389,
651,0,0.074724168,0.235818195,0.23453594,
652,0,0.077866095,0.21385729,0.222417943,
653,0,0.07143414,0.201801149,0.227385678,
654,0,0.056222515,0.168876525,0.22572579,
655,0,0.078155365,0.164187048,0.201622949,
656,0.102391963,0.094258834,0.181785977,0.226616014,
657,0.287774818,0.107668577,0.176462459,0.23243803,
658,0.443727684,0.133862116,0.168257978,0.258368011,
659,0.536489676,0.188242815,0.179666947,0.310738494,
660,0.549584135,0.278209914,0.211813008,0.358726208,
661,0.507902068,0.36865191,0.275781364,0.478659931,
662,0.430423848,0.476804539,0.426099843,0.674220804,
663,0.354840866,0.52821113,0.604913087,0.808096179,
664,0.170443549,0.463793691,0.695652481,0.863346279,
665,0.033237054,0.469313304,0.752907785,0.875706923,
666,0,0.228650531,0.672468068,0.832920294,
667,0,0.285035928,0.607135474,0.737495095,
668,0,0.343624721,0.580309574,0.726580935,
669,0,0.318252618,0.590711975,0.765964887,
670,0,0.329101513,0.639651454,0.804387704,
671,0,0.320349024,0.650778391,0.806883461,
672,0,0.316451286,0.669246039,0.828113243,
673,0,0.319182704,0.707190689,0.843433078,
674,0,0.319330544,0.72120409,0.845732029,
675,0,0.31843729,0.711639256,0.830269909,
676,0,0.326045761,0.670316982,0.806467803,
677,0,0.331111058,0.617438485,0.787082064,
678,0,0.099866308,0.522397049,0.774436038,
679,0,0.122805097,0.506803793,0.757161172,
680,0.126542653,0.138510633,0.498623347,0.765113914,
681,0.308290915,0.172632943,0.503353027,0.767240302,
682,0.439493395,0.265201658,0.509435431,0.752037032,
683,0.51787297,0.382547394,0.499362459,0.724079827,
684,0.540357759,0.507510876,0.506273416,0.733417655,
685,0.528125017,0.541658854,0.555101959,0.777807362,
686,0.503394602,0.549804239,0.622560861,0.811639729,
687,0.409602191,0.490731644,0.640725846,0.813347838,
688,0.227486877,0.418300873,0.642324583,0.81073332,
689,0.062647936,0.372633104,0.646879649,0.814080702,
690,0,0.208988688,0.479100481,0.706905825,
691,0,0.230586087,0.44911292,0.681555573,
692,0,0.265596686,0.447439063,0.668223087,
693,0,0.2649898,0.47649039,0.680722108,
694,0,0.230677183,0.465060504,0.667737231,
695,0,0.202690515,0.454534527,0.669862882,
696,0,0.171356934,0.418101961,0.639084648,
697,0,0.146081073,0.373498293,0.593423634,
698,0,0.13183941,0.339698786,0.538680346,
699,0,0.134760281,0.333569257,0.482440596,
700,0,0.148190931,0.313980302,0.429877682,
701,0,0.147466574,0.25737183,0.365559959,
702,0,0.081811353,0.187232656,0.32934544,
703,0,0.091422082,0.150176672,0.238815061,
704,0.171384114,0.08786912,0.134942562,0.181812701,
705,0.371525199,0.096578128,0.098349719,0.145822112,
706,0.510468465,0.124611438,0.070237535,0.137407022,
707,0.602001457,0.183243639,0.070250469,0.151325324,
708,0.635989295,0.195621536,0.080416412,0.188271932,
709,0.600877678,0.200165423,0.114031963,0.261033827,
710,0.472175312,0.225581269,0.166033654,0.308213777,
711,0.309727873,0.241693776,0.197945478,0.298417914,
712,0.13008651,0.192367951,0.194538639,0.285083226,
713,0.024185582,0.165180289,0.187389113,0.262181402,
714,0,0.112606294,0.136871504,0.181934394,
715,0,0.111048698,0.140604467,0.187568433,
716,0,0.119740894,0.158309032,0.203638994,
717,0,0.147929047,0.186498234,0.225244438,
718,0,0.146640069,0.227493356,0.254977989,
719,0,0.141494632,0.228543497,0.264643728,
720,0,0.132295505,0.229623999,0.272279991,
721,0,0.118606162,0.226490451,0.271487749,
722,0,0.115688921,0.213448098,0.238365544,
723,0,0.109094456,0.175290768,0.183411857,
724,0,0.104013316,0.139439615,0.134033464,
725,0,0.104404991,0.119109463,0.089344416,
726,0,0.026336785,0.091738153,0.098286212,
727,0,0.023451118,0.070706609,0.097510682,
728,0.143990161,0.022639336,0.053192837,0.084247764,
729,0.319927787,0.034709407,0.041582853,0.064787599,
730,0.424532528,0.042847857,0.031408851,0.05108415,
731,0.450716267,0.054188444,0.014574533,0.038970627,
732,0.440416178,0.075994744,0.006722141,0.031505559,
733,0.324552902,0.084456822,0.008383313,0.036295226,
734,0.259131786,0.076972533,0.008450832,0.064402415,
735,0.171659522,0.05699529,0.006585181,0.070313108,
736,0.08807097,0.052403669,0.014368842,0.088298961,
737,0.011442509,0.066352635,0.023753798,0.116150391,
738,0,0.047729221,0.060348927,0.238412617,
739,0,0.047577108,0.072510016,0.22031037,
740,0,0.055084789,0.083569622,0.21314888,
741,0,0.054911103,0.087685092,0.220057307,
742,0,0.049884175,0.095513808,0.227474183,
743,0,0.039165109,0.1013936,0.241059783,
744,0,0.033378659,0.104763594,0.256951604,
745,0,0.033872374,0.105790276,0.262707528,
746,0,0.036972058,0.115993568,0.274147983,
747,0,0.038315336,0.126942641,0.297012265,
748,0,0.03981196,0.140440406,0.313728883,
749,0,0.037547247,0.151119428,0.314956388,
750,0,0.030951444,0.150327771,0.316507955,
751,0,0.029664604,0.155741077,0.300069067,
752,0.185393631,0.021303294,0.156503788,0.279211551,
753,0.391454332,0.020354828,0.133835944,0.2486381,
754,0.535920029,0.01448124,0.099975435,0.226041772,
755,0.629362963,0.010969636,0.079232026,0.205656091,
756,0.668426179,0.014451664,0.079452643,0.194908757,
757,0.649109315,0.019891366,0.093196824,0.188386506,
758,0.58030964,0.024577826,0.117635211,0.190802037,
759,0.452559811,0.026803869,0.137635611,0.186779601,
760,0.276076933,0.030812211,0.159620335,0.184075868,
761,0.082998634,0.05764728,0.190899657,0.185399662,
762,0,0.043764488,0.171339751,0.188743878,
763,0,0.061094792,0.231518556,0.240363042,
764,0,0.058254387,0.245509227,0.256822145,
765,0,0.047463848,0.258954829,0.241333484,
766,0,0.055243008,0.29111726,0.246779518,
767,0,0.053103344,0.277212589,0.237915247,
768,0,0.046280063,0.268304059,0.224033387,
769,0,0.044138597,0.26203667,0.217610454,
770,0,0.039112602,0.21898142,0.198199093,
771,0,0.033405864,0.202521203,0.187524852,
772,0,0.033004974,0.205471371,0.18796055,
773,0,0.032986023,0.196076061,0.198127187,
774,0,0.032227617,0.138882372,0.131097297,
775,0,0.041796575,0.179115335,0.170056777,
776,0.164114782,0.04190724,0.191994173,0.207498936,
777,0.369849197,0.040748562,0.203982498,0.220344719,
778,0.522293066,0.046661275,0.199937312,0.212069303,
779,0.621044514,0.049225446,0.184470648,0.192398259,
780,0.664789837,0.054085413,0.174767108,0.185912392,
781,0.638091339,0.071217114,0.176223984,0.188505599,
782,0.568297981,0.086610407,0.182805096,0.193898751,
783,0.449434653,0.09961119,0.190060086,0.208656563,
784,0.274763236,0.093415605,0.181073645,0.209940761,
785,0.079339169,0.120488614,0.191542063,0.228109347,
786,0,0.115969718,0.238444595,0.27963021,
787,0,0.103687077,0.216191372,0.301150446,
788,0,0.093823174,0.217219702,0.380948925,
789,0,0.083299517,0.240213611,0.484596475,
790,0,0.072600815,0.286067347,0.575176282,
791,0,0.068393505,0.384098437,0.675757261,
792,0,0.070252834,0.522787476,0.754287761,
793,0,0.087567928,0.630252421,0.798415953,
794,0,0.112893643,0.678243338,0.830349396,
795,0,0.156264655,0.718708477,0.856897615,
796,0,0.195766421,0.745761236,0.870466088,
797,0,0.239178163,0.758702295,0.874635541,
798,0,0.156101095,0.71371745,0.872863727,
799,0,0.228121886,0.717419902,0.87223557,
800,0.146938235,0.328017633,0.742711529,0.875920192,
801,0.327522452,0.417593417,0.75872775,0.876572495,
802,0.478022008,0.498600083,0.790847909,0.881459239,
803,0.567094466,0.583763875,0.820520064,0.882464901,
804,0.612564131,0.658858313,0.841433337,0.881878711,
805,0.565740111,0.696761322,0.8507538,0.881836711,
806,0.4793075,0.726281445,0.856076087,0.882048028,
807,0.330498916,0.72724238,0.860216051,0.883432054,
808,0.187854702,0.705365975,0.861318192,0.884126746,
809,0.05067379,0.648721648,0.863185209,0.883000133,
810,0,0.422453382,0.797477097,0.874121732,
811,0,0.502021555,0.810113615,0.869688654,
812,0,0.577252058,0.81797113,0.867132664,
813,0,0.59942871,0.829353724,0.877900183,
814,0,0.55404485,0.837219778,0.884043724,
815,0,0.489116753,0.827904197,0.884574325,
816,0,0.452658182,0.818634808,0.884677725,
817,0,0.424117389,0.810683135,0.880880903,
818,0,0.392977005,0.794975171,0.878933064,
819,0,0.375547401,0.782659203,0.881743459,
820,0,0.35220401,0.771850301,0.880954964,
821,0,0.329801953,0.763743108,0.879522056,
822,0,0.181820481,0.653925097,0.842197919,
823,0.000442954,0.215350515,0.676921533,0.853811333,
824,0.18466937,0.276520322,0.699416797,0.865459393,
825,0.381353802,0.304335322,0.706703225,0.860644428,
826,0.524566948,0.327522021,0.708167738,0.848750289,
827,0.624183848,0.371718331,0.73295626,0.849663804,
828,0.666031174,0.422857096,0.767337718,0.869080346,
829,0.634779277,0.48288975,0.809290317,0.882315537,
830,0.57154195,0.532662389,0.823009648,0.882556341,
831,0.418434224,0.558616421,0.829110891,0.879742944,
832,0.237481954,0.543514724,0.826971627,0.873423989,
833,0.067614777,0.476454894,0.818696129,0.865775919,
834,0,0.262230515,0.716273724,0.834279568,
835,0,0.304750428,0.717277649,0.827349821,
836,0,0.345598871,0.744547458,0.841905287,
837,0,0.37708516,0.758884151,0.845105832,
838,0,0.389654898,0.766126809,0.844332229,
839,0,0.375501259,0.750610738,0.837180562,
840,0,0.362135937,0.728574835,0.848573627,
841,0,0.344817471,0.718495193,0.856634059,
842,0,0.311017902,0.678033244,0.843135045,
843,0,0.271948346,0.638964837,0.826300102,
844,0,0.237213395,0.619761674,0.813217799,
845,0,0.209788243,0.606024591,0.802077803,
846,0,0.110719005,0.504223716,0.683689721,
847,0.002029263,0.138456132,0.462814579,0.644380506,
848,0.196040952,0.1538408,0.445537478,0.623664799,
849,0.406193874,0.264743798,0.45189914,0.586926681,
850,0.556710527,0.408444665,0.500677359,0.590845023,
851,0.650479263,0.571572259,0.590997689,0.621790208,
852,0.673389103,0.701947573,0.729824839,0.679910841,
853,0.65159112,0.735683073,0.787189224,0.747541535,
854,0.566052736,0.73127817,0.81773835,0.80252465,
855,0.435359162,0.675997068,0.814824804,0.832252165,
856,0.263884139,0.581009544,0.78652052,0.845116999,
857,0.079495277,0.43153434,0.739574125,0.84617685,
858,0,0.177069207,0.519924257,0.760088127,
859,0,0.197410437,0.560233124,0.792597599,
860,0,0.219361811,0.612334008,0.82106375,
861,0,0.235541601,0.669144865,0.8413229,
862,0,0.24798788,0.685552425,0.841885392,
863,0,0.24672959,0.677173368,0.836911208,
864,0,0.235589462,0.645364745,0.825679007,
865,0,0.228872851,0.624900656,0.818639365,
866,0,0.223047499,0.606789925,0.802775969,
867,0,0.21406499,0.591203991,0.786654713,
868,0,0.200079125,0.578784149,0.782130323,
869,0,0.185756175,0.55928246,0.768494858,
870,0,0.09832502,0.402493531,0.687408526,
871,0.003512701,0.113973433,0.419433506,0.702385307,
872,0.198985008,0.128272164,0.426351434,0.702990561,
873,0.408612841,0.190925864,0.430238631,0.688215402,
874,0.560775428,0.266464484,0.457197744,0.692246455,
875,0.643585336,0.357570812,0.52306343,0.731278264,
876,0.677732948,0.454774071,0.638354089,0.799090511,
877,0.629821954,0.510147483,0.739915358,0.845161011,
878,0.537179865,0.50339852,0.780903529,0.852448811,
879,0.420636643,0.456468235,0.783879895,0.8398346,
880,0.247059002,0.405283964,0.766613085,0.82185491,
881,0.069796636,0.310387185,0.744699786,0.798265909,
882,0,0.174751491,0.621832794,0.746831253,
883,0,0.181173273,0.613402166,0.687026233,
884,0,0.180065787,0.620060226,0.638911617,
885,0,0.177226427,0.605502415,0.591772836,
886,0,0.170683085,0.569718191,0.53212124,
887,0,0.165629432,0.542728166,0.481992086,
888,0,0.159678123,0.516519956,0.440138815,
889,0,0.156390694,0.494985342,0.400172805,
890,0,0.152655145,0.459488101,0.349194363,
891,0,0.148949533,0.414306791,0.303890214,
892,0,0.13686095,0.352151991,0.261340945,
893,0,0.11777208,0.275642318,0.205064378,
894,0,0.045893283,0.126360473,0.106888426,
895,0.005915,0.043741928,0.095432914,0.068394323,
896,0.195084647,0.037268712,0.071013643,0.043113116,
897,0.396454363,0.031523698,0.049618578,0.027830437,
898,0.537700051,0.029295813,0.040153322,0.019121466,
899,0.640851662,0.036157089,0.035887509,0.016849197,
900,0.683857481,0.064717245,0.035198022,0.021339109,
901,0.667941224,0.082718389,0.042266837,0.031570568,
902,0.593145081,0.087581136,0.048425117,0.039179967,
903,0.461439752,0.085727398,0.046805683,0.036787342,
904,0.288968328,0.08420419,0.044825494,0.029343747,
905,0.089535152,0.086256869,0.046683966,0.027056006,
906,0,0.038720547,0.033953963,0.025197981,
907,0,0.04240802,0.032791911,0.026464819,
908,0,0.050529063,0.034444285,0.034693176,
909,0,0.061388007,0.038545349,0.033513324,
910,0,0.060135216,0.034724428,0.050414999,
911,0,0.058053273,0.038280725,0.088726959,
912,0,0.05408061,0.048458532,0.117120611,
913,0,0.04525121,0.051443182,0.15686875,
914,0,0.034647179,0.057517726,0.204719885,
915,0,0.028180671,0.064749815,0.251375122,
916,0,0.026972161,0.07794933,0.292936031,
917,0,0.027091595,0.092144015,0.323757933,
918,0,0.021501524,0.086598443,0.269604133,
919,0.008441259,0.023703944,0.103289744,0.242219671,
920,0.196600915,0.021046197,0.124912625,0.228526251,
921,0.402090971,0.011356113,0.11423702,0.191272816,
922,0.548245411,0.006701055,0.091417549,0.153899446,
923,0.635199318,0.009369898,0.070498615,0.11028204,
924,0.677209515,0.017506636,0.052621766,0.080782896,
925,0.654286571,0.029147138,0.044045051,0.063915125,
926,0.586437124,0.039503241,0.038219314,0.047651993,
927,0.466823787,0.045775962,0.036483295,0.035441513,
928,0.291982393,0.041831972,0.037580039,0.028845448,
929,0.09238808,0.045762783,0.046807522,0.020581228,
930,0,0.006394674,0.029798012,0.020046217,
931,0,0.004813449,0.036101458,0.029221209,
932,0,0.01225933,0.049248004,0.048994364,
933,0,0.017902983,0.07233112,0.061946989,
934,0,0.019711807,0.068807284,0.051099621,
935,0,0.021690123,0.052862776,0.044961381,
936,0,0.027404103,0.04591647,0.047986063,
937,0,0.028399101,0.05044995,0.059558418,
938,0,0.024635093,0.056558138,0.071637154,
939,0,0.023590672,0.067071365,0.075002467,
940,0,0.020712739,0.088425992,0.084253213,
941,0,0.017633814,0.084140648,0.08004105,
942,0,0.006156572,0.031628654,0.05505538,
943,0,0.005195014,0.031181783,0.054206201,
944,0.069858531,0.011498501,0.030738471,0.060305335,
945,0.186231828,0.004681145,0.031030706,0.079541753,
946,0.340697876,0.002858208,0.033533307,0.100746318,
947,0.450547071,0.014414063,0.036256911,0.11310323,
948,0.507906779,0.036704468,0.04388655,0.106943261,
949,0.516633691,0.059506173,0.068029796,0.10142904,
950,0.4746447,0.090431917,0.100735612,0.111405513,
951,0.372081159,0.109608784,0.110845556,0.103924071,
952,0.208745347,0.097421448,0.098787053,0.085088394,
953,0.046228173,0.103613409,0.083138672,0.07344338,
954,0,0.070205606,0.039044731,0.041604119,
955,0,0.043734682,0.027637528,0.037686041,
956,0,0.030878643,0.025423036,0.041056325,
957,0,0.034850755,0.038788678,0.050943052,
958,0,0.036917796,0.051420716,0.066565972,
959,0,0.035934965,0.067860566,0.100868677,
960,0,0.042303795,0.0818529,0.11693202,
961,0,0.047253392,0.078089378,0.123932304,
962,0,0.047781001,0.083303508,0.156041694,
963,0,0.056782026,0.111658715,0.200377851,
964,0,0.079905358,0.162817977,0.231031495,
965,0,0.106208365,0.212244335,0.269299999,
966,0,0.064725694,0.297640164,0.354119325,
967,0,0.046528572,0.285842632,0.389034835,
968,0.056256807,0.056282284,0.304667792,0.439010573,
969,0.163846583,0.095900771,0.454919977,0.580890031,
970,0.316908533,0.139638537,0.448383952,0.605176448,
971,0.404668956,0.157984512,0.496196234,0.711044857,
972,0.40442429,0.245584076,0.577713587,0.786002369,
973,0.445620482,0.335533129,0.630338712,0.819003279,
974,0.423263105,0.418802465,0.703167442,0.854140885,
975,0.352961966,0.486773128,0.743086246,0.867761148,
976,0.219774309,0.528030676,0.769978422,0.874369882,
977,0.062060329,0.603607038,0.814107761,0.882236178,
978,0,0.334546721,0.751390199,0.875221049,
979,0,0.393827179,0.770293406,0.85981418,
980,0,0.523553801,0.805018783,0.870817577,
981,0,0.635599197,0.82551299,0.873772633,
982,0,0.678966527,0.815845438,0.870778885,
983,0,0.633588605,0.796276923,0.863045295,
984,0,0.574104286,0.77508519,0.847410692,
985,0,0.519564478,0.743743349,0.825781135,
986,0,0.493806856,0.70454266,0.800886584,
987,0,0.451432394,0.67308857,0.774778156,
988,0,0.408797004,0.642312411,0.736437475,
989,0,0.356878553,0.603906349,0.703512312,
990,0,0.170447761,0.486030019,0.559587774,
991,0.015948534,0.157801114,0.412982127,0.499610381,
992,0.199988119,0.245593613,0.398606842,0.475537776,
993,0.395950264,0.381890186,0.433819669,0.424859177,
994,0.535508087,0.555819566,0.461590187,0.392884879,
995,0.59236196,0.72872396,0.52985447,0.426539942,
996,0.621081978,0.785174845,0.563948666,0.472982085,
997,0.546904134,0.825114355,0.557710893,0.557365677,
998,0.478978733,0.823340716,0.562132015,0.664378733,
999,0.354755701,0.7636701,0.638891376,0.744852947,
1000,0.199298435,0.663360837,0.66162148,0.765295059,
1001,0.054066006,0.470667051,0.70738971,0.819724869,
1002,0,0.344864196,0.687103141,0.767362108,
1003,0,0.319871461,0.640613802,0.771313998,
1004,0,0.312069589,0.645147964,0.778461885,
1005,0,0.303324774,0.709998509,0.793042682,
1006,0,0.348286784,0.761551484,0.788564372,
1007,0,0.428764242,0.777310017,0.778936358,
1008,0,0.486353536,0.795696705,0.791234465,
1009,0,0.496847972,0.792386217,0.80131869,
1010,0,0.494780948,0.762514024,0.813642885,
1011,0,0.491227654,0.712935387,0.791041652,
1012,0,0.474206393,0.607262123,0.722495021,
1013,0,0.436720688,0.5244884,0.664590124,
1014,0,0.199608579,0.382648578,0.55406373,
1015,0.018467514,0.174321439,0.374244418,0.561760554,
1016,0.184214353,0.178994295,0.431811468,0.619236311,
1017,0.36425022,0.295656025,0.516666258,0.665757928,
1018,0.459178761,0.412007773,0.57021076,0.712319224,
1019,0.524175194,0.546709556,0.625461288,0.763656646,
1020,0.545703823,0.649407243,0.683420492,0.819087599,
1021,0.48548326,0.720829978,0.765949869,0.863577104,
1022,0.433295706,0.800938126,0.837246928,0.870964577,
1023,0.315435733,0.803533718,0.863376637,0.861913346,
1024,0.204859005,0.73950456,0.853696016,0.844962661,
1025,0.06361991,0.59116772,0.820939939,0.836387232,
1026,0,0.288482956,0.726139429,0.818447592,
1027,0,0.33364677,0.745522498,0.814825466,
1028,0,0.377648765,0.757068444,0.808924809,
1029,0,0.37206184,0.780437816,0.808674411,
1030,0,0.35574642,0.779444966,0.805665694,
1031,0,0.33514608,0.76454505,0.803511589,
1032,0,0.310245216,0.748634979,0.799292335,
1033,0,0.29328515,0.744444499,0.764018484,
1034,0,0.28145216,0.700297519,0.659041858,
1035,0,0.264004297,0.645563567,0.558967363,
1036,0,0.247148955,0.561243071,0.435717941,
1037,0,0.23750994,0.462819483,0.324173303,
1038,0,0.104210146,0.326234376,0.244416442,
1039,0.021522291,0.093127187,0.200143569,0.169650665,
1040,0.21372848,0.090353944,0.140772957,0.135947669,
1041,0.415960316,0.11206106,0.103097629,0.118073672,
1042,0.558597293,0.179913131,0.108384946,0.142699723,
1043,0.64913227,0.240255651,0.1450026,0.203137155,
1044,0.674334179,0.300962666,0.232778424,0.312849811,
1045,0.644591787,0.358202373,0.355459673,0.411197788,
1046,0.576428945,0.41950328,0.49041076,0.480260435,
1047,0.462314683,0.465546517,0.565566301,0.509074663,
1048,0.28610595,0.403137216,0.595975067,0.528821795,
1049,0.097589209,0.334318027,0.602487992,0.560062022,
1050,0,0.222240375,0.510866436,0.580513741,
1051,0,0.200599455,0.566476458,0.659504139,
1052,0,0.208598888,0.637462827,0.710897131,
1053,0,0.229341432,0.660962076,0.746905924,
1054,0,0.252754403,0.666124561,0.792736837,
1055,0,0.269109415,0.672744809,0.82465715,
1056,0,0.276100194,0.672424906,0.832300632,
1057,0,0.281737435,0.701124486,0.844194716,
1058,0,0.307781873,0.754568216,0.863822817,
1059,0,0.348322476,0.803894196,0.866687779,
1060,0,0.391910969,0.822744499,0.85525577,
1061,0,0.429864304,0.823995041,0.858385268,
1062,0,0.328134127,0.791815655,0.856770533,
1063,0.015041184,0.38857531,0.780244504,0.841769124,
1064,0.162112779,0.389566361,0.765265871,0.809330223,
1065,0.332382237,0.351953326,0.753585889,0.801205996,
1066,0.473222245,0.50138135,0.783473961,0.838526088,
1067,0.562219463,0.725550844,0.822490003,0.836739621,
1068,0.542110844,0.82396658,0.79241196,0.761157001,
1069,0.499746134,0.796839599,0.712429906,0.673431101,
1070,0.471407394,0.729012918,0.622062625,0.571381905,
1071,0.37231226,0.594242732,0.508045131,0.481737959,
1072,0.194072069,0.485699796,0.426388138,0.425240366,
1073,0.037908721,0.429854655,0.403679017,0.395284739,
1074,0,0.319189076,0.386250795,0.403116169,
1075,0,0.268036846,0.382068557,0.357435407,
1076,0,0.210473275,0.408425007,0.369741105,
1077,0,0.184472455,0.429378486,0.402102243,
1078,0,0.136490327,0.439336937,0.437018852,
1079,0,0.116274784,0.485732671,0.486207798,
1080,0,0.110965164,0.538651224,0.525395202,
1081,0,0.111428151,0.570714678,0.558664087,
1082,0,0.105537703,0.590317118,0.600797083,
1083,0,0.108145175,0.59025694,0.617327002,
1084,0,0.121605088,0.603505469,0.633795261,
1085,0,0.119619879,0.614936751,0.692342414,
1086,0,0.083548677,0.53306147,0.752384009,
1087,0.01424992,0.07420751,0.53032554,0.740890318,
1088,0.145879103,0.057338399,0.453578962,0.677526243,
1089,0.304992792,0.037464465,0.39852487,0.642997371,
1090,0.439014065,0.025006325,0.332209578,0.586032367,
1091,0.579910497,0.025131285,0.337701645,0.562577879,
1092,0.652246812,0.034608676,0.34691939,0.558712334,
1093,0.653806985,0.056159618,0.375996779,0.581069104,
1094,0.560384482,0.068227894,0.396375734,0.608926083,
1095,0.378330125,0.069469402,0.393226069,0.623240397,
1096,0.228886918,0.058483669,0.365235421,0.593911446,
1097,0.060270034,0.069012149,0.337696786,0.543680926,
1098,0,0.022093882,0.229457036,0.4232378,
1099,0,0.022312766,0.224256802,0.358755542,
1100,0,0.023789945,0.231874859,0.310799632,
1101,0,0.022300567,0.224844216,0.283384245,
1102,0,0.020586415,0.217516357,0.258194719,
1103,0,0.018893353,0.207729872,0.235145603,
1104,0,0.017834299,0.203314719,0.233254117,
1105,0,0.015567694,0.187165855,0.215571889,
1106,0,0.013558741,0.164414884,0.188985544,
1107,0,0.013003198,0.149906649,0.179101762,
1108,0,0.013301359,0.137190519,0.169737448,
1109,0,0.01454337,0.120899003,0.157861171,
1110,0,0.009779819,0.071188169,0.094136427,
1111,0.010646047,0.010866698,0.077993617,0.079604535,
1112,0.126336901,0.012304767,0.096069597,0.077323247,
1113,0.286676985,0.008989092,0.088582528,0.071244584,
1114,0.442356873,0.026839407,0.090924589,0.093433698,
1115,0.556770965,0.05597266,0.081662361,0.123603192,
1116,0.594331075,0.083783396,0.085371926,0.156866063,
1117,0.570105909,0.122145877,0.104475542,0.192510117,
1118,0.495952961,0.172687653,0.134186675,0.215952709,
1119,0.38659742,0.213728786,0.174891099,0.25235407,
1120,0.244698689,0.223206516,0.233262913,0.316750695,
1121,0.087666732,0.300087134,0.332502723,0.421267946,
1122,0,0.169301735,0.312856651,0.467392026,
1123,0,0.217556266,0.373949717,0.501145512,
1124,0,0.249267716,0.428138681,0.535494033,
1125,0,0.267982595,0.516933595,0.633703029,
1126,0,0.319650235,0.612099751,0.704886468,
1127,0,0.424554607,0.701902433,0.753724702,
1128,0,0.477741327,0.735348977,0.778611137,
1129,0,0.504192758,0.757826876,0.775167491,
1130,0,0.490289434,0.751566714,0.748040069,
1131,0,0.469626755,0.730606095,0.742184513,
1132,0,0.450488588,0.715014869,0.72597604,
1133,0,0.420099906,0.676710749,0.691755608,
1134,0,0.225019243,0.580719935,0.66185214,
1135,0.051761614,0.22059747,0.539440886,0.593213841,
1136,0.230326937,0.255183528,0.491818231,0.504089676,
1137,0.43381916,0.264032536,0.435347007,0.441756498,
1138,0.578375445,0.266570801,0.398556221,0.403809305,
1139,0.669451328,0.244526178,0.362188846,0.365356634,
1140,0.706233408,0.205847171,0.321745147,0.32818832,
1141,0.685623734,0.185493192,0.356749947,0.332191323,
1142,0.616436348,0.240085805,0.462968052,0.372804124,
1143,0.493577174,0.275412202,0.503081245,0.380893293,
1144,0.318045794,0.263008639,0.437905672,0.353906307,
1145,0.093561068,0.19411502,0.349081465,0.366044494,
1146,0,0.094616417,0.273547206,0.406760265,
1147,0,0.105792407,0.250297285,0.387534877,
1148,0,0.103570465,0.224004003,0.351546416,
1149,0,0.097556393,0.222613921,0.304809735,
1150,0,0.102984477,0.231351978,0.242257773,
1151,0,0.094199639,0.241513483,0.210293932,
1152,0,0.08677827,0.242434365,0.192970541,
1153,0,0.073550322,0.239823572,0.175427986,
1154,0,0.054253768,0.196189791,0.151700771,
1155,0,0.039142991,0.154095091,0.133099034,
1156,0,0.02992981,0.14570089,0.133522586,
1157,0,0.024504603,0.149172616,0.143764309,
1158,0,0.014854221,0.098637012,0.094188054,
1159,0.013961506,0.014644375,0.107084064,0.105521051,
1160,0.13785637,0.011333098,0.115385898,0.109633336,
1161,0.293761296,0.008018226,0.10092571,0.100107707,
1162,0.420345867,0.005217275,0.086483543,0.102973081,
1163,0.494187818,0.002777094,0.068548911,0.094506264,
1164,0.430073904,0.001898342,0.04841406,0.074164988,
1165,0.390448877,0.002091698,0.041937427,0.06519972,
1166,0.271040857,0.003556813,0.039540747,0.064984498,
1167,0.232328271,0.005064747,0.042238116,0.073301829,
1168,0.182814931,0.007856281,0.055812952,0.091827315,
1169,0.069763305,0.016777536,0.062733115,0.094245478,
1170,0,0.011365745,0.064835062,0.106204821,
1171,0,0.011557294,0.069186569,0.118285033,
1172,0,0.006135104,0.07212092,0.12877087,
1173,0,0.010157349,0.085346475,0.150444838,
1174,0,0.010127598,0.086584354,0.197736425,
1175,0,0.009041167,0.086357761,0.245384294,
1176,0,0.009400121,0.089638711,0.286592448,
1177,0,0.008832608,0.091298244,0.308851706,
1178,0,0.009539839,0.088693039,0.327288909,
1179,0,0.010497837,0.09432354,0.33806403,
1180,0,0.014128344,0.107700518,0.342475225,
1181,0,0.014993283,0.102863641,0.334279199,
1182,0,0.014097166,0.100403711,0.336582228,
1183,0.015294995,0.013195168,0.098425765,0.339260473,
1184,0.128273325,0.010859748,0.10394924,0.358429373,
1185,0.281949392,0.008485969,0.097439824,0.32886697,
1186,0.407616007,0.007519529,0.080611443,0.292615246,
1187,0.48246686,0.005867307,0.068452202,0.293723765,
1188,0.468438788,0.005186572,0.059436518,0.277957139,
1189,0.376370831,0.026052509,0.074875147,0.276097529,
1190,0.279137699,0.033345831,0.106768374,0.274129556,
1191,0.240398419,0.02896057,0.121570625,0.28280685,
1192,0.149793483,0.026275445,0.129892756,0.308215646,
1193,0.042752106,0.03085095,0.136732449,0.316824894,
1194,0,0.039472507,0.175640178,0.332197989,
1195,0,0.027302345,0.162030743,0.32385457,
1196,0,0.021524357,0.163823062,0.318808907,
1197,0,0.022045214,0.155062494,0.281051536,
1198,0,0.015283408,0.141125833,0.257515692,
1199,0,0.013316065,0.15528546,0.258408626,
1200,0,0.016801122,0.172758298,0.259630649,
1201,0,0.028015984,0.197132278,0.273429308,
1202,0,0.033636284,0.196800855,0.269034358,
1203,0,0.026742165,0.193717603,0.267936962,
1204,0,0.02418513,0.175696767,0.254223765,
1205,0,0.022438499,0.159629489,0.252104627,
1206,0,0.033439608,0.185130556,0.311133746,
1207,0.04554652,0.028158256,0.164274701,0.32847551,
1208,0.206668619,0.028620201,0.150928652,0.335112806,
1209,0.401971155,0.020445784,0.105547951,0.299720156,
1210,0.535799755,0.044208181,0.086023646,0.249593817,
1211,0.578074256,0.059167596,0.084865644,0.224036922,
1212,0.57299284,0.08634413,0.084800505,0.204786719,
1213,0.529472262,0.104294391,0.096718,0.213266162,
1214,0.46605077,0.126384118,0.127919678,0.241080416,
1215,0.330808735,0.1268092,0.154347841,0.298936457,
1216,0.192082734,0.108665498,0.20187458,0.340925949,
1217,0.041655264,0.130087838,0.264623297,0.388550009,
1218,0,0.076474664,0.264072792,0.365427022,
1219,0,0.098907485,0.342383188,0.347952564,
1220,0,0.136322998,0.393817928,0.377056982,
1221,0,0.128218914,0.412187531,0.441061185,
1222,0,0.137785509,0.439848642,0.52345106,
1223,0,0.142559523,0.481321059,0.578163646,
1224,0,0.149537046,0.519023876,0.565090631,
1225,0,0.155719233,0.548814988,0.537423077,
1226,0,0.164665309,0.55825598,0.505879279,
1227,0,0.174712455,0.574747684,0.502952149,
1228,0,0.177294254,0.573626221,0.525252282,
1229,0,0.156029522,0.558997626,0.578737782,
1230,0,0.138443434,0.524531391,0.637207252,
1231,0.014525775,0.127752852,0.518041567,0.621746249,
1232,0.130564109,0.112238108,0.47385154,0.583135434,
1233,0.305732359,0.08327641,0.363678468,0.531691463,
1234,0.426460711,0.052915342,0.259229066,0.419301368,
1235,0.478842525,0.042459956,0.233221361,0.378058854,
1236,0.521137883,0.036711481,0.228855287,0.336872089,
1237,0.515951956,0.05201265,0.239364351,0.319867841,
1238,0.497544996,0.059838794,0.238314554,0.3062485,
1239,0.373075022,0.063809507,0.232433609,0.32678995,
1240,0.243135051,0.063256906,0.207459002,0.312298808,
1241,0.085757845,0.067553525,0.197137729,0.281785069,
1242,0,0.046797109,0.228324751,0.24920548,
1243,0,0.056571302,0.224272585,0.217909118,
1244,0,0.062226578,0.214484456,0.207446729,
1245,0,0.055097732,0.189937004,0.206037246,
1246,0,0.05272838,0.172290833,0.214171967,
1247,0,0.05111547,0.169594358,0.239693389,
1248,0,0.051812112,0.175208073,0.271415529,
1249,0,0.053965747,0.181823893,0.293674072,
1250,0,0.056682018,0.18426725,0.301716251,
1251,0,0.060205858,0.175938818,0.29398968,
1252,0,0.062068919,0.166825819,0.268651036,
1253,0,0.058313844,0.157452421,0.248043181,
1254,0,0.058402585,0.185544619,0.273990593,
1255,0.050675501,0.058965992,0.169156711,0.237734214,
1256,0.230220892,0.043897317,0.133837924,0.202975583,
1257,0.421631244,0.044421193,0.122723724,0.206233183,
1258,0.548548541,0.040891836,0.129504526,0.230409929,
1259,0.638270582,0.054052587,0.148667478,0.261739338,
1260,0.652249985,0.085821273,0.175945906,0.27314778,
1261,0.614129635,0.114680087,0.206689041,0.277742228,
1262,0.544818874,0.146490663,0.23975494,0.293091165,
1263,0.413444063,0.179152166,0.24431688,0.297327983,
1264,0.274721761,0.175874595,0.249118242,0.300755782,
1265,0.104813615,0.149888847,0.254343109,0.308721405,
1266,0,0.079656829,0.180760347,0.231878476,
1267,0,0.086530966,0.227802275,0.278876494,
1268,0,0.102603315,0.328948431,0.371338991,
1269,0,0.113123929,0.422396945,0.424359416,
1270,0,0.126275241,0.468831727,0.457302441,
1271,0,0.17057758,0.499811679,0.477396342,
1272,0,0.217484822,0.522664757,0.482646949,
1273,0,0.247506819,0.527238464,0.447769775,
1274,0,0.270762676,0.484155488,0.373609019,
1275,0,0.256326699,0.441101185,0.319272223,
1276,0,0.214484277,0.365634243,0.255816093,
1277,0,0.17410381,0.287482363,0.193863835,
1278,0,0.069690078,0.135977983,0.110369733,
1279,0.034566886,0.051493913,0.108163708,0.108163964,
1280,0.184153774,0.035526199,0.118644383,0.128820689,
1281,0.364954517,0.035823453,0.151252294,0.171226294,
1282,0.514542902,0.077731817,0.21384587,0.24852039,
1283,0.609514483,0.110680612,0.292638325,0.31603302,
1284,0.655250097,0.13223488,0.367876518,0.36084364,
1285,0.640284477,0.181171122,0.430056958,0.403903416,
1286,0.560777611,0.290690532,0.500563467,0.43564058,
1287,0.412964606,0.320522022,0.53540305,0.4452269,
1288,0.257531763,0.235188698,0.548678998,0.44225011,
1289,0.100077112,0.254184779,0.559922248,0.436464878,
1290,0,0.293259224,0.56729177,0.459746548,
1291,0,0.30945782,0.580807064,0.461905656,
1292,0,0.353440691,0.611937068,0.478494649,
1293,0,0.370484986,0.61462291,0.487199804,
1294,0,0.349400281,0.584373554,0.484145726,
1295,0,0.344606215,0.524361613,0.448076299,
1296,0,0.300324013,0.397476336,0.376261575,
1297,0,0.244217045,0.320917436,0.34320141,
1298,0,0.202003047,0.276610469,0.3256102,
1299,0,0.154162521,0.244536844,0.302543898,
1300,0,0.118555151,0.216976781,0.273598393,
1301,0,0.081545917,0.187155724,0.249328288,
1302,0,0.031796027,0.167711711,0.230239591,
1303,0.0239594,0.023020169,0.162075142,0.243070991,
1304,0.142030618,0.021383945,0.138624957,0.231278598,
1305,0.312637034,0.019029485,0.113543585,0.217459073,
1306,0.453252776,0.017226875,0.090633231,0.212149332,
1307,0.570342963,0.010922907,0.066312325,0.193899284,
1308,0.627754556,0.009159373,0.061630486,0.170518419,
1309,0.585376716,0.012921384,0.080215487,0.168694092,
1310,0.502987393,0.021044519,0.106498206,0.188378371,
1311,0.409848225,0.029062517,0.13951547,0.222201383,
1312,0.22457746,0.041867633,0.170310268,0.25488086,
1313,0.075155647,0.060869092,0.184687945,0.273351029,
1314,0,0.044081247,0.208843578,0.316387505,
1315,0,0.043992223,0.213884501,0.346663623,
1316,0,0.039329528,0.197425845,0.333534525,
1317,0,0.036345402,0.189792232,0.310267297,
1318,0,0.030691925,0.176238109,0.272938548,
1319,0,0.028049486,0.155415295,0.235401906,
1320,0,0.021592107,0.127509444,0.188568347,
1321,0,0.016259985,0.1136976,0.161000498,
1322,0,0.012791619,0.100390214,0.14409493,
1323,0,0.009567967,0.099734987,0.151855502,
1324,0,0.010690807,0.114594859,0.187500111,
1325,0,0.012973171,0.125934548,0.228749679,
1326,0,0.010430933,0.120646108,0.23424164,
1327,0.019845016,0.013508845,0.133276958,0.241053263,
1328,0.141782399,0.013092405,0.123162623,0.263896914,
1329,0.330127717,0.008293939,0.095333013,0.26880398,
1330,0.489505794,0.007922127,0.094087293,0.248158693,
1331,0.581184835,0.009660253,0.105802009,0.230657526,
1332,0.63843809,0.018221776,0.116687269,0.222277314,
1333,0.616053719,0.042310137,0.140546544,0.238048111,
1334,0.553165679,0.059040474,0.175129407,0.259786284,
1335,0.424818286,0.059875562,0.200402441,0.271013545,
1336,0.291148905,0.056989637,0.211655712,0.277073197,
1337,0.112812112,0.068389692,0.218383954,0.284216222,
1338,0,0.090857294,0.286938027,0.361773775,
1339,0,0.070949661,0.286953797,0.340006886,
1340,0,0.061764771,0.27488695,0.30856747,
1341,0,0.051154467,0.248103642,0.288684499,
1342,0,0.040943098,0.218595767,0.277030156,
1343,0,0.038199793,0.196685108,0.262402935,
1344,0,0.03886434,0.182868669,0.240169843,
1345,0,0.042466616,0.174823638,0.213738336,
1346,0,0.043009172,0.162121691,0.189620175,
1347,0,0.041987642,0.149437219,0.159610167,
1348,0,0.040986691,0.145785779,0.142923418,
1349,0,0.036356863,0.129572352,0.121504115,
1350,0,0.030794827,0.121409813,0.109131934,
1351,0.054782244,0.029658956,0.109203684,0.092730595,
1352,0.242786017,0.024188966,0.089397344,0.083434956,
1353,0.436232884,0.017381159,0.062708427,0.076596629,
1354,0.563431484,0.010157212,0.045008612,0.078032545,
1355,0.649776521,0.007220881,0.030642421,0.075714901,
1356,0.680757625,0.005235713,0.018801953,0.064604135,
1357,0.662219175,0.004446148,0.011731269,0.053395149,
1358,0.598231846,0.00432589,0.007641572,0.051108626,
1359,0.478056712,0.005906186,0.008223019,0.049335431,
1360,0.319523869,0.008715363,0.010369784,0.043389795,
1361,0.122690681,0.013701767,0.011319241,0.037998211,
1362,0,0.013473222,0.009326239,0.020107203,
1363,0,0.013540623,0.005008778,0.033990597,
1364,0,0.012717601,0.005806881,0.047938816,
1365,0,0.008914127,0.008677447,0.057207608,
1366,0,0.01613949,0.01443851,0.05940305,
1367,0,0.013486399,0.012702496,0.060673129,
1368,0,0.01362788,0.017821205,0.073686369,
1369,0,0.017341141,0.023963313,0.082068318,
1370,0,0.02613929,0.035476072,0.093054334,
1371,0,0.031897276,0.049097494,0.101760888,
1372,0,0.039651118,0.068826102,0.112086738,
1373,0,0.048029534,0.087800793,0.122665389,
1374,0,0.017853151,0.036674574,0.062344924,
1375,0.048539004,0.017401082,0.042836094,0.069252038,
1376,0.212769205,0.014738026,0.04441765,0.064643196,
1377,0.349657628,0.027981443,0.040598493,0.062728399,
1378,0.432895034,0.060266352,0.045096245,0.064898935,
1379,0.490891899,0.075379981,0.04958563,0.072009919,
1380,0.538927734,0.081054551,0.053124965,0.083917023,
1381,0.472878697,0.071152772,0.05375691,0.088814232,
1382,0.386978797,0.052961807,0.045934531,0.0925361,
1383,0.271233737,0.032023242,0.027394461,0.106023898,
1384,0.156605514,0.008759062,0.015493751,0.131455029,
1385,0.060261448,0.003660324,0.010522864,0.158366924,
1386,0,0.002678467,0.009081053,0.129106235,
1387,0,0.003785035,0.014468508,0.172819938,
1388,0,0.007272993,0.020198566,0.243863836,
1389,0,0.008165733,0.035980853,0.316427192,
1390,0,0.014218072,0.066837056,0.367252293,
1391,0,0.018337941,0.072748156,0.382997399,
1392,0,0.021026183,0.112225912,0.427416199,
1393,0,0.034236016,0.143998754,0.453376502,
1394,0,0.045070633,0.187345676,0.495547759,
1395,0,0.074725417,0.242361001,0.517209881,
1396,0,0.091789542,0.308293341,0.560439887,
1397,0,0.116021899,0.420317073,0.61541267,
1398,0,0.146098076,0.484191218,0.661837677,
1399,0,0.198254967,0.591317037,0.732718315,
1400,0.040237295,0.246619592,0.671770199,0.78399983,
1401,0.067008006,0.29472769,0.759148237,0.846249912,
1402,0.092411906,0.375064402,0.817187197,0.869312548,
1403,0.079084398,0.494907884,0.823916596,0.873370992,
1404,0.070311877,0.601041654,0.849526581,0.86713142,
1405,0.041290148,0.681591689,0.865833701,0.861636579,
1406,0.025437531,0.741707335,0.867296935,0.852387847,
1407,0.008063025,0.73214277,0.827502893,0.843137246,
1408,0.005766998,0.665487649,0.759139722,0.827810538,
1409,0.000944147,0.607012089,0.756561997,0.843141263,
1410,0,0.421037564,0.743303456,0.792208393,
1411,0,0.487312395,0.794718732,0.79894549,
1412,0,0.515016756,0.801951525,0.792380849,
1413,0,0.496986581,0.764602755,0.741473613,
1414,0,0.523950112,0.737167607,0.658788839,
1415,0,0.543772927,0.720263852,0.603460464,
1416,0,0.493836172,0.689150621,0.533124185,
1417,0,0.454291326,0.64239666,0.528998608,
1418,0,0.429710551,0.639305992,0.611294757,
1419,0,0.43725169,0.708550115,0.715724078,
1420,0,0.470591832,0.799564033,0.789043063,
1421,0,0.536096831,0.854790171,0.825482827,
1422,0,0.513744374,0.828546372,0.883829494,
1423,0.015960518,0.737411719,0.861108502,0.882191166,
1424,0.112078459,0.801887236,0.874727353,0.883610112,
1425,0.277351532,0.84959382,0.882475297,0.884461207,
1426,0.438529406,0.913612733,0.880153344,0.883397559,
1427,0.599307105,0.946066186,0.881907676,0.883686633,
1428,0.65666786,0.950825458,0.883613679,0.8821143,
1429,0.643028683,0.952749437,0.883115299,0.88124868,
1430,0.566380267,0.935052881,0.88249404,0.874411253,
1431,0.4505402,0.893304609,0.878641925,0.861051037,
1432,0.290877412,0.840646659,0.870201881,0.848858916,
1433,0.106234296,0.780495167,0.854643674,0.846342737,
1434,0,0.46291415,0.640942599,0.697341316,
1435,0,0.533755606,0.673443053,0.6408538,
1436,0,0.546357041,0.722668156,0.658420566,
1437,0,0.49593915,0.733457918,0.719781765,
1438,0,0.429116019,0.709102982,0.72199923,
1439,0,0.317886018,0.63739714,0.650285294,
1440,0,0.236074437,0.55040484,0.58894523,
1441,0,0.178583238,0.447373092,0.480234293,
1442,0,0.141903811,0.371687042,0.380710421,
1443,0,0.108494971,0.296139243,0.30410811,
1444,0,0.074021707,0.21684404,0.236950112,
1445,0,0.0490211,0.141733719,0.157165202,
1446,0,0.023933334,0.06300841,0.062229158,
1447,0.064007291,0.015392472,0.03979999,0.043123787,
1448,0.264804629,0.009042049,0.025620509,0.037359011,
1449,0.460925197,0.004042911,0.013348983,0.031607316,
1450,0.595297993,0.003746006,0.008488617,0.028744041,
1451,0.681451724,0.017928434,0.005841584,0.017340485,
1452,0.715968759,0.024699723,0.002069267,0.011074826,
1453,0.690336903,0.034957154,0.002621566,0.014760054,
1454,0.623930035,0.044632114,0.00320162,0.014394534,
1455,0.503234341,0.043734482,0.003531768,0.013262894,
1456,0.33536032,0.029211043,0.004755289,0.01337389,
1457,0.133149407,0.032084355,0.013983492,0.025616364,
1458,0,0.03849999,0.019255543,0.03369003,
1459,0,0.028231883,0.02316869,0.044277707,
1460,0,0.031558787,0.030251526,0.055214393,
1461,0,0.035376324,0.031012538,0.061577715,
1462,0,0.03652741,0.03188305,0.072772398,
1463,0,0.035002528,0.030057874,0.086722494,
1464,0,0.034409562,0.028749714,0.089118456,
1465,0,0.036538287,0.027124293,0.091554497,
1466,0,0.035293832,0.019737694,0.111456647,
1467,0,0.033653519,0.020069187,0.143635284,
1468,0,0.03136236,0.03096612,0.170358239,
1469,0,0.026904351,0.050518145,0.210266915,
1470,0,0.015256014,0.05649366,0.19286794,
1471,0.045779656,0.016187994,0.094242792,0.231218592,
1472,0.208149629,0.015736322,0.119337925,0.274421547,
1473,0.378510713,0.010765622,0.152002096,0.340251401,
1474,0.503419404,0.021777793,0.178215943,0.391861695,
1475,0.591201809,0.042383385,0.180160382,0.426401722,
1476,0.630513804,0.068629421,0.18613333,0.410228382,
1477,0.612019273,0.092844157,0.212507396,0.407038692,
1478,0.550543861,0.120963815,0.254976283,0.423067675,
1479,0.460481705,0.141607471,0.29192958,0.48181125,
1480,0.30087407,0.151964869,0.349402678,0.575542456,
1481,0.118330509,0.194088227,0.417468586,0.598520179,
1482,0,0.141617291,0.289384797,0.545235308,
1483,0,0.171150655,0.372789906,0.629869834,
1484,0,0.167734836,0.42054015,0.678398168,
1485,0,0.189248214,0.39843436,0.656886332,
1486,0,0.183413933,0.311951134,0.594654354,
1487,0,0.161754245,0.254520071,0.543305436,
1488,0,0.136787655,0.22792614,0.471040199,
1489,0,0.125675248,0.21395538,0.412059107,
1490,0,0.107529266,0.20979466,0.359045075,
1491,0,0.095810975,0.174413849,0.314542646,
1492,0,0.078117465,0.129881691,0.281578797,
1493,0,0.059956607,0.093574501,0.258461973,
1494,0,0.020170183,0.080567361,0.195309224,
1495,0.02178221,0.013388208,0.071541463,0.145259604,
1496,0.100309486,0.0087261,0.048865166,0.14177642,
1497,0.219878397,0.006178076,0.068020409,0.20511169,
1498,0.322777776,0.018595774,0.122132062,0.330783841,
1499,0.347705524,0.041867659,0.196243631,0.448388649,
1500,0.372133928,0.062973018,0.242390722,0.509889709,
1501,0.337699011,0.069575908,0.286239859,0.574718219,
1502,0.236290414,0.090969717,0.350946397,0.667410033,
1503,0.220596315,0.107667864,0.452529974,0.739586586,
1504,0.103084994,0.142354018,0.550331318,0.792791927,
1505,0.023386371,0.193964729,0.631634713,0.835358044,
1506,0,0.188225324,0.571508948,0.763038703,
1507,0,0.277211219,0.65667079,0.785386061,
1508,0,0.380768881,0.675796634,0.760681462,
1509,0,0.447695771,0.666267364,0.715680681,
1510,0,0.498441875,0.594628022,0.678006516,
1511,0,0.519666637,0.483726668,0.619837452,
1512,0,0.52280541,0.425264827,0.580884238,
1513,0,0.520855053,0.385332879,0.553798417,
1514,0,0.544257409,0.373934882,0.606109128,
1515,0,0.58830876,0.399395858,0.678167548,
1516,0,0.622939171,0.464043781,0.738042405,
1517,0,0.651562644,0.555383883,0.749421159,
1518,0,0.418190395,0.488080663,0.693499671,
1519,0,0.566312134,0.653657944,0.775404307,
1520,0.00952488,0.664401963,0.750408183,0.813801297,
1521,0.049235723,0.64788983,0.756801038,0.831592119,
1522,0.113836043,0.627307255,0.763270205,0.839802922,
1523,0.187119514,0.606157143,0.751045338,0.836090081,
1524,0.228201824,0.559153223,0.72696968,0.832762409,
1525,0.312118378,0.490268369,0.68272678,0.813862187,
1526,0.345592418,0.434460315,0.614890364,0.77360883,
1527,0.31931844,0.379923061,0.562225962,0.758879139,
1528,0.214792608,0.303947603,0.528283506,0.766106964,
1529,0.086123534,0.225026454,0.516842466,0.77410313,
1530,0,0.120935182,0.454782277,0.744772342,
1531,0,0.108651213,0.472706102,0.759348404,
1532,0,0.10636018,0.49273064,0.747730697,
1533,0,0.101694269,0.477363259,0.697573378,
1534,0,0.094661787,0.426362215,0.632337071,
1535,0,0.083721704,0.351410299,0.574305719,
1536,0,0.065869037,0.279190348,0.547703996,
1537,0,0.04925105,0.235798836,0.537729124,
1538,0,0.040695145,0.222123542,0.543333215,
1539,0,0.039649475,0.236975653,0.559475948,
1540,0,0.038050734,0.238246165,0.540265991,
1541,0,0.039840072,0.24031901,0.508349587,
1542,0,0.026049522,0.189520131,0.494101686,
1543,0.0669312,0.032487936,0.217349039,0.429930258,
1544,0.256145466,0.034237707,0.231498325,0.413292804,
1545,0.442630449,0.04339518,0.223274903,0.3916974,
1546,0.570641374,0.044394855,0.214206495,0.379299738,
1547,0.649722725,0.041559699,0.212614222,0.383692652,
1548,0.679439151,0.035886858,0.208750678,0.369049837,
1549,0.655019525,0.034283156,0.219376828,0.35458616,
1550,0.594622838,0.037420162,0.237718906,0.357307592,
1551,0.465021608,0.04947297,0.284793012,0.388764767,
1552,0.311305738,0.072012217,0.330689009,0.425254657,
1553,0.127214093,0.102947523,0.375862168,0.446191702,
1554,0,0.074284937,0.330595196,0.426873445,
1555,0,0.094584037,0.361667931,0.477708435,
1556,0,0.103000374,0.378238392,0.498311308,
1557,0,0.114703933,0.397138074,0.531729289,
1558,0,0.120900698,0.367318583,0.499820507,
1559,0,0.119764917,0.325194007,0.433019615,
1560,0,0.117693454,0.31041166,0.388985112,
1561,0,0.115051956,0.302472958,0.350367528,
1562,0,0.117698219,0.300882762,0.348789655,
1563,0,0.124242807,0.303274512,0.364732177,
1564,0,0.127323725,0.341729329,0.399191763,
1565,0,0.134731509,0.39368181,0.417445289,
1566,0,0.081099246,0.308418905,0.357961709,
1567,0.01833947,0.117843673,0.389256702,0.429231404,
1568,0.079430986,0.145290388,0.431939321,0.478870315,
1569,0.176588593,0.222601791,0.430675635,0.496635555,
1570,0.282803828,0.264904229,0.432206454,0.503781702,
1571,0.350627516,0.28469541,0.411795333,0.475468218,
1572,0.36868316,0.269900002,0.372930572,0.439948975,
1573,0.335607377,0.244451456,0.351714886,0.413095922,
1574,0.277265201,0.227458963,0.34719364,0.399433634,
1575,0.137414046,0.20093544,0.333008206,0.39489421,
1576,0.073578358,0.163482037,0.326376407,0.398028827,
1577,0.020734795,0.139992881,0.340598268,0.430265782,
1578,0,0.071152088,0.320673406,0.395753284,
1579,0,0.081533294,0.369672801,0.39929312,
1580,0,0.084241896,0.385813556,0.405159044,
1581,0,0.088703273,0.399490688,0.427452319,
1582,0,0.09747295,0.423361152,0.461199198,
1583,0,0.100170784,0.418855729,0.484441291,
1584,0,0.103752475,0.436220365,0.514298669,
1585,0,0.11270998,0.461442412,0.553909884,
1586,0,0.120504119,0.492654393,0.604941718,
1587,0,0.140008982,0.530282744,0.668793682,
1588,0,0.161540658,0.573659687,0.723465023,
1589,0,0.181019045,0.610151662,0.758387818,
1590,0,0.176244322,0.620009368,0.753617123,
1591,0,0.21793996,0.654383576,0.786675846,
1592,0.01917159,0.231428691,0.66479126,0.785126886,
1593,0.069467143,0.242363524,0.674045334,0.795319957,
1594,0.151949553,0.261379273,0.681427277,0.813461693,
1595,0.227568518,0.292649053,0.717806698,0.842833677,
1596,0.255538857,0.314598999,0.744533177,0.86139853,
1597,0.299147067,0.360032435,0.763875871,0.865655959,
1598,0.284372061,0.385256517,0.773950905,0.870310896,
1599,0.192116766,0.379370254,0.776344788,0.869726444,
1600,0.136628133,0.342666476,0.780470516,0.871716684,
1601,0.066400517,0.319002609,0.785580139,0.873865132,
1602,0,0.24777319,0.778722303,0.876683253,
1603,0,0.258085773,0.761538459,0.873948184,
1604,0,0.25365432,0.714525202,0.867300032,
1605,0,0.230315753,0.680598838,0.863883273,
1606,0,0.200179129,0.641682664,0.855078611,
1607,0,0.179914085,0.60581469,0.847996068,
1608,0,0.172583441,0.597739822,0.84730098,
1609,0,0.162152012,0.584489599,0.837942942,
1610,0,0.143893928,0.52866751,0.794831962,
1611,0,0.122946805,0.447756384,0.738088594,
1612,0,0.106196392,0.362328052,0.669331963,
1613,0,0.094008034,0.288471003,0.579777126,
1614,0,0.047811814,0.144176582,0.443304505,
1615,0.056944057,0.049563769,0.148859532,0.394843843,
1616,0.208780486,0.05286749,0.140200302,0.357531437,
1617,0.363195296,0.043822133,0.112874744,0.319341123,
1618,0.480866284,0.029253146,0.091687294,0.277781195,
1619,0.490842779,0.022679632,0.087255831,0.245860974,
1620,0.477674088,0.019401234,0.080903667,0.221433737,
1621,0.395112653,0.016099158,0.080284773,0.205434224,
1622,0.317690029,0.012019317,0.071240088,0.18406222,
1623,0.251672254,0.011415249,0.055088435,0.152424266,
1624,0.172682399,0.010779778,0.035883667,0.111285042,
1625,0.073810012,0.01355958,0.024521114,0.073462227,
1626,0,0.006326812,0.009743119,0.042120827,
1627,0,0.005985196,0.008396798,0.030204618,
1628,0,0.005487803,0.006315356,0.024491459,
1629,0,0.005243978,0.008496068,0.022928833,
1630,0,0.005640248,0.00956329,0.019432528,
1631,0,0.006317996,0.008062116,0.016588306,
1632,0,0.007662628,0.007574927,0.01962257,
1633,0,0.008386421,0.009140354,0.024318311,
1634,0,0.006277282,0.00978656,0.028376788,
1635,0,0.005656962,0.010521281,0.026105947,
1636,0,0.005329757,0.011963004,0.028258656,
1637,0,0.005040141,0.010823414,0.027925284,
1638,0,0.003404281,0.00757979,0.023139262,
1639,0.06182666,0.00601666,0.011245338,0.029136393,
1640,0.227819713,0.007004486,0.017792787,0.039614133,
1641,0.407955299,0.017962542,0.023704021,0.049327325,
1642,0.525417158,0.03411172,0.032690623,0.061992127,
1643,0.598533783,0.048866929,0.048048142,0.075782375,
1644,0.64323418,0.070341788,0.067690903,0.081939771,
1645,0.637305752,0.103962501,0.092922161,0.090914849,
1646,0.567640343,0.134648539,0.112801867,0.098567115,
1647,0.489392549,0.15021732,0.127398113,0.10466403,
1648,0.33023012,0.149072911,0.139644394,0.109648335,
1649,0.137628173,0.150972674,0.155282534,0.113024482,
1650,0,0.186211589,0.167123474,0.101396649,
1651,0,0.198853646,0.181929518,0.095949708,
1652,0,0.184511174,0.183450671,0.092700688,
1653,0,0.150660936,0.161720782,0.092606022,
1654,0,0.132875948,0.135414514,0.08245799,
1655,0,0.121609946,0.112638796,0.074860306,
1656,0,0.111280201,0.104317448,0.071139379,
1657,0,0.102362848,0.104745585,0.075994759,
1658,0,0.095705998,0.10055417,0.079057806,
1659,0,0.09057872,0.09470765,0.075957948,
1660,0,0.078868264,0.08096382,0.059635718,
1661,0,0.066379975,0.063065303,0.047946404,
1662,0,0.047390333,0.032357052,0.027265226,
1663,0.05254289,0.042597614,0.02052618,0.018284919,
1664,0.197317862,0.028951886,0.017191399,0.013272241,
1665,0.356398823,0.032576576,0.012887476,0.005808223,
1666,0.520512285,0.044320105,0.006098846,0.002428529,
1667,0.631251311,0.061780963,0.004069188,0.000141186,
1668,0.690944588,0.078233766,0.003869801,0.004020764,
1669,0.671289628,0.09131985,0.004455711,0.004415301,
1670,0.608105508,0.094997882,0.012990604,0.008837872,
1671,0.492769747,0.096016911,0.024518397,0.012003202,
1672,0.33318186,0.078836807,0.029366065,0.015275104,
1673,0.139871499,0.06434264,0.031815496,0.018321112,
1674,0,0.036334968,0.027319727,0.015705776,
1675,0,0.029310309,0.031045936,0.022606481,
1676,0,0.019509968,0.027648761,0.03191764,
1677,0,0.015992212,0.023204495,0.042548693,
1678,0,0.012302604,0.018833284,0.052717444,
1679,0,0.009849098,0.012987401,0.064996546,
1680,0,0.004754107,0.009151253,0.080127489,
1681,0,0.001991349,0.012362595,0.085253856,
1682,0,0.000597388,0.01908799,0.095416419,
1683,0,0.000360432,0.023953417,0.110278737,
1684,0,0.000491308,0.031011176,0.130358799,
1685,0,0.000842418,0.036297286,0.154405692,
1686,0,0.000693079,0.030579794,0.143473664,
1687,0.067803819,0.000962666,0.033985695,0.158697004,
1688,0.230470518,0.000919324,0.043185941,0.193510487,
1689,0.40789224,0.001443678,0.056925168,0.217423631,
1690,0.5507418,0.00488725,0.072122865,0.250770761,
1691,0.638875433,0.019995035,0.095550551,0.295260687,
1692,0.669543729,0.047989695,0.117243006,0.33010515,
1693,0.653157687,0.080894919,0.150778052,0.359295555,
1694,0.59077177,0.110374595,0.20009786,0.398124564,
1695,0.480008797,0.130538484,0.246817653,0.437683508,
1696,0.324514658,0.136000337,0.289098908,0.481901231,
1697,0.136474449,0.146335311,0.31357781,0.518490956,
1698,0,0.141510819,0.225256346,0.430089204,
1699,0,0.132044474,0.259915852,0.473659729,
1700,0,0.120259267,0.298951908,0.534046304,
1701,0,0.104561083,0.32075748,0.580040172,
1702,0,0.110833149,0.351242169,0.621510885,
1703,0,0.11606568,0.365763289,0.636899908,
1704,0,0.125399337,0.390041055,0.661858743,
1705,0,0.133255047,0.425457955,0.700850332,
1706,0,0.144032907,0.463708416,0.713184853,
1707,0,0.156671984,0.476122294,0.699465202,
1708,0,0.164772114,0.483171671,0.692703335,
1709,0,0.172938638,0.485800324,0.680747621,
1710,0,0.109826992,0.370150019,0.475848509,
1711,0.06508552,0.134153764,0.402710416,0.523601358,
1712,0.219821422,0.124731768,0.440032329,0.597750528,
1713,0.380856627,0.182586785,0.491603232,0.663592208,
1714,0.510068031,0.282916544,0.532809771,0.705969564,
1715,0.600121878,0.355223195,0.55574635,0.730888586,
1716,0.632377593,0.401018677,0.57475965,0.735996574,
1717,0.617456709,0.439956895,0.593888706,0.721671663,
1718,0.556861008,0.476967745,0.61194911,0.702837092,
1719,0.451154337,0.479225769,0.631462044,0.691717272,
1720,0.30777969,0.426667751,0.648736817,0.695150599,
1721,0.129047897,0.396174313,0.663185823,0.71154179,
1722,0.000441343,0.341915332,0.55572499,0.662920415,
1723,0,0.333401796,0.600958195,0.700117504,
1724,0,0.31804173,0.630012693,0.731043089,
1725,0,0.300199967,0.631430191,0.752584826,
1726,0,0.277566517,0.622995852,0.762058845,
1727,0,0.250130489,0.604272727,0.763565825,
1728,0,0.219638987,0.580089003,0.759215696,
1729,0,0.189256799,0.555005205,0.752781869,
1730,0,0.159931049,0.525388725,0.745304381,
1731,0,0.13539882,0.487869211,0.733784825,
1732,0,0.111344407,0.4262708,0.695565074,
1733,0,0.089448733,0.374642931,0.652295804,
1734,0,0.023709692,0.167626624,0.378464525,
1735,0.074086014,0.019543713,0.196828615,0.419943235,
1736,0.24031902,0.016871018,0.242722503,0.498024876,
1737,0.395752665,0.025151669,0.316976423,0.611719722,
1738,0.509558904,0.05647366,0.376594309,0.688670688,
1739,0.595423023,0.094892767,0.421806487,0.739696498,
1740,0.623902484,0.135642477,0.446601617,0.762024041,
1741,0.599686721,0.158740335,0.466058076,0.774834006,
1742,0.543378667,0.180478657,0.502647518,0.79020756,
1743,0.430002845,0.187770052,0.526274169,0.800577737,
1744,0.290517402,0.179923247,0.553635424,0.815913383,
1745,0.11657337,0.183262514,0.589731713,0.829960759,
1746,0,0.153497568,0.518574332,0.800177669,
1747,0,0.165139117,0.600764989,0.822202459,
1748,0,0.175450541,0.636787341,0.823028141,
1749,0,0.194862578,0.651636139,0.837498711,
1750,0,0.21069716,0.665743002,0.845083142,
1751,0,0.218936509,0.659896125,0.848258044,
1752,0,0.224756565,0.662932888,0.855768324,
1753,0,0.219005947,0.679344998,0.860620016,
1754,0,0.217268463,0.690154886,0.863845902,
1755,0,0.215913494,0.712422993,0.868271835,
1756,0,0.236453025,0.74295717,0.864096663,
1757,0,0.253997257,0.760125182,0.848538128,
1758,0,0.219953838,0.643639474,0.758301992,
1759,0.002736721,0.226362416,0.643128693,0.72783399,
1760,0.012745639,0.252602797,0.613138048,0.649145279,
1761,0.03373979,0.275527614,0.590277459,0.602946041,
1762,0.042326624,0.270064973,0.550941631,0.579136406,
1763,0.058601105,0.262399757,0.513021369,0.563311575,
1764,0.081889777,0.239400193,0.466638127,0.580402682,
1765,0.074757567,0.19080319,0.428048338,0.583044973,
1766,0.068763646,0.155899671,0.396670597,0.592509929,
1767,0.078319228,0.117848195,0.395751723,0.564241163,
1768,0.036138882,0.092403689,0.401321788,0.549035601,
1769,0.006290419,0.080443752,0.459151691,0.564149548,
1770,0,0.075330871,0.312602208,0.492410948,
1771,0,0.098429952,0.425456397,0.563277684,
1772,0,0.157861435,0.525649551,0.629478936,
1773,0,0.220344826,0.567714926,0.676477544,
1774,0,0.29373669,0.592417674,0.711491803,
1775,0,0.382186081,0.6195452,0.75044503,
1776,0,0.429614996,0.652433859,0.780180961,
1777,0,0.479648974,0.689146331,0.815937326,
1778,0,0.52485464,0.713655278,0.839391997,
1779,0,0.545311356,0.733399752,0.846117023,
1780,0,0.534769327,0.71484404,0.84505964,
1781,0,0.510091165,0.696823017,0.838148239,
1782,0,0.280932531,0.534745419,0.764081164,
1783,0.026000948,0.316190444,0.563806104,0.773694711,
1784,0.107649049,0.411165472,0.585085238,0.775644927,
1785,0.22952545,0.42165566,0.539279622,0.732925346,
1786,0.369145699,0.390715999,0.491307383,0.675053065,
1787,0.456997868,0.359789843,0.454117704,0.621247837,
1788,0.544337786,0.321438411,0.426086678,0.579855821,
1789,0.574260736,0.275354192,0.388154684,0.521832838,
1790,0.552657742,0.241466502,0.357446051,0.485832095,
1791,0.422123581,0.207862296,0.321262024,0.444496994,
1792,0.305385068,0.184277734,0.30445121,0.417531761,
1793,0.1353452,0.158445849,0.300378921,0.39626599,
1794,0.002662287,0.063092274,0.235084562,0.394645264,
1795,0,0.082098401,0.251490845,0.390931568,
1796,0,0.086548908,0.260302677,0.382039639,
1797,0,0.077110633,0.251423105,0.35199438,
1798,0,0.072600498,0.23821776,0.318541828,
1799,0,0.065654058,0.223949981,0.283096276,
1800,0,0.062228825,0.224501183,0.254049245,
1801,0,0.058206255,0.237623656,0.254526302,
1802,0,0.053527533,0.246901769,0.268376058,
1803,0,0.047747801,0.250727073,0.277855186,
1804,0,0.045944727,0.258972661,0.290868688,
1805,0,0.044563032,0.271623514,0.312548793,
1806,0,0.023681536,0.140722944,0.22064202,
1807,0.096341346,0.021210614,0.161134489,0.242646006,
1808,0.29302881,0.02380715,0.177326476,0.270424284,
1809,0.4740156,0.023588284,0.163278704,0.285553897,
1810,0.597501645,0.021069284,0.14275101,0.288842247,
1811,0.669376154,0.021777621,0.129832254,0.272218496,
1812,0.678772653,0.024986444,0.127150612,0.261156181,
1813,0.642692345,0.034807591,0.128742086,0.254819606,
1814,0.548161786,0.041494613,0.125860343,0.231444482,
1815,0.44185961,0.042541626,0.124811709,0.193870264,
1816,0.272183576,0.041376699,0.118963092,0.179110128,
1817,0.10441395,0.046341262,0.100863325,0.165512421,
1818,0.001796932,0.04787405,0.087490091,0.092294968,
1819,0,0.043719056,0.077806423,0.077068632,
1820,0,0.029299674,0.049178248,0.0780945,
1821,0,0.016464818,0.035169692,0.106353882,
1822,0,0.013164737,0.026227689,0.150350401,
1823,0,0.011887706,0.025965331,0.187205416,
1824,0,0.013270263,0.032288619,0.211767826,
1825,0,0.013988812,0.03379544,0.230554742,
1826,0,0.012013593,0.025367265,0.232316083,
1827,0,0.007634431,0.019113929,0.206378178,
1828,0,0.007493763,0.027214049,0.198637544,
1829,0,0.009014533,0.037654512,0.201193781,
1830,0,0.003703433,0.037873322,0.126878172,
1831,0.044682992,0.005043991,0.052644381,0.131062727,
1832,0.138759532,0.007579085,0.079942723,0.151480532,
1833,0.221724245,0.007421307,0.09416688,0.194641842,
1834,0.282655922,0.010615534,0.107911361,0.242509347,
1835,0.271532243,0.016253252,0.118386354,0.282958013,
1836,0.291461819,0.020387881,0.119861051,0.308895221,
1837,0.220034245,0.027838686,0.113853095,0.32341751,
1838,0.151569017,0.024639398,0.123020504,0.34169396,
1839,0.129995176,0.032145789,0.140316484,0.346148906,
1840,0.078362834,0.034260049,0.164478434,0.350983599,
1841,0.024834966,0.041648349,0.2003183,0.352175784,
1842,0,0.025919468,0.190119458,0.321072153,
1843,0,0.038090012,0.263039905,0.379232295,
1844,0,0.047561986,0.29209211,0.383119162,
1845,0,0.042946291,0.311183795,0.368042488,
1846,0,0.045775465,0.307143571,0.358882015,
1847,0,0.046712427,0.31224112,0.359192154,
1848,0,0.049231003,0.300057165,0.341778568,
1849,0,0.051621327,0.286355923,0.324599008,
1850,0,0.047833319,0.278198963,0.341515329,
1851,0,0.04702332,0.289022595,0.369648797,
1852,0,0.052024619,0.296881612,0.385392059,
1853,0,0.073685667,0.301244723,0.399624583,
1854,0,0.093724006,0.28857114,0.418017164,
1855,0,0.161302513,0.326262135,0.422295576,
1856,0.004868819,0.299280788,0.353177442,0.451882325,
1857,0.022826248,0.439820304,0.376867502,0.499177732,
1858,0.046606849,0.562748711,0.436765142,0.547121925,
1859,0.060206487,0.681774598,0.508183169,0.561483242,
1860,0.05155539,0.722035112,0.638685974,0.641257817,
1861,0.05521284,0.732020503,0.688271268,0.727451824,
1862,0.057520675,0.725927796,0.68956965,0.738962469,
1863,0.046278179,0.715569251,0.685802068,0.728624128,
1864,0.029401845,0.715982299,0.695386991,0.735130328,
1865,0.008348193,0.713241824,0.704006921,0.750739019,
1866,0,0.334722412,0.483683672,0.626088558,
1867,0,0.427752881,0.594093088,0.624038205,
1868,0,0.534638142,0.681764693,0.617627166,
1869,0,0.591730337,0.714880731,0.608529691,
1870,0,0.620834481,0.73333673,0.596993389,
1871,0,0.638241216,0.734929793,0.564811607,
1872,0,0.642638588,0.738515465,0.55697977,
1873,0,0.660058479,0.754622745,0.563911491,
1874,0,0.687214861,0.76919492,0.584712021,
1875,0,0.714665227,0.778469067,0.602685102,
1876,0,0.749340074,0.778861055,0.636177386,
1877,0,0.778371254,0.767900165,0.683002174,
1878,0,0.533941417,0.65502039,0.66879351,
1879,0.062562221,0.610830469,0.743739049,0.753957089,
1880,0.200389521,0.774092238,0.759662188,0.796117809,
1881,0.324468844,0.825598584,0.770001049,0.811202867,
1882,0.384875308,0.872103597,0.764561615,0.80261325,
1883,0.390311756,0.862991503,0.73727649,0.781238663,
1884,0.409183944,0.867362157,0.730371512,0.769169121,
1885,0.377432932,0.873056349,0.714539645,0.75422511,
1886,0.294141594,0.859163532,0.712723799,0.761271836,
1887,0.208580368,0.839321745,0.748514825,0.785418393,
1888,0.115264051,0.813232596,0.764022006,0.794357029,
1889,0.036618505,0.772580119,0.761952902,0.804567493,
1890,0,0.443038851,0.50618864,0.69178856,
1891,0,0.471847085,0.673113465,0.786065837,
1892,0,0.522455177,0.742610633,0.836412843,
1893,0,0.559244952,0.749859296,0.850385991,
1894,0,0.558449608,0.705287414,0.833343403,
1895,0,0.535004974,0.700679977,0.815708152,
1896,0,0.527171102,0.691887848,0.798094101,
1897,0,0.532380634,0.674645897,0.774218338,
1898,0,0.548759049,0.641965157,0.733344859,
1899,0,0.562195127,0.627077736,0.710324262,
1900,0,0.562196976,0.633312252,0.707726647,
1901,0,0.565073321,0.636178011,0.711475078,
1902,0,0.324958197,0.410719085,0.472664077,
1903,0.015650124,0.396776699,0.47852679,0.512817001,
1904,0.05458116,0.468109029,0.529638365,0.575215354,
1905,0.115085732,0.514050188,0.534489575,0.577942919,
1906,0.131799429,0.507771715,0.505779977,0.526146159,
1907,0.166697833,0.506552071,0.450505894,0.476629414,
1908,0.169580129,0.496234494,0.400368809,0.445452808,
1909,0.12827046,0.461253973,0.401257904,0.485937569,
1910,0.10272544,0.418934699,0.424813226,0.52763264,
1911,0.103817582,0.385628945,0.457324324,0.551746645,
1912,0.0639711,0.357651877,0.480855112,0.578483326,
1913,0.02266117,0.352022746,0.49522317,0.595985704,
1914,0,0.280376721,0.458256464,0.576751377,
1915,0,0.266542006,0.448943085,0.56735888,
1916,0,0.249455103,0.410242606,0.536609547,
1917,0,0.220627608,0.359035116,0.497798925,
1918,0,0.184907785,0.318137791,0.46439169,
1919,0,0.170800869,0.300773879,0.442052756,
1920,0,0.165056399,0.284380458,0.416585194,
1921,0,0.163956152,0.278791714,0.400312183,
1922,0,0.162272682,0.282256136,0.407218346,
1923,0,0.149763864,0.279960637,0.424837385,
1924,0,0.137621194,0.276285022,0.428172901,
1925,0,0.116239051,0.26333932,0.396750269,
1926,0,0.071106826,0.208487811,0.344945527,
1927,0.088704865,0.057093456,0.199620143,0.306826642,
1928,0.28560381,0.045036789,0.162057725,0.258515482,
1929,0.472182803,0.050440688,0.12069837,0.209494637,
1930,0.603248261,0.055325587,0.100821893,0.178735133,
1931,0.685496948,0.057674468,0.099600149,0.172024034,
1932,0.71583162,0.06069187,0.121059161,0.185286132,
1933,0.690394388,0.063086995,0.147005367,0.197698986,
1934,0.623563923,0.069540622,0.166243617,0.201640723,
1935,0.504707658,0.070829312,0.164352932,0.182460854,
1936,0.344695179,0.06852666,0.160488556,0.161447748,
1937,0.152952312,0.062608238,0.156101541,0.143082927,
1938,0.006974987,0.043783589,0.147282217,0.119759016,
1939,0,0.038730616,0.142431477,0.106703156,
1940,0,0.029332122,0.126160386,0.089453936,
1941,0,0.023579342,0.104132765,0.070887884,
1942,0,0.016213807,0.075922116,0.051833072,
1943,0,0.01392875,0.05844401,0.043726435,
1944,0,0.01249741,0.047434792,0.040491,
1945,0,0.011568429,0.045175954,0.040689423,
1946,0,0.01052418,0.045200532,0.036236057,
1947,0,0.011300499,0.047739507,0.038146379,
1948,0,0.011822455,0.042762461,0.036945605,
1949,0,0.010080048,0.035702871,0.027125075,
1950,0,0.00416184,0.017520988,0.019745902,
1951,0.106166507,0.002476897,0.015227433,0.018898237,
1952,0.28613899,0.001985696,0.01484158,0.021331317,
1953,0.454884193,0.002164445,0.013517854,0.022529176,
1954,0.590099631,0.00211952,0.011678478,0.025317879,
1955,0.67340019,0.002834848,0.011480036,0.032234331,
1956,0.711663399,0.006371674,0.024348675,0.041959137,
1957,0.686506488,0.016795992,0.044562031,0.053199527,
1958,0.619276108,0.027655768,0.064749394,0.061731183,
1959,0.503034825,0.038644208,0.083983318,0.075038478,
1960,0.339628356,0.051890711,0.109240723,0.094350371,
1961,0.147750098,0.072264422,0.12270654,0.103793681,
1962,0.004474598,0.08508606,0.108476884,0.076979361,
1963,0,0.075779329,0.104749111,0.086846932,
1964,0,0.059667752,0.087949691,0.083807002,
1965,0,0.054035371,0.070128987,0.079944391,
1966,0,0.05315727,0.05876387,0.078025575,
1967,0,0.057312442,0.058315525,0.087054638,
1968,0,0.056879151,0.064990663,0.098938669,
1969,0,0.055914564,0.071602883,0.109200376,
1970,0,0.055424235,0.069572924,0.116627074,
1971,0,0.058550105,0.072281343,0.118612973,
1972,0,0.059154612,0.07199501,0.105211086,
1973,0,0.057956626,0.070127742,0.094526185,
1974,0,0.050120724,0.054598118,0.07306011,
1975,0.110510874,0.050159305,0.036904569,0.058216583,
1976,0.301420688,0.04076449,0.031647539,0.052707382,
1977,0.473437487,0.046588159,0.036567199,0.051262387,
1978,0.587780674,0.055867053,0.048239831,0.057544832,
1979,0.657353382,0.073842488,0.07120016,0.068815554,
1980,0.68379864,0.111514945,0.102036442,0.076451165,
1981,0.637650401,0.195722676,0.13398421,0.080429907,
1982,0.559736229,0.280451706,0.15488349,0.08292233,
1983,0.418431449,0.315409566,0.171031554,0.089392775,
1984,0.292458146,0.292787255,0.195442189,0.099076563,
1985,0.13896654,0.246961781,0.22229432,0.11244691,
1986,0.005722905,0.22731104,0.160283007,0.075259949,
1987,0,0.21523493,0.159825845,0.07311525,
1988,0,0.188133304,0.145292837,0.064649061,
1989,0,0.16610122,0.130308059,0.058958823,
1990,0,0.137017686,0.116089955,0.065097876,
1991,0,0.110169814,0.101815833,0.075522892,
1992,0,0.087508525,0.084870715,0.081889832,
1993,0,0.07352235,0.065552365,0.073020553,
1994,0,0.060180297,0.050881094,0.060944574,
1995,0,0.050660411,0.040542993,0.052484948,
1996,0,0.041058007,0.031747532,0.044704244,
1997,0,0.036803428,0.026825864,0.038382568,
1998,0,0.031921545,0.02177072,0.021010254,
1999,0.074644559,0.024377354,0.015548514,0.020542633,
2000,0.203772832,0.021207024,0.017034046,0.029498219,
2001,0.376636094,0.026328107,0.021787334,0.042823481,
2002,0.527182121,0.042946638,0.033852203,0.061141637,
2003,0.627790112,0.084352907,0.048756663,0.079817037,
2004,0.675628922,0.131720926,0.06993017,0.099015357,
2005,0.654128169,0.177487409,0.103934713,0.119273672,
2006,0.590692868,0.207718187,0.13304838,0.132408006,
2007,0.479382828,0.229223993,0.157835465,0.142894135,
2008,0.326475017,0.222462263,0.173331727,0.154649063,
2009,0.144041196,0.213490275,0.170692679,0.161376029,
2010,0.004896305,0.155007001,0.116610358,0.110666251,
2011,0,0.13540312,0.114376682,0.118757639,
2012,0,0.12202184,0.111358501,0.124929596,
2013,0,0.114910475,0.102328653,0.125279566,
2014,0,0.107056076,0.090386163,0.117428924,
2015,0,0.103251466,0.085546001,0.108131249,
2016,0,0.098146687,0.081590381,0.10279116,
2017,0,0.091846484,0.07360627,0.090794514,
2018,0,0.083968372,0.068293619,0.083875539,
2019,0,0.074791152,0.067418935,0.089397106,
2020,0,0.068327582,0.06215857,0.091604041,
2021,0,0.065197418,0.055075915,0.085503134,
2022,0,0.051318568,0.037650049,0.045071406,
2023,0.071543251,0.042306313,0.031587169,0.044192826,
2024,0.189457929,0.029148411,0.030949857,0.044832451,
2025,0.332974096,0.026766427,0.028758545,0.053450937,
2026,0.472855323,0.027916376,0.031658359,0.066612525,
2027,0.568620237,0.040285602,0.035764406,0.079209291,
2028,0.636492911,0.058775854,0.0460778,0.088354202,
2029,0.636645316,0.079069074,0.05998823,0.092240893,
2030,0.581944172,0.098303819,0.079354916,0.102067466,
2031,0.478187053,0.109093901,0.101756528,0.112861598,
2032,0.327098939,0.105663679,0.119435627,0.123274787,
2033,0.146201096,0.098091399,0.128247983,0.1358947,
2034,0.006535695,0.081035478,0.127300372,0.099552387,
2035,0,0.066771397,0.115404216,0.106455802,
2036,0,0.05992849,0.114614172,0.116362146,
2037,0,0.061465966,0.11244367,0.125385531,
2038,0,0.069009657,0.128872103,0.150486152,
2039,0,0.069521027,0.141166842,0.167925149,
2040,0,0.066839186,0.134710978,0.172235975,
2041,0,0.06478334,0.111929325,0.163267082,
2042,0,0.062822914,0.093518884,0.147981931,
2043,0,0.05889504,0.076652059,0.123601312,
2044,0,0.053029053,0.06527569,0.101432017,
2045,0,0.050536059,0.066568854,0.099623731,
2046,0,0.027060199,0.047131171,0.062607387,
2047,0.110297992,0.030929314,0.064018888,0.091880921,
2048,0.286261804,0.023149807,0.076194775,0.129671334,
2049,0.452228089,0.030536807,0.086616008,0.150574326,
2050,0.561367011,0.053332363,0.110814814,0.175404171,
2051,0.625314531,0.098918382,0.165348325,0.231803386,
2052,0.641932603,0.149835598,0.250789446,0.311377292,
2053,0.614567518,0.201852813,0.352332301,0.381280036,
2054,0.531375856,0.253708776,0.435736651,0.416959124,
2055,0.453373799,0.280462549,0.472453942,0.436731959,
2056,0.307286579,0.248528637,0.479972294,0.448487232,
2057,0.137795779,0.218452462,0.461802232,0.450665627,
2058,0.006372063,0.1467203,0.290877752,0.326689437,
2059,0,0.148258588,0.288334912,0.358390802,
2060,0,0.143130141,0.295464018,0.39156563,
2061,0,0.13338594,0.307515687,0.41211168,
2062,0,0.131976791,0.327195971,0.432712423,
2063,0,0.130988354,0.352290245,0.461515008,
2064,0,0.133983741,0.383575909,0.494347197,
2065,0,0.137691238,0.403510689,0.516915065,
2066,0,0.142090293,0.413822398,0.529657452,
2067,0,0.151363033,0.417554975,0.524948928,
2068,0,0.163956302,0.420454155,0.505227938,
2069,0,0.181906214,0.425082603,0.485680544,
2070,0,0.118989766,0.334817019,0.422570605,
2071,0.118089956,0.138923463,0.338885948,0.41873279,
2072,0.300575769,0.134584333,0.325427904,0.420607543,
2073,0.463855668,0.214345561,0.31449646,0.415330359,
2074,0.571201887,0.27912661,0.329290176,0.419029927,
2075,0.638127605,0.324264509,0.36331685,0.435105167,
2076,0.6527383,0.353558045,0.405807029,0.454083376,
2077,0.635284098,0.360517393,0.417093296,0.460463396,
2078,0.564000911,0.36247235,0.410029808,0.453544911,
2079,0.462146803,0.339511227,0.377911681,0.413503506,
2080,0.314226158,0.299451519,0.356909044,0.367069246,
2081,0.138224921,0.277376104,0.353315288,0.338798517,
2082,0.005504081,0.150981913,0.267539098,0.242904402,
2083,0,0.126666775,0.283966763,0.25965473,
2084,0,0.109387021,0.281954651,0.279307989,
2085,0,0.098984854,0.28679162,0.293102062,
2086,0,0.079261214,0.28218029,0.291177476,
2087,0,0.06510639,0.24628067,0.268959811,
2088,0,0.056274318,0.198897711,0.239790097,
2089,0,0.048665177,0.161329003,0.216137762,
2090,0,0.042855506,0.124251211,0.185244428,
2091,0,0.036261724,0.095185176,0.148457355,
2092,0,0.030482876,0.075304414,0.119417299,
2093,0,0.026704795,0.063521572,0.094853674,
2094,0,0.028204902,0.04647515,0.0518699,
2095,0.054087614,0.023974389,0.036638621,0.043025148,
2096,0.155651657,0.019429141,0.029042193,0.034385037,
2097,0.250949518,0.018915016,0.025437298,0.032036573,
2098,0.324109687,0.020687327,0.023917926,0.025165805,
2099,0.372381467,0.020124224,0.025327647,0.018958718,
2100,0.414870497,0.022622812,0.025902394,0.023054192,
2101,0.470713534,0.025488176,0.029185746,0.033009837,
2102,0.449889965,0.0279292,0.029548602,0.042277243,
2103,0.410351707,0.036703726,0.040045395,0.057663199,
2104,0.27784528,0.039677395,0.049620837,0.077775212,
2105,0.120023615,0.053731042,0.065344277,0.107795157,
2106,0.003323713,0.054014298,0.06514158,0.125679039,
2107,0,0.060652509,0.091321646,0.163041456,
2108,0,0.062553306,0.119504725,0.169696904,
2109,0,0.055697951,0.13486032,0.143541907,
2110,0,0.056435875,0.145766216,0.121487384,
2111,0,0.060303563,0.145110125,0.109790099,
2112,0,0.073288579,0.149112373,0.107212802,
2113,0,0.084430216,0.166021375,0.109114357,
2114,0,0.092454944,0.190868105,0.115845698,
2115,0,0.093551668,0.219926715,0.122803143,
2116,0,0.111632794,0.279039322,0.147344215,
2117,0,0.124698092,0.34159533,0.18847342,
2118,0,0.097877265,0.253181871,0.166849904,
2119,0.082167602,0.110158731,0.302263874,0.189064515,
2120,0.223777779,0.129994791,0.322839347,0.207323751,
2121,0.345391654,0.140693897,0.328941156,0.226925611,
2122,0.44362285,0.130802531,0.323417769,0.230933697,
2123,0.549313967,0.112660916,0.317500474,0.228458892,
2124,0.591587071,0.086981506,0.307941557,0.224188596,
2125,0.563868394,0.077628038,0.307962802,0.225785564,
2126,0.529115353,0.078147724,0.308087751,0.227004987,
2127,0.461252632,0.088324337,0.319845978,0.242960904,
2128,0.317465161,0.099704286,0.33400679,0.2600511,
2129,0.141847904,0.108526208,0.338245084,0.271434704,
2130,0.006444004,0.077281132,0.235020615,0.185522943,
2131,0,0.069929386,0.224803987,0.187198772,
2132,0,0.059926803,0.202479268,0.182186467,
2133,0,0.052580808,0.182895601,0.181741019,
2134,0,0.048700321,0.168146831,0.184932298,
2135,0,0.046020573,0.16243025,0.196012293,
2136,0,0.04276441,0.162754889,0.215409449,
2137,0,0.040989193,0.164938918,0.240627447,
2138,0,0.037155369,0.169210559,0.263311542,
2139,0,0.032997349,0.17331719,0.295376497,
2140,0,0.02816977,0.174642796,0.320608464,
2141,0,0.024936335,0.174423147,0.326694614,
2142,0,0.020150004,0.115507995,0.224214567,
2143,0.112510167,0.020838508,0.121188944,0.238278984,
2144,0.282337962,0.018043896,0.122469306,0.254879558,
2145,0.445832697,0.02527194,0.125197555,0.263231211,
2146,0.561118411,0.041900696,0.131007987,0.270927657,
2147,0.635069218,0.068013343,0.133987373,0.262649156,
2148,0.661147728,0.091202493,0.136304804,0.25227412,
2149,0.635441997,0.119268507,0.143965145,0.243745414,
2150,0.571238231,0.147279276,0.152193028,0.23673055,
2151,0.468268902,0.16177784,0.156798077,0.23291624,
2152,0.320181313,0.161165503,0.162628876,0.238295476,
2153,0.144737418,0.164692647,0.168608419,0.248330403,
2154,0.007820744,0.111780549,0.084268599,0.13154243,
2155,0,0.097733224,0.105597521,0.154002866,
2156,0,0.085740757,0.116774475,0.182083567,
2157,0,0.083300108,0.14424702,0.227781441,
2158,0,0.07476229,0.171144885,0.277376397,
2159,0,0.063271787,0.186603234,0.317338759,
2160,0,0.057968672,0.192314539,0.350566336,
2161,0,0.058156194,0.193987916,0.370431581,
2162,0,0.056733038,0.194725657,0.377719034,
2163,0,0.051241535,0.185526296,0.363843274,
2164,0,0.044627904,0.175102048,0.349284204,
2165,0,0.037547669,0.15779889,0.319428886,
2166,0,0.022615434,0.098656483,0.287692869,
2167,0.066534756,0.018183761,0.098932839,0.277524251,
2168,0.149260217,0.013690016,0.103854874,0.273878082,
2169,0.221536287,0.013637061,0.102396773,0.269959616,
2170,0.273759929,0.042788322,0.116347652,0.277426824,
2171,0.313184142,0.080220923,0.157981051,0.305652446,
2172,0.30906148,0.102973363,0.191975889,0.314689277,
2173,0.264453731,0.135720183,0.221615647,0.328899849,
2174,0.274534782,0.171755803,0.254536902,0.349380922,
2175,0.244464045,0.178127863,0.293348804,0.365025094,
2176,0.190110694,0.158377932,0.325952283,0.387978717,
2177,0.093797201,0.140972332,0.348184559,0.412568362,
2178,0.001853224,0.075530432,0.26604433,0.33005936,
2179,0,0.067459423,0.284016537,0.367894657,
2180,0,0.064394892,0.302204463,0.419009039,
2181,0,0.067557465,0.307811095,0.433289524,
2182,0,0.071787477,0.309422503,0.448263726,
2183,0,0.072576364,0.294678994,0.452975363,
2184,0,0.073509274,0.285919403,0.460260079,
2185,0,0.066465616,0.271339976,0.462826941,
2186,0,0.058201838,0.260062909,0.465577444,
2187,0,0.050105686,0.273401731,0.487355285,
2188,0,0.045623019,0.296968801,0.487943407,
2189,0,0.043367021,0.304338861,0.467779912,
2190,0,0.024939651,0.231088322,0.33921613,
2191,0.108494385,0.024439924,0.24572989,0.364000676,
2192,0.269540324,0.023651483,0.240854741,0.405398212,
2193,0.425081964,0.067141486,0.248272234,0.442916138,
2194,0.515519401,0.100861765,0.26705056,0.472366213,
2195,0.564459748,0.124744779,0.293102455,0.513145347,
2196,0.576457003,0.137719551,0.316181397,0.548542378,
2197,0.531158794,0.155434466,0.353714411,0.585754297,
2198,0.476885447,0.173758939,0.394813579,0.612276027,
2199,0.42597208,0.192625069,0.435104755,0.635575314,
2200,0.28648851,0.201941294,0.466655597,0.653709095,
2201,0.133144393,0.19715834,0.489907725,0.66168426,
2202,0.007442274,0.154316695,0.357680021,0.531596729,
2203,0,0.157428513,0.382074929,0.534511468,
2204,0,0.149179321,0.390593351,0.541028463,
2205,0,0.134342738,0.407902668,0.568969496,
2206,0,0.123539464,0.420052492,0.590449752,
2207,0,0.125046117,0.424438668,0.612036201,
2208,0,0.128652524,0.405249951,0.614955218,
2209,0,0.124091151,0.371093526,0.596550829,
2210,0,0.116125628,0.338524338,0.576566776,
2211,0,0.103837288,0.301201455,0.541994775,
2212,0,0.087281709,0.270850663,0.509550358,
2213,0,0.074488547,0.260601515,0.500967665,
2214,8.05E-05,0.033074973,0.125376551,0.321794698,
2215,0.09261878,0.030022363,0.124508615,0.308693053,
2216,0.21699331,0.027086991,0.131370983,0.317000839,
2217,0.363192327,0.041398098,0.154933306,0.356072677,
2218,0.450421106,0.0505205,0.177598131,0.396012151,
2219,0.500883136,0.063468175,0.210294652,0.427997632,
2220,0.480759446,0.091247603,0.244691639,0.439766876,
2221,0.418974262,0.120982114,0.26817717,0.435182343,
2222,0.377042748,0.136699854,0.277988765,0.424496435,
2223,0.336818564,0.13592899,0.28151161,0.430264634,
2224,0.237843423,0.123174135,0.28071603,0.435966422,
2225,0.103822626,0.110124099,0.299000317,0.460453453,
2226,0.006017963,0.10844018,0.276292617,0.425087696,
2227,0,0.092896666,0.290306137,0.425262282,
2228,0,0.091730898,0.292301162,0.42233965,
2229,0,0.084678219,0.27303069,0.4093192,
2230,0,0.063991059,0.242346267,0.399708591,
2231,0,0.054172474,0.219810234,0.404074815,
2232,0,0.051777854,0.221456369,0.424963991,
2233,0,0.055015169,0.243299997,0.471685081,
2234,0,0.06210194,0.283205786,0.516470498,
2235,0,0.07847342,0.318161975,0.528246759,
2236,0,0.104746609,0.345193066,0.543755479,
2237,0,0.127234415,0.366726841,0.578159102,
2238,0,0.152330574,0.351559713,0.52336866,
2239,0.021571518,0.175782892,0.360635705,0.500257668,
2240,0.066199162,0.164847067,0.328662271,0.458539622,
2241,0.12069426,0.192109743,0.271297649,0.414770417,
2242,0.169404871,0.213673053,0.242776929,0.370462761,
2243,0.21786667,0.199342208,0.263963387,0.349332634,
2244,0.253151597,0.191734663,0.303418186,0.359860755,
2245,0.267805297,0.188726065,0.315798603,0.340554382,
2246,0.265453147,0.183962195,0.294750452,0.321164991,
2247,0.153261622,0.173811746,0.281210636,0.293109353,
2248,0.101801925,0.176713771,0.287898122,0.266538868,
2249,0.05582645,0.189904546,0.318144158,0.250054894,
2250,0.001124475,0.113699056,0.234456707,0.185747079,
2251,0,0.147249562,0.287159051,0.19842274,
2252,0,0.172293092,0.359392592,0.224411567,
2253,0,0.163446643,0.429030735,0.242189204,
2254,0,0.169196368,0.505640021,0.282624175,
2255,0,0.180415781,0.562608079,0.341998571,
2256,0,0.183167415,0.566560966,0.360728994,
2257,0,0.180469542,0.556492673,0.392371885,
2258,0,0.183178922,0.566297358,0.426936701,
2259,0,0.20018011,0.579014987,0.43758387,
2260,0,0.225369705,0.578644618,0.429717237,
2261,0,0.23806504,0.578750713,0.42008348,
2262,0,0.16257145,0.445922257,0.283266059,
2263,0.006945265,0.207194379,0.469912817,0.296242076,
2264,0.035471762,0.251651858,0.500185482,0.325927748,
2265,0.061519221,0.267823903,0.535219531,0.357988726,
2266,0.075288985,0.267819279,0.530054579,0.359302931,
2267,0.119404174,0.248915924,0.517711579,0.341926519,
2268,0.144064404,0.224746099,0.481041427,0.296528744,
2269,0.131495474,0.197998751,0.447734891,0.271125511,
2270,0.094711786,0.17540971,0.419998473,0.250586969,
2271,0.063290542,0.150149067,0.391965177,0.229687084,
2272,0.045990298,0.12317218,0.360291538,0.201775039,
2273,0.008850826,0.094919052,0.315071726,0.165752885,
2274,0,0.06899081,0.245635839,0.136068351,
2275,0,0.057847359,0.218685888,0.133852321,
2276,0,0.047525385,0.180999209,0.151972385,
2277,0,0.037681177,0.129075046,0.184374409,
2278,0,0.03024308,0.106813808,0.241027825,
2279,0,0.017314467,0.149903314,0.374446588,
2280,0,0.015104926,0.281291513,0.567636499,
2281,0,0.023485937,0.418261735,0.703138598,
2282,0,0.04561175,0.48377065,0.712730164,
2283,0,0.077789158,0.504488349,0.751796083,
2284,0,0.11356647,0.596642446,0.806056525,
2285,0,0.147381906,0.703783999,0.78456629,
2286,0,0.154370796,0.707608879,0.750232304,
2287,0.023895879,0.186740624,0.67729269,0.764478283,
2288,0.104981953,0.181112985,0.612776881,0.751777096,
2289,0.234034763,0.167514219,0.616498482,0.773407638,
2290,0.349654222,0.196193943,0.624846557,0.783375811,
2291,0.514338145,0.250725345,0.64298228,0.824719594,
2292,0.61519451,0.335928874,0.668755093,0.846567837,
2293,0.632276586,0.482642736,0.729779682,0.868686141,
2294,0.58374485,0.602982556,0.77746875,0.88165483,
2295,0.376778322,0.698422548,0.812032928,0.883716995,
2296,0.272102051,0.763951989,0.82462068,0.88293036,
2297,0.12460843,0.763959809,0.845651744,0.882510261,
2298,0.008828691,0.467403509,0.819542071,0.863181305,
2299,0,0.546721253,0.860712431,0.861429316,
2300,0,0.563515461,0.866272614,0.860195158,
2301,0,0.573403736,0.868479929,0.870850923,
2302,0,0.605209779,0.874519869,0.883923953,
2303,0,0.611191574,0.875589321,0.885463307,
2304,0,0.629764364,0.874509955,0.8851522,
2305,0,0.634662873,0.872649589,0.88486492,
2306,0,0.621507437,0.873144504,0.885118466,
2307,0,0.601199396,0.874382483,0.885250319,
2308,0,0.608620109,0.874188189,0.885327144,
2309,0,0.575753538,0.872348184,0.885401369,
2310,0.003624266,0.293653643,0.810968906,0.883732434,
2311,0.145542246,0.462107044,0.836285607,0.883738782,
2312,0.332668281,0.619276667,0.844653516,0.880923659,
2313,0.482051067,0.744154596,0.844093921,0.871373998,
2314,0.586980895,0.818965728,0.851495611,0.871000954,
2315,0.643810352,0.849617906,0.86469243,0.868272245,
2316,0.649916799,0.896720654,0.871216139,0.861269896,
2317,0.61715571,0.925985707,0.872304789,0.860428421,
2318,0.53939914,0.924471324,0.872512421,0.859952459,
2319,0.451861984,0.907653309,0.868785873,0.856750672,
2320,0.323016466,0.850844858,0.862875251,0.85172172,
2321,0.158734876,0.686311672,0.84161317,0.83019291,
2322,0.013034712,0.432275903,0.673390869,0.741096107,
2323,0,0.43319473,0.610051974,0.631764407,
2324,0,0.423380611,0.584344208,0.539663501,
2325,0,0.38137322,0.582108397,0.470338396,
2326,0,0.370833811,0.573646536,0.432369713,
2327,0,0.357499295,0.538095164,0.400029052,
2328,0,0.33291795,0.492538969,0.384495185,
2329,0,0.298220224,0.449442692,0.378531096,
2330,0,0.26251813,0.403164561,0.363385269,
2331,0,0.234858051,0.334884076,0.334982421,
2332,0,0.195398319,0.255559034,0.313472726,
2333,0,0.157061202,0.191525686,0.300612545,
2334,0.004757887,0.069686589,0.078835719,0.218416921,
2335,0.155026095,0.050647549,0.100094593,0.289794428,
2336,0.343755962,0.066047333,0.160902296,0.397296359,
2337,0.497955132,0.099238252,0.229983755,0.492670718,
2338,0.592760272,0.128760716,0.342903869,0.629535502,
2339,0.626102413,0.169728712,0.489895871,0.719544775,
2340,0.589168886,0.23181759,0.592256852,0.767085218,
2341,0.504255499,0.34456154,0.686478409,0.802994734,
2342,0.413925719,0.46337164,0.73182135,0.808311137,
2343,0.279310395,0.525639221,0.758807849,0.818324427,
2344,0.161077455,0.439532218,0.784611065,0.823149478,
2345,0.081123776,0.413582023,0.793116384,0.809926138,
2346,0.00358132,0.279517741,0.670692505,0.722908289,
2347,0,0.293138211,0.679861914,0.708870556,
2348,0,0.300999909,0.669691381,0.701579642,
2349,0,0.295734144,0.622457642,0.670422552,
2350,0,0.272470096,0.565014357,0.623827938,
2351,0,0.227064279,0.501124674,0.56529396,
2352,0,0.176657605,0.449472228,0.519660132,
2353,0,0.131269849,0.412347196,0.485806549,
2354,0,0.092860675,0.36695275,0.448932035,
2355,0,0.060339863,0.309148765,0.402809571,
2356,0,0.037604948,0.240213964,0.33966852,
2357,0,0.023649112,0.170997238,0.272275122,
2358,0.005406824,0.009794642,0.091426982,0.177280396,
2359,0.134313383,0.00535715,0.062134059,0.126347549,
2360,0.30752033,0.004388097,0.049200036,0.099308847,
2361,0.480366333,0.008530656,0.039853045,0.080603182,
2362,0.600518352,0.015873226,0.023753875,0.064457652,
2363,0.671911864,0.021556964,0.018705702,0.066636382,
2364,0.697360324,0.03004202,0.02045888,0.084533521,
2365,0.668932737,0.03612364,0.023302702,0.101836529,
2366,0.599413298,0.035536506,0.02736504,0.126410572,
2367,0.481893817,0.031877712,0.03826718,0.141361681,
2368,0.330970235,0.023937604,0.04484005,0.160728846,
2369,0.156909278,0.021375146,0.058803766,0.193193302,
2370,0.01289406,0.016313218,0.064106725,0.177645709,
2371,0,0.01676381,0.103841696,0.234463296,
2372,0,0.022645533,0.14016385,0.310615512,
2373,0,0.034515826,0.178463425,0.408760046,
2374,0,0.041008437,0.221388093,0.507513109,
2375,0,0.047692603,0.297538299,0.631741059,
2376,0,0.056342619,0.403790073,0.738588154,
2377,0,0.07122107,0.483699248,0.780018693,
2378,0,0.094185049,0.535486276,0.800877219,
2379,0,0.107215539,0.562811299,0.808241185,
2380,0,0.121805573,0.588543906,0.8171151,
2381,0,0.143311784,0.615815389,0.825998697,
2382,0.009075035,0.11097146,0.586569636,0.818365348,
2383,0.13973398,0.130833994,0.614096371,0.821066363,
2384,0.283685289,0.13147177,0.64220172,0.828345845,
2385,0.412706964,0.210415383,0.686232543,0.83994777,
2386,0.520183831,0.369639969,0.73551826,0.852145359,
2387,0.616093601,0.526473755,0.782213105,0.865758558,
2388,0.648100062,0.67990903,0.828053464,0.877817186,
2389,0.620211628,0.803992636,0.853382849,0.881589872,
2390,0.53511861,0.864207725,0.868595002,0.884462499,
2391,0.364938576,0.878230811,0.872680024,0.885471275,
2392,0.239581595,0.812944165,0.874309339,0.8855,
2393,0.103469376,0.860256478,0.879131034,0.8855,
2394,0.008580663,0.666896988,0.834187639,0.88289215,
2395,0,0.793525712,0.872272511,0.8855,
2396,0,0.882251268,0.88257468,0.8855,
2397,0,0.906065485,0.883596326,0.885403414,
2398,0,0.916099235,0.883320466,0.885129558,
2399,0,0.910337174,0.882893716,0.884364435,
2400,0,0.87828975,0.879687954,0.883544689,
2401,0,0.825226155,0.860596428,0.882925775,
2402,0,0.729143562,0.816715045,0.872957225,
2403,0,0.620949441,0.727489928,0.812609728,
2404,0,0.528314179,0.61623178,0.720526087,
2405,0,0.43745918,0.501480933,0.602561473,
2406,0.00286638,0.35683209,0.378015807,0.405401686,
2407,0.120181765,0.290731621,0.320392556,0.313658069,
2408,0.287730844,0.26168394,0.263271777,0.266092622,
2409,0.459153927,0.256895938,0.22736721,0.265864957,
2410,0.578221296,0.28722498,0.236205718,0.284656764,
2411,0.649402783,0.332875672,0.243107941,0.289231886,
2412,0.670588044,0.367756528,0.278405193,0.309655104,
2413,0.650388436,0.405269929,0.317697791,0.327065046,
2414,0.589207665,0.426482167,0.349706271,0.354120536,
2415,0.484216259,0.435588928,0.380892796,0.353745325,
2416,0.335312677,0.423944417,0.393112401,0.346689907,
2417,0.157478037,0.35725158,0.38690649,0.332163226,
2418,0.014395399,0.177369624,0.266188911,0.275517554,
2419,0,0.193066619,0.28841397,0.253113113,
2420,0,0.185131876,0.276202589,0.254535757,
2421,0,0.163604343,0.236282454,0.279052345,
2422,0,0.143310092,0.204072258,0.337839802,
2423,0,0.123958716,0.200441106,0.408595478,
2424,0,0.103678397,0.183627004,0.446354632,
2425,0,0.094430673,0.154952592,0.45600375,
2426,0,0.090891035,0.141237477,0.461388152,
2427,0,0.083549899,0.152925221,0.488194908,
2428,0,0.076316453,0.11579255,0.450679051,
2429,0,0.082700196,0.101085139,0.391991477,
2430,0.013112772,0.049787884,0.079963095,0.351201126,
2431,0.150129181,0.049788365,0.066798664,0.279506303,
2432,0.326748364,0.058960169,0.060637295,0.249967121,
2433,0.472521434,0.116809501,0.044355164,0.237817024,
2434,0.569522563,0.184049302,0.031623468,0.236618107,
2435,0.625593639,0.249753293,0.035844194,0.256670333,
2436,0.644780178,0.331101226,0.057561919,0.279227821,
2437,0.620257495,0.400420581,0.108589443,0.303399938,
2438,0.549725279,0.469069992,0.192600919,0.336328817,
2439,0.430617102,0.463240777,0.252140377,0.370390672,
2440,0.294282101,0.36507739,0.283834887,0.427713277,
2441,0.138460056,0.286256803,0.30711888,0.465719607,
2442,0.014207301,0.091292208,0.342203606,0.501191944,
2443,0,0.093614587,0.310442214,0.485273391,
2444,0,0.106524937,0.322385999,0.489142518,
2445,0,0.07270588,0.284388846,0.485680026,
2446,0,0.060101004,0.270474752,0.49945209,
2447,0,0.055734276,0.277128346,0.509742753,
2448,0,0.054030547,0.275026503,0.494662522,
2449,0,0.05861021,0.262012467,0.467638898,
2450,0,0.061832502,0.260027138,0.436343295,
2451,0,0.051580698,0.26290967,0.444908118,
2452,0,0.041806788,0.278928526,0.474549744,
2453,0,0.047723194,0.298460713,0.509076335,
2454,0.011060612,0.037263317,0.214647095,0.466691605,
2455,0.101574232,0.056822258,0.348670323,0.579757407,
2456,0.212963838,0.075005972,0.421698682,0.646895959,
2457,0.327744843,0.138901028,0.482892319,0.682166532,
2458,0.397550448,0.189569885,0.51061647,0.667927977,
2459,0.43433264,0.206327572,0.489985445,0.630175116,
2460,0.478025656,0.210847286,0.477505593,0.629971086,
2461,0.413345832,0.220152483,0.482024012,0.644357596,
2462,0.284998023,0.229563891,0.475705061,0.63074465,
2463,0.213103412,0.2299486,0.463934285,0.614018139,
2464,0.17072403,0.221270978,0.46641195,0.61072287,
2465,0.081898812,0.251892401,0.497874183,0.611516258,
2466,0.00181287,0.138716915,0.37820139,0.515064128,
2467,0,0.179283086,0.420580718,0.522547858,
2468,0,0.234137872,0.488342109,0.536198459,
2469,0,0.279765704,0.518855106,0.54050686,
2470,0,0.264073476,0.554764924,0.56189032,
2471,0,0.244928647,0.585636555,0.591836421,
2472,0,0.224758347,0.60608577,0.617337109,
2473,0,0.218615178,0.572175476,0.59685598,
2474,0,0.210100642,0.500438918,0.571828642,
2475,0,0.194465999,0.438272614,0.565088141,
2476,0,0.169197383,0.43583371,0.592438656,
2477,0,0.16695492,0.479534905,0.621750141,
2478,0,0.141894608,0.45670786,0.640955269,
2479,0.003051051,0.161199573,0.470791954,0.624749193,
2480,0.025800751,0.158111791,0.42333692,0.609262803,
2481,0.030096111,0.129785146,0.40192053,0.607817756,
2482,0.053669454,0.096788259,0.389794542,0.626537418,
2483,0.048853956,0.06501503,0.478866466,0.677024392,
2484,0.065929666,0.067794836,0.529457656,0.681812927,
2485,0.067498518,0.076369306,0.532517151,0.731757989,
2486,0.085766806,0.06996852,0.584828789,0.806513433,
2487,0.105915161,0.090802493,0.648219546,0.821176206,
2488,0.08624911,0.142277579,0.692950893,0.846160121,
2489,0.048036947,0.176514167,0.707845067,0.853267276,
2490,0.003667561,0.146293974,0.658153094,0.804833854,
2491,0,0.201591165,0.687556229,0.755842696,
2492,0,0.22846859,0.642875539,0.669729854,
2493,0,0.230929638,0.59006412,0.616762682,
2494,0,0.240408279,0.569383211,0.608940665,
2495,0,0.246243207,0.568775005,0.638786109,
2496,0,0.24566511,0.549293144,0.669316088,
2497,0,0.256560091,0.560055459,0.705420923,
2498,0,0.260334552,0.556650753,0.737297697,
2499,0,0.245649094,0.54487984,0.779971301,
2500,0,0.233898573,0.559160728,0.789663791,
2501,0,0.21507435,0.543461417,0.744670337,
2502,0.014919219,0.071620419,0.3621307,0.620663449,
2503,0.149589754,0.069612164,0.315913177,0.549480616,
2504,0.318100911,0.102327677,0.293688645,0.496640202,
2505,0.477878033,0.17263124,0.278785271,0.46110058,
2506,0.584284494,0.197883371,0.262660486,0.422989765,
2507,0.62590686,0.195985638,0.293550362,0.449550919,
2508,0.649858199,0.218137323,0.378008902,0.523015548,
2509,0.611233931,0.267675181,0.494307243,0.608919657,
2510,0.556323011,0.31989422,0.612952677,0.669213554,
2511,0.416689818,0.36861139,0.691439432,0.703490659,
2512,0.278833723,0.33432039,0.709445457,0.713600421,
2513,0.143127796,0.274210507,0.707530357,0.710322522,
2514,0.016213136,0.152860802,0.645972753,0.679248022,
2515,0,0.17650021,0.660773845,0.672124677,
2516,0,0.171493884,0.615681838,0.64455641,
2517,0,0.14869106,0.570965955,0.645007681,
2518,0,0.13407578,0.520325011,0.628749453,
2519,0,0.117464334,0.464134887,0.576240102,
2520,0,0.104543108,0.407168892,0.509491826,
2521,0,0.090616626,0.348400057,0.448946037,
2522,0,0.075602832,0.295818128,0.383512904,
2523,0,0.065917829,0.256233117,0.343036106,
2524,0,0.055245611,0.21768686,0.313095421,
2525,0,0.045215323,0.173775909,0.274126451,
2526,0.01913347,0.037032881,0.108653805,0.190685437,
2527,0.165528973,0.028518117,0.105393109,0.168597807,
2528,0.345338436,0.033881532,0.110557405,0.153580279,
2529,0.502238782,0.033678839,0.102760713,0.149804959,
2530,0.598055426,0.025282379,0.084747659,0.144402253,
2531,0.653405662,0.017415219,0.069477324,0.13958096,
2532,0.659742523,0.018345965,0.058945611,0.130567545,
2533,0.625902937,0.022563312,0.06398209,0.12613953,
2534,0.53529071,0.025085906,0.086365263,0.125949527,
2535,0.428156087,0.035782419,0.121552172,0.125714237,
2536,0.270345937,0.044528669,0.142975578,0.127895846,
2537,0.122405327,0.049273702,0.148116561,0.120996965,
2538,0.018926389,0.0347873,0.122564966,0.098727949,
2539,0,0.035624728,0.101660666,0.08188865,
2540,0,0.030314326,0.085271164,0.075934905,
2541,0,0.03135898,0.069562589,0.061753366,
2542,0,0.025112278,0.056135775,0.051872197,
2543,0,0.020266097,0.046980472,0.047267959,
2544,0,0.017477014,0.037765963,0.041204567,
2545,0,0.016565756,0.034360499,0.049113623,
2546,0,0.013560463,0.03011719,0.052143454,
2547,0,0.011112448,0.035691225,0.054004344,
2548,0,0.011304862,0.041971006,0.046008479,
2549,0,0.010582444,0.050434095,0.040854937,
2550,0.018487833,0.006716918,0.049545419,0.039192029,
2551,0.111872643,0.005703562,0.051676295,0.044504169,
2552,0.264327201,0.005187587,0.047744773,0.04940823,
2553,0.410172402,0.003715816,0.037199483,0.05364353,
2554,0.522938275,0.002147107,0.023027639,0.047775843,
2555,0.592270306,0.003360862,0.014895027,0.04199828,
2556,0.585680359,0.007456781,0.014753722,0.040986832,
2557,0.531391025,0.017633496,0.022568981,0.048670318,
2558,0.452035405,0.029204378,0.035277036,0.062182428,
2559,0.418780416,0.040336251,0.054474565,0.070538558,
2560,0.301709094,0.051122403,0.065842507,0.069845873,
2561,0.15325041,0.065989061,0.065929424,0.062532763,
2562,0.018461059,0.077090484,0.08473427,0.066958709,
2563,0,0.071368248,0.073343605,0.053852317,
2564,0,0.047890043,0.049343905,0.035353155,
2565,0,0.025079015,0.0336479,0.025718311,
2566,0,0.01816242,0.029804485,0.025354389,
2567,0,0.016329816,0.026171407,0.020957142,
2568,0,0.01704894,0.025015652,0.020628604,
2569,0,0.017398857,0.021479269,0.022058894,
2570,0,0.018734135,0.018742265,0.024189342,
2571,0,0.020922458,0.016708766,0.027378171,
2572,0,0.022411849,0.014760199,0.029613494,
2573,0,0.022851903,0.013934628,0.028825999,
2574,0.021540624,0.011796972,0.016992722,0.02093286,
2575,0.167532814,0.009173168,0.009876457,0.017205791,
2576,0.348416161,0.006845364,0.005100531,0.018148966,
2577,0.50342057,0.011820687,0.003758316,0.018909547,
2578,0.602405931,0.012978028,0.003171198,0.020158978,
2579,0.665885751,0.014822531,0.008869768,0.027117767,
2580,0.686394739,0.023999007,0.025674651,0.047123439,
2581,0.659149268,0.034994335,0.057612138,0.069988575,
2582,0.591625766,0.049990512,0.090839908,0.096362265,
2583,0.479621503,0.062612972,0.116366706,0.130674014,
2584,0.333995691,0.069770295,0.130847669,0.161953199,
2585,0.16197471,0.081755006,0.139209008,0.175308005,
2586,0.019814323,0.105069602,0.120546274,0.117775274,
2587,0,0.078613506,0.106139053,0.120180695,
2588,0,0.054476732,0.08293554,0.122040448,
2589,0,0.0446978,0.066759196,0.126323552,
2590,0,0.04127876,0.056361599,0.131871577,
2591,0,0.041764836,0.056518337,0.144591731,
2592,0,0.044179149,0.076809912,0.181523045,
2593,0,0.04561956,0.099650818,0.210639031,
2594,0,0.046995289,0.110797921,0.20607075,
2595,0,0.045484343,0.097787716,0.170054332,
2596,0,0.044554993,0.085881628,0.155619856,
2597,0,0.049831384,0.094083125,0.169800529,
2598,0.023284481,0.028998443,0.05903219,0.104933429,
2599,0.171406208,0.022905911,0.060042934,0.107618401,
2600,0.349364547,0.023649018,0.06833387,0.123430057,
2601,0.500521986,0.04924726,0.083021118,0.14681952,
2602,0.594538894,0.090053654,0.099536292,0.163050198,
2603,0.655054279,0.145654643,0.127339691,0.178851042,
2604,0.672860365,0.195113275,0.167255019,0.196804999,
2605,0.643413638,0.228279876,0.211475379,0.219601844,
2606,0.577098454,0.253780376,0.245476285,0.227297447,
2607,0.470123697,0.274137956,0.28029352,0.235406181,
2608,0.325843226,0.256555835,0.284394341,0.227513749,
2609,0.156746336,0.246349077,0.271993204,0.212613535,
2610,0.019290191,0.15414395,0.186106971,0.120169164,
2611,0,0.148934282,0.177745361,0.128433711,
2612,0,0.132430945,0.162636696,0.141199693,
2613,0,0.10987965,0.141615954,0.154658741,
2614,0,0.080845663,0.10398165,0.144834616,
2615,0,0.05770487,0.065468987,0.120287211,
2616,0,0.039775025,0.041588214,0.0918755,
2617,0,0.023499946,0.029820914,0.072514444,
2618,0,0.012969113,0.020963664,0.062776825,
2619,0,0.008864471,0.015181291,0.062091905,
2620,0,0.006054036,0.016198844,0.066558839,
2621,0,0.004634574,0.019157431,0.078562643,
2622,0.023529953,0.001711458,0.008909001,0.06159939,
2623,0.16543592,0.000996912,0.012875506,0.082942907,
2624,0.33655194,6.28E-05,0.013425027,0.104787195,
2625,0.483643144,0,0.007865488,0.105689777,
2626,0.57607419,0,0.004583748,0.103004503,
2627,0.636302579,0.0018511,0.001593448,0.10558424,
2628,0.655775436,0.006543109,0.002056752,0.105427936,
2629,0.626342815,0.015346679,0.003653375,0.108250362,
2630,0.563075275,0.023368725,0.017453032,0.126132884,
2631,0.458160724,0.033022777,0.034611807,0.149443442,
2632,0.318182139,0.045873847,0.048823322,0.173043585,
2633,0.153538144,0.061930213,0.053821956,0.190158429,
2634,0.020155611,0.069713278,0.039937743,0.169390305,
2635,0,0.056505121,0.032276144,0.199847529,
2636,0,0.04368357,0.035003385,0.233764094,
2637,0,0.037244487,0.053074204,0.279532853,
2638,0,0.039022537,0.079019514,0.324860351,
2639,0,0.039421824,0.108567659,0.365721862,
2640,0,0.035656373,0.122090151,0.387292613,
2641,0,0.031334997,0.128268629,0.401953923,
2642,0,0.027431221,0.137304698,0.416428397,
2643,0,0.026944673,0.157076165,0.43182737,
2644,0,0.026750389,0.174951658,0.447144279,
2645,0,0.028096064,0.181717863,0.449940213,
2646,0.025295895,0.014038779,0.085436529,0.26547,
2647,0.170463413,0.014524353,0.089974935,0.298111958,
2648,0.341943447,0.011937876,0.121830652,0.362673193,
2649,0.489784563,0.021563358,0.153698144,0.416868058,
2650,0.58316958,0.04380817,0.177749648,0.460264436,
2651,0.641992356,0.074391791,0.196752641,0.510692964,
2652,0.660094333,0.104387449,0.22731791,0.562705175,
2653,0.632217532,0.136744069,0.256585873,0.596852319,
2654,0.564845893,0.164879463,0.293636711,0.636556898,
2655,0.457637649,0.172448042,0.326216343,0.656857692,
2656,0.316916992,0.157029535,0.341993668,0.656687873,
2657,0.151460806,0.153196724,0.334164563,0.64871568,
2658,0.023124105,0.125586462,0.198905358,0.49276168,
2659,0,0.115559038,0.204409968,0.498966987,
2660,0,0.090408489,0.199985291,0.499285459,
2661,0,0.072266597,0.209457818,0.512525347,
2662,0,0.062303486,0.219005074,0.526965954,
2663,0,0.054498521,0.220167099,0.545243409,
2664,0,0.0411623,0.214105537,0.568638731,
2665,0,0.031414132,0.244146532,0.597144712,
2666,0,0.030348746,0.270298758,0.608897101,
2667,0,0.033940299,0.28690746,0.614677925,
2668,0,0.037572547,0.313384595,0.635876849,
2669,0,0.041648629,0.350954044,0.676777976,
2670,0.01053782,0.073053558,0.327327745,0.685784033,
2671,0.076227166,0.089945984,0.401396257,0.728511824,
2672,0.150156622,0.099026521,0.466043851,0.760192141,
2673,0.245341584,0.118623217,0.489751397,0.774839666,
2674,0.223660507,0.14184892,0.510126926,0.796693701,
2675,0.247913721,0.16775944,0.543509705,0.823112793,
2676,0.242840598,0.19773688,0.587849247,0.837127384,
2677,0.189858721,0.233390977,0.611187178,0.834669973,
2678,0.197763752,0.274504968,0.640495763,0.811593282,
2679,0.143569179,0.304392035,0.669463296,0.801326132,
2680,0.093794851,0.316541186,0.690649392,0.802648595,
2681,0.039109231,0.355386706,0.740373789,0.825366757,
2682,0.001039612,0.352084509,0.762862418,0.838596459,
2683,0,0.416450796,0.785940036,0.849391834,
2684,0,0.461220404,0.801945175,0.860282161,
2685,0,0.458281886,0.823743134,0.876327725,
2686,0,0.467504209,0.843946485,0.882004314,
2687,0,0.497117868,0.852595229,0.881412914,
2688,0,0.51593093,0.85463793,0.881552597,
2689,0,0.534472761,0.85386315,0.881414955,
2690,0,0.569795905,0.852673449,0.882987324,
2691,0,0.599994848,0.85115216,0.882505906,
2692,0,0.61041329,0.850632471,0.880545638,
2693,0,0.604257032,0.850937145,0.872117142,
2694,0,0.446435309,0.818143182,0.820481924,
2695,0.011341147,0.538176818,0.827730622,0.768147654,
2696,0.029648632,0.587598664,0.819766285,0.7689254,
2697,0.044801054,0.632180857,0.817010994,0.795708117,
2698,0.047740417,0.653721127,0.829138361,0.799776146,
2699,0.067905219,0.612121994,0.830351866,0.796010187,
2700,0.064049757,0.572682595,0.817132866,0.790641052,
2701,0.070045474,0.518031288,0.796754747,0.767830573,
2702,0.059701643,0.502429026,0.779211048,0.745607459,
2703,0.053291284,0.496471204,0.759530609,0.731884242,
2704,0.02785412,0.490118928,0.754005425,0.716795592,
2705,0.007584614,0.483605028,0.760259705,0.697068251,
2706,0,0.373239501,0.724040942,0.668717484,
2707,0,0.440893652,0.70844795,0.61918956,
2708,0,0.476937792,0.709887951,0.611015877,
2709,0,0.475960245,0.725369396,0.621611334,
2710,0,0.458479749,0.735930497,0.628396126,
2711,0,0.429750721,0.724679516,0.611113165,
2712,0,0.388894192,0.701007763,0.598759771,
2713,0,0.35915404,0.688381576,0.599019546,
2714,0,0.343316495,0.669961501,0.61491625,
2715,0,0.348453856,0.647069156,0.639197966,
2716,0,0.355874009,0.632044861,0.678195103,
2717,0,0.381531642,0.63296566,0.71552278,
2718,0,0.243043235,0.469602219,0.649780233,
2719,0.003279927,0.337238033,0.502114912,0.677696587,
2720,0.022867186,0.354628483,0.476587585,0.668848437,
2721,0.045140369,0.342421731,0.423305286,0.64017607,
2722,0.071347954,0.359252697,0.422398801,0.648890938,
2723,0.128511013,0.333763254,0.425309078,0.654622543,
2724,0.155366575,0.334246495,0.439947499,0.687823804,
2725,0.16847919,0.330710931,0.472240588,0.715854185,
2726,0.148891292,0.307700494,0.494919472,0.723762574,
2727,0.118956439,0.299644162,0.516980289,0.725605869,
2728,0.074522757,0.293742014,0.516490305,0.711560641,
2729,0.034704661,0.275342393,0.494173448,0.689588546,
2730,0.00233526,0.187431877,0.316742221,0.559545395,
2731,0,0.206584581,0.363535636,0.571423446,
2732,0,0.206855951,0.400576602,0.587180182,
2733,0,0.198278629,0.414039603,0.593673757,
2734,0,0.183483908,0.427550684,0.575947517,
2735,0,0.164313032,0.423482125,0.546348389,
2736,0,0.15578757,0.420182286,0.546789382,
2737,0,0.150111161,0.357809437,0.500708341,
2738,0,0.151043287,0.304061285,0.451842927,
2739,0,0.150871686,0.267604978,0.401234787,
2740,0,0.143459563,0.221083001,0.340437204,
2741,0,0.128913088,0.214729732,0.322970412,
2742,0.02806883,0.087849757,0.180206858,0.295497638,
2743,0.167377708,0.061663973,0.151552968,0.290513845,
2744,0.337504852,0.05465895,0.124374436,0.248998478,
2745,0.486434645,0.049487203,0.090147907,0.200781011,
2746,0.57857346,0.045463468,0.06060403,0.167786964,
2747,0.640861931,0.044364357,0.045612919,0.142578716,
2748,0.659510355,0.042373889,0.035582036,0.120816362,
2749,0.63387249,0.037284187,0.033260314,0.098434928,
2750,0.571970363,0.031613112,0.04752306,0.098731329,
2751,0.466324059,0.025086872,0.07320576,0.104834426,
2752,0.324437402,0.019609763,0.095879381,0.114714499,
2753,0.161764199,0.020509161,0.108399339,0.115954168,
2754,0.023974301,0.027155405,0.134446171,0.140165404,
2755,0,0.020559555,0.138618273,0.131380378,
2756,0,0.012858664,0.105256333,0.103913893,
2757,0,0.004521294,0.058384161,0.07251599,
2758,0,0.005593455,0.035814486,0.0528864,
2759,0,0.006945663,0.0201115,0.028947057,
2760,0,0.00768982,0.008801696,0.020163893,
2761,0,0.006756475,0.005339795,0.022016291,
2762,0,0.005870847,0.003946403,0.021794921,
2763,0,0.005456385,0.002598629,0.016984053,
2764,0,0.005411463,0.002598306,0.014454274,
2765,0,0.006396584,0.003671582,0.013188945,
2766,0.032581307,0.003371652,0.000804577,0.005714539,
2767,0.151330754,0.002689008,0.001238896,0.001560183,
2768,0.294117075,0.001078498,0.001509688,0.002973717,
2769,0.414005228,0.003446402,0.002055303,0.00869276,
2770,0.511777566,0.013312072,0.005056871,0.018107178,
2771,0.584611068,0.024461876,0.011009416,0.033697005,
2772,0.599773679,0.03846479,0.019682086,0.047092534,
2773,0.558446396,0.052806827,0.032114465,0.061043322,
2774,0.485818976,0.067555417,0.071960882,0.08566095,
2775,0.387588842,0.090156753,0.119917278,0.116006628,
2776,0.285719873,0.101891293,0.14382463,0.134193653,
2777,0.147178938,0.116876068,0.155082527,0.148051057,
2778,0.02516297,0.118899376,0.126503711,0.116791926,
2779,0,0.114704232,0.145199192,0.135779877,
2780,0,0.090204128,0.140273137,0.132202451,
2781,0,0.079302087,0.125546733,0.128697141,
2782,0,0.072808887,0.126662133,0.146809615,
2783,0,0.069230956,0.135941332,0.159549686,
2784,0,0.065341781,0.138063514,0.164140638,
2785,0,0.065944625,0.13440535,0.165402356,
2786,0,0.075028223,0.133172668,0.158221758,
2787,0,0.086759069,0.132715631,0.149952301,
2788,0,0.087804245,0.120362059,0.136984457,
2789,0,0.081578456,0.102899186,0.12001185,
2790,0.031269378,0.051096043,0.079433331,0.086229156,
2791,0.16879052,0.047725884,0.074320737,0.086351766,
2792,0.336186054,0.078281207,0.06502869,0.086660666,
2793,0.473563897,0.141026085,0.07321244,0.092137809,
2794,0.573025979,0.147101498,0.092015479,0.099122497,
2795,0.633126735,0.144113175,0.118109033,0.110439646,
2796,0.643443314,0.153450783,0.139433737,0.131019982,
2797,0.605491269,0.136369914,0.142005692,0.144036773,
2798,0.541671559,0.108781195,0.136606503,0.147108543,
2799,0.440148685,0.081912756,0.130919518,0.142753465,
2800,0.309477601,0.062251874,0.127865109,0.146583698,
2801,0.15508236,0.050454262,0.125768313,0.153512156,
2802,0.024451028,0.038843207,0.126060268,0.142797537,
2803,0,0.029697631,0.113436118,0.120000185,
2804,0,0.01490612,0.077085497,0.090809022,
2805,0,0.010620369,0.047870061,0.062964046,
2806,0,0.009979977,0.035040307,0.042332841,
2807,0,0.010143036,0.037078805,0.038507792,
2808,0,0.01101817,0.035355109,0.037847701,
2809,0,0.01166827,0.033302261,0.041473479,
2810,0,0.013984847,0.030766645,0.040609558,
2811,0,0.016441211,0.025826515,0.031439974,
2812,0,0.018160817,0.017487274,0.01800136,
2813,0,0.019730712,0.009647282,0.009512799,
2814,0.032083733,0.017381363,0.004200334,0.002066783,
2815,0.156160651,0.017411734,0.004659822,0.00201345,
2816,0.305907235,0.017019339,0.004454775,0.002585435,
2817,0.470721159,0.028687076,0.007243761,0.008482452,
2818,0.572532802,0.058716811,0.022640247,0.028004103,
2819,0.639693636,0.102575248,0.04754898,0.056181947,
2820,0.66148038,0.144803759,0.075273942,0.081084782,
2821,0.634268149,0.180083317,0.110240851,0.10368066,
2822,0.571124908,0.209126949,0.131219557,0.11145768,
2823,0.468274355,0.228329401,0.131247089,0.110563205,
2824,0.32777686,0.218033131,0.119301706,0.107923989,
2825,0.162800015,0.194738973,0.115495917,0.113871218,
2826,0.026065456,0.162766949,0.106489872,0.084414869,
2827,0,0.145366153,0.124577425,0.096451776,
2828,0,0.129241889,0.124084632,0.109806666,
2829,0,0.126339939,0.121663202,0.122366016,
2830,0,0.12032485,0.114276539,0.132955309,
2831,0,0.116222559,0.104148908,0.132109339,
2832,0,0.110011058,0.095050632,0.12853738,
2833,0,0.101291462,0.088030038,0.132634635,
2834,0,0.093339474,0.084281935,0.140267653,
2835,0,0.086436499,0.082704859,0.150200334,
2836,0,0.081817653,0.081916241,0.157506846,
2837,0,0.078026374,0.083135789,0.173342374,
2838,0.034834555,0.061878156,0.041466684,0.08544159,
2839,0.169057197,0.052378802,0.054707103,0.114780042,
2840,0.3331435,0.039625886,0.065535046,0.157118764,
2841,0.480797513,0.04463317,0.08418955,0.202219451,
2842,0.578837527,0.058938923,0.113265334,0.248800593,
2843,0.638330369,0.087279742,0.152685945,0.304039988,
2844,0.654750513,0.116137136,0.196305715,0.373372594,
2845,0.629486274,0.13691946,0.230142805,0.417331559,
2846,0.567263813,0.162793078,0.262050731,0.443667524,
2847,0.456820639,0.187915751,0.27526992,0.447688748,
2848,0.317537405,0.198917559,0.263475955,0.449037172,
2849,0.154152431,0.20010376,0.248996282,0.465491857,
2850,0.026451649,0.152271852,0.125550569,0.334200396,
2851,0,0.123751507,0.149278075,0.374092012,
2852,0,0.115759548,0.212044033,0.455780969,
2853,0,0.126589395,0.259833646,0.497022966,
2854,0,0.13614141,0.283875577,0.520933717,
2855,0,0.13610465,0.263579745,0.514883922,
2856,0,0.120191875,0.217599174,0.509294732,
2857,0,0.114594642,0.195358154,0.501446162,
2858,0,0.114514938,0.185450618,0.462905769,
2859,0,0.125106201,0.183012122,0.434007915,
2860,0,0.11178957,0.176401246,0.393781488,
2861,0,0.102846247,0.188273759,0.368660542,
2862,0.028461057,0.064308106,0.092263674,0.207301503,
2863,0.12332165,0.057312245,0.113160257,0.20746965,
2864,0.244898326,0.05583785,0.139859637,0.209027034,
2865,0.337241836,0.075483865,0.153226084,0.207212962,
2866,0.42253241,0.086605446,0.155478324,0.203461017,
2867,0.463676142,0.10135401,0.161144942,0.202056538,
2868,0.495950594,0.094866943,0.162043016,0.214181407,
2869,0.474321541,0.074225659,0.160366854,0.215641411,
2870,0.458462099,0.06495815,0.159317567,0.212140408,
2871,0.40467558,0.052785027,0.157064439,0.212592095,
2872,0.278218624,0.040987026,0.145668211,0.208856819,
2873,0.138389923,0.039597182,0.129893613,0.212864342,
2874,0.02341028,0.035933677,0.107127342,0.239231396,
2875,0,0.040198573,0.096193179,0.234373174,
2876,0,0.038193833,0.089515909,0.226695062,
2877,0,0.027536339,0.075274705,0.217959483,
2878,0,0.0164421,0.059507293,0.206634548,
2879,0,0.009986483,0.053601357,0.218438036,
2880,0,0.00715086,0.049762483,0.223594109,
2881,0,0.00665228,0.048334927,0.204933174,
2882,0,0.008755718,0.054055656,0.174886959,
2883,0,0.00999926,0.063416934,0.159986987,
2884,0,0.01057903,0.077689723,0.167853258,
2885,0,0.011304635,0.095361585,0.192720549,
2886,0.026907252,0.008653099,0.060854235,0.096482097,
2887,0.125080059,0.009648908,0.09313589,0.126878274,
2888,0.258182161,0.017273726,0.126627331,0.153415837,
2889,0.349667079,0.031261968,0.138516276,0.159653988,
2890,0.384120894,0.05268774,0.1440974,0.169577785,
2891,0.408043176,0.065818234,0.151325784,0.164120694,
2892,0.380730237,0.066619879,0.147033873,0.1530263,
2893,0.373387797,0.062867317,0.153477039,0.171613838,
2894,0.294950379,0.054841254,0.164407669,0.196188585,
2895,0.219939663,0.045003686,0.153773555,0.196019438,
2896,0.141754211,0.03498867,0.124037626,0.169243712,
2897,0.081514384,0.031320952,0.118377099,0.169247676,
2898,0.018385114,0.015688677,0.093968086,0.069974084,
2899,0,0.027365516,0.131404898,0.089739786,
2900,0,0.03447205,0.186558101,0.133221152,
2901,0,0.038859738,0.238734864,0.181945913,
2902,0,0.038516246,0.256893183,0.226111148,
2903,0,0.043655177,0.238575178,0.241979211,
2904,0,0.044977484,0.200773774,0.238911952,
2905,0,0.042084043,0.163835809,0.234071578,
2906,0,0.046628083,0.141647866,0.207665875,
2907,0,0.044351822,0.123658405,0.19506263,
2908,0,0.054351029,0.116905417,0.199055163,
2909,0,0.054948035,0.103816518,0.198699642,
2910,0.000240041,0.058888205,0.053110882,0.134435126,
2911,0.02243845,0.071219506,0.041922697,0.156825285,
2912,0.068701588,0.068625274,0.032220066,0.191087974,
2913,0.14309196,0.087154152,0.041641035,0.245351842,
2914,0.176297604,0.075422273,0.069462928,0.318507123,
2915,0.25231506,0.062935797,0.133957488,0.482383597,
2916,0.261630896,0.059729179,0.37990599,0.697260734,
2917,0.289701973,0.069005597,0.540890155,0.788439306,
2918,0.232278156,0.089315914,0.653223292,0.855127611,
2919,0.131804633,0.125350259,0.74127485,0.880530913,
2920,0.100846981,0.169760391,0.781921804,0.884121,
2921,0.056509651,0.254777601,0.808897625,0.884452918,
2922,0.008806972,0.267759204,0.805466534,0.882658443,
2923,0,0.399815223,0.825613471,0.877471215,
2924,0,0.47232269,0.836227875,0.867014437,
2925,0,0.500806567,0.839672943,0.834807755,
2926,0,0.514233694,0.800378741,0.762181988,
2927,0,0.497229337,0.711893993,0.70770081,
2928,0,0.465118897,0.646416625,0.721972579,
2929,0,0.435422637,0.641262696,0.787200417,
2930,0,0.385165532,0.675615307,0.837706214,
2931,0,0.333781121,0.74111748,0.861377791,
2932,0,0.307945207,0.785204421,0.85205396,
2933,0,0.292632183,0.788038264,0.825709462,
2934,0.037888252,0.2096213,0.68271172,0.809348279,
2935,0.178321694,0.29752883,0.633831962,0.737176166,
2936,0.337864609,0.458586086,0.631162939,0.732679393,
2937,0.480415009,0.634512669,0.729074653,0.738608191,
2938,0.566055625,0.751899095,0.824762657,0.788781255,
2939,0.589897368,0.783946117,0.850506576,0.812676637,
2940,0.585101901,0.80891121,0.853782453,0.825276886,
2941,0.546683521,0.782840201,0.861076284,0.839443599,
2942,0.49518162,0.732183087,0.866696914,0.844888916,
2943,0.37818753,0.685170955,0.86698957,0.825532124,
2944,0.262177938,0.612976108,0.857179075,0.794332963,
2945,0.136716011,0.504628174,0.845366135,0.760333823,
2946,0.026365903,0.372426839,0.795116773,0.727788841,
2947,0,0.323695715,0.725347687,0.648965451,
2948,0,0.257679864,0.660480199,0.587850687,
2949,0,0.217484737,0.643922831,0.552248965,
2950,0,0.209002074,0.654346909,0.551581278,
2951,0,0.22909372,0.699603225,0.564651316,
2952,0,0.254798415,0.73403022,0.578983718,
2953,0,0.273273631,0.746357441,0.587259715,
2954,0,0.286722021,0.758934538,0.597663366,
2955,0,0.297051075,0.76397879,0.602290839,
2956,0,0.326392906,0.767846342,0.601341121,
2957,0,0.337291139,0.754951353,0.591955735,
2958,0.041047681,0.250194962,0.561629992,0.510073337,
2959,0.186162798,0.19410748,0.571713731,0.510153497,
2960,0.355794403,0.32971075,0.653889206,0.527322882,
2961,0.495372382,0.463767593,0.70044785,0.53016317,
2962,0.591924109,0.617878202,0.727654456,0.531127776,
2963,0.652630204,0.775595637,0.761486123,0.543317818,
2964,0.671248394,0.860083091,0.792839123,0.554899723,
2965,0.644050985,0.875599183,0.800504563,0.556598206,
2966,0.581800877,0.876688932,0.789557627,0.556592956,
2967,0.475356421,0.837745714,0.780425652,0.568012726,
2968,0.333553429,0.740296797,0.776844409,0.5905723,
2969,0.168343664,0.661707545,0.766470166,0.617877132,
2970,0.029752166,0.361230305,0.626799373,0.603465516,
2971,0,0.385741126,0.642223208,0.674329024,
2972,0,0.401087603,0.684052597,0.751590736,
2973,0,0.372597474,0.709316544,0.768087286,
2974,0,0.357242403,0.719286566,0.77414528,
2975,0,0.330863162,0.702312824,0.774256937,
2976,0,0.31877391,0.69637703,0.764556899,
2977,0,0.313243111,0.689378866,0.743760379,
2978,0,0.311412104,0.675586276,0.749228412,
2979,0,0.309894346,0.644260748,0.757190033,
2980,0,0.306299025,0.609399247,0.764895245,
2981,0,0.300941399,0.584743652,0.766852709,
2982,0.041528743,0.204577015,0.436402499,0.617886611,
2983,0.180283656,0.187939905,0.479200619,0.674026691,
2984,0.33597428,0.197875111,0.515553876,0.73520508,
2985,0.463302733,0.260364651,0.541851093,0.761930335,
2986,0.544705987,0.317076827,0.547730418,0.761570317,
2987,0.586587333,0.390030943,0.575498853,0.760281697,
2988,0.586128198,0.425762785,0.617419829,0.785987967,
2989,0.52425946,0.4418926,0.655739791,0.79862569,
2990,0.45479528,0.442918771,0.680440857,0.805726655,
2991,0.357418769,0.410867669,0.69166451,0.816662076,
2992,0.254682719,0.374035516,0.714844216,0.836382041,
2993,0.14178099,0.382571887,0.743869312,0.853958615,
2994,0.029873034,0.221825157,0.503093527,0.699220417,
2995,0,0.226804027,0.590788141,0.724567742,
2996,0,0.237321268,0.633641939,0.750099148,
2997,0,0.2181033,0.660855638,0.78216917,
2998,0,0.201426435,0.700836163,0.790190461,
2999,0,0.209169259,0.681951216,0.74532184,
3000,0,0.230205657,0.651650363,0.705192056,
3001,0,0.212782884,0.628939909,0.709358522,
3002,0,0.191321395,0.636113116,0.744026976,
3003,0,0.179228465,0.650045505,0.779108561,
3004,0,0.183405642,0.658088887,0.792088477,
3005,0,0.197801542,0.687203883,0.797028975,
3006,0,0.109279331,0.585974507,0.697537004,
3007,0.002012385,0.156942379,0.62851208,0.689856901,
3008,0.019752518,0.194216444,0.68746902,0.709687174,
3009,0.023772449,0.209701591,0.708022998,0.722892238,
3010,0.03140797,0.209842978,0.696555078,0.733218302,
3011,0.055369474,0.194067154,0.652041126,0.71683829,
3012,0.059928798,0.172983664,0.595658065,0.687749535,
3013,0.050711636,0.140801481,0.550643593,0.65703862,
3014,0.057392362,0.116186113,0.515843202,0.628634046,
3015,0.0484497,0.099222074,0.468988575,0.557213626,
3016,0.054633427,0.077146226,0.369369056,0.472181462,
3017,0.041074669,0.044979573,0.266373106,0.351224687,
3018,0.012659001,0.014856068,0.077781283,0.137192666,
3019,0,0.018445774,0.054299339,0.105448514,
3020,0,0.031214312,0.045639398,0.094021018,
3021,0,0.039149179,0.040680749,0.078338788,
3022,0,0.037419286,0.038337675,0.10217929,
3023,0,0.036710352,0.041042399,0.175071575,
3024,0,0.039514435,0.045568069,0.25205742,
3025,0,0.042946803,0.059259044,0.291127394,
3026,0,0.055649042,0.0858743,0.30780023,
3027,0,0.071496315,0.138920301,0.34399379,
3028,0,0.083626498,0.216891449,0.406946436,
3029,0,0.092270006,0.278163614,0.44802904,
3030,0.002694077,0.042524703,0.181224692,0.368838704,
3031,0.019751104,0.060566952,0.211521149,0.359040756,
3032,0.058675698,0.063477576,0.304442487,0.387698455,
3033,0.09139715,0.067046321,0.350739111,0.426675939,
3034,0.113145955,0.064607508,0.361158623,0.454990003,
3035,0.152808479,0.044253729,0.305120098,0.410646386,
3036,0.238239343,0.027958815,0.224763215,0.337582896,
3037,0.216568882,0.019837798,0.188300703,0.301865625,
3038,0.197732873,0.023668928,0.169794967,0.290288198,
3039,0.234110349,0.031464961,0.167443755,0.290849245,
3040,0.160053026,0.034472354,0.157570705,0.297757216,
3041,0.111860717,0.03583635,0.144240105,0.287733103,
3042,0.031242667,0.023155252,0.091932413,0.215124087,
3043,0,0.024700181,0.105442754,0.260717907,
3044,0,0.039467518,0.114533441,0.306189056,
3045,0,0.073451448,0.13902337,0.315585607,
3046,0,0.101597396,0.164270867,0.310487184,
3047,0,0.136193551,0.180098539,0.327746987,
3048,0,0.164812543,0.203156193,0.368431872,
3049,0,0.191860325,0.235710942,0.394153736,
3050,0,0.218468064,0.290718886,0.431954001,
3051,0,0.233789548,0.362871004,0.461826549,
3052,0,0.252755353,0.447286727,0.507790964,
3053,0,0.268009772,0.51811843,0.548226921,
3054,0.032681771,0.16463324,0.397145636,0.397880559,
3055,0.121134609,0.264622992,0.4833184,0.477974768,
3056,0.225622523,0.353082358,0.512085259,0.516891417,
3057,0.31935066,0.370400651,0.472398825,0.46742742,
3058,0.424685014,0.367685191,0.425115037,0.409071039,
3059,0.468731371,0.357262772,0.394068782,0.383202062,
3060,0.483766498,0.328954635,0.350140216,0.33029945,
3061,0.491398017,0.318712292,0.319124744,0.286561878,
3062,0.464810897,0.321105062,0.295452267,0.271943778,
3063,0.348061794,0.324703157,0.297596801,0.290593493,
3064,0.258734971,0.331704517,0.319600507,0.321063426,
3065,0.135407431,0.333918484,0.363600213,0.37779371,
3066,0.029023613,0.202664193,0.405595799,0.360004367,
3067,0,0.283872114,0.440224546,0.392115462,
3068,0,0.335374279,0.452839096,0.424091981,
3069,0,0.343623718,0.475912154,0.441682003,
3070,0,0.307582278,0.509813611,0.464705674,
3071,0,0.249021889,0.497090718,0.489762215,
3072,0,0.208764984,0.441015811,0.48147205,
3073,0,0.181768777,0.384692613,0.430625027,
3074,0,0.172187513,0.335561597,0.376929538,
3075,0,0.168815225,0.30109267,0.343323647,
3076,0,0.166073453,0.281972637,0.327644195,
3077,0,0.159226658,0.269886503,0.321348994,
3078,0.041282916,0.088267609,0.168295555,0.229743288,
3079,0.174767168,0.116264035,0.179967869,0.229115019,
3080,0.325449484,0.12064804,0.179187501,0.213996348,
3081,0.457731846,0.106156259,0.168092492,0.18683613,
3082,0.556894712,0.082265946,0.14560704,0.158769762,
3083,0.619230673,0.061893064,0.123492237,0.143123649,
3084,0.621737141,0.05056634,0.110046661,0.134132862,
3085,0.588288175,0.046265561,0.103905179,0.1325899,
3086,0.516184675,0.042335358,0.102442697,0.124783177,
3087,0.369006454,0.041186381,0.111086222,0.110483071,
3088,0.280387978,0.046540406,0.118935069,0.098601984,
3089,0.137055536,0.055269344,0.115369072,0.090216189,
3090,0.028698559,0.050023125,0.074686559,0.074592209,
3091,0,0.054335441,0.058553776,0.069851392,
3092,0,0.041020218,0.045286362,0.066664113,
3093,0,0.030216503,0.047051225,0.072809904,
3094,0,0.021934297,0.045691606,0.083133223,
3095,0,0.01460831,0.037811379,0.079087133,
3096,0,0.012681245,0.03152648,0.068539156,
3097,0,0.009929321,0.025808795,0.066776567,
3098,0,0.007918711,0.022697991,0.070300952,
3099,0,0.005675799,0.022890702,0.078050331,
3100,0,0.004710047,0.028447061,0.096573544,
3101,0,0.00562421,0.036205132,0.125008544,
3102,0.039692432,0.004337454,0.033291856,0.129100957,
3103,0.157298117,0.0023464,0.02048331,0.146628606,
3104,0.31089452,0.00481099,0.015656148,0.147511029,
3105,0.448471031,0.004923793,0.015955043,0.136799652,
3106,0.562501948,0.010309293,0.01630851,0.130505324,
3107,0.624998152,0.020598883,0.021161239,0.13111192,
3108,0.648102553,0.033177454,0.0339441,0.132756238,
3109,0.617327841,0.048943353,0.052198095,0.132384126,
3110,0.554343282,0.064293842,0.064960614,0.12019061,
3111,0.448783349,0.085316824,0.071609875,0.109020226,
3112,0.320152307,0.106106599,0.068757991,0.108408846,
3113,0.162368148,0.111047557,0.064363777,0.119755659,
3114,0.033547094,0.105652829,0.055322405,0.091208838,
3115,0,0.107652108,0.06196531,0.096679483,
3116,0,0.088284978,0.049541698,0.091204283,
3117,0,0.060431303,0.030697354,0.090485511,
3118,0,0.04449098,0.027401546,0.10022257,
3119,0,0.040206117,0.023454292,0.114708028,
3120,0,0.040003712,0.019725592,0.125427123,
3121,0,0.037755906,0.015094889,0.126739636,
3122,0,0.03445092,0.011709887,0.121222759,
3123,0,0.032850032,0.010321063,0.118558954,
3124,0,0.033718083,0.011245333,0.125972427,
3125,0,0.034460973,0.020947137,0.14531168,
3126,0.036833044,0.018462822,0.011395666,0.108348542,
3127,0.121729833,0.012148133,0.009157942,0.136362821,
3128,0.270838063,0.009972145,0.009432337,0.168445125,
3129,0.415958863,0.011945995,0.012081225,0.181692665,
3130,0.50523069,0.018091771,0.015955651,0.183068655,
3131,0.58400145,0.030844861,0.022389088,0.188386141,
3132,0.613535016,0.037164177,0.029162929,0.197285935,
3133,0.583761815,0.047939867,0.038700154,0.206307543,
3134,0.528326584,0.075941833,0.046640499,0.221058304,
3135,0.411478782,0.084518667,0.049875866,0.239097574,
3136,0.277771309,0.07699037,0.051943831,0.262386139,
3137,0.125131059,0.087033863,0.056051109,0.283205341,
3138,0.027607617,0.080309137,0.049358318,0.242821344,
3139,0,0.077192093,0.063636574,0.289113559,
3140,0,0.056038461,0.087723381,0.323302708,
3141,0,0.039038134,0.104965145,0.360043633,
3142,0,0.03336987,0.125045218,0.391887718,
3143,0,0.034736349,0.15615357,0.426430499,
3144,0,0.03185866,0.184036395,0.471581314,
3145,0,0.036413287,0.236462785,0.517268199,
3146,0,0.048703158,0.286520362,0.539954836,
3147,0,0.054733263,0.319510401,0.569726685,
3148,0,0.063465173,0.371710281,0.59786804,
3149,0,0.071740911,0.432929486,0.622512933,
3150,0.007013507,0.05125909,0.413979735,0.606873783,
3151,0.029723865,0.066833269,0.470804697,0.620937212,
3152,0.046576203,0.087843794,0.512607233,0.633227036,
3153,0.068026559,0.121323631,0.5517719,0.642086474,
3154,0.083265402,0.176784691,0.574059904,0.636805067,
3155,0.071227043,0.218113254,0.578441025,0.623610407,
3156,0.089837289,0.244515661,0.599319119,0.62338058,
3157,0.085424054,0.306750255,0.611645489,0.621018036,
3158,0.091361653,0.36042717,0.638265474,0.62640781,
3159,0.073277098,0.37290431,0.67517615,0.637153041,
3160,0.049116006,0.370456416,0.70566435,0.640329386,
3161,0.024199844,0.399412722,0.715697894,0.631675655,
3162,0.000752329,0.274308104,0.5119284,0.527796622,
3163,0,0.258436271,0.520299007,0.484755129,
3164,0,0.258043081,0.530606925,0.456079981,
3165,0,0.277288561,0.510224582,0.42527163,
3166,0,0.281646355,0.484515055,0.418535598,
3167,0,0.270789632,0.450095027,0.391140361,
3168,0,0.24093698,0.416116141,0.37782507,
3169,0,0.19458932,0.372220926,0.366134907,
3170,0,0.150161553,0.324357555,0.346650471,
3171,0,0.111518339,0.28088385,0.309374085,
3172,0,0.087623203,0.233420723,0.251950314,
3173,0,0.065747323,0.170916124,0.179753581,
3174,0.009366582,0.043671144,0.127575037,0.140575207,
3175,0.062073938,0.034114059,0.107834593,0.090618644,
3176,0.151291044,0.026290828,0.092995269,0.067316433,
3177,0.285531628,0.02316195,0.100036706,0.070153368,
3178,0.383096088,0.030972032,0.151561812,0.101031431,
3179,0.488955559,0.057277786,0.164946242,0.118927936,
3180,0.526106441,0.079180853,0.16637692,0.12981984,
3181,0.533449908,0.098530318,0.147575755,0.128581537,
3182,0.498001459,0.126630033,0.171543875,0.156514047,
3183,0.41544567,0.133186123,0.215469278,0.171920386,
3184,0.30215141,0.115568333,0.207981754,0.152299682,
3185,0.155038854,0.090546823,0.181262086,0.126738407,
3186,0.033457066,0.045342373,0.143187887,0.091620419,
3187,0,0.043856275,0.123533875,0.078382516,
3188,0,0.033653708,0.095615994,0.064887309,
3189,0,0.033328589,0.081432369,0.063778642,
3190,0,0.026181606,0.062397338,0.059401626,
3191,0,0.024136671,0.040463952,0.05335858,
3192,0,0.021274794,0.0316815,0.047570833,
3193,0,0.014986133,0.018534543,0.037609064,
3194,0,0.015892518,0.012006629,0.036804966,
3195,0,0.013921496,0.010414449,0.04536927,
3196,0,0.011077646,0.012333567,0.0637285,
3197,0,0.01105215,0.023751758,0.09504657,
3198,0.039907183,0.006033478,0.020010869,0.08640974,
3199,0.145980991,0.004399225,0.013981568,0.092639158,
3200,0.290263179,0.002956323,0.014585831,0.115458977,
3201,0.428358174,0.001176043,0.022774447,0.146310485,
3202,0.542498965,0.001195593,0.035532554,0.176742095,
3203,0.59715523,0.015904593,0.04739482,0.207427713,
3204,0.620024757,0.03966878,0.065925271,0.242930408,
3205,0.593643006,0.062920077,0.08932992,0.270999872,
3206,0.534756183,0.081027224,0.115313002,0.302372878,
3207,0.432884095,0.085440032,0.137687458,0.336631631,
3208,0.303304213,0.083799669,0.166194422,0.381937367,
3209,0.156311185,0.08757026,0.201824265,0.440964202,
3210,0.034029355,0.072371708,0.192482668,0.429679096,
3211,0,0.064302216,0.2337106,0.501075998,
3212,0,0.051975273,0.248699372,0.553436038,
3213,0,0.046837336,0.251529255,0.587062701,
3214,0,0.050195536,0.258680568,0.601369843,
3215,0,0.055758153,0.263900586,0.60136277,
3216,0,0.064523499,0.290612412,0.610796432,
3217,0,0.069932187,0.303155768,0.608420388,
3218,0,0.070961228,0.283816404,0.578432426,
3219,0,0.07381462,0.263068237,0.561371865,
3220,0,0.071359121,0.238169637,0.549660864,
3221,0,0.070648283,0.228758325,0.561184789,
3222,0.050932679,0.05603286,0.1417912,0.464551366,
3223,0.164229354,0.037945792,0.133279284,0.458351262,
3224,0.291874332,0.032688195,0.135661616,0.474873806,
3225,0.407215088,0.035316734,0.150151143,0.52654752,
3226,0.463136779,0.021825904,0.171350175,0.58860187,
3227,0.498658379,0.019688799,0.20103351,0.644597651,
3228,0.509091096,0.016738103,0.23896251,0.680231476,
3229,0.464429466,0.017915361,0.265484305,0.69272567,
3230,0.380987434,0.029190217,0.313621049,0.724451154,
3231,0.32146988,0.049459252,0.381173978,0.770173744,
3232,0.210557622,0.071819986,0.467724567,0.809634348,
3233,0.105176854,0.096770886,0.530302424,0.827696869,
3234,0.028743859,0.055790683,0.415830205,0.783235307,
3235,0,0.074812279,0.545071077,0.842547864,
3236,0,0.097697588,0.609643457,0.855407696,
3237,0,0.112105563,0.622302141,0.854737378,
3238,0,0.127319916,0.621205264,0.851603415,
3239,0,0.1403458,0.619646111,0.848777116,
3240,0,0.14652898,0.630816818,0.850959132,
3241,0,0.16064521,0.641724355,0.856395022,
3242,0,0.153435754,0.656783369,0.861707199,
3243,0,0.155895429,0.6689943,0.863034584,
3244,0,0.16959621,0.689110648,0.861830632,
3245,0,0.196786545,0.727019087,0.869000849,
3246,0.009987067,0.15049199,0.653438662,0.847435247,
3247,0.030198661,0.207674493,0.733229974,0.857670066,
3248,0.058801273,0.266411271,0.77126045,0.858647185,
3249,0.100290013,0.355409561,0.790786157,0.864501728,
3250,0.127867003,0.473637492,0.821484603,0.871115348,
3251,0.179366624,0.538791091,0.839203209,0.872565972,
3252,0.194682863,0.587660601,0.84734999,0.869852197,
3253,0.182435956,0.582316821,0.837368098,0.860431605,
3254,0.150776692,0.515083135,0.814479403,0.841746689,
3255,0.139475373,0.427262971,0.786953891,0.813663925,
3256,0.092738031,0.378559236,0.773212108,0.799820611,
3257,0.048990941,0.377273283,0.769042973,0.789711571,
3258,0.014548858,0.198513695,0.539632009,0.651942828,
3259,0,0.239538405,0.650204933,0.727733626,
3260,0,0.254970195,0.714257767,0.773605021,
3261,0,0.255934637,0.752325773,0.827481269,
3262,0,0.277170238,0.770706763,0.851342481,
3263,0,0.290972354,0.782828519,0.870063784,
3264,0,0.293701933,0.785294628,0.875582966,
3265,0,0.293564607,0.77302284,0.870251949,
3266,0,0.277067223,0.761688234,0.858163695,
3267,0,0.264966351,0.754098143,0.845476143,
3268,0,0.245345502,0.725472233,0.826536783,
3269,0,0.21175086,0.693753146,0.79818124,
3270,0.01155788,0.080695585,0.391523172,0.581088177,
3271,0.053500397,0.084909347,0.446958338,0.617223217,
3272,0.091387763,0.160133228,0.60517548,0.733604012,
3273,0.127323964,0.195572242,0.663945057,0.787888837,
3274,0.210372538,0.213241435,0.71774075,0.846420696,
3275,0.255310981,0.228716126,0.754211338,0.845760883,
3276,0.327644911,0.261920229,0.772077129,0.81136997,
3277,0.271699583,0.267702392,0.775676423,0.803417086,
3278,0.252942173,0.257084229,0.776207087,0.827644612,
3279,0.13110105,0.255203015,0.787652363,0.83136549,
3280,0.092764636,0.231250744,0.792633786,0.803840725,
3281,0.050222437,0.22873979,0.787361864,0.77355716,
3282,0.007485952,0.093400732,0.380782337,0.428042241,
3283,0,0.109154684,0.458990208,0.437865258,
3284,0,0.139029996,0.535917741,0.4776683,
3285,0,0.175779519,0.58958479,0.544720988,
3286,0,0.190916343,0.610853266,0.570380864,
3287,0,0.189985891,0.636100444,0.576186953,
3288,0,0.19564735,0.619786157,0.573956586,
3289,0,0.194234065,0.562135134,0.548211275,
3290,0,0.190159942,0.525023173,0.52470827,
3291,0,0.183291416,0.472016424,0.488932707,
3292,0,0.16915077,0.405958746,0.430403538,
3293,0,0.149511916,0.333585388,0.340240283,
3294,0.000247891,0.104018659,0.1720846,0.193934849,
3295,0.013078636,0.08536814,0.121077785,0.17101433,
3296,0.038576796,0.087138309,0.102522938,0.149959644,
3297,0.076203068,0.085131733,0.094466017,0.129391708,
3298,0.103375826,0.091280982,0.095225379,0.127444581,
3299,0.134766127,0.087376719,0.101127585,0.136092014,
3300,0.182913492,0.094848962,0.143474218,0.171279013,
3301,0.197573385,0.117677416,0.195457334,0.208811125,
3302,0.169869493,0.135726319,0.226773872,0.244827594,
3303,0.140014637,0.151462065,0.257158945,0.287996706,
3304,0.113167842,0.171846753,0.278664808,0.299803099,
3305,0.065937723,0.194352172,0.282125641,0.284418547,
3306,0.016252886,0.232942166,0.197065774,0.166001891,
3307,0,0.300775466,0.28568006,0.202541771,
3308,0,0.296354842,0.369094725,0.259188863,
3309,0,0.252629932,0.398445912,0.326127945,
3310,0,0.211861775,0.40509777,0.398101697,
3311,0,0.183208217,0.428451056,0.458333799,
3312,0,0.177549191,0.446684879,0.469947226,
3313,0,0.184817579,0.47242772,0.48267939,
3314,0,0.203573075,0.50794773,0.486744992,
3315,0,0.219383805,0.533487818,0.495153893,
3316,0,0.225578842,0.51864087,0.487704386,
3317,0,0.22655823,0.500784229,0.466693473,
3318,0.03543347,0.141969316,0.339111125,0.353228229,
3319,0.1353683,0.17806064,0.404173236,0.435172186,
3320,0.262257205,0.194651005,0.437685466,0.512224291,
3321,0.374059392,0.20972187,0.444165696,0.534598175,
3322,0.471448834,0.224870557,0.451206854,0.534897453,
3323,0.529929693,0.22714925,0.446473416,0.53897905,
3324,0.574753142,0.212758897,0.434137461,0.533936229,
3325,0.581653988,0.21681934,0.422869752,0.537616406,
3326,0.534811734,0.232885586,0.410835601,0.539920317,
3327,0.419887762,0.246139632,0.398279158,0.523630431,
3328,0.297444811,0.24224244,0.392009623,0.498236761,
3329,0.161061229,0.219587093,0.393003147,0.489062656,
3330,0.038704128,0.093298461,0.298920129,0.423932339,
3331,0,0.123780334,0.32548758,0.441658481,
3332,0,0.149584404,0.358973102,0.456194626,
3333,0,0.153812921,0.398422516,0.460720102,
3334,0,0.155978394,0.443461068,0.470323132,
3335,0,0.153534584,0.483117975,0.497455388,
3336,0,0.157251036,0.514192917,0.552578852,
3337,0,0.184369165,0.569246132,0.649300571,
3338,0,0.21795201,0.608142174,0.731355547,
3339,0,0.240237276,0.615524106,0.758598195,
3340,0,0.24916083,0.583465203,0.735665247,
3341,0,0.260997941,0.534599298,0.679956986,
3342,0.056203202,0.132733918,0.35462587,0.459737154,
3343,0.178006284,0.152749329,0.450511714,0.552160494,
3344,0.302258199,0.232348808,0.509043788,0.633080801,
3345,0.408604896,0.283443906,0.492423067,0.629825686,
3346,0.46238279,0.310767336,0.462668206,0.612094827,
3347,0.466809045,0.33270597,0.456156316,0.607191264,
3348,0.379734898,0.345352749,0.499000979,0.631161316,
3349,0.321043382,0.379437356,0.516445343,0.62469825,
3350,0.267658238,0.41361497,0.508649349,0.61961565,
3351,0.15901125,0.428310106,0.544954449,0.649211209,
3352,0.125271747,0.440516996,0.588588311,0.688394952,
3353,0.085818324,0.416706231,0.619281912,0.72365854,
3354,0.025525178,0.22848413,0.419261182,0.584432335,
3355,0,0.312921844,0.571000011,0.658679017,
3356,0,0.342609153,0.692187586,0.712994833,
3357,0,0.327554074,0.708968696,0.73999207,
3358,0,0.305318406,0.698966582,0.756741476,
3359,0,0.2729514,0.667239871,0.756703358,
3360,0,0.241117209,0.616349052,0.726061385,
3361,0,0.208839106,0.546603897,0.674453988,
3362,0,0.18752738,0.50640188,0.643573922,
3363,0,0.169478468,0.463313034,0.622660837,
3364,0,0.159252792,0.439956238,0.606372583,
3365,0,0.151363938,0.406599564,0.560846282,
3366,0.04922896,0.120925234,0.312292197,0.485966822,
3367,0.176344632,0.13346348,0.369259385,0.482795233,
3368,0.323122422,0.155458356,0.402036369,0.489793294,
3369,0.445509097,0.16594641,0.395929462,0.461737853,
3370,0.532989438,0.151015411,0.340038349,0.379673156,
3371,0.579425499,0.134403339,0.300133536,0.314047642,
3372,0.534115374,0.119027666,0.269790903,0.27846227,
3373,0.438791063,0.100735539,0.255873327,0.280625336,
3374,0.379362197,0.082475296,0.248359403,0.288650106,
3375,0.236452195,0.064734935,0.255256341,0.31083398,
3376,0.178237674,0.058483071,0.259928414,0.329454411,
3377,0.083601856,0.056159376,0.253440848,0.32697199,
3378,0.024084125,0.028271262,0.151007579,0.248463478,
3379,0,0.028720376,0.124298579,0.251161028,
3380,0,0.025749176,0.136540764,0.294553492,
3381,0,0.031998277,0.167636623,0.346712157,
3382,0,0.03528236,0.165437749,0.346598508,
3383,0,0.027058144,0.159160373,0.321017535,
3384,0,0.02268428,0.151899776,0.31216232,
3385,0,0.020998436,0.14877732,0.317137587,
3386,0,0.021382038,0.158918354,0.326778058,
3387,0,0.024718607,0.177202968,0.32993638,
3388,0,0.027064699,0.194784018,0.331567564,
3389,0,0.030884965,0.220116868,0.330728408,
3390,0.043609047,0.016372193,0.140998842,0.237188551,
3391,0.134575359,0.014612786,0.150739249,0.262358156,
3392,0.23642928,0.015313239,0.156213201,0.296700511,
3393,0.345364134,0.017186873,0.164460577,0.329764352,
3394,0.456868745,0.033927799,0.172009528,0.334420601,
3395,0.471260543,0.048905369,0.160072823,0.322071352,
3396,0.434529896,0.052128143,0.13798051,0.300646084,
3397,0.345440383,0.044590825,0.10819511,0.297484192,
3398,0.247858567,0.043742378,0.083655887,0.300926952,
3399,0.106726683,0.037456534,0.068681135,0.306401744,
3400,0.073009078,0.028316942,0.062674625,0.319749868,
3401,0.02879598,0.022609167,0.069769144,0.347229709,
3402,0.000966571,0.023892623,0.088009562,0.371896933,
3403,0,0.022419353,0.118603399,0.404107195,
3404,0,0.031057485,0.167127784,0.441831608,
3405,0,0.040253453,0.228652083,0.463237246,
3406,0,0.051003074,0.273294804,0.485851711,
3407,0,0.06516462,0.287772874,0.496877824,
3408,0,0.075174837,0.282972158,0.509541633,
3409,0,0.07915797,0.283615357,0.537917271,
3410,0,0.069270386,0.294790737,0.632451329,
3411,0,0.063464931,0.453949722,0.81027653,
3412,0,0.075628379,0.592630528,0.820434527,
3413,0,0.09119313,0.586018554,0.766330187,
3414,0.012382198,0.121582415,0.539701533,0.708978784,
3415,0.088362412,0.120943792,0.522996411,0.653041895,
3416,0.242952861,0.116447205,0.500738537,0.631849915,
3417,0.435169191,0.127377046,0.414578891,0.575507307,
3418,0.546463587,0.163784366,0.395334474,0.535557134,
3419,0.624564428,0.170230078,0.395369044,0.494232667,
3420,0.647817641,0.163058521,0.369901764,0.445954217,
3421,0.625954319,0.154222902,0.352587222,0.432527233,
3422,0.567572642,0.14028235,0.381381002,0.457478279,
3423,0.467827814,0.125174294,0.419891482,0.474955761,
3424,0.333895462,0.119784518,0.434738184,0.481956436,
3425,0.177088708,0.118419107,0.391960733,0.418680925,
3426,0.042246081,0.094677524,0.336572491,0.3241682,
3427,0,0.095125495,0.279570931,0.269906211,
3428,0,0.074839583,0.217620627,0.228220122,
3429,0,0.046134682,0.168150055,0.210682972,
3430,0,0.028565056,0.120943461,0.205784344,
3431,0,0.018308842,0.088432297,0.20601046,
3432,0,0.013392956,0.068067485,0.219935615,
3433,0,0.015072725,0.068817445,0.243689996,
3434,0,0.019220017,0.083771746,0.246276177,
3435,0,0.025482308,0.099449514,0.246191032,
3436,0,0.036813224,0.114478507,0.255630982,
3437,0,0.053041703,0.148140058,0.281394714,
3438,0.054556741,0.045182343,0.111751838,0.23227624,
3439,0.197625906,0.054360186,0.124185094,0.234165924,
3440,0.353509209,0.075088416,0.149398562,0.249869933,
3441,0.4848766,0.129708464,0.204088893,0.283629654,
3442,0.564711466,0.182844879,0.259733276,0.320132672,
3443,0.622981654,0.246033168,0.294583041,0.337520536,
3444,0.639821772,0.312760731,0.317057388,0.343681978,
3445,0.607219014,0.372029113,0.338342911,0.353592391,
3446,0.540627151,0.402347713,0.369344959,0.37846853,
3447,0.442529644,0.398627855,0.395032725,0.386035073,
3448,0.3145129,0.366453359,0.409997889,0.390747988,
3449,0.167834934,0.349768964,0.388549965,0.37016168,
3450,0.043222888,0.282536027,0.282459354,0.298399366,
3451,0,0.278483325,0.280493,0.311613942,
3452,0,0.27059723,0.242380391,0.287335856,
3453,0,0.257836173,0.191380447,0.262153194,
3454,0,0.221396095,0.162351087,0.252150624,
3455,0,0.187926501,0.145760825,0.251038538,
3456,0,0.166859072,0.134142965,0.250273368,
3457,0,0.155487669,0.107128534,0.216357829,
3458,0,0.15035999,0.091723275,0.193229129,
3459,0,0.137018195,0.086874555,0.16107652,
3460,0,0.14214278,0.084062652,0.137297896,
3461,0,0.131873709,0.080381681,0.118425308,
3462,0.054257611,0.063634042,0.041587008,0.06162607,
3463,0.193701823,0.029023175,0.033282742,0.055270429,
3464,0.341519619,0.036060747,0.022947987,0.05796264,
3465,0.459021302,0.03985346,0.031787785,0.083662262,
3466,0.542629959,0.019202399,0.042361346,0.140604538,
3467,0.602791256,0.008662889,0.056664674,0.181178007,
3468,0.624413997,0.010190775,0.060219779,0.185273363,
3469,0.582794466,0.024219045,0.057642058,0.179843884,
3470,0.493174714,0.035137135,0.049450021,0.185105965,
3471,0.371742624,0.037024958,0.045817373,0.202643888,
3472,0.246079755,0.029597089,0.03521276,0.221085406,
3473,0.131542607,0.029750959,0.027869026,0.224810772,
3474,0.042625801,0.035730552,0.010898211,0.145180988,
3475,0,0.017133651,0.007122692,0.169877371,
3476,0,0.009306101,0.006279942,0.202080234,
3477,0,0.007989554,0.012049374,0.238634859,
3478,0,0.0081302,0.026691762,0.24607636,
3479,0,0.007376116,0.046053062,0.239733767,
3480,0,0.009449308,0.06422623,0.238488008,
3481,0,0.011632519,0.079707644,0.232377718,
3482,0,0.012288297,0.08100659,0.221848053,
3483,0,0.011807387,0.082455049,0.216265462,
3484,0,0.014682348,0.088208244,0.223940166,
3485,0,0.020673493,0.104141174,0.246804784,
3486,0.051984437,0.026842983,0.049197017,0.237731068,
3487,0.189307433,0.021135458,0.049966778,0.274399035,
3488,0.342590353,0.024559168,0.048134124,0.28507431,
3489,0.473227594,0.023772687,0.051473205,0.313720973,
3490,0.55638597,0.0197153,0.059180198,0.316411556,
3491,0.604199959,0.019429447,0.064236004,0.275103972,
3492,0.62044135,0.023782549,0.085544637,0.239304451,
3493,0.598326937,0.023239846,0.094883184,0.233971973,
3494,0.539588838,0.010697997,0.070724457,0.216344938,
3495,0.445798756,0.008978437,0.101881345,0.229698158,
3496,0.317710661,0.016156364,0.171065311,0.226905532,
3497,0.169317041,0.024547321,0.183542357,0.203055089,
3498,0.041718013,0.02386401,0.193387433,0.207433451,
3499,0,0.027254713,0.116292762,0.168658058,
3500,0,0.015368492,0.056103154,0.145641502,
3501,0,0.003666546,0.022009237,0.13034477,
3502,0,0.001941243,0.01717419,0.13605842,
3503,0,0.001039025,0.022031382,0.135182981,
3504,0,0.002799763,0.022642543,0.103089979,
3505,0,0.002386406,0.014271998,0.067545664,
3506,0,0.000934119,0.005988862,0.05041464,
3507,0,0.000443908,0.003935422,0.046948365,
3508,0,0.000753212,0.009509164,0.049317669,
3509,0,0.000544756,0.008312011,0.052320729,
3510,0.04774898,0.001681517,0.007542861,0.034308072,
3511,0.129299771,0.000682812,0.009372457,0.036393441,
3512,0.228890288,0,0.004332782,0.035659334,
3513,0.345704415,0,0,0.048138131,
3514,0.442130144,0.002948397,0.011140374,0.056272281,
3515,0.480657547,0.012193983,0.014686603,0.052521505,
3516,0.493330002,0.022852597,0.01081409,0.042965507,
3517,0.467032947,0.03166652,0.007195493,0.033670377,
3518,0.342776907,0.039806636,0.009822343,0.029487624,
3519,0.257618795,0.041898123,0.014681212,0.030684474,
3520,0.156936794,0.042031376,0.015481806,0.03070914,
3521,0.089110054,0.040747607,0.018445286,0.038052548,
3522,0.031032631,0.024485209,0.007908714,0.023828901,
3523,0,0.009927038,0.007354025,0.035289454,
3524,0,0.009272029,0.009083148,0.041860015,
3525,0,0.008251547,0.009155694,0.045910523,
3526,0,0.007297693,0.009783478,0.051447002,
3527,0,0.006836388,0.010258633,0.050156821,
3528,0,0.005644352,0.009602994,0.040975431,
3529,0,0.004808191,0.007961368,0.036987531,
3530,0,0.004756838,0.006424606,0.045211007,
3531,0,0.005362154,0.003897366,0.053022291,
3532,0,0.006825972,0.005475687,0.057587042,
3533,0,0.00832528,0.016875009,0.063344772,
3534,0.046037623,0.013576879,0.023135932,0.057108126,
3535,0.156558255,0.008151506,0.036263168,0.067834093,
3536,0.290584239,0.006517071,0.039097745,0.088193604,
3537,0.409514803,0.006722599,0.033566405,0.096480741,
3538,0.495237072,0.01519953,0.015386205,0.09332907,
3539,0.529617086,0.026044329,0.014847161,0.087657009,
3540,0.518149069,0.035300557,0.023633686,0.08150692,
3541,0.512238424,0.042527066,0.042524136,0.082626071,
3542,0.437249352,0.044086966,0.072743366,0.091212597,
3543,0.358843173,0.049393125,0.095689574,0.091127233,
3544,0.256220937,0.041383348,0.084997323,0.086095246,
3545,0.129551743,0.032061055,0.061069933,0.088289433,
3546,0.033771597,0.008083516,0.019559094,0.047571607,
3547,0,0.005371278,0.024150175,0.072786962,
3548,0,0.004631497,0.042266256,0.097585329,
3549,0,0.007525676,0.064666286,0.117846501,
3550,0,0.011273367,0.082096215,0.126540067,
3551,0,0.011894856,0.094943164,0.128305705,
3552,0,0.012098296,0.089458563,0.103469356,
3553,0,0.008282136,0.07438541,0.077217417,
3554,0,0.004989644,0.052714244,0.056563226,
3555,0,0.003176582,0.036550705,0.043520812,
3556,0,0.003110525,0.031474904,0.039663611,
3557,0,0.002897611,0.030533752,0.037263977,
3558,0.029821285,0.001960097,0.020796351,0.030065885,
3559,0.09644334,0.001120807,0.01496376,0.041972123,
3560,0.185072357,0.000792055,0.016133153,0.041486596,
3561,0.296743158,0.003150018,0.024388858,0.054824176,
3562,0.378995796,0.009299993,0.035406606,0.068937267,
3563,0.419589415,0.016260322,0.046457717,0.083861504,
3564,0.439067766,0.022825957,0.052677739,0.084596061,
3565,0.470623493,0.030077006,0.072115201,0.076190253,
3566,0.442730789,0.044517549,0.082303097,0.070003048,
3567,0.360502705,0.046483029,0.075796372,0.063409609,
3568,0.265121391,0.046442976,0.063126392,0.064276991,
3569,0.133634277,0.043957713,0.067081419,0.08255576,
3570,0.044783118,0.013493466,0.032714205,0.049953667,
3571,0,0.019365668,0.027515362,0.035927507,
3572,0,0.014809939,0.022673074,0.027168928,
3573,0,0.00762878,0.0204288,0.019613967,
3574,0,0.00332497,0.015069839,0.018155432,
3575,0,0.003182605,0.016964592,0.022514663,
3576,0,0.007738352,0.025033356,0.030477854,
3577,0,0.00705543,0.031130403,0.047025674,
3578,0,0.007221462,0.040058999,0.056263762,
3579,0,0.010865929,0.050570119,0.055482984,
3580,0,0.004169191,0.041227481,0.055687381,
3581,0,0.006301813,0.026680459,0.044744239,
3582,0.027466524,0.000308016,0.008234493,0.012955052,
3583,0.095637135,0,0.009281601,0.007442528,
3584,0.184204538,0.001101479,0.01368297,0.008694924,
3585,0.263105275,0.006942583,0.026539296,0.016601628,
3586,0.322750242,0.017741007,0.045565086,0.029090333,
3587,0.393479922,0.026572593,0.065736075,0.034198486,
3588,0.479245081,0.037570907,0.079803179,0.045316724,
3589,0.503978661,0.047260374,0.105211934,0.074333696,
3590,0.478852626,0.066730708,0.150097709,0.100746623,
3591,0.378586091,0.086676035,0.189636336,0.126129128,
3592,0.273651573,0.092125038,0.222733875,0.159129457,
3593,0.154493913,0.0833571,0.232028768,0.171458637,
3594,0.043210117,0.019122604,0.174285963,0.134276903,
3595,0,0.025332255,0.152634791,0.11064561,
3596,0,0.028440121,0.141135405,0.100464889,
3597,0,0.029563538,0.148261151,0.106956028,
3598,0,0.031979042,0.148960579,0.10942573,
3599,0,0.035408902,0.137842686,0.109409539,
3600,0,0.039882927,0.11669846,0.096368962,
3601,0,0.043330104,0.113031959,0.083187627,
3602,0,0.043652818,0.125318756,0.082608935,
3603,0,0.03949359,0.130171135,0.089054121,
3604,0,0.035640149,0.121085516,0.09270958,
3605,0,0.034100293,0.114381565,0.101715519,
3606,0.050187882,0.038489287,0.164262216,0.170193878,
3607,0.155049802,0.030011369,0.13680805,0.14989441,
3608,0.275923017,0.039388946,0.121960874,0.135085036,
3609,0.393779245,0.052044345,0.096859517,0.124126502,
3610,0.488374487,0.059108864,0.087024127,0.110724446,
3611,0.548089218,0.059378379,0.085903138,0.096623108,
3612,0.569972738,0.05905735,0.088885606,0.098724862,
3613,0.539992471,0.060245611,0.088556873,0.096284327,
3614,0.466559648,0.059094816,0.100511755,0.094503522,
3615,0.393066237,0.048118878,0.119563272,0.108609199,
3616,0.288845169,0.029407053,0.132077149,0.116070462,
3617,0.160078302,0.017606608,0.136960936,0.116705144,
3618,0.04425322,0.016591326,0.119627714,0.133689693,
3619,0,0.016893452,0.128944162,0.132469102,
3620,0,0.010899879,0.114443452,0.123941493,
3621,0,0.003844543,0.091764136,0.128615069,
3622,0,0.00225595,0.075925581,0.13900026,
3623,0,0.00199892,0.067222536,0.143461787,
3624,0,0.002680721,0.05323636,0.131073246,
3625,0,0.002480255,0.044518996,0.1234656,
3626,0,0.003764575,0.037060958,0.113524464,
3627,0,0.006007978,0.033347079,0.104362182,
3628,0,0.009964478,0.025718254,0.09085212,
3629,0,0.010608618,0.020854151,0.079775009,
3630,0.052773815,0.010378181,0.024698501,0.077087838,
3631,0.185156313,0.001949402,0.016080171,0.0559383,
3632,0.333786096,0.000847203,0.013038542,0.045919746,
3633,0.46182469,0.004580714,0.010231069,0.037935547,
3634,0.545181067,0.010451925,0.013057296,0.031320522,
3635,0.596392406,0.015376172,0.027882429,0.035841783,
3636,0.604812196,0.020078267,0.060720426,0.048187881,
3637,0.576012712,0.025614547,0.091919394,0.062695268,
3638,0.50518809,0.030236104,0.122244277,0.084518595,
3639,0.409695772,0.032705245,0.149376071,0.104863598,
3640,0.297323835,0.035038985,0.169781128,0.124747518,
3641,0.160850635,0.036331612,0.16913453,0.133862241,
3642,0.043877897,0.047277761,0.194820981,0.146131444,
3643,0,0.034345268,0.178416646,0.138583279,
3644,0,0.02442235,0.160905227,0.125653172,
3645,0,0.016199382,0.129933249,0.109386278,
3646,0,0.012815932,0.100409995,0.103700172,
3647,0,0.012893443,0.076756298,0.098016547,
3648,0,0.011407014,0.060589472,0.088078483,
3649,0,0.009429031,0.05005623,0.079201024,
3650,0,0.008403273,0.049902462,0.076807923,
3651,0,0.009322075,0.059915401,0.075159931,
3652,0,0.012039932,0.072221282,0.077222593,
3653,0,0.014627543,0.070647633,0.075204278,
3654,0.053085347,0.012470899,0.05915489,0.069161443,
3655,0.186159252,0.007291507,0.049097641,0.068013934,
3656,0.333708124,0.005672801,0.039561824,0.06244103,
3657,0.461080463,0.006822137,0.028991214,0.055281451,
3658,0.545542093,0.006429211,0.01882812,0.037020381,
3659,0.598836117,0.004152848,0.012722627,0.024247961,
3660,0.614552023,0.01101788,0.02019732,0.022074037,
3661,0.588577297,0.022019944,0.054554709,0.028708978,
3662,0.526146116,0.035929075,0.096438436,0.044724319,
3663,0.435418369,0.049150953,0.117103949,0.052170794,
3664,0.309025633,0.061463173,0.123443339,0.061978676,
3665,0.1672754,0.072500348,0.137223152,0.074358319,
3666,0.049669693,0.079722421,0.156369151,0.076119389,
3667,0,0.070972365,0.152492281,0.075075668,
3668,0,0.042833841,0.126985811,0.067232617,
3669,0,0.023520816,0.093779825,0.061906051,
3670,0,0.01655908,0.068424934,0.053280221,
3671,0,0.012570692,0.051103211,0.048902489,
3672,0,0.010699414,0.038210965,0.047697122,
3673,0,0.007425535,0.027645584,0.04591025,
3674,0,0.006166894,0.026848866,0.046297858,
3675,0,0.00651944,0.029128622,0.047612633,
3676,0,0.007881468,0.034057376,0.043353855,
3677,0,0.008777576,0.042136195,0.044609822,
3678,0.056321523,0.005439295,0.035794656,0.029035657,
3679,0.171405778,0.004796603,0.044343516,0.040248773,
3680,0.301725037,0.001886449,0.03737519,0.037744866,
3681,0.41793955,0.000981473,0.031223835,0.036865436,
3682,0.492302481,0.003830044,0.031701383,0.046295111,
3683,0.540187221,0.013861415,0.032531321,0.058265782,
3684,0.554019368,0.016758212,0.029152202,0.076417588,
3685,0.554610608,0.018881239,0.035736723,0.066990826,
3686,0.502264156,0.029772186,0.055855011,0.065604656,
3687,0.419294811,0.044459525,0.085657399,0.078154787,
3688,0.303472733,0.056517472,0.108848187,0.092648034,
3689,0.165413838,0.068608019,0.111520335,0.120741788,
3690,0.044730575,0.054868301,0.062592073,0.069316327,
3691,0,0.038258781,0.048529518,0.074182169,
3692,0,0.021056983,0.047976651,0.072848317,
3693,0,0.017211338,0.042745927,0.076811182,
3694,0,0.016922495,0.039550522,0.083778881,
3695,0,0.016909579,0.034851085,0.091562534,
3696,0,0.013020789,0.023486552,0.091858541,
3697,0,0.010078978,0.023566484,0.090340491,
3698,0,0.00652701,0.028029368,0.102210295,
3699,0,0.005749561,0.027388334,0.127202206,
3700,0,0.006949054,0.031881314,0.138211622,
3701,0,0.007981053,0.042674337,0.142238859,
3702,0.053370251,0.004485446,0.03570759,0.100243824,
3703,0.153540101,0.003134266,0.02532655,0.10747572,
3704,0.280718538,0.001859829,0.019044886,0.108087484,
3705,0.39213285,0.002072513,0.018124879,0.123690929,
3706,0.466254626,0.002767526,0.025153748,0.131622617,
3707,0.502321453,0.006271851,0.042400652,0.134012732,
3708,0.495773664,0.017127344,0.058423363,0.134412354,
3709,0.453018793,0.031460799,0.068464959,0.127210593,
3710,0.399531192,0.044705218,0.067131034,0.124896209,
3711,0.299800889,0.051085784,0.066220973,0.137232251,
3712,0.204533439,0.044331821,0.061538497,0.148153004,
3713,0.101932892,0.043794914,0.066035661,0.157875058,
3714,0.032211046,0.010635787,0.03551771,0.097095235,
3715,0,0.013445342,0.046748582,0.099992797,
3716,0,0.014321959,0.044568201,0.079714464,
3717,0,0.015807764,0.045523103,0.067232488,
3718,0,0.017010864,0.036230441,0.053318279,
3719,0,0.019738166,0.024576348,0.047907055,
3720,0,0.018408167,0.017200772,0.042038142,
3721,0,0.013653081,0.00695483,0.034565733,
3722,0,0.014098983,0.010034705,0.027767965,
3723,0,0.009434641,0.016787832,0.029233427,
3724,0,0.006488154,0.018102456,0.029201066,
3725,0,0.005271938,0.022636731,0.031970314,
3726,0.027899387,0.002989056,0.004028383,0.017700888,
3727,0.097946797,0.005195296,0.023693282,0.035947542,
3728,0.199102425,0.009650391,0.056869044,0.069083512,
3729,0.311487003,0.012032271,0.06864155,0.0903459,
3730,0.391884381,0.020418779,0.081827033,0.105918603,
3731,0.414172008,0.02367019,0.095532073,0.11217942,
3732,0.429254179,0.027124388,0.116442743,0.12907317,
3733,0.407004731,0.035991465,0.136869728,0.144159738,
3734,0.376036014,0.046742423,0.149024326,0.150046701,
3735,0.331830775,0.053638192,0.156040587,0.154463262,
3736,0.250041606,0.052875328,0.159445178,0.167829048,
3737,0.145917982,0.048304899,0.169092432,0.18116578,
3738,0.047218553,0.036014924,0.089701804,0.09805344,
3739,0,0.03548206,0.080742749,0.090760923,
3740,0,0.02572538,0.058994402,0.079149428,
3741,0,0.014675975,0.042259274,0.078867299,
3742,0,0.007945998,0.025959429,0.063722657,
3743,0,0.004414509,0.014422641,0.053249696,
3744,0,0.00320195,0.013368975,0.054911559,
3745,0,0.002846808,0.010233463,0.049691645,
3746,0,0.001912718,0.005431424,0.045793058,
3747,0,0.00079246,0.000860637,0.038249699,
3748,0,0.000585982,0.000520115,0.033213684,
3749,0,0,0.000224464,0.031425958,
3750,0.053112653,0,0,0.013714365,
3751,0.163611585,0,0.000166891,0.020318393,
3752,0.302477242,0,0.003154952,0.030586307,
3753,0.431863924,0,0.004866831,0.043396742,
3754,0.521793212,0.00179064,0.007635578,0.049877679,
3755,0.58061445,0.006193213,0.016208916,0.059904555,
3756,0.601944172,0.011810058,0.022383935,0.061381914,
3757,0.577654831,0.018867408,0.027551258,0.062389659,
3758,0.521733474,0.030055164,0.039333994,0.061196466,
3759,0.435639984,0.045072906,0.054479471,0.062312747,
3760,0.31077605,0.056387643,0.066781349,0.0658162,
3761,0.168900931,0.061798918,0.055486041,0.066743798,
3762,0.046914012,0.042749199,0.031437294,0.030314877,
3763,0,0.036024107,0.025035298,0.025866124,
3764,0,0.028603972,0.022055196,0.028810036,
3765,0,0.021204649,0.016656734,0.024742726,
3766,0,0.018035506,0.014211046,0.02124524,
3767,0,0.017617752,0.0122637,0.01886942,
3768,0,0.01729367,0.01078357,0.019826228,
3769,0,0.015570903,0.007845809,0.019054223,
3770,0,0.013511365,0.004110476,0.019765709,
3771,0,0.00805228,0.002660941,0.025227737,
3772,0,0.003671822,0.001589435,0.032243168,
3773,0,0.002985392,0.001413445,0.038572393,
3774,0.048294977,0.000207965,0.001428878,0.030615491,
3775,0.160040533,0.000244903,0.004883903,0.029625654,
3776,0.284166178,0.000540899,0.012235664,0.033820251,
3777,0.433105027,0.00098693,0.014541034,0.031269613,
3778,0.529889835,0.002469297,0.017206368,0.025852522,
3779,0.588594059,0.004788444,0.018577229,0.029293926,
3780,0.597447737,0.010224945,0.022989386,0.036542945,
3781,0.579118603,0.019785383,0.041847091,0.043987716,
3782,0.522655267,0.028074342,0.060701487,0.040550062,
3783,0.436001769,0.038380063,0.067729063,0.039441061,
3784,0.309900555,0.046903118,0.088413257,0.050075232,
3785,0.169638686,0.053530726,0.091566855,0.053055749,
3786,0.047553028,0.034000699,0.057634088,0.0417854,
3787,0,0.03221192,0.048066814,0.034871514,
3788,0,0.031503909,0.049573333,0.027597298,
3789,0,0.030590973,0.048461167,0.02450855,
3790,0,0.03348532,0.040322904,0.035348584,
3791,0,0.037189894,0.066652064,0.057626845,
3792,0,0.037576774,0.063807945,0.041082507,
3793,0,0.035520272,0.040685514,0.015576021,
3794,0,0.034461114,0.028654983,0.01250354,
3795,0,0.037812186,0.034179079,0.020581491,
3796,0,0.036719153,0.038912468,0.024699958,
3797,0,0.030930791,0.033285477,0.025644354,
3798,0.052086897,0.006478962,0.009753402,0.022655092,
3799,0.157547693,0.003934097,0.008609161,0.016439827,
3800,0.286486713,0.006574115,0.010468897,0.014788709,
3801,0.404207523,0.006810147,0.004241798,0.008465375,
3802,0.485064706,0.017479234,0.018706585,0.005104137,
3803,0.530170003,0.021956517,0.045272299,0.015257452,
3804,0.525711408,0.018568394,0.056119487,0.021940647,
3805,0.511663263,0.017866455,0.059644369,0.028456989,
3806,0.479628434,0.021638199,0.07572748,0.036916184,
3807,0.407560954,0.022418206,0.096535453,0.051927433,
3808,0.304124277,0.02190504,0.117859611,0.07064981,
3809,0.169211587,0.029288076,0.132679832,0.088405356,
3810,0.047700066,0.023625853,0.116910982,0.087530701,
3811,0,0.033279615,0.142910948,0.103051554,
3812,0,0.035549186,0.146449647,0.101492654,
3813,0,0.027748679,0.12100898,0.090537513,
3814,0,0.023721666,0.101729801,0.084334124,
3815,0,0.023120137,0.09084861,0.083964322,
3816,0,0.030498975,0.087803464,0.077612124,
3817,0,0.036586572,0.108594773,0.086411098,
3818,0,0.042493319,0.135496638,0.102629818,
3819,0,0.055505128,0.160264689,0.106266111,
3820,0,0.073278394,0.191764517,0.120632339,
3821,0,0.091722094,0.221597311,0.149101451,
3822,0.04922602,0.086539017,0.200417674,0.131515055,
3823,0.158010031,0.126718793,0.260660501,0.146017572,
3824,0.29530272,0.188231563,0.334132713,0.173742049,
3825,0.421931131,0.228817231,0.377407747,0.178959946,
3826,0.494747341,0.236979626,0.377027392,0.176406828,
3827,0.545693045,0.221492048,0.374910972,0.189994877,
3828,0.545641236,0.207954711,0.376208458,0.203692549,
3829,0.518687447,0.18742598,0.381257026,0.220251426,
3830,0.4176702,0.189592893,0.39114984,0.229427256,
3831,0.338246155,0.204926274,0.410964804,0.233210867,
3832,0.218708519,0.205820698,0.400867139,0.237462342,
3833,0.101485296,0.224214821,0.395622864,0.256924886,
3834,0.025560895,0.102866169,0.369795976,0.286596769,
3835,0,0.142190037,0.336131972,0.26644455,
3836,0,0.21948586,0.313221891,0.259856386,
3837,0,0.257737302,0.309706969,0.329753742,
3838,0,0.270169627,0.350484633,0.381337213,
3839,0,0.240589449,0.402012787,0.378834415,
3840,0,0.231615234,0.431359451,0.373114226,
3841,0,0.239183996,0.455525372,0.391859339,
3842,0,0.25755702,0.494960347,0.459062973,
3843,0,0.264262454,0.498860976,0.461073083,
3844,0,0.26504166,0.469943794,0.415117232,
3845,0,0.233668425,0.466368197,0.396734305,
3846,0.02220501,0.123978815,0.370805661,0.371081508,
3847,0.067378731,0.166661021,0.40715038,0.399758075,
3848,0.138921238,0.229239868,0.399766001,0.406301201,
3849,0.237723029,0.239082973,0.376044125,0.409872021,
3850,0.296756737,0.224816394,0.351039408,0.394693987,
3851,0.370756901,0.193895552,0.314583575,0.354733591,
3852,0.357551062,0.16838427,0.263898884,0.320969619,
3853,0.341488988,0.152378845,0.24308969,0.28673048,
3854,0.277089737,0.153148462,0.239140825,0.268653499,
3855,0.15162327,0.175175351,0.256412284,0.264155477,
3856,0.115846791,0.187714619,0.282257316,0.246048203,
3857,0.068321054,0.184263129,0.300292224,0.226472762,
3858,0.029437158,0.063029821,0.191587487,0.175381823,
3859,0,0.106849941,0.203060307,0.156566987,
3860,0,0.147908381,0.214232353,0.147905515,
3861,0,0.153614302,0.226236602,0.150456548,
3862,0,0.136301327,0.233823202,0.151678319,
3863,0,0.118015366,0.234802687,0.150833015,
3864,0,0.106026072,0.225481059,0.148059536,
3865,0,0.100704633,0.21599096,0.143975071,
3866,0,0.094861468,0.213188454,0.140648708,
3867,0,0.098519907,0.205108244,0.134517455,
3868,0,0.100449675,0.184975927,0.119551069,
3869,0,0.092813915,0.166114463,0.104357783,
3870,0.025698866,0.066992267,0.137709778,0.085938822,
3871,0.072279629,0.077052049,0.100339615,0.055494288,
3872,0.135917555,0.081667044,0.092472567,0.059659402,
3873,0.194054582,0.084056118,0.088501229,0.068252214,
3874,0.241266155,0.069693719,0.099852098,0.070971496,
3875,0.255745968,0.070776355,0.110058253,0.064244011,
3876,0.279165224,0.065890372,0.108767554,0.05032979,
3877,0.282416613,0.060155382,0.099560151,0.04669965,
3878,0.227534677,0.05368725,0.096443262,0.045070948,
3879,0.203089549,0.037738131,0.097174037,0.050832873,
3880,0.152479915,0.025278158,0.09889476,0.056247231,
3881,0.071602364,0.018458741,0.090882703,0.053814018,
3882,0.026080717,0.023287395,0.093202691,0.06772718,
3883,0,0.037084458,0.059006256,0.047713396,
3884,0,0.045551846,0.045648736,0.040692889,
3885,0,0.041195171,0.042486434,0.036987693,
3886,0,0.030396828,0.042176051,0.03101886,
3887,0,0.022134297,0.042428399,0.033537068,
3888,0,0.018728532,0.046720062,0.044163321,
3889,0,0.017481864,0.04921725,0.047478245,
3890,0,0.014405999,0.04456201,0.043629513,
3891,0,0.015168872,0.042707682,0.044424577,
3892,0,0.013042569,0.044240818,0.043445245,
3893,0,0.012040246,0.041348336,0.045126298,
3894,0.031522928,0.013080424,0.025058497,0.042317816,
3895,0.109079139,0.012621129,0.015990745,0.034752345,
3896,0.233877724,0.011891832,0.01152722,0.032389572,
3897,0.357907007,0.009355118,0.01201898,0.016460972,
3898,0.417366504,0.010735677,0.012601026,0.012362414,
3899,0.474129552,0.013105079,0.014723327,0.009351844,
3900,0.480436763,0.013086929,0.023605166,0.00995131,
3901,0.438159985,0.013330171,0.047140216,0.015448027,
3902,0.38039555,0.012694963,0.06370183,0.01709884,
3903,0.324963323,0.012421959,0.066492557,0.019383465,
3904,0.260303774,0.01126684,0.066317447,0.02857246,
3905,0.138140764,0.012421295,0.058230666,0.028796145,
3906,0.045072263,0.022545474,0.038455688,0.022607329,
3907,0,0.023277995,0.027567266,0.02342041,
3908,0,0.01424233,0.015505277,0.03260041,
3909,0,0.00988956,0.007238585,0.042767636,
3910,0,0.005344474,0.0086025,0.054670541,
3911,0,0.001510597,0.008124267,0.057894898,
3912,0,0.001280406,0.007555988,0.056958254,
3913,0,0.001106995,0.007712336,0.054356349,
3914,0,0.002211955,0.011865741,0.070904392,
3915,0,0.004735774,0.026414837,0.101554592,
3916,0,0.008027008,0.056823243,0.145604802,
3917,0,0.015400607,0.090304876,0.172289674,
3918,0.044794541,0.016952917,0.123805981,0.215856309,
3919,0.156107198,0.021056137,0.145926433,0.226047627,
3920,0.278520671,0.01799053,0.130790301,0.228178494,
3921,0.389077102,0.014200875,0.119741009,0.233992617,
3922,0.442238087,0.01214163,0.137300844,0.280677033,
3923,0.431073785,0.014308598,0.181236469,0.398844381,
3924,0.442818342,0.019300145,0.226201943,0.465915652,
3925,0.409035099,0.025152166,0.246034703,0.484539024,
3926,0.332234073,0.033080298,0.29246708,0.518039896,
3927,0.352820348,0.049918498,0.367319533,0.554059017,
3928,0.261134647,0.071124504,0.448952552,0.594383607,
3929,0.155831979,0.080599828,0.415746746,0.610252213,
3930,0.044977954,0.054681605,0.291315191,0.401490685,
3931,0,0.064025157,0.295489978,0.428823787,
3932,0,0.067967496,0.307809508,0.462166403,
3933,0,0.073880347,0.323170762,0.475627229,
3934,0,0.082586221,0.325829767,0.477437874,
3935,0,0.091551816,0.346024688,0.487712488,
3936,0,0.102023537,0.355050141,0.480814604,
3937,0,0.104589929,0.347244512,0.460701823,
3938,0,0.101617506,0.330926914,0.42485099,
3939,0,0.092417935,0.319651837,0.396980802,
3940,0,0.090633337,0.335851896,0.40864993,
3941,0,0.095874606,0.372406975,0.450944791,
3942,0.039599533,0.023445185,0.175640157,0.30126209,
3943,0.123816666,0.039865541,0.214194705,0.324419544,
3944,0.226503493,0.070517689,0.283512825,0.399658809,
3945,0.346885031,0.101580636,0.340507241,0.459487487,
3946,0.433491047,0.124736094,0.34969314,0.454378091,
3947,0.487489284,0.138219824,0.343819155,0.405347909,
3948,0.510947799,0.145558469,0.357137896,0.360432053,
3949,0.489937914,0.15088197,0.364787831,0.344827416,
3950,0.439761083,0.141836619,0.359498577,0.33946222,
3951,0.286025485,0.142518438,0.360241741,0.335915815,
3952,0.219074458,0.155435619,0.36979142,0.325529293,
3953,0.12813985,0.181063397,0.393779702,0.315738826,
3954,0.041814956,0.087694143,0.310947282,0.266412835,
3955,0,0.130618296,0.360465756,0.269275928,
3956,0,0.180126769,0.403804773,0.264549542,
3957,0,0.212185842,0.417337732,0.252303405,
3958,0,0.209071881,0.407710703,0.231552287,
3959,0,0.191165043,0.382635039,0.211046302,
3960,0,0.174099521,0.354274791,0.210846543,
3961,0,0.166297573,0.360468075,0.247943841,
3962,0,0.1678105,0.38420777,0.292918912,
3963,0,0.169069032,0.402285474,0.31727093,
3964,0,0.173244506,0.418985452,0.337511339,
3965,0,0.170001858,0.435322608,0.36471986,
3966,0.044199778,0.123487295,0.371932999,0.335979516,
3967,0.145501789,0.170120833,0.383238982,0.33854004,
3968,0.261971202,0.211217151,0.365079984,0.342750433,
3969,0.37289219,0.204860596,0.349433882,0.349132955,
3970,0.46773029,0.182401553,0.321995799,0.334194057,
3971,0.502522296,0.179918445,0.296729716,0.326194942,
3972,0.554795039,0.17092544,0.271200994,0.317126313,
3973,0.524791482,0.162247474,0.269898508,0.32421041,
3974,0.466678241,0.165350729,0.286087234,0.335950995,
3975,0.350549388,0.17549019,0.296758462,0.333214749,
3976,0.260604286,0.186672657,0.31164994,0.333719299,
3977,0.150297984,0.190098436,0.332492905,0.338468724,
3978,0.046906159,0.069806808,0.266971496,0.307946332,
3979,0,0.103833283,0.27506589,0.322315796,
3980,0,0.130016525,0.302638219,0.354758508,
3981,0,0.139259487,0.33169235,0.364301611,
3982,0,0.14233265,0.351911022,0.351502536,
3983,0,0.140804898,0.38613601,0.363229561,
3984,0,0.137294789,0.429126446,0.392516657,
3985,0,0.138200735,0.450061648,0.426026477,
3986,0,0.132826234,0.433702792,0.465031458,
3987,0,0.123055323,0.413775905,0.519279992,
3988,0,0.107683242,0.405307335,0.540638901,
3989,0,0.095197088,0.40775386,0.548805855,
3990,0.04672254,0.040603242,0.230431561,0.444725392,
3991,0.159612584,0.046218287,0.242199399,0.448096729,
3992,0.292218403,0.047308337,0.256098948,0.442616182,
3993,0.419868779,0.051098849,0.260965236,0.445679114,
3994,0.506829722,0.054597253,0.253379128,0.448327117,
3995,0.579089047,0.04652719,0.239147817,0.428169048,
3996,0.606164295,0.04545083,0.224774288,0.390542986,
3997,0.580245598,0.049884196,0.225032391,0.356074223,
3998,0.523538957,0.059987677,0.234345366,0.323046556,
3999,0.441010425,0.072700303,0.252509312,0.300466878,
4000,0.322062175,0.078914214,0.269717897,0.279925104,
4001,0.180344087,0.072564513,0.27872901,0.270958595,
4002,0.0531646,0.025620305,0.181178549,0.209061001,
4003,0,0.037830665,0.164009893,0.208739229,
4004,0,0.042535326,0.140983504,0.190353513,
4005,0,0.040900723,0.12747827,0.185670839,
4006,0,0.029498526,0.115884434,0.180225212,
4007,0,0.020906801,0.102042802,0.18032131,
4008,0,0.0190771,0.093749912,0.178997977,
4009,0,0.016838916,0.094213684,0.178801989,
4010,0,0.016066249,0.099310496,0.179658971,
4011,0,0.015240959,0.100331048,0.169485142,
4012,0,0.015184895,0.102935567,0.168824068,
4013,0,0.013412353,0.099464971,0.176708563,
4014,0.055571466,0.005429747,0.042450986,0.128520111,
4015,0.154170832,0.005675368,0.047066997,0.110704457,
4016,0.26414981,0.006119849,0.055223692,0.097922947,
4017,0.331983826,0.007134203,0.06075524,0.102280281,
4018,0.385363428,0.01104513,0.060238522,0.107426539,
4019,0.419316162,0.013325549,0.052918348,0.108463346,
4020,0.423842391,0.014311216,0.045983389,0.096555994,
4021,0.344824237,0.014785556,0.048455426,0.081738524,
4022,0.324194033,0.01542033,0.059577228,0.085179362,
4023,0.301665243,0.019128086,0.071862074,0.086399326,
4024,0.227258089,0.019536346,0.068163306,0.0824927,
4025,0.137402096,0.018966309,0.061570398,0.083108218,
4026,0.045595844,0.02108556,0.052231692,0.064543638,
4027,0,0.01408068,0.039204086,0.065469553,
4028,0,0.00721222,0.040244849,0.066173356,
4029,0,0.004463343,0.040567505,0.072539752,
4030,0,0.003055623,0.037715871,0.071887413,
4031,0,0.004418883,0.033773857,0.064996534,
4032,0,0.004352702,0.025047484,0.057806458,
4033,0,0.001788318,0.015893655,0.045505614,
4034,0,0.00094877,0.010951597,0.035870109,
4035,0,0.001138244,0.012859868,0.033415173,
4036,0,0.001291247,0.01456372,0.038561113,
4037,0,0.001255097,0.015671201,0.046670434,
4038,0.049606744,0.000465678,0.011993368,0.044967025,
4039,0.148217249,0.000362498,0.003747573,0.043211777,
4040,0.279920413,0.000320783,0.003020504,0.043831637,
4041,0.402879169,0.00030082,0.002508582,0.045791531,
4042,0.501750188,0.000896835,0.003272039,0.053729796,
4043,0.560105719,0.001306651,0.003199678,0.063713204,
4044,0.589661873,0.004178753,0.002279803,0.071131061,
4045,0.568670358,0.009436294,0.005136308,0.082244483,
4046,0.504265246,0.020597099,0.007653753,0.085198913,
4047,0.393713531,0.033969345,0.01658986,0.091927889,
4048,0.288973583,0.044930565,0.035624948,0.103186132,
4049,0.159377231,0.056815232,0.041443225,0.1078678,
4050,0.05044652,0.037620008,0.032156561,0.056474154,
4051,0,0.034288357,0.025707344,0.053985282,
4052,0,0.025239212,0.019934505,0.078595075,
4053,0,0.021363283,0.018811618,0.110067209,
4054,0,0.019754431,0.018976204,0.131537224,
4055,0,0.017116094,0.017176974,0.159513884,
4056,0,0.015031898,0.015105507,0.173763246,
4057,0,0.013675933,0.010805892,0.18694082,
4058,0,0.010205459,0.010211448,0.195799552,
4059,0,0.006792838,0.011200047,0.185354547,
4060,0,0.006129599,0.017786397,0.189906417,
4061,0,0.005888256,0.019875275,0.193774996,
4062,0.040547754,0.002117561,0.003884102,0.142562527,
4063,0.089497229,0.002778132,0.014224082,0.15497995,
4064,0.140568067,0.003965175,0.021911507,0.160677994,
4065,0.174845777,0.006797985,0.018336231,0.158932374,
4066,0.195932138,0.011421218,0.014165979,0.152498395,
4067,0.234217403,0.023979114,0.025173914,0.156123264,
4068,0.241010165,0.03503146,0.041403306,0.177952046,
4069,0.310515779,0.046042373,0.051841665,0.201296114,
4070,0.261321784,0.052501755,0.057993868,0.244291692,
4071,0.164403702,0.052033258,0.066920077,0.271713601,
4072,0.111010925,0.049482871,0.080735902,0.291107161,
4073,0.062560495,0.05201672,0.084327899,0.294360351,
4074,0.022069787,0.019030867,0.037094197,0.198164537,
4075,0,0.019565261,0.023937207,0.174197858,
4076,0,0.022214542,0.014603399,0.132044839,
4077,0,0.014805215,0.005948271,0.082466986,
4078,0,0.01049962,0.007935334,0.047717992,
4079,0,0.008794285,0.009038579,0.032110966,
4080,0,0.008215326,0.011296266,0.035315937,
4081,0,0.011212493,0.017077827,0.045832224,
4082,0,0.021713502,0.026266794,0.064470122,
4083,0,0.034153086,0.040675387,0.101654886,
4084,0,0.035716461,0.056145375,0.144381888,
4085,0,0.035551008,0.068848881,0.162259785,
4086,0.047389981,0.035696546,0.122031434,0.194183873,
4087,0.158238062,0.030174674,0.109660136,0.185167405,
4088,0.272148062,0.033393881,0.086601262,0.166494294,
4089,0.364690624,0.036683172,0.076850732,0.155504798,
4090,0.423172525,0.046883564,0.070337411,0.15558939,
4091,0.502692217,0.050976995,0.066179864,0.139960897,
4092,0.535150411,0.048055366,0.069287014,0.098694554,
4093,0.509889786,0.048414745,0.079808621,0.075505463,
4094,0.444242601,0.054001153,0.103900159,0.08153448,
4095,0.361053958,0.062425119,0.132584477,0.103467506,
4096,0.266964459,0.077667278,0.166652558,0.12981934,
4097,0.149937481,0.090726568,0.184770388,0.135243562,
4098,0.053875532,0.113658555,0.183425015,0.178510545,
4099,0,0.087504953,0.168062604,0.143086575,
4100,0,0.070692133,0.139844144,0.09903248,
4101,0,0.052318042,0.122779054,0.091794739,
4102,0,0.053268312,0.123713147,0.096668674,
4103,0,0.056827386,0.12131729,0.101581125,
4104,0,0.051795915,0.112310322,0.108601557,
4105,0,0.043314633,0.104968915,0.124564862,
4106,0,0.039496171,0.115388877,0.133364072,
4107,0,0.040765235,0.12635675,0.133686095,
4108,0,0.036186271,0.102434319,0.112656632,
4109,0,0.034142971,0.093981572,0.103094847,
4110,0.043612628,0.019097949,0.089789866,0.121876451,
4111,0.144088316,0.023445116,0.086201349,0.109331892,
4112,0.273861551,0.041632925,0.083187944,0.085657154,
4113,0.428670831,0.052405956,0.056438601,0.06322018,
4114,0.532089424,0.066925237,0.038267942,0.050957927,
4115,0.592855631,0.07376361,0.030405635,0.044614854,
4116,0.615734015,0.084613079,0.04159901,0.040609849,
4117,0.594962884,0.094460399,0.070305856,0.041309684,
4118,0.540696781,0.106997113,0.093995738,0.045489221,
4119,0.447180915,0.107219134,0.09136903,0.037881554,
4120,0.322435965,0.095005773,0.089567232,0.038253588,
4121,0.18517923,0.082386286,0.093841552,0.052545704,
4122,0.054803968,0.024114433,0.087148363,0.07575493,
4123,0,0.023031849,0.088948234,0.078642418,
4124,0,0.023192951,0.093600141,0.079604122,
4125,0,0.015104532,0.092226966,0.079144586,
4126,0,0.013086712,0.08745574,0.076509592,
4127,0,0.010984394,0.073749208,0.071151467,
4128,0,0.00960019,0.06209361,0.070039783,
4129,0,0.013713633,0.059104481,0.064834322,
4130,0,0.017169749,0.058406415,0.057110808,
4131,0,0.023795623,0.055857417,0.040940534,
4132,0,0.027526197,0.051095045,0.027253738,
4133,0,0.025980748,0.049250697,0.029891862,
4134,0.053856208,0.019152845,0.046889186,0.033979986,
4135,0.151358884,0.007873861,0.045912834,0.044395128,
4136,0.279966917,0.004066804,0.044486549,0.055841374,
4137,0.389043118,0.001948742,0.032325847,0.063112627,
4138,0.477192613,0.001866855,0.026314956,0.068519255,
4139,0.527332185,0.001513135,0.022811396,0.074470345,
4140,0.549275103,0.001429848,0.024451069,0.072748099,
4141,0.517005977,0.002926024,0.032876674,0.073438779,
4142,0.446366384,0.009629682,0.053915592,0.091334866,
4143,0.373631734,0.023322509,0.092161989,0.132187533,
4144,0.274274861,0.044094685,0.111091769,0.150474639,
4145,0.149575996,0.058282311,0.125243351,0.16241024,
4146,0.052193034,0.022585622,0.077445581,0.07986191,
4147,0,0.032322909,0.068045847,0.085539889,
4148,0,0.031497077,0.053170743,0.08460543,
4149,0,0.029100123,0.046518538,0.097061044,
4150,0,0.026934292,0.04121065,0.108504619,
4151,0,0.024278512,0.038867707,0.098244964,
4152,0,0.022106485,0.03868491,0.087152941,
4153,0,0.017304489,0.032269708,0.08051156,
4154,0,0.013708667,0.028503858,0.079609875,
4155,0,0.00877958,0.027851979,0.093608412,
4156,0,0.007216819,0.027219101,0.11270199,
4157,0,0.007090269,0.031100904,0.105515701,
4158,0.019234965,0.000482997,0.011729178,0.108250448,
4159,0.059443814,0.004074566,0.045142051,0.110476596,
4160,0.121154337,0.00620764,0.057506971,0.10922663,
4161,0.176409524,0.009467671,0.082831926,0.103797827,
4162,0.27022998,0.01305213,0.11565745,0.110781177,
4163,0.33311044,0.03352949,0.15073662,0.105365504,
4164,0.380767347,0.057571547,0.176617358,0.097988847,
4165,0.450493677,0.079021263,0.197479891,0.103081618,
4166,0.416619025,0.09670439,0.223211425,0.123903461,
4167,0.404342904,0.114974889,0.252886718,0.151171467,
4168,0.296224268,0.12285119,0.261820712,0.15821519,
4169,0.173718034,0.120857431,0.25547353,0.159180195,
4170,0.054923625,0.078789995,0.121610489,0.080448449,
4171,0,0.113954757,0.136456386,0.089863177,
4172,0,0.120580922,0.125786199,0.080528504,
4173,0,0.10658179,0.123873719,0.073432017,
4174,0,0.091246359,0.128757686,0.072891442,
4175,0,0.085382384,0.137577797,0.078614858,
4176,0,0.083354065,0.148494557,0.083181981,
4177,0,0.080042386,0.145363445,0.084371758,
4178,0,0.080808383,0.138350634,0.082513018,
4179,0,0.084270411,0.130521945,0.083737314,
4180,0,0.083894843,0.119951805,0.081159665,
4181,0,0.077994486,0.100718902,0.065421176,
4182,0.04525017,0.053101382,0.06972295,0.042384388,
4183,0.162523712,0.041147658,0.050694595,0.031745798,
4184,0.311184822,0.045878579,0.041969329,0.022212392,
4185,0.440743164,0.065479242,0.042872608,0.023416626,
4186,0.525866287,0.076120434,0.04657845,0.032842756,
4187,0.581413412,0.072518807,0.042333853,0.034882035,
4188,0.601137004,0.075927337,0.059684454,0.042463009,
4189,0.580382025,0.084150737,0.100490065,0.070169298,
4190,0.527142161,0.096165689,0.162607262,0.120799662,
4191,0.436276346,0.110654621,0.226337642,0.175863099,
4192,0.316422608,0.129383009,0.276848154,0.218102743,
4193,0.177690224,0.1282479,0.282727435,0.226959694,
4194,0.053798995,0.080696104,0.161067189,0.132703514,
4195,0,0.088614698,0.136371463,0.113513526,
4196,0,0.08330634,0.101924304,0.095110322,
4197,0,0.052680396,0.07628078,0.088916049,
4198,0,0.035745176,0.050132047,0.092516425,
4199,0,0.034807884,0.041377738,0.092572508,
4200,0,0.03464411,0.044338295,0.084275829,
4201,0,0.029512351,0.05119669,0.077567076,
4202,0,0.025594603,0.057481406,0.069210837,
4203,0,0.021699218,0.048565117,0.065304658,
4204,0,0.016172593,0.036888947,0.067083656,
4205,0,0.012056196,0.025961945,0.073907448,
4206,0.051053452,0.007070658,0.006562118,0.039480495,
4207,0.161866237,0,0.002676027,0.053855752,
4208,0.270447798,0.000153048,0.012960054,0.083644303,
4209,0.351096791,0.001632941,0.033049132,0.115870758,
4210,0.42022023,0.003388445,0.039443548,0.124274516,
4211,0.473777422,0.008531709,0.044568262,0.149621446,
4212,0.515086104,0.01329177,0.050814824,0.166836838,
4213,0.484420061,0.016618861,0.049045337,0.168563341,
4214,0.431037617,0.03127283,0.061583255,0.182660373,
4215,0.387155837,0.038153719,0.088062247,0.214260387,
4216,0.287563873,0.039786456,0.121175143,0.243330929,
4217,0.170209689,0.041523227,0.136999989,0.246604066,
4218,0.0566588,0.016337128,0.053931436,0.149953205,
4219,0,0.017454264,0.070082876,0.15846046,
4220,0,0.018258994,0.097714168,0.197960102,
4221,0,0.022413859,0.120748348,0.285450741,
4222,0,0.033331957,0.171827768,0.382711055,
4223,0,0.039629917,0.235981518,0.474743374,
4224,0,0.043135682,0.286652353,0.519549696,
4225,0,0.049738702,0.333489702,0.56853089,
4226,0,0.056439549,0.376312732,0.629670676,
4227,0,0.066571802,0.414411521,0.720238481,
4228,0,0.072403195,0.479512841,0.797607818,
4229,0,0.086726386,0.588975431,0.842586101,
4230,0.013863431,0.046479473,0.486487689,0.789427002,
4231,0.028754807,0.071029521,0.594257119,0.832144157,
4232,0.055765582,0.123357565,0.678979705,0.860663359,
4233,0.075680845,0.173800607,0.744357995,0.872291208,
4234,0.081445147,0.203649981,0.786658861,0.875399481,
4235,0.096575796,0.254004796,0.812731828,0.880179713,
4236,0.127431221,0.326528971,0.843068704,0.884399604,
4237,0.150744529,0.392653483,0.857156465,0.885179651,
4238,0.129019217,0.443045204,0.864449487,0.8855,
4239,0.063087286,0.509827146,0.864360496,0.8855,
4240,0.043820136,0.580369506,0.866742732,0.885498507,
4241,0.022019806,0.688389356,0.870357209,0.885454698,
4242,0.004267352,0.616234483,0.832757079,0.876415002,
4243,0,0.659160886,0.862785986,0.882380939,
4244,0,0.706366766,0.869541443,0.884160033,
4245,0,0.698144702,0.858633526,0.874928855,
4246,0,0.662385451,0.831918733,0.846136344,
4247,0,0.631137984,0.77857452,0.790847637,
4248,0,0.57657758,0.711165956,0.727839345,
4249,0,0.537337665,0.672974538,0.68793872,
4250,0,0.483009122,0.625072572,0.642265556,
4251,0,0.409456169,0.565324537,0.601287941,
4252,0,0.333631724,0.525422888,0.570102275,
4253,0,0.285477973,0.498690889,0.52476597,
4254,0.000607824,0.239030754,0.470646886,0.504868919,
4255,0.015179297,0.205808832,0.430548796,0.46107491,
4256,0.053123741,0.173800947,0.386625049,0.438705016,
4257,0.145585549,0.18491544,0.34093027,0.416691322,
4258,0.215909935,0.225610346,0.300472028,0.42791647,
4259,0.288968223,0.273628708,0.275367604,0.442733739,
4260,0.339410095,0.26083,0.215571591,0.415253788,
4261,0.357649513,0.222098555,0.207467003,0.402803687,
4262,0.353434155,0.197641103,0.251004003,0.443418665,
4263,0.361352009,0.217988208,0.310567687,0.498702068,
4264,0.253290223,0.229451651,0.343000796,0.532816747,
4265,0.140214254,0.216936241,0.34953109,0.537957655,
4266,0.04678064,0.097661722,0.153760353,0.329658364,
4267,0,0.080496862,0.115650108,0.313475612,
4268,0,0.062063152,0.109111685,0.311347049,
4269,0,0.050882195,0.132238672,0.348103743,
4270,0,0.054939362,0.167410874,0.400715945,
4271,0,0.062469163,0.220150591,0.464477307,
4272,0,0.072734255,0.287125035,0.504181724,
4273,0,0.078895921,0.326153789,0.515323534,
4274,0,0.079694673,0.344359686,0.506018674,
4275,0,0.080062584,0.384482612,0.523824553,
4276,0,0.08883764,0.440137314,0.540020876,
4277,0,0.102554724,0.460611159,0.504696276,
4278,0.003971892,0.067702693,0.463686589,0.49264315,
4279,0.022953715,0.104762799,0.509315438,0.488507917,
4280,0.044633545,0.128015525,0.481866676,0.457266319,
4281,0.068378035,0.12127647,0.475584855,0.42988431,
4282,0.089081016,0.135059618,0.503631328,0.418924049,
4283,0.101335795,0.156783732,0.467376089,0.411346955,
4284,0.139039774,0.165031764,0.455678731,0.458066985,
4285,0.130239542,0.154957562,0.452524147,0.494713271,
4286,0.137458558,0.157035836,0.481000011,0.516517345,
4287,0.198610806,0.165391802,0.507370871,0.509621379,
4288,0.136359897,0.165058352,0.458985268,0.459266399,
4289,0.065200771,0.148580178,0.367342884,0.377584269,
4290,0.023150056,0.09708274,0.216474075,0.222541843,
4291,0,0.079946014,0.238707224,0.233229269,
4292,0,0.070844125,0.285888422,0.257656173,
4293,0,0.076577416,0.277861947,0.229491525,
4294,0,0.091765577,0.286883595,0.214328105,
4295,0,0.090915577,0.281857821,0.241331679,
4296,0,0.081822436,0.238208399,0.239496748,
4297,0,0.081076433,0.170154189,0.225114176,
4298,0,0.065827514,0.117557099,0.213962896,
4299,0,0.058059188,0.086854271,0.190857023,
4300,0,0.044501231,0.064582652,0.160823714,
4301,0,0.023775431,0.055505236,0.152327877,
4302,0.015871466,0.018118654,0.02052237,0.105778864,
4303,0.045082164,0.023619437,0.031084596,0.111914388,
4304,0.112363965,0.019716617,0.04717705,0.0959506,
4305,0.190616574,0.021877266,0.075437254,0.103320952,
4306,0.2440904,0.03538401,0.078777299,0.106301162,
4307,0.319669024,0.046801658,0.070832359,0.120966164,
4308,0.39232154,0.048379832,0.066146175,0.126484109,
4309,0.428042577,0.049060967,0.055531831,0.113343345,
4310,0.433817206,0.048042921,0.050889232,0.101931556,
4311,0.30269801,0.048213276,0.056161523,0.087399513,
4312,0.23576391,0.045949162,0.058367279,0.072517967,
4313,0.135746201,0.035394232,0.045500487,0.054890682,
4314,0.048525761,0.012734648,0.021494309,0.042594289,
4315,0,0.021355821,0.057620341,0.05270668,
4316,0,0.035670465,0.070703789,0.076950512,
4317,0,0.042818129,0.087906772,0.127110527,
4318,0,0.05166962,0.133387018,0.195780743,
4319,0,0.056207677,0.18840638,0.254498834,
4320,0,0.061662496,0.208162015,0.296800241,
4321,0,0.061281878,0.209108422,0.332007344,
4322,0,0.058247992,0.20523123,0.335368036,
4323,0,0.047866698,0.195024836,0.312952769,
4324,0,0.031234237,0.168247163,0.281641133,
4325,0,0.023875953,0.152118668,0.274625813,
4326,0.022898667,0.006389785,0.017340493,0.136441336,
4327,0.065609532,0.010589798,0.069453695,0.195874819,
4328,0.103155995,0.031970956,0.140298729,0.253449668,
4329,0.124772925,0.050931664,0.192734007,0.306451886,
4330,0.172085145,0.074226207,0.225321385,0.344324775,
4331,0.20274194,0.095691261,0.257026432,0.393753588,
4332,0.205330536,0.107085581,0.302055788,0.441582497,
4333,0.178686275,0.125495427,0.310245895,0.46015086,
4334,0.131449851,0.115368983,0.306454134,0.46249438,
4335,0.1141209,0.11436183,0.332432056,0.495691364,
4336,0.061418491,0.100696883,0.324781591,0.530378406,
4337,0.034376311,0.109030344,0.326505851,0.552680526,
4338,0.009938371,0.076848291,0.181416705,0.279665585,
4339,0,0.091004805,0.24648858,0.344340764,
4340,0,0.091200759,0.277323009,0.434801337,
4341,0,0.093499903,0.325401646,0.503313666,
4342,0,0.104799548,0.369214959,0.547434448,
4343,0,0.093241794,0.421091724,0.603361081,
4344,0,0.085313849,0.426868614,0.623229605,
4345,0,0.079150347,0.401820745,0.601915424,
4346,0,0.07831742,0.412877447,0.615689727,
4347,0,0.079756817,0.451457589,0.637558081,
4348,0,0.089690784,0.459239356,0.641098125,
4349,0,0.100154324,0.458589131,0.642855662,
4350,0.001198422,0.123135068,0.419933319,0.480189181,
4351,0.009931245,0.153054093,0.514135039,0.512091314,
4352,0.032660674,0.185007062,0.59872151,0.590811819,
4353,0.05125093,0.203611415,0.687242937,0.701627682,
4354,0.071131762,0.223318263,0.734355604,0.787215701,
4355,0.126729509,0.245601052,0.752105667,0.801727834,
4356,0.123190313,0.255089614,0.748862621,0.784020577,
4357,0.139586255,0.248063728,0.74394521,0.786549742,
4358,0.142063019,0.232967532,0.733511514,0.78100206,
4359,0.128032368,0.222681214,0.71728269,0.784147068,
4360,0.072381504,0.22070528,0.680090744,0.764974267,
4361,0.049297159,0.214912651,0.651266903,0.750702112,
4362,0.01583695,0.106033182,0.5338546,0.585669252,
4363,0,0.105785375,0.544803545,0.653029068,
4364,0,0.105459483,0.559922204,0.704369697,
4365,0,0.100905104,0.56306938,0.728559767,
4366,0,0.104733152,0.589865251,0.747197897,
4367,0,0.111441621,0.593608688,0.722920515,
4368,0,0.120426636,0.586739032,0.668630014,
4369,0,0.126803543,0.583566332,0.635592649,
4370,0,0.112076715,0.588624937,0.625430639,
4371,0,0.122538839,0.621646083,0.640866596,
4372,0,0.143449982,0.604314494,0.652201531,
4373,0,0.161961456,0.579184306,0.657064085,
4374,0.003793231,0.098096384,0.318343354,0.395906296,
4375,0.028318286,0.114966363,0.352992212,0.434079919,
4376,0.072976024,0.131787964,0.366309075,0.46418184,
4377,0.118098194,0.151802918,0.37650287,0.462831793,
4378,0.179947952,0.160184609,0.370578562,0.480522554,
4379,0.20838406,0.169968445,0.337209266,0.494902255,
4380,0.190839786,0.158236077,0.316005709,0.488968261,
4381,0.171220399,0.151180724,0.30169074,0.458552487,
4382,0.179772083,0.146674631,0.317359945,0.427187149,
4383,0.12842768,0.1412784,0.313854684,0.40799044,
4384,0.100877928,0.117103824,0.319398697,0.446093604,
4385,0.061476459,0.094033663,0.301781943,0.480485762,
4386,0.017958781,0.05026117,0.224244994,0.359159363,
4387,0,0.05356807,0.242937032,0.411432255,
4388,0,0.065299557,0.262182562,0.440504766,
4389,0,0.065929739,0.311016544,0.480711726,
4390,0,0.068809857,0.349988328,0.501474473,
4391,0,0.089238536,0.380441165,0.495206622,
4392,0,0.100513119,0.37509059,0.471569846,
4393,0,0.109287406,0.388406997,0.457153534,
4394,0,0.116969678,0.401835421,0.446743779,
4395,0,0.122408929,0.432310614,0.450245266,
4396,0,0.130433435,0.462194762,0.452417106,
4397,0,0.144224646,0.472365083,0.439788275,
4398,0.021565802,0.073030556,0.370405909,0.324154169,
4399,0.076212597,0.117591206,0.440602373,0.353346984,
4400,0.140129253,0.157298237,0.486041065,0.402045078,
4401,0.201919128,0.198637781,0.510158995,0.452263002,
4402,0.244230301,0.242822946,0.497496099,0.446497085,
4403,0.309288925,0.31339239,0.494540653,0.429850867,
4404,0.338146537,0.340570136,0.491415255,0.408375667,
4405,0.330814737,0.374480338,0.497195864,0.379924498,
4406,0.303671039,0.396843175,0.517452697,0.375822715,
4407,0.247136259,0.390349537,0.523681087,0.367193558,
4408,0.188086155,0.359244454,0.520888,0.360369519,
4409,0.102839697,0.353482193,0.523144059,0.359794043,
4410,0.034644713,0.253642712,0.410648034,0.316282552,
4411,0,0.334532614,0.505888392,0.385430751,
4412,0,0.356635529,0.54971027,0.441982876,
4413,0,0.335633913,0.564707128,0.459188653,
4414,0,0.306478662,0.50973211,0.42868399,
4415,0,0.275812412,0.483865034,0.428679391,
4416,0,0.238449918,0.489667384,0.431812234,
4417,0,0.223520881,0.494136686,0.419269548,
4418,0,0.222427083,0.486869404,0.372521549,
4419,0,0.221898336,0.42910649,0.307157241,
4420,0,0.19720228,0.343573325,0.264747347,
4421,0,0.162592661,0.271393997,0.231004656,
4422,0.035194527,0.131165913,0.274583304,0.262561841,
4423,0.135755049,0.109719173,0.210152875,0.192479562,
4424,0.261670218,0.10326641,0.136476322,0.118420099,
4425,0.377799434,0.080977358,0.08389432,0.067503312,
4426,0.447660906,0.048889227,0.074734995,0.057495439,
4427,0.489926165,0.041495562,0.084556337,0.055203086,
4428,0.481523984,0.039504627,0.088378898,0.05335717,
4429,0.438520263,0.026414991,0.086759873,0.05307757,
4430,0.404484798,0.024671892,0.099847047,0.068943674,
4431,0.317684055,0.025493666,0.113857145,0.070397387,
4432,0.225344691,0.019983209,0.116272893,0.075975607,
4433,0.115136209,0.011039469,0.097073551,0.071498853,
4434,0.044011671,0.009002008,0.063540949,0.057079087,
4435,0,0.010297504,0.052860451,0.045989069,
4436,0,0.009726369,0.047707254,0.038061169,
4437,0,0.011452285,0.05079808,0.038217591,
4438,0,0.008955238,0.05696453,0.048782578,
4439,0,0.003530067,0.045998211,0.046968074,
4440,0,0.000707083,0.018199439,0.025824633,
4441,0,0.000354812,0.003794361,0.009686011,
4442,0,0,0.00094382,0.004606392,
4443,0,0.000465982,0.006297156,0.004922077,
4444,0,0.001977659,0.008349183,0.013746189,
4445,0,0.003826085,0.009691618,0.022655684,
4446,0.012133724,0.00861487,0.010925282,0.024509212,
4447,0.049731896,0.008150269,0.005989391,0.025660628,
4448,0.092684807,0.011206898,0.001970348,0.021990705,
4449,0.134120306,0.010221415,0.002155836,0.013327946,
4450,0.151062237,0.008176809,0.002547311,0.016335123,
4451,0.220543005,0.01087052,0.003830876,0.026962868,
4452,0.279843043,0.011693798,0.00999868,0.027134409,
4453,0.277135779,0.018101473,0.014907552,0.022860293,
4454,0.303812938,0.026612344,0.022869517,0.027393627,
4455,0.274821728,0.028863542,0.031238413,0.035800063,
4456,0.200346621,0.033537653,0.051041734,0.046723794,
4457,0.111101543,0.041173951,0.07368614,0.054299952,
4458,0.032429426,0.021046482,0.024926967,0.0306444,
4459,0,0.049939451,0.058409785,0.054935535,
4460,0,0.095403439,0.102976561,0.080599804,
4461,0,0.125755386,0.134406237,0.115151937,
4462,0,0.137532453,0.169538976,0.144838591,
4463,0,0.139948726,0.187527543,0.158719249,
4464,0,0.148458072,0.220965077,0.185212195,
4465,0,0.171249915,0.29323176,0.231871108,
4466,0,0.182216195,0.36442631,0.309524366,
4467,0,0.185379096,0.399429039,0.36298744,
4468,0,0.208806927,0.419361246,0.38948467,
4469,0,0.233898795,0.435526,0.407497273,
4470,0.017385695,0.124720126,0.227564375,0.240265958,
4471,0.068586446,0.208891092,0.344895998,0.315947201,
4472,0.1336644,0.295494623,0.452778911,0.406673513,
4473,0.202974041,0.362437795,0.524068143,0.473329342,
4474,0.269919455,0.384914428,0.561008348,0.513487906,
4475,0.334217022,0.392239396,0.560434233,0.526035946,
4476,0.314543253,0.386927051,0.543626806,0.507188155,
4477,0.272972725,0.37783378,0.501250554,0.476895512,
4478,0.289389257,0.388082895,0.475566845,0.45150755,
4479,0.205551165,0.370888791,0.486447732,0.43009995,
4480,0.173070105,0.361638956,0.489340894,0.421211479,
4481,0.105334024,0.369244743,0.503245212,0.431184655,
4482,0.040750997,0.209104037,0.332286767,0.317816873,
4483,0,0.28514322,0.414687243,0.395290226,
4484,0,0.361302909,0.514933047,0.492391098,
4485,0,0.402167698,0.589418087,0.584534882,
4486,0,0.395263441,0.601577509,0.651813244,
4487,0,0.387421382,0.58092908,0.67247302,
4488,0,0.368827665,0.519680098,0.657485476,
4489,0,0.341911309,0.473859445,0.647480625,
4490,0,0.32323169,0.453455527,0.650484046,
4491,0,0.31402011,0.454502042,0.660870132,
4492,0,0.307335307,0.460959429,0.655623281,
4493,0,0.306319357,0.453074306,0.620139515,
4494,0.038060101,0.187483924,0.265688551,0.490929042,
4495,0.148314763,0.254887992,0.316398291,0.533331558,
4496,0.279102641,0.317194605,0.392980356,0.580061129,
4497,0.393610115,0.338469024,0.401545882,0.567045103,
4498,0.472164597,0.316918351,0.388455405,0.540343063,
4499,0.506951903,0.277968705,0.378500714,0.512318304,
4500,0.505999476,0.245023599,0.354729602,0.474466034,
4501,0.443468873,0.227891509,0.335286508,0.440422638,
4502,0.367604071,0.217613415,0.314007264,0.432719657,
4503,0.365978854,0.211486913,0.317625266,0.436476635,
4504,0.269437966,0.21089725,0.329831299,0.434893996,
4505,0.149763018,0.20491113,0.332877761,0.422427271,
4506,0.050603627,0.108481761,0.230237126,0.295951794,
4507,0,0.179831281,0.251595608,0.377705289,
4508,0,0.223631632,0.331460948,0.444555508,
4509,0,0.22683856,0.401846153,0.48431279,
4510,0,0.207367003,0.436679705,0.51019245,
4511,0,0.187587269,0.458127128,0.527921312,
4512,0,0.160178502,0.464177024,0.551536574,
4513,0,0.136907794,0.457951571,0.570220398,
4514,0,0.127134579,0.444351573,0.576720039,
4515,0,0.123380931,0.440314326,0.579118769,
4516,0,0.124366342,0.453861607,0.599075177,
4517,0,0.12670225,0.452172326,0.571901862,
4518,0.03469751,0.065000901,0.259390266,0.459848556,
4519,0.12790558,0.093265269,0.289746498,0.472918149,
4520,0.236770632,0.102135628,0.319300487,0.512067329,
4521,0.331592531,0.107806045,0.352731995,0.552048265,
4522,0.40887306,0.115206655,0.360205279,0.555395055,
4523,0.447081502,0.113888667,0.351820364,0.53588413,
4524,0.449682396,0.099787439,0.328502162,0.504086378,
4525,0.386908016,0.082223469,0.303974229,0.478463545,
4526,0.334734346,0.080059654,0.295650064,0.458786141,
4527,0.270622364,0.085407234,0.297892634,0.429413313,
4528,0.189258625,0.087894092,0.300223257,0.391450766,
4529,0.107318974,0.094629222,0.308540929,0.360645499,
4530,0.038147585,0.066603113,0.216751302,0.287930006,
4531,0,0.085521598,0.208029201,0.331469426,
4532,0,0.11358203,0.231469835,0.367681486,
4533,0,0.134526252,0.275960783,0.374705408,
4534,0,0.127346608,0.331303315,0.379194132,
4535,0,0.114952325,0.355890259,0.401151027,
4536,0,0.099650029,0.392626473,0.438759921,
4537,0,0.088654969,0.415300183,0.466453683,
4538,0,0.085332637,0.425989593,0.481932537,
4539,0,0.08435875,0.433784468,0.50113359,
4540,0,0.084793507,0.431662035,0.521221786,
4541,0,0.090131608,0.403843434,0.513821904,
4542,0.010088858,0.064930207,0.297276571,0.38478219,
4543,0.041352179,0.077285533,0.348857532,0.421469662,
4544,0.063066814,0.082433781,0.364339737,0.435854224,
4545,0.107201239,0.080670284,0.353224787,0.448275686,
4546,0.146600029,0.089340489,0.349133857,0.499562501,
4547,0.119812442,0.07803156,0.327494268,0.54774771,
4548,0.137023401,0.063642632,0.272434566,0.495941742,
4549,0.09866476,0.054401448,0.258822535,0.488142311,
4550,0.092794318,0.051547,0.273573203,0.529739448,
4551,0.063715353,0.048073109,0.314907154,0.5743694,
4552,0.045438697,0.053270664,0.38267158,0.617190313,
4553,0.034765327,0.067694467,0.415367212,0.672435248,
4554,0.009394603,0.059924602,0.37183386,0.618224395,
4555,0,0.08187325,0.467011656,0.712921238,
4556,0,0.09600625,0.505806068,0.743604251,
4557,0,0.095401442,0.549381444,0.750001852,
4558,0,0.092292213,0.567402337,0.734239176,
4559,0,0.093765677,0.586117023,0.747284892,
4560,0,0.092303648,0.606494695,0.769576058,
4561,0,0.087111528,0.618355595,0.785448609,
4562,0,0.091231112,0.616810421,0.794948811,
4563,0,0.090422631,0.604006384,0.793867216,
4564,0,0.086030591,0.60616204,0.788173179,
4565,0,0.081580367,0.608038407,0.781580807,
4566,0.026155764,0.058790697,0.526732891,0.665991292,
4567,0.086798713,0.053660406,0.515555866,0.653709169,
4568,0.16467629,0.04514259,0.465598971,0.62568007,
4569,0.27313816,0.056410116,0.435569866,0.598139754,
4570,0.317266408,0.072326176,0.462401921,0.605522102,
4571,0.377555067,0.088303491,0.489566752,0.633174487,
4572,0.417788836,0.094920243,0.494947843,0.659523833,
4573,0.395223167,0.086558055,0.49405978,0.695335297,
4574,0.381927652,0.074027024,0.486953369,0.748950448,
4575,0.255260303,0.059326943,0.463023912,0.768213735,
4576,0.174793995,0.049026064,0.440644448,0.769172249,
4577,0.104145068,0.043981119,0.434329876,0.7665833,
4578,0.033836615,0.02555898,0.3258826,0.598200204,
4579,0,0.037251811,0.366932647,0.676384668,
4580,0,0.046002751,0.421292614,0.733239687,
4581,0,0.060328397,0.485039298,0.772881097,
4582,0,0.071142606,0.507560593,0.789939655,
4583,0,0.070365079,0.4755711,0.759301688,
4584,0,0.063664798,0.460577956,0.752781703,
4585,0,0.054213446,0.45455747,0.748903947,
4586,0,0.051975926,0.458820216,0.744997666,
4587,0,0.055368927,0.452839022,0.742583579,
4588,0,0.053971016,0.438735005,0.734681677,
4589,0,0.050698447,0.41526947,0.713865937,
4590,0.020812252,0.037294357,0.371383927,0.659865638,
4591,0.068458616,0.031550216,0.383449173,0.675551399,
4592,0.153682899,0.039644797,0.384649051,0.686372008,
4593,0.235810512,0.05376181,0.364053394,0.69189311,
4594,0.290266288,0.055609322,0.344164903,0.684394525,
4595,0.347259007,0.051432628,0.312719613,0.652696786,
4596,0.371515161,0.043370038,0.276804997,0.618368334,
4597,0.346119169,0.040836322,0.242222444,0.578232174,
4598,0.34508781,0.041633115,0.21935143,0.542148075,
4599,0.296736025,0.03136151,0.216006463,0.535187545,
4600,0.200601773,0.031481482,0.206582022,0.526511679,
4601,0.123000715,0.025678761,0.183831706,0.510944902,
4602,0.039190159,0.006119176,0.086805855,0.388260275,
4603,0,0.009080746,0.093890144,0.401810427,
4604,0,0.012000008,0.109858598,0.415490399,
4605,0,0.013394444,0.123467278,0.444226757,
4606,0,0.020741164,0.143720616,0.47974727,
4607,0,0.023293999,0.168710749,0.509542313,
4608,0,0.022494066,0.181384423,0.517258952,
4609,0,0.022161789,0.177575546,0.505416118,
4610,0,0.019916248,0.162707888,0.490094631,
4611,0,0.01991863,0.145318159,0.468429943,
4612,0,0.020823709,0.128864912,0.436439034,
4613,0,0.0231981,0.126018566,0.424056499,
4614,0.02863828,0.008974865,0.030871827,0.276251951,
4615,0.103649765,0.008711139,0.04710773,0.303360594,
4616,0.201717781,0.030820692,0.069534924,0.302767054,
4617,0.310565785,0.064442907,0.077588917,0.28563986,
4618,0.379247391,0.084648118,0.08228873,0.289396003,
4619,0.437747819,0.097980804,0.078455051,0.30232791,
4620,0.44008411,0.114389037,0.073809329,0.300599388,
4621,0.393996552,0.112850514,0.071142084,0.292819838,
4622,0.371716418,0.111367039,0.081973346,0.300904242,
4623,0.322997927,0.103971138,0.093986633,0.306965011,
4624,0.229495527,0.088858686,0.114967338,0.326929196,
4625,0.142645927,0.073936841,0.137808567,0.369574464,
4626,0.051815438,0.050430593,0.090263941,0.250017939,
4627,0,0.059029741,0.131429755,0.282956929,
4628,0,0.060283764,0.162055084,0.30988384,
4629,0,0.04869505,0.162136349,0.32321527,
4630,0,0.047483319,0.159544357,0.34417313,
4631,0,0.048569204,0.165668967,0.371365976,
4632,0,0.053080117,0.183478298,0.393337658,
4633,0,0.060431515,0.187203806,0.383772612,
4634,0,0.065851006,0.179304555,0.354459883,
4635,0,0.06611547,0.163166997,0.314518251,
4636,0,0.061697652,0.14444024,0.276623635,
4637,0,0.053742703,0.118090505,0.244991148,
4638,0.026066497,0.009142539,0.047176469,0.154175605,
4639,0.116463573,0.006155045,0.044705327,0.154034262,
4640,0.198554718,0.011311143,0.05023046,0.164393203,
4641,0.299384999,0.018118303,0.055013188,0.175356387,
4642,0.385105578,0.024607031,0.061475734,0.195700639,
4643,0.439577603,0.031312286,0.065902795,0.211468991,
4644,0.471712251,0.04280896,0.076187384,0.224210889,
4645,0.452738129,0.057609427,0.091405415,0.241590369,
4646,0.412552297,0.070091971,0.118402913,0.276199392,
4647,0.365477906,0.075636449,0.149626211,0.310417332,
4648,0.290004037,0.072027654,0.179066743,0.34282544,
4649,0.171094427,0.063609763,0.197572581,0.364351526,
4650,0.052575206,0.043933117,0.171638297,0.290788649,
4651,0,0.052102267,0.180454248,0.288114334,
4652,0,0.049052533,0.183303345,0.313333467,
4653,0,0.036612827,0.19635527,0.346936199,
4654,0,0.029487523,0.222644367,0.378784983,
4655,0,0.027899537,0.22394998,0.378387993,
4656,0,0.030608948,0.204177135,0.347077326,
4657,0,0.030543165,0.169552989,0.301802279,
4658,0,0.032707228,0.136781032,0.259670121,
4659,0,0.033754066,0.108544071,0.228516487,
4660,0,0.033149094,0.085529074,0.196967967,
4661,0,0.029337182,0.074993202,0.181714623,
4662,0.028733308,0.006703082,0.028311021,0.117790713,
4663,0.115688448,0.002558416,0.037978716,0.141450473,
4664,0.229783037,0.003292257,0.052060908,0.16982773,
4665,0.325839959,0.005238311,0.062515663,0.209282721,
4666,0.437910394,0.016132617,0.075691537,0.238994834,
4667,0.528329479,0.023426477,0.08402231,0.250314248,
4668,0.556103431,0.036704652,0.107076902,0.264742919,
4669,0.549665266,0.049849708,0.142936883,0.289994456,
4670,0.498428311,0.056727978,0.166808916,0.303462948,
4671,0.410639406,0.062417726,0.188071183,0.315690414,
4672,0.3008695,0.065599888,0.207879015,0.329974408,
4673,0.171555138,0.069443034,0.234410492,0.3590198,
4674,0.052048099,0.051869264,0.160756419,0.250184737,
4675,0,0.0475424,0.197634985,0.295932144,
4676,0,0.035285226,0.20310215,0.315488981,
4677,0,0.023481987,0.192224049,0.320568326,
4678,0,0.021356314,0.168726923,0.305391512,
4679,0,0.022211059,0.127095814,0.260571442,
4680,0,0.025596837,0.087209747,0.202080632,
4681,0,0.025663598,0.056734612,0.158172261,
4682,0,0.026532663,0.04046727,0.131260417,
4683,0,0.025803728,0.03071315,0.113447646,
4684,0,0.026514595,0.02974043,0.103228188,
4685,0,0.023236985,0.030239964,0.102702726,
4686,0.030569147,0.006718824,0.015322529,0.077268979,
4687,0.129043973,0.00101604,0.021549885,0.086686684,
4688,0.247038391,0.001138238,0.027012207,0.099660194,
4689,0.369507151,0.004257333,0.029187502,0.11334067,
4690,0.461098324,0.007587986,0.029850289,0.122533033,
4691,0.526024307,0.013259837,0.031829707,0.122187146,
4692,0.54899543,0.019060301,0.032516439,0.116697385,
4693,0.546456637,0.023348497,0.034614897,0.109020038,
4694,0.499715517,0.025485224,0.038152499,0.103699316,
4695,0.422544168,0.027789306,0.046035944,0.109460044,
4696,0.304261391,0.029389556,0.054454594,0.125565455,
4697,0.171582699,0.032532179,0.060352939,0.140692283,
4698,0.052426756,0.027006188,0.038263115,0.087370717,
4699,0,0.016864676,0.033472089,0.089721397,
4700,0,0.013066649,0.030084908,0.085171416,
4701,0,0.010785152,0.033060345,0.08726444,
4702,0,0.011746734,0.03704745,0.090985648,
4703,0,0.011316902,0.031481144,0.083160469,
4704,0,0.01175423,0.020099434,0.062535669,
4705,0,0.010864121,0.010506304,0.047969554,
4706,0,0.009250242,0.004289846,0.047048541,
4707,0,0.007190269,0.00318321,0.043637075,
4708,0,0.005336071,0.004095943,0.050807595,
4709,0,0.004585534,0.005169144,0.062348898,
4710,0.033400515,0.000188311,0.004326893,0.062893125,
4711,0.135159771,0,0.004280402,0.080822845,
4712,0.273817914,0,0.006481181,0.09592976,
4713,0.401864307,0.000394663,0.009373509,0.100449654,
4714,0.495946454,0.002484839,0.013371634,0.096579616,
4715,0.551880543,0.010643167,0.024156498,0.093476721,
4716,0.56212265,0.019738127,0.032628685,0.086238961,
4717,0.545695432,0.027657809,0.035629962,0.078674041,
4718,0.490798629,0.034516157,0.037031218,0.073147494,
4719,0.399045238,0.042911046,0.034359379,0.071211934,
4720,0.28798987,0.047968483,0.0328502,0.073209643,
4721,0.165126516,0.04678129,0.031004119,0.079631642,
4722,0.051527729,0.026868567,0.027065134,0.05309941,
4723,0,0.017744007,0.028730451,0.065081829,
4724,0,0.018244166,0.027618807,0.074177075,
4725,0,0.015354466,0.02419726,0.079039826,
4726,0,0.011524311,0.021860877,0.077126021,
4727,0,0.007971662,0.02120491,0.075069037,
4728,0,0.006383517,0.020792774,0.064786556,
4729,0,0.006084993,0.022750283,0.056807071,
4730,0,0.005865107,0.021002531,0.052629346,
4731,0,0.005793508,0.016306746,0.056360997,
4732,0,0.006298287,0.014040262,0.063010187,
4733,0,0.008425618,0.014845909,0.071653479,
4734,0.033784246,0.005350196,0.005340584,0.038612754,
4735,0.140580234,0.003180812,0.003272265,0.047156661,
4736,0.27743174,0.001734751,0.003535966,0.053403666,
4737,0.403321453,0.007550245,0.004881841,0.064414925,
4738,0.492802161,0.011121426,0.008953418,0.064837347,
4739,0.552414271,0.018810944,0.013922235,0.062238487,
4740,0.569444204,0.032059053,0.02099361,0.060154772,
4741,0.532205145,0.04756397,0.027705204,0.063522213,
4742,0.464529049,0.064215925,0.031815163,0.070220113,
4743,0.380184468,0.077981957,0.038498726,0.079133733,
4744,0.279330237,0.075797075,0.043377624,0.085137551,
4745,0.162820246,0.066654926,0.04352639,0.092821953,
4746,0.051969281,0.038168817,0.029828405,0.0581345,
4747,0,0.030655927,0.030549803,0.070918137,
4748,0,0.022092628,0.032438123,0.086363518,
4749,0,0.015232336,0.032296111,0.097776768,
4750,0,0.012206381,0.032385751,0.109932881,
4751,0,0.010171523,0.02882756,0.109020893,
4752,0,0.007568287,0.023385671,0.101623943,
4753,0,0.006267944,0.018894067,0.09613741,
4754,0,0.007309284,0.014336751,0.085551831,
4755,0,0.007503971,0.009437215,0.067853593,
4756,0,0.006079634,0.005697423,0.05887695,
4757,0,0.003987803,0.004461113,0.055002043,
4758,0.032894754,0,0.002738497,0.033609822,
4759,0.132877806,0,0.003418186,0.03382144,
4760,0.269844991,0,0.00128503,0.038586268,
4761,0.394753408,0,0,0.044439824,
4762,0.482620579,0,0,0.048407116,
4763,0.519640857,0,0,0.051160036,
4764,0.551837935,0,0.000195594,0.052561266,
4765,0.542039717,0,0.002262325,0.054505394,
4766,0.499634521,0.003556506,0.006675222,0.056698199,
4767,0.397132923,0.010541722,0.013098813,0.062007004,
4768,0.28751215,0.015910117,0.020390041,0.065533624,
4769,0.170933718,0.018982706,0.027409822,0.069529503,
4770,0.051886866,0.01609227,0.035621256,0.05872962,
4771,0,0.014276791,0.02658545,0.065362624,
4772,0,0.007837062,0.019406148,0.071043623,
4773,0,0.00334401,0.016903987,0.077396953,
4774,0,0.001551404,0.013127443,0.07826842,
4775,0,0.000735925,0.008952348,0.076668306,
4776,0,0,0.005213549,0.069765292,
4777,0,0,0.001779619,0.062556585,
4778,0,0,0,0.053485058,
4779,0,0,0,0.042492795,
4780,0,0,0,0.033227642,
4781,0,0,0.00202491,0.027192646,
4782,0.031690443,0.000160658,0.004830415,0.019142674,
4783,0.138048782,0,0,0.017147215,
4784,0.276110024,0,0,0.016887035,
4785,0.410205885,0,0,0.018501879,
4786,0.499855709,0,0,0.018907291,
4787,0.556261955,0,0,0.018740833,
4788,0.56605203,0,0.000932918,0.017860444,
4789,0.543788112,6.29E-05,0.011595207,0.019020119,
4790,0.48682685,0.004340737,0.025194565,0.022598115,
4791,0.416052779,0.010369248,0.032885879,0.024360637,
4792,0.303324746,0.016917837,0.040433937,0.026368181,
4793,0.174924358,0.018798727,0.042088114,0.029101653,
4794,0.052135913,0.013151269,0.064804668,0.033294669,
4795,0,0.012639697,0.053096145,0.037723999,
4796,0,0.009547889,0.047612678,0.041200181,
4797,0,0.00428461,0.035291361,0.038240303,
4798,0,0.002587801,0.020707421,0.029378652,
4799,0,0.00211661,0.010452858,0.019231412,
4800,0,0.001657938,0.006735484,0.015476425,
4801,0,0,0.00079457,0.012602489,
4802,0,0,0.000628388,0.014584751,
4803,0,0,0.002800753,0.017046967,
4804,0,0,0.002530985,0.019431802,
4805,0,0.001006023,0.000875776,0.023080429,
4806,0.031731824,0,0.002286999,0.020428549,
4807,0.134487388,0,0.002238041,0.027854544,
4808,0.27397619,0,0.002797767,0.036124006,
4809,0.406221799,0.000157655,0.002649954,0.041095115,
4810,0.499516333,0,0.000310836,0.036678395,
4811,0.558576861,0,0.000161206,0.028790857,
4812,0.577799701,0.002766292,0.000271125,0.026727846,
4813,0.557996194,0.006924917,0.0026725,0.026232111,
4814,0.510001045,0.012876661,0.010609554,0.031308745,
4815,0.426670463,0.023245848,0.021942117,0.039554338,
4816,0.309751262,0.030791143,0.022246844,0.043391237,
4817,0.17238415,0.034956178,0.019265438,0.044667199,
4818,0.051268315,0.022628821,0.025689604,0.039495063,
4819,0,0.020772297,0.023489413,0.050588991,
4820,0,0.017252242,0.026931688,0.062084932,
4821,0,0.014930603,0.027807943,0.078313187,
4822,0,0.013594729,0.029344187,0.099448029,
4823,0,0.016857667,0.02833426,0.116142823,
4824,0,0.023039598,0.025547226,0.13492934,
4825,0,0.028352993,0.022468476,0.164025509,
4826,0,0.024859076,0.018400719,0.163610493,
4827,0,0.021545534,0.014549647,0.14841124,
4828,0,0.017254187,0.012588699,0.136307164,
4829,0,0.014527168,0.014731189,0.143070595,
4830,0.032044629,0.005404078,0.020452069,0.156307356,
4831,0.141047165,0.004265779,0.022674337,0.185324401,
4832,0.280391021,0.004522664,0.023035649,0.200423878,
4833,0.404017059,0.006618513,0.028088548,0.227341861,
4834,0.489530958,0.008311696,0.033619995,0.251538322,
4835,0.531191675,0.010966275,0.0392294,0.274133294,
4836,0.545751992,0.016595232,0.044735798,0.2935546,
4837,0.519558545,0.026090496,0.04896718,0.29970483,
4838,0.471895669,0.03772045,0.05568532,0.314224482,
4839,0.407242219,0.052459408,0.070895222,0.332041935,
4840,0.281770446,0.057865365,0.090139234,0.345247534,
4841,0.161379253,0.065942186,0.103644411,0.355740092,
4842,0.047208933,0.05096166,0.0760557,0.341921985,
4843,0,0.049256584,0.097540336,0.347283389,
4844,0,0.049857914,0.130559839,0.376841949,
4845,0,0.045425261,0.164092613,0.401924254,
4846,0,0.043635294,0.189813561,0.417984183,
4847,0,0.043342589,0.19656539,0.429318385,
4848,0,0.039148541,0.193572994,0.430664397,
4849,0,0.03701526,0.203715978,0.44119801,
4850,0,0.037573421,0.221527535,0.456872655,
4851,0,0.039726334,0.235137014,0.46760536,
4852,0,0.042168936,0.246287403,0.479829959,
4853,0,0.04296524,0.258505293,0.488939436,
4854,0.030889035,0.02815281,0.189864288,0.439466129,
4855,0.133251142,0.030986121,0.237669233,0.479723187,
4856,0.253249241,0.037862679,0.259889233,0.499765984,
4857,0.352458514,0.044970417,0.270651631,0.51013133,
4858,0.408278965,0.053597126,0.261491189,0.498577975,
4859,0.457253095,0.06070209,0.255192234,0.48701976,
4860,0.478844315,0.06189389,0.250705492,0.473611853,
4861,0.462266576,0.066427091,0.259086176,0.472182176,
4862,0.407242204,0.080882255,0.27430473,0.476689937,
4863,0.285498832,0.092048123,0.275264847,0.472994537,
4864,0.215235047,0.099155417,0.266054812,0.467874157,
4865,0.11393034,0.100321619,0.253815655,0.465668709,
4866,0.041407308,0.057298233,0.208918765,0.444126433,
4867,0,0.06517845,0.249145361,0.469491689,
4868,0,0.071864206,0.28755802,0.49533281,
4869,0,0.066933831,0.295963769,0.511599433,
4870,0,0.062000437,0.29625583,0.518578411,
4871,0,0.05775275,0.276555153,0.511448643,
4872,0,0.05664034,0.257548624,0.506898842,
4873,0,0.053112229,0.242363906,0.506961689,
4874,0,0.049721599,0.223098074,0.499420229,
4875,0,0.046499143,0.197707469,0.48191828,
4876,0,0.042851394,0.172587241,0.466504704,
4877,0,0.034909912,0.148643477,0.454850113,
4878,0.031151561,0.013666695,0.099858177,0.398252093,
4879,0.125983312,0.014545824,0.114010889,0.407626961,
4880,0.248556794,0.014297999,0.119322222,0.413332267,
4881,0.366063168,0.014363801,0.106224942,0.397016038,
4882,0.462026927,0.012547616,0.097654132,0.387836775,
4883,0.50854323,0.010094635,0.085604829,0.379395607,
4884,0.519687164,0.00982616,0.079974984,0.379863611,
4885,0.508115371,0.011442928,0.07742032,0.3687696,
4886,0.445400577,0.014669085,0.081819305,0.359068698,
4887,0.365123311,0.016541743,0.089847401,0.348806254,
4888,0.262214043,0.021647643,0.096338759,0.345080141,
4889,0.145286766,0.023999777,0.087348449,0.348630687,
4890,0.047564647,0.009952764,0.05933938,0.332803391,
4891,0,0.00995492,0.060003474,0.34552914,
4892,0,0.00930863,0.056424923,0.34620169,
4893,0,0.007019611,0.049166053,0.343850738,
4894,0,0.006525368,0.05588849,0.348607491,
4895,0,0.006994745,0.053139669,0.348304526,
4896,0,0.005746179,0.041915636,0.350197401,
4897,0,0.004379391,0.034319014,0.35256124,
4898,0,0.004411365,0.03572126,0.35818686,
4899,0,0.00442213,0.040648202,0.361541087,
4900,0,0.005492778,0.054762059,0.365849291,
4901,0,0.006701166,0.067777462,0.36989959,
4902,0.029706223,0.005972594,0.062921373,0.328567839,
4903,0.134187712,0.009038607,0.09312586,0.345953278,
4904,0.267536297,0.009090395,0.090887967,0.343481291,
4905,0.388993579,0.007419557,0.085748189,0.352627372,
4906,0.476926047,0.006406082,0.08904588,0.368231982,
4907,0.531876521,0.006564914,0.095237999,0.384344944,
4908,0.528607491,0.010473688,0.104765406,0.395127957,
4909,0.501374348,0.016535471,0.120053539,0.400919329,
4910,0.472560174,0.022066382,0.14256625,0.415206411,
4911,0.390990822,0.027436537,0.169336543,0.442706379,
4912,0.277743264,0.032018447,0.197917023,0.473504499,
4913,0.153204762,0.034557412,0.221275873,0.503569404,
4914,0.045188036,0.021224144,0.141698507,0.335923526,
4915,0,0.026932831,0.177085943,0.397539966,
4916,0,0.02776949,0.208297492,0.458504751,
4917,0,0.023147149,0.257500896,0.522898301,
4918,0,0.024259853,0.300387648,0.570036544,
4919,0,0.023228554,0.322050564,0.59087783,
4920,0,0.024057456,0.317750707,0.592002375,
4921,0,0.026416955,0.289322788,0.558712691,
4922,0,0.025957811,0.281851761,0.542475806,
4923,0,0.025991168,0.268485849,0.516660057,
4924,0,0.024790462,0.265553445,0.488364873,
4925,0,0.022098225,0.26095459,0.447497188,
4926,0.02709992,0.008347977,0.202624011,0.348723187,
4927,0.121623814,0.01281448,0.220064285,0.331113075,
4928,0.232419698,0.029193341,0.211719984,0.314626148,
4929,0.332260541,0.03798861,0.203710946,0.304380223,
4930,0.400032235,0.038716359,0.20712016,0.32121678,
4931,0.444276136,0.040744651,0.204073298,0.328407795,
4932,0.460561665,0.037138455,0.213425924,0.337741252,
4933,0.449128809,0.039660873,0.233128525,0.341760425,
4934,0.39292361,0.041721016,0.256733054,0.350524464,
4935,0.334402099,0.043392211,0.274555604,0.360286073,
4936,0.240645499,0.050344036,0.266316333,0.356999725,
4937,0.14063091,0.049512931,0.26231488,0.353997207,
4938,0.043845369,0.017088858,0.165361811,0.243153337,
4939,0,0.014451313,0.156915072,0.234755092,
4940,0,0.012091189,0.142265673,0.223645029,
4941,0,0.009186735,0.124941691,0.214460975,
4942,0,0.007036524,0.113511439,0.207470422,
4943,0,0.005538113,0.099961548,0.199495578,
4944,0,0.006043378,0.096160338,0.201235951,
4945,0,0.006554132,0.092201168,0.201047682,
4946,0,0.004679544,0.087216925,0.197455078,
4947,0,0.003449117,0.08211286,0.180859926,
4948,0,0.001819703,0.079404388,0.164869273,
4949,0,0.001731214,0.078224539,0.155340355,
4950,0.026558144,0.000331122,0.02707376,0.08857584,
4951,0.12418783,0.000174876,0.031452354,0.091001781,
4952,0.247614803,0.000177906,0.028047699,0.076242439,
4953,0.360168418,0.000149149,0.022674058,0.071603632,
4954,0.440937411,0.000154039,0.021764685,0.077641705,
4955,0.494442928,0.00022935,0.025454634,0.081910716,
4956,0.505638904,0.001784836,0.023098515,0.076982489,
4957,0.479571296,0.004857851,0.025005488,0.070922767,
4958,0.41581364,0.008087384,0.033447805,0.068825975,
4959,0.365508009,0.010334834,0.042582157,0.066105715,
4960,0.262609054,0.014422824,0.052708959,0.072411901,
4961,0.150552144,0.015384136,0.05424806,0.076169356,
4962,0.04432504,0.015513504,0.052569423,0.051503171,
4963,0,0.016111779,0.057685418,0.055121827,
4964,0,0.008767909,0.045365006,0.050940443,
4965,0,0.002810295,0.031386903,0.046967365,
4966,0,0.002679685,0.027374236,0.045171444,
4967,0,0.002783164,0.026647808,0.043806283,
4968,0,0.003075662,0.022466516,0.039733991,
4969,0,0.002499338,0.016480858,0.036581274,
4970,0,0.002028376,0.010261333,0.026930248,
4971,0,0.001025604,0.008845913,0.019504997,
4972,0,0.001274579,0.008203025,0.014632557,
4973,0,0.00141819,0.008880364,0.014586487,
4974,0.025639531,0.001766158,0.013282986,0.019295281,
4975,0.124212607,0.001435269,0.011780972,0.013775148,
4976,0.253112017,0.001384175,0.00917374,0.017135519,
4977,0.382426167,0.000801982,0.005725853,0.017472615,
4978,0.465697342,0.000272178,0.003024911,0.011731976,
4979,0.499025969,0.000505005,0.001426361,0.005751241,
4980,0.525051691,0.000416651,0.003253475,0.001724309,
4981,0.493478134,0.00021924,0.006004521,0.001246636,
4982,0.430973576,0.000797858,0.012948812,0.001083446,
4983,0.381696439,0.002311607,0.029856516,0.007891668,
4984,0.278877448,0.006459042,0.055338184,0.023105541,
4985,0.140479209,0.012238988,0.086380406,0.044101411,
4986,0.039848859,0.022725133,0.102539437,0.04385162,
4987,0,0.021696286,0.113896026,0.055756725,
4988,0,0.01487815,0.103435942,0.058087516,
4989,0,0.011842286,0.098943205,0.060480371,
4990,0,0.009464838,0.095030169,0.059399473,
4991,0,0.007620276,0.081929641,0.04957832,
4992,0,0.006069897,0.070962972,0.039791399,
4993,0,0.005319464,0.056855121,0.030136311,
4994,0,0.00359266,0.040067043,0.017380271,
4995,0,0.002508849,0.024840299,0.011925364,
4996,0,0.002261799,0.018120232,0.008989688,
4997,0,0.001869958,0.013674048,0.009692098,
4998,0.024501292,0.001365599,0.017889422,0.008086564,
4999,0.116759432,0.000751236,0.016666439,0.00521569,
5000,0.236885438,0.001508852,0.021400401,0.007531045,
5001,0.360121969,0.003664543,0.03027376,0.011141949,
5002,0.428915656,0.006514458,0.048764635,0.016307008,
5003,0.490776173,0.014101747,0.071574539,0.027518268,
5004,0.51284882,0.025340834,0.08861294,0.035163746,
5005,0.472700278,0.03975295,0.108613723,0.043611953,
5006,0.42942937,0.048387552,0.126431678,0.05730457,
5007,0.358256458,0.055582915,0.142529844,0.072536239,
5008,0.251193456,0.047564267,0.134743244,0.0797874,
5009,0.130231238,0.03437289,0.1171877,0.078983154,
5010,0.034282161,0.035272159,0.11749839,0.092561038,
5011,0,0.053620273,0.144355182,0.127202198,
5012,0,0.068666088,0.173861659,0.152350049,
5013,0,0.076059365,0.139095479,0.115445034,
5014,0,0.075491404,0.106073611,0.094147224,
5015,0,0.07725525,0.077218701,0.082775528,
5016,0,0.081138469,0.069845495,0.087938486,
5017,0,0.089279293,0.080152112,0.086957359,
5018,0,0.111327521,0.089119695,0.081044025,
5019,0,0.131422533,0.096113936,0.071094119,
5020,0,0.151274526,0.108035728,0.071159787,
5021,0,0.164106333,0.110031176,0.073625794,
5022,0.025961112,0.178517727,0.122399913,0.102837326,
5023,0.131047302,0.192414029,0.112277917,0.099756078,
5024,0.265989353,0.262162302,0.107507245,0.101900457,
5025,0.387411059,0.261054337,0.100930451,0.102500715,
5026,0.476675663,0.262547876,0.098560527,0.102178848,
5027,0.527525897,0.291837424,0.112519267,0.110189846,
5028,0.545961528,0.316500931,0.144305587,0.123190082,
5029,0.534055133,0.344740538,0.199211724,0.14984403,
5030,0.474472691,0.362243512,0.262290956,0.191492516,
5031,0.38341394,0.374194849,0.328172015,0.240473696,
5032,0.278458795,0.378762409,0.386343344,0.292682333,
5033,0.157260095,0.375062082,0.446147483,0.350294386,
5034,0.042531036,0.25643666,0.444736879,0.37458423,
5035,0,0.315802381,0.469383734,0.365737777,
5036,0,0.335558122,0.505748356,0.378328516,
5037,0,0.285136058,0.503182036,0.412330161,
5038,0,0.247483433,0.428750876,0.414081941,
5039,0,0.217462426,0.373874315,0.406293586,
5040,0,0.193684694,0.342514305,0.391901757,
5041,0,0.177233034,0.349991493,0.399935858,
5042,0,0.161033632,0.358311781,0.416580295,
5043,0,0.140817282,0.340229925,0.421095796,
5044,0,0.122320474,0.327850475,0.434248905,
5045,0,0.105509326,0.313785797,0.435051274,
5046,0.023308592,0.088538336,0.228413298,0.347290491,
5047,0.118321079,0.103859358,0.2452156,0.363260861,
5048,0.220120197,0.120465332,0.258508007,0.358250999,
5049,0.333121493,0.120092076,0.243620051,0.323512186,
5050,0.418091347,0.11884161,0.216870965,0.268339659,
5051,0.504902708,0.115116565,0.196854366,0.215199398,
5052,0.517037668,0.114609117,0.174407125,0.16703598,
5053,0.489205778,0.113158941,0.175207047,0.14261933,
5054,0.437618161,0.108532159,0.178702873,0.12967185,
5055,0.313891324,0.103483828,0.191213881,0.128805149,
5056,0.213750442,0.092468307,0.200511836,0.128121743,
5057,0.130314292,0.07628458,0.203575335,0.140720076,
5058,0.034106511,0.034064191,0.132850916,0.127877995,
5059,0,0.053761059,0.140709232,0.138091289,
5060,0,0.065241663,0.154113075,0.15425484,
5061,0,0.065848083,0.161204804,0.161740293,
5062,0,0.063423729,0.161145673,0.155273082,
5063,0,0.055986149,0.149492764,0.136689204,
5064,0,0.050813849,0.134442447,0.119587104,
5065,0,0.046382553,0.12997611,0.114081902,
5066,0,0.043255765,0.145818956,0.12847014,
5067,0,0.043409415,0.171529126,0.150804174,
5068,0,0.046130557,0.187966262,0.154673012,
5069,0,0.052683903,0.201306879,0.161910906,
5070,0.025033209,0.058948692,0.230851996,0.177069955,
5071,0.131661464,0.05307174,0.215396027,0.203046587,
5072,0.267973487,0.052589483,0.187703515,0.208802483,
5073,0.393609814,0.052470068,0.165808822,0.218699155,
5074,0.487070031,0.051772241,0.142019836,0.214803558,
5075,0.545954702,0.057458799,0.127548643,0.196823792,
5076,0.5507356,0.055536071,0.117516275,0.175700814,
5077,0.500747451,0.050521582,0.115953702,0.161447309,
5078,0.433923351,0.050156858,0.15054706,0.175495293,
5079,0.318680096,0.051449038,0.206693218,0.210032358,
5080,0.241801567,0.047249078,0.250114582,0.255351723,
5081,0.137254428,0.041915714,0.271011268,0.301915591,
5082,0.038967378,0.02679818,0.249323441,0.315452736,
5083,0,0.034819401,0.26162289,0.315067754,
5084,0,0.035117556,0.270980036,0.313229621,
5085,0,0.028283633,0.270556735,0.302942344,
5086,0,0.023520741,0.239487951,0.273245751,
5087,0,0.018242895,0.198961979,0.259471642,
5088,0,0.016027986,0.159342603,0.255645137,
5089,0,0.015573112,0.130726313,0.25276691,
5090,0,0.016769074,0.117051412,0.260992181,
5091,0,0.017699,0.110299249,0.270040384,
5092,0,0.016624768,0.101655379,0.259718042,
5093,0,0.017476049,0.103185803,0.251701614,
5094,0.025276634,0.017123772,0.087882877,0.227128987,
5095,0.137635596,0.013024498,0.081720358,0.224495083,
5096,0.279360298,0.013507308,0.084387701,0.228675651,
5097,0.406875756,0.016859542,0.094731457,0.22898576,
5098,0.495331746,0.023734796,0.09942249,0.233943561,
5099,0.547909427,0.03093286,0.104161931,0.240056382,
5100,0.563515615,0.031842559,0.102857166,0.240687429,
5101,0.535096877,0.03613477,0.111515386,0.24972591,
5102,0.487255707,0.038828136,0.138311572,0.250602953,
5103,0.396614295,0.04004754,0.175974121,0.258093039,
5104,0.280779717,0.040490435,0.221850973,0.280215819,
5105,0.156894248,0.039039513,0.254304989,0.296115821,
5106,0.041509102,0.033471384,0.215397745,0.247675061,
5107,0,0.038658496,0.185686767,0.238063089,
5108,0,0.036617013,0.169056547,0.233425051,
5109,0,0.034963473,0.157224781,0.249346977,
5110,0,0.031102551,0.144214057,0.250989953,
5111,0,0.026150271,0.131165614,0.242172586,
5112,0,0.021721201,0.118030414,0.222753916,
5113,0,0.018823972,0.098512907,0.202019025,
5114,0,0.016949485,0.083700514,0.194209945,
5115,0,0.015630365,0.07912229,0.211467105,
5116,0,0.015462695,0.083511585,0.235991805,
5117,0,0.015418112,0.092889396,0.262448404,
5118,0.024366886,0.008848896,0.060440723,0.217120236,
5119,0.13243254,0.010987805,0.076218472,0.235841182,
5120,0.271433106,0.016462027,0.101527702,0.247802178,
5121,0.39690469,0.021787786,0.123355947,0.273475953,
5122,0.485663401,0.028420177,0.132561791,0.293372701,
5123,0.54121012,0.040776193,0.143639176,0.312546061,
5124,0.549161352,0.05144061,0.158090378,0.328819354,
5125,0.527156947,0.059313117,0.173468405,0.346566443,
5126,0.451797804,0.067977712,0.191398853,0.362142981,
5127,0.379034525,0.070773962,0.207959935,0.372544707,
5128,0.258648358,0.071728575,0.217613985,0.380207128,
5129,0.145209722,0.065655977,0.221909462,0.38809488,
5130,0.037169758,0.029131771,0.158212496,0.377020892,
5131,0,0.038776795,0.168220003,0.392455273,
5132,0,0.03866294,0.181613089,0.407124075,
5133,0,0.037321602,0.184777547,0.412779443,
5134,0,0.037933775,0.192133814,0.415047801,
5135,0,0.03501422,0.185194081,0.413903238,
5136,0,0.033334845,0.173954603,0.410113142,
5137,0,0.032443181,0.175096054,0.411442465,
5138,0,0.031432252,0.183092163,0.420242267,
5139,0,0.031568756,0.191915597,0.427307374,
5140,0,0.031957045,0.204954623,0.434837559,
5141,0,0.031909514,0.219564148,0.446353732,
5142,0.023608225,0.022109261,0.16145868,0.405261973,
5143,0.127280139,0.028870977,0.197780444,0.429113363,
5144,0.261576525,0.038156751,0.229084202,0.446702569,
5145,0.382184755,0.0492513,0.258033545,0.465239053,
5146,0.470890718,0.0621807,0.277002594,0.473376565,
5147,0.524224723,0.073762044,0.287558377,0.478218827,
5148,0.507998808,0.080200599,0.294490119,0.484826575,
5149,0.516355352,0.082244082,0.298777939,0.486893955,
5150,0.448964564,0.086627517,0.302041765,0.485020617,
5151,0.369365374,0.092840258,0.301439645,0.47873985,
5152,0.254447791,0.09612472,0.294913785,0.473086428,
5153,0.146725902,0.092141355,0.280249258,0.467620193,
5154,0.038166273,0.067714727,0.184759711,0.376680064,
5155,0,0.073784988,0.206395218,0.417620871,
5156,0,0.070196383,0.203332146,0.41926306,
5157,0,0.060579613,0.176106759,0.416179551,
5158,0,0.05048138,0.136229748,0.386363676,
5159,0,0.04755271,0.110618023,0.356178866,
5160,0,0.045419959,0.089935359,0.315038917,
5161,0,0.041013109,0.079192198,0.281948361,
5162,0,0.039191047,0.074000677,0.260553037,
5163,0,0.040097568,0.069292409,0.254580887,
5164,0,0.040150801,0.070935638,0.252559607,
5165,0,0.036259537,0.074769836,0.252011863,
5166,0.022346889,0.020907428,0.02698774,0.182595529,
5167,0.12701795,0.016734375,0.027582133,0.189211893,
5168,0.260023526,0.019313186,0.029911239,0.190526162,
5169,0.385234072,0.021731146,0.039192,0.201439219,
5170,0.465338268,0.021859904,0.051261173,0.213190096,
5171,0.484028258,0.025221554,0.064109143,0.211369492,
5172,0.486573376,0.039198244,0.080919886,0.201203291,
5173,0.46529636,0.050659546,0.091777301,0.18877092,
5174,0.384284869,0.073126658,0.099556463,0.177742682,
5175,0.327745756,0.097369289,0.106740602,0.172967259,
5176,0.257269471,0.1172563,0.112219346,0.166014225,
5177,0.139202754,0.123139835,0.110915588,0.156048897,
5178,0.037033013,0.083620024,0.074161999,0.09203221,
5179,0,0.081439857,0.089517728,0.09106203,
5180,0,0.072267558,0.088051199,0.07968725,
5181,0,0.057782919,0.08350948,0.077206367,
5182,0,0.045257194,0.08003941,0.081225602,
5183,0,0.040341802,0.073054587,0.085423759,
5184,0,0.040049752,0.068510977,0.092194645,
5185,0,0.041012695,0.066646405,0.093882267,
5186,0,0.045508234,0.062574658,0.087226452,
5187,0,0.051059469,0.053946993,0.072964013,
5188,0,0.058221602,0.047169367,0.064597609,
5189,0,0.061635448,0.04452502,0.063654032,
5190,0.01916799,0.027890325,0.026477166,0.04788848,
5191,0.104950729,0.041470929,0.022236153,0.051214338,
5192,0.230388522,0.074730655,0.02214956,0.052912747,
5193,0.327450751,0.10207641,0.0244499,0.054825394,
5194,0.392940929,0.103814033,0.031315455,0.053358411,
5195,0.430390484,0.099941619,0.050687449,0.056269875,
5196,0.470376698,0.104249665,0.075297304,0.056731164,
5197,0.452686903,0.108496318,0.095612505,0.061409302,
5198,0.391350533,0.108731057,0.122359314,0.07305159,
5199,0.313392911,0.105321893,0.144947892,0.086722432,
5200,0.229702077,0.098154091,0.16026022,0.097622505,
5201,0.133429405,0.081674493,0.153255149,0.097595582,
5202,0.035141989,0.043508755,0.106173478,0.060836691,
5203,0,0.037338186,0.089925162,0.054196851,
5204,0,0.029890438,0.075777374,0.046652312,
5205,0,0.019813247,0.061797034,0.042431664,
5206,0,0.011163671,0.050084778,0.037418044,
5207,0,0.008048165,0.03943253,0.033376453,
5208,0,0.00730119,0.036678871,0.03369954,
5209,0,0.007602084,0.035952258,0.036087607,
5210,0,0.009377175,0.037954125,0.032076036,
5211,0,0.010174997,0.0400926,0.0252421,
5212,0,0.008055947,0.042063954,0.022631444,
5213,0,0.007384595,0.036983119,0.014743246,
5214,0.018371095,0.003124777,0.025411587,0.007151196,
5215,0.103511465,0.003744364,0.020105023,0.004316452,
5216,0.210308894,0.007961283,0.027903459,0.005436574,
5217,0.307328645,0.011923808,0.035958877,0.006675183,
5218,0.42472365,0.01414422,0.041638017,0.007694253,
5219,0.427867306,0.017276795,0.045203996,0.00708273,
5220,0.483989913,0.020365018,0.054707191,0.00803239,
5221,0.428422482,0.020858197,0.058689708,0.010122523,
5222,0.414233928,0.022957389,0.064659445,0.015027715,
5223,0.316597859,0.033916825,0.072860453,0.016853183,
5224,0.236927226,0.047103608,0.082001802,0.018391691,
5225,0.118589425,0.050869095,0.090417521,0.026432496,
5226,0.029944219,0.050543813,0.137097033,0.050834927,
5227,0,0.060909964,0.136496954,0.054429563,
5228,0,0.068285755,0.125205226,0.048083725,
5229,0,0.057783101,0.102765103,0.03722813,
5230,0,0.046826422,0.085734578,0.029569797,
5231,0,0.03827356,0.071798639,0.023850504,
5232,0,0.033427862,0.057591411,0.019012312,
5233,0,0.027373632,0.050159671,0.021849574,
5234,0,0.022629831,0.053513172,0.021248494,
5235,0,0.021305458,0.059468782,0.022199682,
5236,0,0.021240614,0.063904305,0.024800648,
5237,0,0.018023459,0.066412534,0.028083089,
5238,0.011024268,0.005918693,0.037080135,0.018922505,
5239,0.079058417,0.009164095,0.046797318,0.025426534,
5240,0.170130979,0.016248964,0.059275206,0.032043264,
5241,0.27342457,0.022763771,0.075224084,0.040071175,
5242,0.333945867,0.021986195,0.086218956,0.047903717,
5243,0.391127775,0.019783288,0.086970517,0.052310145,
5244,0.449083079,0.019867375,0.087940336,0.058042485,
5245,0.42368246,0.022032536,0.091915951,0.063740529,
5246,0.385627292,0.023495297,0.098084149,0.065642742,
5247,0.336167535,0.023749507,0.099471956,0.061010763,
5248,0.248178314,0.027762084,0.107163354,0.06876873,
5249,0.130984037,0.031080566,0.102554197,0.070738524,
5250,0.032814046,0.019136583,0.075203379,0.051237728,
5251,0,0.013929325,0.064739362,0.049361975,
5252,0,0.012397076,0.052000549,0.036983285,
5253,0,0.009346971,0.040189663,0.035885863,
5254,0,0.010053053,0.040456137,0.033886372,
5255,0,0.011687287,0.043695539,0.035588069,
5256,0,0.008597263,0.039695803,0.035356697,
5257,0,0.006257181,0.030889437,0.030982284,
5258,0,0.003789155,0.02413862,0.02726652,
5259,0,0.002422677,0.018821848,0.023359071,
5260,0,0.002253331,0.015811677,0.026290277,
5261,0,0.002141577,0.014810409,0.030065934,
5262,0.019432673,0.001376283,0.007544794,0.025838587,
5263,0.112664162,0.001507412,0.008882107,0.035151879,
5264,0.237830922,0.001447486,0.009711742,0.035638404,
5265,0.363808937,0.001321219,0.008979204,0.035006653,
5266,0.428045002,0.001145786,0.005900439,0.028303318,
5267,0.487989426,0.00637574,0.00663397,0.021456876,
5268,0.527191413,0.017938721,0.014661005,0.021239901,
5269,0.485518109,0.024259912,0.028706181,0.025474222,
5270,0.464738726,0.025588028,0.044424501,0.029311388,
5271,0.380090997,0.022385439,0.052871518,0.032444185,
5272,0.261152087,0.021026268,0.053353943,0.034388894,
5273,0.138938344,0.018325219,0.057653725,0.04048608,
5274,0.033936715,0.015767166,0.070686213,0.045700505,
5275,0,0.021513147,0.10118382,0.052964763,
5276,0,0.022298231,0.105810385,0.050002436,
5277,0,0.014983512,0.094082859,0.044308068,
5278,0,0.010294713,0.07393855,0.036112193,
5279,0,0.007083542,0.059216078,0.027199029,
5280,0,0.004847148,0.048301148,0.029394681,
5281,0,0.003122822,0.036902439,0.030602307,
5282,0,0.001814353,0.028404173,0.03131102,
5283,0,0.000852199,0.021536185,0.03211339,
5284,0,0.000357997,0.016635304,0.028145164,
5285,0,0.000154064,0.014091938,0.02715011,
5286,0.016614429,0.000408168,0.01435243,0.022135881,
5287,0.092029034,0.000437387,0.013344563,0.0204158,
5288,0.195841903,0.000282702,0.008890812,0.019662065,
5289,0.285248588,0.001200329,0.007673355,0.019341289,
5290,0.362852766,0.001545259,0.007194604,0.022922308,
5291,0.441535085,0.002827385,0.015116057,0.024378706,
5292,0.456052294,0.006147151,0.027510118,0.02527307,
5293,0.449111822,0.016231256,0.034510258,0.024702792,
5294,0.383173353,0.024625243,0.044228957,0.028543422,
5295,0.34863858,0.026734055,0.06268145,0.039861238,
5296,0.239741418,0.032964251,0.089337543,0.065498383,
5297,0.123298861,0.039243831,0.117431244,0.094029082,
5298,0.025953525,0.025210591,0.084789553,0.075301059,
5299,0,0.021834338,0.069614639,0.072211252,
5300,0,0.018456991,0.058087307,0.0618476,
5301,0,0.015450013,0.045777514,0.053718167,
5302,0,0.012391319,0.038901596,0.052756363,
5303,0,0.006058239,0.030637178,0.047991137,
5304,0,0.000927767,0.022055186,0.041091952,
5305,0,0,0.013528545,0.041339774,
5306,0,0.000197641,0.005472163,0.042587792,
5307,0,0.00026557,0.003278834,0.042509077,
5308,0,0.000255,0.003665094,0.042253763,
5309,0,0.000242074,0.008903089,0.048536939,
5310,0.004445773,0,0.013551158,0.060264932,
5311,0.063134479,0.000245061,0.015107181,0.05694347,
5312,0.113778694,0.000511703,0.011707144,0.056924533,
5313,0.204809853,0.000766962,0.015879855,0.06129004,
5314,0.287853216,0.002375682,0.027128606,0.069652772,
5315,0.314095824,0.003277579,0.037835463,0.069153109,
5316,0.334827387,0.00598458,0.053449878,0.069311247,
5317,0.318706232,0.00881232,0.068456453,0.071303583,
5318,0.337593212,0.014888958,0.091190009,0.074707539,
5319,0.306258032,0.022739235,0.11327157,0.086328816,
5320,0.218537295,0.025798741,0.125342269,0.099884918,
5321,0.108201247,0.027669622,0.125950967,0.109836665,
5322,0.024814254,0.011913353,0.141303642,0.142327955,
5323,0,0.029924874,0.13055292,0.145386784,
5324,0,0.037971687,0.122938126,0.141515527,
5325,0,0.036166232,0.115529013,0.139549951,
5326,0,0.030738475,0.106464325,0.140206753,
5327,0,0.024657187,0.108555249,0.143534631,
5328,0,0.020292388,0.118845772,0.140812027,
5329,0,0.01852585,0.137349095,0.130383907,
5330,0,0.020825564,0.156865186,0.122513957,
5331,0,0.024027472,0.16927367,0.120243545,
5332,0,0.027633658,0.184743241,0.127820262,
5333,0,0.031799304,0.194350785,0.137300245,
5334,0.014532356,0.018753802,0.153473833,0.116261884,
5335,0.107198432,0.036306835,0.166092836,0.143283906,
5336,0.227967769,0.056929842,0.180376063,0.163926673,
5337,0.338411985,0.080824288,0.211651079,0.190963157,
5338,0.399082309,0.099914986,0.228057989,0.201255465,
5339,0.439562905,0.103612392,0.236773789,0.2063132,
5340,0.455580841,0.095527079,0.229528536,0.200275375,
5341,0.441544104,0.090918818,0.231315975,0.201572416,
5342,0.390036702,0.089127825,0.231033847,0.191740737,
5343,0.292807072,0.089958694,0.234301273,0.17797854,
5344,0.209402981,0.092254686,0.237122102,0.172009938,
5345,0.10504352,0.084957896,0.226162115,0.173279811,
5346,0.024500116,0.040271137,0.144165536,0.134296664,
5347,0,0.058334399,0.151978647,0.16923745,
5348,0,0.071326761,0.186917439,0.219263124,
5349,0,0.07729639,0.212999252,0.255674086,
5350,0,0.084254604,0.23749852,0.289231313,
5351,0,0.083534935,0.254596715,0.319444158,
5352,0,0.072002073,0.260895144,0.327641474,
5353,0,0.062762318,0.261868137,0.308433358,
5354,0,0.050175266,0.245122036,0.278428712,
5355,0,0.043959104,0.240050691,0.277492393,
5356,0,0.039914131,0.23824235,0.282933578,
5357,0,0.039954983,0.2411859,0.279314961,
5358,0.015804833,0.025346323,0.21001082,0.213158956,
5359,0.099277691,0.037027622,0.25400328,0.278131605,
5360,0.202431629,0.046838179,0.250392454,0.333000354,
5361,0.296736812,0.047021904,0.222816276,0.362181218,
5362,0.369402745,0.050950727,0.206327829,0.375185505,
5363,0.438580374,0.05948854,0.19906316,0.373291661,
5364,0.420881835,0.067628248,0.200310384,0.393013636,
5365,0.434148651,0.067891794,0.202109753,0.412974315,
5366,0.388718317,0.06289831,0.208138386,0.419983343,
5367,0.255946881,0.053606096,0.209991582,0.417696276,
5368,0.189992895,0.044294987,0.206147594,0.418858006,
5369,0.105545717,0.036106446,0.196189289,0.421207947,
5370,0.028638756,0.023954711,0.183300513,0.417771067,
5371,0,0.023990372,0.182660924,0.418561944,
5372,0,0.027442402,0.185156798,0.428462015,
5373,0,0.032110526,0.20028286,0.444153182,
5374,0,0.035163903,0.221296871,0.466711807,
5375,0,0.038584565,0.23637426,0.480807524,
5376,0,0.037715585,0.254119355,0.497371715,
5377,0,0.036459978,0.263508602,0.51013154,
5378,0,0.034120756,0.262777493,0.518847553,
5379,0,0.029111885,0.249574468,0.52565655,
5380,0,0.028238823,0.251801309,0.537930965,
5381,0,0.028416501,0.260095685,0.547799217,
5382,0.019216837,0.018997452,0.185452465,0.480447774,
5383,0.109547715,0.022920344,0.224038564,0.511480659,
5384,0.234404695,0.030709847,0.249587518,0.53075326,
5385,0.367176112,0.030964984,0.251254423,0.539268607,
5386,0.448524048,0.030595481,0.233143924,0.538884902,
5387,0.505650401,0.03304173,0.218832886,0.530031185,
5388,0.516370408,0.035589165,0.211337807,0.513403564,
5389,0.500427307,0.036975046,0.210764499,0.498988165,
5390,0.449066308,0.039041459,0.218226604,0.490240556,
5391,0.34868135,0.041995627,0.224246057,0.485817409,
5392,0.257481133,0.040583731,0.226627447,0.482920973,
5393,0.129415222,0.035418767,0.213744886,0.473896683,
5394,0.031866991,0.024213024,0.158354085,0.415675797,
5395,0,0.026596082,0.15029965,0.420347262,
5396,0,0.016848895,0.138330217,0.421732851,
5397,0,0.011451339,0.109360366,0.408927432,
5398,0,0.00638726,0.076442423,0.39487775,
5399,0,0.004021525,0.054631205,0.38819753,
5400,0,0.003366877,0.046001538,0.376576482,
5401,0,0.003132455,0.044432358,0.364141399,
5402,0,0.003307985,0.045941795,0.347722595,
5403,0,0.003874387,0.050132233,0.329756098,
5404,0,0.004528094,0.054802611,0.320183334,
5405,0,0.004633422,0.058409388,0.320743865,
5406,0.021407129,0.001734252,0.04468667,0.241868439,
5407,0.116057476,0.002096198,0.047926803,0.264833571,
5408,0.240223253,0.002302331,0.045912634,0.267094149,
5409,0.350174949,0.003025872,0.049159282,0.284893081,
5410,0.437238642,0.005180986,0.048109035,0.293795041,
5411,0.501658361,0.005575365,0.049130701,0.297057369,
5412,0.528088281,0.006393746,0.047951405,0.298194721,
5413,0.508285275,0.01017998,0.053281737,0.286442472,
5414,0.447168155,0.016769509,0.065509285,0.277951429,
5415,0.383044752,0.021902318,0.07642165,0.270259533,
5416,0.25363897,0.022396043,0.075586047,0.25967812,
5417,0.126936983,0.017964416,0.063839184,0.247140751,
5418,0.027652421,0.011612629,0.054054245,0.16627065,
5419,0,0.014509307,0.050820283,0.182649665,
5420,0,0.01535699,0.054379641,0.20970787,
5421,0,0.014246137,0.062435732,0.22969633,
5422,0,0.01319276,0.068450696,0.225932859,
5423,0,0.01432309,0.073529546,0.208716468,
5424,0,0.018838581,0.079999474,0.209844457,
5425,0,0.020934567,0.084040624,0.209280415,
5426,0,0.019422652,0.08973872,0.216928938,
5427,0,0.01725053,0.096989541,0.213892349,
5428,0,0.015552099,0.101175267,0.198271295,
5429,0,0.015587357,0.099893965,0.183458314,
5430,0.018759769,0.019775551,0.096940477,0.158667511,
5431,0.121214376,0.013116227,0.0854932,0.145951649,
5432,0.256402282,0.015760862,0.076130824,0.132294166,
5433,0.385187386,0.01655908,0.059416817,0.134266838,
5434,0.478398774,0.017963344,0.041727554,0.143425439,
5435,0.513511195,0.025101456,0.031093289,0.152596627,
5436,0.523884166,0.035336193,0.024656947,0.169232641,
5437,0.491374353,0.051100096,0.025121119,0.178920588,
5438,0.418982065,0.074131739,0.048596185,0.190356611,
5439,0.312381906,0.093477699,0.085591922,0.210603638,
5440,0.185183736,0.080580916,0.154306428,0.252683592,
5441,0.095353309,0.05719186,0.168568591,0.303459919,
5442,0.021855209,0.0257559,0.135223074,0.22983486,
5443,0,0.041135956,0.10642214,0.274268908,
5444,0,0.057926997,0.126546207,0.354234984,
5445,0,0.061022899,0.123127751,0.359619914,
5446,0,0.056606669,0.125108567,0.367790343,
5447,0,0.054207266,0.141397453,0.386729775,
5448,0,0.04901356,0.147174664,0.392134406,
5449,0,0.047695076,0.155853615,0.407157021,
5450,0,0.054069883,0.176404568,0.437233086,
5451,0,0.054164499,0.187031304,0.450781118,
5452,0,0.054662009,0.199750133,0.463673373,
5453,0,0.058372915,0.205546104,0.484275593,
5454,0.012517735,0.068079955,0.164086732,0.453498285,
5455,0.08787611,0.129773789,0.195233179,0.459790408,
5456,0.204325398,0.224170236,0.245659459,0.492194926,
5457,0.302559933,0.2629328,0.284091381,0.515130827,
5458,0.387153696,0.318059727,0.30623364,0.512266031,
5459,0.370581472,0.352373813,0.361202667,0.51729031,
5460,0.40720212,0.35977363,0.420369488,0.541677904,
5461,0.399258783,0.370408501,0.437803976,0.560974677,
5462,0.315115513,0.386088904,0.454101698,0.587187113,
5463,0.240780025,0.384300261,0.496682315,0.639786419,
5464,0.143458157,0.356113737,0.547259032,0.701848632,
5465,0.077059483,0.336591256,0.589240827,0.738729842,
5466,0.014180728,0.180623042,0.428581042,0.619217056,
5467,0,0.279783949,0.527511534,0.634370801,
5468,0,0.352098136,0.654667906,0.705022033,
5469,0,0.388661663,0.775766538,0.797057072,
5470,0,0.387768703,0.835748903,0.868803885,
5471,0,0.388614023,0.829846681,0.883946524,
5472,0,0.379231723,0.818798507,0.883071295,
5473,0,0.372758985,0.814918386,0.880630771,
5474,0,0.36682685,0.813595082,0.879390124,
5475,0,0.353790701,0.810680045,0.879016818,
5476,0,0.326288136,0.80275553,0.878765181,
5477,0,0.304885893,0.795041957,0.878170045,
5478,0.016747795,0.16624291,0.618263019,0.792673409,
5479,0.129188812,0.218265531,0.71214403,0.845373459,
5480,0.280332667,0.316050687,0.715895014,0.846824225,
5481,0.418377322,0.332097028,0.665421565,0.818164246,
5482,0.513109802,0.328676194,0.626315112,0.782298724,
5483,0.575348732,0.322008954,0.581386085,0.728766435,
5484,0.593828127,0.298123753,0.524730379,0.661772187,
5485,0.573114029,0.276573423,0.475247392,0.608163566,
5486,0.514943917,0.26020493,0.437315041,0.564266043,
5487,0.418708969,0.25211512,0.420733059,0.533918798,
5488,0.297149903,0.250247966,0.418596363,0.518134388,
5489,0.153298991,0.236710016,0.4252963,0.515927129,
5490,0.030086232,0.094179475,0.30841327,0.476059468,
5491,0,0.130565303,0.361714216,0.506590261,
5492,0,0.160635653,0.429234337,0.534477467,
5493,0,0.172008393,0.484654703,0.56399798,
5494,0,0.168013951,0.544167831,0.603076416,
5495,0,0.148912266,0.593525745,0.657376564,
5496,0,0.124435651,0.583844492,0.700110514,
5497,0,0.108272465,0.549654102,0.715259642,
5498,0,0.09459882,0.509082465,0.697694058,
5499,0,0.085231102,0.463607524,0.673454053,
5500,0,0.07643869,0.425266062,0.644540991,
5501,0,0.075352874,0.409352834,0.611726789,
5502,0.017900943,0.036245729,0.246449445,0.447099343,
5503,0.134520222,0.038079253,0.263054162,0.450646327,
5504,0.284088944,0.05559073,0.258283262,0.45760179,
5505,0.411701862,0.064871761,0.231458112,0.457522569,
5506,0.495513684,0.059253321,0.189905861,0.43048499,
5507,0.555398289,0.049024401,0.157113729,0.393641849,
5508,0.576524646,0.039764413,0.138960506,0.365279019,
5509,0.558119644,0.034660219,0.128151456,0.330853039,
5510,0.502236175,0.038913261,0.132116197,0.298817845,
5511,0.392712132,0.040380856,0.137593189,0.270960803,
5512,0.269532422,0.038476405,0.144116752,0.257507991,
5513,0.131241535,0.036955156,0.142221386,0.241664251,
5514,0.029903465,0.01647243,0.100986458,0.183878125,
5515,0,0.022051,0.098200205,0.181287821,
5516,0,0.023562868,0.081088219,0.178619445,
5517,0,0.025972359,0.064005353,0.165444888,
5518,0,0.022394543,0.047177191,0.154740172,
5519,0,0.015984387,0.038680776,0.155387505,
5520,0,0.014732816,0.033608352,0.149201995,
5521,0,0.018365124,0.036580932,0.15699105,
5522,0,0.01623456,0.042817217,0.164452428,
5523,0,0.009575869,0.048963921,0.164718259,
5524,0,0.006180156,0.051179016,0.161897907,
5525,0,0.006205237,0.058395183,0.170416978,
5526,0.01876765,0.003353114,0.03914415,0.131298786,
5527,0.118644382,0.00414093,0.054393781,0.150827764,
5528,0.241177658,0.004869332,0.063670124,0.171229004,
5529,0.386330023,0.00526054,0.06129904,0.183265412,
5530,0.473646691,0.004761261,0.057201754,0.18887204,
5531,0.533138191,0.004353561,0.053958924,0.177581174,
5532,0.560324685,0.004911794,0.058344518,0.162094979,
5533,0.542531471,0.007681254,0.07263414,0.170314917,
5534,0.485348362,0.009044003,0.066315051,0.183360295,
5535,0.390324516,0.012821074,0.06186165,0.195610887,
5536,0.274925119,0.014440696,0.060428428,0.21729284,
5537,0.140754351,0.017289769,0.062671054,0.235403015,
5538,0.027648134,0.015647359,0.048203422,0.200492457,
5539,0,0.016711249,0.042274251,0.212784943,
5540,0,0.017926297,0.046326601,0.234524141,
5541,0,0.019725259,0.050768385,0.244363709,
5542,0,0.016768115,0.053540706,0.249944155,
5543,0,0.015186832,0.05474886,0.27859862,
5544,0,0.012316885,0.058525562,0.294547141,
5545,0,0.011500606,0.066402025,0.30600636,
5546,0,0.011603455,0.082137646,0.329768046,
5547,0,0.016300506,0.113971277,0.360267897,
5548,0,0.019079511,0.152974848,0.40030444,
5549,0,0.025144105,0.207064676,0.477330452,
5550,0.014776625,0.023628643,0.21188704,0.440997715,
5551,0.113387465,0.024442655,0.252829236,0.515357216,
5552,0.250266585,0.032251797,0.28656316,0.6002079,
5553,0.368434851,0.042793584,0.350565326,0.68444986,
5554,0.459969907,0.053607019,0.395879535,0.725197019,
5555,0.521082141,0.055669249,0.410111352,0.736974838,
5556,0.497273849,0.069596726,0.433751846,0.745800387,
5557,0.447092661,0.091839003,0.464141354,0.744807666,
5558,0.372476293,0.115600083,0.499763015,0.74046964,
5559,0.280310145,0.141190148,0.533978047,0.730653092,
5560,0.206014138,0.162270274,0.553590554,0.722546692,
5561,0.110140543,0.144513081,0.552308112,0.710570415,
5562,0.019891209,0.074931704,0.504250659,0.655953058,
5563,0,0.098831206,0.533997528,0.667899351,
5564,0,0.127154572,0.55435386,0.681576193,
5565,0,0.167791679,0.561530511,0.681313756,
5566,0,0.200641102,0.553651272,0.67137009,
5567,0,0.241713979,0.546385125,0.652137404,
5568,0,0.278502603,0.547212661,0.624849968,
5569,0,0.289223341,0.534480465,0.589493081,
5570,0,0.29309357,0.520857619,0.54266542,
5571,0,0.291807491,0.490314484,0.467200009,
5572,0,0.299254276,0.431655213,0.394314187,
5573,0,0.271444026,0.352128338,0.329008468,
5574,0.009018381,0.167832145,0.205691848,0.20876413,
5575,0.088775694,0.142474071,0.184127034,0.181981777,
5576,0.189939493,0.168799252,0.176965911,0.147722166,
5577,0.274690841,0.183103536,0.155441222,0.107801548,
5578,0.328549771,0.180922457,0.116271484,0.064179788,
5579,0.356394099,0.181484449,0.073256324,0.04132805,
5580,0.360456975,0.180946367,0.057835841,0.040558202,
5581,0.343017843,0.141432003,0.05932908,0.045082963,
5582,0.333069385,0.131550634,0.045708842,0.041820011,
5583,0.329797172,0.107879808,0.033647551,0.040920223,
5584,0.216953432,0.083024998,0.02264202,0.039142528,
5585,0.105350221,0.061976032,0.019551041,0.041831374,
5586,0.017445296,0.048482649,0.020893578,0.054383479,
5587,0,0.028064182,0.044895487,0.081675675,
5588,0,0.024350332,0.082159616,0.126744422,
5589,0,0.028656544,0.118843495,0.180427821,
5590,0,0.029521289,0.147416352,0.240814102,
5591,0,0.032058791,0.176067158,0.283479782,
5592,0,0.037430982,0.199840478,0.322415355,
5593,0,0.049701454,0.225547987,0.360067144,
5594,0,0.069816161,0.260967978,0.389343091,
5595,0,0.089330284,0.29488426,0.411933369,
5596,0,0.101286229,0.318618951,0.43323768,
5597,0,0.105333335,0.337837168,0.451910542,
5598,0.009585147,0.049896426,0.288539864,0.465520868,
5599,0.113083666,0.054713528,0.341032304,0.502410893,
5600,0.243589103,0.098155094,0.397171309,0.536766497,
5601,0.363098251,0.148934788,0.40888167,0.539538625,
5602,0.437863731,0.163257514,0.394548287,0.524706065,
5603,0.479349475,0.189452808,0.385927008,0.493262793,
5604,0.503603067,0.208559915,0.382585757,0.480822782,
5605,0.503865613,0.230082345,0.388548516,0.464529113,
5606,0.431340846,0.25074589,0.420028228,0.489000611,
5607,0.345976489,0.259241385,0.466328879,0.510262894,
5608,0.225258002,0.251649237,0.515006144,0.528768855,
5609,0.105168604,0.23295573,0.546443538,0.573764297,
5610,0.017907287,0.152770372,0.570120307,0.572045953,
5611,0,0.197015691,0.583484461,0.575680093,
5612,0,0.256496866,0.601103127,0.570800026,
5613,0,0.299674002,0.644610536,0.584500825,
5614,0,0.309476973,0.693655019,0.552014404,
5615,0,0.310782999,0.742202755,0.576253668,
5616,0,0.305733479,0.691748311,0.566411604,
5617,0,0.30489231,0.634931079,0.510386285,
5618,0,0.314431244,0.646758573,0.540121508,
5619,0,0.33824756,0.687825772,0.529958485,
5620,0,0.356995325,0.684958536,0.561110805,
5621,0,0.376661625,0.662579924,0.585113459,
5622,0.001505794,0.209756941,0.500034516,0.437478085,
5623,0.041782714,0.253226208,0.520044818,0.607988503,
5624,0.092715341,0.306668278,0.563220141,0.609271649,
5625,0.18343133,0.366316809,0.593854448,0.625240875,
5626,0.259472404,0.461769253,0.661811072,0.625235237,
5627,0.311816087,0.499514751,0.691276193,0.697888289,
5628,0.234953244,0.502780449,0.654180313,0.800703533,
5629,0.24369021,0.507417762,0.663628994,0.804497396,
5630,0.223075185,0.502332663,0.662281229,0.792753632,
5631,0.157865054,0.508305157,0.655660225,0.777819475,
5632,0.074585465,0.525944001,0.72092067,0.811284063,
5633,0.026553365,0.547404272,0.768601105,0.813666106,
5634,0,0.432428771,0.705484197,0.825326389,
5635,0,0.58363008,0.756384057,0.840412634,
5636,0,0.63142018,0.777217675,0.845473008,
5637,0,0.592830967,0.79880587,0.869369923,
5638,0,0.566189069,0.807650762,0.873362954,
5639,0,0.570636923,0.814939703,0.871418459,
5640,0,0.58366475,0.829470078,0.874590215,
5641,0,0.607121072,0.839719551,0.875138144,
5642,0,0.631712589,0.841770566,0.874097366,
5643,0,0.649332922,0.83821637,0.855980647,
5644,0,0.673781365,0.796716759,0.800285938,
5645,0,0.683108012,0.790006924,0.727779044,
5646,0,0.584738948,0.849321155,0.706505561,
5647,0.022844583,0.551465143,0.782019966,0.630684503,
5648,0.084476206,0.514931262,0.79893766,0.614735788,
5649,0.154643215,0.507079898,0.853578363,0.583605938,
5650,0.189123325,0.581935204,0.840279156,0.541914947,
5651,0.245135625,0.580348404,0.72622561,0.477314148,
5652,0.285068334,0.601383741,0.694561937,0.469119448,
5653,0.286584163,0.590836524,0.675725252,0.448744669,
5654,0.276255755,0.560017711,0.604149152,0.380828789,
5655,0.247300812,0.525633477,0.518883029,0.320638888,
5656,0.167663559,0.459549529,0.439482808,0.268051598,
5657,0.08855638,0.37591927,0.362129132,0.209212262,
5658,0.00740417,0.158948766,0.263687641,0.157101853,
5659,0,0.153592433,0.221495199,0.130689608,
5660,0,0.144300999,0.187679679,0.106537251,
5661,0,0.138135521,0.1585424,0.087573547,
5662,0,0.136926327,0.144841572,0.085260476,
5663,0,0.138976433,0.128910459,0.08668128,
5664,0,0.12903715,0.117507934,0.088274517,
5665,0,0.126939175,0.110913678,0.088309531,
5666,0,0.121000464,0.098958663,0.089200618,
5667,0,0.119171142,0.086363614,0.094792423,
5668,0,0.119317031,0.074748726,0.102756504,
5669,0,0.107012569,0.057537245,0.097242731,
5670,0.004372613,0.045270373,0.02517412,0.047092592,
5671,0.090432773,0.044730185,0.025282128,0.054374305,
5672,0.191736595,0.056017572,0.021577261,0.06572032,
5673,0.283013708,0.062204341,0.021868736,0.085502034,
5674,0.284199806,0.080892342,0.024169622,0.098708092,
5675,0.299968027,0.116619403,0.028226511,0.111491916,
5676,0.29571442,0.157541703,0.03126065,0.125207911,
5677,0.248782696,0.180080751,0.032293031,0.151400194,
5678,0.189486261,0.177609005,0.035781331,0.17290926,
5679,0.1501949,0.165914924,0.038265454,0.182422834,
5680,0.10954082,0.157159105,0.041484886,0.200564947,
5681,0.063557018,0.122068348,0.039204499,0.22311908,
5682,0.009961223,0.041139255,0.046134048,0.203131991,
5683,0,0.041287268,0.061225749,0.273840488,
5684,0,0.034611958,0.052267258,0.30803747,
5685,0,0.029935029,0.054271441,0.318684752,
5686,0,0.024013985,0.053580143,0.311081481,
5687,0,0.024946314,0.05042016,0.311766074,
5688,0,0.024472455,0.050192794,0.316464856,
5689,0,0.023580758,0.06613466,0.33241384,
5690,0,0.023722987,0.108446753,0.371997829,
5691,0,0.026725632,0.153369114,0.403554833,
5692,0,0.029753572,0.185174068,0.409347565,
5693,0,0.034723906,0.205576865,0.418518273,
5694,0.001148732,0.026486918,0.216847147,0.438433862,
5695,0.039591152,0.029028255,0.241530626,0.455321121,
5696,0.103994192,0.037983805,0.275264721,0.466731248,
5697,0.152855077,0.049129294,0.284925883,0.45923989,
5698,0.212882778,0.050182638,0.284561651,0.453516517,
5699,0.211390372,0.048774387,0.2666482,0.451838695,
5700,0.215257846,0.053607736,0.280939301,0.483441008,
5701,0.190347847,0.059736798,0.301387233,0.511674417,
5702,0.177258991,0.060498981,0.327363868,0.534126981,
5703,0.091905924,0.06807881,0.365623868,0.558951557,
5704,0.059465618,0.071088069,0.383022501,0.562087426,
5705,0.027521772,0.064780938,0.36091965,0.552918802,
5706,0.0009675,0.06722854,0.228609498,0.386701819,
5707,0,0.057569449,0.235365539,0.433714095,
5708,0,0.065555107,0.258455674,0.478768549,
5709,0,0.066973181,0.271848832,0.491593384,
5710,0,0.066376308,0.260614265,0.479126224,
5711,0,0.076198817,0.266995648,0.480417638,
5712,0,0.077889881,0.284069265,0.482705792,
5713,0,0.085222197,0.319017297,0.486851113,
5714,0,0.089252294,0.351911003,0.49905617,
5715,0,0.087044011,0.364797966,0.500312986,
5716,0,0.081442238,0.35541746,0.496275538,
5717,0,0.073827211,0.334239238,0.485585392,
5718,0.000188358,0.034358366,0.207900018,0.366680693,
5719,0.026846632,0.03444401,0.231924904,0.35409055,
5720,0.060617905,0.0443806,0.301520903,0.362446057,
5721,0.103755211,0.057837545,0.382381082,0.382645905,
5722,0.139922007,0.074037431,0.420796045,0.394535794,
5723,0.17841069,0.084491945,0.420674115,0.404704451,
5724,0.200185702,0.088120784,0.379470424,0.379564584,
5725,0.19638842,0.094928293,0.334437893,0.365093911,
5726,0.191336633,0.089655561,0.280514631,0.337544382,
5727,0.058795898,0.092368482,0.237895369,0.306689205,
5728,0.047004791,0.090041006,0.206509102,0.282906172,
5729,0.019937553,0.087832572,0.1648517,0.276986948,
5730,0.000301681,0.032402768,0.118405354,0.25067769,
5731,0,0.034081219,0.12281312,0.275664009,
5732,0,0.030201605,0.167327769,0.321633275,
5733,0,0.03093542,0.198753057,0.33300519,
5734,0,0.027794295,0.196597951,0.330289516,
5735,0,0.024529675,0.171687429,0.337246745,
5736,0,0.022636686,0.149007735,0.318404034,
5737,0,0.021555593,0.134330401,0.298561795,
5738,0,0.014448899,0.135658075,0.285235819,
5739,0,0.014334724,0.143724579,0.283556132,
5740,0,0.016300243,0.141867429,0.276606317,
5741,0,0.019347412,0.131759152,0.257589067,
5742,0,0.016671574,0.15099534,0.256296164,
5743,0.025527857,0.021933857,0.189911482,0.265317913,
5744,0.070565756,0.025006013,0.204302768,0.265900114,
5745,0.135769193,0.021832966,0.176144103,0.236844786,
5746,0.196547681,0.025475042,0.143539583,0.21390342,
5747,0.180984378,0.021620427,0.129084269,0.21443012,
5748,0.20589844,0.019642793,0.137057666,0.216927522,
5749,0.218282806,0.022611602,0.134996788,0.221330273,
5750,0.211732649,0.022309309,0.153887201,0.258498765,
5751,0.181591429,0.023623631,0.196380386,0.306282279,
5752,0.148555144,0.026810525,0.224913446,0.333961049,
5753,0.071105427,0.02339241,0.235005988,0.35453956,
5754,0.006008082,0.016693726,0.211236135,0.310398785,
5755,0,0.022211501,0.255785881,0.375298085,
5756,0,0.026052821,0.306327531,0.445569289,
5757,0,0.028340386,0.337670179,0.490450315,
5758,0,0.038832216,0.365382375,0.542142743,
5759,0,0.046306848,0.383965302,0.574692195,
5760,0,0.055920454,0.403185987,0.592061114,
5761,0,0.062032825,0.410237051,0.586058526,
5762,0,0.066663505,0.406739697,0.582375518,
5763,0,0.073497544,0.387973833,0.569481208,
5764,0,0.084121474,0.373613447,0.540314641,
5765,0,0.095708367,0.345872722,0.485018169,
5766,0.002874614,0.015525245,0.165257886,0.263657245,
5767,0.082620803,0.02633316,0.284664162,0.384489873,
5768,0.194085697,0.054983589,0.375817243,0.43930949,
5769,0.303614878,0.095199841,0.412565263,0.458974401,
5770,0.370986837,0.146260054,0.424923059,0.465020847,
5771,0.412946962,0.192569185,0.413597698,0.458074386,
5772,0.435063519,0.195000291,0.401773858,0.446490895,
5773,0.418935269,0.196784012,0.383932739,0.409026116,
5774,0.364917998,0.19125877,0.365974656,0.376773126,
5775,0.274738451,0.175918898,0.38334751,0.401858167,
5776,0.180634087,0.1645553,0.397215942,0.395460026,
5777,0.081351437,0.179995575,0.370342575,0.371326202,
5778,0.009177054,0.057404641,0.185545194,0.2381275,
5779,0,0.06588346,0.237176366,0.290649283,
5780,0,0.072580367,0.257169245,0.308550358,
5781,0,0.086928824,0.263805771,0.299421093,
5782,0,0.098204542,0.277418787,0.295037868,
5783,0,0.1118411,0.25058604,0.286489167,
5784,0,0.127805931,0.22285567,0.264874266,
5785,0,0.12951521,0.23550174,0.263166864,
5786,0,0.145052094,0.265904526,0.262490036,
5787,0,0.132215561,0.274858234,0.244231293,
5788,0,0.123616386,0.26375676,0.227536807,
5789,0,0.112434605,0.240770004,0.210232793,
5790,0.000217799,0.065202339,0.1498898,0.174089386,
5791,0.031933457,0.062761858,0.138564326,0.172629774,
5792,0.083991975,0.064310215,0.150234462,0.173181179,
5793,0.126908954,0.068441541,0.147520696,0.178440419,
5794,0.221022791,0.097541245,0.141960615,0.180108269,
5795,0.258924341,0.12675117,0.13976322,0.192204089,
5796,0.314791052,0.136358792,0.156301874,0.212229459,
5797,0.343055781,0.137529093,0.182430603,0.242388578,
5798,0.334888898,0.16117585,0.201622764,0.257783894,
5799,0.221115208,0.163375775,0.221387279,0.275928442,
5800,0.152136576,0.152920884,0.206134799,0.301818492,
5801,0.061689306,0.142396634,0.189827018,0.310001765,
5802,0.000732019,0.060007554,0.238601301,0.379646219,
5803,0,0.068639804,0.188912515,0.362010534,
5804,0,0.076829356,0.171438874,0.360564761,
5805,0,0.064234288,0.176222264,0.361845926,
5806,0,0.076329968,0.194382707,0.364632619,
5807,0,0.092103235,0.203135207,0.36313998,
5808,0,0.109040955,0.23234509,0.371802297,
5809,0,0.118225984,0.273532832,0.391261217,
5810,0,0.105725608,0.29722229,0.394105003,
5811,0,0.088980316,0.320983934,0.391594435,
5812,0,0.08836633,0.303674595,0.369789493,
5813,0,0.074931239,0.256387749,0.318804577,
5814,0,0.050080375,0.164435037,0.282158221,
5815,0.016446323,0.039098511,0.118676136,0.247250582,
5816,0.060798197,0.030549644,0.107010207,0.223599823,
5817,0.126254372,0.020628207,0.086055852,0.203979147,
5818,0.173195955,0.02011797,0.074566795,0.188045133,
5819,0.228940387,0.021273266,0.059408756,0.159992232,
5820,0.301928855,0.023479817,0.051041427,0.142974149,
5821,0.360852581,0.031867551,0.05666732,0.153803836,
5822,0.348932861,0.03458865,0.066248571,0.184117562,
5823,0.28057095,0.036696859,0.072213011,0.200482141,
5824,0.20325108,0.026671788,0.079000686,0.211882952,
5825,0.093116946,0.017271436,0.082226546,0.225395352,
5826,0.007123086,0.006837742,0.063700475,0.256990222,
5827,0,0.00617209,0.059961482,0.239846618,
5828,0,0.005806762,0.055604723,0.217404727,
5829,0,0.005950227,0.054021361,0.226903429,
5830,0,0.006653882,0.055049687,0.245149147,
5831,0,0.007445299,0.051550311,0.256068583,
5832,0,0.008175871,0.049005145,0.252739306,
5833,0,0.012235481,0.045636061,0.2297627,
5834,0,0.018975129,0.046104747,0.211095007,
5835,0,0.034129079,0.067622625,0.20119167,
5836,0,0.048416129,0.089248752,0.173257008,
5837,0,0.060927708,0.115436818,0.149525915,
5838,0.003322403,0.049755438,0.108000955,0.1149797,
5839,0.092797413,0.064451999,0.165211402,0.128705276,
5840,0.223241764,0.104692589,0.199188322,0.151352532,
5841,0.354645112,0.156066725,0.25805172,0.200493912,
5842,0.422567397,0.177574191,0.317578361,0.210315569,
5843,0.482493777,0.184656925,0.377137648,0.220102128,
5844,0.493834057,0.177945397,0.37351192,0.235496814,
5845,0.450893814,0.174931939,0.354427555,0.246966433,
5846,0.370760627,0.179688934,0.331476269,0.234148048,
5847,0.28881618,0.193084689,0.316038349,0.198835235,
5848,0.188665938,0.188278003,0.315714821,0.180137724,
5849,0.08247999,0.175224088,0.3256056,0.178417291,
5850,0.001860569,0.119985181,0.246138671,0.162030044,
5851,0,0.150869076,0.297627467,0.177156059,
5852,0,0.182486289,0.362517501,0.207186506,
5853,0,0.191434638,0.447287878,0.250379014,
5854,0,0.182472541,0.53967169,0.315297766,
5855,0,0.172224778,0.549005662,0.360606517,
5856,0,0.152241557,0.531996719,0.387942617,
5857,0,0.135140928,0.514442541,0.406454025,
5858,0,0.120050739,0.516929409,0.415672227,
5859,0,0.111833633,0.524109968,0.400889592,
5860,0,0.108311579,0.530342079,0.404095588,
5861,0,0.114217969,0.526982217,0.401203537,
5862,0.006905382,0.06739531,0.372538726,0.268751206,
5863,0.112541425,0.069918529,0.376638263,0.252205745,
5864,0.263327311,0.081442246,0.367954841,0.236138461,
5865,0.391994888,0.092327973,0.345998325,0.234817933,
5866,0.47634233,0.088527037,0.302871028,0.216746349,
5867,0.510067718,0.084044455,0.24445716,0.170973719,
5868,0.525080684,0.081583465,0.200722339,0.134779818,
5869,0.469944854,0.068275596,0.160836876,0.11054033,
5870,0.380278952,0.062714531,0.132153276,0.099111298,
5871,0.268997277,0.058065322,0.109155181,0.088372953,
5872,0.148573456,0.056358483,0.100552699,0.093131217,
5873,0.059336231,0.058912604,0.113778569,0.102614116,
5874,0,0.029077288,0.100295139,0.082722588,
5875,0,0.036488786,0.103565404,0.093351772,
5876,0,0.042625456,0.139173512,0.112451091,
5877,0,0.043665956,0.151582823,0.121022724,
5878,0,0.036561572,0.145186116,0.133917314,
5879,0,0.031480363,0.140689654,0.153861024,
5880,0,0.031332192,0.137581837,0.162473164,
5881,0,0.034386487,0.140324105,0.183867001,
5882,0,0.027317549,0.149792457,0.196950144,
5883,0,0.022121568,0.152856786,0.196537949,
5884,0,0.018616028,0.15944361,0.20087679,
5885,0,0.018375999,0.173737271,0.204812608,
5886,0,0.015316089,0.134472825,0.167115127,
5887,0.030961442,0.022395622,0.150758084,0.172866639,
5888,0.057839846,0.033686412,0.202863973,0.199440542,
5889,0.096220584,0.047642154,0.258690973,0.233357212,
5890,0.137622927,0.072576413,0.311382781,0.270624444,
5891,0.174359574,0.091744467,0.331204895,0.284559387,
5892,0.240108656,0.104260218,0.353936786,0.297458845,
5893,0.268258474,0.131955464,0.362787981,0.272634381,
5894,0.209711842,0.135678612,0.376576503,0.264927764,
5895,0.095052433,0.14987183,0.372526339,0.253835865,
5896,0.083280177,0.182811555,0.353006908,0.237718231,
5897,0.023923533,0.186869236,0.368803573,0.242995942,
5898,0,0.09999674,0.280298519,0.250391406,
5899,0,0.081373977,0.264185105,0.22230498,
5900,0,0.079177458,0.211777484,0.19519703,
5901,0,0.086242414,0.17466258,0.181672049,
5902,0,0.108340859,0.164565962,0.193660029,
5903,0,0.116138771,0.171849108,0.228714119,
5904,0,0.112511723,0.19562884,0.296688932,
5905,0,0.100124354,0.222310912,0.368583633,
5906,0,0.092159702,0.27334864,0.427441333,
5907,0,0.086457467,0.328046229,0.45445725,
5908,0,0.067682591,0.34963892,0.45145202,
5909,0,0.054172796,0.327105344,0.4270822,
5910,0,0.052325431,0.242653823,0.322979536,
5911,0.059298314,0.046145603,0.196852681,0.277726984,
5912,0.18853224,0.045651935,0.189365248,0.24857368,
5913,0.337166703,0.056456178,0.198795183,0.231443992,
5914,0.41317634,0.078746111,0.214632202,0.240227205,
5915,0.484203561,0.114064524,0.231564248,0.254969848,
5916,0.566376209,0.153971595,0.257665415,0.277150489,
5917,0.562882764,0.189338478,0.322886289,0.341535757,
5918,0.512010817,0.254938935,0.41101484,0.420187855,
5919,0.401150923,0.299890556,0.478305678,0.490115464,
5920,0.270748725,0.270056331,0.492017087,0.518685593,
5921,0.122829019,0.250051393,0.487354344,0.515078189,
5922,0.004005133,0.162048878,0.437534261,0.383719289,
5923,0,0.188935356,0.418429965,0.341307092,
5924,0,0.194141966,0.348813457,0.26694805,
5925,0,0.188131375,0.27627687,0.218002907,
5926,0,0.169293787,0.215912228,0.192017147,
5927,0,0.168580474,0.207179971,0.18984075,
5928,0,0.170187388,0.214863375,0.192413699,
5929,0,0.167369042,0.216036619,0.184316624,
5930,0,0.162309003,0.204150598,0.163308804,
5931,0,0.158814812,0.176360729,0.134592409,
5932,0,0.164324298,0.15311844,0.119004037,
5933,0,0.162427344,0.126304795,0.100465434,
5934,0.006487815,0.078114998,0.090883116,0.07295476,
5935,0.131705089,0.057400604,0.091727957,0.08005887,
5936,0.2900255,0.104328638,0.135634374,0.113220789,
5937,0.421950736,0.220345756,0.173168686,0.122944047,
5938,0.489251853,0.336581216,0.206509546,0.136115307,
5939,0.544503298,0.388437699,0.245925407,0.158917021,
5940,0.546980932,0.403309086,0.274952636,0.187536605,
5941,0.529081756,0.443645791,0.306914097,0.218533764,
5942,0.4534751,0.482345965,0.342330679,0.243858947,
5943,0.388620691,0.456579429,0.345250189,0.242915555,
5944,0.25718015,0.361880974,0.323207242,0.231677141,
5945,0.118107567,0.32166931,0.30687139,0.21069828,
5946,0.001014492,0.188042589,0.14775847,0.080602483,
5947,0,0.156503296,0.123042275,0.070885179,
5948,0,0.141801213,0.098513406,0.058821974,
5949,0,0.121164388,0.088400002,0.057993297,
5950,0,0.098396456,0.081884258,0.056914756,
5951,0,0.072590329,0.081239987,0.05808876,
5952,0,0.055852596,0.085353996,0.058354275,
5953,0,0.049647397,0.091495756,0.059363263,
5954,0,0.048812195,0.08922778,0.055118958,
5955,0,0.048508082,0.083007154,0.050688733,
5956,0,0.046089358,0.069835044,0.042754476,
5957,0,0.042110782,0.05786528,0.034768364,
5958,0.005144026,0.022289637,0.031580162,0.022585845,
5959,0.113001429,0.016692198,0.032662999,0.03608374,
5960,0.241847256,0.014978791,0.046318044,0.044621257,
5961,0.341406727,0.039558368,0.07164449,0.074421208,
5962,0.377588041,0.05344663,0.097660918,0.106280918,
5963,0.390278842,0.055684998,0.13121142,0.142619317,
5964,0.348251076,0.064541701,0.171021295,0.183698148,
5965,0.277463832,0.074751763,0.190480262,0.204162257,
5966,0.186027173,0.082266721,0.225630443,0.245592947,
5967,0.157684722,0.098952641,0.276072714,0.303810517,
5968,0.091247523,0.116926772,0.346714004,0.381264382,
5969,0.032236918,0.138083906,0.419347683,0.451171563,
5970,0,0.042059371,0.200828259,0.231964714,
5971,0,0.071677949,0.27783844,0.341585218,
5972,0,0.104454793,0.382582453,0.462376579,
5973,0,0.145201567,0.44899773,0.518974848,
5974,0,0.159670004,0.473668496,0.558897434,
5975,0,0.179153653,0.530355709,0.623568311,
5976,0,0.21860172,0.585107444,0.6457381,
5977,0,0.262015286,0.608104901,0.60945237,
5978,0,0.285753962,0.55269646,0.539904565,
5979,0,0.275070743,0.421096709,0.458752709,
5980,0,0.250048245,0.322763821,0.402925093,
5981,0,0.227995086,0.252746826,0.366863138,
5982,0,0.083193261,0.197212392,0.336057752,
5983,0.061185642,0.083635751,0.164877889,0.319137889,
5984,0.16556329,0.087987163,0.145302782,0.28911665,
5985,0.27112116,0.10221725,0.125026966,0.234361057,
5986,0.35488564,0.102423736,0.112479153,0.201357089,
5987,0.387741161,0.114604085,0.133579381,0.206438942,
5988,0.398717349,0.153004949,0.175091125,0.233698015,
5989,0.36451381,0.179424062,0.222518841,0.277135619,
5990,0.309658258,0.173390378,0.256550889,0.302118523,
5991,0.240461645,0.169182677,0.282179709,0.318072882,
5992,0.135616343,0.137346667,0.295046793,0.313528574,
5993,0.053649134,0.123560247,0.308967603,0.312070687,
5994,0,0.030881149,0.233984153,0.270284791,
5995,0,0.039721724,0.231616889,0.241698234,
5996,0,0.041375085,0.220812995,0.216723707,
5997,0,0.047482663,0.203686223,0.192373587,
5998,0,0.046223318,0.177368986,0.162393811,
5999,0,0.038821911,0.156412217,0.144333449,
6000,0,0.036692079,0.145527903,0.141330586,
6001,0,0.03721373,0.14117846,0.149508852,
6002,0,0.033263047,0.133504949,0.163405797,
6003,0,0.030989349,0.132676388,0.174589093,
6004,0,0.033471118,0.135239064,0.18209506,
6005,0,0.034219867,0.132868988,0.204932803,
6006,0.004652511,0.031774085,0.105316581,0.191780915,
6007,0.118521881,0.026404657,0.108004472,0.226790234,
6008,0.248031873,0.019801897,0.115661552,0.275571823,
6009,0.3599319,0.018373475,0.120570865,0.272333179,
6010,0.42379469,0.024080712,0.134460947,0.256326449,
6011,0.467948243,0.03048443,0.163687432,0.255867536,
6012,0.477105134,0.035398952,0.172535713,0.23672488,
6013,0.45667883,0.034172264,0.161996621,0.219926771,
6014,0.405840645,0.027018238,0.146954373,0.205621676,
6015,0.346677491,0.025033543,0.135868171,0.193175769,
6016,0.234484713,0.024183895,0.133272422,0.191893984,
6017,0.101789462,0.025869923,0.130848871,0.188083504,
6018,0,0.015927291,0.128979823,0.19653372,
6019,0,0.021030949,0.151475392,0.222781764,
6020,0,0.024141081,0.184133932,0.230420016,
6021,0,0.033287451,0.222562472,0.24919149,
6022,0,0.036331365,0.237608665,0.275870035,
6023,0,0.032048899,0.238307333,0.299761959,
6024,0,0.032566591,0.234961091,0.321420436,
6025,0,0.036991598,0.235098026,0.329231367,
6026,0,0.048479803,0.252401454,0.33633517,
6027,0,0.060073958,0.250340455,0.328019128,
6028,0,0.067057667,0.222402575,0.30349432,
6029,0,0.07270515,0.203310281,0.284114455,
6030,0.002852284,0.068561669,0.165172477,0.262860494,
6031,0.129770697,0.06399427,0.166904609,0.284829514,
6032,0.296421786,0.058083224,0.164413793,0.293535012,
6033,0.444223416,0.069226061,0.170568959,0.293780269,
6034,0.539645407,0.085823412,0.164109083,0.282993852,
6035,0.598698426,0.095989687,0.154179965,0.263089564,
6036,0.607889566,0.082378044,0.143670042,0.244351406,
6037,0.562065409,0.079901781,0.145017369,0.238515445,
6038,0.478367867,0.082992854,0.148890044,0.242182627,
6039,0.367462492,0.092629554,0.160482548,0.255095665,
6040,0.238900328,0.103459423,0.170495583,0.274300651,
6041,0.098645226,0.114090532,0.186654246,0.29929141,
6042,0,0.072827032,0.156613283,0.261710851,
6043,0,0.099987258,0.159756288,0.263295249,
6044,0,0.132252359,0.172778184,0.257856938,
6045,0,0.160157933,0.183954648,0.248930777,
6046,0,0.163488181,0.18889914,0.237932197,
6047,0,0.151192051,0.19464349,0.223010392,
6048,0,0.136257444,0.216931138,0.231964773,
6049,0,0.12365889,0.23980445,0.258535351,
6050,0,0.119904967,0.263957132,0.299126856,
6051,0,0.126024773,0.29297012,0.353076586,
6052,0,0.131092084,0.306360179,0.380391976,
6053,0,0.143801577,0.330345094,0.400512778,
6054,0.003105524,0.06568799,0.178688123,0.256837157,
6055,0.123942532,0.064375619,0.181750004,0.250879329,
6056,0.285048785,0.103399099,0.18850539,0.253394024,
6057,0.422349924,0.145431435,0.20372197,0.26860398,
6058,0.518490205,0.157553731,0.215607685,0.275726747,
6059,0.546728858,0.160142002,0.212323057,0.267417921,
6060,0.564509553,0.158585462,0.200333146,0.250425456,
6061,0.535973163,0.158379887,0.197108412,0.244501815,
6062,0.438391503,0.160630489,0.209557624,0.252280882,
6063,0.311330948,0.156984968,0.224912623,0.264662227,
6064,0.202234799,0.154067088,0.243242333,0.281478137,
6065,0.086323277,0.150818396,0.251043539,0.298429153,
6066,0,0.080096726,0.153815141,0.229627333,
6067,0,0.09709045,0.164758856,0.238851365,
6068,0,0.111535594,0.198383498,0.287255325,
6069,0,0.123185743,0.242171361,0.34204371,
6070,0,0.124236177,0.294184002,0.384339375,
6071,0,0.122054128,0.35565805,0.427437039,
6072,0,0.116848536,0.398230889,0.472908344,
6073,0,0.114740536,0.426427916,0.530723134,
6074,0,0.112348257,0.442413852,0.585886613,
6075,0,0.125679525,0.478037042,0.645003065,
6076,0,0.137039053,0.486703801,0.673831224,
6077,0,0.153034216,0.49881733,0.679291073,
6078,0.003617537,0.088483752,0.387479532,0.483003536,
6079,0.11114696,0.096720582,0.446106457,0.542773271,
6080,0.257061956,0.14821717,0.455485824,0.573435553,
6081,0.376327195,0.250810339,0.441605208,0.582567804,
6082,0.467442171,0.285629544,0.403435799,0.561069587,
6083,0.502641496,0.256240158,0.368046043,0.529483444,
6084,0.497414712,0.219151171,0.346163121,0.500850351,
6085,0.449236519,0.192957311,0.353973581,0.477975353,
6086,0.354558155,0.180543097,0.372570391,0.439635324,
6087,0.216589578,0.192428012,0.374358656,0.389516273,
6088,0.144744574,0.191470178,0.355191163,0.342905843,
6089,0.06518651,0.175404631,0.328134119,0.279726655,
6090,0,0.110010141,0.222005227,0.193791475,
6091,0,0.129556826,0.236773825,0.205649732,
6092,0,0.145465209,0.266007226,0.230283244,
6093,0,0.155437144,0.31597336,0.275401912,
6094,0,0.145931286,0.387718888,0.35958721,
6095,0,0.124690057,0.417663572,0.426923682,
6096,0,0.100498609,0.40729239,0.466209758,
6097,0,0.080595391,0.384067864,0.478227502,
6098,0,0.074169535,0.352517256,0.47443872,
6099,0,0.08261514,0.326782011,0.446721297,
6100,0,0.086802081,0.291463978,0.418204491,
6101,0,0.092411156,0.281337148,0.442851142,
6102,0,0.06031327,0.176937949,0.342488096,
6103,0.086440716,0.050900255,0.199135421,0.368073152,
6104,0.213731449,0.051871111,0.193799263,0.368401662,
6105,0.311906171,0.075325982,0.174659895,0.362401029,
6106,0.400520584,0.092233742,0.144978391,0.330258323,
6107,0.452030672,0.08048055,0.122729443,0.31884656,
6108,0.405064872,0.067441634,0.119950182,0.306487638,
6109,0.377320899,0.068955872,0.125813558,0.262503332,
6110,0.278276043,0.065470223,0.128975042,0.230646797,
6111,0.325820291,0.062546177,0.144480678,0.214857805,
6112,0.200916276,0.060444224,0.142023335,0.213999434,
6113,0.086870379,0.06267925,0.146201648,0.2206604,
6114,0,0.043192632,0.112602824,0.13985726,
6115,0,0.051474893,0.144784295,0.187318341,
6116,0,0.065549153,0.176630875,0.211595145,
6117,0,0.073103784,0.186830618,0.221095352,
6118,0,0.067137416,0.202780128,0.231366916,
6119,0,0.06053049,0.223717504,0.24098545,
6120,0,0.058107673,0.234236429,0.247282086,
6121,0,0.051381779,0.234259727,0.252303344,
6122,0,0.053341088,0.251555875,0.265082294,
6123,0,0.054010053,0.251708619,0.257366061,
6124,0,0.052023517,0.256517091,0.263193062,
6125,0,0.053313778,0.282294341,0.29166322,
6126,0,0.039224752,0.246390061,0.215180719,
6127,0.032791181,0.044410551,0.272034975,0.248224715,
6128,0.085462567,0.040757305,0.270428515,0.267933795,
6129,0.120187702,0.041472928,0.281046385,0.288392959,
6130,0.129199322,0.046338615,0.307447531,0.294352789,
6131,0.175271861,0.050209819,0.321054199,0.284529858,
6132,0.193804435,0.056421782,0.321065699,0.273061785,
6133,0.191818421,0.064576423,0.317166256,0.265497442,
6134,0.172744934,0.079917583,0.326345646,0.273280733,
6135,0.21067386,0.082128982,0.34185753,0.276134652,
6136,0.134137796,0.083880755,0.359040056,0.280237116,
6137,0.046561201,0.081761823,0.368808355,0.293142158,
6138,0,0.051011711,0.265784135,0.206890287,
6139,0,0.058571936,0.281886599,0.211024961,
6140,0,0.06184836,0.299781052,0.212519542,
6141,0,0.067192169,0.325120442,0.215155394,
6142,0,0.081682817,0.365530929,0.243255413,
6143,0,0.091323754,0.385523533,0.272377938,
6144,0,0.097667878,0.386134444,0.274333938,
6145,0,0.09731735,0.37819485,0.260021293,
6146,0,0.093661664,0.368846543,0.243469106,
6147,0,0.0928402,0.363827606,0.222771657,
6148,0,0.099656434,0.37239469,0.235701534,
6149,0,0.106713712,0.35763225,0.255626695,
6150,8.32E-05,0.04126118,0.216423877,0.25462695,
6151,0.041431548,0.069213193,0.220188087,0.279156506,
6152,0.106859436,0.073399915,0.194595103,0.269648869,
6153,0.152755577,0.080020036,0.199615176,0.244963852,
6154,0.18231255,0.106135548,0.207665885,0.22993036,
6155,0.231590458,0.146901997,0.207035588,0.209086362,
6156,0.226098115,0.184974416,0.194420072,0.176364129,
6157,0.224291629,0.20696025,0.170518658,0.138164127,
6158,0.192600645,0.205167926,0.161779593,0.121577326,
6159,0.141685626,0.191102702,0.153770715,0.111154377,
6160,0.097377774,0.179126169,0.147540222,0.111435735,
6161,0.033608448,0.134404947,0.144058184,0.118001147,
6162,0,0.085778612,0.100644539,0.077128409,
6163,0,0.079113269,0.119460258,0.080083651,
6164,0,0.081878619,0.125007561,0.078435609,
6165,0,0.102412531,0.136299583,0.095154317,
6166,0,0.119728526,0.157858996,0.107127689,
6167,0,0.112290358,0.13814874,0.083947436,
6168,0,0.096401322,0.109552648,0.080235539,
6169,0,0.087505036,0.103773702,0.085742378,
6170,0,0.077269939,0.101450729,0.077720473,
6171,0,0.069070639,0.09749884,0.069896224,
6172,0,0.057132395,0.085332293,0.050406879,
6173,0,0.044357399,0.0686536,0.034580628,
6174,0,0.017427416,0.053530998,0.038680061,
6175,0.015791691,0.015616212,0.044938476,0.035907658,
6176,0.05135438,0.018405609,0.061216895,0.049752367,
6177,0.124351084,0.020818981,0.055648658,0.039769419,
6178,0.161404804,0.016024731,0.041358585,0.032322623,
6179,0.202500905,0.01222936,0.029599931,0.017114396,
6180,0.224711888,0.009955326,0.013658766,0.007125515,
6181,0.245863711,0.007749109,0.016058699,0.004927971,
6182,0.214685235,0.005714807,0.019207308,0.006886847,
6183,0.09556319,0.006314534,0.021562407,0.010131484,
6184,0.067352367,0.00512167,0.034150065,0.024371364,
6185,0.022467212,0.00592151,0.055082513,0.038423481,
6186,0,0.003935149,0.067717516,0.051117402,
6187,0,0.001936556,0.059767116,0.051299512,
6188,0,0.002474301,0.049257824,0.050856573,
6189,0,0.002296536,0.032137975,0.038290371,
6190,0,0.001916718,0.020123359,0.033004561,
6191,0,0.000173763,0.023126801,0.037121327,
6192,0,0.002213542,0.027039253,0.039224678,
6193,0,0.002427008,0.02618918,0.041833933,
6194,0,0.002129786,0.03055542,0.039732735,
6195,0,0.003258561,0.031130222,0.0338399,
6196,0,0.004339868,0.03242099,0.031561916,
6197,0,0.005407718,0.027581375,0.027429144,
6198,0,0.006185629,0.042858373,0.048826172,
6199,0.043713449,0.006771415,0.038334305,0.042906213,
6200,0.128293086,0.005540225,0.028876283,0.028749275,
6201,0.205259691,0.008614661,0.027468914,0.027643659,
6202,0.284651583,0.013924612,0.038634127,0.035988286,
6203,0.280351164,0.010892514,0.055340652,0.042501612,
6204,0.34383985,0.008183144,0.059339641,0.039649513,
6205,0.291066765,0.015437692,0.065638113,0.042193232,
6206,0.23792096,0.01954644,0.079637721,0.05110462,
6207,0.142384309,0.019938888,0.096896403,0.060326153,
6208,0.090391963,0.020122535,0.104300096,0.07182455,
6209,0.029100834,0.017787843,0.102336337,0.08073749,
6210,0,0.00875388,0.069725351,0.061720462,
6211,0,0.006826544,0.063717629,0.069775001,
6212,0,0.006241787,0.062501168,0.075095277,
6213,0,0.006495999,0.055524628,0.068575166,
6214,0,0.009989956,0.059036444,0.066758751,
6215,0,0.011640044,0.063019776,0.073289485,
6216,0,0.010298514,0.069392288,0.084035148,
6217,0,0.008578512,0.060656508,0.078872497,
6218,0,0.008617668,0.046331653,0.064212434,
6219,0,0.008280651,0.045059175,0.059488469,
6220,0,0.009661033,0.04874614,0.060022435,
6221,0,0.01167645,0.049282447,0.060189015,
6222,0,0.00944418,0.039803238,0.046768364,
6223,0.05614692,0.0064707,0.020654593,0.042275502,
6224,0.164626704,0.000443556,0.005740878,0.060610977,
6225,0.260315577,0.00083248,0.001982299,0.062071157,
6226,0.346354618,0.001496425,0.00198023,0.067587111,
6227,0.441895832,0.005765774,0.001920623,0.066914955,
6228,0.507052248,0.007275623,0.014138272,0.066716283,
6229,0.509278539,0.006010515,0.022688211,0.065307121,
6230,0.469813348,0.008164264,0.031784945,0.063917287,
6231,0.378461689,0.00556286,0.031322101,0.054345387,
6232,0.25109259,0.003866906,0.036922304,0.047436393,
6233,0.097157655,0.005569991,0.041604177,0.047139827,
6234,0,0.007271473,0.050698855,0.053867706,
6235,0,0.006924919,0.049191549,0.059282287,
6236,0,0.005663319,0.049054979,0.06988261,
6237,0,0.004759094,0.045703592,0.070051361,
6238,0,0.003789381,0.042949654,0.065482908,
6239,0,0.002129119,0.0342725,0.057853328,
6240,0,0.001142159,0.025261698,0.051939514,
6241,0,0.000213671,0.020750385,0.046454135,
6242,0,0,0.01550337,0.038054619,
6243,0,0.000424658,0.013255329,0.035507428,
6244,0,0.000666529,0.010703351,0.028912128,
6245,0,0.00061034,0.007591777,0.020924483,
6246,0.001717381,0.000447005,0.006384313,0.015457016,
6247,0.099663307,0,0,0.015759737,
6248,0.249025388,0,0,0.015445078,
6249,0.4137327,0,0.00047226,0.013226309,
6250,0.519637921,0.000526812,0.004156711,0.012412091,
6251,0.576997543,0.000693359,0.006094168,0.015393092,
6252,0.597594387,0.002323555,0.015415615,0.022369812,
6253,0.565124203,0.003563176,0.024885996,0.029892095,
6254,0.501639188,0.006371594,0.042157895,0.046369463,
6255,0.393859125,0.012468597,0.061870609,0.059069093,
6256,0.252914559,0.013901805,0.071873616,0.076680143,
6257,0.094585369,0.018814713,0.080912708,0.08923474,
6258,0,0.013885703,0.071243036,0.065461713,
6259,0,0.022888832,0.086165947,0.079546801,
6260,0,0.019293261,0.080272944,0.074943426,
6261,0,0.010064524,0.054560425,0.053188333,
6262,0,0.004345548,0.034399109,0.030957945,
6263,0,0.001635642,0.016112381,0.020416515,
6264,0,0.000269421,0.01175036,0.020372924,
6265,0,0,0.0166262,0.025115317,
6266,0,0.001335713,0.022015795,0.026882378,
6267,0,0.002816727,0.02945729,0.029098524,
6268,0,0.002420021,0.032356463,0.030278618,
6269,0,0.001868262,0.030726613,0.031924526,
6270,0,0.001197889,0.016492526,0.024488023,
6271,0.095639637,0.002692319,0.03475074,0.037562267,
6272,0.218570879,0.001669144,0.032681071,0.042177615,
6273,0.31710714,0.001442745,0.024796824,0.04613193,
6274,0.353034837,0.000383457,0.017644056,0.054721725,
6275,0.37743694,0,0.004440633,0.054818046,
6276,0.346144346,0,0.002130791,0.057347024,
6277,0.257674404,0.000277913,0.003024305,0.063095304,
6278,0.217219647,0.000396252,0.005903377,0.070293594,
6279,0.214372596,0.001076303,0.009804174,0.074416465,
6280,0.124813946,0.001479276,0.011920765,0.080110175,
6281,0.027809545,0.002634728,0.019201733,0.099563937,
6282,0,0.001540832,0.018203427,0.111135479,
6283,0,0.002594509,0.016970699,0.126252003,
6284,0,0.003762805,0.021510848,0.148337298,
6285,0,0.00473284,0.029854014,0.167896422,
6286,0,0.00718739,0.04779379,0.205838674,
6287,0,0.009416753,0.071676467,0.233559149,
6288,0,0.019249048,0.104618182,0.248708845,
6289,0,0.030513686,0.130168597,0.267825274,
6290,0,0.037582731,0.137637251,0.284972659,
6291,0,0.049488947,0.168469845,0.316198221,
6292,0,0.059843616,0.180792709,0.31728572,
6293,0,0.071302602,0.188497593,0.306155206,
6294,0,0.044633819,0.124892001,0.192375541,
6295,0.008715272,0.078796634,0.146139391,0.218653914,
6296,0.044483205,0.134354211,0.171985357,0.223676231,
6297,0.065450719,0.184401305,0.203087199,0.219349854,
6298,0.117483905,0.202063035,0.23490854,0.232383753,
6299,0.112629713,0.211633923,0.243068771,0.230545665,
6300,0.130995569,0.23216897,0.215011911,0.199996799,
6301,0.136551505,0.256121612,0.18156689,0.166468859,
6302,0.130798354,0.238064803,0.15069533,0.144227405,
6303,0.073657299,0.188562649,0.14654094,0.138325013,
6304,0.030927401,0.140227048,0.164492421,0.151217746,
6305,0.004834827,0.124152869,0.179256358,0.163080248,
6306,0,0.060095941,0.082735458,0.083339051,
6307,0,0.067699048,0.115534803,0.113560296,
6308,0,0.084106006,0.166328183,0.154918993,
6309,0,0.103124318,0.217021043,0.184116809,
6310,0,0.118382735,0.241750105,0.175310699,
6311,0,0.10804491,0.242848256,0.16356778,
6312,0,0.097345184,0.250410265,0.15786128,
6313,0,0.100770332,0.260082246,0.152930755,
6314,0,0.101824115,0.254832669,0.147395878,
6315,0,0.103839301,0.270034781,0.162278197,
6316,0,0.106298448,0.267254553,0.17935124,
6317,0,0.121839446,0.269641584,0.207759904,
6318,0,0.094156169,0.183562977,0.24028063,
6319,0.000224625,0.105287969,0.203143861,0.340486856,
6320,0.00330833,0.101392762,0.194529138,0.386749375,
6321,0.020730736,0.085497994,0.180117306,0.381838875,
6322,0.037911955,0.085359159,0.152374839,0.351963386,
6323,0.045291121,0.09114932,0.1104393,0.314660495,
6324,0.056793615,0.106717565,0.115476701,0.277555579,
6325,0.064833491,0.134246209,0.158259497,0.283437574,
6326,0.072802182,0.128240033,0.203504159,0.29665393,
6327,0.155613,0.10978736,0.217346135,0.285906383,
6328,0.081371102,0.093306336,0.20190543,0.274448469,
6329,0.025172477,0.068432423,0.162287902,0.231931894,
6330,0,0.05076798,0.126951518,0.222348547,
6331,0,0.045718978,0.114560601,0.191711921,
6332,0,0.035043694,0.097187719,0.126328009,
6333,0,0.024076213,0.080003533,0.101604606,
6334,0,0.016878755,0.072095126,0.101912793,
6335,0,0.014773768,0.081449717,0.117989951,
6336,0,0.015976326,0.089085775,0.150812736,
6337,0,0.017450176,0.099830474,0.187443731,
6338,0,0.021808184,0.126132096,0.188988384,
6339,0,0.022888444,0.104581512,0.169829231,
6340,0,0.019608381,0.070335234,0.148706156,
6341,0,0.018583541,0.046711544,0.119922518,
6342,0.000749624,0.010431731,0.051154886,0.139853076,
6343,0.088605004,0.007577381,0.050599937,0.128576852,
6344,0.229081438,0.020110651,0.039304611,0.088406605,
6345,0.378334106,0.046720608,0.034352443,0.065407512,
6346,0.488698321,0.073077591,0.037643448,0.064120418,
6347,0.565150802,0.08657613,0.043685783,0.05467757,
6348,0.57823586,0.106657291,0.05159931,0.045122743,
6349,0.569675775,0.130051932,0.054489355,0.040764104,
6350,0.501988401,0.141901043,0.056744948,0.034053362,
6351,0.386799633,0.135067412,0.051946745,0.028011422,
6352,0.244880603,0.098002132,0.046448555,0.026891002,
6353,0.084458582,0.086470976,0.044608884,0.024878176,
6354,0,0.019284928,0.026224812,0.021542017,
6355,0,0.0171791,0.024006675,0.01951048,
6356,0,0.012444985,0.020354545,0.021847679,
6357,0,0.01077811,0.015391452,0.024252981,
6358,0,0.009032775,0.010714388,0.021561837,
6359,0,0.00594915,0.007334634,0.020875464,
6360,0,0.00315603,0.004220998,0.026396471,
6361,0,0.002532704,0.005488282,0.034546725,
6362,0,0.002864506,0.018725358,0.045453561,
6363,0,0.002314516,0.034612016,0.064296994,
6364,0,0.001873248,0.061655444,0.075826892,
6365,0,0.003052208,0.079230317,0.078256461,
6366,0.000640197,0.008185441,0.095849627,0.082055381,
6367,0.087663641,0.005544137,0.072796949,0.064008441,
6368,0.222119635,0.003686309,0.063795193,0.064062811,
6369,0.339023247,0.003173159,0.086984479,0.080696897,
6370,0.38628151,0.013354777,0.120302248,0.075986641,
6371,0.375832663,0.032248038,0.109269894,0.060762461,
6372,0.380067514,0.065186347,0.099071037,0.061633842,
6373,0.375835508,0.08150365,0.099646173,0.079714177,
6374,0.315294233,0.09461545,0.125788438,0.114284603,
6375,0.298754697,0.097193936,0.161832973,0.14707617,
6376,0.196792283,0.087631804,0.185090225,0.164313113,
6377,0.068503244,0.093206905,0.185752475,0.17819969,
6378,0,0.067679323,0.200632996,0.195475387,
6379,0,0.083053872,0.203301647,0.207805627,
6380,0,0.094402526,0.201672275,0.213176998,
6381,0,0.090666391,0.197640574,0.223336653,
6382,0,0.088729622,0.194217442,0.238074985,
6383,0,0.084458276,0.196694591,0.26373957,
6384,0,0.07705718,0.193418894,0.280007207,
6385,0,0.075175372,0.186665063,0.299487071,
6386,0,0.072278773,0.170789566,0.323541824,
6387,0,0.064039592,0.145428063,0.350657497,
6388,0,0.044542344,0.131673098,0.358853501,
6389,0,0.037784211,0.144392746,0.371580769,
6390,0,0.023600373,0.149034503,0.374388889,
6391,0.087512665,0.033963864,0.153758524,0.374304175,
6392,0.201120759,0.027057566,0.141403472,0.356826345,
6393,0.335527955,0.06632514,0.142830211,0.341738451,
6394,0.409295142,0.056440596,0.119497144,0.324921894,
6395,0.457742888,0.052264643,0.117063204,0.304505454,
6396,0.470077633,0.055554238,0.136324589,0.298925203,
6397,0.454011891,0.054035585,0.14916989,0.299217541,
6398,0.411240003,0.04592969,0.153202932,0.297355741,
6399,0.336692211,0.040391624,0.161881906,0.2914626,
6400,0.211978795,0.031040845,0.171435474,0.293893616,
6401,0.07573549,0.030047085,0.185480583,0.30911048,
6402,0,0.022065347,0.180732692,0.286855523,
6403,0,0.020163244,0.189729591,0.314072528,
6404,0,0.02609596,0.210928817,0.339199381,
6405,0,0.027130679,0.225705121,0.363092609,
6406,0,0.028344924,0.227939471,0.405138983,
6407,0,0.030394097,0.232572106,0.426232188,
6408,0,0.035610676,0.242972776,0.427712936,
6409,0,0.042774614,0.26375003,0.421179005,
6410,0,0.048125916,0.282448246,0.433516991,
6411,0,0.050917338,0.28408939,0.485706236,
6412,0,0.052869104,0.263519443,0.509983273,
6413,0,0.052801393,0.251603272,0.514722407,
6414,0.003005995,0.045174048,0.211601007,0.464794313,
6415,0.1335603,0.048887148,0.236003873,0.485629338,
6416,0.311406581,0.046139715,0.234979633,0.492049237,
6417,0.461490429,0.060591049,0.22907944,0.488826659,
6418,0.554809068,0.072942927,0.210233531,0.458655154,
6419,0.607440083,0.08222662,0.179322716,0.410436249,
6420,0.615664725,0.087574223,0.167359684,0.378216706,
6421,0.585981655,0.089274501,0.168247215,0.35078796,
6422,0.510683161,0.101339863,0.187193398,0.343331437,
6423,0.39722841,0.119545652,0.192435344,0.327796636,
6424,0.243773437,0.123190009,0.202650456,0.321536016,
6425,0.076422399,0.116077844,0.211833119,0.30592726,
6426,0,0.071173223,0.176335421,0.213665814,
6427,0,0.093197806,0.201500605,0.242327605,
6428,0,0.119163993,0.2400943,0.295786375,
6429,0,0.13580686,0.290853576,0.332453243,
6430,0,0.158284999,0.342056021,0.366364262,
6431,0,0.179159881,0.342692738,0.395606373,
6432,0,0.180035455,0.320940931,0.432708838,
6433,0,0.165255633,0.339365738,0.479066577,
6434,0,0.169052296,0.383427158,0.521878553,
6435,0,0.174863579,0.442977427,0.567513234,
6436,0,0.181869884,0.494317653,0.595485898,
6437,0,0.201666502,0.528942675,0.596794174,
6438,0,0.107714637,0.354751456,0.436641719,
6439,0.037455547,0.135634853,0.387942482,0.43436499,
6440,0.117579051,0.128800782,0.402158028,0.411554521,
6441,0.231222062,0.178138005,0.415311917,0.412635554,
6442,0.309912459,0.216797461,0.405369932,0.413691559,
6443,0.364660149,0.208043241,0.388316375,0.405649408,
6444,0.381883884,0.202283241,0.376154248,0.397013656,
6445,0.400701914,0.203127055,0.357883315,0.401686029,
6446,0.377353309,0.21349354,0.346538129,0.415650086,
6447,0.319816013,0.213430873,0.339292234,0.42928066,
6448,0.20508888,0.199589008,0.336386088,0.457325537,
6449,0.067044834,0.189485553,0.341000439,0.476329089,
6450,0,0.097988017,0.231826103,0.433635668,
6451,0,0.132586725,0.271165446,0.451763237,
6452,0,0.156715369,0.307707111,0.469682152,
6453,0,0.173450813,0.353465757,0.493223157,
6454,0,0.169837634,0.384858155,0.508771557,
6455,0,0.162888771,0.416135314,0.531642164,
6456,0,0.15788886,0.429362693,0.55156335,
6457,0,0.153269632,0.406497164,0.541612841,
6458,0,0.148787169,0.386483237,0.527029586,
6459,0,0.144644003,0.379234786,0.51404404,
6460,0,0.140324008,0.369341056,0.502078729,
6461,0,0.139853788,0.357320495,0.487976485,
6462,0.002127538,0.101036772,0.236366216,0.358451606,
6463,0.126569892,0.095944758,0.245655915,0.362614591,
6464,0.301559578,0.082125092,0.240104001,0.374568193,
6465,0.450208115,0.110658751,0.233439476,0.374682923,
6466,0.540693307,0.125160786,0.211299873,0.354942255,
6467,0.576855131,0.120668097,0.187926787,0.341426389,
6468,0.574954058,0.111732795,0.173164897,0.329142907,
6469,0.514371547,0.107445425,0.178061332,0.331193811,
6470,0.426372026,0.113930812,0.188892956,0.327690762,
6471,0.33143821,0.118040365,0.195625564,0.326313357,
6472,0.200168982,0.119948909,0.20405597,0.329109049,
6473,0.066076822,0.135090039,0.218822467,0.336353402,
6474,0,0.099817002,0.171411497,0.288063157,
6475,0,0.115273606,0.199030527,0.308079343,
6476,0,0.119054257,0.214008903,0.319465539,
6477,0,0.113865185,0.232321304,0.331100836,
6478,0,0.098118808,0.249397069,0.343014331,
6479,0,0.08557658,0.280067411,0.362411709,
6480,0,0.077647888,0.328772294,0.400350163,
6481,0,0.076728215,0.37469529,0.441491726,
6482,0,0.081302011,0.373633523,0.439654366,
6483,0,0.073697137,0.333373024,0.418113399,
6484,0,0.067704824,0.308815678,0.410172969,
6485,0,0.063906006,0.308463713,0.408980734,
6486,0,0.031691664,0.20408857,0.262193052,
6487,0.07920054,0.031067526,0.221935757,0.284445493,
6488,0.185621224,0.025526817,0.234463568,0.328466123,
6489,0.318957411,0.030364015,0.261181276,0.388135024,
6490,0.413081267,0.044564529,0.247248374,0.388050529,
6491,0.398275323,0.05409171,0.214148486,0.34751717,
6492,0.320937492,0.051784409,0.197184042,0.311039133,
6493,0.274480438,0.051775707,0.184106684,0.268716643,
6494,0.226458571,0.05140164,0.171451309,0.239226007,
6495,0.166181585,0.05152998,0.164897831,0.217300413,
6496,0.105850689,0.045014309,0.167705274,0.210518669,
6497,0.031610141,0.046979477,0.185185285,0.213246724,
6498,0,0.03149584,0.128966905,0.16316256,
6499,0,0.036166745,0.170343181,0.183142199,
6500,0,0.046026337,0.19573974,0.237270568,
6501,0,0.054317229,0.201798517,0.28316111,
6502,0,0.05552101,0.213575365,0.322710851,
6503,0,0.054504654,0.213385047,0.353160224,
6504,0,0.052621597,0.207037725,0.371216291,
6505,0,0.048373918,0.200624142,0.382271966,
6506,0,0.043204515,0.193085354,0.399738932,
6507,0,0.040481735,0.194182021,0.407528141,
6508,0,0.042205689,0.195162786,0.422041624,
6509,0,0.04628006,0.228202443,0.438033122,
6510,0,0.04490283,0.157720693,0.384046571,
6511,0.090630805,0.048475053,0.182361536,0.402467282,
6512,0.218562001,0.038121386,0.186943704,0.417807989,
6513,0.341132823,0.040057101,0.181383557,0.426809482,
6514,0.410620706,0.052428708,0.18712824,0.437589919,
6515,0.434381886,0.068552454,0.197524194,0.443749491,
6516,0.421546662,0.079636755,0.191128856,0.441454547,
6517,0.369866508,0.090717319,0.185961719,0.431432883,
6518,0.321216285,0.087662252,0.178098356,0.419741852,
6519,0.29560967,0.097808888,0.191123866,0.419839494,
6520,0.168197996,0.093130157,0.203957007,0.419209717,
6521,0.046868481,0.087946035,0.222838299,0.421971597,
6522,0,0.041309334,0.124668645,0.368654672,
6523,0,0.043504221,0.186611873,0.424068647,
6524,0,0.052639785,0.177834594,0.435319668,
6525,0,0.056792328,0.195265092,0.442577718,
6526,0,0.053070838,0.196280174,0.439786327,
6527,0,0.051613304,0.202768053,0.450168715,
6528,0,0.05534454,0.228522662,0.467914838,
6529,0,0.054935526,0.252483145,0.488831494,
6530,0,0.070125791,0.289994925,0.51892661,
6531,0,0.065817163,0.304494645,0.556378176,
6532,0,0.061994698,0.325618523,0.611514214,
6533,0,0.076515438,0.375476386,0.678378424,
6534,0,0.117585353,0.403963633,0.661725776,
6535,0.071539231,0.13563073,0.453567478,0.712752647,
6536,0.185180369,0.121042577,0.535208929,0.783556488,
6537,0.30584615,0.154580486,0.601996888,0.785485028,
6538,0.418532702,0.163272227,0.699431535,0.832442247,
6539,0.490368438,0.200627046,0.754994921,0.847910515,
6540,0.531611231,0.283503478,0.785566362,0.858733888,
6541,0.537598387,0.345463032,0.808557844,0.860373026,
6542,0.481697607,0.369586313,0.813747554,0.861514556,
6543,0.388139231,0.368780016,0.801085795,0.864812008,
6544,0.236385979,0.376550439,0.784589007,0.868162563,
6545,0.071914508,0.441508738,0.788801555,0.866509039,
6546,0,0.319351248,0.767614523,0.839594603,
6547,0,0.381852256,0.759010611,0.836132758,
6548,0,0.449277276,0.78170558,0.858132542,
6549,0,0.474523843,0.784669509,0.870861036,
6550,0,0.475883203,0.792260006,0.874393839,
6551,0,0.497961488,0.789074248,0.859832385,
6552,0,0.491402417,0.773863637,0.828195042,
6553,0,0.481146736,0.757120311,0.81299873,
6554,0,0.46589144,0.731327314,0.790742439,
6555,0,0.450971588,0.693016139,0.763692021,
6556,0,0.435275529,0.671131202,0.731402979,
6557,0,0.417279664,0.66216172,0.736721283,
6558,0.001279527,0.270028954,0.483217394,0.6915459,
6559,0.095996888,0.212878448,0.456232118,0.713760704,
6560,0.234961379,0.311995618,0.50342556,0.737330617,
6561,0.374283458,0.461212399,0.594159066,0.782888719,
6562,0.441910412,0.600051045,0.679576129,0.814678895,
6563,0.490233616,0.641569275,0.72002368,0.84929834,
6564,0.525900043,0.667590262,0.723407905,0.858160327,
6565,0.509728115,0.672261783,0.769682752,0.876950056,
6566,0.383803875,0.63999049,0.791889816,0.870985385,
6567,0.262832205,0.584294645,0.777714402,0.85730753,
6568,0.163139491,0.472323609,0.786417174,0.842644203,
6569,0.044011905,0.37944922,0.775465737,0.824833025,
6570,0,0.132307708,0.536271082,0.764772774,
6571,0,0.100937069,0.495146052,0.734756498,
6572,0,0.097666601,0.523392195,0.705998472,
6573,0,0.095853416,0.522605411,0.64497638,
6574,0,0.086419594,0.471451767,0.552125707,
6575,0,0.078706658,0.405451994,0.457324724,
6576,0,0.064896115,0.347999615,0.391319975,
6577,0,0.053891587,0.301829414,0.342623394,
6578,0,0.041584082,0.251766659,0.292568809,
6579,0,0.032303877,0.203764876,0.251392166,
6580,0,0.026082506,0.158869228,0.211209365,
6581,0,0.020018582,0.123690511,0.176078754,
6582,0.001327917,0.006556915,0.050062146,0.107393626,
6583,0.122901655,0.006774844,0.041729081,0.095054896,
6584,0.30186612,0.005787487,0.031277838,0.086542026,
6585,0.45303374,0.00444606,0.020862862,0.079149253,
6586,0.547885959,0.00509108,0.019534233,0.079391646,
6587,0.598433802,0.006337987,0.021741632,0.086336132,
6588,0.590721491,0.01074812,0.030496983,0.098392458,
6589,0.563083667,0.013575815,0.040010802,0.108809302,
6590,0.46746096,0.017705087,0.047948233,0.109687881,
6591,0.381582333,0.021420656,0.051531178,0.098888129,
6592,0.230375475,0.022819702,0.049712173,0.083323276,
6593,0.066960608,0.030081581,0.044991875,0.074513492,
6594,0,0.024793744,0.048174891,0.062266072,
6595,0,0.023474563,0.060706641,0.066652955,
6596,0,0.015728709,0.052474124,0.057334371,
6597,0,0.013819906,0.03918297,0.050736189,
6598,0,0.012280456,0.029666877,0.049557168,
6599,0,0.011502008,0.022493478,0.045262591,
6600,0,0.013857968,0.022696306,0.048534383,
6601,0,0.012771057,0.024829697,0.053308095,
6602,0,0.012180582,0.026821166,0.061099956,
6603,0,0.011383398,0.031021898,0.070507284,
6604,0,0.009631722,0.033426195,0.075448031,
6605,0,0.008441198,0.03862352,0.082042544,
6606,0.000860183,0.004538357,0.023760892,0.053105697,
6607,0.119838002,0.005206353,0.030315954,0.062325481,
6608,0.291972433,0.003443114,0.03531966,0.071228186,
6609,0.443304759,0.003751327,0.039588163,0.07678155,
6610,0.557474431,0.002971253,0.033955268,0.082843331,
6611,0.622247316,0.001883417,0.027160826,0.091717827,
6612,0.635903567,0.001753522,0.023920954,0.106996189,
6613,0.599975852,0.002628447,0.025677016,0.129686408,
6614,0.523059933,0.005754736,0.032135804,0.16416524,
6615,0.400411683,0.007905428,0.039451947,0.196143732,
6616,0.239497772,0.009548838,0.048972058,0.214211149,
6617,0.0676354,0.015220034,0.056834702,0.20846038,
6618,0,0.008881513,0.050923387,0.192860263,
6619,0,0.010210262,0.059389071,0.203350843,
6620,0,0.016361737,0.073186808,0.209370573,
6621,0,0.027882729,0.101439953,0.217117705,
6622,0,0.035977412,0.129631609,0.232505306,
6623,0,0.042255106,0.152883388,0.264811752,
6624,0,0.046714093,0.169219253,0.29532043,
6625,0,0.052894905,0.186987318,0.328051219,
6626,0,0.063004443,0.209822724,0.354383206,
6627,0,0.071465318,0.229173609,0.378020292,
6628,0,0.083395327,0.261317374,0.412847845,
6629,0,0.098491317,0.297852061,0.439013461,
6630,0,0.048638458,0.189834115,0.32543781,
6631,0.1066112,0.060323222,0.233819696,0.382786103,
6632,0.289196351,0.052112659,0.269840575,0.429983078,
6633,0.430937769,0.09678774,0.290932171,0.444258977,
6634,0.518637713,0.17523847,0.285264591,0.441719932,
6635,0.531663782,0.219683657,0.270355451,0.430987944,
6636,0.52248244,0.229805727,0.283411854,0.430705778,
6637,0.476060203,0.2434915,0.306853465,0.428151349,
6638,0.382079414,0.253009782,0.327439994,0.432335828,
6639,0.246028492,0.251358811,0.337949231,0.436739181,
6640,0.152416765,0.232362807,0.348615614,0.453878137,
6641,0.035953146,0.23496197,0.360443178,0.469792531,
6642,0,0.121348367,0.262467479,0.401617259,
6643,0,0.136863117,0.298504381,0.445509615,
6644,0,0.164745616,0.354927965,0.491940664,
6645,0,0.194342704,0.410811867,0.518021591,
6646,0,0.195182443,0.444347021,0.536520108,
6647,0,0.189590598,0.473112924,0.573553728,
6648,0,0.184866337,0.482480556,0.615323258,
6649,0,0.19170283,0.488826437,0.644283628,
6650,0,0.207783371,0.491911428,0.64600456,
6651,0,0.236547083,0.521642319,0.659615252,
6652,0,0.26923243,0.534530558,0.674561191,
6653,0,0.297506754,0.539816915,0.676498909,
6654,0,0.147671454,0.395931741,0.582927562,
6655,0.003482505,0.19377684,0.464471928,0.633873429,
6656,0.009135128,0.250878494,0.498285021,0.662862055,
6657,0.028419053,0.314306214,0.555487153,0.704846487,
6658,0.02918378,0.344439479,0.603995936,0.735315821,
6659,0.035764946,0.332457062,0.606219155,0.727476979,
6660,0.036156277,0.329560351,0.613802421,0.716714251,
6661,0.041163223,0.362312631,0.662213551,0.769412104,
6662,0.023700962,0.406912894,0.722744054,0.814027934,
6663,0.024298527,0.450159063,0.783222787,0.764009015,
6664,0.003825233,0.499385773,0.8288787,0.729769934,
6665,0,0.548243197,0.85201264,0.686775295,
6666,0,0.505494289,0.82492132,0.716081564,
6667,0,0.600218992,0.855229659,0.765224454,
6668,0,0.675041913,0.862680734,0.716546686,
6669,0,0.735657137,0.866753842,0.69524585,
6670,0,0.769264366,0.86862768,0.734934895,
6671,0,0.808538576,0.870943443,0.746707096,
6672,0,0.846335384,0.829161685,0.711557968,
6673,0,0.895454814,0.804891497,0.722429509,
6674,0,0.915641685,0.834523142,0.662103193,
6675,0,0.922165264,0.750394128,0.606657142,
6676,0,0.924348252,0.756568418,0.73205371,
6677,0,0.936103412,0.757197301,0.816026175,
6678,0,0.891922417,0.651859125,0.801772871,
6679,0.000741882,0.915198885,0.803192566,0.857306538,
6680,0.008071437,0.919358695,0.811823988,0.878707272,
6681,0.03501184,0.920165758,0.847261263,0.882748761,
6682,0.084086345,0.911780642,0.856128108,0.88269283,
6683,0.115945166,0.917892055,0.866342476,0.884623352,
6684,0.134437826,0.892494876,0.864163664,0.884190029,
6685,0.171501744,0.827490831,0.870337332,0.882891491,
6686,0.238141804,0.778137442,0.856243463,0.872252916,
6687,0.192426904,0.715975744,0.809601534,0.855248635,
6688,0.147473406,0.627218452,0.754300065,0.829486299,
6689,0.041106206,0.453166932,0.654951408,0.767252836,
6690,0,0.189651173,0.356251587,0.553084187,
6691,0,0.144885885,0.360475654,0.561505365,
6692,0,0.094249977,0.371400361,0.572430171,
6693,0,0.060775478,0.384328068,0.577848094,
6694,0,0.051579091,0.397359097,0.579346251,
6695,0,0.045021546,0.408598222,0.57430336,
6696,0,0.039877067,0.432702265,0.57934012,
6697,0,0.038447434,0.459600136,0.591572146,
6698,0,0.043154589,0.471663112,0.605930965,
6699,0,0.048306602,0.451841631,0.607199341,
6700,0,0.048270275,0.415913577,0.588882655,
6701,0,0.043151772,0.361511039,0.53096227,
6702,0,0.037839555,0.287497651,0.455965189,
6703,0.103045076,0.031458485,0.263126699,0.445929082,
6704,0.265609117,0.027883134,0.263012746,0.434334505,
6705,0.413636816,0.029647687,0.267145701,0.409027228,
6706,0.529567226,0.031499469,0.279681214,0.405216422,
6707,0.591711783,0.047812801,0.285006678,0.393648128,
6708,0.609202115,0.073379841,0.291247982,0.380756198,
6709,0.576699218,0.084513488,0.297418887,0.37682649,
6710,0.499836442,0.09526395,0.309353093,0.383529498,
6711,0.370163078,0.101741099,0.3233989,0.395198727,
6712,0.216119968,0.116008327,0.37022639,0.428168251,
6713,0.055377675,0.154230454,0.433045186,0.450864457,
6714,0,0.123298297,0.334615833,0.333239005,
6715,0,0.163399246,0.395819877,0.362203599,
6716,0,0.165240298,0.414993732,0.384853063,
6717,0,0.168114983,0.410098627,0.411261958,
6718,0,0.167874812,0.404605765,0.443330151,
6719,0,0.167692393,0.416374842,0.465540542,
6720,0,0.179296629,0.434782589,0.486287746,
6721,0,0.1826508,0.456080743,0.512065945,
6722,0,0.181474172,0.47090649,0.534416045,
6723,0,0.171835052,0.458854997,0.547539524,
6724,0,0.149947338,0.437244061,0.54781705,
6725,0,0.125298724,0.408724415,0.534508543,
6726,0,0.096560951,0.297528137,0.453161678,
6727,0.10684441,0.088537093,0.293926696,0.442871841,
6728,0.259139246,0.0670584,0.27931898,0.428268942,
6729,0.397734463,0.061991115,0.233736326,0.389256826,
6730,0.490551778,0.04884303,0.186481132,0.351522051,
6731,0.552475424,0.03477974,0.148498195,0.32415047,
6732,0.557231156,0.023121118,0.115664782,0.279693662,
6733,0.508680397,0.018071042,0.091467453,0.224736755,
6734,0.430130146,0.014224012,0.076548358,0.185232898,
6735,0.313746823,0.011517077,0.065429288,0.152842012,
6736,0.208386345,0.010398818,0.055868188,0.1312592,
6737,0.056313948,0.014607273,0.056078869,0.110506667,
6738,0,0.004763656,0.022749921,0.066817922,
6739,0,0.006199485,0.032597234,0.067945348,
6740,0,0.010807753,0.048664694,0.07509002,
6741,0,0.014501543,0.0683084,0.079418171,
6742,0,0.01570273,0.085323717,0.085075964,
6743,0,0.01467889,0.096742069,0.094126202,
6744,0,0.017274301,0.11759874,0.115963309,
6745,0,0.021635151,0.131660445,0.134508554,
6746,0,0.022813099,0.137761323,0.147317765,
6747,0,0.019645475,0.135644054,0.154112204,
6748,0,0.018285335,0.141142964,0.152736188,
6749,0,0.021887382,0.146817131,0.148387112,
6750,0,0.013877288,0.098364632,0.095614165,
6751,0.05502331,0.015164999,0.11530616,0.094606655,
6752,0.167416939,0.01422886,0.120420151,0.086417623,
6753,0.25946193,0.014295576,0.112161181,0.082836624,
6754,0.34102714,0.023068021,0.110031026,0.076923432,
6755,0.375763155,0.038580147,0.100957388,0.06882818,
6756,0.354184334,0.047621457,0.092883655,0.060161509,
6757,0.365179272,0.046086218,0.088906266,0.056905152,
6758,0.335286555,0.038762494,0.090649984,0.054092157,
6759,0.260527347,0.030302313,0.087205277,0.055072154,
6760,0.11609628,0.018035728,0.082777586,0.062708908,
6761,0.022006521,0.013203879,0.085930794,0.080416924,
6762,0,0.008393991,0.111149871,0.142188368,
6763,0,0.014499799,0.188966775,0.219295988,
6764,0,0.029893627,0.275796871,0.313064554,
6765,0,0.042998721,0.324025511,0.356459868,
6766,0,0.054056385,0.338162687,0.375867952,
6767,0,0.065329756,0.364448844,0.405466926,
6768,0,0.089777592,0.384321485,0.441094491,
6769,0,0.115324876,0.390082173,0.487663835,
6770,0,0.136166534,0.440461345,0.557262276,
6771,0,0.161557784,0.516999011,0.617287278,
6772,0,0.186981488,0.572037478,0.657913816,
6773,0,0.211661421,0.610739271,0.698610091,
6774,0,0.160784789,0.641208593,0.778895984,
6775,0.049645493,0.162916925,0.61106066,0.777564855,
6776,0.174527029,0.190645672,0.577191434,0.74887949,
6777,0.313492954,0.232286776,0.513502612,0.690475786,
6778,0.446099133,0.2668568,0.451985709,0.63561214,
6779,0.499501174,0.348602535,0.441120914,0.602092966,
6780,0.530949381,0.411939452,0.467368462,0.603330259,
6781,0.523374153,0.43238947,0.497278801,0.600873172,
6782,0.427126661,0.424200745,0.524569434,0.598095705,
6783,0.299459604,0.375794948,0.525696111,0.570225095,
6784,0.173577073,0.321269277,0.529762084,0.556404333,
6785,0.03635054,0.280226151,0.52215747,0.540764203,
6786,0,0.113973399,0.41915399,0.478363774,
6787,0,0.144394036,0.449268495,0.490649035,
6788,0,0.159710482,0.461041764,0.506348619,
6789,0,0.167891223,0.46223631,0.524940029,
6790,0,0.168117227,0.451461994,0.5505413,
6791,0,0.146998372,0.407139767,0.533267621,
6792,0,0.13128372,0.383926788,0.524493863,
6793,0,0.134221673,0.359431114,0.513040085,
6794,0,0.137057778,0.32428114,0.497467354,
6795,0,0.130765532,0.300282889,0.4938725,
6796,0,0.121897949,0.291324942,0.512461968,
6797,0,0.101849307,0.268178166,0.520501673,
6798,0,0.060927793,0.20310882,0.466956146,
6799,0.107721482,0.049054854,0.179142327,0.456384279,
6800,0.29472708,0.056313135,0.163741982,0.443099919,
6801,0.44924639,0.136100809,0.161304268,0.451590033,
6802,0.5527124,0.225443695,0.181541084,0.460853665,
6803,0.5878576,0.292558124,0.240502525,0.487748761,
6804,0.554518374,0.386907852,0.313851029,0.552236481,
6805,0.462149788,0.467764382,0.404650863,0.622163113,
6806,0.385926104,0.508091968,0.498272694,0.654216791,
6807,0.259537457,0.452879157,0.545171425,0.64655106,
6808,0.146814916,0.312538904,0.539280243,0.626503529,
6809,0.037058307,0.218655604,0.518730589,0.614270019,
6810,0,0.132099645,0.467910783,0.568883693,
6811,0,0.137814358,0.45609766,0.527814238,
6812,0,0.129137143,0.40277521,0.455508142,
6813,0,0.117815295,0.339051398,0.396123924,
6814,0,0.101607678,0.284853793,0.33559066,
6815,0,0.086060454,0.250844928,0.297795297,
6816,0,0.067966834,0.220962117,0.269953997,
6817,0,0.05806851,0.217087076,0.259990546,
6818,0,0.058028233,0.22597105,0.269615424,
6819,0,0.059464316,0.238208848,0.288734973,
6820,0,0.060713162,0.242000789,0.295799347,
6821,0,0.055806608,0.230592373,0.290132091,
6822,0,0.020298408,0.107543052,0.216371726,
6823,0.117339253,0.022474459,0.101947735,0.21169464,
6824,0.305967408,0.017700262,0.086341286,0.172070884,
6825,0.469422254,0.020314446,0.065265683,0.134499974,
6826,0.5731161,0.011059085,0.039473863,0.098509066,
6827,0.627807109,0.004095415,0.021710537,0.073301808,
6828,0.637787196,0.002232424,0.009950528,0.061943506,
6829,0.605469902,0.001214776,0.004285933,0.056062047,
6830,0.51998112,0.002187444,0.009930603,0.049098955,
6831,0.391480623,0.003764651,0.017857285,0.047964344,
6832,0.220153525,0.005772006,0.022911843,0.049796641,
6833,0.049796086,0.007538131,0.0320174,0.052051571,
6834,0,0.004300733,0.032244582,0.057679533,
6835,0,0.005447906,0.042836097,0.057728041,
6836,0,0.005605376,0.044422393,0.052495919,
6837,0,0.005294322,0.040580265,0.051009057,
6838,0,0.004491996,0.035382566,0.047623257,
6839,0,0.004283285,0.031649739,0.045778164,
6840,0,0.004108915,0.026716648,0.040179046,
6841,0,0.005320202,0.028775969,0.045446481,
6842,0,0.00640839,0.032563731,0.051658026,
6843,0,0.008071857,0.040767098,0.059313873,
6844,0,0.009955074,0.045398565,0.062663638,
6845,0,0.010810963,0.050385438,0.067886222,
6846,0,0.008467862,0.043106812,0.057529463,
6847,0.108876714,0.007944694,0.050063939,0.052548887,
6848,0.285245101,0.006786459,0.043085684,0.043393013,
6849,0.440132492,0.008109896,0.039095337,0.033902698,
6850,0.527611871,0.010594112,0.034245798,0.029618709,
6851,0.578849279,0.010941138,0.029601081,0.02808154,
6852,0.558336423,0.008268256,0.026148571,0.026467076,
6853,0.496339727,0.006962508,0.022200017,0.025640514,
6854,0.400623985,0.00806235,0.020854533,0.027375505,
6855,0.32036101,0.010049395,0.021868548,0.028326337,
6856,0.176294065,0.011414588,0.023801069,0.030811887,
6857,0.040354667,0.013989923,0.025176182,0.032664533,
6858,0,0.003302884,0.021505879,0.023546502,
6859,0,0.003020467,0.021046908,0.02148566,
6860,0,0.002498905,0.017262706,0.023268221,
6861,0,0.003429854,0.016485172,0.025738499,
6862,0,0.003107873,0.017561969,0.020094368,
6863,0,0.001617035,0.017134487,0.0173438,
6864,0,0.001484713,0.017137946,0.019693252,
6865,0,0.001390159,0.017054554,0.020943332,
6866,0,0.001687977,0.017350247,0.026133752,
6867,0,0.001895025,0.015897234,0.02748336,
6868,0,0.001809895,0.015880847,0.023851099,
6869,0,0.002111906,0.018925955,0.026422408,
6870,0,0.000871257,0.010431339,0.032554245,
6871,0.101267248,0.000874186,0.014306108,0.038665048,
6872,0.271678281,0.000709995,0.02105937,0.045042013,
6873,0.412097905,0.000881338,0.019292266,0.035507521,
6874,0.504552865,0.000811817,0.014302528,0.026179061,
6875,0.559430032,0.0002948,0.009620825,0.02878691,
6876,0.536737294,0.000136478,0.004496585,0.029857891,
6877,0.483127159,0,0,0.024721503,
6878,0.374268436,0.000351063,0,0.018891395,
6879,0.306472925,0.008137638,0.001612634,0.018516716,
6880,0.161408911,0.012685287,0.012229289,0.022677485,
6881,0.030642773,0.02723195,0.025530061,0.045693798,
6882,0,0.024154477,0.052874092,0.10775145,
6883,0,0.025917129,0.066662497,0.133142252,
6884,0,0.023213609,0.075491438,0.128288829,
6885,0,0.016306274,0.066603488,0.11675153,
6886,0,0.010993459,0.055155409,0.116044499,
6887,0,0.010203734,0.052879523,0.109582081,
6888,0,0.009235108,0.048124827,0.106267688,
6889,0,0.009469822,0.04853327,0.109372443,
6890,0,0.014919631,0.060630661,0.121388996,
6891,0,0.02280627,0.071851492,0.137772044,
6892,0,0.026506786,0.08174172,0.152992099,
6893,0,0.031547267,0.096376415,0.183070698,
6894,0,0.034658771,0.104225031,0.194714195,
6895,0.097417049,0.036134249,0.10383211,0.190965007,
6896,0.264550236,0.019324705,0.084371793,0.176848579,
6897,0.40001268,0.025296087,0.067122652,0.179091003,
6898,0.507087473,0.022658355,0.054723316,0.179603274,
6899,0.552052501,0.021077336,0.043104311,0.175242368,
6900,0.559477194,0.02683323,0.024410947,0.152362096,
6901,0.547980874,0.017407859,0.012987842,0.118736269,
6902,0.474721328,0.009824208,0.008982043,0.103546122,
6903,0.361294474,0.011329655,0.011069847,0.097518894,
6904,0.19721483,0.016641084,0.026808813,0.102191562,
6905,0.038608411,0.025890588,0.043539213,0.128741446,
6906,0,0.007775479,0.029031788,0.157620444,
6907,0,0.00605078,0.041208355,0.170892843,
6908,0,0.006084998,0.055168436,0.159097422,
6909,0,0.005544247,0.062020187,0.150897233,
6910,0,0.006203558,0.074279711,0.163214445,
6911,0,0.005604508,0.075075927,0.166786003,
6912,0,0.00761943,0.081104911,0.160278233,
6913,0,0.009715001,0.089538022,0.161920547,
6914,0,0.009701016,0.091029471,0.168434497,
6915,0,0.008021548,0.081655819,0.164706406,
6916,0,0.00740827,0.077577485,0.176594306,
6917,0,0.007032387,0.073401317,0.193854867,
6918,0,0.009461324,0.056306727,0.187805047,
6919,0.043371316,0.008122026,0.058662628,0.167027962,
6920,0.124438178,0.008504229,0.0526829,0.173193681,
6921,0.229545458,0.009116416,0.044292961,0.206483204,
6922,0.319423791,0.01049099,0.039320863,0.240380404,
6923,0.362774134,0.010414861,0.029656257,0.268403585,
6924,0.369394221,0.00906351,0.021261106,0.269690248,
6925,0.320707838,0.009451109,0.017957256,0.259817819,
6926,0.293781039,0.009549501,0.029290833,0.24945446,
6927,0.245773548,0.009459929,0.048665522,0.228868538,
6928,0.131900416,0.012050951,0.076205222,0.205244647,
6929,0.025378708,0.020686174,0.102927904,0.195031649,
6930,0,0.013723367,0.07703246,0.178316832,
6931,0,0.018744425,0.09201646,0.191635271,
6932,0,0.022342023,0.112076302,0.201687152,
6933,0,0.027453543,0.136871023,0.212797534,
6934,0,0.034370084,0.15144679,0.2230816,
6935,0,0.035605928,0.161099563,0.249470633,
6936,0,0.034405915,0.164921676,0.277499079,
6937,0,0.032983134,0.172420769,0.304042553,
6938,0,0.031949515,0.173202339,0.31478361,
6939,0,0.031076809,0.174364439,0.309893164,
6940,0,0.028618691,0.161905344,0.292836876,
6941,0,0.026743563,0.149069386,0.285157706,
6942,0,0.016541192,0.088047094,0.202688958,
6943,0.096459009,0.01173121,0.080640608,0.196705072,
6944,0.263068783,0.007414143,0.071225011,0.190532346,
6945,0.41653401,0.006590225,0.065352208,0.191238719,
6946,0.513657996,0.007131799,0.071158958,0.186111094,
6947,0.570006947,0.009719306,0.081107509,0.184212859,
6948,0.574894157,0.013587803,0.096694703,0.193929005,
6949,0.537120127,0.021497001,0.121847925,0.214957789,
6950,0.452945907,0.028559408,0.148850514,0.228179488,
6951,0.341766533,0.034783375,0.172797408,0.250679817,
6952,0.181468863,0.038741101,0.180414456,0.263563609,
6953,0.037152142,0.047532609,0.186872313,0.276848896,
6954,0,0.026273453,0.110750056,0.201502384,
6955,0,0.02732325,0.124368103,0.219974925,
6956,0,0.026469099,0.140350516,0.230224672,
6957,0,0.029336067,0.150412535,0.227404154,
6958,0,0.032952938,0.153445458,0.224536059,
6959,0,0.039486154,0.152293717,0.22674523,
6960,0,0.047115264,0.153981495,0.236429256,
6961,0,0.059824755,0.170717797,0.263396667,
6962,0,0.072280761,0.186779307,0.285547377,
6963,0,0.082970237,0.199578368,0.311705243,
6964,0,0.095065461,0.201282317,0.327674226,
6965,0,0.099675807,0.198956542,0.341435745,
6966,0,0.070787184,0.102408726,0.227652184,
6967,0.09218635,0.079600295,0.115933987,0.242236303,
6968,0.253427126,0.088729897,0.142218175,0.251479956,
6969,0.372330551,0.109225413,0.153391866,0.251155839,
6970,0.47490083,0.121437477,0.145348516,0.248117171,
6971,0.496122162,0.111124284,0.138832522,0.25787742,
6972,0.479783066,0.128959939,0.145039095,0.274576955,
6973,0.450038321,0.14866217,0.167497234,0.295251509,
6974,0.350037366,0.166841977,0.195948659,0.313808887,
6975,0.25678321,0.20409376,0.214026771,0.319464858,
6976,0.123359526,0.220112344,0.248799392,0.342465796,
6977,0.020389973,0.222219537,0.285632203,0.389981104,
6978,0,0.156274677,0.24542744,0.358506704,
6979,0,0.20101842,0.306328653,0.370254991,
6980,0,0.232246647,0.346496827,0.35956799,
6981,0,0.247208419,0.344058139,0.354718624,
6982,0,0.246110654,0.314287674,0.329156102,
6983,0,0.237809855,0.28663696,0.29313515,
6984,0,0.220561576,0.257824419,0.265638437,
6985,0,0.205464142,0.243696621,0.263941303,
6986,0,0.200114671,0.25362469,0.270637477,
6987,0,0.195071943,0.266812955,0.27799827,
6988,0,0.200879128,0.28120171,0.285109591,
6989,0,0.202824665,0.295241157,0.287640988,
6990,0,0.119821181,0.187034702,0.244757509,
6991,0.099586559,0.134345267,0.184939961,0.233972268,
6992,0.28067505,0.109965368,0.174141642,0.210752985,
6993,0.441909555,0.118553262,0.166209241,0.187156563,
6994,0.542473928,0.124760656,0.160370688,0.175420681,
6995,0.595653082,0.107853419,0.140215436,0.15897707,
6996,0.599541913,0.093517811,0.130014805,0.149955667,
6997,0.559071762,0.083106328,0.12145495,0.146642076,
6998,0.476444491,0.079197071,0.126735639,0.158729787,
6999,0.361171778,0.07176334,0.133410923,0.170731101,
7000,0.193193978,0.0647424,0.146436381,0.193834691,
7001,0.038164328,0.070552201,0.162094485,0.206621867,
7002,0,0.040552801,0.145684435,0.185127348,
7003,0,0.036283629,0.15161269,0.187580754,
7004,0,0.028067674,0.146171869,0.177100263,
7005,0,0.024299227,0.149045753,0.174748779,
7006,0,0.019757105,0.150704968,0.172312314,
7007,0,0.016783566,0.143056438,0.161951543,
7008,0,0.01452478,0.129093442,0.155907659,
7009,0,0.013066486,0.118384408,0.158192863,
7010,0,0.012168486,0.110800452,0.157487314,
7011,0,0.010916847,0.098576069,0.154399566,
7012,0,0.009850015,0.086672842,0.154676864,
7013,0,0.008719276,0.079792728,0.146705776,
7014,0,0.004972175,0.055553197,0.11293129,
7015,0.107156794,0.00368825,0.044906707,0.100545803,
7016,0.286173227,0.001661746,0.030601365,0.0939993,
7017,0.448961752,0.001438061,0.026661703,0.079418442,
7018,0.555263073,0.001573763,0.025777482,0.073343824,
7019,0.612109458,0.001188065,0.020449696,0.066507172,
7020,0.620077398,0.000918178,0.011098967,0.053285528,
7021,0.57599741,0.000800344,0.004684083,0.042193126,
7022,0.488492837,0.000901559,0.003570381,0.035586348,
7023,0.355180155,0.0009654,0.004673884,0.033863533,
7024,0.185425204,0.001519036,0.008255337,0.038578937,
7025,0.034596955,0.008253241,0.019323746,0.039035482,
7026,0,0.003016285,0.021187859,0.042730772,
7027,0,0.002911189,0.028993515,0.052875366,
7028,0,0.001941791,0.027476226,0.048298106,
7029,0,0.002312722,0.030670676,0.051538515,
7030,0,0.002372131,0.029287533,0.044458727,
7031,0,0.002021631,0.026039531,0.041201164,
7032,0,0.002496681,0.027601701,0.046139107,
7033,0,0.003107856,0.036031967,0.052697337,
7034,0,0.003089171,0.038408297,0.052290233,
7035,0,0.00324226,0.034627071,0.047258328,
7036,0,0.003437114,0.031168541,0.046824556,
7037,0,0.00325449,0.029421213,0.046042513,
7038,0,0.001013054,0.011642114,0.023562327,
7039,0.089858148,0.001411406,0.010061563,0.022008522,
7040,0.257517035,0.001179765,0.008652904,0.024912843,
7041,0.418936937,0.000842265,0.007962982,0.029051389,
7042,0.536260114,0.000726377,0.007140982,0.0290891,
7043,0.602656968,0.000458456,0.003260415,0.024293479,
7044,0.618428459,0.000496255,0.001869974,0.020262357,
7045,0.578681638,0.000608098,0.000715825,0.01943728,
7046,0.492889147,0.000648888,0.002034407,0.019839836,
7047,0.363037302,0.002928583,0.002849669,0.018230783,
7048,0.19127064,0.003795974,0.003439079,0.020024989,
7049,0.036945885,0.005416747,0.004015813,0.021689143,
7050,0,0.002130259,0.002363206,0.016213207,
7051,0,0.000297556,0.00199379,0.014499614,
7052,0,0.000262154,0.001615746,0.020232112,
7053,0,0.00017091,0.001973085,0.03470629,
7054,0,0.000774927,0.002053414,0.033135042,
7055,0,0.000402068,0.001635712,0.023796328,
7056,0,0.00042259,0.001279291,0.022267648,
7057,0,0.000135604,0.001071293,0.024742753,
7058,0,0,0.001415522,0.029881667,
7059,0,0.000151103,0.002168509,0.033778412,
7060,0,0,0.005042268,0.0398838,
7061,0,0.00127989,0.008353193,0.037676921,
7062,0,0.002166469,0.017003299,0.026680563,
7063,0.048595911,0.00464672,0.032489577,0.034922754,
7064,0.183094371,0.003805125,0.030963245,0.037007932,
7065,0.320675337,0.001566637,0.021876131,0.03308131,
7066,0.412528423,0.000764763,0.014111889,0.030790443,
7067,0.454443654,0,0.009059111,0.027259539,
7068,0.449706374,0,0.005423996,0.019620543,
7069,0.364327369,0.000723041,0.002246753,0.014210043,
7070,0.289933842,0.001550859,0.003323913,0.015114469,
7071,0.193783895,0.00255471,0.005776661,0.021446763,
7072,0.074582122,0.004237408,0.006855262,0.028871139,
7073,0.00345391,0.00605482,0.008641614,0.038290156,
7074,0,0.003123349,0.000937419,0.025834256,
7075,0,0.001503864,0.000518845,0.031941075,
7076,0,0.002045029,0.005741439,0.048439128,
7077,0,0.002867329,0.013174413,0.057552641,
7078,0,0.002868684,0.018814462,0.061651643,
7079,0,0.002195254,0.019348103,0.0535587,
7080,0,0.003131921,0.019712567,0.045624418,
7081,0,0.003215702,0.024101206,0.03728335,
7082,0,0.002749928,0.019997353,0.030093042,
7083,0,0.006327909,0.022249661,0.036827765,
7084,0,0.006793655,0.021844817,0.042453384,
7085,0,0.009384889,0.02281113,0.052893256,
7086,0,0.002000787,0.002897941,0.052640532,
7087,0.057651703,0.008113757,0.011946956,0.090500352,
7088,0.178096627,0.008393623,0.023178592,0.110997456,
7089,0.290762878,0.004608042,0.037130024,0.136362052,
7090,0.351307562,0.014889354,0.072874089,0.175170086,
7091,0.371144192,0.030676236,0.103808562,0.192019071,
7092,0.412287473,0.072850565,0.105252917,0.177986788,
7093,0.384737295,0.09854437,0.091418643,0.170331528,
7094,0.348841933,0.115617192,0.095333661,0.184537863,
7095,0.258097259,0.10119858,0.107971177,0.212781761,
7096,0.132787783,0.089039904,0.130691887,0.250398294,
7097,0.021974066,0.085260727,0.164650192,0.280423157,
7098,0,0.048143827,0.169254695,0.247063261,
7099,0,0.05575999,0.192433131,0.242330238,
7100,0,0.056155817,0.185764909,0.211953872,
7101,0,0.061903684,0.179940576,0.18757708,
7102,0,0.057832779,0.160859403,0.170874767,
7103,0,0.058498027,0.156694409,0.171000848,
7104,0,0.053700314,0.15670329,0.177640273,
7105,0,0.051952676,0.161583341,0.181280439,
7106,0,0.054573446,0.163289027,0.18069502,
7107,0,0.053557375,0.157103211,0.175846932,
7108,0,0.054509559,0.152352721,0.17088507,
7109,0,0.054464752,0.141344329,0.162799692,
7110,0,0.010984135,0.041927877,0.079923011,
7111,0.082851697,0.009720039,0.030031736,0.068847424,
7112,0.239188565,0.002510794,0.016745893,0.057242306,
7113,0.388290838,0.002073392,0.01275699,0.046176458,
7114,0.517250909,0.000952235,0.00648746,0.03648956,
7115,0.601014838,0.000559961,0.002919241,0.026422923,
7116,0.60590085,0.000817249,0.002543454,0.02347744,
7117,0.569224451,0.003351141,0.004677813,0.020327696,
7118,0.481502693,0.005185516,0.008414397,0.022225233,
7119,0.344497065,0.004040958,0.009523974,0.020624337,
7120,0.17697683,0.004462093,0.011464238,0.021057385,
7121,0.028920209,0.011495362,0.013109912,0.019123409,
7122,0,0.006111961,0.008282173,0.011127907,
7123,0,0.008362521,0.015886251,0.01446493,
7124,0,0.006900884,0.023554085,0.021136217,
7125,0,0.00897162,0.03190114,0.028852483,
7126,0,0.009867082,0.03531788,0.034762391,
7127,0,0.009721854,0.033567506,0.038983801,
7128,0,0.007205738,0.033099086,0.042695267,
7129,0,0.006609939,0.034498515,0.047732147,
7130,0,0.0061855,0.038152671,0.055079933,
7131,0,0.006158695,0.04352105,0.065419558,
7132,0,0.007766478,0.056362657,0.077598803,
7133,0,0.008916858,0.066360267,0.091749989,
7134,0,0.007702841,0.062612263,0.078758148,
7135,0.095180346,0.007035924,0.069572849,0.086687128,
7136,0.274028238,0.00362582,0.061950631,0.078707404,
7137,0.437836305,0.002001302,0.046539818,0.069921216,
7138,0.541353408,0.001692354,0.03378354,0.061171622,
7139,0.600575555,0.00166703,0.024968134,0.059057271,
7140,0.608180609,0.000672412,0.01437046,0.052446064,
7141,0.554501145,0.000415975,0.012552811,0.042276784,
7142,0.463487408,0.001127284,0.015990453,0.036025166,
7143,0.320079735,0.005124589,0.022374071,0.036087105,
7144,0.147721562,0.011818528,0.035270438,0.041019249,
7145,0.019024485,0.016722512,0.048871661,0.046904829,
7146,0,0.010720489,0.051169506,0.065895764,
7147,0,0.015295036,0.074854328,0.097116284,
7148,0,0.022872908,0.093572991,0.104941122,
7149,0,0.027825143,0.11562487,0.126714682,
7150,0,0.029554524,0.140319025,0.139715836,
7151,0,0.031891274,0.14229049,0.155218279,
7152,0,0.033963535,0.140424245,0.173697319,
7153,0,0.042020609,0.159670655,0.207918927,
7154,0,0.043336745,0.18615357,0.230281825,
7155,0,0.04426722,0.215861487,0.275792488,
7156,0,0.061671433,0.261850543,0.332335589,
7157,0,0.067547088,0.30823063,0.352956971,
7158,0,0.028601763,0.155582437,0.211145886,
7159,0.027646004,0.047698018,0.159815128,0.170576995,
7160,0.078097505,0.052484112,0.147813381,0.185843939,
7161,0.113566851,0.046254716,0.169303006,0.275290756,
7162,0.153558964,0.050598754,0.217908013,0.326213906,
7163,0.11734422,0.109143329,0.249690685,0.361923097,
7164,0.129769167,0.130975202,0.27275957,0.410870769,
7165,0.099902844,0.113938013,0.256035513,0.466480719,
7166,0.087410692,0.108959786,0.289437454,0.570870566,
7167,0.052308872,0.134901556,0.397305813,0.673004708,
7168,0.047037777,0.148377108,0.519900241,0.764596095,
7169,0.008197301,0.193436115,0.635719731,0.826264092,
7170,0,0.163568406,0.48230713,0.780352549,
7171,0,0.205300073,0.665069559,0.872079887,
7172,0,0.310211847,0.789830804,0.8845697,
7173,0,0.397205219,0.810962115,0.885009815,
7174,0,0.443894047,0.79805409,0.882927031,
7175,0,0.503148525,0.813735673,0.884291571,
7176,0,0.543278178,0.837593296,0.884905079,
7177,0,0.542740811,0.842694038,0.885148396,
7178,0,0.526581608,0.841296877,0.8853361,
7179,0,0.494808949,0.836445073,0.88541249,
7180,0,0.463973713,0.827429238,0.878307688,
7181,0,0.420645777,0.810382287,0.865951562,
7182,0,0.165910268,0.662708226,0.817277783,
7183,0.073857963,0.195054437,0.657234324,0.794653464,
7184,0.236663698,0.2574924,0.668243884,0.775134284,
7185,0.376386903,0.490517748,0.718970491,0.780711947,
7186,0.455940429,0.600450042,0.717862028,0.787272291,
7187,0.471652414,0.672201452,0.741248457,0.821111269,
7188,0.467636375,0.760084932,0.786135099,0.85188878,
7189,0.406977986,0.780883314,0.803127022,0.869085915,
7190,0.339918867,0.756254551,0.806968208,0.874564114,
7191,0.22738261,0.704769645,0.800191187,0.872421884,
7192,0.10579804,0.573875755,0.779800375,0.865990873,
7193,0.007949355,0.527908807,0.774400819,0.851324981,
7194,0,0.305060698,0.527420205,0.693749619,
7195,0,0.271946997,0.49854087,0.654526571,
7196,0,0.268110383,0.51618004,0.651876456,
7197,0,0.271890518,0.536360152,0.670759436,
7198,0,0.254352757,0.569696574,0.690098897,
7199,0,0.254325308,0.590705938,0.646658874,
7200,0,0.257576835,0.533693062,0.557514482,
7201,0,0.236324769,0.423029097,0.509754807,
7202,0,0.199624889,0.396885679,0.532686952,
7203,0,0.165664056,0.446519857,0.552533445,
7204,0,0.138210562,0.489665485,0.567720609,
7205,0,0.117488222,0.518016252,0.554614027,
7206,0,0.05658217,0.353544968,0.485083906,
7207,0.068942755,0.067903246,0.293995011,0.47194522,
7208,0.225390254,0.061732558,0.38501953,0.526114335,
7209,0.365053979,0.132746321,0.509246917,0.571412109,
7210,0.450275323,0.292403939,0.609164397,0.60221275,
7211,0.452553125,0.457369832,0.700468675,0.649400341,
7212,0.403796948,0.594878587,0.791601929,0.708942351,
7213,0.333965998,0.578833617,0.834699961,0.758455218,
7214,0.304063437,0.608617186,0.851534951,0.793882559,
7215,0.187104081,0.629312377,0.855932056,0.807174716,
7216,0.076170142,0.606847734,0.852030926,0.806130229,
7217,0.007768647,0.522426784,0.816240426,0.78697759,
7218,0,0.385950006,0.616819265,0.653721228,
7219,0,0.317534609,0.616255918,0.66692683,
7220,0,0.267043257,0.569964322,0.62520961,
7221,0,0.212060592,0.488010009,0.532812307,
7222,0,0.175251843,0.382489432,0.404387578,
7223,0,0.161446615,0.252124316,0.269279521,
7224,0,0.130393862,0.14870904,0.195605545,
7225,0,0.099259157,0.121546037,0.167554532,
7226,0,0.067202978,0.10474433,0.114988609,
7227,0,0.057433679,0.088654398,0.082365546,
7228,0,0.047109848,0.094337343,0.074081744,
7229,0,0.035401916,0.09097808,0.063625505,
7230,0,0.013537153,0.039427947,0.025508252,
7231,0.066579881,0.010878808,0.046087196,0.037934964,
7232,0.217793895,0.009508717,0.072747224,0.061376472,
7233,0.362642907,0.036301863,0.111417705,0.090148631,
7234,0.413431432,0.138033584,0.176072157,0.145925653,
7235,0.393223488,0.268243453,0.305216488,0.229832106,
7236,0.400071021,0.346391949,0.45733827,0.323097656,
7237,0.420147837,0.396775378,0.538443874,0.384150425,
7238,0.353079597,0.390693946,0.56994959,0.438993418,
7239,0.22530228,0.346717976,0.586617075,0.471908329,
7240,0.116135934,0.313240346,0.610872757,0.51350787,
7241,0.007126642,0.312997144,0.601995553,0.528706314,
7242,0,0.169778741,0.522729915,0.507979621,
7243,0,0.201970097,0.501336301,0.480138214,
7244,0,0.228515604,0.485860851,0.444021196,
7245,0,0.209238361,0.421986079,0.380709123,
7246,0,0.176070973,0.334926812,0.302669214,
7247,0,0.149027345,0.273250913,0.240003055,
7248,0,0.117533635,0.22423268,0.195552345,
7249,0,0.082120758,0.194194939,0.178352684,
7250,0,0.059822168,0.17990741,0.17483321,
7251,0,0.050977885,0.173719612,0.172779128,
7252,0,0.051151452,0.171968947,0.171354879,
7253,0,0.053088075,0.162108966,0.157799942,
7254,0,0.026776096,0.111037429,0.106783547,
7255,0.076224689,0.032345234,0.098465841,0.089730868,
7256,0.227987902,0.030954473,0.084358555,0.074649206,
7257,0.364850173,0.025211394,0.057688239,0.065684939,
7258,0.461080125,0.032065564,0.05054276,0.068198506,
7259,0.504926902,0.063337446,0.059583939,0.062931706,
7260,0.50625925,0.097229586,0.080094211,0.064814882,
7261,0.446864272,0.114918456,0.102775704,0.071931584,
7262,0.376891923,0.117996304,0.122752691,0.087775831,
7263,0.297820687,0.114001464,0.120853861,0.086624614,
7264,0.14857561,0.103037633,0.115473687,0.09103934,
7265,0.00340229,0.113901369,0.114070272,0.089890913,
7266,0,0.062258705,0.11618554,0.106850215,
7267,0,0.067050574,0.098945005,0.095816545,
7268,0,0.077387825,0.079327288,0.085648801,
7269,0,0.080438458,0.073046337,0.09096713,
7270,0,0.089799204,0.078210109,0.114196863,
7271,0,0.078900799,0.093725696,0.155170195,
7272,0,0.065194251,0.121337955,0.190710773,
7273,0,0.056413335,0.13546627,0.209312225,
7274,0,0.053950284,0.143791058,0.219733859,
7275,0,0.056078656,0.149307009,0.224248722,
7276,0,0.052553799,0.15457425,0.234028249,
7277,0,0.046630361,0.151002731,0.227679773,
7278,0,0.02016211,0.104848084,0.188127884,
7279,0.068660742,0.023504733,0.11005298,0.176695324,
7280,0.229287555,0.021210496,0.108536164,0.151355806,
7281,0.39621617,0.024827902,0.098619196,0.130406199,
7282,0.510041414,0.027293367,0.098812331,0.129360796,
7283,0.561266549,0.029480603,0.118150197,0.152271913,
7284,0.562885865,0.027224422,0.142919558,0.190839295,
7285,0.519001537,0.029840901,0.163077886,0.232368042,
7286,0.421534623,0.03864163,0.178624548,0.262184544,
7287,0.301399408,0.045091379,0.186556772,0.275178351,
7288,0.1471399,0.048523639,0.196341474,0.283404456,
7289,0.001906768,0.060926675,0.216714161,0.306559529,
7290,0,0.024206103,0.149039313,0.2870796,
7291,0,0.034143385,0.173865573,0.319486308,
7292,0,0.041735996,0.191862227,0.325872664,
7293,0,0.044659317,0.205269853,0.329369142,
7294,0,0.044403192,0.22123755,0.328181526,
7295,0,0.041119061,0.247994626,0.33061659,
7296,0,0.038596115,0.262121455,0.342661258,
7297,0,0.035653508,0.260830039,0.34803472,
7298,0,0.031590911,0.26235063,0.351248131,
7299,0,0.02980168,0.267383981,0.358883116,
7300,0,0.029131157,0.259729114,0.360419056,
7301,0,0.030979445,0.25220982,0.358719497,
7302,0,0.027567417,0.174227547,0.282836798,
7303,0.081886096,0.034446675,0.16896457,0.272616667,
7304,0.265074337,0.02362371,0.147655244,0.258443532,
7305,0.428680344,0.021201799,0.119541355,0.238515442,
7306,0.541638259,0.0159007,0.096321474,0.201980171,
7307,0.600704597,0.012789717,0.083996527,0.170949076,
7308,0.610603013,0.016139743,0.082448621,0.170205733,
7309,0.566472031,0.017790709,0.081157159,0.183259604,
7310,0.47657936,0.017597514,0.087110555,0.203645994,
7311,0.338473517,0.015350296,0.085065162,0.216568071,
7312,0.160261766,0.011996654,0.070258555,0.222084433,
7313,0.002943329,0.014146869,0.058227345,0.217596457,
7314,0,0.003016976,0.018582492,0.15508,
7315,0,0.00275033,0.015241853,0.125064192,
7316,0,0.002710712,0.018706411,0.104763722,
7317,0,0.003147507,0.025833277,0.10317508,
7318,0,0.003243981,0.033876144,0.106560659,
7319,0,0.004041235,0.040713426,0.105157433,
7320,0,0.004798268,0.049992373,0.10249237,
7321,0,0.005437698,0.05318497,0.100550135,
7322,0,0.006004153,0.053110097,0.105612952,
7323,0,0.007084189,0.063569701,0.111841987,
7324,0,0.009618363,0.080303207,0.116468829,
7325,0,0.011926691,0.086177399,0.113420389,
7326,0,0.00774202,0.056863103,0.083867538,
7327,0.081588617,0.0097629,0.060086357,0.078720637,
7328,0.2588912,0.006313093,0.053383115,0.069801309,
7329,0.431586281,0.00202303,0.040068948,0.062996469,
7330,0.534695092,0.000744782,0.018173503,0.043328874,
7331,0.594085499,0,0.0043451,0.023558519,
7332,0.603905906,0,0,0.017276754,
7333,0.559517,0,0,0.01748186,
7334,0.470595197,0,0,0.018137843,
7335,0.332710681,0,0.000214225,0.022091562,
7336,0.156537972,0.000983592,0.000523582,0.028062809,
7337,0.00140906,0.001602881,0.000789351,0.033518618,
7338,0,0.001519893,0.003554721,0.031865515,
7339,0,0.001221002,0.002096661,0.040542773,
7340,0,0.002544081,0.00250615,0.065969141,
7341,0,0.004290432,0.002465285,0.067198603,
7342,0,0.003604325,0.005539394,0.058909279,
7343,0,0.002343181,0.009117368,0.054240061,
7344,0,0.002098777,0.01428814,0.053423553,
7345,0,0.001012181,0.019068605,0.062163246,
7346,0,0.000803522,0.013045417,0.068453369,
7347,0,0.001036175,0.013505745,0.081192928,
7348,0,0.001575945,0.014982804,0.082449574,
7349,0,0.002471852,0.017010997,0.075453852,
7350,0,0.001755711,0.011832976,0.058937247,
7351,0.081572667,0.001091139,0.008206154,0.074607674,
7352,0.264436205,0.001435913,0.010608829,0.067013403,
7353,0.427596168,0.001357212,0.013271242,0.06355268,
7354,0.528643644,0.000924624,0.010471992,0.048489445,
7355,0.585270977,0.000652192,0.008128727,0.035832053,
7356,0.593601452,0.000337689,0.007196612,0.033785469,
7357,0.545825881,0.00022436,0.003567032,0.033718972,
7358,0.452852379,0.001108868,0.000703757,0.024535869,
7359,0.313788297,0.003082663,0.001147587,0.025718029,
7360,0.141663703,0.006404648,0.002321506,0.027704957,
7361,0,0.011981082,0.003279319,0.027264813,
7362,0,0.009879585,0.004741852,0.035600001,
7363,0,0.006089645,0.002941731,0.041758067,
7364,0,0.00484785,0.002624337,0.042005576,
7365,0,0.005236321,0.002590841,0.045885118,
7366,0,0.005234098,0.002753928,0.043178375,
7367,0,0.005632711,0.005085099,0.035302716,
7368,0,0.009563897,0.002860342,0.028452427,
7369,0,0.009581952,0.00550304,0.027862838,
7370,0,0.009185504,0.010343247,0.030525989,
7371,0,0.00896512,0.011610786,0.033372535,
7372,0,0.00739444,0.010975343,0.035078848,
7373,0,0.005050019,0.009768645,0.034582055,
7374,0,0.003306451,0.00495116,0.022492279,
7375,0.072984698,0.002754738,0.005764764,0.024595664,
7376,0.238040316,0.001868463,0.008446023,0.025508004,
7377,0.401554178,0,0.002890824,0.019557389,
7378,0.51446044,0,0.00366973,0.017486851,
7379,0.584654147,0.000445213,0.008026704,0.01804677,
7380,0.596191711,0.000438457,0.009633263,0.021749758,
7381,0.551763917,0.000177474,0.010105585,0.026515601,
7382,0.463475104,0.000225719,0.011495055,0.0322193,
7383,0.322976034,0.001215574,0.016389818,0.034815478,
7384,0.146671368,0.004225216,0.024881882,0.037716573,
7385,0.00031303,0.007295394,0.036835562,0.042667528,
7386,0,0.004632774,0.045405479,0.041886851,
7387,0,0.006627712,0.064323551,0.050549361,
7388,0,0.00767476,0.078623972,0.05701388,
7389,0,0.008091549,0.085512123,0.056594327,
7390,0,0.007842723,0.083442758,0.057579047,
7391,0,0.006280296,0.070872825,0.058906568,
7392,0,0.004659854,0.057852598,0.059819974,
7393,0,0.004155353,0.052530119,0.068084414,
7394,0,0.0039232,0.053484583,0.079155277,
7395,0,0.004122521,0.062053172,0.087434502,
7396,0,0.004822948,0.073526184,0.091699087,
7397,0,0.005810806,0.081321516,0.092803502,
7398,0,0.009679219,0.083732914,0.088832636,
7399,0.067727918,0.010407689,0.073388282,0.09470218,
7400,0.228542757,0.005870144,0.055182484,0.090964124,
7401,0.388366606,0.002049923,0.038627165,0.079682684,
7402,0.491460088,0.000892364,0.03131892,0.07332978,
7403,0.544065543,0.000437538,0.023597077,0.074911149,
7404,0.544798924,0.000733484,0.022776604,0.081843003,
7405,0.491537898,0.00106452,0.031752404,0.092714114,
7406,0.394283496,0.003795301,0.038682825,0.104791039,
7407,0.282223283,0.006546252,0.049298812,0.121889458,
7408,0.124185498,0.010950074,0.075014497,0.142025194,
7409,0.00020832,0.018095557,0.115056225,0.175963895,
7410,0,0.010614897,0.097294715,0.15271336,
7411,0,0.011907667,0.125787496,0.181249193,
7412,0,0.013552473,0.148592937,0.202349326,
7413,0,0.015369926,0.161569398,0.21194822,
7414,0,0.017471533,0.157815556,0.211904278,
7415,0,0.01877221,0.139745198,0.207160062,
7416,0,0.015340393,0.115790906,0.195929329,
7417,0,0.012107034,0.095860728,0.212429834,
7418,0,0.008814802,0.085441666,0.230093001,
7419,0,0.006912345,0.080368774,0.220107493,
7420,0,0.00578191,0.078266224,0.204492134,
7421,0,0.006825443,0.079726701,0.191262907,
7422,0,0.008201007,0.078986107,0.162043158,
7423,0.045948012,0.009352083,0.070666785,0.150597898,
7424,0.165229324,0.008296912,0.065659084,0.135749534,
7425,0.296667995,0.005864646,0.062501013,0.126234268,
7426,0.41500118,0.003844114,0.047450859,0.11642025,
7427,0.478008438,0.002121852,0.032600055,0.117024383,
7428,0.522528126,0.001214229,0.028307382,0.116043316,
7429,0.46277501,0.001966843,0.026652661,0.11299519,
7430,0.383072062,0.005332512,0.027065416,0.111930941,
7431,0.279903836,0.010057412,0.036195133,0.124454672,
7432,0.116234647,0.014455316,0.044466871,0.125173295,
7433,0,0.017212856,0.052370251,0.117534708,
7434,0,0.008304985,0.041413679,0.090706279,
7435,0,0.005079021,0.045187149,0.101386781,
7436,0,0.005389578,0.049880019,0.110386578,
7437,0,0.009194962,0.068987593,0.137412402,
7438,0,0.015884487,0.104105568,0.173254963,
7439,0,0.019898539,0.122133865,0.18310029,
7440,0,0.017906267,0.118248557,0.182246322,
7441,0,0.017881621,0.121049746,0.177709822,
7442,0,0.019113139,0.127042076,0.174673317,
7443,0,0.020620763,0.125024194,0.171923923,
7444,0,0.0246592,0.122244727,0.167737001,
7445,0,0.026657426,0.115951084,0.170312735,
7446,0,0.009954145,0.078637534,0.129187408,
7447,0.005030022,0.011118205,0.072258184,0.130502769,
7448,0.020666314,0.010419577,0.06155336,0.149388807,
7449,0.049982113,0.009902748,0.058573149,0.157663769,
7450,0.07706407,0.009936494,0.06212863,0.15616693,
7451,0.114252184,0.009240322,0.058042867,0.145266267,
7452,0.140451294,0.008477723,0.050950781,0.138310793,
7453,0.107632052,0.009383562,0.051472598,0.136162108,
7454,0.073331686,0.012188177,0.057953479,0.148045749,
7455,0.072897715,0.015667326,0.06501521,0.157918394,
7456,0.033639239,0.021822566,0.073430581,0.171503132,
7457,0,0.028440777,0.085638138,0.188616354,
7458,0,0.018821563,0.071655991,0.166882116,
7459,0,0.024326902,0.084009242,0.160400839,
7460,0,0.027306116,0.077754847,0.158264582,
7461,0,0.03382113,0.081524759,0.175583517,
7462,0,0.033285145,0.097267106,0.190837612,
7463,0,0.035808979,0.117630438,0.205162217,
7464,0,0.037735923,0.133093364,0.236994087,
7465,0,0.039760024,0.158542843,0.258176411,
7466,0,0.049711315,0.198460058,0.286649701,
7467,0,0.057729356,0.238242059,0.352886064,
7468,0,0.070679667,0.28089872,0.376826923,
7469,0,0.085166423,0.299270016,0.364185251,
7470,0,0.089261249,0.26454107,0.31901233,
7471,0,0.123488741,0.389730206,0.408213435,
7472,0.023716239,0.145044559,0.443694336,0.391859847,
7473,0.046432817,0.170097982,0.448005798,0.40572966,
7474,0.060692919,0.199158359,0.456777188,0.481326095,
7475,0.071284918,0.213669474,0.516146293,0.584525371,
7476,0.075345792,0.195471576,0.595024432,0.666587879,
7477,0.082725462,0.205911886,0.678319506,0.745117995,
7478,0.069677745,0.237634422,0.74669426,0.779005121,
7479,0.012741268,0.256614566,0.802300525,0.803577766,
7480,0.001329374,0.281973958,0.843166044,0.83510828,
7481,0,0.336228792,0.861667782,0.876797734,
7482,0,0.210213627,0.804413507,0.87292929,
7483,0,0.318000324,0.808233176,0.861756775,
7484,0,0.426639163,0.826882779,0.873557449,
7485,0,0.530042318,0.861615503,0.885191609,
7486,0,0.666286219,0.857209403,0.885118469,
7487,0,0.771722848,0.864772775,0.885459771,
7488,0,0.7355479,0.86737423,0.885494752,
7489,0,0.694080446,0.841969316,0.879368484,
7490,0,0.646429403,0.810682309,0.858468711,
7491,0,0.62279057,0.776568637,0.812317745,
7492,0,0.617516197,0.746965657,0.764886681,
7493,0,0.610209208,0.722173513,0.713326794,
7494,0,0.38148151,0.618683551,0.643306225,
7495,0.014538873,0.381543397,0.580551084,0.567938932,
7496,0.100745586,0.377786981,0.541208812,0.505050688,
7497,0.215409629,0.536584424,0.531187052,0.467860596,
7498,0.318718259,0.63222472,0.503883058,0.419031857,
7499,0.317455449,0.661688187,0.478030625,0.372013503,
7500,0.324937283,0.669648914,0.457201186,0.344622202,
7501,0.311908539,0.625680794,0.424171339,0.31804966,
7502,0.290512394,0.544431534,0.3928405,0.301075074,
7503,0.210376744,0.407767511,0.341271869,0.271509219,
7504,0.10399381,0.281678907,0.293809404,0.234550626,
7505,0,0.218282405,0.238747884,0.194970457,
7506,0,0.1109616,0.100995689,0.090774834,
7507,0,0.102986413,0.082384577,0.080766556,
7508,0,0.08856152,0.0779356,0.088153079,
7509,0,0.07832441,0.076206246,0.100160362,
7510,0,0.072755476,0.086742061,0.118555948,
7511,0,0.070210624,0.100737632,0.139224148,
7512,0,0.06974812,0.109662201,0.15365024,
7513,0,0.071781324,0.121937671,0.155457258,
7514,0,0.069635277,0.119134174,0.130909755,
7515,0,0.072320228,0.118969635,0.114729188,
7516,0,0.067912986,0.104596752,0.094668115,
7517,0,0.06485157,0.083863089,0.073582363,
7518,0,0.024659024,0.059254045,0.049261191,
7519,0.047010417,0.020742426,0.038329556,0.037420178,
7520,0.195201457,0.012256,0.02603843,0.032046392,
7521,0.349269866,0.015592978,0.020115289,0.029246331,
7522,0.449186047,0.043327879,0.023484808,0.024620837,
7523,0.47313992,0.083277962,0.024347109,0.023618153,
7524,0.489096891,0.118510845,0.02475635,0.024083348,
7525,0.462210047,0.12312446,0.027116193,0.021794267,
7526,0.381172869,0.106604926,0.020588109,0.024967217,
7527,0.273968004,0.073018738,0.011431697,0.024674278,
7528,0.118663743,0.051046406,0.010063279,0.02603828,
7529,0,0.047374842,0.013208369,0.029109445,
7530,0,0.037632039,0.01712113,0.02105883,
7531,0,0.02702235,0.012847354,0.019514516,
7532,0,0.016966797,0.013160713,0.01919037,
7533,0,0.012230102,0.013411964,0.019310463,
7534,0,0.011416368,0.015400529,0.020804238,
7535,0,0.008426736,0.016094876,0.023504388,
7536,0,0.003764136,0.014144223,0.02282364,
7537,0,0.000845227,0.010805566,0.02253452,
7538,0,0.000857511,0.007229249,0.025257181,
7539,0,0.000817024,0.005301268,0.034981734,
7540,0,0.001027421,0.005815575,0.041880536,
7541,0,0.00059383,0.002328525,0.04619806,
7542,0,0.000316845,0.000366328,0.038036097,
7543,0.027222515,0,0.000300126,0.040942913,
7544,0.124200485,0,0,0.052314007,
7545,0.22281815,0,0,0.06091931,
7546,0.274296147,0,0.002807316,0.081599659,
7547,0.307121103,0.000187979,0.018070223,0.09043055,
7548,0.278760914,0.002801434,0.031473012,0.080225441,
7549,0.270166966,0.006998443,0.033880458,0.071367435,
7550,0.18912025,0.009156117,0.042034991,0.07760824,
7551,0.095561206,0.006240586,0.04747992,0.080014538,
7552,0.026442566,0.002894809,0.042098631,0.093223262,
7553,0,0.003141299,0.039462846,0.124662047,
7554,0,0.005165815,0.066482686,0.117174108,
7555,0,0.006589311,0.074713655,0.13392669,
7556,0,0.007664316,0.07670279,0.148704214,
7557,0,0.006276146,0.064720071,0.159620476,
7558,0,0.006567793,0.063382868,0.179305603,
7559,0,0.008684715,0.075948479,0.209678899,
7560,0,0.012586237,0.105865893,0.258674295,
7561,0,0.017848372,0.151911067,0.313664837,
7562,0,0.030881165,0.215533625,0.381038659,
7563,0,0.044475561,0.28534857,0.450039147,
7564,0,0.056167562,0.341856647,0.503300216,
7565,0,0.065184358,0.370368557,0.540824498,
7566,0,0.033305482,0.189098331,0.438470277,
7567,0.04339352,0.050942933,0.233177964,0.433051758,
7568,0.18889633,0.049310887,0.255819752,0.454384457,
7569,0.344121308,0.0480858,0.265134361,0.457924686,
7570,0.445810401,0.050922398,0.263686322,0.462468962,
7571,0.510143465,0.05015922,0.243029047,0.466379713,
7572,0.524538837,0.049514971,0.236202503,0.453302655,
7573,0.488900144,0.048396105,0.234047894,0.43595196,
7574,0.408530475,0.050920148,0.243506225,0.444424966,
7575,0.265646984,0.051522026,0.246447455,0.456305363,
7576,0.110799469,0.05437814,0.258320411,0.472637091,
7577,0,0.061077044,0.269311961,0.466570508,
7578,0,0.023389649,0.143623715,0.368770081,
7579,0,0.033815978,0.194251193,0.404360679,
7580,0,0.050168302,0.237539007,0.454570911,
7581,0,0.054772904,0.266475271,0.491717398,
7582,0,0.05516756,0.274931953,0.499683226,
7583,0,0.050539078,0.263369111,0.494298076,
7584,0,0.046174867,0.252523592,0.495948233,
7585,0,0.04472152,0.2399573,0.484277024,
7586,0,0.045367968,0.235677818,0.472940448,
7587,0,0.045365216,0.227313286,0.460008846,
7588,0,0.045103969,0.223846775,0.461626491,
7589,0,0.044567159,0.225750741,0.467376407,
7590,0,0.022669581,0.1789097,0.414330162,
7591,0.039467132,0.034151179,0.218632591,0.438354956,
7592,0.149262215,0.031733018,0.233240439,0.458215587,
7593,0.282537962,0.028221489,0.220644492,0.452946741,
7594,0.369497535,0.031406503,0.20957304,0.440632707,
7595,0.435272295,0.032260584,0.199104859,0.425852162,
7596,0.447714493,0.029748442,0.20499599,0.431326849,
7597,0.395449147,0.029281667,0.223906767,0.449896137,
7598,0.322043684,0.028944137,0.238219646,0.466335759,
7599,0.204694838,0.029358958,0.242744865,0.474305948,
7600,0.086767303,0.034003351,0.24566756,0.471998355,
7601,0,0.038802877,0.243365029,0.452679888,
7602,0,0.021428812,0.188937554,0.396834546,
7603,0,0.020986037,0.186801652,0.389453241,
7604,0,0.022221587,0.172566931,0.383225395,
7605,0,0.023902273,0.164361338,0.385829477,
7606,0,0.024694805,0.157920915,0.379930384,
7607,0,0.024023782,0.152003824,0.362454866,
7608,0,0.025367821,0.151301874,0.34546213,
7609,0,0.027869129,0.153118943,0.341339228,
7610,0,0.027885206,0.144451325,0.330372761,
7611,0,0.029712064,0.132777335,0.313199545,
7612,0,0.029082755,0.113001243,0.281779813,
7613,0,0.029565636,0.095144261,0.26392936,
7614,0,0.009665004,0.059910249,0.204761944,
7615,0.042859262,0.008382099,0.056564677,0.163571023,
7616,0.182414819,0.007359584,0.050490542,0.130472332,
7617,0.342732792,0.0090042,0.039352112,0.113566531,
7618,0.463557475,0.011616496,0.035577842,0.101351447,
7619,0.51114825,0.011873538,0.030217694,0.090492161,
7620,0.492559403,0.011680896,0.023022984,0.085950454,
7621,0.4347338,0.011382503,0.01798208,0.095164224,
7622,0.316807101,0.011447152,0.015354241,0.108406448,
7623,0.246355904,0.011353151,0.017008527,0.114607096,
7624,0.097732235,0.011543707,0.021582399,0.106052821,
7625,0,0.017885574,0.029766487,0.09129492,
7626,0,0.009684947,0.032311552,0.061703976,
7627,0,0.010167208,0.032300594,0.047821636,
7628,0,0.011470751,0.02966326,0.047206324,
7629,0,0.010840696,0.028382885,0.044879975,
7630,0,0.008268496,0.027546569,0.043824667,
7631,0,0.00546656,0.026353499,0.045695793,
7632,0,0.004165151,0.025361062,0.047220266,
7633,0,0.00429357,0.03402863,0.056766913,
7634,0,0.005156898,0.04354348,0.073000998,
7635,0,0.006426608,0.053233444,0.085530286,
7636,0,0.007311063,0.066353925,0.097705291,
7637,0,0.007592594,0.066539349,0.104985024,
7638,0,0.0057549,0.04375323,0.107166169,
7639,0.032837129,0.006734357,0.047375202,0.124849322,
7640,0.139042969,0.005027621,0.045645585,0.142439319,
7641,0.26961334,0.004038703,0.043845456,0.157776992,
7642,0.360259562,0.003886786,0.045428286,0.156079636,
7643,0.426134832,0.003199935,0.039553115,0.163294981,
7644,0.450727949,0.00230446,0.031966735,0.15627297,
7645,0.414418646,0.002040517,0.028837342,0.140750951,
7646,0.325263592,0.00208072,0.03387527,0.138876291,
7647,0.193982167,0.00425719,0.04034515,0.152561396,
7648,0.074859989,0.006471411,0.040768421,0.173393026,
7649,0,0.008480833,0.039134138,0.186758139,
7650,0,0.005119605,0.034306005,0.191749508,
7651,0,0.004150314,0.033984999,0.181192689,
7652,0,0.004469164,0.029398751,0.172577517,
7653,0,0.005404814,0.030720899,0.166943408,
7654,0,0.005645418,0.035253436,0.160262133,
7655,0,0.003820744,0.026640042,0.124927756,
7656,0,0.003632765,0.019974445,0.107617423,
7657,0,0.008229122,0.016633833,0.13534905,
7658,0,0.007883604,0.012732862,0.168890395,
7659,0,0.010378992,0.010133929,0.202337369,
7660,0,0.010738027,0.014759302,0.228382262,
7661,0,0.009611643,0.022944643,0.243833978,
7662,0,0.004320253,0.028245909,0.259309437,
7663,0.00461381,0.011298257,0.037316381,0.262543009,
7664,0.061940159,0.013890331,0.042588508,0.293393131,
7665,0.095225068,0.010497234,0.05561461,0.33852947,
7666,0.170315724,0.008590432,0.074096645,0.368512994,
7667,0.220564704,0.00977092,0.096453608,0.404233173,
7668,0.266208493,0.012213316,0.122328498,0.446720096,
7669,0.242765665,0.016597638,0.164276061,0.491530241,
7670,0.207574387,0.027252261,0.219205425,0.550289037,
7671,0.14957097,0.028696909,0.242770154,0.587002149,
7672,0.057197734,0.030574283,0.243987143,0.601286542,
7673,0,0.040968101,0.266324974,0.616127103,
7674,0,0.019931349,0.226329193,0.579547429,
7675,0,0.034457429,0.279412136,0.618848917,
7676,0,0.046748208,0.339572481,0.655417769,
7677,0,0.05491212,0.403658588,0.70143255,
7678,0,0.073360278,0.463858076,0.732566504,
7679,0,0.077455204,0.490093034,0.734733879,
7680,0,0.079202872,0.503781872,0.727748691,
7681,0,0.082968518,0.50318513,0.727750134,
7682,0,0.078801957,0.495518734,0.725598917,
7683,0,0.071874867,0.461296829,0.699693226,
7684,0,0.061758979,0.407054292,0.658889093,
7685,0,0.052659618,0.342063542,0.585264802,
7686,0,0.042762022,0.244353221,0.461994751,
7687,0.05421304,0.05174665,0.228357248,0.410378401,
7688,0.217688855,0.042135702,0.19883708,0.331856318,
7689,0.373732059,0.036779175,0.209736017,0.290842954,
7690,0.486869845,0.034762731,0.186986916,0.254936648,
7691,0.542968358,0.02740558,0.130422653,0.198509122,
7692,0.544796295,0.021148476,0.104345734,0.172247959,
7693,0.476880001,0.019893699,0.122017326,0.21359729,
7694,0.378649149,0.018878499,0.127678783,0.264787778,
7695,0.196736564,0.011254205,0.115506156,0.250110432,
7696,0.086573726,0.024043054,0.135350137,0.216379878,
7697,0,0.029413943,0.142840328,0.191302185,
7698,0,0.010020637,0.089505417,0.131306183,
7699,0,0.013099188,0.086875261,0.109273796,
7700,0,0.013252903,0.091339726,0.10763115,
7701,0,0.013575089,0.097070704,0.096616187,
7702,0,0.015859364,0.099961735,0.090679731,
7703,0,0.013009562,0.087342875,0.081710996,
7704,0,0.015690239,0.089879437,0.090258291,
7705,0,0.014992185,0.083993608,0.11152962,
7706,0,0.01539159,0.080322916,0.138098779,
7707,0,0.014454708,0.075707295,0.148540266,
7708,0,0.014992245,0.079668364,0.133701366,
7709,0,0.02114193,0.094151583,0.123643072,
7710,0,0.014435369,0.061142864,0.087672746,
7711,0.016058008,0.024127678,0.073490836,0.087112387,
7712,0.094831922,0.022070768,0.080944675,0.109627334,
7713,0.163661061,0.019887209,0.088450252,0.101057431,
7714,0.265521376,0.015937137,0.073834859,0.092844842,
7715,0.322831293,0.012982752,0.043887349,0.07063728,
7716,0.317656176,0.032905004,0.05281786,0.065157468,
7717,0.266098225,0.061597544,0.05882523,0.066133547,
7718,0.182412004,0.053977164,0.061861558,0.075657656,
7719,0.171184104,0.040593974,0.048066964,0.11217532,
7720,0.075297001,0.047642966,0.046646308,0.135390968,
7721,0,0.057091213,0.055016391,0.12291413,
7722,0,0.031524579,0.054445812,0.120143986,
7723,0,0.056669186,0.087323589,0.117971033,
7724,0,0.066234192,0.092615612,0.122401214,
7725,0,0.062222862,0.106598856,0.151661759,
7726,0,0.055059303,0.086949718,0.180495474,
7727,0,0.049222024,0.077254075,0.210911194,
7728,0,0.044751248,0.083444981,0.228513625,
7729,0,0.045061091,0.10231723,0.249435137,
7730,0,0.045524027,0.121774837,0.257761656,
7731,0,0.044910291,0.140080503,0.264172027,
7732,0,0.044491894,0.142803966,0.261265173,
7733,0,0.044420569,0.140236483,0.266212626,
7734,0,0.034023327,0.105272576,0.213578271,
7735,0.04742104,0.030703769,0.089908398,0.196939671,
7736,0.196759242,0.020306402,0.073713456,0.171491955,
7737,0.368474896,0.012808792,0.056092672,0.143917854,
7738,0.475714837,0.008908743,0.040876051,0.113460678,
7739,0.526188143,0.011581049,0.032255778,0.08795128,
7740,0.525007782,0.014305543,0.025009581,0.075243708,
7741,0.451181511,0.029211095,0.021343103,0.069900831,
7742,0.331926087,0.043688935,0.031568143,0.075220094,
7743,0.219812424,0.046756617,0.050998887,0.090734152,
7744,0.096064776,0.045024426,0.070135952,0.107341029,
7745,0,0.045135091,0.095699407,0.127211515,
7746,0,0.014308545,0.092999843,0.118858617,
7747,0,0.019143522,0.118916134,0.134084681,
7748,0,0.023202428,0.131801862,0.135115396,
7749,0,0.031249344,0.137842367,0.140382624,
7750,0,0.038326072,0.146815031,0.141790794,
7751,0,0.05483836,0.154896282,0.127800049,
7752,0,0.060359744,0.153519074,0.110627184,
7753,0,0.065165495,0.146344317,0.101924138,
7754,0,0.060130021,0.127095716,0.098064286,
7755,0,0.057708512,0.11314024,0.09533296,
7756,0,0.053937565,0.104777125,0.097061665,
7757,0,0.051763191,0.098591573,0.096147353,
7758,0,0.031757343,0.0818341,0.092336588,
7759,0.057332518,0.030561392,0.070398645,0.092385271,
7760,0.22563658,0.023034412,0.064994784,0.109997554,
7761,0.40138955,0.013962652,0.060698365,0.116330791,
7762,0.511843698,0.010392714,0.06112528,0.125592602,
7763,0.575419458,0.006089228,0.060245959,0.136491744,
7764,0.587702793,0.008099887,0.055496631,0.14659856,
7765,0.544599072,0.014692388,0.065449587,0.169251603,
7766,0.452793138,0.025206002,0.080806121,0.192965468,
7767,0.304894518,0.034159876,0.101066866,0.21727734,
7768,0.123860085,0.047991286,0.124606584,0.245132234,
7769,0,0.063670033,0.155411036,0.258550138,
7770,0,0.050532304,0.111399862,0.171607015,
7771,0,0.060242623,0.134277015,0.197818249,
7772,0,0.070691724,0.16368977,0.248354278,
7773,0,0.076822717,0.169825369,0.251393239,
7774,0,0.077577583,0.156168619,0.22248443,
7775,0,0.07444319,0.130948043,0.197409427,
7776,0,0.071829464,0.09733032,0.164413136,
7777,0,0.061687053,0.067025908,0.136220352,
7778,0,0.049687317,0.046196158,0.128846002,
7779,0,0.038136862,0.044478249,0.144303383,
7780,0,0.024392458,0.061689725,0.167879197,
7781,0,0.016120709,0.073572619,0.187652228,
7782,0,0.003491969,0.08796765,0.234363016,
7783,0.014626945,0.003546402,0.072583853,0.189898792,
7784,0.090824422,0.005296769,0.059217842,0.148986833,
7785,0.15573109,0.002773169,0.04402784,0.123933094,
7786,0.197145726,0.001899639,0.044566852,0.116344859,
7787,0.215503915,0.002180948,0.052101469,0.115118661,
7788,0.2105006,0.004864726,0.067384866,0.109729793,
7789,0.17769452,0.010934572,0.103017949,0.116180372,
7790,0.135395516,0.019764641,0.151696167,0.143944135,
7791,0.06238098,0.031085103,0.203176277,0.177592258,
7792,0.010894564,0.044317812,0.257698254,0.215933406,
7793,0,0.056011766,0.302174946,0.253136105,
7794,0,0.067613632,0.289917826,0.263328832,
7795,0,0.080755987,0.30399728,0.250500209,
7796,0,0.077827236,0.321794543,0.26501067,
7797,0,0.063291623,0.342684089,0.335343486,
7798,0,0.05913186,0.351825591,0.42039959,
7799,0,0.065693968,0.360434402,0.514048753,
7800,0,0.087948228,0.417492275,0.621427558,
7801,0,0.122162253,0.491768631,0.690155283,
7802,0,0.172613508,0.561968421,0.722261306,
7803,0,0.229972294,0.605060192,0.719777267,
7804,0,0.279990882,0.615877368,0.694520937,
7805,0,0.289805973,0.601983685,0.658531713,
7806,0,0.157263336,0.461617542,0.546037376,
7807,0.054208977,0.169372595,0.441889995,0.518118596,
7808,0.218471739,0.151019167,0.407464487,0.48418563,
7809,0.38934184,0.174672071,0.352724231,0.442247454,
7810,0.496873682,0.188391583,0.296382399,0.424700209,
7811,0.558583008,0.204756094,0.274237396,0.451449785,
7812,0.573997344,0.226799584,0.275887132,0.519971246,
7813,0.527396989,0.26119883,0.326357081,0.603154485,
7814,0.409751051,0.282370049,0.417172429,0.650168191,
7815,0.269349812,0.280142385,0.473248126,0.652064693,
7816,0.103197814,0.208478779,0.485759782,0.613853857,
7817,0,0.176853585,0.467510867,0.54439643,
7818,0,0.076712461,0.325159011,0.392536947,
7819,0,0.078920363,0.277389582,0.326968078,
7820,0,0.080793928,0.228714775,0.256493676,
7821,0,0.08578171,0.202732963,0.195710993,
7822,0,0.099747016,0.200098388,0.173363086,
7823,0,0.101867346,0.188930921,0.156023399,
7824,0,0.099523698,0.170110655,0.131957839,
7825,0,0.099079309,0.161889182,0.115492068,
7826,0,0.092410692,0.150158328,0.104662933,
7827,0,0.081076084,0.13805431,0.097775207,
7828,0,0.06901348,0.126593041,0.081238674,
7829,0,0.06276683,0.118542653,0.067577694,
7830,0,0.02330785,0.078970178,0.052960857,
7831,0.04708066,0.019704886,0.066087574,0.038582722,
7832,0.207283444,0.018899622,0.062109603,0.032942602,
7833,0.381511433,0.024307221,0.071909026,0.040785314,
7834,0.50239287,0.036225666,0.073494623,0.057044882,
7835,0.568359271,0.046471206,0.06723906,0.066524292,
7836,0.584604798,0.049815306,0.052847651,0.06459684,
7837,0.55002149,0.048236223,0.038535495,0.05630078,
7838,0.438195889,0.039653766,0.032003126,0.053469897,
7839,0.275317626,0.02201288,0.025115702,0.057385999,
7840,0.111220185,0.004685481,0.023585103,0.078019322,
7841,0,0.003526867,0.031896756,0.110346936,
7842,0,0.003547901,0.054227778,0.153292704,
7843,0,0.004273511,0.083732301,0.199780003,
7844,0,0.005841564,0.120215328,0.250641179,
7845,0,0.007420232,0.172526993,0.325659308,
7846,0,0.015479928,0.271873667,0.427723179,
7847,0,0.029188502,0.346983144,0.498596071,
7848,0,0.037886595,0.396101376,0.553040117,
7849,0,0.040921768,0.45155919,0.590527842,
7850,0,0.054136716,0.513661779,0.612991754,
7851,0,0.081925154,0.549130927,0.62903474,
7852,0,0.114903598,0.556945719,0.620621757,
7853,0,0.146061722,0.562262551,0.598620287,
7854,0,0.108924055,0.419048012,0.428204692,
7855,0.012596795,0.104605488,0.423553023,0.437977925,
7856,0.06860761,0.1014218,0.397849796,0.379625984,
7857,0.125456424,0.090534207,0.294800412,0.277786345,
7858,0.129984402,0.070939331,0.203368707,0.228461392,
7859,0.197622247,0.061103462,0.159626394,0.227399758,
7860,0.24430306,0.055599885,0.145285076,0.235281671,
7861,0.249505958,0.04667779,0.135576599,0.204044374,
7862,0.244385934,0.034178257,0.102842402,0.151014555,
7863,0.171731938,0.021005847,0.074106062,0.113020653,
7864,0.073231855,0.01568122,0.054386926,0.088580315,
7865,0,0.009574584,0.033729516,0.065306681,
7866,0,0.001625426,0.006768732,0.028538964,
7867,0,0.00256054,0.004084624,0.018355425,
7868,0,0.003727964,0.005258175,0.016678568,
7869,0,0.008879104,0.010747689,0.021099031,
7870,0,0.015356225,0.015777036,0.026732555,
7871,0,0.017152125,0.020630333,0.029065228,
7872,0,0.020224572,0.025817921,0.028609459,
7873,0,0.022534026,0.026879837,0.024079661,
7874,0,0.024494318,0.024628151,0.019709313,
7875,0,0.028640456,0.022258571,0.01622548,
7876,0,0.027200186,0.02235239,0.013589618,
7877,0,0.028713923,0.020109964,0.012210026,
7878,0,0.013244585,0.019877288,0.01175406,
7879,0.012176012,0.016367493,0.014441083,0.009070406,
7880,0.103620173,0.014004441,0.01061503,0.005262102,
7881,0.210011758,0.009843953,0.005381107,0.002387943,
7882,0.350523624,0.014606958,0.006442207,0.007350836,
7883,0.421183291,0.033195598,0.008736502,0.011335353,
7884,0.388193088,0.056661836,0.013602344,0.022247769,
7885,0.33682431,0.078478043,0.020374926,0.026804071,
7886,0.244882258,0.082221023,0.019943842,0.022864581,
7887,0.181728924,0.068997929,0.013901066,0.013037601,
7888,0.075605318,0.052507905,0.011851124,0.00925592,
7889,0,0.034376686,0.012070699,0.016892547,
7890,0,0.018201074,0.011540756,0.019912708,
7891,0,0.018063995,0.008267162,0.021426867,
7892,0,0.019461084,0.007028734,0.025599825,
7893,0,0.01849278,0.013538245,0.019477629,
7894,0,0.016541072,0.019917249,0.017925859,
7895,0,0.012065598,0.020906449,0.022578148,
7896,0,0.009716382,0.024020537,0.02904338,
7897,0,0.00838776,0.030469292,0.03768611,
7898,0,0.009140634,0.040224903,0.051373414,
7899,0,0.008567806,0.046170304,0.0695784,
7900,0,0.009026729,0.053266581,0.086268652,
7901,0,0.010152144,0.066973547,0.092238131,
7902,0,0.011333951,0.057000401,0.078229713,
7903,0.036214108,0.009870421,0.06981106,0.080298442,
7904,0.199070443,0.006909914,0.074788606,0.100608357,
7905,0.374296501,0.004758296,0.071827859,0.09528949,
7906,0.488873842,0.002863679,0.05190477,0.07787767,
7907,0.55439344,0.001913266,0.033033988,0.065729107,
7908,0.566544552,0.003398132,0.018665552,0.050713432,
7909,0.518998834,0.003293112,0.01672838,0.054056754,
7910,0.428933206,0.004957084,0.010521479,0.051104465,
7911,0.284576233,0.007485016,0.007541575,0.056518611,
7912,0.111014919,0.010031048,0.00618258,0.067426392,
7913,0,0.012642607,0.007439852,0.079955157,
7914,0,0.009595079,0.009075034,0.055067617,
7915,0,0.013094967,0.005566164,0.06542009,
7916,0,0.017145332,0.004217815,0.0698108,
7917,0,0.021112258,0.006171496,0.064184811,
7918,0,0.022870371,0.006847831,0.053327933,
7919,0,0.02557343,0.005724062,0.047067145,
7920,0,0.028985809,0.011858343,0.049502476,
7921,0,0.032376349,0.015968737,0.06394452,
7922,0,0.036374728,0.021869034,0.083120031,
7923,0,0.040863056,0.029968978,0.099235046,
7924,0,0.045836618,0.037225205,0.120445784,
7925,0,0.048618311,0.038553943,0.139830309,
7926,0,0.041671065,0.031656819,0.117879815,
7927,0.028836146,0.039980911,0.038119139,0.120407124,
7928,0.155852202,0.04141301,0.046399193,0.119187655,
7929,0.287238881,0.02632927,0.051655352,0.122172538,
7930,0.388834359,0.026370711,0.047715357,0.124390691,
7931,0.428319246,0.04462804,0.059027372,0.140395425,
7932,0.438497862,0.072512838,0.077639128,0.174108287,
7933,0.40439397,0.112509185,0.088410516,0.212366199,
7934,0.287646604,0.128187682,0.096787115,0.244852171,
7935,0.19038659,0.109688782,0.113158476,0.263102674,
7936,0.077380191,0.098538898,0.124322127,0.266396299,
7937,0,0.086177996,0.139743612,0.276622715,
7938,0,0.025620254,0.140374393,0.262767392,
7939,0,0.02039706,0.143799295,0.236586685,
7940,0,0.023307762,0.136600559,0.215509423,
7941,0,0.038127051,0.137603329,0.212134572,
7942,0,0.04668192,0.158610648,0.224562752,
7943,0,0.051965039,0.188970548,0.240291372,
7944,0,0.053579775,0.217547422,0.262520693,
7945,0,0.052847485,0.252514894,0.292013584,
7946,0,0.060715487,0.288161018,0.325696637,
7947,0,0.071217698,0.320948402,0.356017401,
7948,0,0.078217243,0.34646502,0.381227206,
7949,0,0.083521951,0.365924126,0.402015053,
7950,0,0.054728271,0.283513078,0.346168676,
7951,0.01924417,0.067260483,0.309345505,0.381462851,
7952,0.123425528,0.063809834,0.326856549,0.404857283,
7953,0.239165627,0.041822342,0.323525522,0.392110754,
7954,0.332452036,0.036903222,0.296685972,0.345323438,
7955,0.387285012,0.031403741,0.249599691,0.294312738,
7956,0.420531624,0.024901588,0.203178139,0.246708952,
7957,0.395030272,0.023031841,0.180013173,0.208876316,
7958,0.357127671,0.021143596,0.157569234,0.18436024,
7959,0.270442004,0.020213275,0.14448944,0.182042236,
7960,0.107401028,0.022107435,0.146117386,0.194201495,
7961,0,0.025178851,0.161075864,0.197142031,
7962,0,0.011333808,0.110697238,0.167133173,
7963,0,0.01735735,0.140200638,0.155371641,
7964,0,0.019782802,0.162932742,0.141436754,
7965,0,0.023113966,0.183838941,0.1379267,
7966,0,0.02410031,0.175229299,0.124693076,
7967,0,0.020938526,0.151576927,0.117139212,
7968,0,0.018223452,0.129672243,0.119520644,
7969,0,0.01628708,0.120389285,0.125270124,
7970,0,0.017278347,0.117306558,0.13850637,
7971,0,0.015504415,0.10421906,0.15097221,
7972,0,0.013052332,0.089040654,0.148180237,
7973,0,0.012315682,0.0797914,0.127631567,
7974,0,0.005254894,0.040159321,0.070806014,
7975,0.018615534,0.003151405,0.028194782,0.038208665,
7976,0.179625945,0.00150703,0.011305965,0.019365114,
7977,0.349708043,0.00070886,0.007817029,0.006152052,
7978,0.425969104,0,0.004899462,0.004704078,
7979,0.418657915,0,0,0.004153443,
7980,0.341573307,0.005250497,0.002468971,0.002811857,
7981,0.254597034,0.013568211,0.003063205,0.002142764,
7982,0.185722015,0.020957782,0.00532891,0.004277134,
7983,0.114780645,0.026460277,0.009625137,0.005793052,
7984,0.031897036,0.027758019,0.017527223,0.013625715,
7985,0,0.026575655,0.022926479,0.02936737,
7986,0,0.008926032,0.00988371,0.018045604,
7987,0,0.00709239,0.015445583,0.023136964,
7988,0,0.006459879,0.017165459,0.024702192,
7989,0,0.009315308,0.024550746,0.029909424,
7990,0,0.008987917,0.029305268,0.033928178,
7991,0,0.005849143,0.031012989,0.03270401,
7992,0,0.004963646,0.036057598,0.035167394,
7993,0,0.006797845,0.043762824,0.037738777,
7994,0,0.008223952,0.044459146,0.035597986,
7995,0,0.008083966,0.046709624,0.033657168,
7996,0,0.007048329,0.048560625,0.037732229,
7997,0,0.007663068,0.0531091,0.03952421,
7998,0,0.00346369,0.044811783,0.036317717,
7999,0.017608054,0.0018045,0.032449494,0.025295776,
8000,0.192203698,0.001199345,0.017639784,0.011823311,
8001,0.366017114,0.000238847,0.007765601,0.006263934,
8002,0.477818872,0.000150634,0.003748456,0.003025358,
8003,0.545820113,0.001525111,0.000448127,0.001468558,
8004,0.57145806,0.012016513,0.000488541,4.40E-05,
8005,0.533627281,0.019401065,0.004093611,0.001442986,
8006,0.44136523,0.024962748,0.009501331,0.00244556,
8007,0.295792185,0.030577529,0.019218074,0.004247093,
8008,0.117461331,0.045180719,0.027517981,0.007905767,
8009,0,0.052053966,0.039720491,0.012212712,
8010,0,0.040106522,0.042888988,0.01594883,
8011,0,0.040478622,0.039091324,0.020190189,
8012,0,0.038262269,0.033894326,0.018910577,
8013,0,0.04266382,0.036565192,0.020029986,
8014,0,0.042489739,0.033938929,0.020154607,
8015,0,0.037232684,0.032989094,0.02281161,
8016,0,0.037702486,0.038979466,0.025611716,
8017,0,0.038377659,0.045365524,0.03031628,
8018,0,0.040651667,0.053618237,0.039725112,
8019,0,0.040993412,0.05470188,0.046203841,
8020,0,0.03708296,0.059458009,0.058570016,
8021,0,0.032468777,0.065417467,0.078516937,
8022,0,0.012280271,0.027269283,0.08283046,
8023,0.000510441,0.011546016,0.024873543,0.118175585,
8024,0.069260921,0.013304257,0.042263041,0.145143629,
8025,0.192268547,0.012887934,0.073935579,0.162876636,
8026,0.296255704,0.01274736,0.099658955,0.176884996,
8027,0.364805961,0.013521853,0.11526045,0.172068975,
8028,0.379606916,0.012641233,0.123083623,0.165496394,
8029,0.369374949,0.011900865,0.126085344,0.169608491,
8030,0.28355143,0.011473079,0.114159852,0.162870767,
8031,0.204199367,0.013055378,0.107927034,0.165408731,
8032,0.07669481,0.016037713,0.107799673,0.18423072,
8033,0,0.020484133,0.116020002,0.201018852,
8034,0,0.009514842,0.065706826,0.172781574,
8035,0,0.016340577,0.084090797,0.183859047,
8036,0,0.024663431,0.110426826,0.20504671,
8037,0,0.036450894,0.139810142,0.21618209,
8038,0,0.043182514,0.146227051,0.223342718,
8039,0,0.042361954,0.162375384,0.244435107,
8040,0,0.04279503,0.188289836,0.268062014,
8041,0,0.041805812,0.197751855,0.265469074,
8042,0,0.036927755,0.195086486,0.234110428,
8043,0,0.034779796,0.198325769,0.209353654,
8044,0,0.037359517,0.21433307,0.203174175,
8045,0,0.038692178,0.239605264,0.216268754,
8046,0,0.037931544,0.232301439,0.231755541,
8047,0.007760058,0.041398444,0.266928184,0.268114267,
8048,0.096470109,0.039521159,0.289521092,0.284268873,
8049,0.213813704,0.031087431,0.292437516,0.314530251,
8050,0.263841871,0.027117405,0.300801983,0.366795428,
8051,0.310267719,0.028908231,0.305658947,0.377466605,
8052,0.316364231,0.029126994,0.307104743,0.397505373,
8053,0.319845774,0.032795596,0.318487229,0.411349919,
8054,0.275307222,0.037332727,0.329612784,0.396142493,
8055,0.175203903,0.049082242,0.349786739,0.389010302,
8056,0.069048311,0.065991362,0.366155327,0.405219602,
8057,0,0.076826881,0.404607999,0.462499308,
8058,0,0.068309288,0.402736711,0.499945273,
8059,0,0.075683939,0.463187623,0.588145319,
8060,0,0.070327898,0.444689499,0.612793072,
8061,0,0.06517805,0.449872812,0.645469015,
8062,0,0.072975806,0.449073123,0.635064726,
8063,0,0.072867931,0.422639159,0.619238413,
8064,0,0.067689404,0.385418728,0.552375273,
8065,0,0.064343239,0.375640693,0.515934512,
8066,0,0.06145543,0.387076395,0.486575884,
8067,0,0.063659345,0.392987873,0.455789515,
8068,0,0.06866597,0.370927395,0.406227949,
8069,0,0.075707159,0.354790086,0.358195643,
8070,0,0.05142833,0.252556513,0.266291862,
8071,0,0.05295852,0.244021037,0.225456861,
8072,0.024966755,0.056200172,0.223507268,0.187795592,
8073,0.055514874,0.047850695,0.186327377,0.133098143,
8074,0.08969412,0.041751626,0.183180312,0.115191895,
8075,0.133792494,0.047662223,0.180982455,0.10392951,
8076,0.115520013,0.057492251,0.161910653,0.098210803,
8077,0.100364535,0.071042755,0.138495499,0.097644476,
8078,0.10168598,0.070413792,0.13024052,0.101801686,
8079,0.04761164,0.060346662,0.107042866,0.084379878,
8080,0.008744162,0.058961507,0.086587562,0.078957982,
8081,0,0.054729006,0.069407542,0.106188795,
8082,0,0.029529142,0.044851789,0.148541663,
8083,0,0.022846279,0.048107578,0.149218325,
8084,0,0.013907665,0.049455265,0.14124572,
8085,0,0.009360571,0.067949941,0.127566388,
8086,0,0.005652799,0.065872754,0.102305152,
8087,0,0.001900216,0.051241628,0.091653222,
8088,0,0.001203776,0.05868073,0.139698898,
8089,0,0.001375931,0.077252286,0.199153892,
8090,0,0.002204543,0.131707045,0.303307229,
8091,0,0.010811734,0.249696079,0.434679442,
8092,0,0.025660449,0.410160861,0.572787097,
8093,0,0.069477817,0.522493941,0.677141409,
8094,0,0.094197015,0.48460115,0.773826268,
8095,0,0.118161424,0.544645521,0.80597357,
8096,0.007445742,0.116681161,0.555142975,0.810232015,
8097,0.037641926,0.108137366,0.551545432,0.81369196,
8098,0.1011456,0.105329544,0.609043433,0.828020998,
8099,0.209426027,0.125304481,0.657104691,0.846709485,
8100,0.290296297,0.13667003,0.68570699,0.860001296,
8101,0.366710251,0.156793794,0.701966381,0.865670987,
8102,0.346767581,0.187130043,0.703757409,0.864461187,
8103,0.18989582,0.209679878,0.714962562,0.869253044,
8104,0.080806044,0.231230749,0.732825284,0.874798523,
8105,0,0.232693783,0.748360198,0.876077078,
8106,0,0.159049332,0.684868304,0.867989143,
8107,0,0.205496456,0.707766031,0.869138245,
8108,0,0.250804906,0.748433391,0.875742716,
8109,0,0.262401157,0.782908088,0.879625803,
8110,0,0.264725705,0.792669055,0.88061312,
8111,0,0.255555798,0.779730369,0.878989163,
8112,0,0.234375108,0.745026377,0.871169517,
8113,0,0.221738833,0.711605747,0.85700836,
8114,0,0.216006331,0.701976438,0.855565027,
8115,0,0.197063206,0.708649698,0.859024428,
8116,0,0.172525967,0.705960911,0.853971296,
8117,0,0.155079445,0.68915729,0.847075923,
8118,0,0.099526399,0.477891812,0.771450534,
8119,0.007327462,0.097387211,0.473839104,0.734136998,
8120,0.185633605,0.069835528,0.415767067,0.633294253,
8121,0.353337321,0.043415862,0.323239409,0.526536866,
8122,0.466596518,0.033546104,0.270992139,0.438602167,
8123,0.507547626,0.034692211,0.247999086,0.391599071,
8124,0.478751026,0.033293223,0.232299628,0.380874494,
8125,0.420559762,0.029501381,0.250336542,0.408977081,
8126,0.390554443,0.024616494,0.286358204,0.456519919,
8127,0.126866098,0.022502448,0.317656262,0.489303956,
8128,0.040566821,0.024146524,0.309768976,0.485087591,
8129,0,0.030087245,0.274224761,0.449399197,
8130,0,0.022826728,0.237168934,0.425039606,
8131,0,0.024508712,0.234983902,0.401897013,
8132,0,0.034692399,0.242191686,0.361836402,
8133,0,0.034860009,0.210662162,0.298712928,
8134,0,0.039251045,0.206100227,0.275113115,
8135,0,0.05226484,0.181917417,0.251042898,
8136,0,0.063424036,0.202218951,0.239496582,
8137,0,0.089742786,0.268613906,0.283185679,
8138,0,0.101237847,0.349168029,0.388349624,
8139,0,0.107136946,0.381264873,0.466667712,
8140,0,0.106044036,0.33700141,0.482679374,
8141,0,0.087481106,0.277666376,0.461073013,
8142,0,0.054432836,0.122508417,0.389586367,
8143,0,0.045501172,0.104656325,0.390248947,
8144,0.049293713,0.041356485,0.139706371,0.412144281,
8145,0.153413688,0.045534927,0.213283815,0.432174503,
8146,0.250833487,0.084952365,0.281316275,0.456643372,
8147,0.329025444,0.108292951,0.305653598,0.487801202,
8148,0.391429898,0.113185164,0.317229035,0.511673413,
8149,0.406592151,0.125555343,0.340668167,0.539404407,
8150,0.345387395,0.13204962,0.342897656,0.553429902,
8151,0.200816561,0.138914946,0.339664116,0.599965031,
8152,0.082241337,0.134654712,0.360612026,0.677716399,
8153,0,0.169118683,0.486843008,0.796322205,
8154,0,0.127379247,0.437545923,0.776585951,
8155,0,0.189483203,0.608415451,0.849560194,
8156,0,0.247652768,0.747267824,0.877915852,
8157,0,0.308431049,0.75494985,0.870523962,
8158,0,0.418712432,0.719306586,0.843810693,
8159,0,0.493946409,0.702274237,0.830767627,
8160,0,0.562953141,0.736609675,0.854084048,
8161,0,0.629058094,0.773600565,0.869273631,
8162,0,0.685698469,0.814805036,0.877078226,
8163,0,0.727430062,0.840436341,0.881683785,
8164,0,0.745471788,0.852333526,0.883945513,
8165,0,0.738777156,0.856929116,0.884959042,
8166,0,0.290682337,0.695735372,0.852402844,
8167,0.000878941,0.419152261,0.736336611,0.866916198,
8168,0.121667207,0.55927102,0.768628407,0.86645722,
8169,0.281683973,0.612585086,0.765180994,0.864234866,
8170,0.401360629,0.616931028,0.762196468,0.855194483,
8171,0.43833283,0.617338315,0.742844306,0.851922835,
8172,0.458772635,0.641849301,0.748962214,0.855195395,
8173,0.421218951,0.617170462,0.760767901,0.862731331,
8174,0.367469375,0.553482161,0.74827414,0.859011567,
8175,0.243246947,0.457854109,0.717542546,0.850902681,
8176,0.095959344,0.36963227,0.689203168,0.846128277,
8177,0,0.311237419,0.657093864,0.838066503,
8178,0,0.157215722,0.53284435,0.768497309,
8179,0,0.179441776,0.511246513,0.75845129,
8180,0,0.201416579,0.512664345,0.751832271,
8181,0,0.232205793,0.550520461,0.753267059,
8182,0,0.246777933,0.541464751,0.741562364,
8183,0,0.258080511,0.521863338,0.718143569,
8184,0,0.275325447,0.516665652,0.692371884,
8185,0,0.251870355,0.517930443,0.701846764,
8186,0,0.224518801,0.535173253,0.733025736,
8187,0,0.202974571,0.549829525,0.756458583,
8188,0,0.196213919,0.555686248,0.751153135,
8189,0,0.205398533,0.543017718,0.714874656,
8190,0,0.102453871,0.326347677,0.587084043,
8191,0.001527047,0.091473769,0.259922133,0.528839205,
8192,0.151374088,0.083173127,0.229772602,0.484443799,
8193,0.325739125,0.124789718,0.226694955,0.470679622,
8194,0.449086604,0.224571253,0.224335733,0.477451049,
8195,0.512880621,0.311510477,0.219060667,0.484639988,
8196,0.512240064,0.358867926,0.197754107,0.486994326,
8197,0.451310651,0.370596778,0.1979184,0.510617005,
8198,0.370822932,0.359486077,0.227559753,0.547417993,
8199,0.254566549,0.346387687,0.272799193,0.600131261,
8200,0.09783216,0.312107266,0.332564335,0.65805329,
8201,0,0.315961186,0.407854683,0.704956981,
8202,0,0.173868141,0.373628013,0.63056652,
8203,0,0.170047492,0.355817376,0.619813116,
8204,0,0.166797728,0.345281433,0.607718051,
8205,0,0.193281064,0.389056062,0.591759092,
8206,0,0.192655634,0.387904679,0.550864958,
8207,0,0.183992957,0.383827414,0.523392078,
8208,0,0.18097377,0.391233202,0.489359922,
8209,0,0.167208987,0.407622866,0.486593796,
8210,0,0.142381666,0.401424518,0.488244699,
8211,0,0.121465924,0.379173132,0.460526069,
8212,0,0.117764174,0.364072558,0.432254927,
8213,0,0.108031297,0.329979058,0.392244709,
8214,0,0.056798782,0.264949852,0.376226584,
8215,0.000215687,0.049889838,0.246723916,0.389715085,
8216,0.157368533,0.03971687,0.198347528,0.319866401,
8217,0.34325148,0.038487006,0.18792613,0.256432532,
8218,0.477154308,0.037732823,0.175580216,0.205852776,
8219,0.571358312,0.038074571,0.148678366,0.161784097,
8220,0.600821973,0.041226158,0.130741514,0.13512001,
8221,0.549343316,0.052579955,0.141985384,0.14062924,
8222,0.443285897,0.051573849,0.142238179,0.142403409,
8223,0.317000688,0.042753492,0.155920385,0.152926037,
8224,0.124729942,0.047445389,0.167418536,0.158057864,
8225,0,0.050788994,0.182804453,0.166505364,
8226,0,0.030472307,0.115809584,0.138386131,
8227,0,0.042592841,0.14957988,0.171357518,
8228,0,0.034213631,0.152379481,0.201762295,
8229,0,0.031463653,0.162046319,0.197075292,
8230,0,0.034241161,0.197786058,0.207511092,
8231,0,0.036253448,0.204952677,0.230745381,
8232,0,0.036041684,0.20585154,0.25208021,
8233,0,0.036117401,0.214445355,0.290092069,
8234,0,0.038664502,0.234806454,0.337960831,
8235,0,0.04113669,0.263899282,0.396048738,
8236,0,0.044723886,0.290416688,0.434317582,
8237,0,0.04248549,0.280188886,0.4279728,
8238,0,0.037000264,0.236682912,0.424097897,
8239,0,0.042810574,0.241840519,0.41450692,
8240,0.153534386,0.026399701,0.230622521,0.401859729,
8241,0.33109048,0.018989449,0.230433395,0.411201513,
8242,0.471973707,0.017063173,0.226057793,0.408427208,
8243,0.562362206,0.013839066,0.194168385,0.355381016,
8244,0.592277691,0.011881068,0.169329812,0.279142576,
8245,0.552479055,0.01123678,0.155670916,0.235401208,
8246,0.463843257,0.009977106,0.142327616,0.221047122,
8247,0.31630559,0.011576749,0.152701858,0.253023005,
8248,0.130657851,0.02098201,0.179616283,0.291575927,
8249,0,0.028249522,0.210396831,0.314222584,
8250,0,0.016617429,0.139814451,0.284806162,
8251,0,0.035079048,0.18913772,0.33726443,
8252,0,0.03923082,0.174444243,0.307860125,
8253,0,0.044913474,0.233286582,0.34578841,
8254,0,0.056293388,0.271118221,0.345167218,
8255,0,0.053037571,0.219643872,0.304403189,
8256,0,0.042629528,0.162907315,0.298578114,
8257,0,0.040162222,0.157834259,0.346409524,
8258,0,0.036735938,0.187484297,0.388871425,
8259,0,0.03766429,0.212324157,0.398884254,
8260,0,0.04821201,0.258126212,0.413635881,
8261,0,0.055792038,0.267811458,0.412337196,
8262,0,0.037799746,0.220758995,0.354530288,
8263,0,0.048564186,0.253756161,0.383840158,
8264,0.019778207,0.062843836,0.303242412,0.415758882,
8265,0.046546096,0.068577611,0.333672158,0.431613694,
8266,0.070730532,0.060317325,0.291301957,0.40502775,
8267,0.102163834,0.049283473,0.239008498,0.362680554,
8268,0.131044409,0.042500523,0.201736207,0.326191298,
8269,0.138138214,0.040606019,0.169235059,0.31286945,
8270,0.122752436,0.041160237,0.151820537,0.316538492,
8271,0.052441322,0.050680943,0.15525313,0.346747155,
8272,0.010464886,0.055854234,0.174388701,0.389677363,
8273,0,0.055805155,0.215028948,0.442771637,
8274,0,0.040751686,0.162613512,0.419832358,
8275,0,0.040735544,0.195491433,0.464524972,
8276,0,0.050200552,0.247495734,0.523205023,
8277,0,0.069884328,0.305610969,0.589317057,
8278,0,0.092858394,0.360965917,0.642990186,
8279,0,0.119268463,0.426512122,0.694165097,
8280,0,0.144820929,0.506954461,0.754990749,
8281,0,0.165834466,0.579435224,0.797646637,
8282,0,0.178802124,0.640238939,0.829635645,
8283,0,0.180563465,0.670074485,0.846706089,
8284,0,0.183131176,0.679078489,0.847153081,
8285,0,0.187679905,0.684533653,0.84389176,
8286,0,0.122379153,0.543754957,0.784443243,
8287,0,0.142586185,0.560438597,0.783839881,
8288,0.164104422,0.130316345,0.516520437,0.728898254,
8289,0.332476452,0.126174818,0.485392351,0.691427576,
8290,0.460185808,0.153727877,0.468180181,0.650876905,
8291,0.53436316,0.184233374,0.461500638,0.608298838,
8292,0.563108313,0.192313862,0.452029418,0.580304977,
8293,0.529222933,0.179327637,0.431540784,0.559427134,
8294,0.445358744,0.166663871,0.419942545,0.539760108,
8295,0.30053142,0.139700407,0.390584391,0.495946993,
8296,0.125757542,0.134624936,0.36681067,0.451453734,
8297,0,0.124370912,0.340005237,0.399161559,
8298,0,0.074595275,0.167511173,0.23458821,
8299,0,0.076321992,0.170330666,0.224581568,
8300,0,0.07331289,0.181353498,0.233680934,
8301,0,0.077772272,0.190577524,0.219005514,
8302,0,0.070357525,0.173799894,0.205188765,
8303,0,0.067962582,0.161306481,0.212983901,
8304,0,0.067993801,0.159138413,0.238527448,
8305,0,0.07113071,0.168160894,0.280082174,
8306,0,0.076869199,0.193262438,0.340693768,
8307,0,0.079560327,0.227529487,0.403848179,
8308,0,0.077519222,0.252701875,0.436363697,
8309,0,0.064724884,0.263611988,0.448552416,
8310,0,0.04054892,0.31421405,0.483096333,
8311,0,0.036464543,0.296863381,0.422812106,
8312,0.10632396,0.027386599,0.264238444,0.41198437,
8313,0.217651137,0.031343913,0.29193994,0.42379672,
8314,0.304549522,0.070664605,0.328840842,0.421659223,
8315,0.400632884,0.142304253,0.394505815,0.462918698,
8316,0.396080356,0.241248235,0.530208788,0.560016807,
8317,0.359477164,0.364397309,0.670341085,0.634448827,
8318,0.309905805,0.444366086,0.748768444,0.67831517,
8319,0.152768876,0.388324341,0.7696149,0.69346135,
8320,0.072508162,0.39341203,0.777200931,0.706518188,
8321,0,0.394074323,0.776915165,0.713925421,
8322,0,0.204161867,0.672279635,0.724951423,
8323,0,0.230346722,0.678085469,0.719006858,
8324,0,0.231406275,0.654712289,0.701896131,
8325,0,0.209029031,0.63040071,0.677806746,
8326,0,0.179460317,0.587089326,0.632310195,
8327,0,0.149863783,0.538573063,0.587985565,
8328,0,0.124433862,0.498939165,0.564563104,
8329,0,0.104164725,0.468791365,0.546123859,
8330,0,0.101380064,0.475242583,0.553074416,
8331,0,0.098655095,0.475476483,0.563707345,
8332,0,0.095262935,0.465632137,0.562830884,
8333,0,0.0882377,0.44388093,0.54046028,
8334,0,0.04875732,0.245897558,0.426744446,
8335,0,0.05332304,0.249802732,0.425502983,
8336,0.155606778,0.046533136,0.223307687,0.359326172,
8337,0.335434907,0.039907562,0.194960668,0.316022275,
8338,0.449138931,0.039964089,0.177044694,0.288219622,
8339,0.542110174,0.051353576,0.179423538,0.278322537,
8340,0.553999461,0.06305774,0.193551254,0.281803766,
8341,0.528088295,0.073715473,0.221232159,0.304144428,
8342,0.440755162,0.075861087,0.242641648,0.331380548,
8343,0.305748309,0.073765518,0.260716675,0.36642279,
8344,0.129729643,0.078890867,0.276470286,0.393194593,
8345,0,0.083433177,0.302058507,0.408534082,
8346,0,0.04972118,0.186302042,0.314476115,
8347,0,0.053965046,0.199147916,0.300549528,
8348,0,0.054380896,0.211286107,0.278740461,
8349,0,0.043519253,0.193360866,0.246120046,
8350,0,0.037507892,0.18037741,0.227776527,
8351,0,0.031617961,0.159653038,0.203659425,
8352,0,0.027860554,0.143422496,0.195274352,
8353,0,0.025005454,0.127418074,0.187533515,
8354,0,0.023286196,0.119640035,0.170285459,
8355,0,0.022622965,0.116526741,0.150104995,
8356,0,0.022287567,0.112604446,0.134505326,
8357,0,0.018776736,0.098486965,0.109050736,
8358,0,0.011434209,0.048792121,0.067129788,
8359,0,0.009648005,0.047076428,0.054041391,
8360,0.182389883,0.004496888,0.029830834,0.034854744,
8361,0.377347603,0.001447325,0.02778961,0.033528834,
8362,0.506994374,0.000626429,0.021276466,0.034615387,
8363,0.578308456,0,0.01347818,0.027943833,
8364,0.58167865,0.002145661,0.009851812,0.018706249,
8365,0.509394571,0.005917539,0.006120982,0.011869636,
8366,0.392864902,0.009565525,0.001961508,0.004056799,
8367,0.263184638,0.006386462,0.000924278,0.001761816,
8368,0.086862861,0.004721962,0.001099854,0.00192474,
8369,0,0.006709494,0.001445009,0.003212656,
8370,0,0.006660722,0.001469922,0.002664675,
8371,0,0.010251204,0.003686032,0.004311261,
8372,0,0.014174947,0.002914909,0.0041025,
8373,0,0.017080341,0.003470475,0.004614534,
8374,0,0.02237944,0.004700916,0.007195356,
8375,0,0.026263576,0.005677664,0.007680558,
8376,0,0.026140301,0.005903781,0.007931032,
8377,0,0.025950756,0.008043035,0.00930784,
8378,0,0.025406479,0.009838819,0.014256817,
8379,0,0.025626536,0.015040226,0.018189451,
8380,0,0.025713646,0.028510682,0.027642698,
8381,0,0.027441394,0.044801009,0.044873825,
8382,0,0.026859628,0.034825641,0.034707088,
8383,0,0.023296804,0.045938782,0.047666358,
8384,0.020792182,0.020462629,0.051803708,0.058244719,
8385,0.048232725,0.020137926,0.076212743,0.100238319,
8386,0.086838261,0.024573548,0.116668216,0.175021042,
8387,0.168661997,0.023714789,0.128638909,0.250043656,
8388,0.232669865,0.02328692,0.107996592,0.266482303,
8389,0.240980848,0.027982629,0.083869805,0.26267219,
8390,0.211606637,0.027342032,0.067810136,0.271783482,
8391,0.155572407,0.024054251,0.068477345,0.300563278,
8392,0.05687459,0.02841746,0.075446403,0.340853533,
8393,0,0.034819482,0.084103453,0.380022218,
8394,0,0.013473731,0.076743341,0.365469456,
8395,0,0.016387237,0.092316933,0.37202691,
8396,0,0.032701171,0.131958289,0.417628557,
8397,0,0.04227838,0.18704781,0.484234387,
8398,0,0.048658665,0.260935094,0.557919595,
8399,0,0.058004813,0.339218963,0.62293987,
8400,0,0.076393825,0.419835104,0.693373927,
8401,0,0.102566373,0.507413476,0.756775327,
8402,0,0.118017339,0.566783556,0.781785281,
8403,0,0.132695147,0.600376382,0.777163521,
8404,0,0.143570652,0.597306982,0.739219794,
8405,0,0.154930581,0.5676637,0.685109863,
8406,0,0.114520098,0.471091236,0.615221897,
8407,0,0.131546552,0.44148275,0.550425484,
8408,0.134444332,0.123607338,0.403054616,0.503569933,
8409,0.323139669,0.13340383,0.376398269,0.472569308,
8410,0.448269547,0.211555104,0.388047624,0.464589654,
8411,0.528929447,0.29903816,0.43558519,0.488965406,
8412,0.550790129,0.34983378,0.469987821,0.534392363,
8413,0.521661858,0.381308691,0.508242156,0.609948407,
8414,0.431575432,0.377871379,0.573208876,0.667596641,
8415,0.294577429,0.316737987,0.628657401,0.692042441,
8416,0.123002451,0.302220942,0.663110166,0.70857327,
8417,0,0.276029555,0.696864855,0.721061059,
8418,0,0.189776889,0.623230921,0.703123282,
8419,0,0.200182335,0.64731383,0.675739071,
8420,0,0.207714488,0.641797069,0.646987815,
8421,0,0.220288406,0.617386353,0.60483671,
8422,0,0.237743282,0.55088278,0.523827293,
8423,0,0.224321568,0.438546883,0.429863689,
8424,0,0.19475244,0.337823221,0.376453323,
8425,0,0.175642076,0.290866315,0.354436623,
8426,0,0.171673141,0.274337869,0.331566101,
8427,0,0.165863481,0.257586713,0.291920628,
8428,0,0.157056222,0.231452422,0.252014423,
8429,0,0.145132143,0.208602041,0.222151643,
8430,0,0.060948342,0.181569061,0.215317509,
8431,0,0.052820544,0.171228391,0.182801506,
8432,0.135384531,0.044453595,0.147832739,0.142956574,
8433,0.280930438,0.056565017,0.148601005,0.144060189,
8434,0.379891882,0.088866405,0.180442399,0.181870392,
8435,0.46635861,0.179838218,0.237636095,0.240104907,
8436,0.504623481,0.272189905,0.300989657,0.293321414,
8437,0.424088421,0.312048374,0.305185015,0.313959712,
8438,0.321372964,0.294546767,0.295087239,0.333042222,
8439,0.254595523,0.21612557,0.266932144,0.317751574,
8440,0.11623984,0.17771301,0.248424197,0.295053811,
8441,0,0.162370708,0.24092587,0.271226442,
8442,0,0.084456003,0.150448173,0.182901272,
8443,0,0.08574621,0.179291687,0.184470599,
8444,0,0.098432026,0.213416017,0.191138053,
8445,0,0.125881047,0.22421519,0.181205558,
8446,0,0.158015381,0.237407153,0.1942018,
8447,0,0.179933678,0.308281761,0.256739292,
8448,0,0.207252633,0.342713058,0.286771681,
8449,0,0.217824193,0.370395758,0.318952314,
8450,0,0.258542679,0.400395963,0.339434036,
8451,0,0.282595784,0.430006589,0.349259626,
8452,0,0.306861171,0.443140896,0.347484133,
8453,0,0.321567921,0.427893809,0.322787751,
8454,0,0.188484764,0.291975136,0.214273548,
8455,0,0.18757445,0.216117965,0.161780111,
8456,0.137298101,0.172398946,0.15295863,0.126246631,
8457,0.294072728,0.120723515,0.104283478,0.122118218,
8458,0.436471002,0.155015816,0.087430375,0.147211136,
8459,0.51698392,0.203705494,0.076090414,0.17492596,
8460,0.545365959,0.21361375,0.067549041,0.187071857,
8461,0.508807504,0.190727037,0.054485468,0.190238821,
8462,0.415355549,0.151273365,0.046574016,0.189398824,
8463,0.29474953,0.122807296,0.043115239,0.180474875,
8464,0.083155996,0.094562558,0.036154469,0.16168271,
8465,0,0.066209843,0.02962326,0.148852975,
8466,0,0.023354637,0.022738152,0.170325791,
8467,0,0.020181268,0.025875512,0.164049654,
8468,0,0.011078378,0.027170843,0.153795263,
8469,0,0.008376277,0.034149468,0.123512304,
8470,0,0.00767818,0.052732757,0.0980222,
8471,0,0.008385473,0.060849142,0.088565795,
8472,0,0.007786083,0.075443719,0.083288909,
8473,0,0.00911287,0.086533589,0.078727985,
8474,0,0.010776571,0.103520017,0.086329081,
8475,0,0.011087624,0.113741284,0.093109218,
8476,0,0.010238597,0.108388988,0.101061431,
8477,0,0.008147999,0.091780172,0.112084799,
8478,0,0.004643436,0.064435607,0.17009031,
8479,0,0.006290457,0.065271643,0.195645084,
8480,0.043640739,0.00633084,0.061176907,0.247173194,
8481,0.144254235,0.00393606,0.048271439,0.267242508,
8482,0.247171633,0.001631289,0.036457872,0.273124024,
8483,0.308595499,0.001952255,0.032206126,0.258494326,
8484,0.364143026,0.002164649,0.033407953,0.267092315,
8485,0.363266552,0.002538491,0.03301018,0.287300234,
8486,0.334528759,0.002406357,0.033806422,0.292802228,
8487,0.262476237,0.002468479,0.034139399,0.295871207,
8488,0.121803404,0.004855718,0.04894123,0.30493207,
8489,0,0.010145945,0.073636015,0.317582498,
8490,0,0.009885895,0.072138001,0.301488103,
8491,0,0.01385291,0.104230461,0.328640715,
8492,0,0.020041806,0.135356728,0.344726074,
8493,0,0.025600277,0.161391858,0.338602673,
8494,0,0.026939324,0.163828963,0.320482972,
8495,0,0.025065933,0.156105685,0.28831919,
8496,0,0.024557287,0.156467307,0.263130464,
8497,0,0.024821983,0.1604825,0.260498274,
8498,0,0.025736364,0.168897021,0.273609745,
8499,0,0.025728395,0.167856242,0.26514534,
8500,0,0.023751525,0.154068914,0.247928339,
8501,0,0.024297976,0.15171472,0.241308189,
8502,0,0.016466038,0.108921139,0.146276141,
8503,0,0.013470569,0.094071139,0.137643427,
8504,0.113538416,0.01373977,0.08783563,0.147247464,
8505,0.264157836,0.016003492,0.093587211,0.175327221,
8506,0.38815829,0.012271399,0.075694957,0.180370609,
8507,0.453216341,0.012265322,0.064256531,0.172034746,
8508,0.4164737,0.012160529,0.057797484,0.159991136,
8509,0.370940884,0.010077364,0.050524155,0.153737719,
8510,0.26721467,0.009240861,0.045534287,0.159214629,
8511,0.185086698,0.009331152,0.042946974,0.161735454,
8512,0.063493307,0.009191841,0.046794492,0.162866271,
8513,0,0.009351468,0.051258066,0.153616339,
8514,0,0.003165004,0.026697876,0.103856201,
8515,0,0.003063914,0.021109865,0.098477492,
8516,0,0.003760263,0.022421188,0.086165891,
8517,0,0.005315515,0.028315223,0.069224664,
8518,0,0.007399035,0.043559426,0.064381777,
8519,0,0.0095027,0.056409057,0.065917531,
8520,0,0.01251206,0.066846515,0.07270752,
8521,0,0.022022828,0.083023586,0.094808508,
8522,0,0.024854286,0.08990371,0.110628247,
8523,0,0.024492391,0.103415633,0.113205403,
8524,0,0.025539592,0.110732375,0.113054877,
8525,0,0.024700334,0.114381386,0.126713641,
8526,0,0.014304736,0.097626529,0.13373213,
8527,0,0.013822368,0.093672593,0.149474623,
8528,0.146849791,0.01610527,0.100102474,0.142124856,
8529,0.323573875,0.015123764,0.096812165,0.150070752,
8530,0.450858177,0.007609041,0.062661654,0.123791891,
8531,0.520852883,0.006957316,0.041378476,0.111118742,
8532,0.544834193,0.006848902,0.04339276,0.109858108,
8533,0.512343869,0.006444197,0.038173289,0.109968659,
8534,0.418420081,0.004414456,0.030545354,0.124366787,
8535,0.267414295,0.00614377,0.047933737,0.136707671,
8536,0.104527931,0.014203116,0.081045932,0.15061339,
8537,0,0.020320872,0.113475563,0.172822802,
8538,0,0.00796769,0.083294922,0.168438681,
8539,0,0.006784123,0.080126023,0.171147335,
8540,0,0.003671188,0.054519389,0.15307281,
8541,0,0.002399913,0.057658869,0.156814431,
8542,0,0.001532589,0.060127841,0.176065553,
8543,0,0.001252334,0.064790671,0.210414632,
8544,0,0.002110178,0.096987146,0.256346856,
8545,0,0.0049971,0.127837565,0.32161807,
8546,0,0.01587697,0.213221959,0.387821009,
8547,0,0.041508396,0.315695392,0.492120117,
8548,0,0.071309665,0.391329612,0.606787638,
8549,0,0.096398893,0.448279228,0.704498945,
8550,0,0.051058215,0.289398237,0.643412373,
8551,0,0.076662215,0.327796084,0.652199413,
8552,0.073359357,0.085405072,0.361884333,0.658615996,
8553,0.24224678,0.089997811,0.46731395,0.745174194,
8554,0.40274559,0.145692053,0.622223831,0.823568905,
8555,0.515666676,0.24954725,0.693040823,0.839437152,
8556,0.564306631,0.340045841,0.702097867,0.832288257,
8557,0.542336871,0.412967504,0.689528534,0.814700616,
8558,0.461981895,0.436859002,0.676426715,0.826103933,
8559,0.325061643,0.36693169,0.674036374,0.846026632,
8560,0.145718819,0.405761658,0.694107948,0.851026473,
8561,0,0.411838548,0.73969094,0.863006602,
8562,0,0.262828425,0.644023899,0.817415221,
8563,0,0.270921424,0.638368477,0.783226085,
8564,0,0.259331236,0.626083185,0.75221913,
8565,0,0.229766887,0.602226541,0.717578213,
8566,0,0.215776892,0.582132851,0.672698387,
8567,0,0.192018596,0.541490067,0.63555776,
8568,0,0.173940907,0.516202131,0.608382194,
8569,0,0.164583474,0.506716585,0.587345641,
8570,0,0.158370393,0.512248542,0.592484324,
8571,0,0.148447624,0.521282434,0.614197305,
8572,0,0.134295028,0.515807854,0.632688454,
8573,0,0.127969225,0.493697882,0.611352598,
8574,0,0.084778243,0.332308104,0.493361635,
8575,0,0.095644692,0.318349651,0.471068284,
8576,0.151835544,0.092408064,0.288799767,0.402810608,
8577,0.331445371,0.090457906,0.248188223,0.33334154,
8578,0.464351952,0.080194855,0.200061343,0.253755989,
8579,0.551412966,0.080157124,0.160861811,0.199421327,
8580,0.582178719,0.075122826,0.116195173,0.151519572,
8581,0.551613803,0.071312865,0.096286259,0.114470774,
8582,0.463856323,0.067750918,0.094036384,0.091222011,
8583,0.328312571,0.067875884,0.098692995,0.084433372,
8584,0.143048161,0.073136175,0.088534151,0.076527226,
8585,0,0.070439862,0.071671355,0.065092824,
8586,0,0.038887657,0.038207951,0.02904636,
8587,0,0.033988574,0.030031063,0.024784608,
8588,0,0.027888692,0.028577224,0.029778277,
8589,0,0.027550533,0.02768465,0.034412085,
8590,0,0.024966649,0.02580567,0.033638769,
8591,0,0.024933001,0.032748253,0.039529246,
8592,0,0.026074661,0.039901886,0.042412267,
8593,0,0.028903029,0.046881463,0.048464127,
8594,0,0.035436669,0.057742695,0.062609316,
8595,0,0.034854212,0.054432202,0.062785352,
8596,0,0.03314147,0.052666768,0.090264342,
8597,0,0.030369243,0.057869895,0.113345142,
8598,0,0.02379554,0.039659811,0.039761051,
8599,0,0.015441485,0.041401075,0.029877942,
8600,0.057405922,0.012655724,0.055898548,0.038450557,
8601,0.153939241,0.004500329,0.045910285,0.051009552,
8602,0.262794553,0.002638269,0.028915624,0.049189596,
8603,0.333349817,0.01505798,0.028840791,0.060516431,
8604,0.337566654,0.032708596,0.032046065,0.076149408,
8605,0.383297142,0.045882745,0.045882579,0.089937554,
8606,0.370087697,0.054527925,0.046816302,0.082563982,
8607,0.131045552,0.041277232,0.033845484,0.0626399,
8608,0.065768322,0.052093729,0.033732281,0.056762236,
8609,0,0.050551508,0.037143651,0.059068269,
8610,0,0.030217491,0.029430346,0.052734823,
8611,0,0.03174083,0.027556001,0.060466475,
8612,0,0.046265451,0.040088386,0.073832237,
8613,0,0.034068321,0.039727652,0.095501325,
8614,0,0.023954162,0.050329438,0.127245134,
8615,0,0.028603295,0.071009958,0.186175679,
8616,0,0.025899422,0.095261848,0.261648574,
8617,0,0.020517378,0.133513066,0.348744031,
8618,0,0.020969769,0.177152983,0.419330352,
8619,0,0.021829012,0.228899855,0.477410772,
8620,0,0.024324025,0.26370032,0.518331532,
8621,0,0.02734222,0.289845221,0.557569994,
8622,0,0.018832626,0.261701751,0.611465724,
8623,0,0.025335871,0.301146135,0.625482156,
8624,0.085124077,0.034053152,0.326392619,0.645544863,
8625,0.257616903,0.045652265,0.408169847,0.699163068,
8626,0.410151758,0.09212994,0.478327237,0.723974565,
8627,0.516946213,0.132245284,0.53230319,0.743579325,
8628,0.564548826,0.155886787,0.547981552,0.75540514,
8629,0.53819354,0.173592413,0.560377886,0.766387711,
8630,0.455826715,0.179759297,0.581362242,0.788908699,
8631,0.297095982,0.161234334,0.589992087,0.799510647,
8632,0.122088952,0.173473507,0.601906949,0.805507166,
8633,0,0.19445948,0.63376234,0.818630209,
8634,0,0.189721614,0.637515311,0.831933552,
8635,0,0.222684089,0.687274017,0.853236664,
8636,0,0.216738166,0.69651171,0.856164173,
8637,0,0.213847862,0.748527699,0.878414019,
8638,0,0.248540087,0.785940266,0.879107709,
8639,0,0.309239994,0.805999364,0.87998585,
8640,0,0.349275448,0.827265711,0.882863937,
8641,0,0.376025151,0.844298678,0.884423901,
8642,0,0.375409135,0.846061697,0.884775576,
8643,0,0.386955551,0.845344902,0.884525192,
8644,0,0.404218412,0.845982996,0.884299756,
8645,0,0.40170013,0.844220931,0.884014926,
8646,0,0.235795913,0.752786347,0.866989848,
8647,0,0.284763182,0.763710237,0.86814424,
8648,0.159865951,0.37488314,0.755077494,0.865245297,
8649,0.348794074,0.37469482,0.734686054,0.858894983,
8650,0.477866128,0.391177589,0.725624522,0.85082207,
8651,0.54959188,0.4718946,0.741494329,0.864145919,
8652,0.565848378,0.563627293,0.770546684,0.872217811,
8653,0.498845928,0.646068863,0.799655714,0.876259425,
8654,0.413054233,0.683571421,0.81691672,0.878568693,
8655,0.288344661,0.68451774,0.828861155,0.880799298,
8656,0.122232073,0.653466578,0.83169352,0.882410513,
8657,0,0.632305601,0.829922305,0.882656346,
8658,0,0.329679467,0.702249738,0.865989469,
8659,0,0.334619824,0.683427015,0.861690401,
8660,0,0.387603111,0.696163357,0.851294887,
8661,0,0.415201056,0.718733988,0.860624748,
8662,0,0.383313307,0.733710942,0.867821386,
8663,0,0.402751977,0.76245256,0.8703568,
8664,0,0.390504327,0.787170739,0.873167733,
8665,0,0.393394851,0.812104252,0.880067245,
8666,0,0.396151328,0.823016494,0.883145883,
8667,0,0.377644032,0.81801821,0.883239077,
8668,0,0.335387327,0.802478828,0.880989475,
8669,0,0.304595702,0.786645182,0.880421171,
8670,0,0.15260871,0.610122657,0.84591433,
8671,0,0.190740464,0.646643151,0.855806672,
8672,0.12166573,0.160422531,0.643614689,0.853797742,
8673,0.279251429,0.218834472,0.71061687,0.871770299,
8674,0.394598849,0.22761273,0.728534969,0.875344581,
8675,0.484836469,0.252915296,0.753293938,0.878974035,
8676,0.532907566,0.274025705,0.759080155,0.878507945,
8677,0.50899371,0.285838729,0.752311444,0.876212384,
8678,0.432005398,0.276029209,0.745450679,0.874796215,
8679,0.33635506,0.262685671,0.744109475,0.874760994,
8680,0.158658264,0.242940637,0.751033551,0.876489742,
8681,0,0.244096022,0.759939231,0.877449251,
8682,0,0.207442037,0.611850641,0.786763125,
8683,0,0.231487155,0.615316988,0.785739453,
8684,0,0.238986928,0.629402598,0.797883932,
8685,0,0.276159131,0.680796383,0.826663387,
8686,0,0.298078042,0.704125145,0.820296063,
8687,0,0.334710302,0.737085655,0.830861353,
8688,0,0.375504377,0.776750789,0.844686077,
8689,0,0.397221432,0.81251832,0.854844271,
8690,0,0.409118882,0.826825002,0.8560378,
8691,0,0.397177363,0.819890249,0.847845175,
8692,0,0.38069488,0.808113024,0.843548265,
8693,0,0.375709448,0.792939633,0.839946276,
8694,0,0.227998052,0.677127425,0.77248888,
8695,0,0.216094061,0.647732868,0.745284363,
8696,0.122579299,0.255483596,0.604665077,0.709025215,
8697,0.279733564,0.286880548,0.593934986,0.721060038,
8698,0.406810009,0.289440424,0.57051428,0.702796773,
8699,0.480575345,0.334202673,0.57374404,0.713756296,
8700,0.517451977,0.365387634,0.589283344,0.710685978,
8701,0.514283247,0.373817415,0.620215888,0.719781827,
8702,0.420464013,0.366271671,0.606700523,0.713327224,
8703,0.289329651,0.338094985,0.604883657,0.714757784,
8704,0.127218992,0.306024186,0.60813787,0.708811305,
8705,0,0.324940619,0.637398533,0.729153307,
8706,0,0.191635242,0.435051636,0.638457335,
8707,0,0.223388292,0.498821517,0.696685564,
8708,0,0.266347841,0.598142953,0.739522846,
8709,0,0.315102387,0.693123691,0.774357498,
8710,0,0.34746981,0.742102984,0.790360495,
8711,0,0.334686197,0.717427153,0.759277738,
8712,0,0.311218155,0.71387543,0.751845472,
8713,0,0.308919058,0.712416181,0.758651411,
8714,0,0.291187236,0.708793301,0.771368173,
8715,0,0.264425201,0.689831134,0.768979713,
8716,0,0.231033206,0.67142177,0.768607103,
8717,0,0.198610753,0.64578985,0.754705572,
8718,0,0.113917502,0.460831702,0.682559422,
8719,0,0.113082103,0.439193537,0.648132996,
8720,0.143876521,0.086475419,0.349032551,0.487745143,
8721,0.336276414,0.062889533,0.301854502,0.426710193,
8722,0.481858973,0.048788433,0.238871548,0.393713447,
8723,0.563297167,0.04257761,0.203244563,0.343402077,
8724,0.594189642,0.038489725,0.180855597,0.311582734,
8725,0.559529495,0.03705991,0.173461829,0.308056601,
8726,0.470619793,0.033435982,0.17060571,0.290099472,
8727,0.3418743,0.031360008,0.181412941,0.283008233,
8728,0.153181361,0.030298628,0.182540958,0.286596025,
8729,0,0.030996691,0.178281973,0.287810354,
8730,0,0.01035273,0.085952446,0.18063444,
8731,0,0.013105035,0.097610402,0.176423933,
8732,0,0.014799515,0.102131753,0.193335727,
8733,0,0.016666439,0.106529757,0.196305788,
8734,0,0.016438048,0.122815571,0.199196898,
8735,0,0.014477055,0.11728481,0.210088195,
8736,0,0.014613639,0.110054527,0.221651211,
8737,0,0.013579163,0.108484366,0.222056132,
8738,0,0.016771992,0.119987978,0.233813294,
8739,0,0.016714768,0.122483922,0.232175964,
8740,0,0.018904466,0.13985913,0.250485899,
8741,0,0.019889815,0.14856674,0.245233253,
8742,0,0.019448377,0.126117026,0.26453417,
8743,0,0.02072005,0.136637668,0.249636687,
8744,0.167147807,0.016857808,0.131651312,0.22488502,
8745,0.368808357,0.009251022,0.119788814,0.216492714,
8746,0.507451613,0.007990335,0.107808881,0.213106261,
8747,0.587794773,0.009055905,0.114437389,0.221185703,
8748,0.613178208,0.012076111,0.124277775,0.218843017,
8749,0.5583991,0.015724808,0.139595382,0.235089285,
8750,0.443492852,0.01707293,0.145522167,0.255302885,
8751,0.276756664,0.021136576,0.162453002,0.281680292,
8752,0.12436074,0.050518263,0.197361563,0.297928501,
8753,0,0.07707865,0.249929506,0.318201778,
8754,0,0.061320796,0.183468417,0.291599551,
8755,0,0.069927347,0.191366206,0.288474414,
8756,0,0.068296796,0.213016031,0.288795961,
8757,0,0.064374924,0.229248755,0.29575791,
8758,0,0.070843872,0.218346403,0.267036685,
8759,0,0.072027403,0.222380325,0.270639648,
8760,0,0.126705674,0.29777345,0.387081724,
