bus,name,region,base_kv,volt_class,type,area,area_name,zone,vm_pu,va_deg,vmax_pu,vmin_pu,in_service,lat,lon
40000,대구T1_154,대구광역시,154,154kV,PQ,5,영남,3,1.0,0.0,1.05,0.95,1,35.86923,128.56874
70000,대구T1_D23,대구광역시,22.9,22.9kV,PQ,5,영남,3,1.0,0.0,1.05,0.95,1,35.86923,128.56874
40001,순천T1_154,전라남도,154,154kV,PQ,4,호남,14,1.0,0.0,1.05,0.95,1,34.94504,127.42611
70001,순천T1_D23,전라남도,22.9,22.9kV,PQ,4,호남,14,1.0,0.0,1.05,0.95,1,34.94504,127.42611
40002,화양_154,서울특별시,154,154kV,PQ,1,수도권,1,1.0,0.0,1.05,0.95,1,37.56677,127.08445
70002,화양_D23,서울특별시,22.9,22.9kV,PQ,1,수도권,1,1.0,0.0,1.05,0.95,1,37.56677,127.08445
40003,구의_154,서울특별시,154,154kV,PQ,1,수도권,1,1.0,0.0,1.05,0.95,1,37.53586,127.0957
70003,구의_D23,서울특별시,22.9,22.9kV,PQ,1,수도권,1,1.0,0.0,1.05,0.95,1,37.53586,127.0957
40004,논현_154,서울특별시,154,154kV,PQ,1,수도권,1,1.0,0.0,1.05,0.95,1,37.51962,127.03414
70004,논현_D23,서울특별시,22.9,22.9kV,PQ,1,수도권,1,1.0,0.0,1.05,0.95,1,37.51962,127.03414
40005,논일_154,서울특별시,154,154kV,PQ,1,수도권,1,1.0,0.0,1.05,0.95,1,37.51168,127.02258
70005,논일_D23,서울특별시,22.9,22.9kV,PQ,1,수도권,1,1.0,0.0,1.05,0.95,1,37.51168,127.02258
40006,역삼_154,서울특별시,154,154kV,PQ,1,수도권,1,1.0,0.0,1.05,0.95,1,37.50015,127.03627
70006,역삼_D23,서울특별시,22.9,22.9kV,PQ,1,수도권,1,1.0,0.0,1.05,0.95,1,37.50015,127.03627
40007,선릉_154,서울특별시,154,154kV,PQ,1,수도권,1,1.0,0.0,1.05,0.95,1,37.51144,127.0582
70007,선릉_D23,서울특별시,22.9,22.9kV,PQ,1,수도권,1,1.0,0.0,1.05,0.95,1,37.51144,127.0582
40008,양지_154,서울특별시,154,154kV,PQ,1,수도권,1,1.0,0.0,1.05,0.95,1,37.48532,127.02735
70008,양지_D23,서울특별시,22.9,22.9kV,PQ,1,수도권,1,1.0,0.0,1.05,0.95,1,37.48532,127.02735
40009,서초_154,서울특별시,154,154kV,PQ,1,수도권,1,1.0,0.0,1.05,0.95,1,37.49416,127.01246
70009,서초_D23,서울특별시,22.9,22.9kV,PQ,1,수도권,1,1.0,0.0,1.05,0.95,1,37.49416,127.01246
40010,도곡_154,경기도,154,154kV,PQ,1,수도권,9,1.0,0.0,1.05,0.95,1,37.48831,127.0541
70010,도곡_D23,경기도,22.9,22.9kV,PQ,1,수도권,9,1.0,0.0,1.05,0.95,1,37.48831,127.0541
40011,교대_154,서울특별시,154,154kV,PQ,1,수도권,1,1.0,0.0,1.05,0.95,1,37.48582,127.01237
70011,교대_D23,서울특별시,22.9,22.9kV,PQ,1,수도권,1,1.0,0.0,1.05,0.95,1,37.48582,127.01237
40012,대치_154,서울특별시,154,154kV,PQ,1,수도권,1,1.0,0.0,1.05,0.95,1,37.50605,127.05637
70012,대치_D23,서울특별시,22.9,22.9kV,PQ,1,수도권,1,1.0,0.0,1.05,0.95,1,37.50605,127.05637
40013,가락_154,경기도,154,154kV,PQ,1,수도권,9,1.0,0.0,1.05,0.95,1,37.49478,127.11846
70013,가락_D23,경기도,22.9,22.9kV,PQ,1,수도권,9,1.0,0.0,1.05,0.95,1,37.49478,127.11846
40014,천호_154,경기도,154,154kV,PQ,1,수도권,9,1.0,0.0,1.05,0.95,1,37.54679,127.13381
70014,천호_D23,경기도,22.9,22.9kV,PQ,1,수도권,9,1.0,0.0,1.05,0.95,1,37.54679,127.13381
40015,풍납_154,경기도,154,154kV,PQ,1,수도권,9,1.0,0.0,1.05,0.95,1,37.52674,127.11249
70015,풍납_D23,경기도,22.9,22.9kV,PQ,1,수도권,9,1.0,0.0,1.05,0.95,1,37.52674,127.11249
40016,독산_154,서울특별시,154,154kV,PQ,1,수도권,1,1.0,0.0,1.05,0.95,1,37.47257,126.898
70016,독산_D23,서울특별시,22.9,22.9kV,PQ,1,수도권,1,1.0,0.0,1.05,0.95,1,37.47257,126.898
40017,봉천_154,서울특별시,154,154kV,PQ,1,수도권,1,1.0,0.0,1.05,0.95,1,37.48198,126.95154
70017,봉천_D23,서울특별시,22.9,22.9kV,PQ,1,수도권,1,1.0,0.0,1.05,0.95,1,37.48198,126.95154
40018,대림_154,서울특별시,154,154kV,PQ,1,수도권,1,1.0,0.0,1.05,0.95,1,37.50068,126.90906
70018,대림_D23,서울특별시,22.9,22.9kV,PQ,1,수도권,1,1.0,0.0,1.05,0.95,1,37.50068,126.90906
40019,마곡_154,인천광역시,154,154kV,PQ,1,수도권,4,1.0,0.0,1.05,0.95,1,37.55633,126.82129
70019,마곡_D23,인천광역시,22.9,22.9kV,PQ,1,수도권,4,1.0,0.0,1.05,0.95,1,37.55633,126.82129
40020,등촌_154,서울특별시,154,154kV,PQ,1,수도권,1,1.0,0.0,1.05,0.95,1,37.55143,126.86506
70020,등촌_D23,서울특별시,22.9,22.9kV,PQ,1,수도권,1,1.0,0.0,1.05,0.95,1,37.55143,126.86506
40021,순화_154,서울특별시,154,154kV,PQ,1,수도권,1,1.0,0.0,1.05,0.95,1,37.56081,126.9713
70021,순화_D23,서울특별시,22.9,22.9kV,PQ,1,수도권,1,1.0,0.0,1.05,0.95,1,37.56081,126.9713
40022,녹번_154,서울특별시,154,154kV,PQ,1,수도권,1,1.0,0.0,1.05,0.95,1,37.60386,126.9231
70022,녹번_D23,서울특별시,22.9,22.9kV,PQ,1,수도권,1,1.0,0.0,1.05,0.95,1,37.60386,126.9231
20000,신양재_345,서울특별시,345,345kV,PQ,1,수도권,1,1.0,0.0,1.05,0.95,1,37.48522,127.02756
40023,신양재_154,서울특별시,154,154kV,PQ,1,수도권,1,1.0,0.0,1.05,0.95,1,37.48522,127.02756
60000,신양재_T23,서울특별시,23,23kV,PQ,1,수도권,1,1.0,0.0,1.05,0.95,1,37.48522,127.02756
40024,노들_154,서울특별시,154,154kV,PQ,1,수도권,1,1.0,0.0,1.05,0.95,1,37.51563,126.92143
70023,노들_D23,서울특별시,22.9,22.9kV,PQ,1,수도권,1,1.0,0.0,1.05,0.95,1,37.51563,126.92143
40025,영오_154,서울특별시,154,154kV,PQ,1,수도권,1,1.0,0.0,1.05,0.95,1,37.52196,126.90603
70024,영오_D23,서울특별시,22.9,22.9kV,PQ,1,수도권,1,1.0,0.0,1.05,0.95,1,37.52196,126.90603
40026,여의_154,서울특별시,154,154kV,PQ,1,수도권,1,1.0,0.0,1.05,0.95,1,37.52776,126.93026
70025,여의_D23,서울특별시,22.9,22.9kV,PQ,1,수도권,1,1.0,0.0,1.05,0.95,1,37.52776,126.93026
40027,마포_154,서울특별시,154,154kV,PQ,1,수도권,1,1.0,0.0,1.05,0.95,1,37.54203,126.94657
70026,마포_D23,서울특별시,22.9,22.9kV,PQ,1,수도권,1,1.0,0.0,1.05,0.95,1,37.54203,126.94657
40028,상봉_154,서울특별시,154,154kV,PQ,1,수도권,1,1.0,0.0,1.05,0.95,1,37.5928,127.08046
70027,상봉_D23,서울특별시,22.9,22.9kV,PQ,1,수도권,1,1.0,0.0,1.05,0.95,1,37.5928,127.08046
40029,중계_154,경기도,154,154kV,PQ,1,수도권,9,1.0,0.0,1.05,0.95,1,37.64673,127.08231
70028,중계_D23,경기도,22.9,22.9kV,PQ,1,수도권,9,1.0,0.0,1.05,0.95,1,37.64673,127.08231
40030,석촌_154,경기도,154,154kV,PQ,1,수도권,9,1.0,0.0,1.05,0.95,1,37.51375,127.10456
70029,석촌_D23,경기도,22.9,22.9kV,PQ,1,수도권,9,1.0,0.0,1.05,0.95,1,37.51375,127.10456
40031,신당_154,서울특별시,154,154kV,PQ,1,수도권,1,1.0,0.0,1.05,0.95,1,37.56683,127.01635
70030,신당_D23,서울특별시,22.9,22.9kV,PQ,1,수도권,1,1.0,0.0,1.05,0.95,1,37.56683,127.01635
40032,방산_154,서울특별시,154,154kV,PQ,1,수도권,1,1.0,0.0,1.05,0.95,1,37.56574,126.99905
70031,방산_D23,서울특별시,22.9,22.9kV,PQ,1,수도권,1,1.0,0.0,1.05,0.95,1,37.56574,126.99905
40033,서대문_154,서울특별시,154,154kV,PQ,1,수도권,1,1.0,0.0,1.05,0.95,1,37.56426,126.9683
70032,서대문_D23,서울특별시,22.9,22.9kV,PQ,1,수도권,1,1.0,0.0,1.05,0.95,1,37.56426,126.9683
40034,용두_154,서울특별시,154,154kV,PQ,1,수도권,1,1.0,0.0,1.05,0.95,1,37.5757,127.0392
70033,용두_D23,서울특별시,22.9,22.9kV,PQ,1,수도권,1,1.0,0.0,1.05,0.95,1,37.5757,127.0392
40035,돈암_154,서울특별시,154,154kV,PQ,1,수도권,1,1.0,0.0,1.05,0.95,1,37.59088,127.01078
70034,돈암_D23,서울특별시,22.9,22.9kV,PQ,1,수도권,1,1.0,0.0,1.05,0.95,1,37.59088,127.01078
40036,이수_154,서울특별시,154,154kV,PQ,1,수도권,1,1.0,0.0,1.05,0.95,1,37.49907,126.99108
70035,이수_D23,서울특별시,22.9,22.9kV,PQ,1,수도권,1,1.0,0.0,1.05,0.95,1,37.49907,126.99108
40037,중앙_154,서울특별시,154,154kV,PQ,1,수도권,1,1.0,0.0,1.05,0.95,1,37.56536,126.98283
70036,중앙_D23,서울특별시,22.9,22.9kV,PQ,1,수도권,1,1.0,0.0,1.05,0.95,1,37.56536,126.98283
40038,운니_154,서울특별시,154,154kV,PQ,1,수도권,1,1.0,0.0,1.05,0.95,1,37.57758,126.98901
70037,운니_D23,서울특별시,22.9,22.9kV,PQ,1,수도권,1,1.0,0.0,1.05,0.95,1,37.57758,126.98901
40039,원남_154,서울특별시,154,154kV,PQ,1,수도권,1,1.0,0.0,1.05,0.95,1,37.58002,126.99746
70038,원남_D23,서울특별시,22.9,22.9kV,PQ,1,수도권,1,1.0,0.0,1.05,0.95,1,37.58002,126.99746
40040,방학_154,경기도,154,154kV,PQ,1,수도권,9,1.0,0.0,1.05,0.95,1,37.6828,127.04647
70039,방학_D23,경기도,22.9,22.9kV,PQ,1,수도권,9,1.0,0.0,1.05,0.95,1,37.6828,127.04647
40041,연대_154,서울특별시,154,154kV,PQ,1,수도권,1,1.0,0.0,1.05,0.95,1,37.56251,126.93246
70040,연대_D23,서울특별시,22.9,22.9kV,PQ,1,수도권,1,1.0,0.0,1.05,0.95,1,37.56251,126.93246
40042,강남_154,서울특별시,154,154kV,PQ,1,수도권,1,1.0,0.0,1.05,0.95,1,37.51172,127.065
70041,강남_D23,서울특별시,22.9,22.9kV,PQ,1,수도권,1,1.0,0.0,1.05,0.95,1,37.51172,127.065
40043,중동_154,인천광역시,154,154kV,PQ,1,수도권,4,1.0,0.0,1.05,0.95,1,37.52339,126.76359
70042,중동_D23,인천광역시,22.9,22.9kV,PQ,1,수도권,4,1.0,0.0,1.05,0.95,1,37.52339,126.76359
40044,공평_154,대구광역시,154,154kV,PQ,5,영남,3,1.0,0.0,1.05,0.95,1,35.88638,128.61218
70043,공평_D23,대구광역시,22.9,22.9kV,PQ,5,영남,3,1.0,0.0,1.05,0.95,1,35.88638,128.61218
40045,전주_154,전북특별자치도,154,154kV,PQ,4,호남,13,1.0,0.0,1.05,0.95,1,35.8656,127.07092
70044,전주_D23,전북특별자치도,22.9,22.9kV,PQ,4,호남,13,1.0,0.0,1.05,0.95,1,35.8656,127.07092
40046,동대전_154,대전광역시,154,154kV,PQ,3,충청,6,1.0,0.0,1.05,0.95,1,36.32353,127.43919
70045,동대전_D23,대전광역시,22.9,22.9kV,PQ,3,충청,6,1.0,0.0,1.05,0.95,1,36.32353,127.43919
40047,거창_154,경상남도,154,154kV,PQ,5,영남,16,1.0,0.0,1.05,0.95,1,35.6656,127.91344
70046,거창_D23,경상남도,22.9,22.9kV,PQ,5,영남,16,1.0,0.0,1.05,0.95,1,35.6656,127.91344
40048,내당_154,대구광역시,154,154kV,PQ,5,영남,3,1.0,0.0,1.05,0.95,1,35.86927,128.56855
70047,내당_D23,대구광역시,22.9,22.9kV,PQ,5,영남,3,1.0,0.0,1.05,0.95,1,35.86927,128.56855
20001,북부산_345,부산광역시,345,345kV,PQ,5,영남,2,1.0,0.0,1.05,0.95,1,35.2361,129.02471
40049,북부산_154,부산광역시,154,154kV,PQ,5,영남,2,1.0,0.0,1.05,0.95,1,35.2361,129.02471
60001,북부산_T23,부산광역시,23,23kV,PQ,5,영남,2,1.0,0.0,1.05,0.95,1,35.2361,129.02471
20002,청양_345,충청남도,345,345kV,PQ,3,충청,12,1.0,0.0,1.05,0.95,1,36.46669,126.78829
40050,청양_154,충청남도,154,154kV,PQ,3,충청,12,1.0,0.0,1.05,0.95,1,36.46669,126.78829
60002,청양_T23,충청남도,23,23kV,PQ,3,충청,12,1.0,0.0,1.05,0.95,1,36.46669,126.78829
40051,탕정_154,충청남도,154,154kV,PQ,3,충청,12,1.0,0.0,1.05,0.95,1,36.82719,127.06023
70048,탕정_D23,충청남도,22.9,22.9kV,PQ,3,충청,12,1.0,0.0,1.05,0.95,1,36.82719,127.06023
40052,한남_154,서울특별시,154,154kV,PQ,1,수도권,1,1.0,0.0,1.05,0.95,1,37.53523,126.99983
70049,한남_D23,서울특별시,22.9,22.9kV,PQ,1,수도권,1,1.0,0.0,1.05,0.95,1,37.53523,126.99983
40053,서천안_154,충청남도,154,154kV,PQ,3,충청,12,1.0,0.0,1.05,0.95,1,36.85957,127.11678
70050,서천안_D23,충청남도,22.9,22.9kV,PQ,3,충청,12,1.0,0.0,1.05,0.95,1,36.85957,127.11678
40054,천안_154,충청남도,154,154kV,PQ,3,충청,12,1.0,0.0,1.05,0.95,1,36.79197,127.1663
70051,천안_D23,충청남도,22.9,22.9kV,PQ,3,충청,12,1.0,0.0,1.05,0.95,1,36.79197,127.1663
40055,성거_154,충청남도,154,154kV,PQ,3,충청,12,1.0,0.0,1.05,0.95,1,36.88416,127.2095
70052,성거_D23,충청남도,22.9,22.9kV,PQ,3,충청,12,1.0,0.0,1.05,0.95,1,36.88416,127.2095
40056,원정_154,충청남도,154,154kV,PQ,3,충청,12,1.0,0.0,1.05,0.95,1,36.99158,126.83897
70053,원정_D23,충청남도,22.9,22.9kV,PQ,3,충청,12,1.0,0.0,1.05,0.95,1,36.99158,126.83897
20003,신포항_345,경상북도,345,345kV,PQ,5,영남,15,1.0,0.0,1.05,0.95,1,35.93933,129.40734
40057,신포항_154,경상북도,154,154kV,PQ,5,영남,15,1.0,0.0,1.05,0.95,1,35.93933,129.40734
60003,신포항_T23,경상북도,23,23kV,PQ,5,영남,15,1.0,0.0,1.05,0.95,1,35.93933,129.40734
20004,울주_345,울산광역시,345,345kV,PQ,5,영남,7,1.0,0.0,1.05,0.95,1,35.67774,129.21238
40058,울주_154,울산광역시,154,154kV,PQ,5,영남,7,1.0,0.0,1.05,0.95,1,35.67774,129.21238
60004,울주_T23,울산광역시,23,23kV,PQ,5,영남,7,1.0,0.0,1.05,0.95,1,35.67774,129.21238
40059,울산_154,울산광역시,154,154kV,PQ,5,영남,7,1.0,0.0,1.05,0.95,1,35.51552,129.34115
70054,울산_D23,울산광역시,22.9,22.9kV,PQ,5,영남,7,1.0,0.0,1.05,0.95,1,35.51552,129.34115
20005,신울산_345,울산광역시,345,345kV,PQ,5,영남,7,1.0,0.0,1.05,0.95,1,35.49447,129.2985
40060,신울산_154,울산광역시,154,154kV,PQ,5,영남,7,1.0,0.0,1.05,0.95,1,35.49447,129.2985
60005,신울산_T23,울산광역시,23,23kV,PQ,5,영남,7,1.0,0.0,1.05,0.95,1,35.49447,129.2985
20006,신온산_345,울산광역시,345,345kV,PQ,5,영남,7,1.0,0.0,1.05,0.95,1,35.43586,129.32929
40061,신온산_154,울산광역시,154,154kV,PQ,5,영남,7,1.0,0.0,1.05,0.95,1,35.43586,129.32929
60006,신온산_T23,울산광역시,23,23kV,PQ,5,영남,7,1.0,0.0,1.05,0.95,1,35.43586,129.32929
20007,정읍T1_345,전북특별자치도,345,345kV,PQ,4,호남,13,1.0,0.0,1.05,0.95,1,35.40738,126.41281
40062,정읍T1_154,전북특별자치도,154,154kV,PQ,4,호남,13,1.0,0.0,1.05,0.95,1,35.40738,126.41281
60007,정읍T1_T23,전북특별자치도,23,23kV,PQ,4,호남,13,1.0,0.0,1.05,0.95,1,35.40738,126.41281
20008,정읍T2_345,전북특별자치도,345,345kV,PQ,4,호남,13,1.0,0.0,1.05,0.95,1,35.41005,126.41804
40063,정읍T2_154,전북특별자치도,154,154kV,PQ,4,호남,13,1.0,0.0,1.05,0.95,1,35.41005,126.41804
60008,정읍T2_T23,전북특별자치도,23,23kV,PQ,4,호남,13,1.0,0.0,1.05,0.95,1,35.41005,126.41804
20009,울진T1_345,경상북도,345,345kV,PQ,5,영남,15,1.0,0.0,1.05,0.95,1,37.08997,129.38137
40064,울진T1_154,경상북도,154,154kV,PQ,5,영남,15,1.0,0.0,1.05,0.95,1,37.08997,129.38137
60009,울진T1_T23,경상북도,23,23kV,PQ,5,영남,15,1.0,0.0,1.05,0.95,1,37.08997,129.38137
40065,유성_154,대전광역시,154,154kV,PQ,3,충청,6,1.0,0.0,1.05,0.95,1,36.3796,127.31552
70055,유성_D23,대전광역시,22.9,22.9kV,PQ,3,충청,6,1.0,0.0,1.05,0.95,1,36.3796,127.31552
20010,신옥천_345,대전광역시,345,345kV,PQ,3,충청,6,1.0,0.0,1.05,0.95,1,36.29434,127.53269
40066,신옥천_154,대전광역시,154,154kV,PQ,3,충청,6,1.0,0.0,1.05,0.95,1,36.29434,127.53269
60010,신옥천_T23,대전광역시,23,23kV,PQ,3,충청,6,1.0,0.0,1.05,0.95,1,36.29434,127.53269
40067,양양_154,강원특별자치도,154,154kV,PQ,2,강원,10,1.0,0.0,1.05,0.95,1,38.05041,128.65047
70056,양양_D23,강원특별자치도,22.9,22.9kV,PQ,2,강원,10,1.0,0.0,1.05,0.95,1,38.05041,128.65047
40068,흥덕_154,경기도,154,154kV,PQ,1,수도권,9,1.0,0.0,1.05,0.95,1,37.27455,127.08674
70057,흥덕_D23,경기도,22.9,22.9kV,PQ,1,수도권,9,1.0,0.0,1.05,0.95,1,37.27455,127.08674
40069,신갈_154,경기도,154,154kV,PQ,1,수도권,9,1.0,0.0,1.05,0.95,1,37.26935,127.08465
70058,신갈_D23,경기도,22.9,22.9kV,PQ,1,수도권,9,1.0,0.0,1.05,0.95,1,37.26935,127.08465
40070,인주_154,충청남도,154,154kV,PQ,3,충청,12,1.0,0.0,1.05,0.95,1,36.84671,126.87893
70059,인주_D23,충청남도,22.9,22.9kV,PQ,3,충청,12,1.0,0.0,1.05,0.95,1,36.84671,126.87893
40071,속초_154,강원특별자치도,154,154kV,PQ,2,강원,10,1.0,0.0,1.05,0.95,1,38.1851,128.56091
70060,속초_D23,강원특별자치도,22.9,22.9kV,PQ,2,강원,10,1.0,0.0,1.05,0.95,1,38.1851,128.56091
20011,신용인_345,경기도,345,345kV,PQ,1,수도권,9,1.0,0.0,1.05,0.95,1,37.24257,127.14629
40072,신용인_154,경기도,154,154kV,PQ,1,수도권,9,1.0,0.0,1.05,0.95,1,37.24257,127.14629
60011,신용인_T23,경기도,23,23kV,PQ,1,수도권,9,1.0,0.0,1.05,0.95,1,37.24257,127.14629
10000,신안성_765,경기도,765,765kV,PQ,1,수도권,9,1.0,0.0,1.05,0.95,1,37.09783,127.28128
20012,신안성_345,경기도,345,345kV,PQ,1,수도권,9,1.0,0.0,1.05,0.95,1,37.09783,127.28128
60012,신안성_T23,경기도,23,23kV,PQ,1,수도권,9,1.0,0.0,1.05,0.95,1,37.09783,127.28128
40073,오창_154,충청북도,154,154kV,PQ,3,충청,11,1.0,0.0,1.05,0.95,1,36.71677,127.4141
70061,오창_D23,충청북도,22.9,22.9kV,PQ,3,충청,11,1.0,0.0,1.05,0.95,1,36.71677,127.4141
40074,계양1_154,경기도,154,154kV,PQ,1,수도권,9,1.0,0.0,1.05,0.95,1,37.57106,126.73883
70062,계양1_D23,경기도,22.9,22.9kV,PQ,1,수도권,9,1.0,0.0,1.05,0.95,1,37.57106,126.73883
40075,임학_154,인천광역시,154,154kV,PQ,1,수도권,4,1.0,0.0,1.05,0.95,1,37.5456,126.74477
70063,임학_D23,인천광역시,22.9,22.9kV,PQ,1,수도권,4,1.0,0.0,1.05,0.95,1,37.5456,126.74477
40076,동천안_154,충청북도,154,154kV,PQ,3,충청,11,1.0,0.0,1.05,0.95,1,36.76947,127.3299
70064,동천안_D23,충청북도,22.9,22.9kV,PQ,3,충청,11,1.0,0.0,1.05,0.95,1,36.76947,127.3299
40077,봉덕_154,대구광역시,154,154kV,PQ,5,영남,3,1.0,0.0,1.05,0.95,1,35.83676,128.59488
70065,봉덕_D23,대구광역시,22.9,22.9kV,PQ,5,영남,3,1.0,0.0,1.05,0.95,1,35.83676,128.59488
40078,노포_154,경상남도,154,154kV,PQ,5,영남,16,1.0,0.0,1.05,0.95,1,35.28361,129.10316
70066,노포_D23,경상남도,22.9,22.9kV,PQ,5,영남,16,1.0,0.0,1.05,0.95,1,35.28361,129.10316
40079,산지_154,제주특별자치도,154,154kV,PQ,6,제주,17,1.0,0.0,1.05,0.95,1,33.51603,126.53136
70067,산지_D23,제주특별자치도,22.9,22.9kV,PQ,6,제주,17,1.0,0.0,1.05,0.95,1,33.51603,126.53136
40080,한라_154,제주특별자치도,154,154kV,PQ,6,제주,17,1.0,0.0,1.05,0.95,1,33.27611,126.63875
70068,한라_D23,제주특별자치도,22.9,22.9kV,PQ,6,제주,17,1.0,0.0,1.05,0.95,1,33.27611,126.63875
40081,노량진_154,서울특별시,154,154kV,PQ,1,수도권,1,1.0,0.0,1.05,0.95,1,37.51387,126.946
70069,노량진_D23,서울특별시,22.9,22.9kV,PQ,1,수도권,1,1.0,0.0,1.05,0.95,1,37.51387,126.946
40082,조천_154,제주특별자치도,154,154kV,PQ,6,제주,17,1.0,0.0,1.05,0.95,1,33.53244,126.67595
70070,조천_D23,제주특별자치도,22.9,22.9kV,PQ,6,제주,17,1.0,0.0,1.05,0.95,1,33.53244,126.67595
40083,신제주_154,제주특별자치도,154,154kV,PQ,6,제주,17,1.0,0.0,1.05,0.95,1,33.47399,126.48769
70071,신제주_D23,제주특별자치도,22.9,22.9kV,PQ,6,제주,17,1.0,0.0,1.05,0.95,1,33.47399,126.48769
40084,대구T2_154,대구광역시,154,154kV,PQ,5,영남,3,1.0,0.0,1.05,0.95,1,35.83991,128.63491
70072,대구T2_D23,대구광역시,22.9,22.9kV,PQ,5,영남,3,1.0,0.0,1.05,0.95,1,35.83991,128.63491
40085,범물_154,대구광역시,154,154kV,PQ,5,영남,3,1.0,0.0,1.05,0.95,1,35.82017,128.64969
70073,범물_D23,대구광역시,22.9,22.9kV,PQ,5,영남,3,1.0,0.0,1.05,0.95,1,35.82017,128.64969
40086,보광_154,서울특별시,154,154kV,PQ,1,수도권,1,1.0,0.0,1.05,0.95,1,37.52401,126.99567
70074,보광_D23,서울특별시,22.9,22.9kV,PQ,1,수도권,1,1.0,0.0,1.05,0.95,1,37.52401,126.99567
40087,과천_154,경기도,154,154kV,PQ,1,수도권,9,1.0,0.0,1.05,0.95,1,37.42606,127.00271
70075,과천_D23,경기도,22.9,22.9kV,PQ,1,수도권,9,1.0,0.0,1.05,0.95,1,37.42606,127.00271
20013,신성남_345,경기도,345,345kV,PQ,1,수도권,9,1.0,0.0,1.05,0.95,1,37.38267,127.05277
40088,신성남_154,경기도,154,154kV,PQ,1,수도권,9,1.0,0.0,1.05,0.95,1,37.38267,127.05277
60013,신성남_T23,경기도,23,23kV,PQ,1,수도권,9,1.0,0.0,1.05,0.95,1,37.38267,127.05277
20014,신계룡_345,대전광역시,345,345kV,PQ,3,충청,6,1.0,0.0,1.05,0.95,1,36.24647,127.27593
40089,신계룡_154,대전광역시,154,154kV,PQ,3,충청,6,1.0,0.0,1.05,0.95,1,36.24647,127.27593
60014,신계룡_T23,대전광역시,23,23kV,PQ,3,충청,6,1.0,0.0,1.05,0.95,1,36.24647,127.27593
20015,신광명_345,인천광역시,345,345kV,PQ,1,수도권,4,1.0,0.0,1.05,0.95,1,37.45848,126.84856
40090,신광명_154,인천광역시,154,154kV,PQ,1,수도권,4,1.0,0.0,1.05,0.95,1,37.45848,126.84856
60015,신광명_T23,인천광역시,23,23kV,PQ,1,수도권,4,1.0,0.0,1.05,0.95,1,37.45848,126.84856
20016,신수원_345,경기도,345,345kV,PQ,1,수도권,9,1.0,0.0,1.05,0.95,1,37.22161,127.07756
40091,신수원_154,경기도,154,154kV,PQ,1,수도권,9,1.0,0.0,1.05,0.95,1,37.22161,127.07756
60016,신수원_T23,경기도,23,23kV,PQ,1,수도권,9,1.0,0.0,1.05,0.95,1,37.22161,127.07756
40092,함열_154,전북특별자치도,154,154kV,PQ,4,호남,13,1.0,0.0,1.05,0.95,1,36.0612,126.9763
70076,함열_D23,전북특별자치도,22.9,22.9kV,PQ,4,호남,13,1.0,0.0,1.05,0.95,1,36.0612,126.9763
40093,관창_154,충청남도,154,154kV,PQ,3,충청,12,1.0,0.0,1.05,0.95,1,36.38182,126.58184
70077,관창_D23,충청남도,22.9,22.9kV,PQ,3,충청,12,1.0,0.0,1.05,0.95,1,36.38182,126.58184
20017,전주T1_345,전북특별자치도,345,345kV,PQ,4,호남,13,1.0,0.0,1.05,0.95,1,35.84414,127.04618
40094,전주T1_154,전북특별자치도,154,154kV,PQ,4,호남,13,1.0,0.0,1.05,0.95,1,35.84414,127.04618
60017,전주T1_T23,전북특별자치도,23,23kV,PQ,4,호남,13,1.0,0.0,1.05,0.95,1,35.84414,127.04618
40095,이리_154,전북특별자치도,154,154kV,PQ,4,호남,13,1.0,0.0,1.05,0.95,1,35.94292,126.93381
70078,이리_D23,전북특별자치도,22.9,22.9kV,PQ,4,호남,13,1.0,0.0,1.05,0.95,1,35.94292,126.93381
20018,군산_345,전북특별자치도,345,345kV,PQ,4,호남,13,1.0,0.0,1.05,0.95,1,35.96816,126.85711
40096,군산_154,전북특별자치도,154,154kV,PQ,4,호남,13,1.0,0.0,1.05,0.95,1,35.96816,126.85711
60018,군산_T23,전북특별자치도,23,23kV,PQ,4,호남,13,1.0,0.0,1.05,0.95,1,35.96816,126.85711
20019,대구_345,대구광역시,345,345kV,PQ,5,영남,3,1.0,0.0,1.05,0.95,1,35.73322,128.69006
40097,대구_154,대구광역시,154,154kV,PQ,5,영남,3,1.0,0.0,1.05,0.95,1,35.73322,128.69006
60019,대구_T23,대구광역시,23,23kV,PQ,5,영남,3,1.0,0.0,1.05,0.95,1,35.73322,128.69006
20020,신경산_345,대구광역시,345,345kV,PQ,5,영남,3,1.0,0.0,1.05,0.95,1,35.87204,128.83479
40098,신경산_154,대구광역시,154,154kV,PQ,5,영남,3,1.0,0.0,1.05,0.95,1,35.87204,128.83479
60020,신경산_T23,대구광역시,23,23kV,PQ,5,영남,3,1.0,0.0,1.05,0.95,1,35.87204,128.83479
20021,고령_345,대구광역시,345,345kV,PQ,5,영남,3,1.0,0.0,1.05,0.95,1,35.73368,128.40517
40099,고령_154,대구광역시,154,154kV,PQ,5,영남,3,1.0,0.0,1.05,0.95,1,35.73368,128.40517
60021,고령_T23,대구광역시,23,23kV,PQ,5,영남,3,1.0,0.0,1.05,0.95,1,35.73368,128.40517
20022,울산T1_345,울산광역시,345,345kV,PQ,5,영남,7,1.0,0.0,1.05,0.95,1,35.71998,129.47874
40100,울산T1_154,울산광역시,154,154kV,PQ,5,영남,7,1.0,0.0,1.05,0.95,1,35.71998,129.47874
60022,울산T1_T23,울산광역시,23,23kV,PQ,5,영남,7,1.0,0.0,1.05,0.95,1,35.71998,129.47874
20023,서대구_345,경상북도,345,345kV,PQ,5,영남,15,1.0,0.0,1.05,0.95,1,35.97082,128.40617
40101,서대구_154,경상북도,154,154kV,PQ,5,영남,15,1.0,0.0,1.05,0.95,1,35.97082,128.40617
60023,서대구_T23,경상북도,23,23kV,PQ,5,영남,15,1.0,0.0,1.05,0.95,1,35.97082,128.40617
20024,안성_345,경기도,345,345kV,PQ,1,수도권,9,1.0,0.0,1.05,0.95,1,37.02074,127.24489
40102,안성_154,경기도,154,154kV,PQ,1,수도권,9,1.0,0.0,1.05,0.95,1,37.02074,127.24489
60024,안성_T23,경기도,23,23kV,PQ,1,수도권,9,1.0,0.0,1.05,0.95,1,37.02074,127.24489
40103,영천_154,경상북도,154,154kV,PQ,5,영남,15,1.0,0.0,1.05,0.95,1,35.98743,128.96319
70079,영천_D23,경상북도,22.9,22.9kV,PQ,5,영남,15,1.0,0.0,1.05,0.95,1,35.98743,128.96319
40104,진천_154,충청북도,154,154kV,PQ,3,충청,11,1.0,0.0,1.05,0.95,1,36.88045,127.4459
70080,진천_D23,충청북도,22.9,22.9kV,PQ,3,충청,11,1.0,0.0,1.05,0.95,1,36.88045,127.4459
20025,청원_345,충청북도,345,345kV,PQ,3,충청,11,1.0,0.0,1.05,0.95,1,36.55358,127.46079
40105,청원_154,충청북도,154,154kV,PQ,3,충청,11,1.0,0.0,1.05,0.95,1,36.55358,127.46079
60025,청원_T23,충청북도,23,23kV,PQ,3,충청,11,1.0,0.0,1.05,0.95,1,36.55358,127.46079
20026,신광주_345,광주광역시,345,345kV,PQ,4,호남,5,1.0,0.0,1.05,0.95,1,35.20856,126.9342
40106,신광주_154,광주광역시,154,154kV,PQ,4,호남,5,1.0,0.0,1.05,0.95,1,35.20856,126.9342
60026,신광주_T23,광주광역시,23,23kV,PQ,4,호남,5,1.0,0.0,1.05,0.95,1,35.20856,126.9342
20027,신남원_345,전북특별자치도,345,345kV,PQ,4,호남,13,1.0,0.0,1.05,0.95,1,35.4516,127.46573
40107,신남원_154,전북특별자치도,154,154kV,PQ,4,호남,13,1.0,0.0,1.05,0.95,1,35.4516,127.46573
60027,신남원_T23,전북특별자치도,23,23kV,PQ,4,호남,13,1.0,0.0,1.05,0.95,1,35.4516,127.46573
20028,전주T2_345,전북특별자치도,345,345kV,PQ,4,호남,13,1.0,0.0,1.05,0.95,1,35.82687,127.04913
40108,전주T2_154,전북특별자치도,154,154kV,PQ,4,호남,13,1.0,0.0,1.05,0.95,1,35.82687,127.04913
60028,전주T2_T23,전북특별자치도,23,23kV,PQ,4,호남,13,1.0,0.0,1.05,0.95,1,35.82687,127.04913
20029,신김제_345,전북특별자치도,345,345kV,PQ,4,호남,13,1.0,0.0,1.05,0.95,1,35.75774,127.00603
40109,신김제_154,전북특별자치도,154,154kV,PQ,4,호남,13,1.0,0.0,1.05,0.95,1,35.75774,127.00603
60029,신김제_T23,전북특별자치도,23,23kV,PQ,4,호남,13,1.0,0.0,1.05,0.95,1,35.75774,127.00603
20030,의령_345,경상남도,345,345kV,PQ,5,영남,16,1.0,0.0,1.05,0.95,1,35.34132,128.12923
40110,의령_154,경상남도,154,154kV,PQ,5,영남,16,1.0,0.0,1.05,0.95,1,35.34132,128.12923
60030,의령_T23,경상남도,23,23kV,PQ,5,영남,16,1.0,0.0,1.05,0.95,1,35.34132,128.12923
20031,신마산_345,경상남도,345,345kV,PQ,5,영남,16,1.0,0.0,1.05,0.95,1,35.28762,128.52528
40111,신마산_154,경상남도,154,154kV,PQ,5,영남,16,1.0,0.0,1.05,0.95,1,35.28762,128.52528
60031,신마산_T23,경상남도,23,23kV,PQ,5,영남,16,1.0,0.0,1.05,0.95,1,35.28762,128.52528
20032,신양산_345,부산광역시,345,345kV,PQ,5,영남,2,1.0,0.0,1.05,0.95,1,35.24053,129.1792
40112,신양산_154,부산광역시,154,154kV,PQ,5,영남,2,1.0,0.0,1.05,0.95,1,35.24053,129.1792
60032,신양산_T23,부산광역시,23,23kV,PQ,5,영남,2,1.0,0.0,1.05,0.95,1,35.24053,129.1792
20033,광양_345,전라남도,345,345kV,PQ,4,호남,14,1.0,0.0,1.05,0.95,1,34.9701,127.62275
40113,광양_154,전라남도,154,154kV,PQ,4,호남,14,1.0,0.0,1.05,0.95,1,34.9701,127.62275
60033,광양_T23,전라남도,23,23kV,PQ,4,호남,14,1.0,0.0,1.05,0.95,1,34.9701,127.62275
40114,순천_154,전라남도,154,154kV,PQ,4,호남,14,1.0,0.0,1.05,0.95,1,34.95032,127.51344
70081,순천_D23,전라남도,22.9,22.9kV,PQ,4,호남,14,1.0,0.0,1.05,0.95,1,34.95032,127.51344
40115,공주_154,충청남도,154,154kV,PQ,3,충청,12,1.0,0.0,1.05,0.95,1,36.48151,127.16072
70082,공주_D23,충청남도,22.9,22.9kV,PQ,3,충청,12,1.0,0.0,1.05,0.95,1,36.48151,127.16072
40116,마천_154,경상남도,154,154kV,PQ,5,영남,16,1.0,0.0,1.05,0.95,1,35.119,128.78269
70083,마천_D23,경상남도,22.9,22.9kV,PQ,5,영남,16,1.0,0.0,1.05,0.95,1,35.119,128.78269
40117,장유_154,경상남도,154,154kV,PQ,5,영남,16,1.0,0.0,1.05,0.95,1,35.20643,128.79742
70084,장유_D23,경상남도,22.9,22.9kV,PQ,5,영남,16,1.0,0.0,1.05,0.95,1,35.20643,128.79742
40118,용인_154,경기도,154,154kV,PQ,1,수도권,9,1.0,0.0,1.05,0.95,1,37.22513,127.20832
70085,용인_D23,경기도,22.9,22.9kV,PQ,1,수도권,9,1.0,0.0,1.05,0.95,1,37.22513,127.20832
20034,서서울_345,경기도,345,345kV,PQ,1,수도권,9,1.0,0.0,1.05,0.95,1,37.31021,126.91656
40119,서서울_154,경기도,154,154kV,PQ,1,수도권,9,1.0,0.0,1.05,0.95,1,37.31021,126.91656
60034,서서울_T23,경기도,23,23kV,PQ,1,수도권,9,1.0,0.0,1.05,0.95,1,37.31021,126.91656
20035,화성_345,경기도,345,345kV,PQ,1,수도권,9,1.0,0.0,1.05,0.95,1,37.13923,126.88816
40120,화성_154,경기도,154,154kV,PQ,1,수도권,9,1.0,0.0,1.05,0.95,1,37.13923,126.88816
60035,화성_T23,경기도,23,23kV,PQ,1,수도권,9,1.0,0.0,1.05,0.95,1,37.13923,126.88816
20036,신온양_345,충청남도,345,345kV,PQ,3,충청,12,1.0,0.0,1.05,0.95,1,36.87905,127.00743
40121,신온양_154,충청남도,154,154kV,PQ,3,충청,12,1.0,0.0,1.05,0.95,1,36.87905,127.00743
60036,신온양_T23,충청남도,23,23kV,PQ,3,충청,12,1.0,0.0,1.05,0.95,1,36.87905,127.00743
20037,신시흥_345,경기도,345,345kV,PQ,1,수도권,9,1.0,0.0,1.05,0.95,1,37.36199,126.76185
40122,신시흥_154,경기도,154,154kV,PQ,1,수도권,9,1.0,0.0,1.05,0.95,1,37.36199,126.76185
60037,신시흥_T23,경기도,23,23kV,PQ,1,수도권,9,1.0,0.0,1.05,0.95,1,37.36199,126.76185
20038,신진천_345,충청북도,345,345kV,PQ,3,충청,11,1.0,0.0,1.05,0.95,1,36.8216,127.38833
40123,신진천_154,충청북도,154,154kV,PQ,3,충청,11,1.0,0.0,1.05,0.95,1,36.8216,127.38833
60038,신진천_T23,충청북도,23,23kV,PQ,3,충청,11,1.0,0.0,1.05,0.95,1,36.8216,127.38833
20039,서창_345,경상남도,345,345kV,PQ,5,영남,16,1.0,0.0,1.05,0.95,1,35.4066,129.17602
40124,서창_154,경상남도,154,154kV,PQ,5,영남,16,1.0,0.0,1.05,0.95,1,35.4066,129.17602
60039,서창_T23,경상남도,23,23kV,PQ,5,영남,16,1.0,0.0,1.05,0.95,1,35.4066,129.17602
20040,아산_345,충청남도,345,345kV,PQ,3,충청,12,1.0,0.0,1.05,0.95,1,36.79108,126.9243
40125,아산_154,충청남도,154,154kV,PQ,3,충청,12,1.0,0.0,1.05,0.95,1,36.79108,126.9243
60040,아산_T23,충청남도,23,23kV,PQ,3,충청,12,1.0,0.0,1.05,0.95,1,36.79108,126.9243
40126,청주T1_154,충청북도,154,154kV,PQ,3,충청,11,1.0,0.0,1.05,0.95,1,36.58301,127.36998
70086,청주T1_D23,충청북도,22.9,22.9kV,PQ,3,충청,11,1.0,0.0,1.05,0.95,1,36.58301,127.36998
40127,온양_154,충청남도,154,154kV,PQ,3,충청,12,1.0,0.0,1.05,0.95,1,36.76544,127.04049
70087,온양_D23,충청남도,22.9,22.9kV,PQ,3,충청,12,1.0,0.0,1.05,0.95,1,36.76544,127.04049
10001,신서산_765,충청남도,765,765kV,PQ,3,충청,12,1.0,0.0,1.05,0.95,1,36.77134,126.63875
20041,신서산_345,충청남도,345,345kV,PQ,3,충청,12,1.0,0.0,1.05,0.95,1,36.77134,126.63875
60041,신서산_T23,충청남도,23,23kV,PQ,3,충청,12,1.0,0.0,1.05,0.95,1,36.77134,126.63875
40128,성현_154,경기도,154,154kV,PQ,1,수도권,9,1.0,0.0,1.05,0.95,1,37.42636,127.16279
70088,성현_D23,경기도,22.9,22.9kV,PQ,1,수도권,9,1.0,0.0,1.05,0.95,1,37.42636,127.16279
20042,동서울_345,경기도,345,345kV,PQ,1,수도권,9,1.0,0.0,1.05,0.95,1,37.51112,127.16763
40129,동서울_154,경기도,154,154kV,PQ,1,수도권,9,1.0,0.0,1.05,0.95,1,37.51112,127.16763
60042,동서울_T23,경기도,23,23kV,PQ,1,수도권,9,1.0,0.0,1.05,0.95,1,37.51112,127.16763
20043,미금_345,경기도,345,345kV,PQ,1,수도권,9,1.0,0.0,1.05,0.95,1,37.59622,127.18302
40130,미금_154,경기도,154,154kV,PQ,1,수도권,9,1.0,0.0,1.05,0.95,1,37.59622,127.18302
60043,미금_T23,경기도,23,23kV,PQ,1,수도권,9,1.0,0.0,1.05,0.95,1,37.59622,127.18302
20044,양주_345,경기도,345,345kV,PQ,1,수도권,9,1.0,0.0,1.05,0.95,1,37.68421,126.92021
40131,양주_154,경기도,154,154kV,PQ,1,수도권,9,1.0,0.0,1.05,0.95,1,37.68421,126.92021
60044,양주_T23,경기도,23,23kV,PQ,1,수도권,9,1.0,0.0,1.05,0.95,1,37.68421,126.92021
20045,신영주_345,경상북도,345,345kV,PQ,5,영남,15,1.0,0.0,1.05,0.95,1,36.77534,128.56553
40132,신영주_154,경상북도,154,154kV,PQ,5,영남,15,1.0,0.0,1.05,0.95,1,36.77534,128.56553
60045,신영주_T23,경상북도,23,23kV,PQ,5,영남,15,1.0,0.0,1.05,0.95,1,36.77534,128.56553
10002,신태백_765,강원특별자치도,765,765kV,PQ,2,강원,10,1.0,0.0,1.05,0.95,1,37.25617,128.96152
20046,신태백_345,강원특별자치도,345,345kV,PQ,2,강원,10,1.0,0.0,1.05,0.95,1,37.25617,128.96152
60046,신태백_T23,강원특별자치도,23,23kV,PQ,2,강원,10,1.0,0.0,1.05,0.95,1,37.25617,128.96152
40133,두마_154,대전광역시,154,154kV,PQ,3,충청,6,1.0,0.0,1.05,0.95,1,36.29864,127.23114
70089,두마_D23,대전광역시,22.9,22.9kV,PQ,3,충청,6,1.0,0.0,1.05,0.95,1,36.29864,127.23114
40134,은진_154,전북특별자치도,154,154kV,PQ,4,호남,13,1.0,0.0,1.05,0.95,1,36.1777,127.11026
70090,은진_D23,전북특별자치도,22.9,22.9kV,PQ,4,호남,13,1.0,0.0,1.05,0.95,1,36.1777,127.11026
40135,국사_154,충청북도,154,154kV,PQ,3,충청,11,1.0,0.0,1.05,0.95,1,36.68113,127.3977
70091,국사_D23,충청북도,22.9,22.9kV,PQ,3,충청,11,1.0,0.0,1.05,0.95,1,36.68113,127.3977
40136,동두천_154,경기도,154,154kV,PQ,1,수도권,9,1.0,0.0,1.05,0.95,1,37.88308,127.05746
70092,동두천_D23,경기도,22.9,22.9kV,PQ,1,수도권,9,1.0,0.0,1.05,0.95,1,37.88308,127.05746
40137,덕계_154,경기도,154,154kV,PQ,1,수도권,9,1.0,0.0,1.05,0.95,1,37.82885,127.05143
70093,덕계_D23,경기도,22.9,22.9kV,PQ,1,수도권,9,1.0,0.0,1.05,0.95,1,37.82885,127.05143
40138,녹양_154,경기도,154,154kV,PQ,1,수도권,9,1.0,0.0,1.05,0.95,1,37.75641,127.01807
70094,녹양_D23,경기도,22.9,22.9kV,PQ,1,수도권,9,1.0,0.0,1.05,0.95,1,37.75641,127.01807
10003,신가평_765,경기도,765,765kV,PQ,1,수도권,9,1.0,0.0,1.05,0.95,1,37.61654,127.5031
20047,신가평_345,경기도,345,345kV,PQ,1,수도권,9,1.0,0.0,1.05,0.95,1,37.61654,127.5031
60047,신가평_T23,경기도,23,23kV,PQ,1,수도권,9,1.0,0.0,1.05,0.95,1,37.61654,127.5031
40139,영일_154,경상북도,154,154kV,PQ,5,영남,15,1.0,0.0,1.05,0.95,1,35.95841,129.36629
70095,영일_D23,경상북도,22.9,22.9kV,PQ,5,영남,15,1.0,0.0,1.05,0.95,1,35.95841,129.36629
20048,신화순_345,전라남도,345,345kV,PQ,4,호남,14,1.0,0.0,1.05,0.95,1,34.96462,126.9308
40140,신화순_154,전라남도,154,154kV,PQ,4,호남,14,1.0,0.0,1.05,0.95,1,34.96462,126.9308
60048,신화순_T23,전라남도,23,23kV,PQ,4,호남,14,1.0,0.0,1.05,0.95,1,34.96462,126.9308
40141,운천_154,경기도,154,154kV,PQ,1,수도권,9,1.0,0.0,1.05,0.95,1,38.05558,127.27394
70096,운천_D23,경기도,22.9,22.9kV,PQ,1,수도권,9,1.0,0.0,1.05,0.95,1,38.05558,127.27394
40142,하양_154,대구광역시,154,154kV,PQ,5,영남,3,1.0,0.0,1.05,0.95,1,35.91804,128.79285
70097,하양_D23,대구광역시,22.9,22.9kV,PQ,5,영남,3,1.0,0.0,1.05,0.95,1,35.91804,128.79285
40143,대송_154,경상북도,154,154kV,PQ,5,영남,15,1.0,0.0,1.05,0.95,1,35.94854,129.37589
70098,대송_D23,경상북도,22.9,22.9kV,PQ,5,영남,15,1.0,0.0,1.05,0.95,1,35.94854,129.37589
40144,천북_154,경상북도,154,154kV,PQ,5,영남,15,1.0,0.0,1.05,0.95,1,35.91451,129.24415
70099,천북_D23,경상북도,22.9,22.9kV,PQ,5,영남,15,1.0,0.0,1.05,0.95,1,35.91451,129.24415
40145,철원_154,경기도,154,154kV,PQ,1,수도권,9,1.0,0.0,1.05,0.95,1,38.17997,127.3319
70100,철원_D23,경기도,22.9,22.9kV,PQ,1,수도권,9,1.0,0.0,1.05,0.95,1,38.17997,127.3319
20049,신양양_345,강원특별자치도,345,345kV,PQ,2,강원,10,1.0,0.0,1.05,0.95,1,38.01549,128.55153
40146,신양양_154,강원특별자치도,154,154kV,PQ,2,강원,10,1.0,0.0,1.05,0.95,1,38.01549,128.55153
60049,신양양_T23,강원특별자치도,23,23kV,PQ,2,강원,10,1.0,0.0,1.05,0.95,1,38.01549,128.55153
20050,동해_345,강원특별자치도,345,345kV,PQ,2,강원,10,1.0,0.0,1.05,0.95,1,37.51034,129.09957
40147,동해_154,강원특별자치도,154,154kV,PQ,2,강원,10,1.0,0.0,1.05,0.95,1,37.51034,129.09957
60050,동해_T23,강원특별자치도,23,23kV,PQ,2,강원,10,1.0,0.0,1.05,0.95,1,37.51034,129.09957
20051,신제천_345,충청북도,345,345kV,PQ,3,충청,11,1.0,0.0,1.05,0.95,1,37.17758,128.23254
40148,신제천_154,충청북도,154,154kV,PQ,3,충청,11,1.0,0.0,1.05,0.95,1,37.17758,128.23254
60051,신제천_T23,충청북도,23,23kV,PQ,3,충청,11,1.0,0.0,1.05,0.95,1,37.17758,128.23254
40149,강동_154,경기도,154,154kV,PQ,1,수도권,9,1.0,0.0,1.05,0.95,1,37.53686,127.15093
70101,강동_D23,경기도,22.9,22.9kV,PQ,1,수도권,9,1.0,0.0,1.05,0.95,1,37.53686,127.15093
40150,남양주T1_154,경기도,154,154kV,PQ,1,수도권,9,1.0,0.0,1.05,0.95,1,37.59218,127.21929
70102,남양주T1_D23,경기도,22.9,22.9kV,PQ,1,수도권,9,1.0,0.0,1.05,0.95,1,37.59218,127.21929
20052,곤지암_345,경기도,345,345kV,PQ,1,수도권,9,1.0,0.0,1.05,0.95,1,37.37142,127.33669
40151,곤지암_154,경기도,154,154kV,PQ,1,수도권,9,1.0,0.0,1.05,0.95,1,37.37142,127.33669
60052,곤지암_T23,경기도,23,23kV,PQ,1,수도권,9,1.0,0.0,1.05,0.95,1,37.37142,127.33669
40152,도봉_154,경기도,154,154kV,PQ,1,수도권,9,1.0,0.0,1.05,0.95,1,37.69718,127.05506
70103,도봉_D23,경기도,22.9,22.9kV,PQ,1,수도권,9,1.0,0.0,1.05,0.95,1,37.69718,127.05506
20053,신파주_345,경기도,345,345kV,PQ,1,수도권,9,1.0,0.0,1.05,0.95,1,37.73987,126.77118
40153,신파주_154,경기도,154,154kV,PQ,1,수도권,9,1.0,0.0,1.05,0.95,1,37.73987,126.77118
60053,신파주_T23,경기도,23,23kV,PQ,1,수도권,9,1.0,0.0,1.05,0.95,1,37.73987,126.77118
20054,신덕은_345,경기도,345,345kV,PQ,1,수도권,9,1.0,0.0,1.05,0.95,1,37.80535,126.76757
40154,신덕은_154,경기도,154,154kV,PQ,1,수도권,9,1.0,0.0,1.05,0.95,1,37.80535,126.76757
60054,신덕은_T23,경기도,23,23kV,PQ,1,수도권,9,1.0,0.0,1.05,0.95,1,37.80535,126.76757
40155,백석_154,경기도,154,154kV,PQ,1,수도권,9,1.0,0.0,1.05,0.95,1,37.80971,126.99724
70104,백석_D23,경기도,22.9,22.9kV,PQ,1,수도권,9,1.0,0.0,1.05,0.95,1,37.80971,126.99724
40156,금촌_154,경기도,154,154kV,PQ,1,수도권,9,1.0,0.0,1.05,0.95,1,37.76638,126.81412
70105,금촌_D23,경기도,22.9,22.9kV,PQ,1,수도권,9,1.0,0.0,1.05,0.95,1,37.76638,126.81412
40157,서수원_154,경기도,154,154kV,PQ,1,수도권,9,1.0,0.0,1.05,0.95,1,37.29203,126.96307
70106,서수원_D23,경기도,22.9,22.9kV,PQ,1,수도권,9,1.0,0.0,1.05,0.95,1,37.29203,126.96307
40158,인천T1_154,인천광역시,154,154kV,PQ,1,수도권,4,1.0,0.0,1.05,0.95,1,37.41095,126.72549
70107,인천T1_D23,인천광역시,22.9,22.9kV,PQ,1,수도권,4,1.0,0.0,1.05,0.95,1,37.41095,126.72549
40159,안산T1_154,경기도,154,154kV,PQ,1,수도권,9,1.0,0.0,1.05,0.95,1,37.44492,126.88714
70108,안산T1_D23,경기도,22.9,22.9kV,PQ,1,수도권,9,1.0,0.0,1.05,0.95,1,37.44492,126.88714
40160,덕진_154,대전광역시,154,154kV,PQ,3,충청,6,1.0,0.0,1.05,0.95,1,36.42141,127.38034
70109,덕진_D23,대전광역시,22.9,22.9kV,PQ,3,충청,6,1.0,0.0,1.05,0.95,1,36.42141,127.38034
40161,용운_154,대전광역시,154,154kV,PQ,3,충청,6,1.0,0.0,1.05,0.95,1,36.34264,127.45863
70110,용운_D23,대전광역시,22.9,22.9kV,PQ,3,충청,6,1.0,0.0,1.05,0.95,1,36.34264,127.45863
40162,대덕_154,대전광역시,154,154kV,PQ,3,충청,6,1.0,0.0,1.05,0.95,1,36.37991,127.37797
70111,대덕_D23,대전광역시,22.9,22.9kV,PQ,3,충청,6,1.0,0.0,1.05,0.95,1,36.37991,127.37797
40163,죽림_154,충청북도,154,154kV,PQ,3,충청,11,1.0,0.0,1.05,0.95,1,36.60663,127.4432
70112,죽림_D23,충청북도,22.9,22.9kV,PQ,3,충청,11,1.0,0.0,1.05,0.95,1,36.60663,127.4432
40164,창녕_154,경상남도,154,154kV,PQ,5,영남,16,1.0,0.0,1.05,0.95,1,35.4448,128.53159
70113,창녕_D23,경상남도,22.9,22.9kV,PQ,5,영남,16,1.0,0.0,1.05,0.95,1,35.4448,128.53159
40165,강창_154,대구광역시,154,154kV,PQ,5,영남,3,1.0,0.0,1.05,0.95,1,35.8449,128.47341
70114,강창_D23,대구광역시,22.9,22.9kV,PQ,5,영남,3,1.0,0.0,1.05,0.95,1,35.8449,128.47341
40166,칠서_154,경상남도,154,154kV,PQ,5,영남,16,1.0,0.0,1.05,0.95,1,35.35799,128.48865
70115,칠서_D23,경상남도,22.9,22.9kV,PQ,5,영남,16,1.0,0.0,1.05,0.95,1,35.35799,128.48865
40167,다산_154,대구광역시,154,154kV,PQ,5,영남,3,1.0,0.0,1.05,0.95,1,35.78575,128.39067
70116,다산_D23,대구광역시,22.9,22.9kV,PQ,5,영남,3,1.0,0.0,1.05,0.95,1,35.78575,128.39067
40168,유가_154,대구광역시,154,154kV,PQ,5,영남,3,1.0,0.0,1.05,0.95,1,35.65746,128.45519
70117,유가_D23,대구광역시,22.9,22.9kV,PQ,5,영남,3,1.0,0.0,1.05,0.95,1,35.65746,128.45519
40169,밀양T1_154,경상남도,154,154kV,PQ,5,영남,16,1.0,0.0,1.05,0.95,1,35.56542,128.501
70118,밀양T1_D23,경상남도,22.9,22.9kV,PQ,5,영남,16,1.0,0.0,1.05,0.95,1,35.56542,128.501
40170,논공_154,대구광역시,154,154kV,PQ,5,영남,3,1.0,0.0,1.05,0.95,1,35.72921,128.46352
70119,논공_D23,대구광역시,22.9,22.9kV,PQ,5,영남,3,1.0,0.0,1.05,0.95,1,35.72921,128.46352
40171,달성_154,대구광역시,154,154kV,PQ,5,영남,3,1.0,0.0,1.05,0.95,1,35.81015,128.51051
70120,달성_D23,대구광역시,22.9,22.9kV,PQ,5,영남,3,1.0,0.0,1.05,0.95,1,35.81015,128.51051
20055,신포천_345,경기도,345,345kV,PQ,1,수도권,9,1.0,0.0,1.05,0.95,1,37.95093,127.16185
40172,신포천_154,경기도,154,154kV,PQ,1,수도권,9,1.0,0.0,1.05,0.95,1,37.95093,127.16185
60055,신포천_T23,경기도,23,23kV,PQ,1,수도권,9,1.0,0.0,1.05,0.95,1,37.95093,127.16185
40173,마석_154,경기도,154,154kV,PQ,1,수도권,9,1.0,0.0,1.05,0.95,1,37.65693,127.34655
70121,마석_D23,경기도,22.9,22.9kV,PQ,1,수도권,9,1.0,0.0,1.05,0.95,1,37.65693,127.34655
40174,원창_154,인천광역시,154,154kV,PQ,1,수도권,4,1.0,0.0,1.05,0.95,1,37.51991,126.64997
70122,원창_D23,인천광역시,22.9,22.9kV,PQ,1,수도권,4,1.0,0.0,1.05,0.95,1,37.51991,126.64997
40175,부산T1_154,부산광역시,154,154kV,PQ,5,영남,2,1.0,0.0,1.05,0.95,1,35.17576,129.05863
70123,부산T1_D23,부산광역시,22.9,22.9kV,PQ,5,영남,2,1.0,0.0,1.05,0.95,1,35.17576,129.05863
40176,양산T1_154,경상남도,154,154kV,PQ,5,영남,16,1.0,0.0,1.05,0.95,1,35.33137,128.97198
70124,양산T1_D23,경상남도,22.9,22.9kV,PQ,5,영남,16,1.0,0.0,1.05,0.95,1,35.33137,128.97198
40177,양산_154,경상남도,154,154kV,PQ,5,영남,16,1.0,0.0,1.05,0.95,1,35.36126,129.03656
70125,양산_D23,경상남도,22.9,22.9kV,PQ,5,영남,16,1.0,0.0,1.05,0.95,1,35.36126,129.03656
40178,미남_154,부산광역시,154,154kV,PQ,5,영남,2,1.0,0.0,1.05,0.95,1,35.19483,129.05348
70126,미남_D23,부산광역시,22.9,22.9kV,PQ,5,영남,2,1.0,0.0,1.05,0.95,1,35.19483,129.05348
40179,기장_154,부산광역시,154,154kV,PQ,5,영남,2,1.0,0.0,1.05,0.95,1,35.24891,129.20831
70127,기장_D23,부산광역시,22.9,22.9kV,PQ,5,영남,2,1.0,0.0,1.05,0.95,1,35.24891,129.20831
40180,남광주_154,광주광역시,154,154kV,PQ,4,호남,5,1.0,0.0,1.05,0.95,1,35.11524,126.90066
70128,남광주_D23,광주광역시,22.9,22.9kV,PQ,4,호남,5,1.0,0.0,1.05,0.95,1,35.11524,126.90066
20056,서울T1_345,서울특별시,345,345kV,PQ,1,수도권,1,1.0,0.0,1.05,0.95,1,37.59549,126.89684
40181,서울T1_154,서울특별시,154,154kV,PQ,1,수도권,1,1.0,0.0,1.05,0.95,1,37.59549,126.89684
60056,서울T1_T23,서울특별시,23,23kV,PQ,1,수도권,1,1.0,0.0,1.05,0.95,1,37.59549,126.89684
40182,칠곡_154,경상북도,154,154kV,PQ,5,영남,15,1.0,0.0,1.05,0.95,1,35.97095,128.42215
70129,칠곡_D23,경상북도,22.9,22.9kV,PQ,5,영남,15,1.0,0.0,1.05,0.95,1,35.97095,128.42215
40183,영광_154,전라남도,154,154kV,PQ,4,호남,14,1.0,0.0,1.05,0.95,1,35.28185,126.48103
70130,영광_D23,전라남도,22.9,22.9kV,PQ,4,호남,14,1.0,0.0,1.05,0.95,1,35.28185,126.48103
40184,용연_154,울산광역시,154,154kV,PQ,5,영남,7,1.0,0.0,1.05,0.95,1,35.48234,129.35976
70131,용연_D23,울산광역시,22.9,22.9kV,PQ,5,영남,7,1.0,0.0,1.05,0.95,1,35.48234,129.35976
40185,울산T2_154,울산광역시,154,154kV,PQ,5,영남,7,1.0,0.0,1.05,0.95,1,35.49301,129.3279
70132,울산T2_D23,울산광역시,22.9,22.9kV,PQ,5,영남,7,1.0,0.0,1.05,0.95,1,35.49301,129.3279
40186,북울산_154,울산광역시,154,154kV,PQ,5,영남,7,1.0,0.0,1.05,0.95,1,35.5806,129.318
70133,북울산_D23,울산광역시,22.9,22.9kV,PQ,5,영남,7,1.0,0.0,1.05,0.95,1,35.5806,129.318
40187,매암_154,울산광역시,154,154kV,PQ,5,영남,7,1.0,0.0,1.05,0.95,1,35.5276,129.34616
70134,매암_D23,울산광역시,22.9,22.9kV,PQ,5,영남,7,1.0,0.0,1.05,0.95,1,35.5276,129.34616
40188,방어진_154,울산광역시,154,154kV,PQ,5,영남,7,1.0,0.0,1.05,0.95,1,35.53881,129.42556
70135,방어진_D23,울산광역시,22.9,22.9kV,PQ,5,영남,7,1.0,0.0,1.05,0.95,1,35.53881,129.42556
40189,효문_154,울산광역시,154,154kV,PQ,5,영남,7,1.0,0.0,1.05,0.95,1,35.56877,129.37417
70136,효문_D23,울산광역시,22.9,22.9kV,PQ,5,영남,7,1.0,0.0,1.05,0.95,1,35.56877,129.37417
40190,강릉_154,강원특별자치도,154,154kV,PQ,2,강원,10,1.0,0.0,1.05,0.95,1,37.74477,128.87377
70137,강릉_D23,강원특별자치도,22.9,22.9kV,PQ,2,강원,10,1.0,0.0,1.05,0.95,1,37.74477,128.87377
40191,오산_154,경기도,154,154kV,PQ,1,수도권,9,1.0,0.0,1.05,0.95,1,37.14544,127.0474
70138,오산_D23,경기도,22.9,22.9kV,PQ,1,수도권,9,1.0,0.0,1.05,0.95,1,37.14544,127.0474
40192,평택_154,경기도,154,154kV,PQ,1,수도권,9,1.0,0.0,1.05,0.95,1,37.03034,127.02109
70139,평택_D23,경기도,22.9,22.9kV,PQ,1,수도권,9,1.0,0.0,1.05,0.95,1,37.03034,127.02109
40193,추팔_154,경기도,154,154kV,PQ,1,수도권,9,1.0,0.0,1.05,0.95,1,36.96095,127.07719
70140,추팔_D23,경기도,22.9,22.9kV,PQ,1,수도권,9,1.0,0.0,1.05,0.95,1,36.96095,127.07719
40194,송탄_154,경기도,154,154kV,PQ,1,수도권,9,1.0,0.0,1.05,0.95,1,37.03057,127.08937
70141,송탄_D23,경기도,22.9,22.9kV,PQ,1,수도권,9,1.0,0.0,1.05,0.95,1,37.03057,127.08937
40195,시화_154,경기도,154,154kV,PQ,1,수도권,9,1.0,0.0,1.05,0.95,1,37.32426,126.74712
70142,시화_D23,경기도,22.9,22.9kV,PQ,1,수도권,9,1.0,0.0,1.05,0.95,1,37.32426,126.74712
40196,진위_154,경기도,154,154kV,PQ,1,수도권,9,1.0,0.0,1.05,0.95,1,37.1206,127.08593
70143,진위_D23,경기도,22.9,22.9kV,PQ,1,수도권,9,1.0,0.0,1.05,0.95,1,37.1206,127.08593
40197,반월_154,경기도,154,154kV,PQ,1,수도권,9,1.0,0.0,1.05,0.95,1,37.32602,126.78195
70144,반월_D23,경기도,22.9,22.9kV,PQ,1,수도권,9,1.0,0.0,1.05,0.95,1,37.32602,126.78195
40198,한샘_154,충청남도,154,154kV,PQ,3,충청,12,1.0,0.0,1.05,0.95,1,36.86426,127.1124
70145,한샘_D23,충청남도,22.9,22.9kV,PQ,3,충청,12,1.0,0.0,1.05,0.95,1,36.86426,127.1124
40199,서운_154,경기도,154,154kV,PQ,1,수도권,9,1.0,0.0,1.05,0.95,1,36.97373,127.27089
70146,서운_D23,경기도,22.9,22.9kV,PQ,1,수도권,9,1.0,0.0,1.05,0.95,1,36.97373,127.27089
40200,세종T1_154,세종특별자치시,154,154kV,PQ,3,충청,8,1.0,0.0,1.05,0.95,1,36.51884,127.2971
70147,세종T1_D23,세종특별자치시,22.9,22.9kV,PQ,3,충청,8,1.0,0.0,1.05,0.95,1,36.51884,127.2971
40201,간성_154,강원특별자치도,154,154kV,PQ,2,강원,10,1.0,0.0,1.05,0.95,1,38.38651,128.45079
70148,간성_D23,강원특별자치도,22.9,22.9kV,PQ,2,강원,10,1.0,0.0,1.05,0.95,1,38.38651,128.45079
40202,밀양T2_154,경상남도,154,154kV,PQ,5,영남,16,1.0,0.0,1.05,0.95,1,35.41311,128.87763
70149,밀양T2_D23,경상남도,22.9,22.9kV,PQ,5,영남,16,1.0,0.0,1.05,0.95,1,35.41311,128.87763
40203,양산T2_154,경상남도,154,154kV,PQ,5,영남,16,1.0,0.0,1.05,0.95,1,35.32992,129.03413
70150,양산T2_D23,경상남도,22.9,22.9kV,PQ,5,영남,16,1.0,0.0,1.05,0.95,1,35.32992,129.03413
40204,노변_154,대구광역시,154,154kV,PQ,5,영남,3,1.0,0.0,1.05,0.95,1,35.83627,128.69744
70151,노변_D23,대구광역시,22.9,22.9kV,PQ,5,영남,3,1.0,0.0,1.05,0.95,1,35.83627,128.69744
40205,좌동_154,부산광역시,154,154kV,PQ,5,영남,2,1.0,0.0,1.05,0.95,1,35.18159,129.17006
70152,좌동_D23,부산광역시,22.9,22.9kV,PQ,5,영남,2,1.0,0.0,1.05,0.95,1,35.18159,129.17006
40206,밀양_154,경상남도,154,154kV,PQ,5,영남,16,1.0,0.0,1.05,0.95,1,35.48587,128.74581
70153,밀양_D23,경상남도,22.9,22.9kV,PQ,5,영남,16,1.0,0.0,1.05,0.95,1,35.48587,128.74581
40207,청도_154,경상남도,154,154kV,PQ,5,영남,16,1.0,0.0,1.05,0.95,1,35.65202,128.69847
70154,청도_D23,경상남도,22.9,22.9kV,PQ,5,영남,16,1.0,0.0,1.05,0.95,1,35.65202,128.69847
40208,상정_154,경상북도,154,154kV,PQ,5,영남,15,1.0,0.0,1.05,0.95,1,35.97815,129.48413
70155,상정_D23,경상북도,22.9,22.9kV,PQ,5,영남,15,1.0,0.0,1.05,0.95,1,35.97815,129.48413
40209,포항T1_154,경상북도,154,154kV,PQ,5,영남,15,1.0,0.0,1.05,0.95,1,35.99384,129.37557
70156,포항T1_D23,경상북도,22.9,22.9kV,PQ,5,영남,15,1.0,0.0,1.05,0.95,1,35.99384,129.37557
40210,외동_154,울산광역시,154,154kV,PQ,5,영남,7,1.0,0.0,1.05,0.95,1,35.66794,129.32422
70157,외동_D23,울산광역시,22.9,22.9kV,PQ,5,영남,7,1.0,0.0,1.05,0.95,1,35.66794,129.32422
40211,하동_154,경상남도,154,154kV,PQ,5,영남,16,1.0,0.0,1.05,0.95,1,35.07671,127.77762
70158,하동_D23,경상남도,22.9,22.9kV,PQ,5,영남,16,1.0,0.0,1.05,0.95,1,35.07671,127.77762
40212,남해_154,전라남도,154,154kV,PQ,4,호남,14,1.0,0.0,1.05,0.95,1,34.85242,127.89467
70159,남해_D23,전라남도,22.9,22.9kV,PQ,4,호남,14,1.0,0.0,1.05,0.95,1,34.85242,127.89467
40213,함양_154,경상남도,154,154kV,PQ,5,영남,16,1.0,0.0,1.05,0.95,1,35.53003,127.77482
70160,함양_D23,경상남도,22.9,22.9kV,PQ,5,영남,16,1.0,0.0,1.05,0.95,1,35.53003,127.77482
40214,고성_154,경상남도,154,154kV,PQ,5,영남,16,1.0,0.0,1.05,0.95,1,34.96815,128.33401
70161,고성_D23,경상남도,22.9,22.9kV,PQ,5,영남,16,1.0,0.0,1.05,0.95,1,34.96815,128.33401
40215,남창_154,전라남도,154,154kV,PQ,4,호남,14,1.0,0.0,1.05,0.95,1,34.4115,126.61648
70162,남창_D23,전라남도,22.9,22.9kV,PQ,4,호남,14,1.0,0.0,1.05,0.95,1,34.4115,126.61648
40216,점촌_154,경상북도,154,154kV,PQ,5,영남,15,1.0,0.0,1.05,0.95,1,36.60348,128.17134
70163,점촌_D23,경상북도,22.9,22.9kV,PQ,5,영남,15,1.0,0.0,1.05,0.95,1,36.60348,128.17134
40217,상주_154,경상북도,154,154kV,PQ,5,영남,15,1.0,0.0,1.05,0.95,1,36.41937,128.14782
70164,상주_D23,경상북도,22.9,22.9kV,PQ,5,영남,15,1.0,0.0,1.05,0.95,1,36.41937,128.14782
40218,해남_154,전라남도,154,154kV,PQ,4,호남,14,1.0,0.0,1.05,0.95,1,34.56656,126.57836
70165,해남_D23,전라남도,22.9,22.9kV,PQ,4,호남,14,1.0,0.0,1.05,0.95,1,34.56656,126.57836
40219,북평_154,강원특별자치도,154,154kV,PQ,2,강원,10,1.0,0.0,1.05,0.95,1,37.49189,129.11315
70166,북평_D23,강원특별자치도,22.9,22.9kV,PQ,2,강원,10,1.0,0.0,1.05,0.95,1,37.49189,129.11315
40220,아현_154,서울특별시,154,154kV,PQ,1,수도권,1,1.0,0.0,1.05,0.95,1,37.55452,126.95593
70167,아현_D23,서울특별시,22.9,22.9kV,PQ,1,수도권,1,1.0,0.0,1.05,0.95,1,37.55452,126.95593
40221,신촌_154,서울특별시,154,154kV,PQ,1,수도권,1,1.0,0.0,1.05,0.95,1,37.5562,126.94157
70168,신촌_D23,서울특별시,22.9,22.9kV,PQ,1,수도권,1,1.0,0.0,1.05,0.95,1,37.5562,126.94157
40222,태백T1_154,강원특별자치도,154,154kV,PQ,2,강원,10,1.0,0.0,1.05,0.95,1,36.91709,128.93438
70169,태백T1_D23,강원특별자치도,22.9,22.9kV,PQ,2,강원,10,1.0,0.0,1.05,0.95,1,36.91709,128.93438
40223,하남_154,광주광역시,154,154kV,PQ,4,호남,5,1.0,0.0,1.05,0.95,1,35.20695,126.79652
70170,하남_D23,광주광역시,22.9,22.9kV,PQ,4,호남,5,1.0,0.0,1.05,0.95,1,35.20695,126.79652
40224,동안양_154,경기도,154,154kV,PQ,1,수도권,9,1.0,0.0,1.05,0.95,1,37.38176,126.97335
70171,동안양_D23,경기도,22.9,22.9kV,PQ,1,수도권,9,1.0,0.0,1.05,0.95,1,37.38176,126.97335
40225,성산_154,제주특별자치도,154,154kV,PQ,6,제주,17,1.0,0.0,1.05,0.95,1,33.44346,126.85584
70172,성산_D23,제주특별자치도,22.9,22.9kV,PQ,6,제주,17,1.0,0.0,1.05,0.95,1,33.44346,126.85584
20057,영등포_345,서울특별시,345,345kV,PQ,1,수도권,1,1.0,0.0,1.05,0.95,1,37.51969,126.89445
40226,영등포_154,서울특별시,154,154kV,PQ,1,수도권,1,1.0,0.0,1.05,0.95,1,37.51969,126.89445
60057,영등포_T23,서울특별시,23,23kV,PQ,1,수도권,1,1.0,0.0,1.05,0.95,1,37.51969,126.89445
40227,수지_154,경기도,154,154kV,PQ,1,수도권,9,1.0,0.0,1.05,0.95,1,37.31824,127.08374
70173,수지_D23,경기도,22.9,22.9kV,PQ,1,수도권,9,1.0,0.0,1.05,0.95,1,37.31824,127.08374
40228,포승_154,경기도,154,154kV,PQ,1,수도권,9,1.0,0.0,1.05,0.95,1,36.98815,126.89441
70174,포승_D23,경기도,22.9,22.9kV,PQ,1,수도권,9,1.0,0.0,1.05,0.95,1,36.98815,126.89441
20058,신충주_345,충청북도,345,345kV,PQ,3,충청,11,1.0,0.0,1.05,0.95,1,37.01899,127.80571
40229,신충주_154,충청북도,154,154kV,PQ,3,충청,11,1.0,0.0,1.05,0.95,1,37.01899,127.80571
60058,신충주_T23,충청북도,23,23kV,PQ,3,충청,11,1.0,0.0,1.05,0.95,1,37.01899,127.80571
40230,평동_154,광주광역시,154,154kV,PQ,4,호남,5,1.0,0.0,1.05,0.95,1,35.13379,126.75455
70175,평동_D23,광주광역시,22.9,22.9kV,PQ,4,호남,5,1.0,0.0,1.05,0.95,1,35.13379,126.75455
40231,풍동_154,충청북도,154,154kV,PQ,3,충청,11,1.0,0.0,1.05,0.95,1,36.93279,127.89695
70176,풍동_D23,충청북도,22.9,22.9kV,PQ,3,충청,11,1.0,0.0,1.05,0.95,1,36.93279,127.89695
40232,음성_154,충청북도,154,154kV,PQ,3,충청,11,1.0,0.0,1.05,0.95,1,36.9464,127.70317
70177,음성_D23,충청북도,22.9,22.9kV,PQ,3,충청,11,1.0,0.0,1.05,0.95,1,36.9464,127.70317
40233,장성_154,광주광역시,154,154kV,PQ,4,호남,5,1.0,0.0,1.05,0.95,1,35.27909,126.76528
70178,장성_D23,광주광역시,22.9,22.9kV,PQ,4,호남,5,1.0,0.0,1.05,0.95,1,35.27909,126.76528
40234,북항_154,전라남도,154,154kV,PQ,4,호남,14,1.0,0.0,1.05,0.95,1,34.8217,126.38003
70179,북항_D23,전라남도,22.9,22.9kV,PQ,4,호남,14,1.0,0.0,1.05,0.95,1,34.8217,126.38003
40235,나주_154,전라남도,154,154kV,PQ,4,호남,14,1.0,0.0,1.05,0.95,1,34.99148,126.7254
70180,나주_D23,전라남도,22.9,22.9kV,PQ,4,호남,14,1.0,0.0,1.05,0.95,1,34.99148,126.7254
40236,계양2_154,경기도,154,154kV,PQ,1,수도권,9,1.0,0.0,1.05,0.95,1,37.58289,126.69672
70181,계양2_D23,경기도,22.9,22.9kV,PQ,1,수도권,9,1.0,0.0,1.05,0.95,1,37.58289,126.69672
40237,부평T1_154,인천광역시,154,154kV,PQ,1,수도권,4,1.0,0.0,1.05,0.95,1,37.55075,126.73539
70182,부평T1_D23,인천광역시,22.9,22.9kV,PQ,1,수도권,4,1.0,0.0,1.05,0.95,1,37.55075,126.73539
40238,송도_154,인천광역시,154,154kV,PQ,1,수도권,4,1.0,0.0,1.05,0.95,1,37.37047,126.63905
70183,송도_D23,인천광역시,22.9,22.9kV,PQ,1,수도권,4,1.0,0.0,1.05,0.95,1,37.37047,126.63905
40239,흥인_154,서울특별시,154,154kV,PQ,1,수도권,1,1.0,0.0,1.05,0.95,1,37.56918,127.01149
70184,흥인_D23,서울특별시,22.9,22.9kV,PQ,1,수도권,1,1.0,0.0,1.05,0.95,1,37.56918,127.01149
40240,연수_154,인천광역시,154,154kV,PQ,1,수도권,4,1.0,0.0,1.05,0.95,1,37.42539,126.66746
70185,연수_D23,인천광역시,22.9,22.9kV,PQ,1,수도권,4,1.0,0.0,1.05,0.95,1,37.42539,126.66746
40241,논산_154,충청남도,154,154kV,PQ,3,충청,12,1.0,0.0,1.05,0.95,1,36.22159,127.05068
70186,논산_D23,충청남도,22.9,22.9kV,PQ,3,충청,12,1.0,0.0,1.05,0.95,1,36.22159,127.05068
40242,주촌_154,경상남도,154,154kV,PQ,5,영남,16,1.0,0.0,1.05,0.95,1,35.22329,128.82738
70187,주촌_D23,경상남도,22.9,22.9kV,PQ,5,영남,16,1.0,0.0,1.05,0.95,1,35.22329,128.82738
20059,신녹산_345,경상남도,345,345kV,PQ,5,영남,16,1.0,0.0,1.05,0.95,1,35.09842,128.8651
40243,신녹산_154,경상남도,154,154kV,PQ,5,영남,16,1.0,0.0,1.05,0.95,1,35.09842,128.8651
60059,신녹산_T23,경상남도,23,23kV,PQ,5,영남,16,1.0,0.0,1.05,0.95,1,35.09842,128.8651
40244,미음_154,경상남도,154,154kV,PQ,5,영남,16,1.0,0.0,1.05,0.95,1,35.13196,128.85995
70188,미음_D23,경상남도,22.9,22.9kV,PQ,5,영남,16,1.0,0.0,1.05,0.95,1,35.13196,128.85995
40245,삼정_154,경상남도,154,154kV,PQ,5,영남,16,1.0,0.0,1.05,0.95,1,35.18852,128.72002
70189,삼정_D23,경상남도,22.9,22.9kV,PQ,5,영남,16,1.0,0.0,1.05,0.95,1,35.18852,128.72002
40246,야탑_154,경기도,154,154kV,PQ,1,수도권,9,1.0,0.0,1.05,0.95,1,37.4088,127.15654
70190,야탑_D23,경기도,22.9,22.9kV,PQ,1,수도권,9,1.0,0.0,1.05,0.95,1,37.4088,127.15654
40247,신림_154,서울특별시,154,154kV,PQ,1,수도권,1,1.0,0.0,1.05,0.95,1,37.46663,126.95482
70191,신림_D23,서울특별시,22.9,22.9kV,PQ,1,수도권,1,1.0,0.0,1.05,0.95,1,37.46663,126.95482
40248,여주_154,경기도,154,154kV,PQ,1,수도권,9,1.0,0.0,1.05,0.95,1,37.28029,127.64044
70192,여주_D23,경기도,22.9,22.9kV,PQ,1,수도권,9,1.0,0.0,1.05,0.95,1,37.28029,127.64044
40249,안암_154,서울특별시,154,154kV,PQ,1,수도권,1,1.0,0.0,1.05,0.95,1,37.58401,127.02859
70193,안암_D23,서울특별시,22.9,22.9kV,PQ,1,수도권,1,1.0,0.0,1.05,0.95,1,37.58401,127.02859
40250,가남_154,경기도,154,154kV,PQ,1,수도권,9,1.0,0.0,1.05,0.95,1,37.24577,127.59226
70194,가남_D23,경기도,22.9,22.9kV,PQ,1,수도권,9,1.0,0.0,1.05,0.95,1,37.24577,127.59226
40251,거제_154,경상남도,154,154kV,PQ,5,영남,16,1.0,0.0,1.05,0.95,1,34.87175,128.63018
70195,거제_D23,경상남도,22.9,22.9kV,PQ,5,영남,16,1.0,0.0,1.05,0.95,1,34.87175,128.63018
40252,은평_154,서울특별시,154,154kV,PQ,1,수도권,1,1.0,0.0,1.05,0.95,1,37.61015,126.93711
70196,은평_D23,서울특별시,22.9,22.9kV,PQ,1,수도권,1,1.0,0.0,1.05,0.95,1,37.61015,126.93711
40253,화곡_154,인천광역시,154,154kV,PQ,1,수도권,4,1.0,0.0,1.05,0.95,1,37.54856,126.82515
70197,화곡_D23,인천광역시,22.9,22.9kV,PQ,1,수도권,4,1.0,0.0,1.05,0.95,1,37.54856,126.82515
40254,원흥_154,경기도,154,154kV,PQ,1,수도권,9,1.0,0.0,1.05,0.95,1,37.63714,126.87096
70198,원흥_D23,경기도,22.9,22.9kV,PQ,1,수도권,9,1.0,0.0,1.05,0.95,1,37.63714,126.87096
40255,수색_154,서울특별시,154,154kV,PQ,1,수도권,1,1.0,0.0,1.05,0.95,1,37.58207,126.89869
70199,수색_D23,서울특별시,22.9,22.9kV,PQ,1,수도권,1,1.0,0.0,1.05,0.95,1,37.58207,126.89869
40256,산성_154,경기도,154,154kV,PQ,1,수도권,9,1.0,0.0,1.05,0.95,1,37.46146,127.15457
70200,산성_D23,경기도,22.9,22.9kV,PQ,1,수도권,9,1.0,0.0,1.05,0.95,1,37.46146,127.15457
40257,상계_154,경기도,154,154kV,PQ,1,수도권,9,1.0,0.0,1.05,0.95,1,37.65417,127.05567
70201,상계_D23,경기도,22.9,22.9kV,PQ,1,수도권,9,1.0,0.0,1.05,0.95,1,37.65417,127.05567
40258,봉화_154,경상북도,154,154kV,PQ,5,영남,15,1.0,0.0,1.05,0.95,1,36.91281,128.85639
70202,봉화_D23,경상북도,22.9,22.9kV,PQ,5,영남,15,1.0,0.0,1.05,0.95,1,36.91281,128.85639
40259,둔포_154,경기도,154,154kV,PQ,1,수도권,9,1.0,0.0,1.05,0.95,1,36.91965,127.08682
70203,둔포_D23,경기도,22.9,22.9kV,PQ,1,수도권,9,1.0,0.0,1.05,0.95,1,36.91965,127.08682
40260,반야월_154,대구광역시,154,154kV,PQ,5,영남,3,1.0,0.0,1.05,0.95,1,35.86924,128.74069
70204,반야월_D23,대구광역시,22.9,22.9kV,PQ,5,영남,3,1.0,0.0,1.05,0.95,1,35.86924,128.74069
40261,산본_154,경기도,154,154kV,PQ,1,수도권,9,1.0,0.0,1.05,0.95,1,37.35704,126.92402
70205,산본_D23,경기도,22.9,22.9kV,PQ,1,수도권,9,1.0,0.0,1.05,0.95,1,37.35704,126.92402
40262,정왕_154,인천광역시,154,154kV,PQ,1,수도권,4,1.0,0.0,1.05,0.95,1,37.36838,126.73254
70206,정왕_D23,인천광역시,22.9,22.9kV,PQ,1,수도권,4,1.0,0.0,1.05,0.95,1,37.36838,126.73254
40263,구로_154,서울특별시,154,154kV,PQ,1,수도권,1,1.0,0.0,1.05,0.95,1,37.49797,126.8834
70207,구로_D23,서울특별시,22.9,22.9kV,PQ,1,수도권,1,1.0,0.0,1.05,0.95,1,37.49797,126.8834
40264,벌교_154,전라남도,154,154kV,PQ,4,호남,14,1.0,0.0,1.05,0.95,1,34.8536,127.33043
70208,벌교_D23,전라남도,22.9,22.9kV,PQ,4,호남,14,1.0,0.0,1.05,0.95,1,34.8536,127.33043
40265,보성_154,전라남도,154,154kV,PQ,4,호남,14,1.0,0.0,1.05,0.95,1,34.78197,127.08677
70209,보성_D23,전라남도,22.9,22.9kV,PQ,4,호남,14,1.0,0.0,1.05,0.95,1,34.78197,127.08677
40266,능곡_154,경기도,154,154kV,PQ,1,수도권,9,1.0,0.0,1.05,0.95,1,37.6186,126.84289
70210,능곡_D23,경기도,22.9,22.9kV,PQ,1,수도권,9,1.0,0.0,1.05,0.95,1,37.6186,126.84289
40267,태금_154,전라남도,154,154kV,PQ,4,호남,14,1.0,0.0,1.05,0.95,1,34.9408,127.75015
70211,태금_D23,전라남도,22.9,22.9kV,PQ,4,호남,14,1.0,0.0,1.05,0.95,1,34.9408,127.75015
40268,부천_154,인천광역시,154,154kV,PQ,1,수도권,4,1.0,0.0,1.05,0.95,1,37.50646,126.78697
70212,부천_D23,인천광역시,22.9,22.9kV,PQ,1,수도권,4,1.0,0.0,1.05,0.95,1,37.50646,126.78697
40269,서순천_154,전라남도,154,154kV,PQ,4,호남,14,1.0,0.0,1.05,0.95,1,34.90904,127.47961
70213,서순천_D23,전라남도,22.9,22.9kV,PQ,4,호남,14,1.0,0.0,1.05,0.95,1,34.90904,127.47961
40270,고흥_154,전라남도,154,154kV,PQ,4,호남,14,1.0,0.0,1.05,0.95,1,34.57816,127.25435
70214,고흥_D23,전라남도,22.9,22.9kV,PQ,4,호남,14,1.0,0.0,1.05,0.95,1,34.57816,127.25435
40271,장흥_154,전라남도,154,154kV,PQ,4,호남,14,1.0,0.0,1.05,0.95,1,34.69817,126.92312
70215,장흥_D23,전라남도,22.9,22.9kV,PQ,4,호남,14,1.0,0.0,1.05,0.95,1,34.69817,126.92312
40272,순천T2_154,전라남도,154,154kV,PQ,4,호남,14,1.0,0.0,1.05,0.95,1,35.03893,127.44185
70216,순천T2_D23,전라남도,22.9,22.9kV,PQ,4,호남,14,1.0,0.0,1.05,0.95,1,35.03893,127.44185
40273,비아_154,광주광역시,154,154kV,PQ,4,호남,5,1.0,0.0,1.05,0.95,1,35.21314,126.85127
70217,비아_D23,광주광역시,22.9,22.9kV,PQ,4,호남,5,1.0,0.0,1.05,0.95,1,35.21314,126.85127
40274,목포_154,전라남도,154,154kV,PQ,4,호남,14,1.0,0.0,1.05,0.95,1,34.81946,126.4184
70218,목포_D23,전라남도,22.9,22.9kV,PQ,4,호남,14,1.0,0.0,1.05,0.95,1,34.81946,126.4184
40275,화정_154,광주광역시,154,154kV,PQ,4,호남,5,1.0,0.0,1.05,0.95,1,35.15243,126.88311
70219,화정_D23,광주광역시,22.9,22.9kV,PQ,4,호남,5,1.0,0.0,1.05,0.95,1,35.15243,126.88311
40276,시흥_154,서울특별시,154,154kV,PQ,1,수도권,1,1.0,0.0,1.05,0.95,1,37.4499,126.89718
70220,시흥_D23,서울특별시,22.9,22.9kV,PQ,1,수도권,1,1.0,0.0,1.05,0.95,1,37.4499,126.89718
40277,영동_154,경상북도,154,154kV,PQ,5,영남,15,1.0,0.0,1.05,0.95,1,36.25397,127.83372
70221,영동_D23,경상북도,22.9,22.9kV,PQ,5,영남,15,1.0,0.0,1.05,0.95,1,36.25397,127.83372
40278,온수_154,인천광역시,154,154kV,PQ,1,수도권,4,1.0,0.0,1.05,0.95,1,37.49103,126.82377
70222,온수_D23,인천광역시,22.9,22.9kV,PQ,1,수도권,4,1.0,0.0,1.05,0.95,1,37.49103,126.82377
40279,영암_154,전라남도,154,154kV,PQ,4,호남,14,1.0,0.0,1.05,0.95,1,34.83419,126.68281
70223,영암_D23,전라남도,22.9,22.9kV,PQ,4,호남,14,1.0,0.0,1.05,0.95,1,34.83419,126.68281
40280,강진_154,전라남도,154,154kV,PQ,4,호남,14,1.0,0.0,1.05,0.95,1,34.64555,126.75498
70224,강진_D23,전라남도,22.9,22.9kV,PQ,4,호남,14,1.0,0.0,1.05,0.95,1,34.64555,126.75498
40281,효목_154,대구광역시,154,154kV,PQ,5,영남,3,1.0,0.0,1.05,0.95,1,35.87513,128.64149
70225,효목_D23,대구광역시,22.9,22.9kV,PQ,5,영남,3,1.0,0.0,1.05,0.95,1,35.87513,128.64149
20060,동울산_345,울산광역시,345,345kV,PQ,5,영남,7,1.0,0.0,1.05,0.95,1,35.6512,129.39284
40282,동울산_154,울산광역시,154,154kV,PQ,5,영남,7,1.0,0.0,1.05,0.95,1,35.6512,129.39284
60060,동울산_T23,울산광역시,23,23kV,PQ,5,영남,7,1.0,0.0,1.05,0.95,1,35.6512,129.39284
40283,지도_154,경기도,154,154kV,PQ,1,수도권,9,1.0,0.0,1.05,0.95,1,37.64854,126.83804
70226,지도_D23,경기도,22.9,22.9kV,PQ,1,수도권,9,1.0,0.0,1.05,0.95,1,37.64854,126.83804
40284,안양_154,경기도,154,154kV,PQ,1,수도권,9,1.0,0.0,1.05,0.95,1,37.38633,126.92754
70227,안양_D23,경기도,22.9,22.9kV,PQ,1,수도권,9,1.0,0.0,1.05,0.95,1,37.38633,126.92754
10004,신울산765_765,울산광역시,765,765kV,PQ,5,영남,7,1.0,0.0,1.05,0.95,1,35.34061,129.30899
20061,신울산765_345,울산광역시,345,345kV,PQ,5,영남,7,1.0,0.0,1.05,0.95,1,35.34061,129.30899
60061,신울산765_T23,울산광역시,23,23kV,PQ,5,영남,7,1.0,0.0,1.05,0.95,1,35.34061,129.30899
20062,양산T3_345,경상남도,345,345kV,PQ,5,영남,16,1.0,0.0,1.05,0.95,1,35.32478,129.29241
40285,양산T3_154,경상남도,154,154kV,PQ,5,영남,16,1.0,0.0,1.05,0.95,1,35.32478,129.29241
60062,양산T3_T23,경상남도,23,23kV,PQ,5,영남,16,1.0,0.0,1.05,0.95,1,35.32478,129.29241
20063,한국발전기술_345,전라남도,345,345kV,PQ,4,호남,14,1.0,0.0,1.05,0.95,1,34.83908,127.69295
40286,한국발전기술_154,전라남도,154,154kV,PQ,4,호남,14,1.0,0.0,1.05,0.95,1,34.83908,127.69295
60063,한국발전기술_T23,전라남도,23,23kV,PQ,4,호남,14,1.0,0.0,1.05,0.95,1,34.83908,127.69295
40287,가수원_154,대전광역시,154,154kV,PQ,3,충청,6,1.0,0.0,1.05,0.95,1,36.2985,127.33601
70228,가수원_D23,대전광역시,22.9,22.9kV,PQ,3,충청,6,1.0,0.0,1.05,0.95,1,36.2985,127.33601
40288,성암_154,울산광역시,154,154kV,PQ,5,영남,7,1.0,0.0,1.05,0.95,1,35.4874,129.35487
70229,성암_D23,울산광역시,22.9,22.9kV,PQ,5,영남,7,1.0,0.0,1.05,0.95,1,35.4874,129.35487
40289,월산_154,세종특별자치시,154,154kV,PQ,3,충청,8,1.0,0.0,1.05,0.95,1,36.49361,127.36115
70230,월산_D23,세종특별자치시,22.9,22.9kV,PQ,3,충청,8,1.0,0.0,1.05,0.95,1,36.49361,127.36115
40290,울산화력_154,울산광역시,154,154kV,PQ,5,영남,7,1.0,0.0,1.05,0.95,1,35.47521,129.37877
70231,울산화력_D23,울산광역시,22.9,22.9kV,PQ,5,영남,7,1.0,0.0,1.05,0.95,1,35.47521,129.37877
40291,서산_154,충청남도,154,154kV,PQ,3,충청,12,1.0,0.0,1.05,0.95,1,36.79669,126.46459
70232,서산_D23,충청남도,22.9,22.9kV,PQ,3,충청,12,1.0,0.0,1.05,0.95,1,36.79669,126.46459
40292,여천_154,전라남도,154,154kV,PQ,4,호남,14,1.0,0.0,1.05,0.95,1,34.81304,127.66891
70233,여천_D23,전라남도,22.9,22.9kV,PQ,4,호남,14,1.0,0.0,1.05,0.95,1,34.81304,127.66891
40293,여수산단개폐소_154,전라남도,154,154kV,PQ,4,호남,14,1.0,0.0,1.05,0.95,1,34.81279,127.66757
40294,송포_154,경기도,154,154kV,PQ,1,수도권,9,1.0,0.0,1.05,0.95,1,37.68545,126.76157
70234,송포_D23,경기도,22.9,22.9kV,PQ,1,수도권,9,1.0,0.0,1.05,0.95,1,37.68545,126.76157
40295,장기_154,경기도,154,154kV,PQ,1,수도권,9,1.0,0.0,1.05,0.95,1,37.64055,126.6858
70235,장기_D23,경기도,22.9,22.9kV,PQ,1,수도권,9,1.0,0.0,1.05,0.95,1,37.64055,126.6858
40296,월배_154,대구광역시,154,154kV,PQ,5,영남,3,1.0,0.0,1.05,0.95,1,35.82975,128.51761
70236,월배_D23,대구광역시,22.9,22.9kV,PQ,5,영남,3,1.0,0.0,1.05,0.95,1,35.82975,128.51761
40297,화원_154,전라남도,154,154kV,PQ,4,호남,14,1.0,0.0,1.05,0.95,1,34.68527,126.32903
70237,화원_D23,전라남도,22.9,22.9kV,PQ,4,호남,14,1.0,0.0,1.05,0.95,1,34.68527,126.32903
40298,진도_154,전라남도,154,154kV,PQ,4,호남,14,1.0,0.0,1.05,0.95,1,34.51964,126.27142
70238,진도_D23,전라남도,22.9,22.9kV,PQ,4,호남,14,1.0,0.0,1.05,0.95,1,34.51964,126.27142
40299,안좌_154,전라남도,154,154kV,PQ,4,호남,14,1.0,0.0,1.05,0.95,1,34.74228,126.13064
70239,안좌_D23,전라남도,22.9,22.9kV,PQ,4,호남,14,1.0,0.0,1.05,0.95,1,34.74228,126.13064
20064,서안성_345,경기도,345,345kV,PQ,1,수도권,9,1.0,0.0,1.05,0.95,1,37.09742,127.22172
40300,서안성_154,경기도,154,154kV,PQ,1,수도권,9,1.0,0.0,1.05,0.95,1,37.09742,127.22172
60064,서안성_T23,경기도,23,23kV,PQ,1,수도권,9,1.0,0.0,1.05,0.95,1,37.09742,127.22172
40301,태백_154,강원특별자치도,154,154kV,PQ,2,강원,10,1.0,0.0,1.05,0.95,1,37.15691,128.98423
70240,태백_D23,강원특별자치도,22.9,22.9kV,PQ,2,강원,10,1.0,0.0,1.05,0.95,1,37.15691,128.98423
40302,동빙고_154,서울특별시,154,154kV,PQ,1,수도권,1,1.0,0.0,1.05,0.95,1,37.5231,126.97406
70241,동빙고_D23,서울특별시,22.9,22.9kV,PQ,1,수도권,1,1.0,0.0,1.05,0.95,1,37.5231,126.97406
40303,남음성_154,충청북도,154,154kV,PQ,3,충청,11,1.0,0.0,1.05,0.95,1,36.91899,127.55738
70242,남음성_D23,충청북도,22.9,22.9kV,PQ,3,충청,11,1.0,0.0,1.05,0.95,1,36.91899,127.55738
40304,경산_154,대구광역시,154,154kV,PQ,5,영남,3,1.0,0.0,1.05,0.95,1,35.87149,128.83665
70243,경산_D23,대구광역시,22.9,22.9kV,PQ,5,영남,3,1.0,0.0,1.05,0.95,1,35.87149,128.83665
40305,금호_154,경상북도,154,154kV,PQ,5,영남,15,1.0,0.0,1.05,0.95,1,35.90691,128.94579
70244,금호_D23,경상북도,22.9,22.9kV,PQ,5,영남,15,1.0,0.0,1.05,0.95,1,35.90691,128.94579
40306,동탄_154,경기도,154,154kV,PQ,1,수도권,9,1.0,0.0,1.05,0.95,1,37.21714,127.11805
70245,동탄_D23,경기도,22.9,22.9kV,PQ,1,수도권,9,1.0,0.0,1.05,0.95,1,37.21714,127.11805
40307,삼미_154,경기도,154,154kV,PQ,1,수도권,9,1.0,0.0,1.05,0.95,1,37.18612,127.0827
70246,삼미_D23,경기도,22.9,22.9kV,PQ,1,수도권,9,1.0,0.0,1.05,0.95,1,37.18612,127.0827
40308,상암_154,서울특별시,154,154kV,PQ,1,수도권,1,1.0,0.0,1.05,0.95,1,37.58055,126.87776
70247,상암_D23,서울특별시,22.9,22.9kV,PQ,1,수도권,1,1.0,0.0,1.05,0.95,1,37.58055,126.87776
20065,신인천_345,인천광역시,345,345kV,PQ,1,수도권,4,1.0,0.0,1.05,0.95,1,37.4892,126.69278
40309,신인천_154,인천광역시,154,154kV,PQ,1,수도권,4,1.0,0.0,1.05,0.95,1,37.4892,126.69278
60065,신인천_T23,인천광역시,23,23kV,PQ,1,수도권,4,1.0,0.0,1.05,0.95,1,37.4892,126.69278
40310,만승_154,경기도,154,154kV,PQ,1,수도권,9,1.0,0.0,1.05,0.95,1,36.98541,127.43202
70248,만승_D23,경기도,22.9,22.9kV,PQ,1,수도권,9,1.0,0.0,1.05,0.95,1,36.98541,127.43202
40311,위례_154,경기도,154,154kV,PQ,1,수도권,9,1.0,0.0,1.05,0.95,1,37.48158,127.15113
70249,위례_D23,경기도,22.9,22.9kV,PQ,1,수도권,9,1.0,0.0,1.05,0.95,1,37.48158,127.15113
40312,완도_154,전라남도,154,154kV,PQ,4,호남,14,1.0,0.0,1.05,0.95,1,34.33386,126.73539
70250,완도_D23,전라남도,22.9,22.9kV,PQ,4,호남,14,1.0,0.0,1.05,0.95,1,34.33386,126.73539
40313,당진T1_154,충청남도,154,154kV,PQ,3,충청,12,1.0,0.0,1.05,0.95,1,36.9557,126.61674
70251,당진T1_D23,충청남도,22.9,22.9kV,PQ,3,충청,12,1.0,0.0,1.05,0.95,1,36.9557,126.61674
20066,남양주T2_345,경기도,345,345kV,PQ,1,수도권,9,1.0,0.0,1.05,0.95,1,37.57753,127.17899
40314,남양주T2_154,경기도,154,154kV,PQ,1,수도권,9,1.0,0.0,1.05,0.95,1,37.57753,127.17899
60066,남양주T2_T23,경기도,23,23kV,PQ,1,수도권,9,1.0,0.0,1.05,0.95,1,37.57753,127.17899
40315,진안_154,전북특별자치도,154,154kV,PQ,4,호남,13,1.0,0.0,1.05,0.95,1,35.78032,127.4539
70252,진안_D23,전북특별자치도,22.9,22.9kV,PQ,4,호남,13,1.0,0.0,1.05,0.95,1,35.78032,127.4539
40316,성포_154,경기도,154,154kV,PQ,1,수도권,9,1.0,0.0,1.05,0.95,1,37.31498,126.84417
70253,성포_D23,경기도,22.9,22.9kV,PQ,1,수도권,9,1.0,0.0,1.05,0.95,1,37.31498,126.84417
20067,신의정부_345,경기도,345,345kV,PQ,1,수도권,9,1.0,0.0,1.05,0.95,1,37.75657,127.09054
40317,신의정부_154,경기도,154,154kV,PQ,1,수도권,9,1.0,0.0,1.05,0.95,1,37.75657,127.09054
60067,신의정부_T23,경기도,23,23kV,PQ,1,수도권,9,1.0,0.0,1.05,0.95,1,37.75657,127.09054
40318,횡성_154,강원특별자치도,154,154kV,PQ,2,강원,10,1.0,0.0,1.05,0.95,1,37.49271,128.02908
70254,횡성_D23,강원특별자치도,22.9,22.9kV,PQ,2,강원,10,1.0,0.0,1.05,0.95,1,37.49271,128.02908
40319,우만_154,경기도,154,154kV,PQ,1,수도권,9,1.0,0.0,1.05,0.95,1,37.29345,127.03786
70255,우만_D23,경기도,22.9,22.9kV,PQ,1,수도권,9,1.0,0.0,1.05,0.95,1,37.29345,127.03786
40320,문발_154,경기도,154,154kV,PQ,1,수도권,9,1.0,0.0,1.05,0.95,1,37.72764,126.72208
70256,문발_D23,경기도,22.9,22.9kV,PQ,1,수도권,9,1.0,0.0,1.05,0.95,1,37.72764,126.72208
40321,일동_154,경기도,154,154kV,PQ,1,수도권,9,1.0,0.0,1.05,0.95,1,37.30141,126.87732
70257,일동_D23,경기도,22.9,22.9kV,PQ,1,수도권,9,1.0,0.0,1.05,0.95,1,37.30141,126.87732
20068,신안산_345,경기도,345,345kV,PQ,1,수도권,9,1.0,0.0,1.05,0.95,1,37.30066,126.87866
40322,신안산_154,경기도,154,154kV,PQ,1,수도권,9,1.0,0.0,1.05,0.95,1,37.30066,126.87866
60068,신안산_T23,경기도,23,23kV,PQ,1,수도권,9,1.0,0.0,1.05,0.95,1,37.30066,126.87866
40323,안산_154,경기도,154,154kV,PQ,1,수도권,9,1.0,0.0,1.05,0.95,1,37.31575,126.81151
70258,안산_D23,경기도,22.9,22.9kV,PQ,1,수도권,9,1.0,0.0,1.05,0.95,1,37.31575,126.81151
40324,유천_154,대전광역시,154,154kV,PQ,3,충청,6,1.0,0.0,1.05,0.95,1,36.31751,127.39112
70259,유천_D23,대전광역시,22.9,22.9kV,PQ,3,충청,6,1.0,0.0,1.05,0.95,1,36.31751,127.39112
40325,이의_154,경기도,154,154kV,PQ,1,수도권,9,1.0,0.0,1.05,0.95,1,37.29786,127.05903
70260,이의_D23,경기도,22.9,22.9kV,PQ,1,수도권,9,1.0,0.0,1.05,0.95,1,37.29786,127.05903
40326,신서귀_154,제주특별자치도,154,154kV,PQ,6,제주,17,1.0,0.0,1.05,0.95,1,33.26332,126.50603
70261,신서귀_D23,제주특별자치도,22.9,22.9kV,PQ,6,제주,17,1.0,0.0,1.05,0.95,1,33.26332,126.50603
40327,초정_154,충청북도,154,154kV,PQ,3,충청,11,1.0,0.0,1.05,0.95,1,36.72584,127.60966
70262,초정_D23,충청북도,22.9,22.9kV,PQ,3,충청,11,1.0,0.0,1.05,0.95,1,36.72584,127.60966
40328,청주_154,충청북도,154,154kV,PQ,3,충청,11,1.0,0.0,1.05,0.95,1,36.59829,127.51128
70263,청주_D23,충청북도,22.9,22.9kV,PQ,3,충청,11,1.0,0.0,1.05,0.95,1,36.59829,127.51128
40329,증평_154,충청북도,154,154kV,PQ,3,충청,11,1.0,0.0,1.05,0.95,1,36.80981,127.6496
70264,증평_D23,충청북도,22.9,22.9kV,PQ,3,충청,11,1.0,0.0,1.05,0.95,1,36.80981,127.6496
40330,신장_154,경기도,154,154kV,PQ,1,수도권,9,1.0,0.0,1.05,0.95,1,37.53572,127.22793
70265,신장_D23,경기도,22.9,22.9kV,PQ,1,수도권,9,1.0,0.0,1.05,0.95,1,37.53572,127.22793
40331,미아_154,서울특별시,154,154kV,PQ,1,수도권,1,1.0,0.0,1.05,0.95,1,37.61374,127.0286
70266,미아_D23,서울특별시,22.9,22.9kV,PQ,1,수도권,1,1.0,0.0,1.05,0.95,1,37.61374,127.0286
40332,비응_154,전북특별자치도,154,154kV,PQ,4,호남,13,1.0,0.0,1.05,0.95,1,35.93815,126.5627
70267,비응_D23,전북특별자치도,22.9,22.9kV,PQ,4,호남,13,1.0,0.0,1.05,0.95,1,35.93815,126.5627
40333,잠실_154,경기도,154,154kV,PQ,1,수도권,9,1.0,0.0,1.05,0.95,1,37.50363,127.08176
70268,잠실_D23,경기도,22.9,22.9kV,PQ,1,수도권,9,1.0,0.0,1.05,0.95,1,37.50363,127.08176
40334,장재_154,충청남도,154,154kV,PQ,3,충청,12,1.0,0.0,1.05,0.95,1,36.79046,127.10869
70269,장재_D23,충청남도,22.9,22.9kV,PQ,3,충청,12,1.0,0.0,1.05,0.95,1,36.79046,127.10869
40335,불당_154,충청남도,154,154kV,PQ,3,충청,12,1.0,0.0,1.05,0.95,1,36.81555,127.11574
70270,불당_D23,충청남도,22.9,22.9kV,PQ,3,충청,12,1.0,0.0,1.05,0.95,1,36.81555,127.11574
20069,신고성_345,경상남도,345,345kV,PQ,5,영남,16,1.0,0.0,1.05,0.95,1,34.91291,128.11129
40336,신고성_154,경상남도,154,154kV,PQ,5,영남,16,1.0,0.0,1.05,0.95,1,34.91291,128.11129
60069,신고성_T23,경상남도,23,23kV,PQ,5,영남,16,1.0,0.0,1.05,0.95,1,34.91291,128.11129
40337,삼척그린파워_154,경상북도,154,154kV,PQ,5,영남,15,1.0,0.0,1.05,0.95,1,37.18692,129.33585
70271,삼척그린파워_D23,경상북도,22.9,22.9kV,PQ,5,영남,15,1.0,0.0,1.05,0.95,1,37.18692,129.33585
40338,합천T1_154,경상남도,154,154kV,PQ,5,영남,16,1.0,0.0,1.05,0.95,1,35.5461,128.06779
70272,합천T1_D23,경상남도,22.9,22.9kV,PQ,5,영남,16,1.0,0.0,1.05,0.95,1,35.5461,128.06779
40339,남군포_154,경기도,154,154kV,PQ,1,수도권,9,1.0,0.0,1.05,0.95,1,37.33,126.9279
70273,남군포_D23,경기도,22.9,22.9kV,PQ,1,수도권,9,1.0,0.0,1.05,0.95,1,37.33,126.9279
40340,안산T2_154,경기도,154,154kV,PQ,1,수도권,9,1.0,0.0,1.05,0.95,1,37.32997,126.92797
70274,안산T2_D23,경기도,22.9,22.9kV,PQ,1,수도권,9,1.0,0.0,1.05,0.95,1,37.32997,126.92797
40341,수원T1_154,경기도,154,154kV,PQ,1,수도권,9,1.0,0.0,1.05,0.95,1,37.25375,127.08091
70275,수원T1_D23,경기도,22.9,22.9kV,PQ,1,수도권,9,1.0,0.0,1.05,0.95,1,37.25375,127.08091
40342,목동_154,서울특별시,154,154kV,PQ,1,수도권,1,1.0,0.0,1.05,0.95,1,37.52011,126.86879
70276,목동_D23,서울특별시,22.9,22.9kV,PQ,1,수도권,1,1.0,0.0,1.05,0.95,1,37.52011,126.86879
40343,남대구_154,대구광역시,154,154kV,PQ,5,영남,3,1.0,0.0,1.05,0.95,1,35.86187,128.62038
70277,남대구_D23,대구광역시,22.9,22.9kV,PQ,5,영남,3,1.0,0.0,1.05,0.95,1,35.86187,128.62038
40344,부안_154,전북특별자치도,154,154kV,PQ,4,호남,13,1.0,0.0,1.05,0.95,1,35.70903,126.71659
70278,부안_D23,전북특별자치도,22.9,22.9kV,PQ,4,호남,13,1.0,0.0,1.05,0.95,1,35.70903,126.71659
40345,팔달_154,대구광역시,154,154kV,PQ,5,영남,3,1.0,0.0,1.05,0.95,1,35.87888,128.53535
70279,팔달_D23,대구광역시,22.9,22.9kV,PQ,5,영남,3,1.0,0.0,1.05,0.95,1,35.87888,128.53535
40346,달서_154,대구광역시,154,154kV,PQ,5,영남,3,1.0,0.0,1.05,0.95,1,35.86075,128.49573
70280,달서_D23,대구광역시,22.9,22.9kV,PQ,5,영남,3,1.0,0.0,1.05,0.95,1,35.86075,128.49573
40347,풍세_154,충청남도,154,154kV,PQ,3,충청,12,1.0,0.0,1.05,0.95,1,36.73524,127.10398
70281,풍세_D23,충청남도,22.9,22.9kV,PQ,3,충청,12,1.0,0.0,1.05,0.95,1,36.73524,127.10398
20070,선산_345,경상북도,345,345kV,PQ,5,영남,15,1.0,0.0,1.05,0.95,1,36.17768,128.43032
40348,선산_154,경상북도,154,154kV,PQ,5,영남,15,1.0,0.0,1.05,0.95,1,36.17768,128.43032
60070,선산_T23,경상북도,23,23kV,PQ,5,영남,15,1.0,0.0,1.05,0.95,1,36.17768,128.43032
40349,영월_154,강원특별자치도,154,154kV,PQ,2,강원,10,1.0,0.0,1.05,0.95,1,37.16208,128.49619
70282,영월_D23,강원특별자치도,22.9,22.9kV,PQ,2,강원,10,1.0,0.0,1.05,0.95,1,37.16208,128.49619
10005,신중부_765,충청북도,765,765kV,PQ,3,충청,11,1.0,0.0,1.05,0.95,1,36.74889,127.35922
20071,신중부_345,충청북도,345,345kV,PQ,3,충청,11,1.0,0.0,1.05,0.95,1,36.74889,127.35922
60071,신중부_T23,충청북도,23,23kV,PQ,3,충청,11,1.0,0.0,1.05,0.95,1,36.74889,127.35922
10006,북경남_765,경상남도,765,765kV,PQ,5,영남,16,1.0,0.0,1.05,0.95,1,35.61393,128.55421
20072,북경남_345,경상남도,345,345kV,PQ,5,영남,16,1.0,0.0,1.05,0.95,1,35.61393,128.55421
60072,북경남_T23,경상남도,23,23kV,PQ,5,영남,16,1.0,0.0,1.05,0.95,1,35.61393,128.55421
20073,새만금_345,전북특별자치도,345,345kV,PQ,4,호남,13,1.0,0.0,1.05,0.95,1,35.95648,126.62247
40350,새만금_154,전북특별자치도,154,154kV,PQ,4,호남,13,1.0,0.0,1.05,0.95,1,35.95648,126.62247
60073,새만금_T23,전북특별자치도,23,23kV,PQ,4,호남,13,1.0,0.0,1.05,0.95,1,35.95648,126.62247
20074,세종_345,세종특별자치시,345,345kV,PQ,3,충청,8,1.0,0.0,1.05,0.95,1,36.49542,127.33495
40351,세종_154,세종특별자치시,154,154kV,PQ,3,충청,8,1.0,0.0,1.05,0.95,1,36.49542,127.33495
60074,세종_T23,세종특별자치시,23,23kV,PQ,3,충청,8,1.0,0.0,1.05,0.95,1,36.49542,127.33495
40352,당진_154,충청남도,154,154kV,PQ,3,충청,12,1.0,0.0,1.05,0.95,1,36.90129,126.70447
70283,당진_D23,충청남도,22.9,22.9kV,PQ,3,충청,12,1.0,0.0,1.05,0.95,1,36.90129,126.70447
20075,신당진_345,충청남도,345,345kV,PQ,3,충청,12,1.0,0.0,1.05,0.95,1,36.85295,126.58159
40353,신당진_154,충청남도,154,154kV,PQ,3,충청,12,1.0,0.0,1.05,0.95,1,36.85295,126.58159
60075,신당진_T23,충청남도,23,23kV,PQ,3,충청,12,1.0,0.0,1.05,0.95,1,36.85295,126.58159
40354,송악_154,충청남도,154,154kV,PQ,3,충청,12,1.0,0.0,1.05,0.95,1,36.96313,126.7683
70284,송악_D23,충청남도,22.9,22.9kV,PQ,3,충청,12,1.0,0.0,1.05,0.95,1,36.96313,126.7683
20076,신탕정_345,충청남도,345,345kV,PQ,3,충청,12,1.0,0.0,1.05,0.95,1,36.82465,127.0604
40355,신탕정_154,충청남도,154,154kV,PQ,3,충청,12,1.0,0.0,1.05,0.95,1,36.82465,127.0604
60076,신탕정_T23,충청남도,23,23kV,PQ,3,충청,12,1.0,0.0,1.05,0.95,1,36.82465,127.0604
20077,포스코_345,경상북도,345,345kV,PQ,5,영남,15,1.0,0.0,1.05,0.95,1,35.99761,129.39255
40356,포스코_154,경상북도,154,154kV,PQ,5,영남,15,1.0,0.0,1.05,0.95,1,35.99761,129.39255
60077,포스코_T23,경상북도,23,23kV,PQ,5,영남,15,1.0,0.0,1.05,0.95,1,35.99761,129.39255
20078,신영일_345,경상북도,345,345kV,PQ,5,영남,15,1.0,0.0,1.05,0.95,1,36.08205,129.23792
40357,신영일_154,경상북도,154,154kV,PQ,5,영남,15,1.0,0.0,1.05,0.95,1,36.08205,129.23792
60078,신영일_T23,경상북도,23,23kV,PQ,5,영남,15,1.0,0.0,1.05,0.95,1,36.08205,129.23792
20079,파주T1_345,경기도,345,345kV,PQ,1,수도권,9,1.0,0.0,1.05,0.95,1,37.71987,126.76354
40358,파주T1_154,경기도,154,154kV,PQ,1,수도권,9,1.0,0.0,1.05,0.95,1,37.71987,126.76354
60079,파주T1_T23,경기도,23,23kV,PQ,1,수도권,9,1.0,0.0,1.05,0.95,1,37.71987,126.76354
20080,신김포_345,경기도,345,345kV,PQ,1,수도권,9,1.0,0.0,1.05,0.95,1,37.63609,126.62639
40359,신김포_154,경기도,154,154kV,PQ,1,수도권,9,1.0,0.0,1.05,0.95,1,37.63609,126.62639
60080,신김포_T23,경기도,23,23kV,PQ,1,수도권,9,1.0,0.0,1.05,0.95,1,37.63609,126.62639
20081,성동_345,서울특별시,345,345kV,PQ,1,수도권,1,1.0,0.0,1.05,0.95,1,37.56809,127.03966
40360,성동_154,서울특별시,154,154kV,PQ,1,수도권,1,1.0,0.0,1.05,0.95,1,37.56809,127.03966
60081,성동_T23,서울특별시,23,23kV,PQ,1,수도권,1,1.0,0.0,1.05,0.95,1,37.56809,127.03966
40361,의성_154,경상북도,154,154kV,PQ,5,영남,15,1.0,0.0,1.05,0.95,1,36.34186,128.67013
70285,의성_D23,경상북도,22.9,22.9kV,PQ,5,영남,15,1.0,0.0,1.05,0.95,1,36.34186,128.67013
40362,인동_154,경상북도,154,154kV,PQ,5,영남,15,1.0,0.0,1.05,0.95,1,36.11622,128.4167
70286,인동_D23,경상북도,22.9,22.9kV,PQ,5,영남,15,1.0,0.0,1.05,0.95,1,36.11622,128.4167
40363,송정1_154,경기도,154,154kV,PQ,1,수도권,9,1.0,0.0,1.05,0.95,1,37.3191,126.92276
70287,송정1_D23,경기도,22.9,22.9kV,PQ,1,수도권,9,1.0,0.0,1.05,0.95,1,37.3191,126.92276
10007,울진T2_765,경상북도,765,765kV,PQ,5,영남,15,1.0,0.0,1.05,0.95,1,37.08124,129.38909
20082,울진T2_345,경상북도,345,345kV,PQ,5,영남,15,1.0,0.0,1.05,0.95,1,37.08124,129.38909
60082,울진T2_T23,경상북도,23,23kV,PQ,5,영남,15,1.0,0.0,1.05,0.95,1,37.08124,129.38909
40364,양곡_154,경기도,154,154kV,PQ,1,수도권,9,1.0,0.0,1.05,0.95,1,37.65817,126.62118
70288,양곡_D23,경기도,22.9,22.9kV,PQ,1,수도권,9,1.0,0.0,1.05,0.95,1,37.65817,126.62118
20083,청송양수_345,경상북도,345,345kV,PQ,5,영남,15,1.0,0.0,1.05,0.95,1,36.40595,129.0161
40365,청송양수_154,경상북도,154,154kV,PQ,5,영남,15,1.0,0.0,1.05,0.95,1,36.40595,129.0161
60083,청송양수_T23,경상북도,23,23kV,PQ,5,영남,15,1.0,0.0,1.05,0.95,1,36.40595,129.0161
20084,산청양수_345,경상남도,345,345kV,PQ,5,영남,16,1.0,0.0,1.05,0.95,1,35.25624,127.77631
40366,산청양수_154,경상남도,154,154kV,PQ,5,영남,16,1.0,0.0,1.05,0.95,1,35.25624,127.77631
60084,산청양수_T23,경상남도,23,23kV,PQ,5,영남,16,1.0,0.0,1.05,0.95,1,35.25624,127.77631
40367,진영_154,경상남도,154,154kV,PQ,5,영남,16,1.0,0.0,1.05,0.95,1,35.29714,128.77601
70289,진영_D23,경상남도,22.9,22.9kV,PQ,5,영남,16,1.0,0.0,1.05,0.95,1,35.29714,128.77601
20085,서부산_345,부산광역시,345,345kV,PQ,5,영남,2,1.0,0.0,1.05,0.95,1,35.14788,128.99574
40368,서부산_154,부산광역시,154,154kV,PQ,5,영남,2,1.0,0.0,1.05,0.95,1,35.14788,128.99574
60085,서부산_T23,부산광역시,23,23kV,PQ,5,영남,2,1.0,0.0,1.05,0.95,1,35.14788,128.99574
20086,동부산_345,부산광역시,345,345kV,PQ,5,영남,2,1.0,0.0,1.05,0.95,1,35.14775,129.09338
40369,동부산_154,부산광역시,154,154kV,PQ,5,영남,2,1.0,0.0,1.05,0.95,1,35.14775,129.09338
60086,동부산_T23,부산광역시,23,23kV,PQ,5,영남,2,1.0,0.0,1.05,0.95,1,35.14775,129.09338
40370,구룡_154,경상남도,154,154kV,PQ,5,영남,16,1.0,0.0,1.05,0.95,1,35.31488,128.27879
70290,구룡_D23,경상남도,22.9,22.9kV,PQ,5,영남,16,1.0,0.0,1.05,0.95,1,35.31488,128.27879
40371,동진주_154,경상남도,154,154kV,PQ,5,영남,16,1.0,0.0,1.05,0.95,1,35.18365,128.143
70291,동진주_D23,경상남도,22.9,22.9kV,PQ,5,영남,16,1.0,0.0,1.05,0.95,1,35.18365,128.143
40372,이현_154,경상남도,154,154kV,PQ,5,영남,16,1.0,0.0,1.05,0.95,1,35.19506,128.05638
70292,이현_D23,경상남도,22.9,22.9kV,PQ,5,영남,16,1.0,0.0,1.05,0.95,1,35.19506,128.05638
40373,합천_154,경상남도,154,154kV,PQ,5,영남,16,1.0,0.0,1.05,0.95,1,35.58168,128.16607
70293,합천_D23,경상남도,22.9,22.9kV,PQ,5,영남,16,1.0,0.0,1.05,0.95,1,35.58168,128.16607
40374,산청_154,경상남도,154,154kV,PQ,5,영남,16,1.0,0.0,1.05,0.95,1,35.3987,127.9114
70294,산청_D23,경상남도,22.9,22.9kV,PQ,5,영남,16,1.0,0.0,1.05,0.95,1,35.3987,127.9114
40375,사봉_154,경상남도,154,154kV,PQ,5,영남,16,1.0,0.0,1.05,0.95,1,35.19133,128.27401
70295,사봉_D23,경상남도,22.9,22.9kV,PQ,5,영남,16,1.0,0.0,1.05,0.95,1,35.19133,128.27401
40376,사남_154,경상남도,154,154kV,PQ,5,영남,16,1.0,0.0,1.05,0.95,1,35.06449,128.0524
70296,사남_D23,경상남도,22.9,22.9kV,PQ,5,영남,16,1.0,0.0,1.05,0.95,1,35.06449,128.0524
40377,개양_154,경상남도,154,154kV,PQ,5,영남,16,1.0,0.0,1.05,0.95,1,35.16146,128.11393
70297,개양_D23,경상남도,22.9,22.9kV,PQ,5,영남,16,1.0,0.0,1.05,0.95,1,35.16146,128.11393
40378,사천_154,경상남도,154,154kV,PQ,5,영남,16,1.0,0.0,1.05,0.95,1,35.06816,128.07261
70298,사천_D23,경상남도,22.9,22.9kV,PQ,5,영남,16,1.0,0.0,1.05,0.95,1,35.06816,128.07261
20087,김포T1_345,경기도,345,345kV,PQ,1,수도권,9,1.0,0.0,1.05,0.95,1,37.65231,126.66347
40379,김포T1_154,경기도,154,154kV,PQ,1,수도권,9,1.0,0.0,1.05,0.95,1,37.65231,126.66347
60087,김포T1_T23,경기도,23,23kV,PQ,1,수도권,9,1.0,0.0,1.05,0.95,1,37.65231,126.66347
20088,파주T2_345,경기도,345,345kV,PQ,1,수도권,9,1.0,0.0,1.05,0.95,1,37.70704,126.72876
40380,파주T2_154,경기도,154,154kV,PQ,1,수도권,9,1.0,0.0,1.05,0.95,1,37.70704,126.72876
60088,파주T2_T23,경기도,23,23kV,PQ,1,수도권,9,1.0,0.0,1.05,0.95,1,37.70704,126.72876
40381,남면_154,경기도,154,154kV,PQ,1,수도권,9,1.0,0.0,1.05,0.95,1,37.91043,126.95737
70299,남면_D23,경기도,22.9,22.9kV,PQ,1,수도권,9,1.0,0.0,1.05,0.95,1,37.91043,126.95737
40382,문산_154,경기도,154,154kV,PQ,1,수도권,9,1.0,0.0,1.05,0.95,1,37.86332,126.78339
70300,문산_D23,경기도,22.9,22.9kV,PQ,1,수도권,9,1.0,0.0,1.05,0.95,1,37.86332,126.78339
40383,성남T1_154,경기도,154,154kV,PQ,1,수도권,9,1.0,0.0,1.05,0.95,1,37.33844,127.12847
70301,성남T1_D23,경기도,22.9,22.9kV,PQ,1,수도권,9,1.0,0.0,1.05,0.95,1,37.33844,127.12847
40384,남사_154,경기도,154,154kV,PQ,1,수도권,9,1.0,0.0,1.05,0.95,1,37.14061,127.18894
70302,남사_D23,경기도,22.9,22.9kV,PQ,1,수도권,9,1.0,0.0,1.05,0.95,1,37.14061,127.18894
40385,가평_154,강원특별자치도,154,154kV,PQ,2,강원,10,1.0,0.0,1.05,0.95,1,37.81351,127.49837
70303,가평_D23,강원특별자치도,22.9,22.9kV,PQ,2,강원,10,1.0,0.0,1.05,0.95,1,37.81351,127.49837
40386,고양_154,경기도,154,154kV,PQ,1,수도권,9,1.0,0.0,1.05,0.95,1,37.66328,126.81853
70304,고양_D23,경기도,22.9,22.9kV,PQ,1,수도권,9,1.0,0.0,1.05,0.95,1,37.66328,126.81853
40387,불광_154,경기도,154,154kV,PQ,1,수도권,9,1.0,0.0,1.05,0.95,1,37.64782,126.91841
70305,불광_D23,경기도,22.9,22.9kV,PQ,1,수도권,9,1.0,0.0,1.05,0.95,1,37.64782,126.91841
40388,호수_154,경기도,154,154kV,PQ,1,수도권,9,1.0,0.0,1.05,0.95,1,37.66389,126.73461
70306,호수_D23,경기도,22.9,22.9kV,PQ,1,수도권,9,1.0,0.0,1.05,0.95,1,37.66389,126.73461
40389,백학_154,경기도,154,154kV,PQ,1,수도권,9,1.0,0.0,1.05,0.95,1,38.01622,126.9279
70307,백학_D23,경기도,22.9,22.9kV,PQ,1,수도권,9,1.0,0.0,1.05,0.95,1,38.01622,126.9279
40390,월롱_154,경기도,154,154kV,PQ,1,수도권,9,1.0,0.0,1.05,0.95,1,37.83025,126.77544
70308,월롱_D23,경기도,22.9,22.9kV,PQ,1,수도권,9,1.0,0.0,1.05,0.95,1,37.83025,126.77544
40391,선유_154,경기도,154,154kV,PQ,1,수도권,9,1.0,0.0,1.05,0.95,1,37.85441,126.80095
70309,선유_D23,경기도,22.9,22.9kV,PQ,1,수도권,9,1.0,0.0,1.05,0.95,1,37.85441,126.80095
40392,신봉_154,경기도,154,154kV,PQ,1,수도권,9,1.0,0.0,1.05,0.95,1,37.32621,127.06089
70310,신봉_D23,경기도,22.9,22.9kV,PQ,1,수도권,9,1.0,0.0,1.05,0.95,1,37.32621,127.06089
20089,신부평_345,인천광역시,345,345kV,PQ,1,수도권,4,1.0,0.0,1.05,0.95,1,37.51606,126.73035
40393,신부평_154,인천광역시,154,154kV,PQ,1,수도권,4,1.0,0.0,1.05,0.95,1,37.51606,126.73035
60089,신부평_T23,인천광역시,23,23kV,PQ,1,수도권,4,1.0,0.0,1.05,0.95,1,37.51606,126.73035
40394,전의_154,충청남도,154,154kV,PQ,3,충청,12,1.0,0.0,1.05,0.95,1,36.70193,127.21692
70311,전의_D23,충청남도,22.9,22.9kV,PQ,3,충청,12,1.0,0.0,1.05,0.95,1,36.70193,127.21692
40395,동영월_154,강원특별자치도,154,154kV,PQ,2,강원,10,1.0,0.0,1.05,0.95,1,37.18687,128.62516
70312,동영월_D23,강원특별자치도,22.9,22.9kV,PQ,2,강원,10,1.0,0.0,1.05,0.95,1,37.18687,128.62516
40396,은하_154,충청남도,154,154kV,PQ,3,충청,12,1.0,0.0,1.05,0.95,1,36.52129,126.59201
70313,은하_D23,충청남도,22.9,22.9kV,PQ,3,충청,12,1.0,0.0,1.05,0.95,1,36.52129,126.59201
40397,해미_154,충청남도,154,154kV,PQ,3,충청,12,1.0,0.0,1.05,0.95,1,36.72669,126.55474
70314,해미_D23,충청남도,22.9,22.9kV,PQ,3,충청,12,1.0,0.0,1.05,0.95,1,36.72669,126.55474
40398,대천_154,충청남도,154,154kV,PQ,3,충청,12,1.0,0.0,1.05,0.95,1,36.30926,126.60061
70315,대천_D23,충청남도,22.9,22.9kV,PQ,3,충청,12,1.0,0.0,1.05,0.95,1,36.30926,126.60061
40399,신풍_154,충청남도,154,154kV,PQ,3,충청,12,1.0,0.0,1.05,0.95,1,36.48789,126.93651
70316,신풍_D23,충청남도,22.9,22.9kV,PQ,3,충청,12,1.0,0.0,1.05,0.95,1,36.48789,126.93651
40400,홍성_154,충청남도,154,154kV,PQ,3,충청,12,1.0,0.0,1.05,0.95,1,36.61881,126.66988
70317,홍성_D23,충청남도,22.9,22.9kV,PQ,3,충청,12,1.0,0.0,1.05,0.95,1,36.61881,126.66988
40401,예산_154,충청남도,154,154kV,PQ,3,충청,12,1.0,0.0,1.05,0.95,1,36.73245,126.82617
70318,예산_D23,충청남도,22.9,22.9kV,PQ,3,충청,12,1.0,0.0,1.05,0.95,1,36.73245,126.82617
40402,태화_154,울산광역시,154,154kV,PQ,5,영남,7,1.0,0.0,1.05,0.95,1,35.56195,129.29023
70319,태화_D23,울산광역시,22.9,22.9kV,PQ,5,영남,7,1.0,0.0,1.05,0.95,1,35.56195,129.29023
40403,주문진_154,강원특별자치도,154,154kV,PQ,2,강원,10,1.0,0.0,1.05,0.95,1,37.87822,128.80151
70320,주문진_D23,강원특별자치도,22.9,22.9kV,PQ,2,강원,10,1.0,0.0,1.05,0.95,1,37.87822,128.80151
40404,인제_154,강원특별자치도,154,154kV,PQ,2,강원,10,1.0,0.0,1.05,0.95,1,38.11389,128.17755
70321,인제_D23,강원특별자치도,22.9,22.9kV,PQ,2,강원,10,1.0,0.0,1.05,0.95,1,38.11389,128.17755
40405,홍천_154,강원특별자치도,154,154kV,PQ,2,강원,10,1.0,0.0,1.05,0.95,1,37.67425,127.87164
70322,홍천_D23,강원특별자치도,22.9,22.9kV,PQ,2,강원,10,1.0,0.0,1.05,0.95,1,37.67425,127.87164
40406,상남_154,강원특별자치도,154,154kV,PQ,2,강원,10,1.0,0.0,1.05,0.95,1,37.84166,128.23652
70323,상남_D23,강원특별자치도,22.9,22.9kV,PQ,2,강원,10,1.0,0.0,1.05,0.95,1,37.84166,128.23652
40407,양구_154,강원특별자치도,154,154kV,PQ,2,강원,10,1.0,0.0,1.05,0.95,1,38.06084,128.01063
70324,양구_D23,강원특별자치도,22.9,22.9kV,PQ,2,강원,10,1.0,0.0,1.05,0.95,1,38.06084,128.01063
40408,문막_154,강원특별자치도,154,154kV,PQ,2,강원,10,1.0,0.0,1.05,0.95,1,37.2893,127.78885
70325,문막_D23,강원특별자치도,22.9,22.9kV,PQ,2,강원,10,1.0,0.0,1.05,0.95,1,37.2893,127.78885
40409,서판교_154,경기도,154,154kV,PQ,1,수도권,9,1.0,0.0,1.05,0.95,1,37.39137,127.07161
70326,서판교_D23,경기도,22.9,22.9kV,PQ,1,수도권,9,1.0,0.0,1.05,0.95,1,37.39137,127.07161
40410,정자_154,경기도,154,154kV,PQ,1,수도권,9,1.0,0.0,1.05,0.95,1,37.37579,127.1045
70327,정자_D23,경기도,22.9,22.9kV,PQ,1,수도권,9,1.0,0.0,1.05,0.95,1,37.37579,127.1045
40411,동판교_154,경기도,154,154kV,PQ,1,수도권,9,1.0,0.0,1.05,0.95,1,37.3936,127.10546
70328,동판교_D23,경기도,22.9,22.9kV,PQ,1,수도권,9,1.0,0.0,1.05,0.95,1,37.3936,127.10546
40412,양촌_154,경기도,154,154kV,PQ,1,수도권,9,1.0,0.0,1.05,0.95,1,37.60918,126.62387
70329,양촌_D23,경기도,22.9,22.9kV,PQ,1,수도권,9,1.0,0.0,1.05,0.95,1,37.60918,126.62387
40413,김포_154,경기도,154,154kV,PQ,1,수도권,9,1.0,0.0,1.05,0.95,1,37.61927,126.69672
70330,김포_D23,경기도,22.9,22.9kV,PQ,1,수도권,9,1.0,0.0,1.05,0.95,1,37.61927,126.69672
40414,통진_154,경기도,154,154kV,PQ,1,수도권,9,1.0,0.0,1.05,0.95,1,37.68829,126.59094
70331,통진_D23,경기도,22.9,22.9kV,PQ,1,수도권,9,1.0,0.0,1.05,0.95,1,37.68829,126.59094
40415,서침산_154,대구광역시,154,154kV,PQ,5,영남,3,1.0,0.0,1.05,0.95,1,35.88667,128.58379
70332,서침산_D23,대구광역시,22.9,22.9kV,PQ,5,영남,3,1.0,0.0,1.05,0.95,1,35.88667,128.58379
40416,송우_154,경기도,154,154kV,PQ,1,수도권,9,1.0,0.0,1.05,0.95,1,37.82067,127.13732
70333,송우_D23,경기도,22.9,22.9kV,PQ,1,수도권,9,1.0,0.0,1.05,0.95,1,37.82067,127.13732
40417,용정_154,경기도,154,154kV,PQ,1,수도권,9,1.0,0.0,1.05,0.95,1,37.8844,127.20448
70334,용정_D23,경기도,22.9,22.9kV,PQ,1,수도권,9,1.0,0.0,1.05,0.95,1,37.8844,127.20448
40418,북강릉_154,강원특별자치도,154,154kV,PQ,2,강원,10,1.0,0.0,1.05,0.95,1,37.8012,128.84908
70335,북강릉_D23,강원특별자치도,22.9,22.9kV,PQ,2,강원,10,1.0,0.0,1.05,0.95,1,37.8012,128.84908
40419,화천_154,강원특별자치도,154,154kV,PQ,2,강원,10,1.0,0.0,1.05,0.95,1,38.12628,127.64505
70336,화천_D23,강원특별자치도,22.9,22.9kV,PQ,2,강원,10,1.0,0.0,1.05,0.95,1,38.12628,127.64505
40420,춘천_154,강원특별자치도,154,154kV,PQ,2,강원,10,1.0,0.0,1.05,0.95,1,37.88457,127.75219
70337,춘천_D23,강원특별자치도,22.9,22.9kV,PQ,2,강원,10,1.0,0.0,1.05,0.95,1,37.88457,127.75219
40421,북춘천_154,강원특별자치도,154,154kV,PQ,2,강원,10,1.0,0.0,1.05,0.95,1,37.93677,127.73178
70338,북춘천_D23,강원특별자치도,22.9,22.9kV,PQ,2,강원,10,1.0,0.0,1.05,0.95,1,37.93677,127.73178
40422,서홍천_154,강원특별자치도,154,154kV,PQ,2,강원,10,1.0,0.0,1.05,0.95,1,37.68095,127.57954
70339,서홍천_D23,강원특별자치도,22.9,22.9kV,PQ,2,강원,10,1.0,0.0,1.05,0.95,1,37.68095,127.57954
40423,남춘천_154,강원특별자치도,154,154kV,PQ,2,강원,10,1.0,0.0,1.05,0.95,1,37.84427,127.74376
70340,남춘천_D23,강원특별자치도,22.9,22.9kV,PQ,2,강원,10,1.0,0.0,1.05,0.95,1,37.84427,127.74376
40424,전곡_154,경기도,154,154kV,PQ,1,수도권,9,1.0,0.0,1.05,0.95,1,38.03125,127.09628
70341,전곡_D23,경기도,22.9,22.9kV,PQ,1,수도권,9,1.0,0.0,1.05,0.95,1,38.03125,127.09628
40425,내촌_154,경기도,154,154kV,PQ,1,수도권,9,1.0,0.0,1.05,0.95,1,37.84268,127.27481
70342,내촌_D23,경기도,22.9,22.9kV,PQ,1,수도권,9,1.0,0.0,1.05,0.95,1,37.84268,127.27481
40426,포천_154,경기도,154,154kV,PQ,1,수도권,9,1.0,0.0,1.05,0.95,1,37.91772,127.22067
70343,포천_D23,경기도,22.9,22.9kV,PQ,1,수도권,9,1.0,0.0,1.05,0.95,1,37.91772,127.22067
40427,향남_154,경기도,154,154kV,PQ,1,수도권,9,1.0,0.0,1.05,0.95,1,37.14298,126.97886
70344,향남_D23,경기도,22.9,22.9kV,PQ,1,수도권,9,1.0,0.0,1.05,0.95,1,37.14298,126.97886
40428,발안_154,경기도,154,154kV,PQ,1,수도권,9,1.0,0.0,1.05,0.95,1,37.11302,126.9283
70345,발안_D23,경기도,22.9,22.9kV,PQ,1,수도권,9,1.0,0.0,1.05,0.95,1,37.11302,126.9283
40429,남수원_154,경기도,154,154kV,PQ,1,수도권,9,1.0,0.0,1.05,0.95,1,37.19599,127.0055
70346,남수원_D23,경기도,22.9,22.9kV,PQ,1,수도권,9,1.0,0.0,1.05,0.95,1,37.19599,127.0055
40430,조암_154,경기도,154,154kV,PQ,1,수도권,9,1.0,0.0,1.05,0.95,1,37.07872,126.83232
70347,조암_D23,경기도,22.9,22.9kV,PQ,1,수도권,9,1.0,0.0,1.05,0.95,1,37.07872,126.83232
40431,장덕_154,경기도,154,154kV,PQ,1,수도권,9,1.0,0.0,1.05,0.95,1,37.16069,126.84784
70348,장덕_D23,경기도,22.9,22.9kV,PQ,1,수도권,9,1.0,0.0,1.05,0.95,1,37.16069,126.84784
40432,사강_154,경기도,154,154kV,PQ,1,수도권,9,1.0,0.0,1.05,0.95,1,37.21695,126.71614
70349,사강_D23,경기도,22.9,22.9kV,PQ,1,수도권,9,1.0,0.0,1.05,0.95,1,37.21695,126.71614
40433,북동탄_154,경기도,154,154kV,PQ,1,수도권,9,1.0,0.0,1.05,0.95,1,37.21584,127.0899
70350,북동탄_D23,경기도,22.9,22.9kV,PQ,1,수도권,9,1.0,0.0,1.05,0.95,1,37.21584,127.0899
40434,구문천_154,경기도,154,154kV,PQ,1,수도권,9,1.0,0.0,1.05,0.95,1,37.08283,126.89326
70351,구문천_D23,경기도,22.9,22.9kV,PQ,1,수도권,9,1.0,0.0,1.05,0.95,1,37.08283,126.89326
40435,남시화_154,경기도,154,154kV,PQ,1,수도권,9,1.0,0.0,1.05,0.95,1,37.327,126.71777
70352,남시화_D23,경기도,22.9,22.9kV,PQ,1,수도권,9,1.0,0.0,1.05,0.95,1,37.327,126.71777
40436,원미_154,인천광역시,154,154kV,PQ,1,수도권,4,1.0,0.0,1.05,0.95,1,37.49689,126.74532
70353,원미_D23,인천광역시,22.9,22.9kV,PQ,1,수도권,4,1.0,0.0,1.05,0.95,1,37.49689,126.74532
40437,도당_154,인천광역시,154,154kV,PQ,1,수도권,4,1.0,0.0,1.05,0.95,1,37.50707,126.78713
70354,도당_D23,인천광역시,22.9,22.9kV,PQ,1,수도권,4,1.0,0.0,1.05,0.95,1,37.50707,126.78713
40438,고강_154,인천광역시,154,154kV,PQ,1,수도권,4,1.0,0.0,1.05,0.95,1,37.53925,126.81745
70355,고강_D23,인천광역시,22.9,22.9kV,PQ,1,수도권,4,1.0,0.0,1.05,0.95,1,37.53925,126.81745
40439,안면_154,충청남도,154,154kV,PQ,3,충청,12,1.0,0.0,1.05,0.95,1,36.57877,126.33254
70356,안면_D23,충청남도,22.9,22.9kV,PQ,3,충청,12,1.0,0.0,1.05,0.95,1,36.57877,126.33254
40440,남양_154,경기도,154,154kV,PQ,1,수도권,9,1.0,0.0,1.05,0.95,1,37.21721,126.83553
70357,남양_D23,경기도,22.9,22.9kV,PQ,1,수도권,9,1.0,0.0,1.05,0.95,1,37.21721,126.83553
40441,태안_154,충청남도,154,154kV,PQ,3,충청,12,1.0,0.0,1.05,0.95,1,36.74232,126.28774
70358,태안_D23,충청남도,22.9,22.9kV,PQ,3,충청,12,1.0,0.0,1.05,0.95,1,36.74232,126.28774
40442,원곡_154,경기도,154,154kV,PQ,1,수도권,9,1.0,0.0,1.05,0.95,1,37.33985,126.78953
70359,원곡_D23,경기도,22.9,22.9kV,PQ,1,수도권,9,1.0,0.0,1.05,0.95,1,37.33985,126.78953
40443,목내_154,경기도,154,154kV,PQ,1,수도권,9,1.0,0.0,1.05,0.95,1,37.30362,126.77176
70360,목내_D23,경기도,22.9,22.9kV,PQ,1,수도권,9,1.0,0.0,1.05,0.95,1,37.30362,126.77176
40444,중시화_154,경기도,154,154kV,PQ,1,수도권,9,1.0,0.0,1.05,0.95,1,37.30705,126.74311
70361,중시화_D23,경기도,22.9,22.9kV,PQ,1,수도권,9,1.0,0.0,1.05,0.95,1,37.30705,126.74311
20090,신시화_345,경기도,345,345kV,PQ,1,수도권,9,1.0,0.0,1.05,0.95,1,37.30308,126.7492
40445,신시화_154,경기도,154,154kV,PQ,1,수도권,9,1.0,0.0,1.05,0.95,1,37.30308,126.7492
60090,신시화_T23,경기도,23,23kV,PQ,1,수도권,9,1.0,0.0,1.05,0.95,1,37.30308,126.7492
40446,남정왕_154,경기도,154,154kV,PQ,1,수도권,9,1.0,0.0,1.05,0.95,1,37.32082,126.71185
70362,남정왕_D23,경기도,22.9,22.9kV,PQ,1,수도권,9,1.0,0.0,1.05,0.95,1,37.32082,126.71185
40447,동시화_154,경기도,154,154kV,PQ,1,수도권,9,1.0,0.0,1.05,0.95,1,37.33245,126.7238
70363,동시화_D23,경기도,22.9,22.9kV,PQ,1,수도권,9,1.0,0.0,1.05,0.95,1,37.33245,126.7238
40448,성곡_154,경기도,154,154kV,PQ,1,수도권,9,1.0,0.0,1.05,0.95,1,37.30842,126.75674
70364,성곡_D23,경기도,22.9,22.9kV,PQ,1,수도권,9,1.0,0.0,1.05,0.95,1,37.30842,126.75674
40449,남안산_154,경기도,154,154kV,PQ,1,수도권,9,1.0,0.0,1.05,0.95,1,37.29848,126.81915
70365,남안산_D23,경기도,22.9,22.9kV,PQ,1,수도권,9,1.0,0.0,1.05,0.95,1,37.29848,126.81915
40450,소래_154,인천광역시,154,154kV,PQ,1,수도권,4,1.0,0.0,1.05,0.95,1,37.46186,126.7899
70366,소래_D23,인천광역시,22.9,22.9kV,PQ,1,수도권,4,1.0,0.0,1.05,0.95,1,37.46186,126.7899
40451,서시화_154,경기도,154,154kV,PQ,1,수도권,9,1.0,0.0,1.05,0.95,1,37.34884,126.70661
70367,서시화_D23,경기도,22.9,22.9kV,PQ,1,수도권,9,1.0,0.0,1.05,0.95,1,37.34884,126.70661
40452,강화_154,경기도,154,154kV,PQ,1,수도권,9,1.0,0.0,1.05,0.95,1,37.68168,126.48149
70368,강화_D23,경기도,22.9,22.9kV,PQ,1,수도권,9,1.0,0.0,1.05,0.95,1,37.68168,126.48149
40453,안동_154,경상북도,154,154kV,PQ,5,영남,15,1.0,0.0,1.05,0.95,1,36.58707,128.74362
70369,안동_D23,경상북도,22.9,22.9kV,PQ,5,영남,15,1.0,0.0,1.05,0.95,1,36.58707,128.74362
40454,소사벌_154,경기도,154,154kV,PQ,1,수도권,9,1.0,0.0,1.05,0.95,1,37.01015,127.12211
70370,소사벌_D23,경기도,22.9,22.9kV,PQ,1,수도권,9,1.0,0.0,1.05,0.95,1,37.01015,127.12211
40455,팽성_154,경기도,154,154kV,PQ,1,수도권,9,1.0,0.0,1.05,0.95,1,36.96914,127.06795
70371,팽성_D23,경기도,22.9,22.9kV,PQ,1,수도권,9,1.0,0.0,1.05,0.95,1,36.96914,127.06795
40456,만호_154,충청남도,154,154kV,PQ,3,충청,12,1.0,0.0,1.05,0.95,1,36.97191,126.84567
70372,만호_D23,충청남도,22.9,22.9kV,PQ,3,충청,12,1.0,0.0,1.05,0.95,1,36.97191,126.84567
40457,청북_154,경기도,154,154kV,PQ,1,수도권,9,1.0,0.0,1.05,0.95,1,37.04997,126.97401
70373,청북_D23,경기도,22.9,22.9kV,PQ,1,수도권,9,1.0,0.0,1.05,0.95,1,37.04997,126.97401
40458,송강_154,대전광역시,154,154kV,PQ,3,충청,6,1.0,0.0,1.05,0.95,1,36.42634,127.39617
70374,송강_D23,대전광역시,22.9,22.9kV,PQ,3,충청,6,1.0,0.0,1.05,0.95,1,36.42634,127.39617
40459,세교_154,경기도,154,154kV,PQ,1,수도권,9,1.0,0.0,1.05,0.95,1,37.18941,127.0428
70375,세교_D23,경기도,22.9,22.9kV,PQ,1,수도권,9,1.0,0.0,1.05,0.95,1,37.18941,127.0428
40460,동수원_154,경기도,154,154kV,PQ,1,수도권,9,1.0,0.0,1.05,0.95,1,37.2615,127.05119
70376,동수원_D23,경기도,22.9,22.9kV,PQ,1,수도권,9,1.0,0.0,1.05,0.95,1,37.2615,127.05119
40461,일산_154,경기도,154,154kV,PQ,1,수도권,9,1.0,0.0,1.05,0.95,1,37.6498,126.7978
70377,일산_D23,경기도,22.9,22.9kV,PQ,1,수도권,9,1.0,0.0,1.05,0.95,1,37.6498,126.7978
40462,덕이_154,경기도,154,154kV,PQ,1,수도권,9,1.0,0.0,1.05,0.95,1,37.68716,126.73208
70378,덕이_D23,경기도,22.9,22.9kV,PQ,1,수도권,9,1.0,0.0,1.05,0.95,1,37.68716,126.73208
40463,서종_154,경기도,154,154kV,PQ,1,수도권,9,1.0,0.0,1.05,0.95,1,37.62231,127.35691
70379,서종_D23,경기도,22.9,22.9kV,PQ,1,수도권,9,1.0,0.0,1.05,0.95,1,37.62231,127.35691
40464,진건_154,경기도,154,154kV,PQ,1,수도권,9,1.0,0.0,1.05,0.95,1,37.62702,127.16283
70380,진건_D23,경기도,22.9,22.9kV,PQ,1,수도권,9,1.0,0.0,1.05,0.95,1,37.62702,127.16283
40465,진접_154,경기도,154,154kV,PQ,1,수도권,9,1.0,0.0,1.05,0.95,1,37.70247,127.17972
70381,진접_D23,경기도,22.9,22.9kV,PQ,1,수도권,9,1.0,0.0,1.05,0.95,1,37.70247,127.17972
40466,지제_154,경기도,154,154kV,PQ,1,수도권,9,1.0,0.0,1.05,0.95,1,37.42796,127.61672
70382,지제_D23,경기도,22.9,22.9kV,PQ,1,수도권,9,1.0,0.0,1.05,0.95,1,37.42796,127.61672
40467,용문_154,경기도,154,154kV,PQ,1,수도권,9,1.0,0.0,1.05,0.95,1,37.49773,127.51498
70383,용문_D23,경기도,22.9,22.9kV,PQ,1,수도권,9,1.0,0.0,1.05,0.95,1,37.49773,127.51498
40468,구리_154,경기도,154,154kV,PQ,1,수도권,9,1.0,0.0,1.05,0.95,1,37.60332,127.14544
70384,구리_D23,경기도,22.9,22.9kV,PQ,1,수도권,9,1.0,0.0,1.05,0.95,1,37.60332,127.14544
40469,영덕_154,경상북도,154,154kV,PQ,5,영남,15,1.0,0.0,1.05,0.95,1,36.42188,129.37436
70385,영덕_D23,경상북도,22.9,22.9kV,PQ,5,영남,15,1.0,0.0,1.05,0.95,1,36.42188,129.37436
40470,덕소_154,경기도,154,154kV,PQ,1,수도권,9,1.0,0.0,1.05,0.95,1,37.59288,127.22036
70386,덕소_D23,경기도,22.9,22.9kV,PQ,1,수도권,9,1.0,0.0,1.05,0.95,1,37.59288,127.22036
40471,옥정_154,경기도,154,154kV,PQ,1,수도권,9,1.0,0.0,1.05,0.95,1,37.8324,127.10176
70387,옥정_D23,경기도,22.9,22.9kV,PQ,1,수도권,9,1.0,0.0,1.05,0.95,1,37.8324,127.10176
40472,용현_154,경기도,154,154kV,PQ,1,수도권,9,1.0,0.0,1.05,0.95,1,37.73663,127.08214
70388,용현_D23,경기도,22.9,22.9kV,PQ,1,수도권,9,1.0,0.0,1.05,0.95,1,37.73663,127.08214
40473,금오_154,경기도,154,154kV,PQ,1,수도권,9,1.0,0.0,1.05,0.95,1,37.74737,127.08509
70389,금오_D23,경기도,22.9,22.9kV,PQ,1,수도권,9,1.0,0.0,1.05,0.95,1,37.74737,127.08509
40474,진보_154,경상북도,154,154kV,PQ,5,영남,15,1.0,0.0,1.05,0.95,1,36.53621,129.0769
70390,진보_D23,경상북도,22.9,22.9kV,PQ,5,영남,15,1.0,0.0,1.05,0.95,1,36.53621,129.0769
40475,동안동_154,경상북도,154,154kV,PQ,5,영남,15,1.0,0.0,1.05,0.95,1,36.52883,128.77758
70391,동안동_D23,경상북도,22.9,22.9kV,PQ,5,영남,15,1.0,0.0,1.05,0.95,1,36.52883,128.77758
40476,농서_154,경기도,154,154kV,PQ,1,수도권,9,1.0,0.0,1.05,0.95,1,37.23075,127.07338
70392,농서_D23,경기도,22.9,22.9kV,PQ,1,수도권,9,1.0,0.0,1.05,0.95,1,37.23075,127.07338
40477,죽전_154,경기도,154,154kV,PQ,1,수도권,9,1.0,0.0,1.05,0.95,1,37.32441,127.10505
70393,죽전_D23,경기도,22.9,22.9kV,PQ,1,수도권,9,1.0,0.0,1.05,0.95,1,37.32441,127.10505
40478,모현_154,경기도,154,154kV,PQ,1,수도권,9,1.0,0.0,1.05,0.95,1,37.30833,127.24283
70394,모현_D23,경기도,22.9,22.9kV,PQ,1,수도권,9,1.0,0.0,1.05,0.95,1,37.30833,127.24283
40479,동백_154,경기도,154,154kV,PQ,1,수도권,9,1.0,0.0,1.05,0.95,1,37.25771,127.16244
70395,동백_D23,경기도,22.9,22.9kV,PQ,1,수도권,9,1.0,0.0,1.05,0.95,1,37.25771,127.16244
40480,기흥_154,경기도,154,154kV,PQ,1,수도권,9,1.0,0.0,1.05,0.95,1,37.24666,127.10554
70396,기흥_D23,경기도,22.9,22.9kV,PQ,1,수도권,9,1.0,0.0,1.05,0.95,1,37.24666,127.10554
40481,호매실_154,경기도,154,154kV,PQ,1,수도권,9,1.0,0.0,1.05,0.95,1,37.25742,126.96437
70397,호매실_D23,경기도,22.9,22.9kV,PQ,1,수도권,9,1.0,0.0,1.05,0.95,1,37.25742,126.96437
40482,의왕_154,경기도,154,154kV,PQ,1,수도권,9,1.0,0.0,1.05,0.95,1,37.35067,126.96338
70398,의왕_D23,경기도,22.9,22.9kV,PQ,1,수도권,9,1.0,0.0,1.05,0.95,1,37.35067,126.96338
40483,율전_154,경기도,154,154kV,PQ,1,수도권,9,1.0,0.0,1.05,0.95,1,37.3023,126.9832
70399,율전_D23,경기도,22.9,22.9kV,PQ,1,수도권,9,1.0,0.0,1.05,0.95,1,37.3023,126.9832
40484,마북_154,경기도,154,154kV,PQ,1,수도권,9,1.0,0.0,1.05,0.95,1,37.29426,127.10701
70400,마북_D23,경기도,22.9,22.9kV,PQ,1,수도권,9,1.0,0.0,1.05,0.95,1,37.29426,127.10701
40485,평촌_154,경기도,154,154kV,PQ,1,수도권,9,1.0,0.0,1.05,0.95,1,37.40008,126.95439
70401,평촌_D23,경기도,22.9,22.9kV,PQ,1,수도권,9,1.0,0.0,1.05,0.95,1,37.40008,126.95439
40486,남안성_154,경기도,154,154kV,PQ,1,수도권,9,1.0,0.0,1.05,0.95,1,37.00872,127.25075
70402,남안성_D23,경기도,22.9,22.9kV,PQ,1,수도권,9,1.0,0.0,1.05,0.95,1,37.00872,127.25075
40487,오천_154,경기도,154,154kV,PQ,1,수도권,9,1.0,0.0,1.05,0.95,1,37.25513,127.35342
70403,오천_D23,경기도,22.9,22.9kV,PQ,1,수도권,9,1.0,0.0,1.05,0.95,1,37.25513,127.35342
40488,오포_154,경기도,154,154kV,PQ,1,수도권,9,1.0,0.0,1.05,0.95,1,37.35136,127.19928
70404,오포_D23,경기도,22.9,22.9kV,PQ,1,수도권,9,1.0,0.0,1.05,0.95,1,37.35136,127.19928
40489,중원_154,경기도,154,154kV,PQ,1,수도권,9,1.0,0.0,1.05,0.95,1,37.42078,127.11917
70405,중원_D23,경기도,22.9,22.9kV,PQ,1,수도권,9,1.0,0.0,1.05,0.95,1,37.42078,127.11917
40490,이천_154,경기도,154,154kV,PQ,1,수도권,9,1.0,0.0,1.05,0.95,1,37.28134,127.48443
70406,이천_D23,경기도,22.9,22.9kV,PQ,1,수도권,9,1.0,0.0,1.05,0.95,1,37.28134,127.48443
40491,율현_154,경기도,154,154kV,PQ,1,수도권,9,1.0,0.0,1.05,0.95,1,37.26047,127.44417
70407,율현_D23,경기도,22.9,22.9kV,PQ,1,수도권,9,1.0,0.0,1.05,0.95,1,37.26047,127.44417
40492,합덕_154,충청남도,154,154kV,PQ,3,충청,12,1.0,0.0,1.05,0.95,1,36.78657,126.75263
70408,합덕_D23,충청남도,22.9,22.9kV,PQ,3,충청,12,1.0,0.0,1.05,0.95,1,36.78657,126.75263
40493,옥산_154,충청남도,154,154kV,PQ,3,충청,12,1.0,0.0,1.05,0.95,1,36.18885,126.77826
70409,옥산_D23,충청남도,22.9,22.9kV,PQ,3,충청,12,1.0,0.0,1.05,0.95,1,36.18885,126.77826
40494,부여_154,충청남도,154,154kV,PQ,3,충청,12,1.0,0.0,1.05,0.95,1,36.2978,126.94483
70410,부여_D23,충청남도,22.9,22.9kV,PQ,3,충청,12,1.0,0.0,1.05,0.95,1,36.2978,126.94483
40495,금산_154,전북특별자치도,154,154kV,PQ,4,호남,13,1.0,0.0,1.05,0.95,1,36.10904,127.49483
70411,금산_D23,전북특별자치도,22.9,22.9kV,PQ,4,호남,13,1.0,0.0,1.05,0.95,1,36.10904,127.49483
40496,추부_154,대전광역시,154,154kV,PQ,3,충청,6,1.0,0.0,1.05,0.95,1,36.22228,127.49488
70412,추부_D23,대전광역시,22.9,22.9kV,PQ,3,충청,6,1.0,0.0,1.05,0.95,1,36.22228,127.49488
40497,석문_154,충청남도,154,154kV,PQ,3,충청,12,1.0,0.0,1.05,0.95,1,37.00787,126.55752
70413,석문_D23,충청남도,22.9,22.9kV,PQ,3,충청,12,1.0,0.0,1.05,0.95,1,37.00787,126.55752
40498,대산_154,충청남도,154,154kV,PQ,3,충청,12,1.0,0.0,1.05,0.95,1,36.97768,126.41551
70414,대산_D23,충청남도,22.9,22.9kV,PQ,3,충청,12,1.0,0.0,1.05,0.95,1,36.97768,126.41551
40499,창공_154,경상남도,154,154kV,PQ,5,영남,16,1.0,0.0,1.05,0.95,1,35.22342,128.65574
70415,창공_D23,경상남도,22.9,22.9kV,PQ,5,영남,16,1.0,0.0,1.05,0.95,1,35.22342,128.65574
40500,차룡_154,경상남도,154,154kV,PQ,5,영남,16,1.0,0.0,1.05,0.95,1,35.24579,128.62884
70416,차룡_D23,경상남도,22.9,22.9kV,PQ,5,영남,16,1.0,0.0,1.05,0.95,1,35.24579,128.62884
40501,진해_154,경상남도,154,154kV,PQ,5,영남,16,1.0,0.0,1.05,0.95,1,35.15437,128.71187
70417,진해_D23,경상남도,22.9,22.9kV,PQ,5,영남,16,1.0,0.0,1.05,0.95,1,35.15437,128.71187
40502,월림_154,경상남도,154,154kV,PQ,5,영남,16,1.0,0.0,1.05,0.95,1,35.20533,128.63235
70418,월림_D23,경상남도,22.9,22.9kV,PQ,5,영남,16,1.0,0.0,1.05,0.95,1,35.20533,128.63235
40503,완암_154,경상남도,154,154kV,PQ,5,영남,16,1.0,0.0,1.05,0.95,1,35.2062,128.65427
70419,완암_D23,경상남도,22.9,22.9kV,PQ,5,영남,16,1.0,0.0,1.05,0.95,1,35.2062,128.65427
40504,안민_154,경상남도,154,154kV,PQ,5,영남,16,1.0,0.0,1.05,0.95,1,35.20255,128.67894
70420,안민_D23,경상남도,22.9,22.9kV,PQ,5,영남,16,1.0,0.0,1.05,0.95,1,35.20255,128.67894
40505,동읍_154,경상남도,154,154kV,PQ,5,영남,16,1.0,0.0,1.05,0.95,1,35.28884,128.6761
70421,동읍_D23,경상남도,22.9,22.9kV,PQ,5,영남,16,1.0,0.0,1.05,0.95,1,35.28884,128.6761
40506,서대전_154,대전광역시,154,154kV,PQ,3,충청,6,1.0,0.0,1.05,0.95,1,36.32783,127.3725
70422,서대전_D23,대전광역시,22.9,22.9kV,PQ,3,충청,6,1.0,0.0,1.05,0.95,1,36.32783,127.3725
40507,남대전_154,대전광역시,154,154kV,PQ,3,충청,6,1.0,0.0,1.05,0.95,1,36.30392,127.45481
70423,남대전_D23,대전광역시,22.9,22.9kV,PQ,3,충청,6,1.0,0.0,1.05,0.95,1,36.30392,127.45481
40508,신월_154,경상남도,154,154kV,PQ,5,영남,16,1.0,0.0,1.05,0.95,1,35.22743,128.70408
70424,신월_D23,경상남도,22.9,22.9kV,PQ,5,영남,16,1.0,0.0,1.05,0.95,1,35.22743,128.70408
40509,응봉_154,충청남도,154,154kV,PQ,3,충청,12,1.0,0.0,1.05,0.95,1,36.67024,126.74666
70425,응봉_D23,충청남도,22.9,22.9kV,PQ,3,충청,12,1.0,0.0,1.05,0.95,1,36.67024,126.74666
40510,장항_154,충청남도,154,154kV,PQ,3,충청,12,1.0,0.0,1.05,0.95,1,36.03571,126.71181
70426,장항_D23,충청남도,22.9,22.9kV,PQ,3,충청,12,1.0,0.0,1.05,0.95,1,36.03571,126.71181
40511,개금_154,부산광역시,154,154kV,PQ,5,영남,2,1.0,0.0,1.05,0.95,1,35.15038,129.0197
70427,개금_D23,부산광역시,22.9,22.9kV,PQ,5,영남,2,1.0,0.0,1.05,0.95,1,35.15038,129.0197
40512,통영_154,경상남도,154,154kV,PQ,5,영남,16,1.0,0.0,1.05,0.95,1,34.84808,128.43282
70428,통영_D23,경상남도,22.9,22.9kV,PQ,5,영남,16,1.0,0.0,1.05,0.95,1,34.84808,128.43282
40513,진동_154,경상남도,154,154kV,PQ,5,영남,16,1.0,0.0,1.05,0.95,1,35.12209,128.46949
70429,진동_D23,경상남도,22.9,22.9kV,PQ,5,영남,16,1.0,0.0,1.05,0.95,1,35.12209,128.46949
40514,삼천포_154,경상남도,154,154kV,PQ,5,영남,16,1.0,0.0,1.05,0.95,1,34.93047,128.10468
70430,삼천포_D23,경상남도,22.9,22.9kV,PQ,5,영남,16,1.0,0.0,1.05,0.95,1,34.93047,128.10468
40515,안정_154,경상남도,154,154kV,PQ,5,영남,16,1.0,0.0,1.05,0.95,1,34.95222,128.41284
70431,안정_D23,경상남도,22.9,22.9kV,PQ,5,영남,16,1.0,0.0,1.05,0.95,1,34.95222,128.41284
40516,아주_154,경상남도,154,154kV,PQ,5,영남,16,1.0,0.0,1.05,0.95,1,34.86662,128.6974
70432,아주_D23,경상남도,22.9,22.9kV,PQ,5,영남,16,1.0,0.0,1.05,0.95,1,34.86662,128.6974
40517,진주_154,경상남도,154,154kV,PQ,5,영남,16,1.0,0.0,1.05,0.95,1,35.18343,128.12115
70433,진주_D23,경상남도,22.9,22.9kV,PQ,5,영남,16,1.0,0.0,1.05,0.95,1,35.18343,128.12115
40518,한림정_154,경상남도,154,154kV,PQ,5,영남,16,1.0,0.0,1.05,0.95,1,35.29187,128.80365
70434,한림정_D23,경상남도,22.9,22.9kV,PQ,5,영남,16,1.0,0.0,1.05,0.95,1,35.29187,128.80365
40519,초동_154,경상남도,154,154kV,PQ,5,영남,16,1.0,0.0,1.05,0.95,1,35.41388,128.69012
70435,초동_D23,경상남도,22.9,22.9kV,PQ,5,영남,16,1.0,0.0,1.05,0.95,1,35.41388,128.69012
40520,중리_154,경상남도,154,154kV,PQ,5,영남,16,1.0,0.0,1.05,0.95,1,35.23247,128.49348
70436,중리_D23,경상남도,22.9,22.9kV,PQ,5,영남,16,1.0,0.0,1.05,0.95,1,35.23247,128.49348
40521,서마산_154,경상남도,154,154kV,PQ,5,영남,16,1.0,0.0,1.05,0.95,1,35.17885,128.55896
70437,서마산_D23,경상남도,22.9,22.9kV,PQ,5,영남,16,1.0,0.0,1.05,0.95,1,35.17885,128.55896
40522,마산_154,경상남도,154,154kV,PQ,5,영남,16,1.0,0.0,1.05,0.95,1,35.2251,128.57667
70438,마산_D23,경상남도,22.9,22.9kV,PQ,5,영남,16,1.0,0.0,1.05,0.95,1,35.2251,128.57667
40523,수산_154,경상남도,154,154kV,PQ,5,영남,16,1.0,0.0,1.05,0.95,1,35.38471,128.7183
70439,수산_D23,경상남도,22.9,22.9kV,PQ,5,영남,16,1.0,0.0,1.05,0.95,1,35.38471,128.7183
40524,천선_154,경상남도,154,154kV,PQ,5,영남,16,1.0,0.0,1.05,0.95,1,35.18671,128.70845
70440,천선_D23,경상남도,22.9,22.9kV,PQ,5,영남,16,1.0,0.0,1.05,0.95,1,35.18671,128.70845
40525,청통_154,대구광역시,154,154kV,PQ,5,영남,3,1.0,0.0,1.05,0.95,1,35.94998,128.86264
70441,청통_D23,대구광역시,22.9,22.9kV,PQ,5,영남,3,1.0,0.0,1.05,0.95,1,35.94998,128.86264
40526,양북_154,경상북도,154,154kV,PQ,5,영남,15,1.0,0.0,1.05,0.95,1,35.76907,129.44606
70442,양북_D23,경상북도,22.9,22.9kV,PQ,5,영남,15,1.0,0.0,1.05,0.95,1,35.76907,129.44606
40527,아화_154,경상북도,154,154kV,PQ,5,영남,15,1.0,0.0,1.05,0.95,1,35.90336,129.03334
70443,아화_D23,경상북도,22.9,22.9kV,PQ,5,영남,15,1.0,0.0,1.05,0.95,1,35.90336,129.03334
40528,북포항_154,경상북도,154,154kV,PQ,5,영남,15,1.0,0.0,1.05,0.95,1,36.05162,129.35712
70444,북포항_D23,경상북도,22.9,22.9kV,PQ,5,영남,15,1.0,0.0,1.05,0.95,1,36.05162,129.35712
40529,남포항_154,경상북도,154,154kV,PQ,5,영남,15,1.0,0.0,1.05,0.95,1,36.01078,129.34685
70445,남포항_D23,경상북도,22.9,22.9kV,PQ,5,영남,15,1.0,0.0,1.05,0.95,1,36.01078,129.34685
40530,경주_154,경상북도,154,154kV,PQ,5,영남,15,1.0,0.0,1.05,0.95,1,35.84728,129.24268
70446,경주_D23,경상북도,22.9,22.9kV,PQ,5,영남,15,1.0,0.0,1.05,0.95,1,35.84728,129.24268
40531,가야_154,경상남도,154,154kV,PQ,5,영남,16,1.0,0.0,1.05,0.95,1,35.26981,128.38051
70447,가야_D23,경상남도,22.9,22.9kV,PQ,5,영남,16,1.0,0.0,1.05,0.95,1,35.26981,128.38051
40532,청하_154,경상북도,154,154kV,PQ,5,영남,15,1.0,0.0,1.05,0.95,1,36.15515,129.34615
70448,청하_D23,경상북도,22.9,22.9kV,PQ,5,영남,15,1.0,0.0,1.05,0.95,1,36.15515,129.34615
40533,어모_154,경상북도,154,154kV,PQ,5,영남,15,1.0,0.0,1.05,0.95,1,36.15999,128.12582
70449,어모_D23,경상북도,22.9,22.9kV,PQ,5,영남,15,1.0,0.0,1.05,0.95,1,36.15999,128.12582
40534,농소_154,경상북도,154,154kV,PQ,5,영남,15,1.0,0.0,1.05,0.95,1,36.13124,128.18274
70450,농소_D23,경상북도,22.9,22.9kV,PQ,5,영남,15,1.0,0.0,1.05,0.95,1,36.13124,128.18274
40535,남구미_154,경상북도,154,154kV,PQ,5,영남,15,1.0,0.0,1.05,0.95,1,36.08132,128.35754
70451,남구미_D23,경상북도,22.9,22.9kV,PQ,5,영남,15,1.0,0.0,1.05,0.95,1,36.08132,128.35754
40536,금릉_154,경상북도,154,154kV,PQ,5,영남,15,1.0,0.0,1.05,0.95,1,36.08105,128.09752
70452,금릉_D23,경상북도,22.9,22.9kV,PQ,5,영남,15,1.0,0.0,1.05,0.95,1,36.08105,128.09752
40537,김천_154,경상북도,154,154kV,PQ,5,영남,15,1.0,0.0,1.05,0.95,1,36.13293,128.13504
70453,김천_D23,경상북도,22.9,22.9kV,PQ,5,영남,15,1.0,0.0,1.05,0.95,1,36.13293,128.13504
40538,광평_154,경상북도,154,154kV,PQ,5,영남,15,1.0,0.0,1.05,0.95,1,36.09903,128.37169
70454,광평_D23,경상북도,22.9,22.9kV,PQ,5,영남,15,1.0,0.0,1.05,0.95,1,36.09903,128.37169
40539,현풍_154,대구광역시,154,154kV,PQ,5,영남,3,1.0,0.0,1.05,0.95,1,35.69126,128.47684
70455,현풍_D23,대구광역시,22.9,22.9kV,PQ,5,영남,3,1.0,0.0,1.05,0.95,1,35.69126,128.47684
40540,침산_154,대구광역시,154,154kV,PQ,5,영남,3,1.0,0.0,1.05,0.95,1,35.89265,128.59143
70456,침산_D23,대구광역시,22.9,22.9kV,PQ,5,영남,3,1.0,0.0,1.05,0.95,1,35.89265,128.59143
40541,쌍림_154,경상남도,154,154kV,PQ,5,영남,16,1.0,0.0,1.05,0.95,1,35.66539,128.25142
70457,쌍림_D23,경상남도,22.9,22.9kV,PQ,5,영남,16,1.0,0.0,1.05,0.95,1,35.66539,128.25142
40542,성서_154,대구광역시,154,154kV,PQ,5,영남,3,1.0,0.0,1.05,0.95,1,35.83107,128.49311
70458,성서_D23,대구광역시,22.9,22.9kV,PQ,5,영남,3,1.0,0.0,1.05,0.95,1,35.83107,128.49311
40543,다사_154,대구광역시,154,154kV,PQ,5,영남,3,1.0,0.0,1.05,0.95,1,35.86906,128.42488
70459,다사_D23,대구광역시,22.9,22.9kV,PQ,5,영남,3,1.0,0.0,1.05,0.95,1,35.86906,128.42488
40544,구지_154,경상남도,154,154kV,PQ,5,영남,16,1.0,0.0,1.05,0.95,1,35.63529,128.43085
70460,구지_D23,경상남도,22.9,22.9kV,PQ,5,영남,16,1.0,0.0,1.05,0.95,1,35.63529,128.43085
40545,흥해_154,경상북도,154,154kV,PQ,5,영남,15,1.0,0.0,1.05,0.95,1,36.09294,129.4111
70461,흥해_D23,경상북도,22.9,22.9kV,PQ,5,영남,15,1.0,0.0,1.05,0.95,1,36.09294,129.4111
40546,포항_154,경상북도,154,154kV,PQ,5,영남,15,1.0,0.0,1.05,0.95,1,35.98293,129.37004
70462,포항_D23,경상북도,22.9,22.9kV,PQ,5,영남,15,1.0,0.0,1.05,0.95,1,35.98293,129.37004
40547,입실_154,경상북도,154,154kV,PQ,5,영남,15,1.0,0.0,1.05,0.95,1,35.70986,129.28503
70463,입실_D23,경상북도,22.9,22.9kV,PQ,5,영남,15,1.0,0.0,1.05,0.95,1,35.70986,129.28503
40548,왕신_154,경상북도,154,154kV,PQ,5,영남,15,1.0,0.0,1.05,0.95,1,35.95971,129.30533
70464,왕신_D23,경상북도,22.9,22.9kV,PQ,5,영남,15,1.0,0.0,1.05,0.95,1,35.95971,129.30533
40549,진량_154,대구광역시,154,154kV,PQ,5,영남,3,1.0,0.0,1.05,0.95,1,35.86697,128.79793
70465,진량_D23,대구광역시,22.9,22.9kV,PQ,5,영남,3,1.0,0.0,1.05,0.95,1,35.86697,128.79793
40550,자인_154,대구광역시,154,154kV,PQ,5,영남,3,1.0,0.0,1.05,0.95,1,35.80104,128.76126
70466,자인_D23,대구광역시,22.9,22.9kV,PQ,5,영남,3,1.0,0.0,1.05,0.95,1,35.80104,128.76126
40551,와촌_154,대구광역시,154,154kV,PQ,5,영남,3,1.0,0.0,1.05,0.95,1,35.94169,128.82521
70467,와촌_D23,대구광역시,22.9,22.9kV,PQ,5,영남,3,1.0,0.0,1.05,0.95,1,35.94169,128.82521
40552,왜관_154,대구광역시,154,154kV,PQ,5,영남,3,1.0,0.0,1.05,0.95,1,35.93295,128.42011
70468,왜관_D23,대구광역시,22.9,22.9kV,PQ,5,영남,3,1.0,0.0,1.05,0.95,1,35.93295,128.42011
40553,풍산_154,경상북도,154,154kV,PQ,5,영남,15,1.0,0.0,1.05,0.95,1,36.59623,128.54767
70469,풍산_D23,경상북도,22.9,22.9kV,PQ,5,영남,15,1.0,0.0,1.05,0.95,1,36.59623,128.54767
40554,평해_154,경상북도,154,154kV,PQ,5,영남,15,1.0,0.0,1.05,0.95,1,36.70746,129.44056
70470,평해_D23,경상북도,22.9,22.9kV,PQ,5,영남,15,1.0,0.0,1.05,0.95,1,36.70746,129.44056
40555,울진_154,경상북도,154,154kV,PQ,5,영남,15,1.0,0.0,1.05,0.95,1,37.09275,129.37329
70471,울진_D23,경상북도,22.9,22.9kV,PQ,5,영남,15,1.0,0.0,1.05,0.95,1,37.09275,129.37329
40556,예천_154,경상북도,154,154kV,PQ,5,영남,15,1.0,0.0,1.05,0.95,1,36.64723,128.43358
70472,예천_D23,경상북도,22.9,22.9kV,PQ,5,영남,15,1.0,0.0,1.05,0.95,1,36.64723,128.43358
40557,영주_154,경상북도,154,154kV,PQ,5,영남,15,1.0,0.0,1.05,0.95,1,36.81327,128.6391
70473,영주_D23,경상북도,22.9,22.9kV,PQ,5,영남,15,1.0,0.0,1.05,0.95,1,36.81327,128.6391
40558,문경_154,경상북도,154,154kV,PQ,5,영남,15,1.0,0.0,1.05,0.95,1,36.68997,128.14576
70474,문경_D23,경상북도,22.9,22.9kV,PQ,5,영남,15,1.0,0.0,1.05,0.95,1,36.68997,128.14576
40559,청리_154,경상북도,154,154kV,PQ,5,영남,15,1.0,0.0,1.05,0.95,1,36.31231,128.1195
70475,청리_D23,경상북도,22.9,22.9kV,PQ,5,영남,15,1.0,0.0,1.05,0.95,1,36.31231,128.1195
40560,남인동_154,경상북도,154,154kV,PQ,5,영남,15,1.0,0.0,1.05,0.95,1,36.08451,128.4141
70476,남인동_D23,경상북도,22.9,22.9kV,PQ,5,영남,15,1.0,0.0,1.05,0.95,1,36.08451,128.4141
40561,안계_154,경상북도,154,154kV,PQ,5,영남,15,1.0,0.0,1.05,0.95,1,36.37154,128.485
70477,안계_D23,경상북도,22.9,22.9kV,PQ,5,영남,15,1.0,0.0,1.05,0.95,1,36.37154,128.485
40562,금전_154,경상북도,154,154kV,PQ,5,영남,15,1.0,0.0,1.05,0.95,1,36.13222,128.443
70478,금전_D23,경상북도,22.9,22.9kV,PQ,5,영남,15,1.0,0.0,1.05,0.95,1,36.13222,128.443
40563,산동_154,경상북도,154,154kV,PQ,5,영남,15,1.0,0.0,1.05,0.95,1,36.15252,128.45248
70479,산동_D23,경상북도,22.9,22.9kV,PQ,5,영남,15,1.0,0.0,1.05,0.95,1,36.15252,128.45248
40564,군위_154,경상북도,154,154kV,PQ,5,영남,15,1.0,0.0,1.05,0.95,1,36.18289,128.57995
70480,군위_D23,경상북도,22.9,22.9kV,PQ,5,영남,15,1.0,0.0,1.05,0.95,1,36.18289,128.57995
40565,구미_154,경상북도,154,154kV,PQ,5,영남,15,1.0,0.0,1.05,0.95,1,36.11818,128.37669
70481,구미_D23,경상북도,22.9,22.9kV,PQ,5,영남,15,1.0,0.0,1.05,0.95,1,36.11818,128.37669
40566,고아_154,경상북도,154,154kV,PQ,5,영남,15,1.0,0.0,1.05,0.95,1,36.17125,128.35283
70482,고아_D23,경상북도,22.9,22.9kV,PQ,5,영남,15,1.0,0.0,1.05,0.95,1,36.17125,128.35283
40567,와룡_154,대구광역시,154,154kV,PQ,5,영남,3,1.0,0.0,1.05,0.95,1,35.86187,128.52689
70483,와룡_D23,대구광역시,22.9,22.9kV,PQ,5,영남,3,1.0,0.0,1.05,0.95,1,35.86187,128.52689
40568,서구지_154,경상남도,154,154kV,PQ,5,영남,16,1.0,0.0,1.05,0.95,1,35.65606,128.39501
70484,서구지_D23,경상남도,22.9,22.9kV,PQ,5,영남,16,1.0,0.0,1.05,0.95,1,35.65606,128.39501
40569,상인_154,대구광역시,154,154kV,PQ,5,영남,3,1.0,0.0,1.05,0.95,1,35.80577,128.54618
70485,상인_D23,대구광역시,22.9,22.9kV,PQ,5,영남,3,1.0,0.0,1.05,0.95,1,35.80577,128.54618
40570,두류_154,대구광역시,154,154kV,PQ,5,영남,3,1.0,0.0,1.05,0.95,1,35.85382,128.55852
70486,두류_D23,대구광역시,22.9,22.9kV,PQ,5,영남,3,1.0,0.0,1.05,0.95,1,35.85382,128.55852
40571,산격_154,대구광역시,154,154kV,PQ,5,영남,3,1.0,0.0,1.05,0.95,1,35.90333,128.60843
70487,산격_D23,대구광역시,22.9,22.9kV,PQ,5,영남,3,1.0,0.0,1.05,0.95,1,35.90333,128.60843
40572,동인_154,대구광역시,154,154kV,PQ,5,영남,3,1.0,0.0,1.05,0.95,1,35.87264,128.60149
70488,동인_D23,대구광역시,22.9,22.9kV,PQ,5,영남,3,1.0,0.0,1.05,0.95,1,35.87264,128.60149
40573,검단_154,대구광역시,154,154kV,PQ,5,영남,3,1.0,0.0,1.05,0.95,1,35.91345,128.61058
70489,검단_D23,대구광역시,22.9,22.9kV,PQ,5,영남,3,1.0,0.0,1.05,0.95,1,35.91345,128.61058
40574,학익_154,인천광역시,154,154kV,PQ,1,수도권,4,1.0,0.0,1.05,0.95,1,37.4372,126.64731
70490,학익_D23,인천광역시,22.9,22.9kV,PQ,1,수도권,4,1.0,0.0,1.05,0.95,1,37.4372,126.64731
40575,주안_154,인천광역시,154,154kV,PQ,1,수도권,4,1.0,0.0,1.05,0.95,1,37.47215,126.6989
70491,주안_D23,인천광역시,22.9,22.9kV,PQ,1,수도권,4,1.0,0.0,1.05,0.95,1,37.47215,126.6989
40576,인천_154,인천광역시,154,154kV,PQ,1,수도권,4,1.0,0.0,1.05,0.95,1,37.4618,126.65563
70492,인천_D23,인천광역시,22.9,22.9kV,PQ,1,수도권,4,1.0,0.0,1.05,0.95,1,37.4618,126.65563
40577,신현_154,인천광역시,154,154kV,PQ,1,수도권,4,1.0,0.0,1.05,0.95,1,37.48238,126.66099
70493,신현_D23,인천광역시,22.9,22.9kV,PQ,1,수도권,4,1.0,0.0,1.05,0.95,1,37.48238,126.66099
40578,송현_154,인천광역시,154,154kV,PQ,1,수도권,4,1.0,0.0,1.05,0.95,1,37.48146,126.63768
70494,송현_D23,인천광역시,22.9,22.9kV,PQ,1,수도권,4,1.0,0.0,1.05,0.95,1,37.48146,126.63768
40579,북인천_154,인천광역시,154,154kV,PQ,1,수도권,4,1.0,0.0,1.05,0.95,1,37.52846,126.67545
70495,북인천_D23,인천광역시,22.9,22.9kV,PQ,1,수도권,4,1.0,0.0,1.05,0.95,1,37.52846,126.67545
40580,만수_154,인천광역시,154,154kV,PQ,1,수도권,4,1.0,0.0,1.05,0.95,1,37.44136,126.73161
70496,만수_D23,인천광역시,22.9,22.9kV,PQ,1,수도권,4,1.0,0.0,1.05,0.95,1,37.44136,126.73161
40581,영종_154,인천광역시,154,154kV,PQ,1,수도권,4,1.0,0.0,1.05,0.95,1,37.49581,126.47542
70497,영종_D23,인천광역시,22.9,22.9kV,PQ,1,수도권,4,1.0,0.0,1.05,0.95,1,37.49581,126.47542
40582,송월_154,인천광역시,154,154kV,PQ,1,수도권,4,1.0,0.0,1.05,0.95,1,37.48199,126.61912
70498,송월_D23,인천광역시,22.9,22.9kV,PQ,1,수도권,4,1.0,0.0,1.05,0.95,1,37.48199,126.61912
40583,남인천_154,인천광역시,154,154kV,PQ,1,수도권,4,1.0,0.0,1.05,0.95,1,37.46208,126.6341
70499,남인천_D23,인천광역시,22.9,22.9kV,PQ,1,수도권,4,1.0,0.0,1.05,0.95,1,37.46208,126.6341
40584,관교_154,인천광역시,154,154kV,PQ,1,수도권,4,1.0,0.0,1.05,0.95,1,37.43918,126.70292
70500,관교_D23,인천광역시,22.9,22.9kV,PQ,1,수도권,4,1.0,0.0,1.05,0.95,1,37.43918,126.70292
40585,왕길_154,경기도,154,154kV,PQ,1,수도권,9,1.0,0.0,1.05,0.95,1,37.5875,126.62202
70501,왕길_D23,경기도,22.9,22.9kV,PQ,1,수도권,9,1.0,0.0,1.05,0.95,1,37.5875,126.62202
40586,경서_154,경기도,154,154kV,PQ,1,수도권,9,1.0,0.0,1.05,0.95,1,37.55001,126.64721
70502,경서_D23,경기도,22.9,22.9kV,PQ,1,수도권,9,1.0,0.0,1.05,0.95,1,37.55001,126.64721
40587,부평T2_154,인천광역시,154,154kV,PQ,1,수도권,4,1.0,0.0,1.05,0.95,1,37.52939,126.61302
70503,부평T2_D23,인천광역시,22.9,22.9kV,PQ,1,수도권,4,1.0,0.0,1.05,0.95,1,37.52939,126.61302
40588,청라_154,인천광역시,154,154kV,PQ,1,수도권,4,1.0,0.0,1.05,0.95,1,37.54086,126.64915
70504,청라_D23,인천광역시,22.9,22.9kV,PQ,1,수도권,4,1.0,0.0,1.05,0.95,1,37.54086,126.64915
40589,부개_154,인천광역시,154,154kV,PQ,1,수도권,4,1.0,0.0,1.05,0.95,1,37.48582,126.73129
70505,부개_D23,인천광역시,22.9,22.9kV,PQ,1,수도권,4,1.0,0.0,1.05,0.95,1,37.48582,126.73129
40590,안심_154,대구광역시,154,154kV,PQ,5,영남,3,1.0,0.0,1.05,0.95,1,35.87352,128.68689
70506,안심_D23,대구광역시,22.9,22.9kV,PQ,5,영남,3,1.0,0.0,1.05,0.95,1,35.87352,128.68689
40591,구암_154,대구광역시,154,154kV,PQ,5,영남,3,1.0,0.0,1.05,0.95,1,35.94523,128.57505
70507,구암_D23,대구광역시,22.9,22.9kV,PQ,5,영남,3,1.0,0.0,1.05,0.95,1,35.94523,128.57505
40592,관음_154,대구광역시,154,154kV,PQ,5,영남,3,1.0,0.0,1.05,0.95,1,35.94397,128.5422
70508,관음_D23,대구광역시,22.9,22.9kV,PQ,5,영남,3,1.0,0.0,1.05,0.95,1,35.94397,128.5422
40593,소라_154,전라남도,154,154kV,PQ,4,호남,14,1.0,0.0,1.05,0.95,1,34.77635,127.63566
70509,소라_D23,전라남도,22.9,22.9kV,PQ,4,호남,14,1.0,0.0,1.05,0.95,1,34.77635,127.63566
40594,율촌_154,전라남도,154,154kV,PQ,4,호남,14,1.0,0.0,1.05,0.95,1,34.90013,127.57499
70510,율촌_D23,전라남도,22.9,22.9kV,PQ,4,호남,14,1.0,0.0,1.05,0.95,1,34.90013,127.57499
40595,여수_154,전라남도,154,154kV,PQ,4,호남,14,1.0,0.0,1.05,0.95,1,34.76995,127.69651
70511,여수_D23,전라남도,22.9,22.9kV,PQ,4,호남,14,1.0,0.0,1.05,0.95,1,34.76995,127.69651
40596,백운_154,전라남도,154,154kV,PQ,4,호남,14,1.0,0.0,1.05,0.95,1,34.95953,127.67768
70512,백운_D23,전라남도,22.9,22.9kV,PQ,4,호남,14,1.0,0.0,1.05,0.95,1,34.95953,127.67768
40597,승주_154,전라남도,154,154kV,PQ,4,호남,14,1.0,0.0,1.05,0.95,1,35.04362,127.26511
70513,승주_D23,전라남도,22.9,22.9kV,PQ,4,호남,14,1.0,0.0,1.05,0.95,1,35.04362,127.26511
40598,충장_154,광주광역시,154,154kV,PQ,4,호남,5,1.0,0.0,1.05,0.95,1,35.15136,126.90863
70514,충장_D23,광주광역시,22.9,22.9kV,PQ,4,호남,5,1.0,0.0,1.05,0.95,1,35.15136,126.90863
40599,일곡_154,광주광역시,154,154kV,PQ,4,호남,5,1.0,0.0,1.05,0.95,1,35.20012,126.8893
70515,일곡_D23,광주광역시,22.9,22.9kV,PQ,4,호남,5,1.0,0.0,1.05,0.95,1,35.20012,126.8893
40600,북광주_154,광주광역시,154,154kV,PQ,4,호남,5,1.0,0.0,1.05,0.95,1,35.17793,126.89075
70516,북광주_D23,광주광역시,22.9,22.9kV,PQ,4,호남,5,1.0,0.0,1.05,0.95,1,35.17793,126.89075
40601,계림_154,광주광역시,154,154kV,PQ,4,호남,5,1.0,0.0,1.05,0.95,1,35.18398,126.93715
70517,계림_D23,광주광역시,22.9,22.9kV,PQ,4,호남,5,1.0,0.0,1.05,0.95,1,35.18398,126.93715
40602,송정2_154,광주광역시,154,154kV,PQ,4,호남,5,1.0,0.0,1.05,0.95,1,35.14803,126.78951
70518,송정2_D23,광주광역시,22.9,22.9kV,PQ,4,호남,5,1.0,0.0,1.05,0.95,1,35.14803,126.78951
40603,매월_154,광주광역시,154,154kV,PQ,4,호남,5,1.0,0.0,1.05,0.95,1,35.11555,126.86534
70519,매월_D23,광주광역시,22.9,22.9kV,PQ,4,호남,5,1.0,0.0,1.05,0.95,1,35.11555,126.86534
40604,농성_154,광주광역시,154,154kV,PQ,4,호남,5,1.0,0.0,1.05,0.95,1,35.16072,126.86528
70520,농성_D23,광주광역시,22.9,22.9kV,PQ,4,호남,5,1.0,0.0,1.05,0.95,1,35.16072,126.86528
40605,곡성_154,전북특별자치도,154,154kV,PQ,4,호남,13,1.0,0.0,1.05,0.95,1,35.32671,127.23047
70521,곡성_D23,전북특별자치도,22.9,22.9kV,PQ,4,호남,13,1.0,0.0,1.05,0.95,1,35.32671,127.23047
40606,구례_154,전북특별자치도,154,154kV,PQ,4,호남,13,1.0,0.0,1.05,0.95,1,35.1954,127.459
70522,구례_D23,전북특별자치도,22.9,22.9kV,PQ,4,호남,13,1.0,0.0,1.05,0.95,1,35.1954,127.459
40607,금천_154,전라남도,154,154kV,PQ,4,호남,14,1.0,0.0,1.05,0.95,1,35.00922,126.80067
70523,금천_D23,전라남도,22.9,22.9kV,PQ,4,호남,14,1.0,0.0,1.05,0.95,1,35.00922,126.80067
40608,고잔_154,인천광역시,154,154kV,PQ,1,수도권,4,1.0,0.0,1.05,0.95,1,37.39612,126.69553
70524,고잔_D23,인천광역시,22.9,22.9kV,PQ,1,수도권,4,1.0,0.0,1.05,0.95,1,37.39612,126.69553
40609,도림_154,인천광역시,154,154kV,PQ,1,수도권,4,1.0,0.0,1.05,0.95,1,37.42327,126.75462
70525,도림_D23,인천광역시,22.9,22.9kV,PQ,1,수도권,4,1.0,0.0,1.05,0.95,1,37.42327,126.75462
40610,북송도_154,인천광역시,154,154kV,PQ,1,수도권,4,1.0,0.0,1.05,0.95,1,37.40651,126.63003
70526,북송도_D23,인천광역시,22.9,22.9kV,PQ,1,수도권,4,1.0,0.0,1.05,0.95,1,37.40651,126.63003
40611,동송도_154,인천광역시,154,154kV,PQ,1,수도권,4,1.0,0.0,1.05,0.95,1,37.36751,126.66467
70527,동송도_D23,인천광역시,22.9,22.9kV,PQ,1,수도권,4,1.0,0.0,1.05,0.95,1,37.36751,126.66467
40612,오봉_154,인천광역시,154,154kV,PQ,1,수도권,4,1.0,0.0,1.05,0.95,1,37.39921,126.7178
70528,오봉_D23,인천광역시,22.9,22.9kV,PQ,1,수도권,4,1.0,0.0,1.05,0.95,1,37.39921,126.7178
40613,동춘_154,인천광역시,154,154kV,PQ,1,수도권,4,1.0,0.0,1.05,0.95,1,37.39579,126.67403
70529,동춘_D23,인천광역시,22.9,22.9kV,PQ,1,수도권,4,1.0,0.0,1.05,0.95,1,37.39579,126.67403
40614,남동_154,인천광역시,154,154kV,PQ,1,수도권,4,1.0,0.0,1.05,0.95,1,37.41165,126.69048
70530,남동_D23,인천광역시,22.9,22.9kV,PQ,1,수도권,4,1.0,0.0,1.05,0.95,1,37.41165,126.69048
40615,중산_154,인천광역시,154,154kV,PQ,1,수도권,4,1.0,0.0,1.05,0.95,1,37.48462,126.53255
70531,중산_D23,인천광역시,22.9,22.9kV,PQ,1,수도권,4,1.0,0.0,1.05,0.95,1,37.48462,126.53255
40616,화치_154,전라남도,154,154kV,PQ,4,호남,14,1.0,0.0,1.05,0.95,1,34.82005,127.64433
70532,화치_D23,전라남도,22.9,22.9kV,PQ,4,호남,14,1.0,0.0,1.05,0.95,1,34.82005,127.64433
40617,담양_154,광주광역시,154,154kV,PQ,4,호남,5,1.0,0.0,1.05,0.95,1,35.35022,127.02471
70533,담양_D23,광주광역시,22.9,22.9kV,PQ,4,호남,5,1.0,0.0,1.05,0.95,1,35.35022,127.02471
40618,삼호_154,전라남도,154,154kV,PQ,4,호남,14,1.0,0.0,1.05,0.95,1,34.74144,126.39423
70534,삼호_D23,전라남도,22.9,22.9kV,PQ,4,호남,14,1.0,0.0,1.05,0.95,1,34.74144,126.39423
40619,엄다_154,전라남도,154,154kV,PQ,4,호남,14,1.0,0.0,1.05,0.95,1,35.0059,126.51143
70535,엄다_D23,전라남도,22.9,22.9kV,PQ,4,호남,14,1.0,0.0,1.05,0.95,1,35.0059,126.51143
40620,운남_154,전라남도,154,154kV,PQ,4,호남,14,1.0,0.0,1.05,0.95,1,35.02678,126.39589
70536,운남_D23,전라남도,22.9,22.9kV,PQ,4,호남,14,1.0,0.0,1.05,0.95,1,35.02678,126.39589
40621,화순_154,전라남도,154,154kV,PQ,4,호남,14,1.0,0.0,1.05,0.95,1,35.03148,127.04511
70537,화순_D23,전라남도,22.9,22.9kV,PQ,4,호남,14,1.0,0.0,1.05,0.95,1,35.03148,127.04511
40622,횡계_154,강원특별자치도,154,154kV,PQ,2,강원,10,1.0,0.0,1.05,0.95,1,37.66204,128.70452
70538,횡계_D23,강원특별자치도,22.9,22.9kV,PQ,2,강원,10,1.0,0.0,1.05,0.95,1,37.66204,128.70452
40623,올림픽_154,강원특별자치도,154,154kV,PQ,2,강원,10,1.0,0.0,1.05,0.95,1,37.67611,128.6713
70539,올림픽_D23,강원특별자치도,22.9,22.9kV,PQ,2,강원,10,1.0,0.0,1.05,0.95,1,37.67611,128.6713
40624,주진_154,강원특별자치도,154,154kV,PQ,2,강원,10,1.0,0.0,1.05,0.95,1,37.41666,128.41864
70540,주진_D23,강원특별자치도,22.9,22.9kV,PQ,2,강원,10,1.0,0.0,1.05,0.95,1,37.41666,128.41864
40625,평창_154,강원특별자치도,154,154kV,PQ,2,강원,10,1.0,0.0,1.05,0.95,1,37.55987,128.4354
70541,평창_D23,강원특별자치도,22.9,22.9kV,PQ,2,강원,10,1.0,0.0,1.05,0.95,1,37.55987,128.4354
40626,삼척_154,강원특별자치도,154,154kV,PQ,2,강원,10,1.0,0.0,1.05,0.95,1,37.42691,129.18316
70542,삼척_D23,강원특별자치도,22.9,22.9kV,PQ,2,강원,10,1.0,0.0,1.05,0.95,1,37.42691,129.18316
40627,서원주_154,강원특별자치도,154,154kV,PQ,2,강원,10,1.0,0.0,1.05,0.95,1,37.36893,127.87364
70543,서원주_D23,강원특별자치도,22.9,22.9kV,PQ,2,강원,10,1.0,0.0,1.05,0.95,1,37.36893,127.87364
40628,동원주_154,강원특별자치도,154,154kV,PQ,2,강원,10,1.0,0.0,1.05,0.95,1,37.32925,127.97599
70544,동원주_D23,강원특별자치도,22.9,22.9kV,PQ,2,강원,10,1.0,0.0,1.05,0.95,1,37.32925,127.97599
40629,북원주_154,강원특별자치도,154,154kV,PQ,2,강원,10,1.0,0.0,1.05,0.95,1,37.38563,127.93954
70545,북원주_D23,강원특별자치도,22.9,22.9kV,PQ,2,강원,10,1.0,0.0,1.05,0.95,1,37.38563,127.93954
40630,남원주_154,강원특별자치도,154,154kV,PQ,2,강원,10,1.0,0.0,1.05,0.95,1,37.31858,127.95151
70546,남원주_D23,강원특별자치도,22.9,22.9kV,PQ,2,강원,10,1.0,0.0,1.05,0.95,1,37.31858,127.95151
40631,둔내_154,강원특별자치도,154,154kV,PQ,2,강원,10,1.0,0.0,1.05,0.95,1,37.49081,128.1804
70547,둔내_D23,강원특별자치도,22.9,22.9kV,PQ,2,강원,10,1.0,0.0,1.05,0.95,1,37.49081,128.1804
40632,무주_154,전북특별자치도,154,154kV,PQ,4,호남,13,1.0,0.0,1.05,0.95,1,36.00687,127.63942
70548,무주_D23,전북특별자치도,22.9,22.9kV,PQ,4,호남,13,1.0,0.0,1.05,0.95,1,36.00687,127.63942
40633,동군산_154,전북특별자치도,154,154kV,PQ,4,호남,13,1.0,0.0,1.05,0.95,1,35.98283,126.73643
70549,동군산_D23,전북특별자치도,22.9,22.9kV,PQ,4,호남,13,1.0,0.0,1.05,0.95,1,35.98283,126.73643
40634,내초_154,전북특별자치도,154,154kV,PQ,4,호남,13,1.0,0.0,1.05,0.95,1,35.95502,126.58775
70550,내초_D23,전북특별자치도,22.9,22.9kV,PQ,4,호남,13,1.0,0.0,1.05,0.95,1,35.95502,126.58775
40635,남전주_154,전북특별자치도,154,154kV,PQ,4,호남,13,1.0,0.0,1.05,0.95,1,35.79559,127.08366
70551,남전주_D23,전북특별자치도,22.9,22.9kV,PQ,4,호남,13,1.0,0.0,1.05,0.95,1,35.79559,127.08366
40636,동전주_154,전북특별자치도,154,154kV,PQ,4,호남,13,1.0,0.0,1.05,0.95,1,35.84234,127.17944
70552,동전주_D23,전북특별자치도,22.9,22.9kV,PQ,4,호남,13,1.0,0.0,1.05,0.95,1,35.84234,127.17944
40637,임실_154,전북특별자치도,154,154kV,PQ,4,호남,13,1.0,0.0,1.05,0.95,1,35.62621,127.3024
70553,임실_D23,전북특별자치도,22.9,22.9kV,PQ,4,호남,13,1.0,0.0,1.05,0.95,1,35.62621,127.3024
40638,남원_154,전북특별자치도,154,154kV,PQ,4,호남,13,1.0,0.0,1.05,0.95,1,35.43944,127.38202
70554,남원_D23,전북특별자치도,22.9,22.9kV,PQ,4,호남,13,1.0,0.0,1.05,0.95,1,35.43944,127.38202
40639,김제_154,전북특별자치도,154,154kV,PQ,4,호남,13,1.0,0.0,1.05,0.95,1,35.80299,126.90121
70555,김제_D23,전북특별자치도,22.9,22.9kV,PQ,4,호남,13,1.0,0.0,1.05,0.95,1,35.80299,126.90121
40640,군장_154,전북특별자치도,154,154kV,PQ,4,호남,13,1.0,0.0,1.05,0.95,1,35.95848,126.54156
70556,군장_D23,전북특별자치도,22.9,22.9kV,PQ,4,호남,13,1.0,0.0,1.05,0.95,1,35.95848,126.54156
40641,소룡_154,전북특별자치도,154,154kV,PQ,4,호남,13,1.0,0.0,1.05,0.95,1,35.9696,126.63568
70557,소룡_D23,전북특별자치도,22.9,22.9kV,PQ,4,호남,13,1.0,0.0,1.05,0.95,1,35.9696,126.63568
40642,고창_154,전북특별자치도,154,154kV,PQ,4,호남,13,1.0,0.0,1.05,0.95,1,35.44844,126.69265
70558,고창_D23,전북특별자치도,22.9,22.9kV,PQ,4,호남,13,1.0,0.0,1.05,0.95,1,35.44844,126.69265
40643,정주_154,전북특별자치도,154,154kV,PQ,4,호남,13,1.0,0.0,1.05,0.95,1,35.58828,126.85501
70559,정주_D23,전북특별자치도,22.9,22.9kV,PQ,4,호남,13,1.0,0.0,1.05,0.95,1,35.58828,126.85501
40644,원주_154,강원특별자치도,154,154kV,PQ,2,강원,10,1.0,0.0,1.05,0.95,1,37.35212,127.90109
70560,원주_D23,강원특별자치도,22.9,22.9kV,PQ,2,강원,10,1.0,0.0,1.05,0.95,1,37.35212,127.90109
40645,이원_154,강원특별자치도,154,154kV,PQ,2,강원,10,1.0,0.0,1.05,0.95,1,37.46442,129.0913
70561,이원_D23,강원특별자치도,22.9,22.9kV,PQ,2,강원,10,1.0,0.0,1.05,0.95,1,37.46442,129.0913
40646,정선_154,강원특별자치도,154,154kV,PQ,2,강원,10,1.0,0.0,1.05,0.95,1,37.34843,128.73846
70562,정선_D23,강원특별자치도,22.9,22.9kV,PQ,2,강원,10,1.0,0.0,1.05,0.95,1,37.34843,128.73846
40647,한국철도공사동해변전사업소_154,강원특별자치도,154,154kV,PQ,2,강원,10,1.0,0.0,1.05,0.95,1,37.48096,129.11537
70563,한국철도공사동해변전사업소_D23,강원특별자치도,22.9,22.9kV,PQ,2,강원,10,1.0,0.0,1.05,0.95,1,37.48096,129.11537
40648,고한_154,강원특별자치도,154,154kV,PQ,2,강원,10,1.0,0.0,1.05,0.95,1,37.21915,128.83993
70564,고한_D23,강원특별자치도,22.9,22.9kV,PQ,2,강원,10,1.0,0.0,1.05,0.95,1,37.21915,128.83993
40649,도계_154,강원특별자치도,154,154kV,PQ,2,강원,10,1.0,0.0,1.05,0.95,1,37.21917,129.03341
70565,도계_D23,강원특별자치도,22.9,22.9kV,PQ,2,강원,10,1.0,0.0,1.05,0.95,1,37.21917,129.03341
40650,괴산_154,충청북도,154,154kV,PQ,3,충청,11,1.0,0.0,1.05,0.95,1,36.82749,127.78647
70566,괴산_D23,충청북도,22.9,22.9kV,PQ,3,충청,11,1.0,0.0,1.05,0.95,1,36.82749,127.78647
40651,감곡_154,경기도,154,154kV,PQ,1,수도권,9,1.0,0.0,1.05,0.95,1,37.11799,127.68377
70567,감곡_D23,경기도,22.9,22.9kV,PQ,1,수도권,9,1.0,0.0,1.05,0.95,1,37.11799,127.68377
40652,태평_154,전북특별자치도,154,154kV,PQ,4,호남,13,1.0,0.0,1.05,0.95,1,35.82432,127.13376
70568,태평_D23,전북특별자치도,22.9,22.9kV,PQ,4,호남,13,1.0,0.0,1.05,0.95,1,35.82432,127.13376
40653,정공_154,전북특별자치도,154,154kV,PQ,4,호남,13,1.0,0.0,1.05,0.95,1,35.61758,126.91647
70569,정공_D23,전북특별자치도,22.9,22.9kV,PQ,4,호남,13,1.0,0.0,1.05,0.95,1,35.61758,126.91647
40654,장수_154,전북특별자치도,154,154kV,PQ,4,호남,13,1.0,0.0,1.05,0.95,1,35.67504,127.51817
70570,장수_D23,전북특별자치도,22.9,22.9kV,PQ,4,호남,13,1.0,0.0,1.05,0.95,1,35.67504,127.51817
40655,영등_154,전북특별자치도,154,154kV,PQ,4,호남,13,1.0,0.0,1.05,0.95,1,35.96523,126.98112
70571,영등_D23,전북특별자치도,22.9,22.9kV,PQ,4,호남,13,1.0,0.0,1.05,0.95,1,35.96523,126.98112
40656,팔봉_154,전북특별자치도,154,154kV,PQ,4,호남,13,1.0,0.0,1.05,0.95,1,35.95673,127.00017
70572,팔봉_D23,전북특별자치도,22.9,22.9kV,PQ,4,호남,13,1.0,0.0,1.05,0.95,1,35.95673,127.00017
40657,북전주_154,전북특별자치도,154,154kV,PQ,4,호남,13,1.0,0.0,1.05,0.95,1,35.94177,127.14146
70573,북전주_D23,전북특별자치도,22.9,22.9kV,PQ,4,호남,13,1.0,0.0,1.05,0.95,1,35.94177,127.14146
40658,봉동_154,전북특별자치도,154,154kV,PQ,4,호남,13,1.0,0.0,1.05,0.95,1,35.95585,127.12161
70574,봉동_D23,전북특별자치도,22.9,22.9kV,PQ,4,호남,13,1.0,0.0,1.05,0.95,1,35.95585,127.12161
40659,단양_154,충청북도,154,154kV,PQ,3,충청,11,1.0,0.0,1.05,0.95,1,36.99426,128.3321
70575,단양_D23,충청북도,22.9,22.9kV,PQ,3,충청,11,1.0,0.0,1.05,0.95,1,36.99426,128.3321
40660,금왕_154,충청북도,154,154kV,PQ,3,충청,11,1.0,0.0,1.05,0.95,1,36.98163,127.57961
70576,금왕_D23,충청북도,22.9,22.9kV,PQ,3,충청,11,1.0,0.0,1.05,0.95,1,36.98163,127.57961
40661,오송_154,충청북도,154,154kV,PQ,3,충청,11,1.0,0.0,1.05,0.95,1,36.63465,127.33635
70577,오송_D23,충청북도,22.9,22.9kV,PQ,3,충청,11,1.0,0.0,1.05,0.95,1,36.63465,127.33635
40662,서청주_154,충청북도,154,154kV,PQ,3,충청,11,1.0,0.0,1.05,0.95,1,36.63256,127.43078
70578,서청주_D23,충청북도,22.9,22.9kV,PQ,3,충청,11,1.0,0.0,1.05,0.95,1,36.63256,127.43078
40663,상당_154,충청북도,154,154kV,PQ,3,충청,11,1.0,0.0,1.05,0.95,1,36.66281,127.51014
70579,상당_D23,충청북도,22.9,22.9kV,PQ,3,충청,11,1.0,0.0,1.05,0.95,1,36.66281,127.51014
40664,사직_154,충청북도,154,154kV,PQ,3,충청,11,1.0,0.0,1.05,0.95,1,36.64224,127.4754
70580,사직_D23,충청북도,22.9,22.9kV,PQ,3,충청,11,1.0,0.0,1.05,0.95,1,36.64224,127.4754
40665,충주_154,충청북도,154,154kV,PQ,3,충청,11,1.0,0.0,1.05,0.95,1,36.9998,127.92013
70581,충주_D23,충청북도,22.9,22.9kV,PQ,3,충청,11,1.0,0.0,1.05,0.95,1,36.9998,127.92013
40666,북충주_154,충청북도,154,154kV,PQ,3,충청,11,1.0,0.0,1.05,0.95,1,37.09378,127.97119
70582,북충주_D23,충청북도,22.9,22.9kV,PQ,3,충청,11,1.0,0.0,1.05,0.95,1,37.09378,127.97119
40667,북청주_154,충청북도,154,154kV,PQ,3,충청,11,1.0,0.0,1.05,0.95,1,36.65751,127.45484
70583,북청주_D23,충청북도,22.9,22.9kV,PQ,3,충청,11,1.0,0.0,1.05,0.95,1,36.65751,127.45484
40668,봉명_154,충청북도,154,154kV,PQ,3,충청,11,1.0,0.0,1.05,0.95,1,36.65803,127.4548
70584,봉명_D23,충청북도,22.9,22.9kV,PQ,3,충청,11,1.0,0.0,1.05,0.95,1,36.65803,127.4548
40669,보은_154,대전광역시,154,154kV,PQ,3,충청,6,1.0,0.0,1.05,0.95,1,36.42816,127.72849
70585,보은_D23,대전광역시,22.9,22.9kV,PQ,3,충청,6,1.0,0.0,1.05,0.95,1,36.42816,127.72849
40670,삼죽_154,경기도,154,154kV,PQ,1,수도권,9,1.0,0.0,1.05,0.95,1,37.07498,127.38612
70586,삼죽_D23,경기도,22.9,22.9kV,PQ,1,수도권,9,1.0,0.0,1.05,0.95,1,37.07498,127.38612
40671,덕산_154,충청북도,154,154kV,PQ,3,충청,11,1.0,0.0,1.05,0.95,1,36.91428,127.49437
70587,덕산_D23,충청북도,22.9,22.9kV,PQ,3,충청,11,1.0,0.0,1.05,0.95,1,36.91428,127.49437
40672,제천T1_154,충청북도,154,154kV,PQ,3,충청,11,1.0,0.0,1.05,0.95,1,36.93991,128.33029
70588,제천T1_D23,충청북도,22.9,22.9kV,PQ,3,충청,11,1.0,0.0,1.05,0.95,1,36.93991,128.33029
40673,제천_154,충청북도,154,154kV,PQ,3,충청,11,1.0,0.0,1.05,0.95,1,37.15424,128.21224
70589,제천_D23,충청북도,22.9,22.9kV,PQ,3,충청,11,1.0,0.0,1.05,0.95,1,37.15424,128.21224
40674,장연_154,충청북도,154,154kV,PQ,3,충청,11,1.0,0.0,1.05,0.95,1,36.84875,127.96758
70590,장연_D23,충청북도,22.9,22.9kV,PQ,3,충청,11,1.0,0.0,1.05,0.95,1,36.84875,127.96758
40675,왕암_154,충청북도,154,154kV,PQ,3,충청,11,1.0,0.0,1.05,0.95,1,37.15137,128.16367
70591,왕암_D23,충청북도,22.9,22.9kV,PQ,3,충청,11,1.0,0.0,1.05,0.95,1,37.15137,128.16367
40676,옥천1_154,대전광역시,154,154kV,PQ,3,충청,6,1.0,0.0,1.05,0.95,1,36.24753,127.65239
70592,옥천1_D23,대전광역시,22.9,22.9kV,PQ,3,충청,6,1.0,0.0,1.05,0.95,1,36.24753,127.65239
40677,옥천2_154,대전광역시,154,154kV,PQ,3,충청,6,1.0,0.0,1.05,0.95,1,36.30061,127.58543
70593,옥천2_D23,대전광역시,22.9,22.9kV,PQ,3,충청,6,1.0,0.0,1.05,0.95,1,36.30061,127.58543
40678,신일_154,대전광역시,154,154kV,PQ,3,충청,6,1.0,0.0,1.05,0.95,1,36.44004,127.4016
70594,신일_D23,대전광역시,22.9,22.9kV,PQ,3,충청,6,1.0,0.0,1.05,0.95,1,36.44004,127.4016
40679,둔산_154,대전광역시,154,154kV,PQ,3,충청,6,1.0,0.0,1.05,0.95,1,36.35667,127.37709
70595,둔산_D23,대전광역시,22.9,22.9kV,PQ,3,충청,6,1.0,0.0,1.05,0.95,1,36.35667,127.37709
40680,대화_154,대전광역시,154,154kV,PQ,3,충청,6,1.0,0.0,1.05,0.95,1,36.37484,127.41492
70596,대화_D23,대전광역시,22.9,22.9kV,PQ,3,충청,6,1.0,0.0,1.05,0.95,1,36.37484,127.41492
40681,웅촌_154,울산광역시,154,154kV,PQ,5,영남,7,1.0,0.0,1.05,0.95,1,35.4646,129.21088
70597,웅촌_D23,울산광역시,22.9,22.9kV,PQ,5,영남,7,1.0,0.0,1.05,0.95,1,35.4646,129.21088
40682,옥동_154,울산광역시,154,154kV,PQ,5,영남,7,1.0,0.0,1.05,0.95,1,35.53886,129.28071
70598,옥동_D23,울산광역시,22.9,22.9kV,PQ,5,영남,7,1.0,0.0,1.05,0.95,1,35.53886,129.28071
40683,반천_154,울산광역시,154,154kV,PQ,5,영남,7,1.0,0.0,1.05,0.95,1,35.55522,129.15134
70599,반천_D23,울산광역시,22.9,22.9kV,PQ,5,영남,7,1.0,0.0,1.05,0.95,1,35.55522,129.15134
40684,언양_154,울산광역시,154,154kV,PQ,5,영남,7,1.0,0.0,1.05,0.95,1,35.51365,129.09714
70600,언양_D23,울산광역시,22.9,22.9kV,PQ,5,영남,7,1.0,0.0,1.05,0.95,1,35.51365,129.09714
40685,당월_154,울산광역시,154,154kV,PQ,5,영남,7,1.0,0.0,1.05,0.95,1,35.41263,129.33644
70601,당월_D23,울산광역시,22.9,22.9kV,PQ,5,영남,7,1.0,0.0,1.05,0.95,1,35.41263,129.33644
40686,처용_154,울산광역시,154,154kV,PQ,5,영남,7,1.0,0.0,1.05,0.95,1,35.46213,129.33777
70602,처용_D23,울산광역시,22.9,22.9kV,PQ,5,영남,7,1.0,0.0,1.05,0.95,1,35.46213,129.33777
40687,직동_154,울산광역시,154,154kV,PQ,5,영남,7,1.0,0.0,1.05,0.95,1,35.58029,129.13279
70603,직동_D23,울산광역시,22.9,22.9kV,PQ,5,영남,7,1.0,0.0,1.05,0.95,1,35.58029,129.13279
40688,동제주_154,제주특별자치도,154,154kV,PQ,6,제주,17,1.0,0.0,1.05,0.95,1,33.50188,126.55353
70604,동제주_D23,제주특별자치도,22.9,22.9kV,PQ,6,제주,17,1.0,0.0,1.05,0.95,1,33.50188,126.55353
40689,신흥_154,대전광역시,154,154kV,PQ,3,충청,6,1.0,0.0,1.05,0.95,1,36.3231,127.44072
70605,신흥_D23,대전광역시,22.9,22.9kV,PQ,3,충청,6,1.0,0.0,1.05,0.95,1,36.3231,127.44072
40690,신탄진_154,대전광역시,154,154kV,PQ,3,충청,6,1.0,0.0,1.05,0.95,1,36.44484,127.43484
70606,신탄진_D23,대전광역시,22.9,22.9kV,PQ,3,충청,6,1.0,0.0,1.05,0.95,1,36.44484,127.43484
40691,용성_154,전라남도,154,154kV,PQ,4,호남,14,1.0,0.0,1.05,0.95,1,34.84042,127.68377
70607,용성_D23,전라남도,22.9,22.9kV,PQ,4,호남,14,1.0,0.0,1.05,0.95,1,34.84042,127.68377
40692,팔복_154,전북특별자치도,154,154kV,PQ,4,호남,13,1.0,0.0,1.05,0.95,1,35.84633,127.09056
70608,팔복_D23,전북특별자치도,22.9,22.9kV,PQ,4,호남,13,1.0,0.0,1.05,0.95,1,35.84633,127.09056
40693,백산_154,전북특별자치도,154,154kV,PQ,4,호남,13,1.0,0.0,1.05,0.95,1,35.84086,126.88418
70609,백산_D23,전북특별자치도,22.9,22.9kV,PQ,4,호남,13,1.0,0.0,1.05,0.95,1,35.84086,126.88418
40694,서세종_154,세종특별자치시,154,154kV,PQ,3,충청,8,1.0,0.0,1.05,0.95,1,36.46659,127.24297
70610,서세종_D23,세종특별자치시,22.9,22.9kV,PQ,3,충청,8,1.0,0.0,1.05,0.95,1,36.46659,127.24297
40695,조치원_154,세종특별자치시,154,154kV,PQ,3,충청,8,1.0,0.0,1.05,0.95,1,36.59168,127.27388
70611,조치원_D23,세종특별자치시,22.9,22.9kV,PQ,3,충청,8,1.0,0.0,1.05,0.95,1,36.59168,127.27388
40696,표선_154,제주특별자치도,154,154kV,PQ,6,제주,17,1.0,0.0,1.05,0.95,1,33.36916,126.78016
70612,표선_D23,제주특별자치도,22.9,22.9kV,PQ,6,제주,17,1.0,0.0,1.05,0.95,1,33.36916,126.78016
40697,안덕_154,제주특별자치도,154,154kV,PQ,6,제주,17,1.0,0.0,1.05,0.95,1,33.28257,126.35165
70613,안덕_D23,제주특별자치도,22.9,22.9kV,PQ,6,제주,17,1.0,0.0,1.05,0.95,1,33.28257,126.35165
40698,한림_154,제주특별자치도,154,154kV,PQ,6,제주,17,1.0,0.0,1.05,0.95,1,33.40112,126.27242
70614,한림_D23,제주특별자치도,22.9,22.9kV,PQ,6,제주,17,1.0,0.0,1.05,0.95,1,33.40112,126.27242
40699,동남_154,경기도,154,154kV,PQ,1,수도권,9,1.0,0.0,1.05,0.95,1,37.47599,127.13219
70615,동남_D23,경기도,22.9,22.9kV,PQ,1,수도권,9,1.0,0.0,1.05,0.95,1,37.47599,127.13219
40700,반포_154,서울특별시,154,154kV,PQ,1,수도권,1,1.0,0.0,1.05,0.95,1,37.51613,127.0088
70616,반포_D23,서울특별시,22.9,22.9kV,PQ,1,수도권,1,1.0,0.0,1.05,0.95,1,37.51613,127.0088
40701,운정_154,경기도,154,154kV,PQ,1,수도권,9,1.0,0.0,1.05,0.95,1,37.70783,126.72636
70617,운정_D23,경기도,22.9,22.9kV,PQ,1,수도권,9,1.0,0.0,1.05,0.95,1,37.70783,126.72636
40702,양정_154,부산광역시,154,154kV,PQ,5,영남,2,1.0,0.0,1.05,0.95,1,35.17521,129.07936
70618,양정_D23,부산광역시,22.9,22.9kV,PQ,5,영남,2,1.0,0.0,1.05,0.95,1,35.17521,129.07936
40703,신서_154,대구광역시,154,154kV,PQ,5,영남,3,1.0,0.0,1.05,0.95,1,35.87425,128.74035
70619,신서_D23,대구광역시,22.9,22.9kV,PQ,5,영남,3,1.0,0.0,1.05,0.95,1,35.87425,128.74035
20091,북당진_345,충청남도,345,345kV,PQ,3,충청,12,1.0,0.0,1.05,0.95,1,36.95495,126.78392
40704,북당진_154,충청남도,154,154kV,PQ,3,충청,12,1.0,0.0,1.05,0.95,1,36.95495,126.78392
60091,북당진_T23,충청남도,23,23kV,PQ,3,충청,12,1.0,0.0,1.05,0.95,1,36.95495,126.78392
40705,마도_154,경기도,154,154kV,PQ,1,수도권,9,1.0,0.0,1.05,0.95,1,37.17166,126.7775
70620,마도_D23,경기도,22.9,22.9kV,PQ,1,수도권,9,1.0,0.0,1.05,0.95,1,37.17166,126.7775
40706,직산_154,충청남도,154,154kV,PQ,3,충청,12,1.0,0.0,1.05,0.95,1,36.88929,127.14112
70621,직산_D23,충청남도,22.9,22.9kV,PQ,3,충청,12,1.0,0.0,1.05,0.95,1,36.88929,127.14112
40707,석곡_154,경기도,154,154kV,PQ,1,수도권,9,1.0,0.0,1.05,0.95,1,36.90779,127.06494
70622,석곡_D23,경기도,22.9,22.9kV,PQ,1,수도권,9,1.0,0.0,1.05,0.95,1,36.90779,127.06494
40708,북오송_154,충청북도,154,154kV,PQ,3,충청,11,1.0,0.0,1.05,0.95,1,36.63815,127.29838
70623,북오송_D23,충청북도,22.9,22.9kV,PQ,3,충청,11,1.0,0.0,1.05,0.95,1,36.63815,127.29838
40709,수서_154,경기도,154,154kV,PQ,1,수도권,9,1.0,0.0,1.05,0.95,1,37.48591,127.10771
70624,수서_D23,경기도,22.9,22.9kV,PQ,1,수도권,9,1.0,0.0,1.05,0.95,1,37.48591,127.10771
20092,울산T4_345,울산광역시,345,345kV,PQ,5,영남,7,1.0,0.0,1.05,0.95,1,35.34,129.30498
40710,울산T4_154,울산광역시,154,154kV,PQ,5,영남,7,1.0,0.0,1.05,0.95,1,35.34,129.30498
60092,울산T4_T23,울산광역시,23,23kV,PQ,5,영남,7,1.0,0.0,1.05,0.95,1,35.34,129.30498
40711,서강화_154,경기도,154,154kV,PQ,1,수도권,9,1.0,0.0,1.05,0.95,1,37.70891,126.39678
70625,서강화_D23,경기도,22.9,22.9kV,PQ,1,수도권,9,1.0,0.0,1.05,0.95,1,37.70891,126.39678
40712,수원T2_154,경기도,154,154kV,PQ,1,수도권,9,1.0,0.0,1.05,0.95,1,37.11004,126.84827
70626,수원T2_D23,경기도,22.9,22.9kV,PQ,1,수도권,9,1.0,0.0,1.05,0.95,1,37.11004,126.84827
40713,휘경_154,서울특별시,154,154kV,PQ,1,수도권,1,1.0,0.0,1.05,0.95,1,37.5924,127.06843
70627,휘경_D23,서울특별시,22.9,22.9kV,PQ,1,수도권,1,1.0,0.0,1.05,0.95,1,37.5924,127.06843
40714,흑석_154,광주광역시,154,154kV,PQ,4,호남,5,1.0,0.0,1.05,0.95,1,35.18681,126.80257
70628,흑석_D23,광주광역시,22.9,22.9kV,PQ,4,호남,5,1.0,0.0,1.05,0.95,1,35.18681,126.80257
40715,사당_154,서울특별시,154,154kV,PQ,1,수도권,1,1.0,0.0,1.05,0.95,1,37.47578,126.9841
70629,사당_D23,서울특별시,22.9,22.9kV,PQ,1,수도권,1,1.0,0.0,1.05,0.95,1,37.47578,126.9841
40716,성연_154,충청남도,154,154kV,PQ,3,충청,12,1.0,0.0,1.05,0.95,1,36.84446,126.4432
70630,성연_D23,충청남도,22.9,22.9kV,PQ,3,충청,12,1.0,0.0,1.05,0.95,1,36.84446,126.4432
20093,영흥T1_345,인천광역시,345,345kV,PQ,1,수도권,4,1.0,0.0,1.05,0.95,1,37.2366,126.43983
40717,영흥T1_154,인천광역시,154,154kV,PQ,1,수도권,4,1.0,0.0,1.05,0.95,1,37.2366,126.43983
60093,영흥T1_T23,인천광역시,23,23kV,PQ,1,수도권,4,1.0,0.0,1.05,0.95,1,37.2366,126.43983
20094,영흥T2_345,인천광역시,345,345kV,PQ,1,수도권,4,1.0,0.0,1.05,0.95,1,37.25075,126.44059
40718,영흥T2_154,인천광역시,154,154kV,PQ,1,수도권,4,1.0,0.0,1.05,0.95,1,37.25075,126.44059
60094,영흥T2_T23,인천광역시,23,23kV,PQ,1,수도권,4,1.0,0.0,1.05,0.95,1,37.25075,126.44059
20095,당진T2_345,충청남도,345,345kV,PQ,3,충청,12,1.0,0.0,1.05,0.95,1,36.98191,126.7225
40719,당진T2_154,충청남도,154,154kV,PQ,3,충청,12,1.0,0.0,1.05,0.95,1,36.98191,126.7225
60095,당진T2_T23,충청남도,23,23kV,PQ,3,충청,12,1.0,0.0,1.05,0.95,1,36.98191,126.7225
40720,김해T1_154,경상남도,154,154kV,PQ,5,영남,16,1.0,0.0,1.05,0.95,1,35.26401,128.8618
70631,김해T1_D23,경상남도,22.9,22.9kV,PQ,5,영남,16,1.0,0.0,1.05,0.95,1,35.26401,128.8618
40721,창원T1_154,경상남도,154,154kV,PQ,5,영남,16,1.0,0.0,1.05,0.95,1,35.20623,128.60956
70632,창원T1_D23,경상남도,22.9,22.9kV,PQ,5,영남,16,1.0,0.0,1.05,0.95,1,35.20623,128.60956
40722,안좌개폐소_154,전라남도,154,154kV,PQ,4,호남,14,1.0,0.0,1.05,0.95,1,34.75494,126.12672
40723,나주T1_154,전라남도,154,154kV,PQ,4,호남,14,1.0,0.0,1.05,0.95,1,35.02104,126.71796
70633,나주T1_D23,전라남도,22.9,22.9kV,PQ,4,호남,14,1.0,0.0,1.05,0.95,1,35.02104,126.71796
40724,울산T5_154,울산광역시,154,154kV,PQ,5,영남,7,1.0,0.0,1.05,0.95,1,35.32583,129.30235
70634,울산T5_D23,울산광역시,22.9,22.9kV,PQ,5,영남,7,1.0,0.0,1.05,0.95,1,35.32583,129.30235
40725,양산T4_154,경상남도,154,154kV,PQ,5,영남,16,1.0,0.0,1.05,0.95,1,35.3236,129.29632
70635,양산T4_D23,경상남도,22.9,22.9kV,PQ,5,영남,16,1.0,0.0,1.05,0.95,1,35.3236,129.29632
20096,울산T7_345,울산광역시,345,345kV,PQ,5,영남,7,1.0,0.0,1.05,0.95,1,35.71418,129.4735
40726,울산T7_154,울산광역시,154,154kV,PQ,5,영남,7,1.0,0.0,1.05,0.95,1,35.71418,129.4735
60096,울산T7_T23,울산광역시,23,23kV,PQ,5,영남,7,1.0,0.0,1.05,0.95,1,35.71418,129.4735
20097,울산T8_345,울산광역시,345,345kV,PQ,5,영남,7,1.0,0.0,1.05,0.95,1,35.71225,129.47207
40727,울산T8_154,울산광역시,154,154kV,PQ,5,영남,7,1.0,0.0,1.05,0.95,1,35.71225,129.47207
60097,울산T8_T23,울산광역시,23,23kV,PQ,5,영남,7,1.0,0.0,1.05,0.95,1,35.71225,129.47207
20098,울진T3_345,경상북도,345,345kV,PQ,5,영남,15,1.0,0.0,1.05,0.95,1,37.08943,129.38899
40728,울진T3_154,경상북도,154,154kV,PQ,5,영남,15,1.0,0.0,1.05,0.95,1,37.08943,129.38899
60098,울진T3_T23,경상북도,23,23kV,PQ,5,영남,15,1.0,0.0,1.05,0.95,1,37.08943,129.38899
20099,울진T4_345,경상북도,345,345kV,PQ,5,영남,15,1.0,0.0,1.05,0.95,1,37.09743,129.37878
40729,울진T4_154,경상북도,154,154kV,PQ,5,영남,15,1.0,0.0,1.05,0.95,1,37.09743,129.37878
60099,울진T4_T23,경상북도,23,23kV,PQ,5,영남,15,1.0,0.0,1.05,0.95,1,37.09743,129.37878
40730,정읍T3_154,전북특별자치도,154,154kV,PQ,4,호남,13,1.0,0.0,1.05,0.95,1,35.40403,126.41438
70636,정읍T3_D23,전북특별자치도,22.9,22.9kV,PQ,4,호남,13,1.0,0.0,1.05,0.95,1,35.40403,126.41438
20100,정읍T4_345,전북특별자치도,345,345kV,PQ,4,호남,13,1.0,0.0,1.05,0.95,1,35.40609,126.41641
40731,정읍T4_154,전북특별자치도,154,154kV,PQ,4,호남,13,1.0,0.0,1.05,0.95,1,35.40609,126.41641
60100,정읍T4_T23,전북특별자치도,23,23kV,PQ,4,호남,13,1.0,0.0,1.05,0.95,1,35.40609,126.41641
40732,구서_154,부산광역시,154,154kV,PQ,5,영남,2,1.0,0.0,1.05,0.95,1,35.24822,129.10026
70637,구서_D23,부산광역시,22.9,22.9kV,PQ,5,영남,2,1.0,0.0,1.05,0.95,1,35.24822,129.10026
40733,수영_154,부산광역시,154,154kV,PQ,5,영남,2,1.0,0.0,1.05,0.95,1,35.17287,129.13511
70638,수영_D23,부산광역시,22.9,22.9kV,PQ,5,영남,2,1.0,0.0,1.05,0.95,1,35.17287,129.13511
40734,거제T1_154,경상남도,154,154kV,PQ,5,영남,16,1.0,0.0,1.05,0.95,1,34.8969,128.59275
70639,거제T1_D23,경상남도,22.9,22.9kV,PQ,5,영남,16,1.0,0.0,1.05,0.95,1,34.8969,128.59275
40735,성남T2_154,경기도,154,154kV,PQ,1,수도권,9,1.0,0.0,1.05,0.95,1,37.36523,127.14801
70640,성남T2_D23,경기도,22.9,22.9kV,PQ,1,수도권,9,1.0,0.0,1.05,0.95,1,37.36523,127.14801
40736,춘천T1_154,강원특별자치도,154,154kV,PQ,2,강원,10,1.0,0.0,1.05,0.95,1,37.96724,127.66997
70641,춘천T1_D23,강원특별자치도,22.9,22.9kV,PQ,2,강원,10,1.0,0.0,1.05,0.95,1,37.96724,127.66997
40737,춘천T2_154,강원특별자치도,154,154kV,PQ,2,강원,10,1.0,0.0,1.05,0.95,1,37.76458,127.77336
70642,춘천T2_D23,강원특별자치도,22.9,22.9kV,PQ,2,강원,10,1.0,0.0,1.05,0.95,1,37.76458,127.77336
40738,울산T9_154,울산광역시,154,154kV,PQ,5,영남,7,1.0,0.0,1.05,0.95,1,35.54886,129.17367
70643,울산T9_D23,울산광역시,22.9,22.9kV,PQ,5,영남,7,1.0,0.0,1.05,0.95,1,35.54886,129.17367
40739,한라시멘트_154,강원특별자치도,154,154kV,PQ,2,강원,10,1.0,0.0,1.05,0.95,1,37.59281,129.01295
70644,한라시멘트_D23,강원특별자치도,22.9,22.9kV,PQ,2,강원,10,1.0,0.0,1.05,0.95,1,37.59281,129.01295
40740,천왕_154,인천광역시,154,154kV,PQ,1,수도권,4,1.0,0.0,1.05,0.95,1,37.47972,126.84513
70645,천왕_D23,인천광역시,22.9,22.9kV,PQ,1,수도권,4,1.0,0.0,1.05,0.95,1,37.47972,126.84513
40741,가양_154,경기도,154,154kV,PQ,1,수도권,9,1.0,0.0,1.05,0.95,1,37.57064,126.83628
70646,가양_D23,경기도,22.9,22.9kV,PQ,1,수도권,9,1.0,0.0,1.05,0.95,1,37.57064,126.83628
40742,군자_154,서울특별시,154,154kV,PQ,1,수도권,1,1.0,0.0,1.05,0.95,1,37.55967,127.05672
70647,군자_D23,서울특별시,22.9,22.9kV,PQ,1,수도권,1,1.0,0.0,1.05,0.95,1,37.55967,127.05672
40743,마장_154,서울특별시,154,154kV,PQ,1,수도권,1,1.0,0.0,1.05,0.95,1,37.56795,127.03349
70648,마장_D23,서울특별시,22.9,22.9kV,PQ,1,수도권,1,1.0,0.0,1.05,0.95,1,37.56795,127.03349
40744,왕십리_154,서울특별시,154,154kV,PQ,1,수도권,1,1.0,0.0,1.05,0.95,1,37.56821,127.0391
70649,왕십리_D23,서울특별시,22.9,22.9kV,PQ,1,수도권,1,1.0,0.0,1.05,0.95,1,37.56821,127.0391
40745,뚝도_154,서울특별시,154,154kV,PQ,1,수도권,1,1.0,0.0,1.05,0.95,1,37.53617,127.06956
70650,뚝도_D23,서울특별시,22.9,22.9kV,PQ,1,수도권,1,1.0,0.0,1.05,0.95,1,37.53617,127.06956
40746,광장_154,서울특별시,154,154kV,PQ,1,수도권,1,1.0,0.0,1.05,0.95,1,37.54585,127.09915
70651,광장_D23,서울특별시,22.9,22.9kV,PQ,1,수도권,1,1.0,0.0,1.05,0.95,1,37.54585,127.09915
40747,신사_154,서울특별시,154,154kV,PQ,1,수도권,1,1.0,0.0,1.05,0.95,1,37.52491,127.03381
70652,신사_D23,서울특별시,22.9,22.9kV,PQ,1,수도권,1,1.0,0.0,1.05,0.95,1,37.52491,127.03381
40748,염곡_154,경기도,154,154kV,PQ,1,수도권,9,1.0,0.0,1.05,0.95,1,37.46577,127.04643
70653,염곡_D23,경기도,22.9,22.9kV,PQ,1,수도권,9,1.0,0.0,1.05,0.95,1,37.46577,127.04643
40749,개포_154,경기도,154,154kV,PQ,1,수도권,9,1.0,0.0,1.05,0.95,1,37.48386,127.07396
70654,개포_D23,경기도,22.9,22.9kV,PQ,1,수도권,9,1.0,0.0,1.05,0.95,1,37.48386,127.07396
40750,송파_154,경기도,154,154kV,PQ,1,수도권,9,1.0,0.0,1.05,0.95,1,37.50867,127.11945
70655,송파_D23,경기도,22.9,22.9kV,PQ,1,수도권,9,1.0,0.0,1.05,0.95,1,37.50867,127.11945
40751,상일_154,경기도,154,154kV,PQ,1,수도권,9,1.0,0.0,1.05,0.95,1,37.5477,127.17727
70656,상일_D23,경기도,22.9,22.9kV,PQ,1,수도권,9,1.0,0.0,1.05,0.95,1,37.5477,127.17727
40752,구공_154,서울특별시,154,154kV,PQ,1,수도권,1,1.0,0.0,1.05,0.95,1,37.47706,126.87826
70657,구공_D23,서울특별시,22.9,22.9kV,PQ,1,수도권,1,1.0,0.0,1.05,0.95,1,37.47706,126.87826
40753,대방_154,서울특별시,154,154kV,PQ,1,수도권,1,1.0,0.0,1.05,0.95,1,37.472,126.91729
70658,대방_D23,서울특별시,22.9,22.9kV,PQ,1,수도권,1,1.0,0.0,1.05,0.95,1,37.472,126.91729
40754,양천_154,서울특별시,154,154kV,PQ,1,수도권,1,1.0,0.0,1.05,0.95,1,37.53211,126.87613
70659,양천_D23,서울특별시,22.9,22.9kV,PQ,1,수도권,1,1.0,0.0,1.05,0.95,1,37.53211,126.87613
40755,신정_154,인천광역시,154,154kV,PQ,1,수도권,4,1.0,0.0,1.05,0.95,1,37.51006,126.84661
70660,신정_D23,인천광역시,22.9,22.9kV,PQ,1,수도권,4,1.0,0.0,1.05,0.95,1,37.51006,126.84661
40756,오류_154,인천광역시,154,154kV,PQ,1,수도권,4,1.0,0.0,1.05,0.95,1,37.50206,126.86251
70661,오류_D23,인천광역시,22.9,22.9kV,PQ,1,수도권,4,1.0,0.0,1.05,0.95,1,37.50206,126.86251
40757,신길_154,서울특별시,154,154kV,PQ,1,수도권,1,1.0,0.0,1.05,0.95,1,37.49078,126.92242
70662,신길_D23,서울특별시,22.9,22.9kV,PQ,1,수도권,1,1.0,0.0,1.05,0.95,1,37.49078,126.92242
40758,옥인_154,서울특별시,154,154kV,PQ,1,수도권,1,1.0,0.0,1.05,0.95,1,37.58228,126.96889
70663,옥인_D23,서울특별시,22.9,22.9kV,PQ,1,수도권,1,1.0,0.0,1.05,0.95,1,37.58228,126.96889
40759,현저_154,서울특별시,154,154kV,PQ,1,수도권,1,1.0,0.0,1.05,0.95,1,37.5766,126.95489
70664,현저_D23,서울특별시,22.9,22.9kV,PQ,1,수도권,1,1.0,0.0,1.05,0.95,1,37.5766,126.95489
40760,신내_154,경기도,154,154kV,PQ,1,수도권,9,1.0,0.0,1.05,0.95,1,37.61067,127.09562
70665,신내_D23,경기도,22.9,22.9kV,PQ,1,수도권,9,1.0,0.0,1.05,0.95,1,37.61067,127.09562
40761,노원_154,서울특별시,154,154kV,PQ,1,수도권,1,1.0,0.0,1.05,0.95,1,37.62805,127.05893
70666,노원_D23,서울특별시,22.9,22.9kV,PQ,1,수도권,1,1.0,0.0,1.05,0.95,1,37.62805,127.05893
40762,쌍문_154,서울특별시,154,154kV,PQ,1,수도권,1,1.0,0.0,1.05,0.95,1,37.64736,127.02714
70667,쌍문_D23,서울특별시,22.9,22.9kV,PQ,1,수도권,1,1.0,0.0,1.05,0.95,1,37.64736,127.02714
40763,서울T2_154,서울특별시,154,154kV,PQ,1,수도권,1,1.0,0.0,1.05,0.95,1,37.4777,127.02452
70668,서울T2_D23,서울특별시,22.9,22.9kV,PQ,1,수도권,1,1.0,0.0,1.05,0.95,1,37.4777,127.02452
40764,용산_154,서울특별시,154,154kV,PQ,1,수도권,1,1.0,0.0,1.05,0.95,1,37.53141,126.95721
70669,용산_D23,서울특별시,22.9,22.9kV,PQ,1,수도권,1,1.0,0.0,1.05,0.95,1,37.53141,126.95721
40765,초월_154,경기도,154,154kV,PQ,1,수도권,9,1.0,0.0,1.05,0.95,1,37.39487,127.28072
70670,초월_D23,경기도,22.9,22.9kV,PQ,1,수도권,9,1.0,0.0,1.05,0.95,1,37.39487,127.28072
40766,문래_154,서울특별시,154,154kV,PQ,1,수도권,1,1.0,0.0,1.05,0.95,1,37.51978,126.89399
70671,문래_D23,서울특별시,22.9,22.9kV,PQ,1,수도권,1,1.0,0.0,1.05,0.95,1,37.51978,126.89399
40767,양평_154,서울특별시,154,154kV,PQ,1,수도권,1,1.0,0.0,1.05,0.95,1,37.53034,126.89301
70672,양평_D23,서울특별시,22.9,22.9kV,PQ,1,수도권,1,1.0,0.0,1.05,0.95,1,37.53034,126.89301
40768,종로_154,서울특별시,154,154kV,PQ,1,수도권,1,1.0,0.0,1.05,0.95,1,37.56873,126.99204
70673,종로_D23,서울특별시,22.9,22.9kV,PQ,1,수도권,1,1.0,0.0,1.05,0.95,1,37.56873,126.99204
40769,세종로_154,서울특별시,154,154kV,PQ,1,수도권,1,1.0,0.0,1.05,0.95,1,37.57312,126.97516
70674,세종로_D23,서울특별시,22.9,22.9kV,PQ,1,수도권,1,1.0,0.0,1.05,0.95,1,37.57312,126.97516
40770,성수_154,서울특별시,154,154kV,PQ,1,수도권,1,1.0,0.0,1.05,0.95,1,37.54652,127.05075
70675,성수_D23,서울특별시,22.9,22.9kV,PQ,1,수도권,1,1.0,0.0,1.05,0.95,1,37.54652,127.05075
40771,종암_154,서울특별시,154,154kV,PQ,1,수도권,1,1.0,0.0,1.05,0.95,1,37.594,127.04102
70676,종암_D23,서울특별시,22.9,22.9kV,PQ,1,수도권,1,1.0,0.0,1.05,0.95,1,37.594,127.04102
40772,울산T10_154,울산광역시,154,154kV,PQ,5,영남,7,1.0,0.0,1.05,0.95,1,35.50453,129.40135
70677,울산T10_D23,울산광역시,22.9,22.9kV,PQ,5,영남,7,1.0,0.0,1.05,0.95,1,35.50453,129.40135
40773,덕림_154,광주광역시,154,154kV,PQ,4,호남,5,1.0,0.0,1.05,0.95,1,35.18025,126.66908
70678,덕림_D23,광주광역시,22.9,22.9kV,PQ,4,호남,5,1.0,0.0,1.05,0.95,1,35.18025,126.66908
40774,의창_154,경상남도,154,154kV,PQ,5,영남,16,1.0,0.0,1.05,0.95,1,35.26627,128.63793
70679,의창_D23,경상남도,22.9,22.9kV,PQ,5,영남,16,1.0,0.0,1.05,0.95,1,35.26627,128.63793
40775,영월T1_154,강원특별자치도,154,154kV,PQ,2,강원,10,1.0,0.0,1.05,0.95,1,37.22898,128.32367
70680,영월T1_D23,강원특별자치도,22.9,22.9kV,PQ,2,강원,10,1.0,0.0,1.05,0.95,1,37.22898,128.32367
40776,관양_154,경기도,154,154kV,PQ,1,수도권,9,1.0,0.0,1.05,0.95,1,37.4002,126.95478
70681,관양_D23,경기도,22.9,22.9kV,PQ,1,수도권,9,1.0,0.0,1.05,0.95,1,37.4002,126.95478
40777,북시화_154,경기도,154,154kV,PQ,1,수도권,9,1.0,0.0,1.05,0.95,1,37.35022,126.74619
70682,북시화_D23,경기도,22.9,22.9kV,PQ,1,수도권,9,1.0,0.0,1.05,0.95,1,37.35022,126.74619
40778,북안산_154,경기도,154,154kV,PQ,1,수도권,9,1.0,0.0,1.05,0.95,1,37.34783,126.84182
70683,북안산_D23,경기도,22.9,22.9kV,PQ,1,수도권,9,1.0,0.0,1.05,0.95,1,37.34783,126.84182
20101,남울산_345,울산광역시,345,345kV,PQ,5,영남,7,1.0,0.0,1.05,0.95,1,35.48817,129.35619
40779,남울산_154,울산광역시,154,154kV,PQ,5,영남,7,1.0,0.0,1.05,0.95,1,35.48817,129.35619
60101,남울산_T23,울산광역시,23,23kV,PQ,5,영남,7,1.0,0.0,1.05,0.95,1,35.48817,129.35619
40780,동평택에너지센터_154,경기도,154,154kV,PQ,1,수도권,9,1.0,0.0,1.05,0.95,1,37.04437,127.03653
70684,동평택에너지센터_D23,경기도,22.9,22.9kV,PQ,1,수도권,9,1.0,0.0,1.05,0.95,1,37.04437,127.03653
40781,부강_154,세종특별자치시,154,154kV,PQ,3,충청,8,1.0,0.0,1.05,0.95,1,36.51973,127.37139
70685,부강_D23,세종특별자치시,22.9,22.9kV,PQ,3,충청,8,1.0,0.0,1.05,0.95,1,36.51973,127.37139
20102,남양주T3_345,경기도,345,345kV,PQ,1,수도권,9,1.0,0.0,1.05,0.95,1,37.54168,127.19234
40782,남양주T3_154,경기도,154,154kV,PQ,1,수도권,9,1.0,0.0,1.05,0.95,1,37.54168,127.19234
60102,남양주T3_T23,경기도,23,23kV,PQ,1,수도권,9,1.0,0.0,1.05,0.95,1,37.54168,127.19234
20103,남양주T4_345,경기도,345,345kV,PQ,1,수도권,9,1.0,0.0,1.05,0.95,1,37.58018,127.17838
40783,남양주T4_154,경기도,154,154kV,PQ,1,수도권,9,1.0,0.0,1.05,0.95,1,37.58018,127.17838
60103,남양주T4_T23,경기도,23,23kV,PQ,1,수도권,9,1.0,0.0,1.05,0.95,1,37.58018,127.17838
20104,양산T5_345,경상남도,345,345kV,PQ,5,영남,16,1.0,0.0,1.05,0.95,1,35.32421,129.29474
40784,양산T5_154,경상남도,154,154kV,PQ,5,영남,16,1.0,0.0,1.05,0.95,1,35.32421,129.29474
60104,양산T5_T23,경상남도,23,23kV,PQ,5,영남,16,1.0,0.0,1.05,0.95,1,35.32421,129.29474
20105,양산T6_345,경상남도,345,345kV,PQ,5,영남,16,1.0,0.0,1.05,0.95,1,35.32454,129.29436
40785,양산T6_154,경상남도,154,154kV,PQ,5,영남,16,1.0,0.0,1.05,0.95,1,35.32454,129.29436
60105,양산T6_T23,경상남도,23,23kV,PQ,5,영남,16,1.0,0.0,1.05,0.95,1,35.32454,129.29436
40786,금정개폐소_154,전라남도,154,154kV,PQ,4,호남,14,1.0,0.0,1.05,0.95,1,34.81229,126.7792
40787,서포항_154,경상북도,154,154kV,PQ,5,영남,15,1.0,0.0,1.05,0.95,1,36.06742,129.32214
70686,서포항_D23,경상북도,22.9,22.9kV,PQ,5,영남,15,1.0,0.0,1.05,0.95,1,36.06742,129.32214
40788,지사_154,경상남도,154,154kV,PQ,5,영남,16,1.0,0.0,1.05,0.95,1,35.15214,128.83012
70687,지사_D23,경상남도,22.9,22.9kV,PQ,5,영남,16,1.0,0.0,1.05,0.95,1,35.15214,128.83012
40789,산막_154,경상남도,154,154kV,PQ,5,영남,16,1.0,0.0,1.05,0.95,1,35.36674,129.062
70688,산막_D23,경상남도,22.9,22.9kV,PQ,5,영남,16,1.0,0.0,1.05,0.95,1,35.36674,129.062
40790,봉무_154,대구광역시,154,154kV,PQ,5,영남,3,1.0,0.0,1.05,0.95,1,35.92776,128.63617
70689,봉무_D23,대구광역시,22.9,22.9kV,PQ,5,영남,3,1.0,0.0,1.05,0.95,1,35.92776,128.63617
40791,양산T7_154,경상남도,154,154kV,PQ,5,영남,16,1.0,0.0,1.05,0.95,1,35.32168,129.28921
70690,양산T7_D23,경상남도,22.9,22.9kV,PQ,5,영남,16,1.0,0.0,1.05,0.95,1,35.32168,129.28921
20106,영흥T3_345,인천광역시,345,345kV,PQ,1,수도권,4,1.0,0.0,1.05,0.95,1,37.2364,126.43934
40792,영흥T3_154,인천광역시,154,154kV,PQ,1,수도권,4,1.0,0.0,1.05,0.95,1,37.2364,126.43934
60106,영흥T3_T23,인천광역시,23,23kV,PQ,1,수도권,4,1.0,0.0,1.05,0.95,1,37.2364,126.43934
40793,원주T1_154,강원특별자치도,154,154kV,PQ,2,강원,10,1.0,0.0,1.05,0.95,1,37.29469,127.79969
70691,원주T1_D23,강원특별자치도,22.9,22.9kV,PQ,2,강원,10,1.0,0.0,1.05,0.95,1,37.29469,127.79969
40794,세종T2_154,세종특별자치시,154,154kV,PQ,3,충청,8,1.0,0.0,1.05,0.95,1,36.44609,127.35085
70692,세종T2_D23,세종특별자치시,22.9,22.9kV,PQ,3,충청,8,1.0,0.0,1.05,0.95,1,36.44609,127.35085
20107,성남T3_345,경기도,345,345kV,PQ,1,수도권,9,1.0,0.0,1.05,0.95,1,37.51491,127.1709
40795,성남T3_154,경기도,154,154kV,PQ,1,수도권,9,1.0,0.0,1.05,0.95,1,37.51491,127.1709
60107,성남T3_T23,경기도,23,23kV,PQ,1,수도권,9,1.0,0.0,1.05,0.95,1,37.51491,127.1709
20108,성남T4_345,경기도,345,345kV,PQ,1,수도권,9,1.0,0.0,1.05,0.95,1,37.5126,127.17204
40796,성남T4_154,경기도,154,154kV,PQ,1,수도권,9,1.0,0.0,1.05,0.95,1,37.5126,127.17204
60108,성남T4_T23,경기도,23,23kV,PQ,1,수도권,9,1.0,0.0,1.05,0.95,1,37.5126,127.17204
20109,성남T5_345,경기도,345,345kV,PQ,1,수도권,9,1.0,0.0,1.05,0.95,1,37.51305,127.17187
40797,성남T5_154,경기도,154,154kV,PQ,1,수도권,9,1.0,0.0,1.05,0.95,1,37.51305,127.17187
60109,성남T5_T23,경기도,23,23kV,PQ,1,수도권,9,1.0,0.0,1.05,0.95,1,37.51305,127.17187
20110,성남T6_345,경기도,345,345kV,PQ,1,수도권,9,1.0,0.0,1.05,0.95,1,37.51733,127.16653
40798,성남T6_154,경기도,154,154kV,PQ,1,수도권,9,1.0,0.0,1.05,0.95,1,37.51733,127.16653
60110,성남T6_T23,경기도,23,23kV,PQ,1,수도권,9,1.0,0.0,1.05,0.95,1,37.51733,127.16653
20111,성남T7_345,경기도,345,345kV,PQ,1,수도권,9,1.0,0.0,1.05,0.95,1,37.50609,127.14457
40799,성남T7_154,경기도,154,154kV,PQ,1,수도권,9,1.0,0.0,1.05,0.95,1,37.50609,127.14457
60111,성남T7_T23,경기도,23,23kV,PQ,1,수도권,9,1.0,0.0,1.05,0.95,1,37.50609,127.14457
20112,창원_345,경상남도,345,345kV,PQ,5,영남,16,1.0,0.0,1.05,0.95,1,35.20382,128.63647
40800,창원_154,경상남도,154,154kV,PQ,5,영남,16,1.0,0.0,1.05,0.95,1,35.20382,128.63647
60112,창원_T23,경상남도,23,23kV,PQ,5,영남,16,1.0,0.0,1.05,0.95,1,35.20382,128.63647
20113,신김해_345,경상남도,345,345kV,PQ,5,영남,16,1.0,0.0,1.05,0.95,1,35.21888,128.77785
40801,신김해_154,경상남도,154,154kV,PQ,5,영남,16,1.0,0.0,1.05,0.95,1,35.21888,128.77785
60113,신김해_T23,경상남도,23,23kV,PQ,5,영남,16,1.0,0.0,1.05,0.95,1,35.21888,128.77785
20114,신강진_345,전라남도,345,345kV,PQ,4,호남,14,1.0,0.0,1.05,0.95,1,34.73045,126.70146
40802,신강진_154,전라남도,154,154kV,PQ,4,호남,14,1.0,0.0,1.05,0.95,1,34.73045,126.70146
60114,신강진_T23,전라남도,23,23kV,PQ,4,호남,14,1.0,0.0,1.05,0.95,1,34.73045,126.70146
40803,대불_154,전라남도,154,154kV,PQ,4,호남,14,1.0,0.0,1.05,0.95,1,34.76308,126.45813
70693,대불_D23,전라남도,22.9,22.9kV,PQ,4,호남,14,1.0,0.0,1.05,0.95,1,34.76308,126.45813
20115,고덕_345,경기도,345,345kV,PQ,1,수도권,9,1.0,0.0,1.05,0.95,1,37.0262,127.0577
40804,고덕_154,경기도,154,154kV,PQ,1,수도권,9,1.0,0.0,1.05,0.95,1,37.0262,127.0577
60115,고덕_T23,경기도,23,23kV,PQ,1,수도권,9,1.0,0.0,1.05,0.95,1,37.0262,127.0577
90000,고리_SW,경상남도,345,345kV,PQ,5,영남,16,1.0,0.0,1.05,0.95,1,35.3214,129.2922
80000,고리#1_G,경상남도,22.0,22.0kV,PV,5,영남,16,1.0,0.0,1.05,0.95,1,35.3214,129.2922
80001,고리#2_G,경상남도,22.0,22.0kV,PV,5,영남,16,1.0,0.0,1.05,0.95,1,35.3214,129.2922
90001,신고리_SW,경상남도,765,765kV,PQ,5,영남,16,1.0,0.0,1.05,0.95,1,35.322,129.3
80002,신고리#1_G,경상남도,22.0,22.0kV,PV,5,영남,16,1.0,0.0,1.05,0.95,1,35.322,129.3
80003,신고리#2_G,경상남도,22.0,22.0kV,PV,5,영남,16,1.0,0.0,1.05,0.95,1,35.322,129.3
90002,새울_SW,경상남도,765,765kV,PQ,5,영남,16,1.0,0.0,1.05,0.95,1,35.321,129.301
80004,새울#1_G,경상남도,22.0,22.0kV,PV,5,영남,16,1.0,0.0,1.05,0.95,1,35.321,129.301
80005,새울#2_G,경상남도,22.0,22.0kV,PV,5,영남,16,1.0,0.0,1.05,0.95,1,35.321,129.301
90003,한빛_SW,전북특별자치도,345,345kV,PQ,4,호남,13,1.0,0.0,1.05,0.95,1,35.4156,126.417
80006,한빛#1_G,전북특별자치도,22.0,22.0kV,PV,4,호남,13,1.0,0.0,1.05,0.95,1,35.4156,126.417
80007,한빛#2_G,전북특별자치도,22.0,22.0kV,PV,4,호남,13,1.0,0.0,1.05,0.95,1,35.4156,126.417
80008,한빛#3_G,전북특별자치도,22.0,22.0kV,PV,4,호남,13,1.0,0.0,1.05,0.95,1,35.4156,126.417
80009,한빛#4_G,전북특별자치도,22.0,22.0kV,PV,4,호남,13,1.0,0.0,1.05,0.95,1,35.4156,126.417
80010,한빛#5_G,전북특별자치도,22.0,22.0kV,PV,4,호남,13,1.0,0.0,1.05,0.95,1,35.4156,126.417
80011,한빛#6_G,전북특별자치도,22.0,22.0kV,PV,4,호남,13,1.0,0.0,1.05,0.95,1,35.4156,126.417
90004,한울_SW,경상북도,765,765kV,PQ,5,영남,15,1.0,0.0,1.05,0.95,1,37.093,129.383
80012,한울#1_G,경상북도,22.0,22.0kV,PV,5,영남,15,1.0,0.0,1.05,0.95,1,37.093,129.383
80013,한울#2_G,경상북도,22.0,22.0kV,PV,5,영남,15,1.0,0.0,1.05,0.95,1,37.093,129.383
80014,한울#3_G,경상북도,22.0,22.0kV,PV,5,영남,15,1.0,0.0,1.05,0.95,1,37.093,129.383
80015,한울#4_G,경상북도,22.0,22.0kV,PV,5,영남,15,1.0,0.0,1.05,0.95,1,37.093,129.383
80016,한울#5_G,경상북도,22.0,22.0kV,PV,5,영남,15,1.0,0.0,1.05,0.95,1,37.093,129.383
80017,한울#6_G,경상북도,22.0,22.0kV,PV,5,영남,15,1.0,0.0,1.05,0.95,1,37.093,129.383
90005,신한울_SW,경상북도,765,765kV,PQ,5,영남,15,1.0,0.0,1.05,0.95,1,37.064,129.39
80018,신한울#1_G,경상북도,22.0,22.0kV,PV,5,영남,15,1.0,0.0,1.05,0.95,1,37.064,129.39
80019,신한울#2_G,경상북도,22.0,22.0kV,PV,5,영남,15,1.0,0.0,1.05,0.95,1,37.064,129.39
90006,월성_SW,울산광역시,345,345kV,PQ,5,영남,7,1.0,0.0,1.05,0.95,1,35.713,129.475
80020,월성#1_G,울산광역시,22.0,22.0kV,PV,5,영남,7,1.0,0.0,1.05,0.95,1,35.713,129.475
80021,월성#2_G,울산광역시,22.0,22.0kV,PV,5,영남,7,1.0,0.0,1.05,0.95,1,35.713,129.475
80022,월성#3_G,울산광역시,22.0,22.0kV,PV,5,영남,7,1.0,0.0,1.05,0.95,1,35.713,129.475
90007,신월성_SW,울산광역시,345,345kV,PQ,5,영남,7,1.0,0.0,1.05,0.95,1,35.711,129.476
80023,신월성#1_G,울산광역시,22.0,22.0kV,PV,5,영남,7,1.0,0.0,1.05,0.95,1,35.711,129.476
80024,신월성#2_G,울산광역시,22.0,22.0kV,PV,5,영남,7,1.0,0.0,1.05,0.95,1,35.711,129.476
90008,당진화력_SW,충청남도,765,765kV,PQ,3,충청,12,1.0,0.0,1.05,0.95,1,36.893,126.506
80025,당진화력#1_G,충청남도,18.0,18.0kV,PV,3,충청,12,1.0,0.0,1.05,0.95,1,36.893,126.506
80026,당진화력#2_G,충청남도,18.0,18.0kV,PV,3,충청,12,1.0,0.0,1.05,0.95,1,36.893,126.506
80027,당진화력#3_G,충청남도,18.0,18.0kV,PV,3,충청,12,1.0,0.0,1.05,0.95,1,36.893,126.506
80028,당진화력#4_G,충청남도,18.0,18.0kV,PV,3,충청,12,1.0,0.0,1.05,0.95,1,36.893,126.506
80029,당진화력#5_G,충청남도,18.0,18.0kV,PV,3,충청,12,1.0,0.0,1.05,0.95,1,36.893,126.506
80030,당진화력#6_G,충청남도,18.0,18.0kV,PV,3,충청,12,1.0,0.0,1.05,0.95,1,36.893,126.506
80031,당진화력#7_G,충청남도,18.0,18.0kV,PV,3,충청,12,1.0,0.0,1.05,0.95,1,36.893,126.506
80032,당진화력#8_G,충청남도,18.0,18.0kV,PV,3,충청,12,1.0,0.0,1.05,0.95,1,36.893,126.506
80033,당진화력#9_G,충청남도,22.0,22.0kV,REF,3,충청,12,1.0,0.0,1.05,0.95,1,36.893,126.506
80034,당진화력#10_G,충청남도,22.0,22.0kV,PV,3,충청,12,1.0,0.0,1.05,0.95,1,36.893,126.506
90009,태안화력_SW,충청남도,765,765kV,PQ,3,충청,12,1.0,0.0,1.05,0.95,1,36.78,126.19
80035,태안화력#1_G,충청남도,18.0,18.0kV,PV,3,충청,12,1.0,0.0,1.05,0.95,1,36.78,126.19
80036,태안화력#2_G,충청남도,18.0,18.0kV,PV,3,충청,12,1.0,0.0,1.05,0.95,1,36.78,126.19
80037,태안화력#3_G,충청남도,18.0,18.0kV,PV,3,충청,12,1.0,0.0,1.05,0.95,1,36.78,126.19
80038,태안화력#4_G,충청남도,18.0,18.0kV,PV,3,충청,12,1.0,0.0,1.05,0.95,1,36.78,126.19
80039,태안화력#5_G,충청남도,18.0,18.0kV,PV,3,충청,12,1.0,0.0,1.05,0.95,1,36.78,126.19
80040,태안화력#6_G,충청남도,18.0,18.0kV,PV,3,충청,12,1.0,0.0,1.05,0.95,1,36.78,126.19
80041,태안화력#7_G,충청남도,18.0,18.0kV,PV,3,충청,12,1.0,0.0,1.05,0.95,1,36.78,126.19
80042,태안화력#8_G,충청남도,18.0,18.0kV,PV,3,충청,12,1.0,0.0,1.05,0.95,1,36.78,126.19
80043,태안화력#9_G,충청남도,22.0,22.0kV,PV,3,충청,12,1.0,0.0,1.05,0.95,1,36.78,126.19
80044,태안화력#10_G,충청남도,22.0,22.0kV,PV,3,충청,12,1.0,0.0,1.05,0.95,1,36.78,126.19
90010,하동화력_SW,경상남도,345,345kV,PQ,5,영남,16,1.0,0.0,1.05,0.95,1,35.061,127.79
80045,하동화력#1_G,경상남도,18.0,18.0kV,PV,5,영남,16,1.0,0.0,1.05,0.95,1,35.061,127.79
80046,하동화력#2_G,경상남도,18.0,18.0kV,PV,5,영남,16,1.0,0.0,1.05,0.95,1,35.061,127.79
80047,하동화력#3_G,경상남도,18.0,18.0kV,PV,5,영남,16,1.0,0.0,1.05,0.95,1,35.061,127.79
80048,하동화력#4_G,경상남도,18.0,18.0kV,PV,5,영남,16,1.0,0.0,1.05,0.95,1,35.061,127.79
80049,하동화력#5_G,경상남도,18.0,18.0kV,PV,5,영남,16,1.0,0.0,1.05,0.95,1,35.061,127.79
80050,하동화력#6_G,경상남도,18.0,18.0kV,PV,5,영남,16,1.0,0.0,1.05,0.95,1,35.061,127.79
80051,하동화력#7_G,경상남도,18.0,18.0kV,PV,5,영남,16,1.0,0.0,1.05,0.95,1,35.061,127.79
80052,하동화력#8_G,경상남도,18.0,18.0kV,PV,5,영남,16,1.0,0.0,1.05,0.95,1,35.061,127.79
90011,영흥화력_SW,인천광역시,345,345kV,PQ,1,수도권,4,1.0,0.0,1.05,0.95,1,37.24,126.425
80053,영흥화력#1_G,인천광역시,22.0,22.0kV,PV,1,수도권,4,1.0,0.0,1.05,0.95,1,37.24,126.425
80054,영흥화력#2_G,인천광역시,22.0,22.0kV,PV,1,수도권,4,1.0,0.0,1.05,0.95,1,37.24,126.425
80055,영흥화력#3_G,인천광역시,22.0,22.0kV,PV,1,수도권,4,1.0,0.0,1.05,0.95,1,37.24,126.425
80056,영흥화력#4_G,인천광역시,22.0,22.0kV,PV,1,수도권,4,1.0,0.0,1.05,0.95,1,37.24,126.425
80057,영흥화력#5_G,인천광역시,22.0,22.0kV,PV,1,수도권,4,1.0,0.0,1.05,0.95,1,37.24,126.425
80058,영흥화력#6_G,인천광역시,22.0,22.0kV,PV,1,수도권,4,1.0,0.0,1.05,0.95,1,37.24,126.425
90012,보령화력_SW,충청남도,345,345kV,PQ,3,충청,12,1.0,0.0,1.05,0.95,1,36.406,126.49
80059,보령화력#1_G,충청남도,18.0,18.0kV,PV,3,충청,12,1.0,0.0,1.05,0.95,1,36.406,126.49
80060,보령화력#2_G,충청남도,18.0,18.0kV,PV,3,충청,12,1.0,0.0,1.05,0.95,1,36.406,126.49
80061,보령화력#3_G,충청남도,18.0,18.0kV,PV,3,충청,12,1.0,0.0,1.05,0.95,1,36.406,126.49
80062,보령화력#4_G,충청남도,18.0,18.0kV,PV,3,충청,12,1.0,0.0,1.05,0.95,1,36.406,126.49
80063,보령화력#5_G,충청남도,18.0,18.0kV,PV,3,충청,12,1.0,0.0,1.05,0.95,1,36.406,126.49
80064,보령화력#6_G,충청남도,18.0,18.0kV,PV,3,충청,12,1.0,0.0,1.05,0.95,1,36.406,126.49
90013,신보령_SW,충청남도,345,345kV,PQ,3,충청,12,1.0,0.0,1.05,0.95,1,36.407,126.491
80065,신보령#1_G,충청남도,22.0,22.0kV,PV,3,충청,12,1.0,0.0,1.05,0.95,1,36.407,126.491
80066,신보령#2_G,충청남도,22.0,22.0kV,PV,3,충청,12,1.0,0.0,1.05,0.95,1,36.407,126.491
90014,삼천포_SW,경상남도,345,345kV,PQ,5,영남,16,1.0,0.0,1.05,0.95,1,34.96,128.07
80067,삼천포#1_G,경상남도,18.0,18.0kV,PV,5,영남,16,1.0,0.0,1.05,0.95,1,34.96,128.07
80068,삼천포#2_G,경상남도,18.0,18.0kV,PV,5,영남,16,1.0,0.0,1.05,0.95,1,34.96,128.07
80069,삼천포#3_G,경상남도,18.0,18.0kV,PV,5,영남,16,1.0,0.0,1.05,0.95,1,34.96,128.07
80070,삼천포#4_G,경상남도,18.0,18.0kV,PV,5,영남,16,1.0,0.0,1.05,0.95,1,34.96,128.07
90015,신서천_SW,충청남도,345,345kV,PQ,3,충청,12,1.0,0.0,1.05,0.95,1,36.08,126.5
80071,신서천#1_G,충청남도,22.0,22.0kV,PV,3,충청,12,1.0,0.0,1.05,0.95,1,36.08,126.5
90016,동해화력_SW,강원특별자치도,154,154kV,PQ,2,강원,10,1.0,0.0,1.05,0.95,1,37.49,129.14
80072,동해화력#1_G,강원특별자치도,18.0,18.0kV,PV,2,강원,10,1.0,0.0,1.05,0.95,1,37.49,129.14
80073,동해화력#2_G,강원특별자치도,18.0,18.0kV,PV,2,강원,10,1.0,0.0,1.05,0.95,1,37.49,129.14
90017,북평_SW,강원특별자치도,345,345kV,PQ,2,강원,10,1.0,0.0,1.05,0.95,1,37.5,129.13
80074,북평#1_G,강원특별자치도,18.0,18.0kV,PV,2,강원,10,1.0,0.0,1.05,0.95,1,37.5,129.13
80075,북평#2_G,강원특별자치도,18.0,18.0kV,PV,2,강원,10,1.0,0.0,1.05,0.95,1,37.5,129.13
90018,고성하이_SW,경상남도,345,345kV,PQ,5,영남,16,1.0,0.0,1.05,0.95,1,34.96,128.3
80076,고성하이#1_G,경상남도,22.0,22.0kV,PV,5,영남,16,1.0,0.0,1.05,0.95,1,34.96,128.3
80077,고성하이#2_G,경상남도,22.0,22.0kV,PV,5,영남,16,1.0,0.0,1.05,0.95,1,34.96,128.3
90019,강릉안인_SW,강원특별자치도,345,345kV,PQ,2,강원,10,1.0,0.0,1.05,0.95,1,37.75,128.95
80078,강릉안인#1_G,강원특별자치도,22.0,22.0kV,PV,2,강원,10,1.0,0.0,1.05,0.95,1,37.75,128.95
80079,강릉안인#2_G,강원특별자치도,22.0,22.0kV,PV,2,강원,10,1.0,0.0,1.05,0.95,1,37.75,128.95
90020,삼척그린파워_SW,강원특별자치도,345,345kV,PQ,2,강원,10,1.0,0.0,1.05,0.95,1,37.43,129.17
80080,삼척그린파워#1_G,강원특별자치도,22.0,22.0kV,PV,2,강원,10,1.0,0.0,1.05,0.95,1,37.43,129.17
80081,삼척그린파워#2_G,강원특별자치도,22.0,22.0kV,PV,2,강원,10,1.0,0.0,1.05,0.95,1,37.43,129.17
90021,삼척블루파워_SW,강원특별자치도,345,345kV,PQ,2,강원,10,1.0,0.0,1.05,0.95,1,37.44,129.16
80082,삼척블루파워#1_G,강원특별자치도,22.0,22.0kV,PV,2,강원,10,1.0,0.0,1.05,0.95,1,37.44,129.16
80083,삼척블루파워#2_G,강원특별자치도,22.0,22.0kV,PV,2,강원,10,1.0,0.0,1.05,0.95,1,37.44,129.16
90022,평택화력_SW,충청남도,345,345kV,PQ,3,충청,12,1.0,0.0,1.05,0.95,1,36.992,126.83
80084,평택화력#1_G,충청남도,18.0,18.0kV,PV,3,충청,12,1.0,0.0,1.05,0.95,1,36.992,126.83
80085,평택화력#2_G,충청남도,18.0,18.0kV,PV,3,충청,12,1.0,0.0,1.05,0.95,1,36.992,126.83
80086,평택화력#3_G,충청남도,18.0,18.0kV,PV,3,충청,12,1.0,0.0,1.05,0.95,1,36.992,126.83
80087,평택화력#4_G,충청남도,18.0,18.0kV,PV,3,충청,12,1.0,0.0,1.05,0.95,1,36.992,126.83
80088,평택화력#5_G,충청남도,18.0,18.0kV,PV,3,충청,12,1.0,0.0,1.05,0.95,1,36.992,126.83
80089,평택화력#6_G,충청남도,18.0,18.0kV,PV,3,충청,12,1.0,0.0,1.05,0.95,1,36.992,126.83
90023,서인천복합_SW,인천광역시,345,345kV,PQ,1,수도권,4,1.0,0.0,1.05,0.95,1,37.492,126.62
80090,서인천복합#1_G,인천광역시,18.0,18.0kV,PV,1,수도권,4,1.0,0.0,1.05,0.95,1,37.492,126.62
80091,서인천복합#2_G,인천광역시,18.0,18.0kV,PV,1,수도권,4,1.0,0.0,1.05,0.95,1,37.492,126.62
80092,서인천복합#3_G,인천광역시,18.0,18.0kV,PV,1,수도권,4,1.0,0.0,1.05,0.95,1,37.492,126.62
80093,서인천복합#4_G,인천광역시,18.0,18.0kV,PV,1,수도권,4,1.0,0.0,1.05,0.95,1,37.492,126.62
90024,신인천복합_SW,인천광역시,345,345kV,PQ,1,수도권,4,1.0,0.0,1.05,0.95,1,37.488,126.63
80094,신인천복합#1_G,인천광역시,18.0,18.0kV,PV,1,수도권,4,1.0,0.0,1.05,0.95,1,37.488,126.63
80095,신인천복합#2_G,인천광역시,18.0,18.0kV,PV,1,수도권,4,1.0,0.0,1.05,0.95,1,37.488,126.63
80096,신인천복합#3_G,인천광역시,18.0,18.0kV,PV,1,수도권,4,1.0,0.0,1.05,0.95,1,37.488,126.63
80097,신인천복합#4_G,인천광역시,18.0,18.0kV,PV,1,수도권,4,1.0,0.0,1.05,0.95,1,37.488,126.63
90025,인천복합_SW,인천광역시,345,345kV,PQ,1,수도권,4,1.0,0.0,1.05,0.95,1,37.485,126.61
80098,인천복합#1_G,인천광역시,18.0,18.0kV,PV,1,수도권,4,1.0,0.0,1.05,0.95,1,37.485,126.61
80099,인천복합#2_G,인천광역시,18.0,18.0kV,PV,1,수도권,4,1.0,0.0,1.05,0.95,1,37.485,126.61
80100,인천복합#3_G,인천광역시,18.0,18.0kV,PV,1,수도권,4,1.0,0.0,1.05,0.95,1,37.485,126.61
80101,인천복합#4_G,인천광역시,18.0,18.0kV,PV,1,수도권,4,1.0,0.0,1.05,0.95,1,37.485,126.61
80102,인천복합#5_G,인천광역시,18.0,18.0kV,PV,1,수도권,4,1.0,0.0,1.05,0.95,1,37.485,126.61
80103,인천복합#6_G,인천광역시,18.0,18.0kV,PV,1,수도권,4,1.0,0.0,1.05,0.95,1,37.485,126.61
80104,인천복합#7_G,인천광역시,18.0,18.0kV,PV,1,수도권,4,1.0,0.0,1.05,0.95,1,37.485,126.61
90026,보령복합_SW,충청남도,345,345kV,PQ,3,충청,12,1.0,0.0,1.05,0.95,1,36.405,126.5
80105,보령복합#1_G,충청남도,18.0,18.0kV,PV,3,충청,12,1.0,0.0,1.05,0.95,1,36.405,126.5
80106,보령복합#2_G,충청남도,18.0,18.0kV,PV,3,충청,12,1.0,0.0,1.05,0.95,1,36.405,126.5
80107,보령복합#3_G,충청남도,18.0,18.0kV,PV,3,충청,12,1.0,0.0,1.05,0.95,1,36.405,126.5
90027,분당복합_SW,경기도,345,345kV,PQ,1,수도권,9,1.0,0.0,1.05,0.95,1,37.402,127.11
80108,분당복합#1_G,경기도,18.0,18.0kV,PV,1,수도권,9,1.0,0.0,1.05,0.95,1,37.402,127.11
80109,분당복합#2_G,경기도,18.0,18.0kV,PV,1,수도권,9,1.0,0.0,1.05,0.95,1,37.402,127.11
90028,일산복합_SW,경기도,345,345kV,PQ,1,수도권,9,1.0,0.0,1.05,0.95,1,37.66,126.78
80110,일산복합#1_G,경기도,18.0,18.0kV,PV,1,수도권,9,1.0,0.0,1.05,0.95,1,37.66,126.78
80111,일산복합#2_G,경기도,18.0,18.0kV,PV,1,수도권,9,1.0,0.0,1.05,0.95,1,37.66,126.78
90029,울산화력_SW,울산광역시,345,345kV,PQ,5,영남,7,1.0,0.0,1.05,0.95,1,35.49,129.36
80112,울산화력#1_G,울산광역시,18.0,18.0kV,PV,5,영남,7,1.0,0.0,1.05,0.95,1,35.49,129.36
80113,울산화력#2_G,울산광역시,18.0,18.0kV,PV,5,영남,7,1.0,0.0,1.05,0.95,1,35.49,129.36
80114,울산화력#3_G,울산광역시,18.0,18.0kV,PV,5,영남,7,1.0,0.0,1.05,0.95,1,35.49,129.36
80115,울산화력#4_G,울산광역시,18.0,18.0kV,PV,5,영남,7,1.0,0.0,1.05,0.95,1,35.49,129.36
80116,울산화력#5_G,울산광역시,18.0,18.0kV,PV,5,영남,7,1.0,0.0,1.05,0.95,1,35.49,129.36
80117,울산화력#6_G,울산광역시,18.0,18.0kV,PV,5,영남,7,1.0,0.0,1.05,0.95,1,35.49,129.36
90030,군산복합_SW,전북특별자치도,345,345kV,PQ,4,호남,13,1.0,0.0,1.05,0.95,1,35.9676,126.737
80118,군산복합#1_G,전북특별자치도,18.0,18.0kV,PV,4,호남,13,1.0,0.0,1.05,0.95,1,35.9676,126.737
90031,영남복합_SW,경상남도,345,345kV,PQ,5,영남,16,1.0,0.0,1.05,0.95,1,35.5038,128.7464
80119,영남복합#1_G,경상남도,18.0,18.0kV,PV,5,영남,16,1.0,0.0,1.05,0.95,1,35.5038,128.7464
90032,통영에코_SW,경상남도,345,345kV,PQ,5,영남,16,1.0,0.0,1.05,0.95,1,34.8544,128.4331
80120,통영에코#1_G,경상남도,18.0,18.0kV,PV,5,영남,16,1.0,0.0,1.05,0.95,1,34.8544,128.4331
80121,통영에코#2_G,경상남도,18.0,18.0kV,PV,5,영남,16,1.0,0.0,1.05,0.95,1,34.8544,128.4331
90033,율촌복합_SW,전라남도,345,345kV,PQ,4,호남,14,1.0,0.0,1.05,0.95,1,34.92,127.66
80122,율촌복합#1_G,전라남도,18.0,18.0kV,PV,4,호남,14,1.0,0.0,1.05,0.95,1,34.92,127.66
80123,율촌복합#2_G,전라남도,18.0,18.0kV,PV,4,호남,14,1.0,0.0,1.05,0.95,1,34.92,127.66
90034,당진복합_SW,충청남도,345,345kV,PQ,3,충청,12,1.0,0.0,1.05,0.95,1,36.88,126.6
80124,당진복합#1_G,충청남도,18.0,18.0kV,PV,3,충청,12,1.0,0.0,1.05,0.95,1,36.88,126.6
80125,당진복합#2_G,충청남도,18.0,18.0kV,PV,3,충청,12,1.0,0.0,1.05,0.95,1,36.88,126.6
80126,당진복합#3_G,충청남도,18.0,18.0kV,PV,3,충청,12,1.0,0.0,1.05,0.95,1,36.88,126.6
80127,당진복합#4_G,충청남도,18.0,18.0kV,PV,3,충청,12,1.0,0.0,1.05,0.95,1,36.88,126.6
90035,포천복합_SW,경기도,345,345kV,PQ,1,수도권,9,1.0,0.0,1.05,0.95,1,37.8949,127.2003
80128,포천복합#1_G,경기도,18.0,18.0kV,PV,1,수도권,9,1.0,0.0,1.05,0.95,1,37.8949,127.2003
80129,포천복합#2_G,경기도,18.0,18.0kV,PV,1,수도권,9,1.0,0.0,1.05,0.95,1,37.8949,127.2003
90036,동두천복합_SW,경기도,345,345kV,PQ,1,수도권,9,1.0,0.0,1.05,0.95,1,37.9036,127.0606
80130,동두천복합#1_G,경기도,18.0,18.0kV,PV,1,수도권,9,1.0,0.0,1.05,0.95,1,37.9036,127.0606
80131,동두천복합#2_G,경기도,18.0,18.0kV,PV,1,수도권,9,1.0,0.0,1.05,0.95,1,37.9036,127.0606
90037,파주복합_SW,경기도,345,345kV,PQ,1,수도권,9,1.0,0.0,1.05,0.95,1,37.76,126.78
80132,파주복합#1_G,경기도,18.0,18.0kV,PV,1,수도권,9,1.0,0.0,1.05,0.95,1,37.76,126.78
80133,파주복합#2_G,경기도,18.0,18.0kV,PV,1,수도권,9,1.0,0.0,1.05,0.95,1,37.76,126.78
90038,여주복합_SW,경기도,345,345kV,PQ,1,수도권,9,1.0,0.0,1.05,0.95,1,37.2983,127.637
80134,여주복합#1_G,경기도,18.0,18.0kV,PV,1,수도권,9,1.0,0.0,1.05,0.95,1,37.2983,127.637
90039,안양복합_SW,경기도,345,345kV,PQ,1,수도권,9,1.0,0.0,1.05,0.95,1,37.39,126.95
80135,안양복합#1_G,경기도,18.0,18.0kV,PV,1,수도권,9,1.0,0.0,1.05,0.95,1,37.39,126.95
80136,안양복합#2_G,경기도,18.0,18.0kV,PV,1,수도권,9,1.0,0.0,1.05,0.95,1,37.39,126.95
90040,부천복합_SW,인천광역시,154,154kV,PQ,1,수도권,4,1.0,0.0,1.05,0.95,1,37.5,126.79
80137,부천복합#1_G,인천광역시,18.0,18.0kV,PV,1,수도권,4,1.0,0.0,1.05,0.95,1,37.5,126.79
90041,부산복합_SW,부산광역시,345,345kV,PQ,5,영남,2,1.0,0.0,1.05,0.95,1,35.1,128.97
80138,부산복합#1_G,부산광역시,18.0,18.0kV,PV,5,영남,2,1.0,0.0,1.05,0.95,1,35.1,128.97
80139,부산복합#2_G,부산광역시,18.0,18.0kV,PV,5,영남,2,1.0,0.0,1.05,0.95,1,35.1,128.97
80140,부산복합#3_G,부산광역시,18.0,18.0kV,PV,5,영남,2,1.0,0.0,1.05,0.95,1,35.1,128.97
90042,영월복합_SW,강원특별자치도,345,345kV,PQ,2,강원,10,1.0,0.0,1.05,0.95,1,37.1836,128.4617
80141,영월복합#1_G,강원특별자치도,18.0,18.0kV,PV,2,강원,10,1.0,0.0,1.05,0.95,1,37.1836,128.4617
90043,대구복합_SW,대구광역시,154,154kV,PQ,5,영남,3,1.0,0.0,1.05,0.95,1,35.8714,128.6014
80142,대구복합#1_G,대구광역시,18.0,18.0kV,PV,5,영남,3,1.0,0.0,1.05,0.95,1,35.8714,128.6014
90044,청주복합_SW,충청북도,154,154kV,PQ,3,충청,11,1.0,0.0,1.05,0.95,1,36.6424,127.489
80143,청주복합#1_G,충청북도,18.0,18.0kV,PV,3,충청,11,1.0,0.0,1.05,0.95,1,36.6424,127.489
90045,광양_SW,전라남도,345,345kV,PQ,4,호남,14,1.0,0.0,1.05,0.95,1,34.903,127.748
80144,광양#1_G,전라남도,18.0,18.0kV,PV,4,호남,14,1.0,0.0,1.05,0.95,1,34.903,127.748
80145,광양#2_G,전라남도,18.0,18.0kV,PV,4,호남,14,1.0,0.0,1.05,0.95,1,34.903,127.748
80146,광양#3_G,전라남도,18.0,18.0kV,PV,4,호남,14,1.0,0.0,1.05,0.95,1,34.903,127.748
80147,광양#4_G,전라남도,18.0,18.0kV,PV,4,호남,14,1.0,0.0,1.05,0.95,1,34.903,127.748
90046,서울복합_SW,서울특별시,345,345kV,PQ,1,수도권,1,1.0,0.0,1.05,0.95,1,37.526,126.898
80148,서울복합#1_G,서울특별시,18.0,18.0kV,PV,1,수도권,1,1.0,0.0,1.05,0.95,1,37.526,126.898
80149,서울복합#2_G,서울특별시,18.0,18.0kV,PV,1,수도권,1,1.0,0.0,1.05,0.95,1,37.526,126.898
90047,오성복합_SW,경기도,345,345kV,PQ,1,수도권,9,1.0,0.0,1.05,0.95,1,37.009,126.97
80150,오성복합#1_G,경기도,18.0,18.0kV,PV,1,수도권,9,1.0,0.0,1.05,0.95,1,37.009,126.97
80151,오성복합#2_G,경기도,18.0,18.0kV,PV,1,수도권,9,1.0,0.0,1.05,0.95,1,37.009,126.97
90048,안산복합_SW,경기도,345,345kV,PQ,1,수도권,9,1.0,0.0,1.05,0.95,1,37.286,126.79
80152,안산복합#1_G,경기도,18.0,18.0kV,PV,1,수도권,9,1.0,0.0,1.05,0.95,1,37.286,126.79
80153,안산복합#2_G,경기도,18.0,18.0kV,PV,1,수도권,9,1.0,0.0,1.05,0.95,1,37.286,126.79
90049,동탄복합_SW,경기도,345,345kV,PQ,1,수도권,9,1.0,0.0,1.05,0.95,1,37.201,127.075
80154,동탄복합#1_G,경기도,18.0,18.0kV,PV,1,수도권,9,1.0,0.0,1.05,0.95,1,37.201,127.075
80155,동탄복합#2_G,경기도,18.0,18.0kV,PV,1,수도권,9,1.0,0.0,1.05,0.95,1,37.201,127.075
90050,화성복합_SW,경기도,345,345kV,PQ,1,수도권,9,1.0,0.0,1.05,0.95,1,37.133,126.922
80156,화성복합#1_G,경기도,18.0,18.0kV,PV,1,수도권,9,1.0,0.0,1.05,0.95,1,37.133,126.922
80157,화성복합#2_G,경기도,18.0,18.0kV,PV,1,수도권,9,1.0,0.0,1.05,0.95,1,37.133,126.922
90051,세종복합_SW,세종특별자치시,345,345kV,PQ,3,충청,8,1.0,0.0,1.05,0.95,1,36.48,127.289
80158,세종복합#1_G,세종특별자치시,18.0,18.0kV,PV,3,충청,8,1.0,0.0,1.05,0.95,1,36.48,127.289
80159,세종복합#2_G,세종특별자치시,18.0,18.0kV,PV,3,충청,8,1.0,0.0,1.05,0.95,1,36.48,127.289
90052,대산복합_SW,충청남도,345,345kV,PQ,3,충청,12,1.0,0.0,1.05,0.95,1,37.005,126.36
80160,대산복합#1_G,충청남도,18.0,18.0kV,PV,3,충청,12,1.0,0.0,1.05,0.95,1,37.005,126.36
80161,대산복합#2_G,충청남도,18.0,18.0kV,PV,3,충청,12,1.0,0.0,1.05,0.95,1,37.005,126.36
80162,대산복합#3_G,충청남도,18.0,18.0kV,PV,3,충청,12,1.0,0.0,1.05,0.95,1,37.005,126.36
90053,위례복합_SW,경기도,345,345kV,PQ,1,수도권,9,1.0,0.0,1.05,0.95,1,37.47,127.145
80163,위례복합#1_G,경기도,18.0,18.0kV,PV,1,수도권,9,1.0,0.0,1.05,0.95,1,37.47,127.145
90054,미사복합_SW,경기도,154,154kV,PQ,1,수도권,9,1.0,0.0,1.05,0.95,1,37.563,127.193
80164,미사복합#1_G,경기도,18.0,18.0kV,PV,1,수도권,9,1.0,0.0,1.05,0.95,1,37.563,127.193
90055,청라복합_SW,인천광역시,154,154kV,PQ,1,수도권,4,1.0,0.0,1.05,0.95,1,37.535,126.64
80165,청라복합#1_G,인천광역시,18.0,18.0kV,PV,1,수도권,4,1.0,0.0,1.05,0.95,1,37.535,126.64
90056,판교복합_SW,경기도,154,154kV,PQ,1,수도권,9,1.0,0.0,1.05,0.95,1,37.395,127.11
80166,판교복합#1_G,경기도,18.0,18.0kV,PV,1,수도권,9,1.0,0.0,1.05,0.95,1,37.395,127.11
90057,광교복합_SW,경기도,154,154kV,PQ,1,수도권,9,1.0,0.0,1.05,0.95,1,37.288,127.056
80167,광교복합#1_G,경기도,18.0,18.0kV,PV,1,수도권,9,1.0,0.0,1.05,0.95,1,37.288,127.056
90058,별내복합_SW,경기도,154,154kV,PQ,1,수도권,9,1.0,0.0,1.05,0.95,1,37.647,127.14
80168,별내복합#1_G,경기도,18.0,18.0kV,PV,1,수도권,9,1.0,0.0,1.05,0.95,1,37.647,127.14
90059,삼송복합_SW,경기도,154,154kV,PQ,1,수도권,9,1.0,0.0,1.05,0.95,1,37.654,126.895
80169,삼송복합#1_G,경기도,18.0,18.0kV,PV,1,수도권,9,1.0,0.0,1.05,0.95,1,37.654,126.895
90060,소양강수력_SW,강원특별자치도,154,154kV,PQ,2,강원,10,1.0,0.0,1.05,0.95,1,37.947,127.812
80170,소양강수력#1_G,강원특별자치도,13.8,13.8kV,PV,2,강원,10,1.0,0.0,1.05,0.95,1,37.947,127.812
80171,소양강수력#2_G,강원특별자치도,13.8,13.8kV,PV,2,강원,10,1.0,0.0,1.05,0.95,1,37.947,127.812
90061,충주수력_SW,충청북도,154,154kV,PQ,3,충청,11,1.0,0.0,1.05,0.95,1,36.991,127.99
80172,충주수력#1_G,충청북도,13.8,13.8kV,PV,3,충청,11,1.0,0.0,1.05,0.95,1,36.991,127.99
80173,충주수력#2_G,충청북도,13.8,13.8kV,PV,3,충청,11,1.0,0.0,1.05,0.95,1,36.991,127.99
90062,화천수력_SW,강원특별자치도,154,154kV,PQ,2,강원,10,1.0,0.0,1.05,0.95,1,38.106,127.78
80174,화천수력#1_G,강원특별자치도,13.8,13.8kV,PV,2,강원,10,1.0,0.0,1.05,0.95,1,38.106,127.78
80175,화천수력#2_G,강원특별자치도,13.8,13.8kV,PV,2,강원,10,1.0,0.0,1.05,0.95,1,38.106,127.78
90063,청평수력_SW,경기도,154,154kV,PQ,1,수도권,9,1.0,0.0,1.05,0.95,1,37.74,127.41
80176,청평수력#1_G,경기도,13.8,13.8kV,PV,1,수도권,9,1.0,0.0,1.05,0.95,1,37.74,127.41
80177,청평수력#2_G,경기도,13.8,13.8kV,PV,1,수도권,9,1.0,0.0,1.05,0.95,1,37.74,127.41
90064,팔당수력_SW,경기도,154,154kV,PQ,1,수도권,9,1.0,0.0,1.05,0.95,1,37.55,127.31
80178,팔당수력#1_G,경기도,13.8,13.8kV,PV,1,수도권,9,1.0,0.0,1.05,0.95,1,37.55,127.31
80179,팔당수력#2_G,경기도,13.8,13.8kV,PV,1,수도권,9,1.0,0.0,1.05,0.95,1,37.55,127.31
80180,팔당수력#3_G,경기도,13.8,13.8kV,PV,1,수도권,9,1.0,0.0,1.05,0.95,1,37.55,127.31
90065,안동수력_SW,경상북도,154,154kV,PQ,5,영남,15,1.0,0.0,1.05,0.95,1,36.5684,128.7294
80181,안동수력#1_G,경상북도,13.8,13.8kV,PV,5,영남,15,1.0,0.0,1.05,0.95,1,36.5684,128.7294
80182,안동수력#2_G,경상북도,13.8,13.8kV,PV,5,영남,15,1.0,0.0,1.05,0.95,1,36.5684,128.7294
90066,임하수력_SW,경상북도,154,154kV,PQ,5,영남,15,1.0,0.0,1.05,0.95,1,36.53,128.83
80183,임하수력#1_G,경상북도,11.0,11.0kV,PV,5,영남,15,1.0,0.0,1.05,0.95,1,36.53,128.83
80184,임하수력#2_G,경상북도,11.0,11.0kV,PV,5,영남,15,1.0,0.0,1.05,0.95,1,36.53,128.83
90067,합천수력_SW,경상남도,154,154kV,PQ,5,영남,16,1.0,0.0,1.05,0.95,1,35.57,128.17
80185,합천수력#1_G,경상남도,13.8,13.8kV,PV,5,영남,16,1.0,0.0,1.05,0.95,1,35.57,128.17
80186,합천수력#2_G,경상남도,13.8,13.8kV,PV,5,영남,16,1.0,0.0,1.05,0.95,1,35.57,128.17
90068,강릉수력_SW,강원특별자치도,154,154kV,PQ,2,강원,10,1.0,0.0,1.05,0.95,1,37.7519,128.8761
80187,강릉수력#1_G,강원특별자치도,13.8,13.8kV,PV,2,강원,10,1.0,0.0,1.05,0.95,1,37.7519,128.8761
80188,강릉수력#2_G,강원특별자치도,13.8,13.8kV,PV,2,강원,10,1.0,0.0,1.05,0.95,1,37.7519,128.8761
90069,춘천수력_SW,강원특별자치도,154,154kV,PQ,2,강원,10,1.0,0.0,1.05,0.95,1,37.8813,127.73
80189,춘천수력#1_G,강원특별자치도,13.8,13.8kV,PV,2,강원,10,1.0,0.0,1.05,0.95,1,37.8813,127.73
80190,춘천수력#2_G,강원특별자치도,13.8,13.8kV,PV,2,강원,10,1.0,0.0,1.05,0.95,1,37.8813,127.73
90070,의암수력_SW,강원특별자치도,154,154kV,PQ,2,강원,10,1.0,0.0,1.05,0.95,1,37.85,127.68
80191,의암수력#1_G,강원특별자치도,11.0,11.0kV,PV,2,강원,10,1.0,0.0,1.05,0.95,1,37.85,127.68
80192,의암수력#2_G,강원특별자치도,11.0,11.0kV,PV,2,강원,10,1.0,0.0,1.05,0.95,1,37.85,127.68
90071,섬진강수력_SW,전북특별자치도,154,154kV,PQ,4,호남,13,1.0,0.0,1.05,0.95,1,35.58,127.2
80193,섬진강수력#1_G,전북특별자치도,11.0,11.0kV,PV,4,호남,13,1.0,0.0,1.05,0.95,1,35.58,127.2
80194,섬진강수력#2_G,전북특별자치도,11.0,11.0kV,PV,4,호남,13,1.0,0.0,1.05,0.95,1,35.58,127.2
90072,대청수력_SW,대전광역시,154,154kV,PQ,3,충청,6,1.0,0.0,1.05,0.95,1,36.48,127.48
80195,대청수력#1_G,대전광역시,13.8,13.8kV,PV,3,충청,6,1.0,0.0,1.05,0.95,1,36.48,127.48
80196,대청수력#2_G,대전광역시,13.8,13.8kV,PV,3,충청,6,1.0,0.0,1.05,0.95,1,36.48,127.48
90073,남강수력_SW,경상남도,154,154kV,PQ,5,영남,16,1.0,0.0,1.05,0.95,1,35.18,128.1076
80197,남강수력#1_G,경상남도,11.0,11.0kV,PV,5,영남,16,1.0,0.0,1.05,0.95,1,35.18,128.1076
90074,주암수력_SW,전라남도,154,154kV,PQ,4,호남,14,1.0,0.0,1.05,0.95,1,35.05,127.25
80198,주암수력#1_G,전라남도,11.0,11.0kV,PV,4,호남,14,1.0,0.0,1.05,0.95,1,35.05,127.25
90075,괴산수력_SW,충청북도,154,154kV,PQ,3,충청,11,1.0,0.0,1.05,0.95,1,36.82,127.85
80199,괴산수력#1_G,충청북도,11.0,11.0kV,PV,3,충청,11,1.0,0.0,1.05,0.95,1,36.82,127.85
90076,청평양수_SW,강원특별자치도,345,345kV,PQ,2,강원,10,1.0,0.0,1.05,0.95,1,37.74,127.49
80200,청평양수#1_G,강원특별자치도,18.0,18.0kV,PV,2,강원,10,1.0,0.0,1.05,0.95,1,37.74,127.49
80201,청평양수#2_G,강원특별자치도,18.0,18.0kV,PV,2,강원,10,1.0,0.0,1.05,0.95,1,37.74,127.49
90077,삼랑진양수_SW,경상남도,345,345kV,PQ,5,영남,16,1.0,0.0,1.05,0.95,1,35.4,128.86
80202,삼랑진양수#1_G,경상남도,18.0,18.0kV,PV,5,영남,16,1.0,0.0,1.05,0.95,1,35.4,128.86
80203,삼랑진양수#2_G,경상남도,18.0,18.0kV,PV,5,영남,16,1.0,0.0,1.05,0.95,1,35.4,128.86
90078,무주양수_SW,전북특별자치도,345,345kV,PQ,4,호남,13,1.0,0.0,1.05,0.95,1,35.92,127.66
80204,무주양수#1_G,전북특별자치도,18.0,18.0kV,PV,4,호남,13,1.0,0.0,1.05,0.95,1,35.92,127.66
80205,무주양수#2_G,전북특별자치도,18.0,18.0kV,PV,4,호남,13,1.0,0.0,1.05,0.95,1,35.92,127.66
90079,산청양수_SW,경상남도,345,345kV,PQ,5,영남,16,1.0,0.0,1.05,0.95,1,35.36,127.81
80206,산청양수#1_G,경상남도,18.0,18.0kV,PV,5,영남,16,1.0,0.0,1.05,0.95,1,35.36,127.81
80207,산청양수#2_G,경상남도,18.0,18.0kV,PV,5,영남,16,1.0,0.0,1.05,0.95,1,35.36,127.81
90080,양양양수_SW,강원특별자치도,345,345kV,PQ,2,강원,10,1.0,0.0,1.05,0.95,1,38.07,128.51
80208,양양양수#1_G,강원특별자치도,18.0,18.0kV,PV,2,강원,10,1.0,0.0,1.05,0.95,1,38.07,128.51
80209,양양양수#2_G,강원특별자치도,18.0,18.0kV,PV,2,강원,10,1.0,0.0,1.05,0.95,1,38.07,128.51
80210,양양양수#3_G,강원특별자치도,18.0,18.0kV,PV,2,강원,10,1.0,0.0,1.05,0.95,1,38.07,128.51
80211,양양양수#4_G,강원특별자치도,18.0,18.0kV,PV,2,강원,10,1.0,0.0,1.05,0.95,1,38.07,128.51
90081,청송양수_SW,경상북도,345,345kV,PQ,5,영남,15,1.0,0.0,1.05,0.95,1,36.4,129.1
80212,청송양수#1_G,경상북도,18.0,18.0kV,PV,5,영남,15,1.0,0.0,1.05,0.95,1,36.4,129.1
80213,청송양수#2_G,경상북도,18.0,18.0kV,PV,5,영남,15,1.0,0.0,1.05,0.95,1,36.4,129.1
90082,예천양수_SW,경상북도,345,345kV,PQ,5,영남,15,1.0,0.0,1.05,0.95,1,36.74,128.42
80214,예천양수#1_G,경상북도,18.0,18.0kV,PV,5,영남,15,1.0,0.0,1.05,0.95,1,36.74,128.42
80215,예천양수#2_G,경상북도,18.0,18.0kV,PV,5,영남,15,1.0,0.0,1.05,0.95,1,36.74,128.42
90083,남제주화력_SW,제주특별자치도,154,154kV,PQ,6,제주,17,1.0,0.0,1.05,0.95,1,33.23,126.49
80216,남제주화력#1_G,제주특별자치도,18.0,18.0kV,PV,6,제주,17,1.0,0.0,1.05,0.95,1,33.23,126.49
80217,남제주화력#2_G,제주특별자치도,18.0,18.0kV,PV,6,제주,17,1.0,0.0,1.05,0.95,1,33.23,126.49
90084,제주LNG복합_SW,제주특별자치도,154,154kV,PQ,6,제주,17,1.0,0.0,1.05,0.95,1,33.49,126.48
80218,제주LNG복합#1_G,제주특별자치도,18.0,18.0kV,PV,6,제주,17,1.0,0.0,1.05,0.95,1,33.49,126.48
80219,제주LNG복합#2_G,제주특별자치도,18.0,18.0kV,PV,6,제주,17,1.0,0.0,1.05,0.95,1,33.49,126.48
90085,한림복합_SW,제주특별자치도,154,154kV,PQ,6,제주,17,1.0,0.0,1.05,0.95,1,33.41,126.26
80220,한림복합#1_G,제주특별자치도,18.0,18.0kV,PV,6,제주,17,1.0,0.0,1.05,0.95,1,33.41,126.26
90086,제주내연_SW,제주특별자치도,154,154kV,PQ,6,제주,17,1.0,0.0,1.05,0.95,1,33.5,126.52
80221,제주내연#1_G,제주특별자치도,18.0,18.0kV,PV,6,제주,17,1.0,0.0,1.05,0.95,1,33.5,126.52
80222,제주내연#2_G,제주특별자치도,18.0,18.0kV,PV,6,제주,17,1.0,0.0,1.05,0.95,1,33.5,126.52
80223,제주내연#3_G,제주특별자치도,18.0,18.0kV,PV,6,제주,17,1.0,0.0,1.05,0.95,1,33.5,126.52
40805,제주변환소_154,제주특별자치도,154,154kV,PQ,6,제주,17,1.0,0.0,1.05,0.95,1,33.535,126.596
40806,서제주변환소_154,제주특별자치도,154,154kV,PQ,6,제주,17,1.0,0.0,1.05,0.95,1,33.454,126.473
40807,금악_154,제주특별자치도,154,154kV,PQ,6,제주,17,1.0,0.0,1.05,0.95,1,33.358,126.3
40808,행원풍력_154,제주특별자치도,154,154kV,PQ,6,제주,17,1.0,0.0,1.05,0.95,1,33.557,126.797
40809,김녕풍력_154,제주특별자치도,154,154kV,PQ,6,제주,17,1.0,0.0,1.05,0.95,1,33.553,126.755
40810,동복풍력_154,제주특별자치도,154,154kV,PQ,6,제주,17,1.0,0.0,1.05,0.95,1,33.543,126.717
40811,가시리풍력_154,제주특별자치도,154,154kV,PQ,6,제주,17,1.0,0.0,1.05,0.95,1,33.388,126.772
40812,삼달풍력_154,제주특별자치도,154,154kV,PQ,6,제주,17,1.0,0.0,1.05,0.95,1,33.363,126.835
40813,탐라해상풍력_154,제주특별자치도,154,154kV,PQ,6,제주,17,1.0,0.0,1.05,0.95,1,33.336,126.162
40814,한경풍력_154,제주특별자치도,154,154kV,PQ,6,제주,17,1.0,0.0,1.05,0.95,1,33.341,126.181
40815,상명풍력_154,제주특별자치도,154,154kV,PQ,6,제주,17,1.0,0.0,1.05,0.95,1,33.398,126.272
40816,해남변환소_154,전라남도,154,154kV,PQ,4,호남,14,1.0,0.0,1.05,0.95,1,34.367,126.593
40817,진도변환소_154,전라남도,154,154kV,PQ,4,호남,14,1.0,0.0,1.05,0.95,1,34.385,126.187
40818,완도변환소_154,전라남도,154,154kV,PQ,4,호남,14,1.0,0.0,1.05,0.95,1,34.356,126.699
