from_bus,to_bus,id,name,r_pu,x_pu,b_pu,g_from_pu,b_from_pu,g_to_pu,b_to_pu,rate_a_mva,rate_b_mva,rate_c_mva,length_km,in_service
10001,10005,1,765_신서산-신중부_1,0.000126,0.004188,2.134707,0.0,0.0,0.0,0.0,7290,8019,9112,73.87,1
10001,10005,2,765_신서산-신중부_2,0.000126,0.004188,2.134707,0.0,0.0,0.0,0.0,7290,8019,9112,73.87,1
10005,10000,1,765_신중부-신안성_1,7.7e-05,0.00257,1.309955,0.0,0.0,0.0,0.0,7290,8019,9112,45.33,1
10005,10000,2,765_신중부-신안성_2,7.7e-05,0.00257,1.309955,0.0,0.0,0.0,0.0,7290,8019,9112,45.33,1
10000,10003,1,765_신안성-신가평_1,0.000119,0.003972,2.024614,0.0,0.0,0.0,0.0,7290,8019,9112,70.06,1
10000,10003,2,765_신안성-신가평_2,0.000119,0.003972,2.024614,0.0,0.0,0.0,0.0,7290,8019,9112,70.06,1
10002,10003,1,765_신태백-신가평_1,0.000264,0.008793,4.481936,0.0,0.0,0.0,0.0,7290,8019,9112,155.08,1
10002,10003,2,765_신태백-신가평_2,0.000264,0.008793,4.481936,0.0,0.0,0.0,0.0,7290,8019,9112,155.08,1
10007,10002,1,765_울진T2-신태백_1,8.3e-05,0.002777,1.415386,0.0,0.0,0.0,0.0,7290,8019,9112,48.98,1
10007,10002,2,765_울진T2-신태백_2,8.3e-05,0.002777,1.415386,0.0,0.0,0.0,0.0,7290,8019,9112,48.98,1
10004,10006,1,765_신울산765-북경남_1,0.000146,0.004877,2.485953,0.0,0.0,0.0,0.0,7290,8019,9112,86.02,1
10004,10006,2,765_신울산765-북경남_2,0.000146,0.004877,2.485953,0.0,0.0,0.0,0.0,7290,8019,9112,86.02,1
20096,20097,1,345osm_울산T7_345-울산T8_345_1,2e-06,2.5e-05,0.000529,0.0,0.0,0.0,0.0,2000,2200,2500,0.09,1
20104,20105,1,345osm_양산T5_345-양산T6_345_1,6e-06,6.7e-05,0.001411,0.0,0.0,0.0,0.0,2000,2200,2500,0.24,1
20104,20105,2,345osm_양산T5_345-양산T6_345_2,6e-06,6.7e-05,0.001411,0.0,0.0,0.0,0.0,2000,2200,2500,0.24,1
20092,20105,1,345osm_울산T4_345-양산T6_345_1,5e-06,5.6e-05,0.001176,0.0,0.0,0.0,0.0,2000,2200,2500,0.2,1
20092,20105,2,345osm_울산T4_345-양산T6_345_2,5e-06,5.6e-05,0.001176,0.0,0.0,0.0,0.0,2000,2200,2500,0.2,1
20062,20092,1,345osm_양산T3_345-울산T4_345_1,6e-06,7e-05,0.00147,0.0,0.0,0.0,0.0,2000,2200,2500,0.25,1
20062,20092,2,345osm_양산T3_345-울산T4_345_2,6e-06,7e-05,0.00147,0.0,0.0,0.0,0.0,2000,2200,2500,0.25,1
20007,20100,1,345osm_정읍T1_345-정읍T4_345_1,8e-06,8.1e-05,0.001705,0.0,0.0,0.0,0.0,2000,2200,2500,0.29,1
20007,20100,2,345osm_정읍T1_345-정읍T4_345_2,8e-06,8.1e-05,0.001705,0.0,0.0,0.0,0.0,2000,2200,2500,0.29,1
20008,20100,1,345osm_정읍T2_345-정읍T4_345_1,8e-06,8.6e-05,0.001823,0.0,0.0,0.0,0.0,2000,2200,2500,0.31,1
20008,20100,2,345osm_정읍T2_345-정읍T4_345_2,8e-06,8.6e-05,0.001823,0.0,0.0,0.0,0.0,2000,2200,2500,0.31,1
20082,20098,1,345osm_울진T2_345-울진T3_345_1,1e-05,0.000103,0.002176,0.0,0.0,0.0,0.0,2000,2200,2500,0.37,1
20082,20098,2,345osm_울진T2_345-울진T3_345_2,1e-05,0.000103,0.002176,0.0,0.0,0.0,0.0,2000,2200,2500,0.37,1
20009,20098,1,345osm_울진T1_345-울진T3_345_1,1e-05,0.000112,0.002352,0.0,0.0,0.0,0.0,2000,2200,2500,0.4,1
20009,20098,2,345osm_울진T1_345-울진T3_345_2,1e-05,0.000112,0.002352,0.0,0.0,0.0,0.0,2000,2200,2500,0.4,1
20009,20082,1,345osm_울진T1_345-울진T2_345_1,1e-05,0.000103,0.002176,0.0,0.0,0.0,0.0,2000,2200,2500,0.37,1
20009,20082,2,345osm_울진T1_345-울진T2_345_2,1e-05,0.000103,0.002176,0.0,0.0,0.0,0.0,2000,2200,2500,0.37,1
20022,20096,1,345osm_울산T1_345-울산T7_345_1,1e-05,0.000103,0.002176,0.0,0.0,0.0,0.0,2000,2200,2500,0.37,1
20022,20096,2,345osm_울산T1_345-울산T7_345_2,1e-05,0.000103,0.002176,0.0,0.0,0.0,0.0,2000,2200,2500,0.37,1
20042,20108,1,345osm_동서울_345-성남T4_345_1,3e-06,3.6e-05,0.000764,0.0,0.0,0.0,0.0,2000,2200,2500,0.13,1
20042,20108,2,345osm_동서울_345-성남T4_345_2,3e-06,3.6e-05,0.000764,0.0,0.0,0.0,0.0,2000,2200,2500,0.13,1
20042,20107,1,345osm_동서울_345-성남T3_345_1,2.5e-05,0.000268,0.005645,0.0,0.0,0.0,0.0,2000,2200,2500,0.96,1
20042,20107,2,345osm_동서울_345-성남T3_345_2,2.5e-05,0.000268,0.005645,0.0,0.0,0.0,0.0,2000,2200,2500,0.96,1
20017,20028,1,345osm_전주T1_345-전주T2_345_1,1.4e-05,0.000145,0.003058,0.0,0.0,0.0,0.0,2000,2200,2500,0.52,1
20062,20104,1,345osm_양산T3_345-양산T5_345_1,6e-06,6.7e-05,0.001411,0.0,0.0,0.0,0.0,2000,2200,2500,0.24,1
20062,20104,2,345osm_양산T3_345-양산T5_345_2,6e-06,6.7e-05,0.001411,0.0,0.0,0.0,0.0,2000,2200,2500,0.24,1
20066,20103,1,345osm_남양주T2_345-남양주T4_345_1,8e-06,8.4e-05,0.001764,0.0,0.0,0.0,0.0,2000,2200,2500,0.3,1
20066,20103,2,345osm_남양주T2_345-남양주T4_345_2,8e-06,8.4e-05,0.001764,0.0,0.0,0.0,0.0,2000,2200,2500,0.3,1
20066,20102,1,345osm_남양주T2_345-남양주T3_345_1,0.000108,0.001161,0.024461,0.0,0.0,0.0,0.0,2000,2200,2500,4.16,1
20066,20102,2,345osm_남양주T2_345-남양주T3_345_2,0.000108,0.001161,0.024461,0.0,0.0,0.0,0.0,2000,2200,2500,4.16,1
20043,20103,1,345osm_미금_345-남양주T4_345_1,1.1e-05,0.000114,0.002411,0.0,0.0,0.0,0.0,2000,2200,2500,0.41,1
20043,20103,2,345osm_미금_345-남양주T4_345_2,1.1e-05,0.000114,0.002411,0.0,0.0,0.0,0.0,2000,2200,2500,0.41,1
20093,20094,1,345osm_영흥T1_345-영흥T2_345_1,8e-06,8.1e-05,0.001705,0.0,0.0,0.0,0.0,2000,2200,2500,0.29,1
20093,20094,2,345osm_영흥T1_345-영흥T2_345_2,8e-06,8.1e-05,0.001705,0.0,0.0,0.0,0.0,2000,2200,2500,0.29,1
20093,20094,3,345osm_영흥T1_345-영흥T2_345_3,8e-06,8.1e-05,0.001705,0.0,0.0,0.0,0.0,2000,2200,2500,0.29,1
20093,20094,4,345osm_영흥T1_345-영흥T2_345_4,8e-06,8.1e-05,0.001705,0.0,0.0,0.0,0.0,2000,2200,2500,0.29,1
20062,20105,1,345osm_양산T3_345-양산T6_345_1,1e-06,6e-06,0.000118,0.0,0.0,0.0,0.0,2000,2200,2500,0.02,1
20080,20087,1,345osm_신김포_345-김포T1_345_1,5.1e-05,0.00055,0.011584,0.0,0.0,0.0,0.0,2000,2200,2500,1.97,1
20080,20087,2,345osm_신김포_345-김포T1_345_2,5.1e-05,0.00055,0.011584,0.0,0.0,0.0,0.0,2000,2200,2500,1.97,1
20080,20087,3,345osm_신김포_345-김포T1_345_3,5.1e-05,0.00055,0.011584,0.0,0.0,0.0,0.0,2000,2200,2500,1.97,1
20080,20087,4,345osm_신김포_345-김포T1_345_4,5.1e-05,0.00055,0.011584,0.0,0.0,0.0,0.0,2000,2200,2500,1.97,1
20079,20088,1,345osm_파주T1_345-파주T2_345_1,5.1e-05,0.00055,0.011584,0.0,0.0,0.0,0.0,2000,2200,2500,1.97,1
20079,20088,2,345osm_파주T1_345-파주T2_345_2,5.1e-05,0.00055,0.011584,0.0,0.0,0.0,0.0,2000,2200,2500,1.97,1
20053,20079,1,345osm_신파주_345-파주T1_345_1,4.8e-05,0.000513,0.010819,0.0,0.0,0.0,0.0,2000,2200,2500,1.84,1
20053,20079,2,345osm_신파주_345-파주T1_345_2,4.8e-05,0.000513,0.010819,0.0,0.0,0.0,0.0,2000,2200,2500,1.84,1
20053,20079,3,345osm_신파주_345-파주T1_345_3,4.8e-05,0.000513,0.010819,0.0,0.0,0.0,0.0,2000,2200,2500,1.84,1
20053,20079,4,345osm_신파주_345-파주T1_345_4,4.8e-05,0.000513,0.010819,0.0,0.0,0.0,0.0,2000,2200,2500,1.84,1
20102,20107,1,345osm_남양주T3_345-성남T3_345_1,4.9e-05,0.000522,0.010996,0.0,0.0,0.0,0.0,2000,2200,2500,1.87,1
20102,20107,2,345osm_남양주T3_345-성남T3_345_2,4.9e-05,0.000522,0.010996,0.0,0.0,0.0,0.0,2000,2200,2500,1.87,1
20012,20064,1,345osm_신안성_345-서안성_345_1,0.000113,0.001211,0.025519,0.0,0.0,0.0,0.0,2000,2200,2500,4.34,1
20012,20064,2,345osm_신안성_345-서안성_345_2,0.000113,0.001211,0.025519,0.0,0.0,0.0,0.0,2000,2200,2500,4.34,1
20012,20064,3,345osm_신안성_345-서안성_345_3,0.000113,0.001211,0.025519,0.0,0.0,0.0,0.0,2000,2200,2500,4.34,1
20012,20064,4,345osm_신안성_345-서안성_345_4,0.000113,0.001211,0.025519,0.0,0.0,0.0,0.0,2000,2200,2500,4.34,1
20091,20095,1,345osm_북당진_345-당진T2_345_1,0.000153,0.001643,0.034633,0.0,0.0,0.0,0.0,2000,2200,2500,5.89,1
20091,20095,2,345osm_북당진_345-당진T2_345_2,0.000153,0.001643,0.034633,0.0,0.0,0.0,0.0,2000,2200,2500,5.89,1
20037,20090,1,345osm_신시흥_345-신시화_345_1,0.000142,0.001521,0.032046,0.0,0.0,0.0,0.0,2000,2200,2500,5.45,1
20037,20090,2,345osm_신시흥_345-신시화_345_2,0.000142,0.001521,0.032046,0.0,0.0,0.0,0.0,2000,2200,2500,5.45,1
20037,20090,3,345osm_신시흥_345-신시화_345_3,0.000142,0.001521,0.032046,0.0,0.0,0.0,0.0,2000,2200,2500,5.45,1
20037,20090,4,345osm_신시흥_345-신시화_345_4,0.000142,0.001521,0.032046,0.0,0.0,0.0,0.0,2000,2200,2500,5.45,1
20053,20054,1,345osm_신파주_345-신덕은_345_1,0.000165,0.001769,0.037279,0.0,0.0,0.0,0.0,2000,2200,2500,6.34,1
20053,20054,2,345osm_신파주_345-신덕은_345_2,0.000165,0.001769,0.037279,0.0,0.0,0.0,0.0,2000,2200,2500,6.34,1
20053,20054,3,345osm_신파주_345-신덕은_345_3,0.000165,0.001769,0.037279,0.0,0.0,0.0,0.0,2000,2200,2500,6.34,1
20053,20054,4,345osm_신파주_345-신덕은_345_4,0.000165,0.001769,0.037279,0.0,0.0,0.0,0.0,2000,2200,2500,6.34,1
20036,20076,1,345osm_신온양_345-신탕정_345_1,0.000175,0.001878,0.039572,0.0,0.0,0.0,0.0,2000,2200,2500,6.73,1
20036,20076,2,345osm_신온양_345-신탕정_345_2,0.000175,0.001878,0.039572,0.0,0.0,0.0,0.0,2000,2200,2500,6.73,1
20036,20076,3,345osm_신온양_345-신탕정_345_3,0.000175,0.001878,0.039572,0.0,0.0,0.0,0.0,2000,2200,2500,6.73,1
20036,20076,4,345osm_신온양_345-신탕정_345_4,0.000175,0.001878,0.039572,0.0,0.0,0.0,0.0,2000,2200,2500,6.73,1
20087,20088,1,345osm_김포T1_345-파주T2_345_1,0.000173,0.001855,0.039102,0.0,0.0,0.0,0.0,2000,2200,2500,6.65,1
20087,20088,2,345osm_김포T1_345-파주T2_345_2,0.000173,0.001855,0.039102,0.0,0.0,0.0,0.0,2000,2200,2500,6.65,1
20038,20071,1,345osm_신진천_345-신중부_345_1,0.000196,0.002098,0.044218,0.0,0.0,0.0,0.0,2000,2200,2500,7.52,1
20038,20071,2,345osm_신진천_345-신중부_345_2,0.000196,0.002098,0.044218,0.0,0.0,0.0,0.0,2000,2200,2500,7.52,1
20038,20071,3,345osm_신진천_345-신중부_345_3,0.000196,0.002098,0.044218,0.0,0.0,0.0,0.0,2000,2200,2500,7.52,1
20038,20071,4,345osm_신진천_345-신중부_345_4,0.000196,0.002098,0.044218,0.0,0.0,0.0,0.0,2000,2200,2500,7.52,1
20006,20101,1,345osm_신온산_345-남울산_345_1,0.000194,0.002081,0.043865,0.0,0.0,0.0,0.0,2000,2200,2500,7.46,1
20006,20101,2,345osm_신온산_345-남울산_345_2,0.000194,0.002081,0.043865,0.0,0.0,0.0,0.0,2000,2200,2500,7.46,1
20006,20101,3,345osm_신온산_345-남울산_345_3,0.000194,0.002081,0.043865,0.0,0.0,0.0,0.0,2000,2200,2500,7.46,1
20006,20101,4,345osm_신온산_345-남울산_345_4,0.000194,0.002081,0.043865,0.0,0.0,0.0,0.0,2000,2200,2500,7.46,1
20015,20057,1,345osm_신광명_345-영등포_345_1,0.000183,0.001961,0.041336,0.0,0.0,0.0,0.0,2000,2200,2500,7.03,1
20015,20057,2,345osm_신광명_345-영등포_345_2,0.000183,0.001961,0.041336,0.0,0.0,0.0,0.0,2000,2200,2500,7.03,1
20015,20057,3,345osm_신광명_345-영등포_345_3,0.000183,0.001961,0.041336,0.0,0.0,0.0,0.0,2000,2200,2500,7.03,1
20015,20057,4,345osm_신광명_345-영등포_345_4,0.000183,0.001961,0.041336,0.0,0.0,0.0,0.0,2000,2200,2500,7.03,1
20044,20056,1,345osm_양주_345-서울T1_345_1,0.000253,0.002717,0.057271,0.0,0.0,0.0,0.0,2000,2200,2500,9.74,1
20044,20056,2,345osm_양주_345-서울T1_345_2,0.000253,0.002717,0.057271,0.0,0.0,0.0,0.0,2000,2200,2500,9.74,1
20036,20040,1,345osm_신온양_345-아산_345_1,0.000311,0.00334,0.070384,0.0,0.0,0.0,0.0,2000,2200,2500,11.97,1
20036,20040,2,345osm_신온양_345-아산_345_2,0.000311,0.00334,0.070384,0.0,0.0,0.0,0.0,2000,2200,2500,11.97,1
20028,20029,1,345osm_전주T2_345-신김제_345_1,0.000315,0.003379,0.071207,0.0,0.0,0.0,0.0,2000,2200,2500,12.11,1
20028,20029,2,345osm_전주T2_345-신김제_345_2,0.000315,0.003379,0.071207,0.0,0.0,0.0,0.0,2000,2200,2500,12.11,1
20005,20039,1,345osm_신울산_345-서창_345_1,0.000336,0.00361,0.076087,0.0,0.0,0.0,0.0,2000,2200,2500,12.94,1
20005,20039,2,345osm_신울산_345-서창_345_2,0.000336,0.00361,0.076087,0.0,0.0,0.0,0.0,2000,2200,2500,12.94,1
20044,20079,1,345osm_양주_345-파주T1_345_1,0.000338,0.003627,0.07644,0.0,0.0,0.0,0.0,2000,2200,2500,13.0,1
20044,20079,2,345osm_양주_345-파주T1_345_2,0.000338,0.003627,0.07644,0.0,0.0,0.0,0.0,2000,2200,2500,13.0,1
20041,20075,1,345osm_신서산_345-신당진_345_1,0.000332,0.003566,0.075146,0.0,0.0,0.0,0.0,2000,2200,2500,12.78,1
20041,20075,2,345osm_신서산_345-신당진_345_2,0.000332,0.003566,0.075146,0.0,0.0,0.0,0.0,2000,2200,2500,12.78,1
20034,20068,1,345osm_서서울_345-신안산_345_1,0.000344,0.003688,0.077734,0.0,0.0,0.0,0.0,2000,2200,2500,13.22,1
20034,20068,2,345osm_서서울_345-신안산_345_2,0.000344,0.003688,0.077734,0.0,0.0,0.0,0.0,2000,2200,2500,13.22,1
20000,20013,1,345osm_신양재_345-신성남_345_1,0.00034,0.003647,0.076852,0.0,0.0,0.0,0.0,2000,2200,2500,13.07,1
20000,20013,2,345osm_신양재_345-신성남_345_2,0.00034,0.003647,0.076852,0.0,0.0,0.0,0.0,2000,2200,2500,13.07,1
20000,20013,3,345osm_신양재_345-신성남_345_3,0.00034,0.003647,0.076852,0.0,0.0,0.0,0.0,2000,2200,2500,13.07,1
20000,20013,4,345osm_신양재_345-신성남_345_4,0.00034,0.003647,0.076852,0.0,0.0,0.0,0.0,2000,2200,2500,13.07,1
20037,20068,1,345osm_신시흥_345-신안산_345_1,0.000365,0.003917,0.082555,0.0,0.0,0.0,0.0,2000,2200,2500,14.04,1
20037,20068,2,345osm_신시흥_345-신안산_345_2,0.000365,0.003917,0.082555,0.0,0.0,0.0,0.0,2000,2200,2500,14.04,1
20037,20068,3,345osm_신시흥_345-신안산_345_3,0.000365,0.003917,0.082555,0.0,0.0,0.0,0.0,2000,2200,2500,14.04,1
20037,20068,4,345osm_신시흥_345-신안산_345_4,0.000365,0.003917,0.082555,0.0,0.0,0.0,0.0,2000,2200,2500,14.04,1
20015,20037,1,345osm_신광명_345-신시흥_345_1,0.000385,0.004135,0.087142,0.0,0.0,0.0,0.0,2000,2200,2500,14.82,1
20015,20037,2,345osm_신광명_345-신시흥_345_2,0.000385,0.004135,0.087142,0.0,0.0,0.0,0.0,2000,2200,2500,14.82,1
20015,20037,3,345osm_신광명_345-신시흥_345_3,0.000385,0.004135,0.087142,0.0,0.0,0.0,0.0,2000,2200,2500,14.82,1
20015,20037,4,345osm_신광명_345-신시흥_345_4,0.000385,0.004135,0.087142,0.0,0.0,0.0,0.0,2000,2200,2500,14.82,1
20015,20034,1,345osm_신광명_345-서서울_345_1,0.000415,0.004456,0.093904,0.0,0.0,0.0,0.0,2000,2200,2500,15.97,1
20015,20034,2,345osm_신광명_345-서서울_345_2,0.000415,0.004456,0.093904,0.0,0.0,0.0,0.0,2000,2200,2500,15.97,1
20112,20113,1,345osm_창원_345-신김해_345_1,0.000412,0.004422,0.093198,0.0,0.0,0.0,0.0,2000,2200,2500,15.85,1
20112,20113,2,345osm_창원_345-신김해_345_2,0.000412,0.004422,0.093198,0.0,0.0,0.0,0.0,2000,2200,2500,15.85,1
20059,20113,1,345osm_신녹산_345-신김해_345_1,0.000429,0.004601,0.096961,0.0,0.0,0.0,0.0,2000,2200,2500,16.49,1
20059,20113,2,345osm_신녹산_345-신김해_345_2,0.000429,0.004601,0.096961,0.0,0.0,0.0,0.0,2000,2200,2500,16.49,1
20015,20065,1,345osm_신광명_345-신인천_345_1,0.000436,0.004682,0.098666,0.0,0.0,0.0,0.0,2000,2200,2500,16.78,1
20015,20065,2,345osm_신광명_345-신인천_345_2,0.000436,0.004682,0.098666,0.0,0.0,0.0,0.0,2000,2200,2500,16.78,1
20013,20034,1,345osm_신성남_345-서서울_345_1,0.00044,0.004718,0.099431,0.0,0.0,0.0,0.0,2000,2200,2500,16.91,1
20013,20034,2,345osm_신성남_345-서서울_345_2,0.00044,0.004718,0.099431,0.0,0.0,0.0,0.0,2000,2200,2500,16.91,1
20013,20034,3,345osm_신성남_345-서서울_345_3,0.00044,0.004718,0.099431,0.0,0.0,0.0,0.0,2000,2200,2500,16.91,1
20013,20034,4,345osm_신성남_345-서서울_345_4,0.00044,0.004718,0.099431,0.0,0.0,0.0,0.0,2000,2200,2500,16.91,1
20035,20068,1,345osm_화성_345-신안산_345_1,0.000454,0.004871,0.102665,0.0,0.0,0.0,0.0,2000,2200,2500,17.46,1
20035,20068,2,345osm_화성_345-신안산_345_2,0.000454,0.004871,0.102665,0.0,0.0,0.0,0.0,2000,2200,2500,17.46,1
20035,20068,3,345osm_화성_345-신안산_345_3,0.000454,0.004871,0.102665,0.0,0.0,0.0,0.0,2000,2200,2500,17.46,1
20035,20068,4,345osm_화성_345-신안산_345_4,0.000454,0.004871,0.102665,0.0,0.0,0.0,0.0,2000,2200,2500,17.46,1
20039,20101,1,345osm_서창_345-남울산_345_1,0.000466,0.005002,0.105428,0.0,0.0,0.0,0.0,2000,2200,2500,17.93,1
20039,20101,2,345osm_서창_345-남울산_345_2,0.000466,0.005002,0.105428,0.0,0.0,0.0,0.0,2000,2200,2500,17.93,1
20039,20101,3,345osm_서창_345-남울산_345_3,0.000466,0.005002,0.105428,0.0,0.0,0.0,0.0,2000,2200,2500,17.93,1
20039,20101,4,345osm_서창_345-남울산_345_4,0.000466,0.005002,0.105428,0.0,0.0,0.0,0.0,2000,2200,2500,17.93,1
20001,20032,1,345osm_북부산_345-신양산_345_1,0.000474,0.005086,0.107192,0.0,0.0,0.0,0.0,2000,2200,2500,18.23,1
20001,20032,2,345osm_북부산_345-신양산_345_2,0.000474,0.005086,0.107192,0.0,0.0,0.0,0.0,2000,2200,2500,18.23,1
20032,20092,1,345osm_신양산_345-울산T4_345_1,0.000482,0.005173,0.109015,0.0,0.0,0.0,0.0,2000,2200,2500,18.54,1
20032,20092,2,345osm_신양산_345-울산T4_345_2,0.000482,0.005173,0.109015,0.0,0.0,0.0,0.0,2000,2200,2500,18.54,1
20034,20035,1,345osm_서서울_345-화성_345_1,0.000502,0.005382,0.113425,0.0,0.0,0.0,0.0,2000,2200,2500,19.29,1
20034,20035,2,345osm_서서울_345-화성_345_2,0.000502,0.005382,0.113425,0.0,0.0,0.0,0.0,2000,2200,2500,19.29,1
20025,20074,1,345osm_청원_345-세종_345_1,0.000505,0.005424,0.114307,0.0,0.0,0.0,0.0,2000,2200,2500,19.44,1
20025,20074,2,345osm_청원_345-세종_345_2,0.000505,0.005424,0.114307,0.0,0.0,0.0,0.0,2000,2200,2500,19.44,1
20043,20067,1,345osm_미금_345-신의정부_345_1,0.000535,0.005736,0.120893,0.0,0.0,0.0,0.0,2000,2200,2500,20.56,1
20043,20067,2,345osm_미금_345-신의정부_345_2,0.000535,0.005736,0.120893,0.0,0.0,0.0,0.0,2000,2200,2500,20.56,1
20005,20062,1,345osm_신울산_345-양산T3_345_1,0.000544,0.005839,0.123068,0.0,0.0,0.0,0.0,2000,2200,2500,20.93,1
20005,20062,2,345osm_신울산_345-양산T3_345_2,0.000544,0.005839,0.123068,0.0,0.0,0.0,0.0,2000,2200,2500,20.93,1
20075,20095,1,345osm_신당진_345-당진T2_345_1,0.000543,0.005828,0.122833,0.0,0.0,0.0,0.0,2000,2200,2500,20.89,1
20075,20095,2,345osm_신당진_345-당진T2_345_2,0.000543,0.005828,0.122833,0.0,0.0,0.0,0.0,2000,2200,2500,20.89,1
20019,20072,1,345osm_대구_345-북경남_345_1,0.000554,0.00594,0.125185,0.0,0.0,0.0,0.0,2000,2200,2500,21.29,1
20019,20072,2,345osm_대구_345-북경남_345_2,0.000554,0.00594,0.125185,0.0,0.0,0.0,0.0,2000,2200,2500,21.29,1
20019,20072,3,345osm_대구_345-북경남_345_3,0.000554,0.00594,0.125185,0.0,0.0,0.0,0.0,2000,2200,2500,21.29,1
20019,20072,4,345osm_대구_345-북경남_345_4,0.000554,0.00594,0.125185,0.0,0.0,0.0,0.0,2000,2200,2500,21.29,1
20052,20108,1,345osm_곤지암_345-성남T4_345_1,0.000572,0.006135,0.129301,0.0,0.0,0.0,0.0,2000,2200,2500,21.99,1
20052,20108,2,345osm_곤지암_345-성남T4_345_2,0.000572,0.006135,0.129301,0.0,0.0,0.0,0.0,2000,2200,2500,21.99,1
20011,20012,1,345osm_신용인_345-신안성_345_1,0.00057,0.006113,0.128831,0.0,0.0,0.0,0.0,2000,2200,2500,21.91,1
20011,20012,2,345osm_신용인_345-신안성_345_2,0.00057,0.006113,0.128831,0.0,0.0,0.0,0.0,2000,2200,2500,21.91,1
20011,20012,3,345osm_신용인_345-신안성_345_3,0.00057,0.006113,0.128831,0.0,0.0,0.0,0.0,2000,2200,2500,21.91,1
20011,20012,4,345osm_신용인_345-신안성_345_4,0.00057,0.006113,0.128831,0.0,0.0,0.0,0.0,2000,2200,2500,21.91,1
20001,20039,1,345osm_북부산_345-서창_345_1,0.000592,0.006347,0.13377,0.0,0.0,0.0,0.0,2000,2200,2500,22.75,1
20001,20039,2,345osm_북부산_345-서창_345_2,0.000592,0.006347,0.13377,0.0,0.0,0.0,0.0,2000,2200,2500,22.75,1
20060,20096,1,345osm_동울산_345-울산T7_345_1,0.000606,0.006503,0.137063,0.0,0.0,0.0,0.0,2000,2200,2500,23.31,1
20060,20096,2,345osm_동울산_345-울산T7_345_2,0.000606,0.006503,0.137063,0.0,0.0,0.0,0.0,2000,2200,2500,23.31,1
20060,20096,3,345osm_동울산_345-울산T7_345_3,0.000606,0.006503,0.137063,0.0,0.0,0.0,0.0,2000,2200,2500,23.31,1
20060,20096,4,345osm_동울산_345-울산T7_345_4,0.000606,0.006503,0.137063,0.0,0.0,0.0,0.0,2000,2200,2500,23.31,1
20003,20078,1,345osm_신포항_345-신영일_345_1,0.000608,0.00652,0.137416,0.0,0.0,0.0,0.0,2000,2200,2500,23.37,1
20003,20078,2,345osm_신포항_345-신영일_345_2,0.000608,0.00652,0.137416,0.0,0.0,0.0,0.0,2000,2200,2500,23.37,1
20010,20014,1,345osm_신옥천_345-신계룡_345_1,0.000627,0.006732,0.141884,0.0,0.0,0.0,0.0,2000,2200,2500,24.13,1
20010,20014,2,345osm_신옥천_345-신계룡_345_2,0.000627,0.006732,0.141884,0.0,0.0,0.0,0.0,2000,2200,2500,24.13,1
20003,20096,1,345osm_신포항_345-울산T7_345_1,0.000636,0.006827,0.143884,0.0,0.0,0.0,0.0,2000,2200,2500,24.47,1
20003,20096,2,345osm_신포항_345-울산T7_345_2,0.000636,0.006827,0.143884,0.0,0.0,0.0,0.0,2000,2200,2500,24.47,1
20019,20021,1,345osm_대구_345-고령_345_1,0.000644,0.006911,0.145648,0.0,0.0,0.0,0.0,2000,2200,2500,24.77,1
20019,20021,2,345osm_대구_345-고령_345_2,0.000644,0.006911,0.145648,0.0,0.0,0.0,0.0,2000,2200,2500,24.77,1
20025,20071,1,345osm_청원_345-신중부_345_1,0.000661,0.007089,0.149411,0.0,0.0,0.0,0.0,2000,2200,2500,25.41,1
20025,20071,2,345osm_청원_345-신중부_345_2,0.000661,0.007089,0.149411,0.0,0.0,0.0,0.0,2000,2200,2500,25.41,1
20025,20071,3,345osm_청원_345-신중부_345_3,0.000661,0.007089,0.149411,0.0,0.0,0.0,0.0,2000,2200,2500,25.41,1
20025,20071,4,345osm_청원_345-신중부_345_4,0.000661,0.007089,0.149411,0.0,0.0,0.0,0.0,2000,2200,2500,25.41,1
20011,20064,1,345osm_신용인_345-서안성_345_1,0.000676,0.007254,0.15288,0.0,0.0,0.0,0.0,2000,2200,2500,26.0,1
20011,20064,2,345osm_신용인_345-서안성_345_2,0.000676,0.007254,0.15288,0.0,0.0,0.0,0.0,2000,2200,2500,26.0,1
20011,20064,3,345osm_신용인_345-서안성_345_3,0.000676,0.007254,0.15288,0.0,0.0,0.0,0.0,2000,2200,2500,26.0,1
20011,20064,4,345osm_신용인_345-서안성_345_4,0.000676,0.007254,0.15288,0.0,0.0,0.0,0.0,2000,2200,2500,26.0,1
20044,20067,1,345osm_양주_345-신의정부_345_1,0.000719,0.007717,0.162641,0.0,0.0,0.0,0.0,2000,2200,2500,27.66,1
20044,20067,2,345osm_양주_345-신의정부_345_2,0.000719,0.007717,0.162641,0.0,0.0,0.0,0.0,2000,2200,2500,27.66,1
20018,20073,1,345osm_군산_345-새만금_345_1,0.000737,0.007907,0.166639,0.0,0.0,0.0,0.0,2000,2200,2500,28.34,1
20018,20073,2,345osm_군산_345-새만금_345_2,0.000737,0.007907,0.166639,0.0,0.0,0.0,0.0,2000,2200,2500,28.34,1
20090,20093,1,345osm_신시화_345-영흥T1_345_1,0.000744,0.007985,0.168286,0.0,0.0,0.0,0.0,2000,2200,2500,28.62,1
20090,20093,2,345osm_신시화_345-영흥T1_345_2,0.000744,0.007985,0.168286,0.0,0.0,0.0,0.0,2000,2200,2500,28.62,1
20004,20096,1,345osm_울주_345-울산T7_345_1,0.000745,0.007999,0.16858,0.0,0.0,0.0,0.0,2000,2200,2500,28.67,1
20004,20096,2,345osm_울주_345-울산T7_345_2,0.000745,0.007999,0.16858,0.0,0.0,0.0,0.0,2000,2200,2500,28.67,1
20004,20096,3,345osm_울주_345-울산T7_345_3,0.000745,0.007999,0.16858,0.0,0.0,0.0,0.0,2000,2200,2500,28.67,1
20004,20096,4,345osm_울주_345-울산T7_345_4,0.000745,0.007999,0.16858,0.0,0.0,0.0,0.0,2000,2200,2500,28.67,1
20010,20025,1,345osm_신옥천_345-청원_345_1,0.000778,0.008345,0.175871,0.0,0.0,0.0,0.0,2000,2200,2500,29.91,1
20010,20025,2,345osm_신옥천_345-청원_345_2,0.000778,0.008345,0.175871,0.0,0.0,0.0,0.0,2000,2200,2500,29.91,1
20031,20113,1,345osm_신마산_345-신김해_345_1,0.000804,0.008627,0.18181,0.0,0.0,0.0,0.0,2000,2200,2500,30.92,1
20017,20018,1,345osm_전주T1_345-군산_345_1,0.000822,0.008816,0.185808,0.0,0.0,0.0,0.0,2000,2200,2500,31.6,1
20017,20018,2,345osm_전주T1_345-군산_345_2,0.000822,0.008816,0.185808,0.0,0.0,0.0,0.0,2000,2200,2500,31.6,1
20035,20036,1,345osm_화성_345-신온양_345_1,0.000852,0.009146,0.192746,0.0,0.0,0.0,0.0,2000,2200,2500,32.78,1
20035,20036,2,345osm_화성_345-신온양_345_2,0.000852,0.009146,0.192746,0.0,0.0,0.0,0.0,2000,2200,2500,32.78,1
20021,20023,1,345osm_고령_345-서대구_345_1,0.000895,0.0096,0.202331,0.0,0.0,0.0,0.0,2000,2200,2500,34.41,1
20021,20023,2,345osm_고령_345-서대구_345_2,0.000895,0.0096,0.202331,0.0,0.0,0.0,0.0,2000,2200,2500,34.41,1
20038,20064,1,345osm_신진천_345-서안성_345_1,0.000902,0.009684,0.204095,0.0,0.0,0.0,0.0,2000,2200,2500,34.71,1
20038,20064,2,345osm_신진천_345-서안성_345_2,0.000902,0.009684,0.204095,0.0,0.0,0.0,0.0,2000,2200,2500,34.71,1
20038,20064,3,345osm_신진천_345-서안성_345_3,0.000902,0.009684,0.204095,0.0,0.0,0.0,0.0,2000,2200,2500,34.71,1
20038,20064,4,345osm_신진천_345-서안성_345_4,0.000902,0.009684,0.204095,0.0,0.0,0.0,0.0,2000,2200,2500,34.71,1
20048,20114,1,345osm_신화순_345-신강진_345_1,0.000909,0.009751,0.205506,0.0,0.0,0.0,0.0,2000,2200,2500,34.95,1
20048,20114,2,345osm_신화순_345-신강진_345_2,0.000909,0.009751,0.205506,0.0,0.0,0.0,0.0,2000,2200,2500,34.95,1
20019,20020,1,345osm_대구_345-신경산_345_1,0.000973,0.01044,0.22003,0.0,0.0,0.0,0.0,2000,2200,2500,37.42,1
20019,20020,2,345osm_대구_345-신경산_345_2,0.000973,0.01044,0.22003,0.0,0.0,0.0,0.0,2000,2200,2500,37.42,1
20019,20020,3,345osm_대구_345-신경산_345_3,0.000973,0.01044,0.22003,0.0,0.0,0.0,0.0,2000,2200,2500,37.42,1
20019,20020,4,345osm_대구_345-신경산_345_4,0.000973,0.01044,0.22003,0.0,0.0,0.0,0.0,2000,2200,2500,37.42,1
20011,20108,1,345osm_신용인_345-성남T4_345_1,0.001018,0.01092,0.230143,0.0,0.0,0.0,0.0,2000,2200,2500,39.14,1
20011,20108,2,345osm_신용인_345-성남T4_345_2,0.001018,0.01092,0.230143,0.0,0.0,0.0,0.0,2000,2200,2500,39.14,1
20026,20048,1,345osm_신광주_345-신화순_345_1,0.001078,0.011573,0.243902,0.0,0.0,0.0,0.0,2000,2200,2500,41.48,1
20026,20048,2,345osm_신광주_345-신화순_345_2,0.001078,0.011573,0.243902,0.0,0.0,0.0,0.0,2000,2200,2500,41.48,1
20030,20031,1,345osm_의령_345-신마산_345_1,0.001089,0.011685,0.246254,0.0,0.0,0.0,0.0,2000,2200,2500,41.88,1
20030,20031,2,345osm_의령_345-신마산_345_2,0.001089,0.011685,0.246254,0.0,0.0,0.0,0.0,2000,2200,2500,41.88,1
20001,20113,1,345osm_북부산_345-신김해_345_1,0.001128,0.012109,0.255192,0.0,0.0,0.0,0.0,2000,2200,2500,43.4,1
20001,20113,2,345osm_북부산_345-신김해_345_2,0.001128,0.012109,0.255192,0.0,0.0,0.0,0.0,2000,2200,2500,43.4,1
20030,20084,1,345osm_의령_345-산청양수_345_1,0.001132,0.012148,0.256015,0.0,0.0,0.0,0.0,2000,2200,2500,43.54,1
20030,20084,2,345osm_의령_345-산청양수_345_2,0.001132,0.012148,0.256015,0.0,0.0,0.0,0.0,2000,2200,2500,43.54,1
20030,20084,3,345osm_의령_345-산청양수_345_3,0.001132,0.012148,0.256015,0.0,0.0,0.0,0.0,2000,2200,2500,43.54,1
20030,20084,4,345osm_의령_345-산청양수_345_4,0.001132,0.012148,0.256015,0.0,0.0,0.0,0.0,2000,2200,2500,43.54,1
20004,20020,1,345osm_울주_345-신경산_345_1,0.00115,0.012337,0.260014,0.0,0.0,0.0,0.0,2000,2200,2500,44.22,1
20004,20020,2,345osm_울주_345-신경산_345_2,0.00115,0.012337,0.260014,0.0,0.0,0.0,0.0,2000,2200,2500,44.22,1
20023,20070,1,345osm_서대구_345-선산_345_1,0.001154,0.012382,0.260954,0.0,0.0,0.0,0.0,2000,2200,2500,44.38,1
20023,20070,2,345osm_서대구_345-선산_345_2,0.001154,0.012382,0.260954,0.0,0.0,0.0,0.0,2000,2200,2500,44.38,1
20004,20092,1,345osm_울주_345-울산T4_345_1,0.001169,0.012547,0.264424,0.0,0.0,0.0,0.0,2000,2200,2500,44.97,1
20004,20092,2,345osm_울주_345-울산T4_345_2,0.001169,0.012547,0.264424,0.0,0.0,0.0,0.0,2000,2200,2500,44.97,1
20004,20092,3,345osm_울주_345-울산T4_345_3,0.001169,0.012547,0.264424,0.0,0.0,0.0,0.0,2000,2200,2500,44.97,1
20004,20092,4,345osm_울주_345-울산T4_345_4,0.001169,0.012547,0.264424,0.0,0.0,0.0,0.0,2000,2200,2500,44.97,1
20005,20060,1,345osm_신울산_345-동울산_345_1,0.001194,0.012812,0.27001,0.0,0.0,0.0,0.0,2000,2200,2500,45.92,1
20005,20060,2,345osm_신울산_345-동울산_345_2,0.001194,0.012812,0.27001,0.0,0.0,0.0,0.0,2000,2200,2500,45.92,1
20005,20060,3,345osm_신울산_345-동울산_345_3,0.001194,0.012812,0.27001,0.0,0.0,0.0,0.0,2000,2200,2500,45.92,1
20005,20060,4,345osm_신울산_345-동울산_345_4,0.001194,0.012812,0.27001,0.0,0.0,0.0,0.0,2000,2200,2500,45.92,1
20009,20046,1,345osm_울진T1_345-신태백_345_1,0.001233,0.013236,0.278947,0.0,0.0,0.0,0.0,2000,2200,2500,47.44,1
20009,20046,2,345osm_울진T1_345-신태백_345_2,0.001233,0.013236,0.278947,0.0,0.0,0.0,0.0,2000,2200,2500,47.44,1
20002,20036,1,345osm_청양_345-신온양_345_1,0.001285,0.013785,0.290531,0.0,0.0,0.0,0.0,2000,2200,2500,49.41,1
20002,20036,2,345osm_청양_345-신온양_345_2,0.001285,0.013785,0.290531,0.0,0.0,0.0,0.0,2000,2200,2500,49.41,1
20002,20036,3,345osm_청양_345-신온양_345_3,0.001285,0.013785,0.290531,0.0,0.0,0.0,0.0,2000,2200,2500,49.41,1
20002,20036,4,345osm_청양_345-신온양_345_4,0.001285,0.013785,0.290531,0.0,0.0,0.0,0.0,2000,2200,2500,49.41,1
20033,20063,1,345osm_광양_345-한국발전기술_345_1,0.001313,0.014089,0.29694,0.0,0.0,0.0,0.0,2000,2200,2500,50.5,1
20033,20063,2,345osm_광양_345-한국발전기술_345_2,0.001313,0.014089,0.29694,0.0,0.0,0.0,0.0,2000,2200,2500,50.5,1
20033,20063,3,345osm_광양_345-한국발전기술_345_3,0.001313,0.014089,0.29694,0.0,0.0,0.0,0.0,2000,2200,2500,50.5,1
20033,20063,4,345osm_광양_345-한국발전기술_345_4,0.001313,0.014089,0.29694,0.0,0.0,0.0,0.0,2000,2200,2500,50.5,1
20002,20014,1,345osm_청양_345-신계룡_345_1,0.001331,0.014279,0.300938,0.0,0.0,0.0,0.0,2000,2200,2500,51.18,1
20002,20014,2,345osm_청양_345-신계룡_345_2,0.001331,0.014279,0.300938,0.0,0.0,0.0,0.0,2000,2200,2500,51.18,1
20047,20067,1,345osm_신가평_345-신의정부_345_1,0.001347,0.014455,0.304643,0.0,0.0,0.0,0.0,2000,2200,2500,51.81,1
20047,20067,2,345osm_신가평_345-신의정부_345_2,0.001347,0.014455,0.304643,0.0,0.0,0.0,0.0,2000,2200,2500,51.81,1
20047,20067,3,345osm_신가평_345-신의정부_345_3,0.001347,0.014455,0.304643,0.0,0.0,0.0,0.0,2000,2200,2500,51.81,1
20047,20067,4,345osm_신가평_345-신의정부_345_4,0.001347,0.014455,0.304643,0.0,0.0,0.0,0.0,2000,2200,2500,51.81,1
20026,20100,1,345osm_신광주_345-정읍T4_345_1,0.001389,0.014901,0.314051,0.0,0.0,0.0,0.0,2000,2200,2500,53.41,1
20026,20100,2,345osm_신광주_345-정읍T4_345_2,0.001389,0.014901,0.314051,0.0,0.0,0.0,0.0,2000,2200,2500,53.41,1
20078,20083,1,345osm_신영일_345-청송양수_345_1,0.0014,0.015019,0.31652,0.0,0.0,0.0,0.0,2000,2200,2500,53.83,1
20078,20083,2,345osm_신영일_345-청송양수_345_2,0.0014,0.015019,0.31652,0.0,0.0,0.0,0.0,2000,2200,2500,53.83,1
20054,20055,1,345osm_신덕은_345-신포천_345_1,0.001424,0.015278,0.321989,0.0,0.0,0.0,0.0,2000,2200,2500,54.76,1
20054,20055,2,345osm_신덕은_345-신포천_345_2,0.001424,0.015278,0.321989,0.0,0.0,0.0,0.0,2000,2200,2500,54.76,1
20054,20055,3,345osm_신덕은_345-신포천_345_3,0.001424,0.015278,0.321989,0.0,0.0,0.0,0.0,2000,2200,2500,54.76,1
20054,20055,4,345osm_신덕은_345-신포천_345_4,0.001424,0.015278,0.321989,0.0,0.0,0.0,0.0,2000,2200,2500,54.76,1
20026,20027,1,345osm_신광주_345-신남원_345_1,0.001502,0.016115,0.339629,0.0,0.0,0.0,0.0,2000,2200,2500,57.76,1
20026,20027,2,345osm_신광주_345-신남원_345_2,0.001502,0.016115,0.339629,0.0,0.0,0.0,0.0,2000,2200,2500,57.76,1
20031,20069,1,345osm_신마산_345-신고성_345_1,0.00154,0.016522,0.348214,0.0,0.0,0.0,0.0,2000,2200,2500,59.22,1
20031,20069,2,345osm_신마산_345-신고성_345_2,0.00154,0.016522,0.348214,0.0,0.0,0.0,0.0,2000,2200,2500,59.22,1
20021,20030,1,345osm_고령_345-의령_345_1,0.001551,0.016642,0.350742,0.0,0.0,0.0,0.0,2000,2200,2500,59.65,1
20021,20030,2,345osm_고령_345-의령_345_2,0.001551,0.016642,0.350742,0.0,0.0,0.0,0.0,2000,2200,2500,59.65,1
20023,20072,1,345osm_서대구_345-북경남_345_1,0.001557,0.016704,0.352036,0.0,0.0,0.0,0.0,2000,2200,2500,59.87,1
20023,20072,2,345osm_서대구_345-북경남_345_2,0.001557,0.016704,0.352036,0.0,0.0,0.0,0.0,2000,2200,2500,59.87,1
20023,20072,3,345osm_서대구_345-북경남_345_3,0.001557,0.016704,0.352036,0.0,0.0,0.0,0.0,2000,2200,2500,59.87,1
20023,20072,4,345osm_서대구_345-북경남_345_4,0.001557,0.016704,0.352036,0.0,0.0,0.0,0.0,2000,2200,2500,59.87,1
20002,20018,1,345osm_청양_345-군산_345_1,0.001592,0.017083,0.360032,0.0,0.0,0.0,0.0,2000,2200,2500,61.23,1
20002,20018,2,345osm_청양_345-군산_345_2,0.001592,0.017083,0.360032,0.0,0.0,0.0,0.0,2000,2200,2500,61.23,1
20027,20030,1,345osm_신남원_345-의령_345_1,0.001634,0.017535,0.369558,0.0,0.0,0.0,0.0,2000,2200,2500,62.85,1
20027,20030,2,345osm_신남원_345-의령_345_2,0.001634,0.017535,0.369558,0.0,0.0,0.0,0.0,2000,2200,2500,62.85,1
20027,20033,1,345osm_신남원_345-광양_345_1,0.001644,0.017638,0.371734,0.0,0.0,0.0,0.0,2000,2200,2500,63.22,1
20027,20033,2,345osm_신남원_345-광양_345_2,0.001644,0.017638,0.371734,0.0,0.0,0.0,0.0,2000,2200,2500,63.22,1
20027,20033,3,345osm_신남원_345-광양_345_3,0.001644,0.017638,0.371734,0.0,0.0,0.0,0.0,2000,2200,2500,63.22,1
20027,20033,4,345osm_신남원_345-광양_345_4,0.001644,0.017638,0.371734,0.0,0.0,0.0,0.0,2000,2200,2500,63.22,1
20047,20055,1,345osm_신가평_345-신포천_345_1,0.001643,0.017627,0.371498,0.0,0.0,0.0,0.0,2000,2200,2500,63.18,1
20047,20055,2,345osm_신가평_345-신포천_345_2,0.001643,0.017627,0.371498,0.0,0.0,0.0,0.0,2000,2200,2500,63.18,1
20051,20058,1,345osm_신제천_345-신충주_345_1,0.001714,0.018389,0.387551,0.0,0.0,0.0,0.0,2000,2200,2500,65.91,1
20051,20058,2,345osm_신제천_345-신충주_345_2,0.001714,0.018389,0.387551,0.0,0.0,0.0,0.0,2000,2200,2500,65.91,1
20051,20058,3,345osm_신제천_345-신충주_345_3,0.001714,0.018389,0.387551,0.0,0.0,0.0,0.0,2000,2200,2500,65.91,1
20051,20058,4,345osm_신제천_345-신충주_345_4,0.001714,0.018389,0.387551,0.0,0.0,0.0,0.0,2000,2200,2500,65.91,1
20069,20112,1,345osm_신고성_345-창원_345_1,0.001815,0.01948,0.410542,0.0,0.0,0.0,0.0,2000,2200,2500,69.82,1
20045,20051,1,345osm_신영주_345-신제천_345_1,0.001952,0.020945,0.441412,0.0,0.0,0.0,0.0,2000,2200,2500,75.07,1
20045,20051,2,345osm_신영주_345-신제천_345_2,0.001952,0.020945,0.441412,0.0,0.0,0.0,0.0,2000,2200,2500,75.07,1
20029,20100,1,345osm_신김제_345-정읍T4_345_1,0.001982,0.021268,0.448232,0.0,0.0,0.0,0.0,2000,2200,2500,76.23,1
20029,20100,2,345osm_신김제_345-정읍T4_345_2,0.001982,0.021268,0.448232,0.0,0.0,0.0,0.0,2000,2200,2500,76.23,1
20052,20058,1,345osm_곤지암_345-신충주_345_1,0.002028,0.021762,0.45864,0.0,0.0,0.0,0.0,2000,2200,2500,78.0,1
20052,20058,2,345osm_곤지암_345-신충주_345_2,0.002028,0.021762,0.45864,0.0,0.0,0.0,0.0,2000,2200,2500,78.0,1
20052,20058,3,345osm_곤지암_345-신충주_345_3,0.002028,0.021762,0.45864,0.0,0.0,0.0,0.0,2000,2200,2500,78.0,1
20052,20058,4,345osm_곤지암_345-신충주_345_4,0.002028,0.021762,0.45864,0.0,0.0,0.0,0.0,2000,2200,2500,78.0,1
20045,20083,1,345osm_신영주_345-청송양수_345_1,0.002275,0.024415,0.514559,0.0,0.0,0.0,0.0,2000,2200,2500,87.51,1
20045,20083,2,345osm_신영주_345-청송양수_345_2,0.002275,0.024415,0.514559,0.0,0.0,0.0,0.0,2000,2200,2500,87.51,1
20045,20082,1,345osm_신영주_345-울진T2_345_1,0.002272,0.024379,0.513794,0.0,0.0,0.0,0.0,2000,2200,2500,87.38,1
20045,20082,2,345osm_신영주_345-울진T2_345_2,0.002272,0.024379,0.513794,0.0,0.0,0.0,0.0,2000,2200,2500,87.38,1
20010,20027,1,345osm_신옥천_345-신남원_345_1,0.002469,0.026499,0.558482,0.0,0.0,0.0,0.0,2000,2200,2500,94.98,1
20010,20027,2,345osm_신옥천_345-신남원_345_2,0.002469,0.026499,0.558482,0.0,0.0,0.0,0.0,2000,2200,2500,94.98,1
20002,20040,1,345osm_청양_345-아산_345_1,0.002462,0.026424,0.556895,0.0,0.0,0.0,0.0,2000,2200,2500,94.71,1
20002,20040,2,345osm_청양_345-아산_345_2,0.002462,0.026424,0.556895,0.0,0.0,0.0,0.0,2000,2200,2500,94.71,1
20050,20051,1,345osm_동해_345-신제천_345_1,0.002473,0.026538,0.559306,0.0,0.0,0.0,0.0,2000,2200,2500,95.12,1
20050,20051,2,345osm_동해_345-신제천_345_2,0.002473,0.026538,0.559306,0.0,0.0,0.0,0.0,2000,2200,2500,95.12,1
20050,20051,3,345osm_동해_345-신제천_345_3,0.002473,0.026538,0.559306,0.0,0.0,0.0,0.0,2000,2200,2500,95.12,1
20050,20051,4,345osm_동해_345-신제천_345_4,0.002473,0.026538,0.559306,0.0,0.0,0.0,0.0,2000,2200,2500,95.12,1
20027,20100,1,345osm_신남원_345-정읍T4_345_1,0.002747,0.029476,0.621222,0.0,0.0,0.0,0.0,2000,2200,2500,105.65,1
20027,20100,2,345osm_신남원_345-정읍T4_345_2,0.002747,0.029476,0.621222,0.0,0.0,0.0,0.0,2000,2200,2500,105.65,1
20033,20114,1,345osm_광양_345-신강진_345_1,0.002876,0.03086,0.650387,0.0,0.0,0.0,0.0,2000,2200,2500,110.61,1
20033,20114,2,345osm_광양_345-신강진_345_2,0.002876,0.03086,0.650387,0.0,0.0,0.0,0.0,2000,2200,2500,110.61,1
20010,20023,1,345osm_신옥천_345-서대구_345_1,0.002962,0.031786,0.669908,0.0,0.0,0.0,0.0,2000,2200,2500,113.93,1
20010,20023,2,345osm_신옥천_345-서대구_345_2,0.002962,0.031786,0.669908,0.0,0.0,0.0,0.0,2000,2200,2500,113.93,1
20106,20093,1,345gap_영흥T3_345-영흥T1_345_1,2.6e-05,0.000279,0.00588,0.0,0.0,0.0,0.0,2000,2200,2500,1.0,1
20106,20093,2,345gap_영흥T3_345-영흥T1_345_2,2.6e-05,0.000279,0.00588,0.0,0.0,0.0,0.0,2000,2200,2500,1.0,1
20109,20108,1,345gap_성남T5_345-성남T4_345_1,2.6e-05,0.000279,0.00588,0.0,0.0,0.0,0.0,2000,2200,2500,1.0,1
20109,20108,2,345gap_성남T5_345-성남T4_345_2,2.6e-05,0.000279,0.00588,0.0,0.0,0.0,0.0,2000,2200,2500,1.0,1
20061,20092,1,345gap_신울산765_345-울산T4_345_1,2.6e-05,0.000279,0.00588,0.0,0.0,0.0,0.0,2000,2200,2500,1.0,1
20061,20092,2,345gap_신울산765_345-울산T4_345_2,2.6e-05,0.000279,0.00588,0.0,0.0,0.0,0.0,2000,2200,2500,1.0,1
20110,20107,1,345gap_성남T6_345-성남T3_345_1,2.6e-05,0.000279,0.00588,0.0,0.0,0.0,0.0,2000,2200,2500,1.0,1
20110,20107,2,345gap_성남T6_345-성남T3_345_2,2.6e-05,0.000279,0.00588,0.0,0.0,0.0,0.0,2000,2200,2500,1.0,1
20099,20009,1,345gap_울진T4_345-울진T1_345_1,2.6e-05,0.000279,0.00588,0.0,0.0,0.0,0.0,2000,2200,2500,1.0,1
20099,20009,2,345gap_울진T4_345-울진T1_345_2,2.6e-05,0.000279,0.00588,0.0,0.0,0.0,0.0,2000,2200,2500,1.0,1
20111,20042,1,345gap_성남T7_345-동서울_345_1,6.3e-05,0.000677,0.014269,0.0,0.0,0.0,0.0,2000,2200,2500,2.43,1
20111,20042,2,345gap_성남T7_345-동서울_345_2,6.3e-05,0.000677,0.014269,0.0,0.0,0.0,0.0,2000,2200,2500,2.43,1
20089,20065,1,345gap_신부평_345-신인천_345_1,0.000133,0.001432,0.03017,0.0,0.0,0.0,0.0,2000,2200,2500,5.13,1
20089,20065,2,345gap_신부평_345-신인천_345_2,0.000133,0.001432,0.03017,0.0,0.0,0.0,0.0,2000,2200,2500,5.13,1
20016,20011,1,345gap_신수원_345-신용인_345_1,0.000195,0.002091,0.04406,0.0,0.0,0.0,0.0,2000,2200,2500,7.49,1
20016,20011,2,345gap_신수원_345-신용인_345_2,0.000195,0.002091,0.04406,0.0,0.0,0.0,0.0,2000,2200,2500,7.49,1
20077,20003,1,345gap_포스코_345-신포항_345_1,0.000198,0.002123,0.044738,0.0,0.0,0.0,0.0,2000,2200,2500,7.61,1
20077,20003,2,345gap_포스코_345-신포항_345_2,0.000198,0.002123,0.044738,0.0,0.0,0.0,0.0,2000,2200,2500,7.61,1
20024,20064,1,345gap_안성_345-서안성_345_1,0.000262,0.002814,0.059312,0.0,0.0,0.0,0.0,2000,2200,2500,10.09,1
20024,20064,2,345gap_안성_345-서안성_345_2,0.000262,0.002814,0.059312,0.0,0.0,0.0,0.0,2000,2200,2500,10.09,1
20081,20000,1,345gap_성동_345-신양재_345_1,0.000277,0.002976,0.062722,0.0,0.0,0.0,0.0,2000,2200,2500,10.67,1
20081,20000,2,345gap_성동_345-신양재_345_2,0.000277,0.002976,0.062722,0.0,0.0,0.0,0.0,2000,2200,2500,10.67,1
20085,20001,1,345gap_서부산_345-북부산_345_1,0.000304,0.003259,0.068676,0.0,0.0,0.0,0.0,2000,2200,2500,11.68,1
20085,20001,2,345gap_서부산_345-북부산_345_2,0.000304,0.003259,0.068676,0.0,0.0,0.0,0.0,2000,2200,2500,11.68,1
20086,20085,1,345gap_동부산_345-서부산_345_1,0.000265,0.002848,0.06003,0.0,0.0,0.0,0.0,2000,2200,2500,10.21,1
20086,20085,2,345gap_동부산_345-서부산_345_2,0.000265,0.002848,0.06003,0.0,0.0,0.0,0.0,2000,2200,2500,10.21,1
20115,20064,1,345gap_고덕_345-서안성_345_1,0.000495,0.005316,0.112038,0.0,0.0,0.0,0.0,2000,2200,2500,19.05,1
20115,20064,2,345gap_고덕_345-서안성_345_2,0.000495,0.005316,0.112038,0.0,0.0,0.0,0.0,2000,2200,2500,19.05,1
20091,20036,1,345gap_북당진_345-신온양_345_1,0.000645,0.006926,0.145976,0.0,0.0,0.0,0.0,2000,2200,2500,24.83,1
20091,20036,2,345gap_북당진_345-신온양_345_2,0.000645,0.006926,0.145976,0.0,0.0,0.0,0.0,2000,2200,2500,24.83,1
20049,20050,1,345gap_신양양_345-동해_345_1,0.002213,0.023743,0.500388,0.0,0.0,0.0,0.0,2000,2200,2500,85.1,1
20049,20050,2,345gap_신양양_345-동해_345_2,0.002213,0.023743,0.500388,0.0,0.0,0.0,0.0,2000,2200,2500,85.1,1
40220,40221,1,154osm_아현_154-신촌_154_1,9.5e-05,0.000866,0.000701,0.0,0.0,0.0,0.0,450,495,562,0.61,1
40220,40221,2,154osm_아현_154-신촌_154_2,9.5e-05,0.000866,0.000701,0.0,0.0,0.0,0.0,450,495,562,0.61,1
40056,40456,1,154osm_원정_154-만호_154_1,3.1e-05,0.000284,0.00023,0.0,0.0,0.0,0.0,450,495,562,0.2,1
40056,40456,2,154osm_원정_154-만호_154_2,3.1e-05,0.000284,0.00023,0.0,0.0,0.0,0.0,450,495,562,0.2,1
40285,40791,1,154osm_양산T3_154-양산T7_154_1,3.7e-05,0.000341,0.000276,0.0,0.0,0.0,0.0,450,495,562,0.24,1
40285,40791,2,154osm_양산T3_154-양산T7_154_2,3.7e-05,0.000341,0.000276,0.0,0.0,0.0,0.0,450,495,562,0.24,1
40725,40785,1,154osm_양산T4_154-양산T6_154_1,4.5e-05,0.000412,0.000333,0.0,0.0,0.0,0.0,450,495,562,0.29,1
40725,40785,2,154osm_양산T4_154-양산T6_154_2,4.5e-05,0.000412,0.000333,0.0,0.0,0.0,0.0,450,495,562,0.29,1
40005,40006,1,154osm_논일_154-역삼_154_1,0.000103,0.000937,0.000759,0.0,0.0,0.0,0.0,450,495,562,0.66,1
40005,40006,2,154osm_논일_154-역삼_154_2,0.000103,0.000937,0.000759,0.0,0.0,0.0,0.0,450,495,562,0.66,1
40005,40006,3,154osm_논일_154-역삼_154_3,0.000103,0.000937,0.000759,0.0,0.0,0.0,0.0,450,495,562,0.66,1
40724,40785,1,154osm_울산T5_154-양산T6_154_1,1.9e-05,0.00017,0.000138,0.0,0.0,0.0,0.0,450,495,562,0.12,1
40724,40785,2,154osm_울산T5_154-양산T6_154_2,1.9e-05,0.00017,0.000138,0.0,0.0,0.0,0.0,450,495,562,0.12,1
40084,40085,1,154osm_대구T2_154-범물_154_1,6.4e-05,0.000582,0.000471,0.0,0.0,0.0,0.0,450,495,562,0.41,1
40020,40741,1,154osm_등촌_154-가양_154_1,0.000384,0.003493,0.002829,0.0,0.0,0.0,0.0,450,495,562,2.46,1
40020,40741,2,154osm_등촌_154-가양_154_2,0.000384,0.003493,0.002829,0.0,0.0,0.0,0.0,450,495,562,2.46,1
40101,40182,1,154osm_서대구_154-칠곡_154_1,3.6e-05,0.000327,0.000265,0.0,0.0,0.0,0.0,450,495,562,0.23,1
40101,40182,2,154osm_서대구_154-칠곡_154_2,3.6e-05,0.000327,0.000265,0.0,0.0,0.0,0.0,450,495,562,0.23,1
40098,40304,1,154osm_신경산_154-경산_154_1,2e-05,0.000185,0.00015,0.0,0.0,0.0,0.0,450,495,562,0.13,1
40098,40304,2,154osm_신경산_154-경산_154_2,2e-05,0.000185,0.00015,0.0,0.0,0.0,0.0,450,495,562,0.13,1
40006,40008,1,154osm_역삼_154-양지_154_1,5.8e-05,0.000525,0.000425,0.0,0.0,0.0,0.0,450,495,562,0.37,1
40006,40008,2,154osm_역삼_154-양지_154_2,5.8e-05,0.000525,0.000425,0.0,0.0,0.0,0.0,450,495,562,0.37,1
40006,40008,3,154osm_역삼_154-양지_154_3,5.8e-05,0.000525,0.000425,0.0,0.0,0.0,0.0,450,495,562,0.37,1
40072,40479,1,154osm_신용인_154-동백_154_1,3.3e-05,0.000298,0.000241,0.0,0.0,0.0,0.0,450,495,562,0.21,1
40072,40479,2,154osm_신용인_154-동백_154_2,3.3e-05,0.000298,0.000241,0.0,0.0,0.0,0.0,450,495,562,0.21,1
40072,40479,3,154osm_신용인_154-동백_154_3,3.3e-05,0.000298,0.000241,0.0,0.0,0.0,0.0,450,495,562,0.21,1
40072,40479,4,154osm_신용인_154-동백_154_4,3.3e-05,0.000298,0.000241,0.0,0.0,0.0,0.0,450,495,562,0.21,1
40321,40322,1,154osm_일동_154-신안산_154_1,3e-05,0.00027,0.000218,0.0,0.0,0.0,0.0,450,495,562,0.19,1
40341,40480,1,154osm_수원T1_154-기흥_154_1,6.2e-05,0.000568,0.00046,0.0,0.0,0.0,0.0,450,495,562,0.4,1
40341,40480,2,154osm_수원T1_154-기흥_154_2,6.2e-05,0.000568,0.00046,0.0,0.0,0.0,0.0,450,495,562,0.4,1
40091,40476,1,154osm_신수원_154-농서_154_1,2.7e-05,0.000241,0.000196,0.0,0.0,0.0,0.0,450,495,562,0.17,1
40091,40476,2,154osm_신수원_154-농서_154_2,2.7e-05,0.000241,0.000196,0.0,0.0,0.0,0.0,450,495,562,0.17,1
40069,40341,1,154osm_신갈_154-수원T1_154_1,3.1e-05,0.000284,0.00023,0.0,0.0,0.0,0.0,450,495,562,0.2,1
40069,40341,2,154osm_신갈_154-수원T1_154_2,3.1e-05,0.000284,0.00023,0.0,0.0,0.0,0.0,450,495,562,0.2,1
40060,40185,1,154osm_신울산_154-울산T2_154_1,7e-05,0.000639,0.000518,0.0,0.0,0.0,0.0,450,495,562,0.45,1
40060,40185,2,154osm_신울산_154-울산T2_154_2,7e-05,0.000639,0.000518,0.0,0.0,0.0,0.0,450,495,562,0.45,1
40325,40460,1,154osm_이의_154-동수원_154_1,0.000596,0.005424,0.004393,0.0,0.0,0.0,0.0,450,495,562,3.82,1
40796,40797,1,154osm_성남T4_154-성남T5_154_1,8e-06,7.1e-05,5.8e-05,0.0,0.0,0.0,0.0,450,495,562,0.05,1
40796,40797,2,154osm_성남T4_154-성남T5_154_2,8e-06,7.1e-05,5.8e-05,0.0,0.0,0.0,0.0,450,495,562,0.05,1
40129,40797,1,154osm_동서울_154-성남T5_154_1,5.6e-05,0.000511,0.000414,0.0,0.0,0.0,0.0,450,495,562,0.36,1
40129,40797,2,154osm_동서울_154-성남T5_154_2,5.6e-05,0.000511,0.000414,0.0,0.0,0.0,0.0,450,495,562,0.36,1
40139,40143,1,154osm_영일_154-대송_154_1,2.3e-05,0.000213,0.000172,0.0,0.0,0.0,0.0,450,495,562,0.15,1
40139,40143,2,154osm_영일_154-대송_154_2,2.3e-05,0.000213,0.000172,0.0,0.0,0.0,0.0,450,495,562,0.15,1
40139,40143,3,154osm_영일_154-대송_154_3,2.3e-05,0.000213,0.000172,0.0,0.0,0.0,0.0,450,495,562,0.15,1
40139,40143,4,154osm_영일_154-대송_154_4,2.3e-05,0.000213,0.000172,0.0,0.0,0.0,0.0,450,495,562,0.15,1
40129,40799,1,154osm_동서울_154-성남T7_154_1,0.000337,0.003067,0.002484,0.0,0.0,0.0,0.0,450,495,562,2.16,1
40129,40798,1,154osm_동서울_154-성남T6_154_1,7.3e-05,0.000667,0.00054,0.0,0.0,0.0,0.0,450,495,562,0.47,1
40129,40798,2,154osm_동서울_154-성남T6_154_2,7.3e-05,0.000667,0.00054,0.0,0.0,0.0,0.0,450,495,562,0.47,1
40149,40798,1,154osm_강동_154-성남T6_154_1,6.7e-05,0.000611,0.000494,0.0,0.0,0.0,0.0,450,495,562,0.43,1
40149,40798,2,154osm_강동_154-성남T6_154_2,6.7e-05,0.000611,0.000494,0.0,0.0,0.0,0.0,450,495,562,0.43,1
40129,40795,1,154osm_동서울_154-성남T3_154_1,5.5e-05,0.000497,0.000402,0.0,0.0,0.0,0.0,450,495,562,0.35,1
40129,40795,2,154osm_동서울_154-성남T3_154_2,5.5e-05,0.000497,0.000402,0.0,0.0,0.0,0.0,450,495,562,0.35,1
40386,40461,1,154osm_고양_154-일산_154_1,4.8e-05,0.00044,0.000356,0.0,0.0,0.0,0.0,450,495,562,0.31,1
40386,40461,2,154osm_고양_154-일산_154_2,4.8e-05,0.00044,0.000356,0.0,0.0,0.0,0.0,450,495,562,0.31,1
40386,40461,3,154osm_고양_154-일산_154_3,4.8e-05,0.00044,0.000356,0.0,0.0,0.0,0.0,450,495,562,0.31,1
40386,40461,4,154osm_고양_154-일산_154_4,4.8e-05,0.00044,0.000356,0.0,0.0,0.0,0.0,450,495,562,0.31,1
40122,40777,1,154osm_신시흥_154-북시화_154_1,9e-05,0.000824,0.000667,0.0,0.0,0.0,0.0,450,495,562,0.58,1
40122,40777,2,154osm_신시흥_154-북시화_154_2,9e-05,0.000824,0.000667,0.0,0.0,0.0,0.0,450,495,562,0.58,1
40122,40777,3,154osm_신시흥_154-북시화_154_3,9e-05,0.000824,0.000667,0.0,0.0,0.0,0.0,450,495,562,0.58,1
40122,40777,4,154osm_신시흥_154-북시화_154_4,9e-05,0.000824,0.000667,0.0,0.0,0.0,0.0,450,495,562,0.58,1
40122,40262,1,154osm_신시흥_154-정왕_154_1,4.4e-05,0.000398,0.000322,0.0,0.0,0.0,0.0,450,495,562,0.28,1
40122,40262,2,154osm_신시흥_154-정왕_154_2,4.4e-05,0.000398,0.000322,0.0,0.0,0.0,0.0,450,495,562,0.28,1
40122,40262,3,154osm_신시흥_154-정왕_154_3,4.4e-05,0.000398,0.000322,0.0,0.0,0.0,0.0,450,495,562,0.28,1
40122,40262,4,154osm_신시흥_154-정왕_154_4,4.4e-05,0.000398,0.000322,0.0,0.0,0.0,0.0,450,495,562,0.28,1
40158,40609,1,154osm_인천T1_154-도림_154_1,5e-05,0.000454,0.000368,0.0,0.0,0.0,0.0,450,495,562,0.32,1
40158,40609,2,154osm_인천T1_154-도림_154_2,5e-05,0.000454,0.000368,0.0,0.0,0.0,0.0,450,495,562,0.32,1
40158,40609,3,154osm_인천T1_154-도림_154_3,5e-05,0.000454,0.000368,0.0,0.0,0.0,0.0,450,495,562,0.32,1
40175,40178,1,154osm_부산T1_154-미남_154_1,5.9e-05,0.00054,0.000437,0.0,0.0,0.0,0.0,450,495,562,0.38,1
40184,40290,1,154osm_용연_154-울산화력_154_1,4.5e-05,0.000412,0.000333,0.0,0.0,0.0,0.0,450,495,562,0.29,1
40184,40779,1,154osm_용연_154-남울산_154_1,3.1e-05,0.000284,0.00023,0.0,0.0,0.0,0.0,450,495,562,0.2,1
40184,40779,2,154osm_용연_154-남울산_154_2,3.1e-05,0.000284,0.00023,0.0,0.0,0.0,0.0,450,495,562,0.2,1
40288,40779,1,154osm_성암_154-남울산_154_1,3e-05,0.00027,0.000218,0.0,0.0,0.0,0.0,450,495,562,0.19,1
40288,40779,2,154osm_성암_154-남울산_154_2,3e-05,0.00027,0.000218,0.0,0.0,0.0,0.0,450,495,562,0.19,1
40288,40779,3,154osm_성암_154-남울산_154_3,3e-05,0.00027,0.000218,0.0,0.0,0.0,0.0,450,495,562,0.19,1
40193,40455,1,154osm_추팔_154-팽성_154_1,4.1e-05,0.000369,0.000299,0.0,0.0,0.0,0.0,450,495,562,0.26,1
40193,40455,2,154osm_추팔_154-팽성_154_2,4.1e-05,0.000369,0.000299,0.0,0.0,0.0,0.0,450,495,562,0.26,1
40209,40546,1,154osm_포항T1_154-포항_154_1,2.2e-05,0.000199,0.000161,0.0,0.0,0.0,0.0,450,495,562,0.14,1
40209,40546,2,154osm_포항T1_154-포항_154_2,2.2e-05,0.000199,0.000161,0.0,0.0,0.0,0.0,450,495,562,0.14,1
40209,40356,1,154osm_포항T1_154-포스코_154_1,2.3e-05,0.000213,0.000172,0.0,0.0,0.0,0.0,450,495,562,0.15,1
40209,40356,2,154osm_포항T1_154-포스코_154_2,2.3e-05,0.000213,0.000172,0.0,0.0,0.0,0.0,450,495,562,0.15,1
40086,40700,1,154osm_보광_154-반포_154_1,0.000136,0.001235,0.001,0.0,0.0,0.0,0.0,450,495,562,0.87,1
40086,40700,2,154osm_보광_154-반포_154_2,0.000136,0.001235,0.001,0.0,0.0,0.0,0.0,450,495,562,0.87,1
40245,40524,1,154osm_삼정_154-천선_154_1,4.1e-05,0.000369,0.000299,0.0,0.0,0.0,0.0,450,495,562,0.26,1
40245,40524,2,154osm_삼정_154-천선_154_2,4.1e-05,0.000369,0.000299,0.0,0.0,0.0,0.0,450,495,562,0.26,1
40502,40800,1,154osm_월림_154-창원_154_1,2.5e-05,0.000227,0.000184,0.0,0.0,0.0,0.0,450,495,562,0.16,1
40502,40800,2,154osm_월림_154-창원_154_2,2.5e-05,0.000227,0.000184,0.0,0.0,0.0,0.0,450,495,562,0.16,1
40259,40707,1,154osm_둔포_154-석곡_154_1,7.2e-05,0.000653,0.000529,0.0,0.0,0.0,0.0,450,495,562,0.46,1
40259,40707,2,154osm_둔포_154-석곡_154_2,7.2e-05,0.000653,0.000529,0.0,0.0,0.0,0.0,450,495,562,0.46,1
40260,40703,1,154osm_반야월_154-신서_154_1,4.1e-05,0.000369,0.000299,0.0,0.0,0.0,0.0,450,495,562,0.26,1
40260,40703,2,154osm_반야월_154-신서_154_2,4.1e-05,0.000369,0.000299,0.0,0.0,0.0,0.0,450,495,562,0.26,1
40181,40255,1,154osm_서울T1_154-수색_154_1,4.1e-05,0.000369,0.000299,0.0,0.0,0.0,0.0,450,495,562,0.26,1
40181,40255,2,154osm_서울T1_154-수색_154_2,4.1e-05,0.000369,0.000299,0.0,0.0,0.0,0.0,450,495,562,0.26,1
40181,40255,3,154osm_서울T1_154-수색_154_3,4.1e-05,0.000369,0.000299,0.0,0.0,0.0,0.0,450,495,562,0.26,1
40181,40255,4,154osm_서울T1_154-수색_154_4,4.1e-05,0.000369,0.000299,0.0,0.0,0.0,0.0,450,495,562,0.26,1
40278,40740,1,154osm_온수_154-천왕_154_1,3e-05,0.00027,0.000218,0.0,0.0,0.0,0.0,450,495,562,0.19,1
40278,40740,2,154osm_온수_154-천왕_154_2,3e-05,0.00027,0.000218,0.0,0.0,0.0,0.0,450,495,562,0.19,1
40754,40767,1,154osm_양천_154-양평_154_1,9e-05,0.000824,0.000667,0.0,0.0,0.0,0.0,450,495,562,0.58,1
40710,40724,1,154osm_울산T4_154-울산T5_154_1,5.9e-05,0.00054,0.000437,0.0,0.0,0.0,0.0,450,495,562,0.38,1
40710,40724,2,154osm_울산T4_154-울산T5_154_2,5.9e-05,0.00054,0.000437,0.0,0.0,0.0,0.0,450,495,562,0.38,1
40362,40562,1,154osm_인동_154-금전_154_1,0.000136,0.001235,0.001,0.0,0.0,0.0,0.0,450,495,562,0.87,1
40283,40386,1,154osm_지도_154-고양_154_1,8.1e-05,0.000738,0.000598,0.0,0.0,0.0,0.0,450,495,562,0.52,1
40283,40386,2,154osm_지도_154-고양_154_2,8.1e-05,0.000738,0.000598,0.0,0.0,0.0,0.0,450,495,562,0.52,1
40119,40363,1,154osm_서서울_154-송정1_154_1,7e-05,0.000639,0.000518,0.0,0.0,0.0,0.0,450,495,562,0.45,1
40119,40363,2,154osm_서서울_154-송정1_154_2,7e-05,0.000639,0.000518,0.0,0.0,0.0,0.0,450,495,562,0.45,1
40339,40363,1,154osm_남군포_154-송정1_154_1,0.000115,0.001051,0.000851,0.0,0.0,0.0,0.0,450,495,562,0.74,1
40339,40363,2,154osm_남군포_154-송정1_154_2,0.000115,0.001051,0.000851,0.0,0.0,0.0,0.0,450,495,562,0.74,1
40499,40503,1,154osm_창공_154-완암_154_1,6.4e-05,0.000582,0.000471,0.0,0.0,0.0,0.0,450,495,562,0.41,1
40499,40503,2,154osm_창공_154-완암_154_2,6.4e-05,0.000582,0.000471,0.0,0.0,0.0,0.0,450,495,562,0.41,1
40499,40503,3,154osm_창공_154-완암_154_3,6.4e-05,0.000582,0.000471,0.0,0.0,0.0,0.0,450,495,562,0.41,1
40499,40503,4,154osm_창공_154-완암_154_4,6.4e-05,0.000582,0.000471,0.0,0.0,0.0,0.0,450,495,562,0.41,1
40503,40800,1,154osm_완암_154-창원_154_1,3.3e-05,0.000298,0.000241,0.0,0.0,0.0,0.0,450,495,562,0.21,1
40503,40800,2,154osm_완암_154-창원_154_2,3.3e-05,0.000298,0.000241,0.0,0.0,0.0,0.0,450,495,562,0.21,1
40503,40800,3,154osm_완암_154-창원_154_3,3.3e-05,0.000298,0.000241,0.0,0.0,0.0,0.0,450,495,562,0.21,1
40503,40800,4,154osm_완암_154-창원_154_4,3.3e-05,0.000298,0.000241,0.0,0.0,0.0,0.0,450,495,562,0.21,1
40165,40542,1,154osm_강창_154-성서_154_1,4.7e-05,0.000426,0.000345,0.0,0.0,0.0,0.0,450,495,562,0.3,1
40165,40542,2,154osm_강창_154-성서_154_2,4.7e-05,0.000426,0.000345,0.0,0.0,0.0,0.0,450,495,562,0.3,1
40562,40563,1,154osm_금전_154-산동_154_1,8.6e-05,0.000781,0.000633,0.0,0.0,0.0,0.0,450,495,562,0.55,1
40562,40563,2,154osm_금전_154-산동_154_2,8.6e-05,0.000781,0.000633,0.0,0.0,0.0,0.0,450,495,562,0.55,1
40562,40563,3,154osm_금전_154-산동_154_3,8.6e-05,0.000781,0.000633,0.0,0.0,0.0,0.0,450,495,562,0.55,1
40562,40563,4,154osm_금전_154-산동_154_4,8.6e-05,0.000781,0.000633,0.0,0.0,0.0,0.0,450,495,562,0.55,1
40011,40763,1,154osm_교대_154-서울T2_154_1,2.2e-05,0.000199,0.000161,0.0,0.0,0.0,0.0,450,495,562,0.14,1
40011,40763,2,154osm_교대_154-서울T2_154_2,2.2e-05,0.000199,0.000161,0.0,0.0,0.0,0.0,450,495,562,0.14,1
40043,40393,1,154osm_중동_154-신부평_154_1,4.1e-05,0.000369,0.000299,0.0,0.0,0.0,0.0,450,495,562,0.26,1
40043,40393,2,154osm_중동_154-신부평_154_2,4.1e-05,0.000369,0.000299,0.0,0.0,0.0,0.0,450,495,562,0.26,1
40371,40517,1,154osm_동진주_154-진주_154_1,5.8e-05,0.000525,0.000425,0.0,0.0,0.0,0.0,450,495,562,0.37,1
40371,40517,2,154osm_동진주_154-진주_154_2,5.8e-05,0.000525,0.000425,0.0,0.0,0.0,0.0,450,495,562,0.37,1
40371,40517,3,154osm_동진주_154-진주_154_3,5.8e-05,0.000525,0.000425,0.0,0.0,0.0,0.0,450,495,562,0.37,1
40371,40517,4,154osm_동진주_154-진주_154_4,5.8e-05,0.000525,0.000425,0.0,0.0,0.0,0.0,450,495,562,0.37,1
40367,40518,1,154osm_진영_154-한림정_154_1,0.000153,0.001392,0.001127,0.0,0.0,0.0,0.0,450,495,562,0.98,1
40286,40691,1,154osm_한국발전기술_154-용성_154_1,8.9e-05,0.000809,0.000655,0.0,0.0,0.0,0.0,450,495,562,0.57,1
40286,40691,2,154osm_한국발전기술_154-용성_154_2,8.9e-05,0.000809,0.000655,0.0,0.0,0.0,0.0,450,495,562,0.57,1
40286,40691,3,154osm_한국발전기술_154-용성_154_3,8.9e-05,0.000809,0.000655,0.0,0.0,0.0,0.0,450,495,562,0.57,1
40286,40691,4,154osm_한국발전기술_154-용성_154_4,8.9e-05,0.000809,0.000655,0.0,0.0,0.0,0.0,450,495,562,0.57,1
40724,40725,1,154osm_울산T5_154-양산T4_154_1,6.2e-05,0.000568,0.00046,0.0,0.0,0.0,0.0,450,495,562,0.4,1
40724,40725,2,154osm_울산T5_154-양산T4_154_2,6.2e-05,0.000568,0.00046,0.0,0.0,0.0,0.0,450,495,562,0.4,1
40408,40793,1,154osm_문막_154-원주T1_154_1,2.8e-05,0.000256,0.000207,0.0,0.0,0.0,0.0,450,495,562,0.18,1
40320,40701,1,154osm_문발_154-운정_154_1,2.8e-05,0.000256,0.000207,0.0,0.0,0.0,0.0,450,495,562,0.18,1
40294,40388,1,154osm_송포_154-호수_154_1,0.000485,0.004416,0.003576,0.0,0.0,0.0,0.0,450,495,562,3.11,1
40294,40388,2,154osm_송포_154-호수_154_2,0.000485,0.004416,0.003576,0.0,0.0,0.0,0.0,450,495,562,3.11,1
40266,40283,1,154osm_능곡_154-지도_154_1,0.000228,0.002073,0.001679,0.0,0.0,0.0,0.0,450,495,562,1.46,1
40266,40283,2,154osm_능곡_154-지도_154_2,0.000228,0.002073,0.001679,0.0,0.0,0.0,0.0,450,495,562,1.46,1
40360,40744,1,154osm_성동_154-왕십리_154_1,3e-06,2.8e-05,2.3e-05,0.0,0.0,0.0,0.0,450,495,562,0.02,1
40360,40744,2,154osm_성동_154-왕십리_154_2,3e-06,2.8e-05,2.3e-05,0.0,0.0,0.0,0.0,450,495,562,0.02,1
40360,40743,1,154osm_성동_154-마장_154_1,5.1e-05,0.000469,0.00038,0.0,0.0,0.0,0.0,450,495,562,0.33,1
40360,40743,2,154osm_성동_154-마장_154_2,5.1e-05,0.000469,0.00038,0.0,0.0,0.0,0.0,450,495,562,0.33,1
40360,40743,3,154osm_성동_154-마장_154_3,5.1e-05,0.000469,0.00038,0.0,0.0,0.0,0.0,450,495,562,0.33,1
40314,40468,1,154osm_남양주T2_154-구리_154_1,9.7e-05,0.00088,0.000713,0.0,0.0,0.0,0.0,450,495,562,0.62,1
40314,40468,2,154osm_남양주T2_154-구리_154_2,9.7e-05,0.00088,0.000713,0.0,0.0,0.0,0.0,450,495,562,0.62,1
40004,40747,1,154osm_논현_154-신사_154_1,1.7e-05,0.000156,0.000127,0.0,0.0,0.0,0.0,450,495,562,0.11,1
40004,40747,2,154osm_논현_154-신사_154_2,1.7e-05,0.000156,0.000127,0.0,0.0,0.0,0.0,450,495,562,0.11,1
40004,40005,1,154osm_논현_154-논일_154_1,0.000131,0.001193,0.000966,0.0,0.0,0.0,0.0,450,495,562,0.84,1
40004,40005,2,154osm_논현_154-논일_154_2,0.000131,0.001193,0.000966,0.0,0.0,0.0,0.0,450,495,562,0.84,1
40004,40005,3,154osm_논현_154-논일_154_3,0.000131,0.001193,0.000966,0.0,0.0,0.0,0.0,450,495,562,0.84,1
40006,40012,1,154osm_역삼_154-대치_154_1,0.000295,0.002684,0.002173,0.0,0.0,0.0,0.0,450,495,562,1.89,1
40006,40012,2,154osm_역삼_154-대치_154_2,0.000295,0.002684,0.002173,0.0,0.0,0.0,0.0,450,495,562,1.89,1
40342,40755,1,154osm_목동_154-신정_154_1,0.000186,0.00169,0.001368,0.0,0.0,0.0,0.0,450,495,562,1.19,1
40342,40755,2,154osm_목동_154-신정_154_2,0.000186,0.00169,0.001368,0.0,0.0,0.0,0.0,450,495,562,1.19,1
40016,40018,1,154osm_독산_154-대림_154_1,0.000192,0.001747,0.001414,0.0,0.0,0.0,0.0,450,495,562,1.23,1
40016,40018,2,154osm_독산_154-대림_154_2,0.000192,0.001747,0.001414,0.0,0.0,0.0,0.0,450,495,562,1.23,1
40016,40752,1,154osm_독산_154-구공_154_1,3.6e-05,0.000327,0.000265,0.0,0.0,0.0,0.0,450,495,562,0.23,1
40016,40752,2,154osm_독산_154-구공_154_2,3.6e-05,0.000327,0.000265,0.0,0.0,0.0,0.0,450,495,562,0.23,1
40017,40757,1,154osm_봉천_154-신길_154_1,0.000187,0.001704,0.00138,0.0,0.0,0.0,0.0,450,495,562,1.2,1
40017,40757,2,154osm_봉천_154-신길_154_2,0.000187,0.001704,0.00138,0.0,0.0,0.0,0.0,450,495,562,1.2,1
40017,40247,1,154osm_봉천_154-신림_154_1,0.000136,0.001235,0.001,0.0,0.0,0.0,0.0,450,495,562,0.87,1
40017,40247,2,154osm_봉천_154-신림_154_2,0.000136,0.001235,0.001,0.0,0.0,0.0,0.0,450,495,562,0.87,1
40382,40391,1,154osm_문산_154-선유_154_1,3.3e-05,0.000298,0.000241,0.0,0.0,0.0,0.0,450,495,562,0.21,1
40382,40391,2,154osm_문산_154-선유_154_2,3.3e-05,0.000298,0.000241,0.0,0.0,0.0,0.0,450,495,562,0.21,1
40033,40220,1,154osm_서대문_154-아현_154_1,9e-06,8.5e-05,6.9e-05,0.0,0.0,0.0,0.0,450,495,562,0.06,1
40021,40033,1,154osm_순화_154-서대문_154_1,3.1e-05,0.000284,0.00023,0.0,0.0,0.0,0.0,450,495,562,0.2,1
40033,40759,1,154osm_서대문_154-현저_154_1,5.3e-05,0.000483,0.000391,0.0,0.0,0.0,0.0,450,495,562,0.34,1
40022,40252,1,154osm_녹번_154-은평_154_1,6e-06,5.7e-05,4.6e-05,0.0,0.0,0.0,0.0,450,495,562,0.04,1
40022,40252,2,154osm_녹번_154-은평_154_2,6e-06,5.7e-05,4.6e-05,0.0,0.0,0.0,0.0,450,495,562,0.04,1
40713,40760,1,154osm_휘경_154-신내_154_1,0.000446,0.004061,0.003289,0.0,0.0,0.0,0.0,450,495,562,2.86,1
40713,40760,2,154osm_휘경_154-신내_154_2,0.000446,0.004061,0.003289,0.0,0.0,0.0,0.0,450,495,562,2.86,1
40713,40760,3,154osm_휘경_154-신내_154_3,0.000446,0.004061,0.003289,0.0,0.0,0.0,0.0,450,495,562,2.86,1
40713,40760,4,154osm_휘경_154-신내_154_4,0.000446,0.004061,0.003289,0.0,0.0,0.0,0.0,450,495,562,2.86,1
40257,40761,1,154osm_상계_154-노원_154_1,0.000112,0.001022,0.000828,0.0,0.0,0.0,0.0,450,495,562,0.72,1
40257,40761,2,154osm_상계_154-노원_154_2,0.000112,0.001022,0.000828,0.0,0.0,0.0,0.0,450,495,562,0.72,1
40034,40249,1,154osm_용두_154-안암_154_1,0.000184,0.001676,0.001357,0.0,0.0,0.0,0.0,450,495,562,1.18,1
40249,40743,1,154osm_안암_154-마장_154_1,6.6e-05,0.000596,0.000483,0.0,0.0,0.0,0.0,450,495,562,0.42,1
40249,40743,2,154osm_안암_154-마장_154_2,6.6e-05,0.000596,0.000483,0.0,0.0,0.0,0.0,450,495,562,0.42,1
40743,40744,1,154osm_마장_154-왕십리_154_1,4.4e-05,0.000398,0.000322,0.0,0.0,0.0,0.0,450,495,562,0.28,1
40023,40763,1,154osm_신양재_154-서울T2_154_1,2.5e-05,0.000227,0.000184,0.0,0.0,0.0,0.0,450,495,562,0.16,1
40023,40763,2,154osm_신양재_154-서울T2_154_2,2.5e-05,0.000227,0.000184,0.0,0.0,0.0,0.0,450,495,562,0.16,1
40226,40766,1,154osm_영등포_154-문래_154_1,1.4e-05,0.000128,0.000103,0.0,0.0,0.0,0.0,450,495,562,0.09,1
40226,40766,2,154osm_영등포_154-문래_154_2,1.4e-05,0.000128,0.000103,0.0,0.0,0.0,0.0,450,495,562,0.09,1
40766,40767,1,154osm_문래_154-양평_154_1,8e-05,0.000724,0.000586,0.0,0.0,0.0,0.0,450,495,562,0.51,1
40766,40767,2,154osm_문래_154-양평_154_2,8e-05,0.000724,0.000586,0.0,0.0,0.0,0.0,450,495,562,0.51,1
40025,40226,1,154osm_영오_154-영등포_154_1,0.000129,0.001179,0.000954,0.0,0.0,0.0,0.0,450,495,562,0.83,1
40025,40226,2,154osm_영오_154-영등포_154_2,0.000129,0.001179,0.000954,0.0,0.0,0.0,0.0,450,495,562,0.83,1
40030,40750,1,154osm_석촌_154-송파_154_1,1.9e-05,0.00017,0.000138,0.0,0.0,0.0,0.0,450,495,562,0.12,1
40008,40009,1,154osm_양지_154-서초_154_1,0.000125,0.001136,0.00092,0.0,0.0,0.0,0.0,450,495,562,0.8,1
40008,40009,2,154osm_양지_154-서초_154_2,0.000125,0.001136,0.00092,0.0,0.0,0.0,0.0,450,495,562,0.8,1
40037,40769,1,154osm_중앙_154-세종로_154_1,6.4e-05,0.000582,0.000471,0.0,0.0,0.0,0.0,450,495,562,0.41,1
40037,40769,2,154osm_중앙_154-세종로_154_2,6.4e-05,0.000582,0.000471,0.0,0.0,0.0,0.0,450,495,562,0.41,1
40037,40768,1,154osm_중앙_154-종로_154_1,1.2e-05,0.000114,9.2e-05,0.0,0.0,0.0,0.0,450,495,562,0.08,1
40037,40768,2,154osm_중앙_154-종로_154_2,1.2e-05,0.000114,9.2e-05,0.0,0.0,0.0,0.0,450,495,562,0.08,1
40025,40026,1,154osm_영오_154-여의_154_1,0.0001,0.000909,0.000736,0.0,0.0,0.0,0.0,450,495,562,0.64,1
40025,40026,2,154osm_영오_154-여의_154_2,0.0001,0.000909,0.000736,0.0,0.0,0.0,0.0,450,495,562,0.64,1
40008,40011,1,154osm_양지_154-교대_154_1,0.000112,0.001022,0.000828,0.0,0.0,0.0,0.0,450,495,562,0.72,1
40008,40011,2,154osm_양지_154-교대_154_2,0.000112,0.001022,0.000828,0.0,0.0,0.0,0.0,450,495,562,0.72,1
40004,40012,1,154osm_논현_154-대치_154_1,0.000126,0.00115,0.000932,0.0,0.0,0.0,0.0,450,495,562,0.81,1
40004,40012,2,154osm_논현_154-대치_154_2,0.000126,0.00115,0.000932,0.0,0.0,0.0,0.0,450,495,562,0.81,1
40007,40012,1,154osm_선릉_154-대치_154_1,0.000137,0.00125,0.001012,0.0,0.0,0.0,0.0,450,495,562,0.88,1
40007,40012,2,154osm_선릉_154-대치_154_2,0.000137,0.00125,0.001012,0.0,0.0,0.0,0.0,450,495,562,0.88,1
40010,40023,1,154osm_도곡_154-신양재_154_1,0.000134,0.001221,0.000989,0.0,0.0,0.0,0.0,450,495,562,0.86,1
40010,40023,2,154osm_도곡_154-신양재_154_2,0.000134,0.001221,0.000989,0.0,0.0,0.0,0.0,450,495,562,0.86,1
40010,40749,1,154osm_도곡_154-개포_154_1,0.000273,0.002485,0.002012,0.0,0.0,0.0,0.0,450,495,562,1.75,1
40010,40749,2,154osm_도곡_154-개포_154_2,0.000273,0.002485,0.002012,0.0,0.0,0.0,0.0,450,495,562,1.75,1
40758,40769,1,154osm_옥인_154-세종로_154_1,1.4e-05,0.000128,0.000103,0.0,0.0,0.0,0.0,450,495,562,0.09,1
40758,40769,2,154osm_옥인_154-세종로_154_2,1.4e-05,0.000128,0.000103,0.0,0.0,0.0,0.0,450,495,562,0.09,1
40035,40039,1,154osm_돈암_154-원남_154_1,1.1e-05,9.9e-05,8.1e-05,0.0,0.0,0.0,0.0,450,495,562,0.07,1
40035,40039,2,154osm_돈암_154-원남_154_2,1.1e-05,9.9e-05,8.1e-05,0.0,0.0,0.0,0.0,450,495,562,0.07,1
40713,40771,1,154osm_휘경_154-종암_154_1,3e-05,0.00027,0.000218,0.0,0.0,0.0,0.0,450,495,562,0.19,1
40713,40771,2,154osm_휘경_154-종암_154_2,3e-05,0.00027,0.000218,0.0,0.0,0.0,0.0,450,495,562,0.19,1
40759,40769,1,154osm_현저_154-세종로_154_1,3.7e-05,0.000341,0.000276,0.0,0.0,0.0,0.0,450,495,562,0.24,1
40759,40769,2,154osm_현저_154-세종로_154_2,3.7e-05,0.000341,0.000276,0.0,0.0,0.0,0.0,450,495,562,0.24,1
40038,40768,1,154osm_운니_154-종로_154_1,1.1e-05,9.9e-05,8.1e-05,0.0,0.0,0.0,0.0,450,495,562,0.07,1
40038,40768,2,154osm_운니_154-종로_154_2,1.1e-05,9.9e-05,8.1e-05,0.0,0.0,0.0,0.0,450,495,562,0.07,1
40038,40039,1,154osm_운니_154-원남_154_1,6.1e-05,0.000554,0.000449,0.0,0.0,0.0,0.0,450,495,562,0.39,1
40038,40039,2,154osm_운니_154-원남_154_2,6.1e-05,0.000554,0.000449,0.0,0.0,0.0,0.0,450,495,562,0.39,1
40041,40221,1,154osm_연대_154-신촌_154_1,0.000142,0.001292,0.001047,0.0,0.0,0.0,0.0,450,495,562,0.91,1
40041,40221,2,154osm_연대_154-신촌_154_2,0.000142,0.001292,0.001047,0.0,0.0,0.0,0.0,450,495,562,0.91,1
40041,40221,3,154osm_연대_154-신촌_154_3,0.000142,0.001292,0.001047,0.0,0.0,0.0,0.0,450,495,562,0.91,1
40041,40221,4,154osm_연대_154-신촌_154_4,0.000142,0.001292,0.001047,0.0,0.0,0.0,0.0,450,495,562,0.91,1
40021,40037,1,154osm_순화_154-중앙_154_1,6.2e-05,0.000568,0.00046,0.0,0.0,0.0,0.0,450,495,562,0.4,1
40032,40037,1,154osm_방산_154-중앙_154_1,0.000329,0.002996,0.002426,0.0,0.0,0.0,0.0,450,495,562,2.11,1
40032,40239,1,154osm_방산_154-흥인_154_1,6.9e-05,0.000625,0.000506,0.0,0.0,0.0,0.0,450,495,562,0.44,1
40031,40239,1,154osm_신당_154-흥인_154_1,5.8e-05,0.000525,0.000425,0.0,0.0,0.0,0.0,450,495,562,0.37,1
40031,40743,1,154osm_신당_154-마장_154_1,3.4e-05,0.000312,0.000253,0.0,0.0,0.0,0.0,450,495,562,0.22,1
40013,40799,1,154osm_가락_154-성남T7_154_1,0.000117,0.001065,0.000862,0.0,0.0,0.0,0.0,450,495,562,0.75,1
40090,40740,1,154osm_신광명_154-천왕_154_1,8.1e-05,0.000738,0.000598,0.0,0.0,0.0,0.0,450,495,562,0.52,1
40090,40740,2,154osm_신광명_154-천왕_154_2,8.1e-05,0.000738,0.000598,0.0,0.0,0.0,0.0,450,495,562,0.52,1
40090,40740,3,154osm_신광명_154-천왕_154_3,8.1e-05,0.000738,0.000598,0.0,0.0,0.0,0.0,450,495,562,0.52,1
40090,40740,4,154osm_신광명_154-천왕_154_4,8.1e-05,0.000738,0.000598,0.0,0.0,0.0,0.0,450,495,562,0.52,1
40472,40473,1,154osm_용현_154-금오_154_1,0.000109,0.000994,0.000805,0.0,0.0,0.0,0.0,450,495,562,0.7,1
40317,40473,1,154osm_신의정부_154-금오_154_1,1.4e-05,0.000128,0.000103,0.0,0.0,0.0,0.0,450,495,562,0.09,1
40024,40026,1,154osm_노들_154-여의_154_1,0.000147,0.001335,0.001081,0.0,0.0,0.0,0.0,450,495,562,0.94,1
40024,40081,1,154osm_노들_154-노량진_154_1,9e-05,0.000824,0.000667,0.0,0.0,0.0,0.0,450,495,562,0.58,1
40699,40709,1,154osm_동남_154-수서_154_1,6.4e-05,0.000582,0.000471,0.0,0.0,0.0,0.0,450,495,562,0.41,1
40699,40709,2,154osm_동남_154-수서_154_2,6.4e-05,0.000582,0.000471,0.0,0.0,0.0,0.0,450,495,562,0.41,1
40159,40276,1,154osm_안산T1_154-시흥_154_1,3.3e-05,0.000298,0.000241,0.0,0.0,0.0,0.0,450,495,562,0.21,1
40159,40276,2,154osm_안산T1_154-시흥_154_2,3.3e-05,0.000298,0.000241,0.0,0.0,0.0,0.0,450,495,562,0.21,1
40012,40042,1,154osm_대치_154-강남_154_1,9.8e-05,0.000895,0.000724,0.0,0.0,0.0,0.0,450,495,562,0.63,1
40012,40042,2,154osm_대치_154-강남_154_2,9.8e-05,0.000895,0.000724,0.0,0.0,0.0,0.0,450,495,562,0.63,1
40013,40699,1,154osm_가락_154-동남_154_1,0.000273,0.002485,0.002012,0.0,0.0,0.0,0.0,450,495,562,1.75,1
40015,40030,1,154osm_풍납_154-석촌_154_1,0.000153,0.001392,0.001127,0.0,0.0,0.0,0.0,450,495,562,0.98,1
40295,40379,1,154osm_장기_154-김포T1_154_1,0.000198,0.001803,0.00146,0.0,0.0,0.0,0.0,450,495,562,1.27,1
40295,40379,2,154osm_장기_154-김포T1_154_2,0.000198,0.001803,0.00146,0.0,0.0,0.0,0.0,450,495,562,1.27,1
40413,40295,1,154osm_김포_154-장기_154_1,0.00022,0.002002,0.001621,0.0,0.0,0.0,0.0,450,495,562,1.41,1
40413,40295,2,154osm_김포_154-장기_154_2,0.00022,0.002002,0.001621,0.0,0.0,0.0,0.0,450,495,562,1.41,1
40256,40699,1,154osm_산성_154-동남_154_1,0.000226,0.002059,0.001667,0.0,0.0,0.0,0.0,450,495,562,1.45,1
40256,40699,2,154osm_산성_154-동남_154_2,0.000226,0.002059,0.001667,0.0,0.0,0.0,0.0,450,495,562,1.45,1
40008,40023,1,154osm_양지_154-신양재_154_1,3.7e-05,0.000341,0.000276,0.0,0.0,0.0,0.0,450,495,562,0.24,1
40006,40023,1,154osm_역삼_154-신양재_154_1,0.000125,0.001136,0.00092,0.0,0.0,0.0,0.0,450,495,562,0.8,1
40006,40023,2,154osm_역삼_154-신양재_154_2,0.000125,0.001136,0.00092,0.0,0.0,0.0,0.0,450,495,562,0.8,1
40007,40042,1,154osm_선릉_154-강남_154_1,4.2e-05,0.000383,0.000311,0.0,0.0,0.0,0.0,450,495,562,0.27,1
40007,40042,2,154osm_선릉_154-강남_154_2,4.2e-05,0.000383,0.000311,0.0,0.0,0.0,0.0,450,495,562,0.27,1
40359,40364,1,154osm_신김포_154-양곡_154_1,9.8e-05,0.000895,0.000724,0.0,0.0,0.0,0.0,450,495,562,0.63,1
40359,40364,2,154osm_신김포_154-양곡_154_2,9.8e-05,0.000895,0.000724,0.0,0.0,0.0,0.0,450,495,562,0.63,1
40019,40741,1,154osm_마곡_154-가양_154_1,4.1e-05,0.000369,0.000299,0.0,0.0,0.0,0.0,450,495,562,0.26,1
40019,40741,2,154osm_마곡_154-가양_154_2,4.1e-05,0.000369,0.000299,0.0,0.0,0.0,0.0,450,495,562,0.26,1
40019,40253,1,154osm_마곡_154-화곡_154_1,4.5e-05,0.000412,0.000333,0.0,0.0,0.0,0.0,450,495,562,0.29,1
40019,40253,2,154osm_마곡_154-화곡_154_2,4.5e-05,0.000412,0.000333,0.0,0.0,0.0,0.0,450,495,562,0.29,1
40253,40438,1,154osm_화곡_154-고강_154_1,6.2e-05,0.000568,0.00046,0.0,0.0,0.0,0.0,450,495,562,0.4,1
40253,40438,2,154osm_화곡_154-고강_154_2,6.2e-05,0.000568,0.00046,0.0,0.0,0.0,0.0,450,495,562,0.4,1
40016,40276,1,154osm_독산_154-시흥_154_1,3.6e-05,0.000327,0.000265,0.0,0.0,0.0,0.0,450,495,562,0.23,1
40016,40276,2,154osm_독산_154-시흥_154_2,3.6e-05,0.000327,0.000265,0.0,0.0,0.0,0.0,450,495,562,0.23,1
40052,40302,1,154osm_한남_154-동빙고_154_1,0.000178,0.001619,0.001311,0.0,0.0,0.0,0.0,450,495,562,1.14,1
40106,40601,1,154osm_신광주_154-계림_154_1,0.000123,0.001122,0.000909,0.0,0.0,0.0,0.0,450,495,562,0.79,1
40106,40601,2,154osm_신광주_154-계림_154_2,0.000123,0.001122,0.000909,0.0,0.0,0.0,0.0,450,495,562,0.79,1
40147,40219,1,154osm_동해_154-북평_154_1,9.8e-05,0.000895,0.000724,0.0,0.0,0.0,0.0,450,495,562,0.63,1
40112,40179,1,154osm_신양산_154-기장_154_1,9.8e-05,0.000895,0.000724,0.0,0.0,0.0,0.0,450,495,562,0.63,1
40112,40179,2,154osm_신양산_154-기장_154_2,9.8e-05,0.000895,0.000724,0.0,0.0,0.0,0.0,450,495,562,0.63,1
40627,40644,1,154osm_서원주_154-원주_154_1,0.000197,0.001789,0.001449,0.0,0.0,0.0,0.0,450,495,562,1.26,1
40627,40644,2,154osm_서원주_154-원주_154_2,0.000197,0.001789,0.001449,0.0,0.0,0.0,0.0,450,495,562,1.26,1
40627,40644,3,154osm_서원주_154-원주_154_3,0.000197,0.001789,0.001449,0.0,0.0,0.0,0.0,450,495,562,1.26,1
40627,40644,4,154osm_서원주_154-원주_154_4,0.000197,0.001789,0.001449,0.0,0.0,0.0,0.0,450,495,562,1.26,1
40197,40323,1,154osm_반월_154-안산_154_1,0.000115,0.001051,0.000851,0.0,0.0,0.0,0.0,450,495,562,0.74,1
40197,40323,2,154osm_반월_154-안산_154_2,0.000115,0.001051,0.000851,0.0,0.0,0.0,0.0,450,495,562,0.74,1
40154,40390,1,154osm_신덕은_154-월롱_154_1,0.000125,0.001136,0.00092,0.0,0.0,0.0,0.0,450,495,562,0.8,1
40154,40390,2,154osm_신덕은_154-월롱_154_2,0.000125,0.001136,0.00092,0.0,0.0,0.0,0.0,450,495,562,0.8,1
40535,40538,1,154osm_남구미_154-광평_154_1,0.000134,0.001221,0.000989,0.0,0.0,0.0,0.0,450,495,562,0.86,1
40535,40538,2,154osm_남구미_154-광평_154_2,0.000134,0.001221,0.000989,0.0,0.0,0.0,0.0,450,495,562,0.86,1
40117,40801,1,154osm_장유_154-신김해_154_1,0.000148,0.001349,0.001092,0.0,0.0,0.0,0.0,450,495,562,0.95,1
40117,40801,2,154osm_장유_154-신김해_154_2,0.000148,0.001349,0.001092,0.0,0.0,0.0,0.0,450,495,562,0.95,1
40195,40197,1,154osm_시화_154-반월_154_1,0.000153,0.001392,0.001127,0.0,0.0,0.0,0.0,450,495,562,0.98,1
40195,40197,2,154osm_시화_154-반월_154_2,0.000153,0.001392,0.001127,0.0,0.0,0.0,0.0,450,495,562,0.98,1
40030,40333,1,154osm_석촌_154-잠실_154_1,0.000108,0.00098,0.000793,0.0,0.0,0.0,0.0,450,495,562,0.69,1
40017,40715,1,154osm_봉천_154-사당_154_1,0.000223,0.002031,0.001644,0.0,0.0,0.0,0.0,450,495,562,1.43,1
40017,40715,2,154osm_봉천_154-사당_154_2,0.000223,0.002031,0.001644,0.0,0.0,0.0,0.0,450,495,562,1.43,1
40017,40715,3,154osm_봉천_154-사당_154_3,0.000223,0.002031,0.001644,0.0,0.0,0.0,0.0,450,495,562,1.43,1
40057,40143,1,154osm_신포항_154-대송_154_1,0.000133,0.001207,0.000977,0.0,0.0,0.0,0.0,450,495,562,0.85,1
40057,40143,2,154osm_신포항_154-대송_154_2,0.000133,0.001207,0.000977,0.0,0.0,0.0,0.0,450,495,562,0.85,1
40709,40749,1,154osm_수서_154-개포_154_1,0.000222,0.002016,0.001633,0.0,0.0,0.0,0.0,450,495,562,1.42,1
40709,40749,2,154osm_수서_154-개포_154_2,0.000222,0.002016,0.001633,0.0,0.0,0.0,0.0,450,495,562,1.42,1
40316,40321,1,154osm_성포_154-일동_154_1,0.000225,0.002045,0.001656,0.0,0.0,0.0,0.0,450,495,562,1.44,1
40153,40358,1,154osm_신파주_154-파주T1_154_1,0.000112,0.001022,0.000828,0.0,0.0,0.0,0.0,450,495,562,0.72,1
40153,40358,2,154osm_신파주_154-파주T1_154_2,0.000112,0.001022,0.000828,0.0,0.0,0.0,0.0,450,495,562,0.72,1
40333,40709,1,154osm_잠실_154-수서_154_1,0.000165,0.001505,0.001219,0.0,0.0,0.0,0.0,450,495,562,1.06,1
40333,40709,2,154osm_잠실_154-수서_154_2,0.000165,0.001505,0.001219,0.0,0.0,0.0,0.0,450,495,562,1.06,1
40622,40623,1,154osm_횡계_154-올림픽_154_1,0.000388,0.003536,0.002864,0.0,0.0,0.0,0.0,450,495,562,2.49,1
40622,40623,2,154osm_횡계_154-올림픽_154_2,0.000388,0.003536,0.002864,0.0,0.0,0.0,0.0,450,495,562,2.49,1
40634,40641,1,154osm_내초_154-소룡_154_1,0.000123,0.001122,0.000909,0.0,0.0,0.0,0.0,450,495,562,0.79,1
40168,40544,1,154osm_유가_154-구지_154_1,0.000192,0.001747,0.001414,0.0,0.0,0.0,0.0,450,495,562,1.23,1
40168,40544,2,154osm_유가_154-구지_154_2,0.000192,0.001747,0.001414,0.0,0.0,0.0,0.0,450,495,562,1.23,1
40168,40544,3,154osm_유가_154-구지_154_3,0.000192,0.001747,0.001414,0.0,0.0,0.0,0.0,450,495,562,1.23,1
40168,40544,4,154osm_유가_154-구지_154_4,0.000192,0.001747,0.001414,0.0,0.0,0.0,0.0,450,495,562,1.23,1
40416,40471,1,154osm_송우_154-옥정_154_1,0.000168,0.001534,0.001242,0.0,0.0,0.0,0.0,450,495,562,1.08,1
40416,40471,2,154osm_송우_154-옥정_154_2,0.000168,0.001534,0.001242,0.0,0.0,0.0,0.0,450,495,562,1.08,1
40035,40331,1,154osm_돈암_154-미아_154_1,0.000136,0.001235,0.001,0.0,0.0,0.0,0.0,450,495,562,0.87,1
40035,40331,2,154osm_돈암_154-미아_154_2,0.000136,0.001235,0.001,0.0,0.0,0.0,0.0,450,495,562,0.87,1
40139,40546,1,154osm_영일_154-포항_154_1,0.000156,0.00142,0.00115,0.0,0.0,0.0,0.0,450,495,562,1.0,1
40139,40546,2,154osm_영일_154-포항_154_2,0.000156,0.00142,0.00115,0.0,0.0,0.0,0.0,450,495,562,1.0,1
40139,40546,3,154osm_영일_154-포항_154_3,0.000156,0.00142,0.00115,0.0,0.0,0.0,0.0,450,495,562,1.0,1
40139,40546,4,154osm_영일_154-포항_154_4,0.000156,0.00142,0.00115,0.0,0.0,0.0,0.0,450,495,562,1.0,1
40359,40379,1,154osm_신김포_154-김포T1_154_1,0.000307,0.002797,0.002265,0.0,0.0,0.0,0.0,450,495,562,1.97,1
40359,40379,2,154osm_신김포_154-김포T1_154_2,0.000307,0.002797,0.002265,0.0,0.0,0.0,0.0,450,495,562,1.97,1
40359,40379,3,154osm_신김포_154-김포T1_154_3,0.000307,0.002797,0.002265,0.0,0.0,0.0,0.0,450,495,562,1.97,1
40359,40379,4,154osm_신김포_154-김포T1_154_4,0.000307,0.002797,0.002265,0.0,0.0,0.0,0.0,450,495,562,1.97,1
40645,40647,1,154osm_이원_154-한국철도공사동해변전사업소_154_1,0.000151,0.001377,0.001115,0.0,0.0,0.0,0.0,450,495,562,0.97,1
40020,40308,1,154osm_등촌_154-상암_154_1,0.000281,0.002556,0.00207,0.0,0.0,0.0,0.0,450,495,562,1.8,1
40020,40308,2,154osm_등촌_154-상암_154_2,0.000281,0.002556,0.00207,0.0,0.0,0.0,0.0,450,495,562,1.8,1
40657,40658,1,154osm_북전주_154-봉동_154_1,0.000186,0.00169,0.001368,0.0,0.0,0.0,0.0,450,495,562,1.19,1
40657,40658,2,154osm_북전주_154-봉동_154_2,0.000186,0.00169,0.001368,0.0,0.0,0.0,0.0,450,495,562,1.19,1
40185,40288,1,154osm_울산T2_154-성암_154_1,0.000192,0.001747,0.001414,0.0,0.0,0.0,0.0,450,495,562,1.23,1
40243,40244,1,154osm_신녹산_154-미음_154_1,0.000186,0.00169,0.001368,0.0,0.0,0.0,0.0,450,495,562,1.19,1
40186,40402,1,154osm_북울산_154-태화_154_1,0.000209,0.001903,0.001541,0.0,0.0,0.0,0.0,450,495,562,1.34,1
40186,40402,2,154osm_북울산_154-태화_154_2,0.000209,0.001903,0.001541,0.0,0.0,0.0,0.0,450,495,562,1.34,1
40186,40402,3,154osm_북울산_154-태화_154_3,0.000209,0.001903,0.001541,0.0,0.0,0.0,0.0,450,495,562,1.34,1
40186,40402,4,154osm_북울산_154-태화_154_4,0.000209,0.001903,0.001541,0.0,0.0,0.0,0.0,450,495,562,1.34,1
40402,40682,1,154osm_태화_154-옥동_154_1,0.000192,0.001747,0.001414,0.0,0.0,0.0,0.0,450,495,562,1.23,1
40077,40570,1,154osm_봉덕_154-두류_154_1,0.000248,0.002258,0.001829,0.0,0.0,0.0,0.0,450,495,562,1.59,1
40077,40570,2,154osm_봉덕_154-두류_154_2,0.000248,0.002258,0.001829,0.0,0.0,0.0,0.0,450,495,562,1.59,1
40021,40302,1,154osm_순화_154-동빙고_154_1,0.00037,0.003365,0.002726,0.0,0.0,0.0,0.0,450,495,562,2.37,1
40235,40723,1,154osm_나주_154-나주T1_154_1,0.000371,0.00338,0.002737,0.0,0.0,0.0,0.0,450,495,562,2.38,1
40584,40614,1,154osm_관교_154-남동_154_1,0.000242,0.002201,0.001783,0.0,0.0,0.0,0.0,450,495,562,1.55,1
40584,40614,2,154osm_관교_154-남동_154_2,0.000242,0.002201,0.001783,0.0,0.0,0.0,0.0,450,495,562,1.55,1
40031,40052,1,154osm_신당_154-한남_154_1,0.000385,0.003507,0.002841,0.0,0.0,0.0,0.0,450,495,562,2.47,1
40031,40052,2,154osm_신당_154-한남_154_2,0.000385,0.003507,0.002841,0.0,0.0,0.0,0.0,450,495,562,2.47,1
40533,40537,1,154osm_어모_154-김천_154_1,0.00025,0.002272,0.00184,0.0,0.0,0.0,0.0,450,495,562,1.6,1
40533,40537,2,154osm_어모_154-김천_154_2,0.00025,0.002272,0.00184,0.0,0.0,0.0,0.0,450,495,562,1.6,1
40002,40746,1,154osm_화양_154-광장_154_1,0.000228,0.002073,0.001679,0.0,0.0,0.0,0.0,450,495,562,1.46,1
40002,40746,2,154osm_화양_154-광장_154_2,0.000228,0.002073,0.001679,0.0,0.0,0.0,0.0,450,495,562,1.46,1
40157,40483,1,154osm_서수원_154-율전_154_1,0.000231,0.002102,0.001702,0.0,0.0,0.0,0.0,450,495,562,1.48,1
40157,40483,2,154osm_서수원_154-율전_154_2,0.000231,0.002102,0.001702,0.0,0.0,0.0,0.0,450,495,562,1.48,1
40261,40284,1,154osm_산본_154-안양_154_1,0.000218,0.001988,0.00161,0.0,0.0,0.0,0.0,450,495,562,1.4,1
40261,40284,2,154osm_산본_154-안양_154_2,0.000218,0.001988,0.00161,0.0,0.0,0.0,0.0,450,495,562,1.4,1
40501,40524,1,154osm_진해_154-천선_154_1,0.000282,0.00257,0.002082,0.0,0.0,0.0,0.0,450,495,562,1.81,1
40501,40524,2,154osm_진해_154-천선_154_2,0.000282,0.00257,0.002082,0.0,0.0,0.0,0.0,450,495,562,1.81,1
40090,40159,1,154osm_신광명_154-안산T1_154_1,0.000328,0.002982,0.002415,0.0,0.0,0.0,0.0,450,495,562,2.1,1
40090,40159,2,154osm_신광명_154-안산T1_154_2,0.000328,0.002982,0.002415,0.0,0.0,0.0,0.0,450,495,562,2.1,1
40288,40686,1,154osm_성암_154-처용_154_1,0.000254,0.002315,0.001874,0.0,0.0,0.0,0.0,450,495,562,1.63,1
40288,40686,2,154osm_성암_154-처용_154_2,0.000254,0.002315,0.001874,0.0,0.0,0.0,0.0,450,495,562,1.63,1
40655,40656,1,154osm_영등_154-팔봉_154_1,0.00025,0.002272,0.00184,0.0,0.0,0.0,0.0,450,495,562,1.6,1
40655,40656,2,154osm_영등_154-팔봉_154_2,0.00025,0.002272,0.00184,0.0,0.0,0.0,0.0,450,495,562,1.6,1
40655,40656,3,154osm_영등_154-팔봉_154_3,0.00025,0.002272,0.00184,0.0,0.0,0.0,0.0,450,495,562,1.6,1
40655,40656,4,154osm_영등_154-팔봉_154_4,0.00025,0.002272,0.00184,0.0,0.0,0.0,0.0,450,495,562,1.6,1
40130,40150,1,154osm_미금_154-남양주T1_154_1,0.000267,0.002428,0.001966,0.0,0.0,0.0,0.0,450,495,562,1.71,1
40130,40150,2,154osm_미금_154-남양주T1_154_2,0.000267,0.002428,0.001966,0.0,0.0,0.0,0.0,450,495,562,1.71,1
40525,40551,1,154osm_청통_154-와촌_154_1,0.000289,0.002627,0.002128,0.0,0.0,0.0,0.0,450,495,562,1.85,1
40525,40551,2,154osm_청통_154-와촌_154_2,0.000289,0.002627,0.002128,0.0,0.0,0.0,0.0,450,495,562,1.85,1
40129,40311,1,154osm_동서울_154-위례_154_1,0.00022,0.002002,0.001621,0.0,0.0,0.0,0.0,450,495,562,1.41,1
40129,40311,2,154osm_동서울_154-위례_154_2,0.00022,0.002002,0.001621,0.0,0.0,0.0,0.0,450,495,562,1.41,1
40010,40748,1,154osm_도곡_154-염곡_154_1,0.000218,0.001988,0.00161,0.0,0.0,0.0,0.0,450,495,562,1.4,1
40010,40748,2,154osm_도곡_154-염곡_154_2,0.000218,0.001988,0.00161,0.0,0.0,0.0,0.0,450,495,562,1.4,1
40348,40563,1,154osm_선산_154-산동_154_1,0.000343,0.003124,0.00253,0.0,0.0,0.0,0.0,450,495,562,2.2,1
40348,40563,2,154osm_선산_154-산동_154_2,0.000343,0.003124,0.00253,0.0,0.0,0.0,0.0,450,495,562,2.2,1
40348,40563,3,154osm_선산_154-산동_154_3,0.000343,0.003124,0.00253,0.0,0.0,0.0,0.0,450,495,562,2.2,1
40348,40563,4,154osm_선산_154-산동_154_4,0.000343,0.003124,0.00253,0.0,0.0,0.0,0.0,450,495,562,2.2,1
40002,40028,1,154osm_화양_154-상봉_154_1,0.000349,0.003181,0.002576,0.0,0.0,0.0,0.0,450,495,562,2.24,1
40002,40028,2,154osm_화양_154-상봉_154_2,0.000349,0.003181,0.002576,0.0,0.0,0.0,0.0,450,495,562,2.24,1
40078,40732,1,154osm_노포_154-구서_154_1,0.000303,0.002755,0.002231,0.0,0.0,0.0,0.0,450,495,562,1.94,1
40078,40732,2,154osm_노포_154-구서_154_2,0.000303,0.002755,0.002231,0.0,0.0,0.0,0.0,450,495,562,1.94,1
40382,40390,1,154osm_문산_154-월롱_154_1,0.000342,0.00311,0.002518,0.0,0.0,0.0,0.0,450,495,562,2.19,1
40382,40390,2,154osm_문산_154-월롱_154_2,0.000342,0.00311,0.002518,0.0,0.0,0.0,0.0,450,495,562,2.19,1
40382,40390,3,154osm_문산_154-월롱_154_3,0.000342,0.00311,0.002518,0.0,0.0,0.0,0.0,450,495,562,2.19,1
40382,40390,4,154osm_문산_154-월롱_154_4,0.000342,0.00311,0.002518,0.0,0.0,0.0,0.0,450,495,562,2.19,1
40519,40523,1,154osm_초동_154-수산_154_1,0.00031,0.002826,0.002288,0.0,0.0,0.0,0.0,450,495,562,1.99,1
40519,40523,2,154osm_초동_154-수산_154_2,0.00031,0.002826,0.002288,0.0,0.0,0.0,0.0,450,495,562,1.99,1
40011,40715,1,154osm_교대_154-사당_154_1,0.000314,0.002854,0.002311,0.0,0.0,0.0,0.0,450,495,562,2.01,1
40011,40715,2,154osm_교대_154-사당_154_2,0.000314,0.002854,0.002311,0.0,0.0,0.0,0.0,450,495,562,2.01,1
40569,40570,1,154osm_상인_154-두류_154_1,0.000337,0.003067,0.002484,0.0,0.0,0.0,0.0,450,495,562,2.16,1
40569,40570,2,154osm_상인_154-두류_154_2,0.000337,0.003067,0.002484,0.0,0.0,0.0,0.0,450,495,562,2.16,1
40261,40339,1,154osm_산본_154-남군포_154_1,0.000329,0.002996,0.002426,0.0,0.0,0.0,0.0,450,495,562,2.11,1
40261,40339,2,154osm_산본_154-남군포_154_2,0.000329,0.002996,0.002426,0.0,0.0,0.0,0.0,450,495,562,2.11,1
40528,40787,1,154osm_북포항_154-서포항_154_1,0.000346,0.003152,0.002553,0.0,0.0,0.0,0.0,450,495,562,2.22,1
40528,40787,2,154osm_북포항_154-서포항_154_2,0.000346,0.003152,0.002553,0.0,0.0,0.0,0.0,450,495,562,2.22,1
40528,40787,3,154osm_북포항_154-서포항_154_3,0.000346,0.003152,0.002553,0.0,0.0,0.0,0.0,450,495,562,2.22,1
40528,40787,4,154osm_북포항_154-서포항_154_4,0.000346,0.003152,0.002553,0.0,0.0,0.0,0.0,450,495,562,2.22,1
40286,40292,1,154osm_한국발전기술_154-여천_154_1,0.000339,0.003081,0.002495,0.0,0.0,0.0,0.0,450,495,562,2.17,1
40286,40292,2,154osm_한국발전기술_154-여천_154_2,0.000339,0.003081,0.002495,0.0,0.0,0.0,0.0,450,495,562,2.17,1
40330,40782,1,154osm_신장_154-남양주T3_154_1,0.000293,0.00267,0.002162,0.0,0.0,0.0,0.0,450,495,562,1.88,1
40330,40782,2,154osm_신장_154-남양주T3_154_2,0.000293,0.00267,0.002162,0.0,0.0,0.0,0.0,450,495,562,1.88,1
40294,40358,1,154osm_송포_154-파주T1_154_1,0.000262,0.002386,0.001932,0.0,0.0,0.0,0.0,450,495,562,1.68,1
40294,40358,2,154osm_송포_154-파주T1_154_2,0.000262,0.002386,0.001932,0.0,0.0,0.0,0.0,450,495,562,1.68,1
40782,40797,1,154osm_남양주T3_154-성남T5_154_1,0.000314,0.002854,0.002311,0.0,0.0,0.0,0.0,450,495,562,2.01,1
40782,40797,2,154osm_남양주T3_154-성남T5_154_2,0.000314,0.002854,0.002311,0.0,0.0,0.0,0.0,450,495,562,2.01,1
40171,40542,1,154osm_달성_154-성서_154_1,0.000296,0.002698,0.002185,0.0,0.0,0.0,0.0,450,495,562,1.9,1
40171,40542,2,154osm_달성_154-성서_154_2,0.000296,0.002698,0.002185,0.0,0.0,0.0,0.0,450,495,562,1.9,1
40306,40480,1,154osm_동탄_154-기흥_154_1,0.000445,0.004047,0.003278,0.0,0.0,0.0,0.0,450,495,562,2.85,1
40306,40480,2,154osm_동탄_154-기흥_154_2,0.000445,0.004047,0.003278,0.0,0.0,0.0,0.0,450,495,562,2.85,1
40128,40246,1,154osm_성현_154-야탑_154_1,0.000351,0.003195,0.002587,0.0,0.0,0.0,0.0,450,495,562,2.25,1
40128,40246,2,154osm_성현_154-야탑_154_2,0.000351,0.003195,0.002587,0.0,0.0,0.0,0.0,450,495,562,2.25,1
40128,40246,3,154osm_성현_154-야탑_154_3,0.000351,0.003195,0.002587,0.0,0.0,0.0,0.0,450,495,562,2.25,1
40128,40246,4,154osm_성현_154-야탑_154_4,0.000351,0.003195,0.002587,0.0,0.0,0.0,0.0,450,495,562,2.25,1
40160,40794,1,154osm_덕진_154-세종T2_154_1,0.000362,0.003294,0.002668,0.0,0.0,0.0,0.0,450,495,562,2.32,1
40160,40794,2,154osm_덕진_154-세종T2_154_2,0.000362,0.003294,0.002668,0.0,0.0,0.0,0.0,450,495,562,2.32,1
40153,40320,1,154osm_신파주_154-문발_154_1,0.000459,0.004175,0.003381,0.0,0.0,0.0,0.0,450,495,562,2.94,1
40153,40320,2,154osm_신파주_154-문발_154_2,0.000459,0.004175,0.003381,0.0,0.0,0.0,0.0,450,495,562,2.94,1
40528,40529,1,154osm_북포항_154-남포항_154_1,0.000359,0.003266,0.002645,0.0,0.0,0.0,0.0,450,495,562,2.3,1
40528,40529,2,154osm_북포항_154-남포항_154_2,0.000359,0.003266,0.002645,0.0,0.0,0.0,0.0,450,495,562,2.3,1
40528,40529,3,154osm_북포항_154-남포항_154_3,0.000359,0.003266,0.002645,0.0,0.0,0.0,0.0,450,495,562,2.3,1
40528,40529,4,154osm_북포항_154-남포항_154_4,0.000359,0.003266,0.002645,0.0,0.0,0.0,0.0,450,495,562,2.3,1
40244,40788,1,154osm_미음_154-지사_154_1,0.000409,0.00372,0.003013,0.0,0.0,0.0,0.0,450,495,562,2.62,1
40721,40800,1,154osm_창원T1_154-창원_154_1,0.00034,0.003096,0.002507,0.0,0.0,0.0,0.0,450,495,562,2.18,1
40721,40800,2,154osm_창원T1_154-창원_154_2,0.00034,0.003096,0.002507,0.0,0.0,0.0,0.0,450,495,562,2.18,1
40098,40549,1,154osm_신경산_154-진량_154_1,0.000363,0.003309,0.00268,0.0,0.0,0.0,0.0,450,495,562,2.33,1
40098,40549,2,154osm_신경산_154-진량_154_2,0.000363,0.003309,0.00268,0.0,0.0,0.0,0.0,450,495,562,2.33,1
40059,40060,1,154osm_울산_154-신울산_154_1,0.000384,0.003493,0.002829,0.0,0.0,0.0,0.0,450,495,562,2.46,1
40059,40060,2,154osm_울산_154-신울산_154_2,0.000384,0.003493,0.002829,0.0,0.0,0.0,0.0,450,495,562,2.46,1
40106,40599,1,154osm_신광주_154-일곡_154_1,0.000348,0.003167,0.002564,0.0,0.0,0.0,0.0,450,495,562,2.23,1
40106,40599,2,154osm_신광주_154-일곡_154_2,0.000348,0.003167,0.002564,0.0,0.0,0.0,0.0,450,495,562,2.23,1
40106,40599,3,154osm_신광주_154-일곡_154_3,0.000348,0.003167,0.002564,0.0,0.0,0.0,0.0,450,495,562,2.23,1
40106,40599,4,154osm_신광주_154-일곡_154_4,0.000348,0.003167,0.002564,0.0,0.0,0.0,0.0,450,495,562,2.23,1
40029,40760,1,154osm_중계_154-신내_154_1,0.000318,0.002897,0.002346,0.0,0.0,0.0,0.0,450,495,562,2.04,1
40029,40760,2,154osm_중계_154-신내_154_2,0.000318,0.002897,0.002346,0.0,0.0,0.0,0.0,450,495,562,2.04,1
40325,40392,1,154osm_이의_154-신봉_154_1,0.000378,0.003436,0.002783,0.0,0.0,0.0,0.0,450,495,562,2.42,1
40325,40392,2,154osm_이의_154-신봉_154_2,0.000378,0.003436,0.002783,0.0,0.0,0.0,0.0,450,495,562,2.42,1
40325,40392,3,154osm_이의_154-신봉_154_3,0.000378,0.003436,0.002783,0.0,0.0,0.0,0.0,450,495,562,2.42,1
40325,40392,4,154osm_이의_154-신봉_154_4,0.000378,0.003436,0.002783,0.0,0.0,0.0,0.0,450,495,562,2.42,1
40252,40759,1,154osm_은평_154-현저_154_1,0.000331,0.00301,0.002438,0.0,0.0,0.0,0.0,450,495,562,2.12,1
40252,40759,2,154osm_은평_154-현저_154_2,0.000331,0.00301,0.002438,0.0,0.0,0.0,0.0,450,495,562,2.12,1
40101,40552,1,154osm_서대구_154-왜관_154_1,0.00037,0.003365,0.002726,0.0,0.0,0.0,0.0,450,495,562,2.37,1
40101,40552,2,154osm_서대구_154-왜관_154_2,0.00037,0.003365,0.002726,0.0,0.0,0.0,0.0,450,495,562,2.37,1
40101,40552,3,154osm_서대구_154-왜관_154_3,0.00037,0.003365,0.002726,0.0,0.0,0.0,0.0,450,495,562,2.37,1
40101,40552,4,154osm_서대구_154-왜관_154_4,0.00037,0.003365,0.002726,0.0,0.0,0.0,0.0,450,495,562,2.37,1
40534,40537,1,154osm_농소_154-김천_154_1,0.000382,0.003479,0.002818,0.0,0.0,0.0,0.0,450,495,562,2.45,1
40534,40537,2,154osm_농소_154-김천_154_2,0.000382,0.003479,0.002818,0.0,0.0,0.0,0.0,450,495,562,2.45,1
40197,40777,1,154osm_반월_154-북시화_154_1,0.000373,0.003394,0.002749,0.0,0.0,0.0,0.0,450,495,562,2.39,1
40197,40777,2,154osm_반월_154-북시화_154_2,0.000373,0.003394,0.002749,0.0,0.0,0.0,0.0,450,495,562,2.39,1
40073,40135,1,154osm_오창_154-국사_154_1,0.000384,0.003493,0.002829,0.0,0.0,0.0,0.0,450,495,562,2.46,1
40073,40135,2,154osm_오창_154-국사_154_2,0.000384,0.003493,0.002829,0.0,0.0,0.0,0.0,450,495,562,2.46,1
40108,40635,1,154osm_전주T2_154-남전주_154_1,0.00046,0.004189,0.003393,0.0,0.0,0.0,0.0,450,495,562,2.95,1
40108,40635,2,154osm_전주T2_154-남전주_154_2,0.00046,0.004189,0.003393,0.0,0.0,0.0,0.0,450,495,562,2.95,1
40108,40635,3,154osm_전주T2_154-남전주_154_3,0.00046,0.004189,0.003393,0.0,0.0,0.0,0.0,450,495,562,2.95,1
40108,40635,4,154osm_전주T2_154-남전주_154_4,0.00046,0.004189,0.003393,0.0,0.0,0.0,0.0,450,495,562,2.95,1
40193,40259,1,154osm_추팔_154-둔포_154_1,0.000398,0.003621,0.002932,0.0,0.0,0.0,0.0,450,495,562,2.55,1
40193,40259,2,154osm_추팔_154-둔포_154_2,0.000398,0.003621,0.002932,0.0,0.0,0.0,0.0,450,495,562,2.55,1
40598,40601,1,154osm_충장_154-계림_154_1,0.000406,0.003692,0.00299,0.0,0.0,0.0,0.0,450,495,562,2.6,1
40598,40601,2,154osm_충장_154-계림_154_2,0.000406,0.003692,0.00299,0.0,0.0,0.0,0.0,450,495,562,2.6,1
40119,40157,1,154osm_서서울_154-서수원_154_1,0.000392,0.003564,0.002886,0.0,0.0,0.0,0.0,450,495,562,2.51,1
40119,40157,2,154osm_서서울_154-서수원_154_2,0.000392,0.003564,0.002886,0.0,0.0,0.0,0.0,450,495,562,2.51,1
40119,40322,1,154osm_서서울_154-신안산_154_1,0.000385,0.003507,0.002841,0.0,0.0,0.0,0.0,450,495,562,2.47,1
40245,40508,1,154osm_삼정_154-신월_154_1,0.000407,0.003706,0.003001,0.0,0.0,0.0,0.0,450,495,562,2.61,1
40245,40508,2,154osm_삼정_154-신월_154_2,0.000407,0.003706,0.003001,0.0,0.0,0.0,0.0,450,495,562,2.61,1
40331,40762,1,154osm_미아_154-쌍문_154_1,0.000457,0.004161,0.00337,0.0,0.0,0.0,0.0,450,495,562,2.93,1
40331,40762,2,154osm_미아_154-쌍문_154_2,0.000457,0.004161,0.00337,0.0,0.0,0.0,0.0,450,495,562,2.93,1
40505,40774,1,154osm_동읍_154-의창_154_1,0.000474,0.004317,0.003496,0.0,0.0,0.0,0.0,450,495,562,3.04,1
40181,40254,1,154osm_서울T1_154-원흥_154_1,0.000468,0.00426,0.00345,0.0,0.0,0.0,0.0,450,495,562,3.0,1
40181,40254,2,154osm_서울T1_154-원흥_154_2,0.000468,0.00426,0.00345,0.0,0.0,0.0,0.0,450,495,562,3.0,1
40371,40377,1,154osm_동진주_154-개양_154_1,0.000558,0.005084,0.004117,0.0,0.0,0.0,0.0,450,495,562,3.58,1
40430,40712,1,154osm_조암_154-수원T2_154_1,0.000454,0.004132,0.003347,0.0,0.0,0.0,0.0,450,495,562,2.91,1
40430,40712,2,154osm_조암_154-수원T2_154_2,0.000454,0.004132,0.003347,0.0,0.0,0.0,0.0,450,495,562,2.91,1
40430,40712,3,154osm_조암_154-수원T2_154_3,0.000454,0.004132,0.003347,0.0,0.0,0.0,0.0,450,495,562,2.91,1
40430,40712,4,154osm_조암_154-수원T2_154_4,0.000454,0.004132,0.003347,0.0,0.0,0.0,0.0,450,495,562,2.91,1
40072,40306,1,154osm_신용인_154-동탄_154_1,0.000429,0.003905,0.003162,0.0,0.0,0.0,0.0,450,495,562,2.75,1
40072,40306,2,154osm_신용인_154-동탄_154_2,0.000429,0.003905,0.003162,0.0,0.0,0.0,0.0,450,495,562,2.75,1
40160,40162,1,154osm_덕진_154-대덕_154_1,0.000446,0.004061,0.003289,0.0,0.0,0.0,0.0,450,495,562,2.86,1
40160,40162,2,154osm_덕진_154-대덕_154_2,0.000446,0.004061,0.003289,0.0,0.0,0.0,0.0,450,495,562,2.86,1
40153,40156,1,154osm_신파주_154-금촌_154_1,0.000451,0.004104,0.003324,0.0,0.0,0.0,0.0,450,495,562,2.89,1
40153,40156,2,154osm_신파주_154-금촌_154_2,0.000451,0.004104,0.003324,0.0,0.0,0.0,0.0,450,495,562,2.89,1
40060,40682,1,154osm_신울산_154-옥동_154_1,0.000507,0.004615,0.003737,0.0,0.0,0.0,0.0,450,495,562,3.25,1
40236,40413,1,154osm_계양2_154-김포_154_1,0.000424,0.003862,0.003128,0.0,0.0,0.0,0.0,450,495,562,2.72,1
40236,40413,2,154osm_계양2_154-김포_154_2,0.000424,0.003862,0.003128,0.0,0.0,0.0,0.0,450,495,562,2.72,1
40442,40778,1,154osm_원곡_154-북안산_154_1,0.00049,0.004459,0.003611,0.0,0.0,0.0,0.0,450,495,562,3.14,1
40442,40778,2,154osm_원곡_154-북안산_154_2,0.00049,0.004459,0.003611,0.0,0.0,0.0,0.0,450,495,562,3.14,1
40188,40772,1,154osm_방어진_154-울산T10_154_1,0.000435,0.003962,0.003208,0.0,0.0,0.0,0.0,450,495,562,2.79,1
40188,40772,2,154osm_방어진_154-울산T10_154_2,0.000435,0.003962,0.003208,0.0,0.0,0.0,0.0,450,495,562,2.79,1
40188,40772,3,154osm_방어진_154-울산T10_154_3,0.000435,0.003962,0.003208,0.0,0.0,0.0,0.0,450,495,562,2.79,1
40504,40524,1,154osm_안민_154-천선_154_1,0.00047,0.004274,0.003461,0.0,0.0,0.0,0.0,450,495,562,3.01,1
40504,40524,2,154osm_안민_154-천선_154_2,0.00047,0.004274,0.003461,0.0,0.0,0.0,0.0,450,495,562,3.01,1
40504,40524,3,154osm_안민_154-천선_154_3,0.00047,0.004274,0.003461,0.0,0.0,0.0,0.0,450,495,562,3.01,1
40504,40524,4,154osm_안민_154-천선_154_4,0.00047,0.004274,0.003461,0.0,0.0,0.0,0.0,450,495,562,3.01,1
40040,40762,1,154osm_방학_154-쌍문_154_1,0.000482,0.004388,0.003553,0.0,0.0,0.0,0.0,450,495,562,3.09,1
40040,40762,2,154osm_방학_154-쌍문_154_2,0.000482,0.004388,0.003553,0.0,0.0,0.0,0.0,450,495,562,3.09,1
40294,40461,1,154osm_송포_154-일산_154_1,0.000583,0.005311,0.004301,0.0,0.0,0.0,0.0,450,495,562,3.74,1
40294,40461,2,154osm_송포_154-일산_154_2,0.000583,0.005311,0.004301,0.0,0.0,0.0,0.0,450,495,562,3.74,1
40131,40387,1,154osm_양주_154-불광_154_1,0.000471,0.004288,0.003473,0.0,0.0,0.0,0.0,450,495,562,3.02,1
40131,40387,2,154osm_양주_154-불광_154_2,0.000471,0.004288,0.003473,0.0,0.0,0.0,0.0,450,495,562,3.02,1
40131,40387,3,154osm_양주_154-불광_154_3,0.000471,0.004288,0.003473,0.0,0.0,0.0,0.0,450,495,562,3.02,1
40131,40387,4,154osm_양주_154-불광_154_4,0.000471,0.004288,0.003473,0.0,0.0,0.0,0.0,450,495,562,3.02,1
40177,40789,1,154osm_양산_154-산막_154_1,0.00049,0.004459,0.003611,0.0,0.0,0.0,0.0,450,495,562,3.14,1
40177,40789,2,154osm_양산_154-산막_154_2,0.00049,0.004459,0.003611,0.0,0.0,0.0,0.0,450,495,562,3.14,1
40490,40491,1,154osm_이천_154-율현_154_1,0.000524,0.004771,0.003864,0.0,0.0,0.0,0.0,450,495,562,3.36,1
40490,40491,2,154osm_이천_154-율현_154_2,0.000524,0.004771,0.003864,0.0,0.0,0.0,0.0,450,495,562,3.36,1
40168,40539,1,154osm_유가_154-현풍_154_1,0.000549,0.004998,0.004048,0.0,0.0,0.0,0.0,450,495,562,3.52,1
40168,40539,2,154osm_유가_154-현풍_154_2,0.000549,0.004998,0.004048,0.0,0.0,0.0,0.0,450,495,562,3.52,1
40168,40539,3,154osm_유가_154-현풍_154_3,0.000549,0.004998,0.004048,0.0,0.0,0.0,0.0,450,495,562,3.52,1
40168,40539,4,154osm_유가_154-현풍_154_4,0.000549,0.004998,0.004048,0.0,0.0,0.0,0.0,450,495,562,3.52,1
40673,40675,1,154osm_제천_154-왕암_154_1,0.000523,0.004757,0.003853,0.0,0.0,0.0,0.0,450,495,562,3.35,1
40673,40675,2,154osm_제천_154-왕암_154_2,0.000523,0.004757,0.003853,0.0,0.0,0.0,0.0,450,495,562,3.35,1
40085,40204,1,154osm_범물_154-노변_154_1,0.000512,0.004658,0.003772,0.0,0.0,0.0,0.0,450,495,562,3.28,1
40170,40539,1,154osm_논공_154-현풍_154_1,0.000502,0.004572,0.003703,0.0,0.0,0.0,0.0,450,495,562,3.22,1
40170,40539,2,154osm_논공_154-현풍_154_2,0.000502,0.004572,0.003703,0.0,0.0,0.0,0.0,450,495,562,3.22,1
40043,40438,1,154osm_중동_154-고강_154_1,0.000516,0.0047,0.003806,0.0,0.0,0.0,0.0,450,495,562,3.31,1
40043,40438,2,154osm_중동_154-고강_154_2,0.000516,0.0047,0.003806,0.0,0.0,0.0,0.0,450,495,562,3.31,1
40578,40587,1,154osm_송현_154-부평T2_154_1,0.000585,0.005325,0.004313,0.0,0.0,0.0,0.0,450,495,562,3.75,1
40578,40587,2,154osm_송현_154-부평T2_154_2,0.000585,0.005325,0.004313,0.0,0.0,0.0,0.0,450,495,562,3.75,1
40659,40672,1,154osm_단양_154-제천T1_154_1,0.000601,0.005467,0.004428,0.0,0.0,0.0,0.0,450,495,562,3.85,1
40659,40672,2,154osm_단양_154-제천T1_154_2,0.000601,0.005467,0.004428,0.0,0.0,0.0,0.0,450,495,562,3.85,1
40198,40706,1,154osm_한샘_154-직산_154_1,0.000588,0.005353,0.004335,0.0,0.0,0.0,0.0,450,495,562,3.77,1
40198,40706,2,154osm_한샘_154-직산_154_2,0.000588,0.005353,0.004335,0.0,0.0,0.0,0.0,450,495,562,3.77,1
40198,40706,3,154osm_한샘_154-직산_154_3,0.000588,0.005353,0.004335,0.0,0.0,0.0,0.0,450,495,562,3.77,1
40198,40706,4,154osm_한샘_154-직산_154_4,0.000588,0.005353,0.004335,0.0,0.0,0.0,0.0,450,495,562,3.77,1
40251,40734,1,154osm_거제_154-거제T1_154_1,0.000573,0.005211,0.00422,0.0,0.0,0.0,0.0,450,495,562,3.67,1
40251,40734,2,154osm_거제_154-거제T1_154_2,0.000573,0.005211,0.00422,0.0,0.0,0.0,0.0,450,495,562,3.67,1
40251,40734,3,154osm_거제_154-거제T1_154_3,0.000573,0.005211,0.00422,0.0,0.0,0.0,0.0,450,495,562,3.67,1
40251,40734,4,154osm_거제_154-거제T1_154_4,0.000573,0.005211,0.00422,0.0,0.0,0.0,0.0,450,495,562,3.67,1
40260,40549,1,154osm_반야월_154-진량_154_1,0.000554,0.005041,0.004082,0.0,0.0,0.0,0.0,450,495,562,3.55,1
40260,40549,2,154osm_반야월_154-진량_154_2,0.000554,0.005041,0.004082,0.0,0.0,0.0,0.0,450,495,562,3.55,1
40260,40549,3,154osm_반야월_154-진량_154_3,0.000554,0.005041,0.004082,0.0,0.0,0.0,0.0,450,495,562,3.55,1
40260,40549,4,154osm_반야월_154-진량_154_4,0.000554,0.005041,0.004082,0.0,0.0,0.0,0.0,450,495,562,3.55,1
40139,40548,1,154osm_영일_154-왕신_154_1,0.000577,0.005254,0.004255,0.0,0.0,0.0,0.0,450,495,562,3.7,1
40139,40548,2,154osm_영일_154-왕신_154_2,0.000577,0.005254,0.004255,0.0,0.0,0.0,0.0,450,495,562,3.7,1
40090,40450,1,154osm_신광명_154-소래_154_1,0.000577,0.005254,0.004255,0.0,0.0,0.0,0.0,450,495,562,3.7,1
40090,40450,2,154osm_신광명_154-소래_154_2,0.000577,0.005254,0.004255,0.0,0.0,0.0,0.0,450,495,562,3.7,1
40061,40686,1,154osm_신온산_154-처용_154_1,0.000566,0.005155,0.004174,0.0,0.0,0.0,0.0,450,495,562,3.63,1
40061,40686,2,154osm_신온산_154-처용_154_2,0.000566,0.005155,0.004174,0.0,0.0,0.0,0.0,450,495,562,3.63,1
40061,40686,3,154osm_신온산_154-처용_154_3,0.000566,0.005155,0.004174,0.0,0.0,0.0,0.0,450,495,562,3.63,1
40061,40686,4,154osm_신온산_154-처용_154_4,0.000566,0.005155,0.004174,0.0,0.0,0.0,0.0,450,495,562,3.63,1
40303,40671,1,154osm_남음성_154-덕산_154_1,0.000593,0.005396,0.00437,0.0,0.0,0.0,0.0,450,495,562,3.8,1
40303,40671,2,154osm_남음성_154-덕산_154_2,0.000593,0.005396,0.00437,0.0,0.0,0.0,0.0,450,495,562,3.8,1
40049,40178,1,154osm_북부산_154-미남_154_1,0.000566,0.005155,0.004174,0.0,0.0,0.0,0.0,450,495,562,3.63,1
40049,40178,2,154osm_북부산_154-미남_154_2,0.000566,0.005155,0.004174,0.0,0.0,0.0,0.0,450,495,562,3.63,1
40503,40504,1,154osm_완암_154-안민_154_1,0.000604,0.005495,0.004451,0.0,0.0,0.0,0.0,450,495,562,3.87,1
40503,40504,2,154osm_완암_154-안민_154_2,0.000604,0.005495,0.004451,0.0,0.0,0.0,0.0,450,495,562,3.87,1
40503,40504,3,154osm_완암_154-안민_154_3,0.000604,0.005495,0.004451,0.0,0.0,0.0,0.0,450,495,562,3.87,1
40503,40504,4,154osm_완암_154-안민_154_4,0.000604,0.005495,0.004451,0.0,0.0,0.0,0.0,450,495,562,3.87,1
40430,40434,1,154osm_조암_154-구문천_154_1,0.000633,0.005765,0.004669,0.0,0.0,0.0,0.0,450,495,562,4.06,1
40430,40434,2,154osm_조암_154-구문천_154_2,0.000633,0.005765,0.004669,0.0,0.0,0.0,0.0,450,495,562,4.06,1
40234,40274,1,154osm_북항_154-목포_154_1,0.000646,0.005879,0.004761,0.0,0.0,0.0,0.0,450,495,562,4.14,1
40427,40428,1,154osm_향남_154-발안_154_1,0.000608,0.005538,0.004485,0.0,0.0,0.0,0.0,450,495,562,3.9,1
40427,40428,2,154osm_향남_154-발안_154_2,0.000608,0.005538,0.004485,0.0,0.0,0.0,0.0,450,495,562,3.9,1
40427,40428,3,154osm_향남_154-발안_154_3,0.000608,0.005538,0.004485,0.0,0.0,0.0,0.0,450,495,562,3.9,1
40427,40428,4,154osm_향남_154-발안_154_4,0.000608,0.005538,0.004485,0.0,0.0,0.0,0.0,450,495,562,3.9,1
40060,40288,1,154osm_신울산_154-성암_154_1,0.000668,0.006078,0.004922,0.0,0.0,0.0,0.0,450,495,562,4.28,1
40060,40288,2,154osm_신울산_154-성암_154_2,0.000668,0.006078,0.004922,0.0,0.0,0.0,0.0,450,495,562,4.28,1
40573,40591,1,154osm_검단_154-구암_154_1,0.000597,0.005439,0.004405,0.0,0.0,0.0,0.0,450,495,562,3.83,1
40573,40591,2,154osm_검단_154-구암_154_2,0.000597,0.005439,0.004405,0.0,0.0,0.0,0.0,450,495,562,3.83,1
40573,40591,3,154osm_검단_154-구암_154_3,0.000597,0.005439,0.004405,0.0,0.0,0.0,0.0,450,495,562,3.83,1
40573,40591,4,154osm_검단_154-구암_154_4,0.000597,0.005439,0.004405,0.0,0.0,0.0,0.0,450,495,562,3.83,1
40292,40595,1,154osm_여천_154-여수_154_1,0.000638,0.005808,0.004703,0.0,0.0,0.0,0.0,450,495,562,4.09,1
40292,40595,2,154osm_여천_154-여수_154_2,0.000638,0.005808,0.004703,0.0,0.0,0.0,0.0,450,495,562,4.09,1
40292,40595,3,154osm_여천_154-여수_154_3,0.000638,0.005808,0.004703,0.0,0.0,0.0,0.0,450,495,562,4.09,1
40292,40595,4,154osm_여천_154-여수_154_4,0.000638,0.005808,0.004703,0.0,0.0,0.0,0.0,450,495,562,4.09,1
40099,40170,1,154osm_고령_154-논공_154_1,0.000772,0.007029,0.005693,0.0,0.0,0.0,0.0,450,495,562,4.95,1
40099,40170,2,154osm_고령_154-논공_154_2,0.000772,0.007029,0.005693,0.0,0.0,0.0,0.0,450,495,562,4.95,1
40266,40308,1,154osm_능곡_154-상암_154_1,0.000711,0.006475,0.005244,0.0,0.0,0.0,0.0,450,495,562,4.56,1
40266,40308,2,154osm_능곡_154-상암_154_2,0.000711,0.006475,0.005244,0.0,0.0,0.0,0.0,450,495,562,4.56,1
40683,40687,1,154osm_반천_154-직동_154_1,0.000654,0.00595,0.004819,0.0,0.0,0.0,0.0,450,495,562,4.19,1
40683,40687,2,154osm_반천_154-직동_154_2,0.000654,0.00595,0.004819,0.0,0.0,0.0,0.0,450,495,562,4.19,1
40683,40687,3,154osm_반천_154-직동_154_3,0.000654,0.00595,0.004819,0.0,0.0,0.0,0.0,450,495,562,4.19,1
40683,40687,4,154osm_반천_154-직동_154_4,0.000654,0.00595,0.004819,0.0,0.0,0.0,0.0,450,495,562,4.19,1
40121,40707,1,154osm_신온양_154-석곡_154_1,0.000647,0.005893,0.004773,0.0,0.0,0.0,0.0,450,495,562,4.15,1
40121,40707,2,154osm_신온양_154-석곡_154_2,0.000647,0.005893,0.004773,0.0,0.0,0.0,0.0,450,495,562,4.15,1
40121,40707,3,154osm_신온양_154-석곡_154_3,0.000647,0.005893,0.004773,0.0,0.0,0.0,0.0,450,495,562,4.15,1
40121,40707,4,154osm_신온양_154-석곡_154_4,0.000647,0.005893,0.004773,0.0,0.0,0.0,0.0,450,495,562,4.15,1
40181,40387,1,154osm_서울T1_154-불광_154_1,0.000641,0.005836,0.004727,0.0,0.0,0.0,0.0,450,495,562,4.11,1
40181,40387,2,154osm_서울T1_154-불광_154_2,0.000641,0.005836,0.004727,0.0,0.0,0.0,0.0,450,495,562,4.11,1
40120,40712,1,154osm_화성_154-수원T2_154_1,0.000632,0.005751,0.004657,0.0,0.0,0.0,0.0,450,495,562,4.05,1
40120,40712,2,154osm_화성_154-수원T2_154_2,0.000632,0.005751,0.004657,0.0,0.0,0.0,0.0,450,495,562,4.05,1
40120,40712,3,154osm_화성_154-수원T2_154_3,0.000632,0.005751,0.004657,0.0,0.0,0.0,0.0,450,495,562,4.05,1
40120,40712,4,154osm_화성_154-수원T2_154_4,0.000632,0.005751,0.004657,0.0,0.0,0.0,0.0,450,495,562,4.05,1
40152,40257,1,154osm_도봉_154-상계_154_1,0.00061,0.005552,0.004497,0.0,0.0,0.0,0.0,450,495,562,3.91,1
40152,40257,2,154osm_도봉_154-상계_154_2,0.00061,0.005552,0.004497,0.0,0.0,0.0,0.0,450,495,562,3.91,1
40428,40434,1,154osm_발안_154-구문천_154_1,0.000651,0.005921,0.004795,0.0,0.0,0.0,0.0,450,495,562,4.17,1
40428,40434,2,154osm_발안_154-구문천_154_2,0.000651,0.005921,0.004795,0.0,0.0,0.0,0.0,450,495,562,4.17,1
40112,40205,1,154osm_신양산_154-좌동_154_1,0.00066,0.006007,0.004865,0.0,0.0,0.0,0.0,450,495,562,4.23,1
40112,40205,2,154osm_신양산_154-좌동_154_2,0.00066,0.006007,0.004865,0.0,0.0,0.0,0.0,450,495,562,4.23,1
40112,40205,3,154osm_신양산_154-좌동_154_3,0.00066,0.006007,0.004865,0.0,0.0,0.0,0.0,450,495,562,4.23,1
40112,40205,4,154osm_신양산_154-좌동_154_4,0.00066,0.006007,0.004865,0.0,0.0,0.0,0.0,450,495,562,4.23,1
40113,40596,1,154osm_광양_154-백운_154_1,0.0007,0.006376,0.005164,0.0,0.0,0.0,0.0,450,495,562,4.49,1
40113,40596,2,154osm_광양_154-백운_154_2,0.0007,0.006376,0.005164,0.0,0.0,0.0,0.0,450,495,562,4.49,1
40113,40596,3,154osm_광양_154-백운_154_3,0.0007,0.006376,0.005164,0.0,0.0,0.0,0.0,450,495,562,4.49,1
40113,40596,4,154osm_광양_154-백운_154_4,0.0007,0.006376,0.005164,0.0,0.0,0.0,0.0,450,495,562,4.49,1
40565,40566,1,154osm_구미_154-고아_154_1,0.000685,0.006234,0.005048,0.0,0.0,0.0,0.0,450,495,562,4.39,1
40236,40237,1,154osm_계양2_154-부평T1_154_1,0.00068,0.006191,0.005014,0.0,0.0,0.0,0.0,450,495,562,4.36,1
40236,40237,2,154osm_계양2_154-부평T1_154_2,0.00068,0.006191,0.005014,0.0,0.0,0.0,0.0,450,495,562,4.36,1
40236,40237,3,154osm_계양2_154-부평T1_154_3,0.00068,0.006191,0.005014,0.0,0.0,0.0,0.0,450,495,562,4.36,1
40236,40237,4,154osm_계양2_154-부평T1_154_4,0.00068,0.006191,0.005014,0.0,0.0,0.0,0.0,450,495,562,4.36,1
40336,40514,1,154osm_신고성_154-삼천포_154_1,0.000661,0.006021,0.004876,0.0,0.0,0.0,0.0,450,495,562,4.24,1
40105,40163,1,154osm_청원_154-죽림_154_1,0.000691,0.006291,0.005094,0.0,0.0,0.0,0.0,450,495,562,4.43,1
40105,40163,2,154osm_청원_154-죽림_154_2,0.000691,0.006291,0.005094,0.0,0.0,0.0,0.0,450,495,562,4.43,1
40383,40488,1,154osm_성남T1_154-오포_154_1,0.000686,0.006248,0.00506,0.0,0.0,0.0,0.0,450,495,562,4.4,1
40383,40488,2,154osm_성남T1_154-오포_154_2,0.000686,0.006248,0.00506,0.0,0.0,0.0,0.0,450,495,562,4.4,1
40191,40427,1,154osm_오산_154-향남_154_1,0.000661,0.006021,0.004876,0.0,0.0,0.0,0.0,450,495,562,4.24,1
40191,40427,2,154osm_오산_154-향남_154_2,0.000661,0.006021,0.004876,0.0,0.0,0.0,0.0,450,495,562,4.24,1
40251,40516,1,154osm_거제_154-아주_154_1,0.000714,0.006504,0.005267,0.0,0.0,0.0,0.0,450,495,562,4.58,1
40087,40088,1,154osm_과천_154-신성남_154_1,0.000697,0.006347,0.00514,0.0,0.0,0.0,0.0,450,495,562,4.47,1
40087,40088,2,154osm_과천_154-신성남_154_2,0.000697,0.006347,0.00514,0.0,0.0,0.0,0.0,450,495,562,4.47,1
40364,40414,1,154osm_양곡_154-통진_154_1,0.000686,0.006248,0.00506,0.0,0.0,0.0,0.0,450,495,562,4.4,1
40364,40414,2,154osm_양곡_154-통진_154_2,0.000686,0.006248,0.00506,0.0,0.0,0.0,0.0,450,495,562,4.4,1
40482,40483,1,154osm_의왕_154-율전_154_1,0.000704,0.006404,0.005186,0.0,0.0,0.0,0.0,450,495,562,4.51,1
40482,40483,2,154osm_의왕_154-율전_154_2,0.000704,0.006404,0.005186,0.0,0.0,0.0,0.0,450,495,562,4.51,1
40482,40483,3,154osm_의왕_154-율전_154_3,0.000704,0.006404,0.005186,0.0,0.0,0.0,0.0,450,495,562,4.51,1
40482,40483,4,154osm_의왕_154-율전_154_4,0.000704,0.006404,0.005186,0.0,0.0,0.0,0.0,450,495,562,4.51,1
40198,40259,1,154osm_한샘_154-둔포_154_1,0.0007,0.006376,0.005164,0.0,0.0,0.0,0.0,450,495,562,4.49,1
40198,40259,2,154osm_한샘_154-둔포_154_2,0.0007,0.006376,0.005164,0.0,0.0,0.0,0.0,450,495,562,4.49,1
40421,40736,1,154osm_북춘천_154-춘천T1_154_1,0.000735,0.006688,0.005416,0.0,0.0,0.0,0.0,450,495,562,4.71,1
40421,40736,2,154osm_북춘천_154-춘천T1_154_2,0.000735,0.006688,0.005416,0.0,0.0,0.0,0.0,450,495,562,4.71,1
40236,40586,1,154osm_계양2_154-경서_154_1,0.000708,0.006447,0.005221,0.0,0.0,0.0,0.0,450,495,562,4.54,1
40591,40790,1,154osm_구암_154-봉무_154_1,0.000725,0.006603,0.005348,0.0,0.0,0.0,0.0,450,495,562,4.65,1
40591,40790,2,154osm_구암_154-봉무_154_2,0.000725,0.006603,0.005348,0.0,0.0,0.0,0.0,450,495,562,4.65,1
40591,40790,3,154osm_구암_154-봉무_154_3,0.000725,0.006603,0.005348,0.0,0.0,0.0,0.0,450,495,562,4.65,1
40591,40790,4,154osm_구암_154-봉무_154_4,0.000725,0.006603,0.005348,0.0,0.0,0.0,0.0,450,495,562,4.65,1
40287,40506,1,154osm_가수원_154-서대전_154_1,0.000729,0.006631,0.00537,0.0,0.0,0.0,0.0,450,495,562,4.67,1
40287,40506,2,154osm_가수원_154-서대전_154_2,0.000729,0.006631,0.00537,0.0,0.0,0.0,0.0,450,495,562,4.67,1
40478,40488,1,154osm_모현_154-오포_154_1,0.00075,0.00683,0.005531,0.0,0.0,0.0,0.0,450,495,562,4.81,1
40478,40488,2,154osm_모현_154-오포_154_2,0.00075,0.00683,0.005531,0.0,0.0,0.0,0.0,450,495,562,4.81,1
40119,40321,1,154osm_서서울_154-일동_154_1,0.000729,0.006631,0.00537,0.0,0.0,0.0,0.0,450,495,562,4.67,1
40119,40321,2,154osm_서서울_154-일동_154_2,0.000729,0.006631,0.00537,0.0,0.0,0.0,0.0,450,495,562,4.67,1
40119,40321,3,154osm_서서울_154-일동_154_3,0.000729,0.006631,0.00537,0.0,0.0,0.0,0.0,450,495,562,4.67,1
40119,40321,4,154osm_서서울_154-일동_154_4,0.000729,0.006631,0.00537,0.0,0.0,0.0,0.0,450,495,562,4.67,1
40188,40189,1,154osm_방어진_154-효문_154_1,0.000772,0.007029,0.005693,0.0,0.0,0.0,0.0,450,495,562,4.95,1
40188,40189,2,154osm_방어진_154-효문_154_2,0.000772,0.007029,0.005693,0.0,0.0,0.0,0.0,450,495,562,4.95,1
40188,40189,3,154osm_방어진_154-효문_154_3,0.000772,0.007029,0.005693,0.0,0.0,0.0,0.0,450,495,562,4.95,1
40188,40189,4,154osm_방어진_154-효문_154_4,0.000772,0.007029,0.005693,0.0,0.0,0.0,0.0,450,495,562,4.95,1
40135,40668,1,154osm_국사_154-봉명_154_1,0.000739,0.006731,0.005451,0.0,0.0,0.0,0.0,450,495,562,4.74,1
40135,40668,2,154osm_국사_154-봉명_154_2,0.000739,0.006731,0.005451,0.0,0.0,0.0,0.0,450,495,562,4.74,1
40135,40668,3,154osm_국사_154-봉명_154_3,0.000739,0.006731,0.005451,0.0,0.0,0.0,0.0,450,495,562,4.74,1
40135,40668,4,154osm_국사_154-봉명_154_4,0.000739,0.006731,0.005451,0.0,0.0,0.0,0.0,450,495,562,4.74,1
40364,40412,1,154osm_양곡_154-양촌_154_1,0.000744,0.006773,0.005485,0.0,0.0,0.0,0.0,450,495,562,4.77,1
40364,40412,2,154osm_양곡_154-양촌_154_2,0.000744,0.006773,0.005485,0.0,0.0,0.0,0.0,450,495,562,4.77,1
40431,40705,1,154osm_장덕_154-마도_154_1,0.000736,0.006702,0.005428,0.0,0.0,0.0,0.0,450,495,562,4.72,1
40431,40705,2,154osm_장덕_154-마도_154_2,0.000736,0.006702,0.005428,0.0,0.0,0.0,0.0,450,495,562,4.72,1
40546,40548,1,154osm_포항_154-왕신_154_1,0.000749,0.006816,0.00552,0.0,0.0,0.0,0.0,450,495,562,4.8,1
40546,40548,2,154osm_포항_154-왕신_154_2,0.000749,0.006816,0.00552,0.0,0.0,0.0,0.0,450,495,562,4.8,1
40630,40644,1,154osm_남원주_154-원주_154_1,0.000814,0.007412,0.006003,0.0,0.0,0.0,0.0,450,495,562,5.22,1
40464,40470,1,154osm_진건_154-덕소_154_1,0.000713,0.006489,0.005256,0.0,0.0,0.0,0.0,450,495,562,4.57,1
40464,40470,2,154osm_진건_154-덕소_154_2,0.000713,0.006489,0.005256,0.0,0.0,0.0,0.0,450,495,562,4.57,1
40142,40551,1,154osm_하양_154-와촌_154_1,0.000802,0.007299,0.005911,0.0,0.0,0.0,0.0,450,495,562,5.14,1
40142,40551,2,154osm_하양_154-와촌_154_2,0.000802,0.007299,0.005911,0.0,0.0,0.0,0.0,450,495,562,5.14,1
40192,40457,1,154osm_평택_154-청북_154_1,0.000789,0.007185,0.005819,0.0,0.0,0.0,0.0,450,495,562,5.06,1
40192,40457,2,154osm_평택_154-청북_154_2,0.000789,0.007185,0.005819,0.0,0.0,0.0,0.0,450,495,562,5.06,1
40192,40457,3,154osm_평택_154-청북_154_3,0.000789,0.007185,0.005819,0.0,0.0,0.0,0.0,450,495,562,5.06,1
40192,40457,4,154osm_평택_154-청북_154_4,0.000789,0.007185,0.005819,0.0,0.0,0.0,0.0,450,495,562,5.06,1
40104,40671,1,154osm_진천_154-덕산_154_1,0.000786,0.007157,0.005796,0.0,0.0,0.0,0.0,450,495,562,5.04,1
40104,40671,2,154osm_진천_154-덕산_154_2,0.000786,0.007157,0.005796,0.0,0.0,0.0,0.0,450,495,562,5.04,1
40292,40616,1,154osm_여천_154-화치_154_1,0.000844,0.007682,0.006222,0.0,0.0,0.0,0.0,450,495,562,5.41,1
40292,40616,2,154osm_여천_154-화치_154_2,0.000844,0.007682,0.006222,0.0,0.0,0.0,0.0,450,495,562,5.41,1
40292,40616,3,154osm_여천_154-화치_154_3,0.000844,0.007682,0.006222,0.0,0.0,0.0,0.0,450,495,562,5.41,1
40292,40616,4,154osm_여천_154-화치_154_4,0.000844,0.007682,0.006222,0.0,0.0,0.0,0.0,450,495,562,5.41,1
40321,40778,1,154osm_일동_154-북안산_154_1,0.000855,0.007782,0.006302,0.0,0.0,0.0,0.0,450,495,562,5.48,1
40321,40778,2,154osm_일동_154-북안산_154_2,0.000855,0.007782,0.006302,0.0,0.0,0.0,0.0,450,495,562,5.48,1
40321,40778,3,154osm_일동_154-북안산_154_3,0.000855,0.007782,0.006302,0.0,0.0,0.0,0.0,450,495,562,5.48,1
40321,40778,4,154osm_일동_154-북안산_154_4,0.000855,0.007782,0.006302,0.0,0.0,0.0,0.0,450,495,562,5.48,1
40431,40712,1,154osm_장덕_154-수원T2_154_1,0.000864,0.007867,0.006371,0.0,0.0,0.0,0.0,450,495,562,5.54,1
40431,40712,2,154osm_장덕_154-수원T2_154_2,0.000864,0.007867,0.006371,0.0,0.0,0.0,0.0,450,495,562,5.54,1
40346,40543,1,154osm_달서_154-다사_154_1,0.000819,0.007455,0.006037,0.0,0.0,0.0,0.0,450,495,562,5.25,1
40222,40258,1,154osm_태백T1_154-봉화_154_1,0.000833,0.007583,0.006141,0.0,0.0,0.0,0.0,450,495,562,5.34,1
40187,40189,1,154osm_매암_154-효문_154_1,0.00085,0.007739,0.006268,0.0,0.0,0.0,0.0,450,495,562,5.45,1
40072,40118,1,154osm_신용인_154-용인_154_1,0.000878,0.007995,0.006474,0.0,0.0,0.0,0.0,450,495,562,5.63,1
40072,40118,2,154osm_신용인_154-용인_154_2,0.000878,0.007995,0.006474,0.0,0.0,0.0,0.0,450,495,562,5.63,1
40351,40781,1,154osm_세종_154-부강_154_1,0.0009,0.008193,0.006635,0.0,0.0,0.0,0.0,450,495,562,5.77,1
40351,40781,2,154osm_세종_154-부강_154_2,0.0009,0.008193,0.006635,0.0,0.0,0.0,0.0,450,495,562,5.77,1
40351,40781,3,154osm_세종_154-부강_154_3,0.0009,0.008193,0.006635,0.0,0.0,0.0,0.0,450,495,562,5.77,1
40351,40781,4,154osm_세종_154-부강_154_4,0.0009,0.008193,0.006635,0.0,0.0,0.0,0.0,450,495,562,5.77,1
40543,40552,1,154osm_다사_154-왜관_154_1,0.000869,0.007909,0.006406,0.0,0.0,0.0,0.0,450,495,562,5.57,1
40543,40552,2,154osm_다사_154-왜관_154_2,0.000869,0.007909,0.006406,0.0,0.0,0.0,0.0,450,495,562,5.57,1
40147,40645,1,154osm_동해_154-이원_154_1,0.000847,0.007711,0.006244,0.0,0.0,0.0,0.0,450,495,562,5.43,1
40147,40645,2,154osm_동해_154-이원_154_2,0.000847,0.007711,0.006244,0.0,0.0,0.0,0.0,450,495,562,5.43,1
40137,40155,1,154osm_덕계_154-백석_154_1,0.000858,0.00781,0.006325,0.0,0.0,0.0,0.0,450,495,562,5.5,1
40137,40155,2,154osm_덕계_154-백석_154_2,0.000858,0.00781,0.006325,0.0,0.0,0.0,0.0,450,495,562,5.5,1
40137,40155,3,154osm_덕계_154-백석_154_3,0.000858,0.00781,0.006325,0.0,0.0,0.0,0.0,450,495,562,5.5,1
40137,40155,4,154osm_덕계_154-백석_154_4,0.000858,0.00781,0.006325,0.0,0.0,0.0,0.0,450,495,562,5.5,1
40488,40735,1,154osm_오포_154-성남T2_154_1,0.000863,0.007853,0.00636,0.0,0.0,0.0,0.0,450,495,562,5.53,1
40488,40735,2,154osm_오포_154-성남T2_154_2,0.000863,0.007853,0.00636,0.0,0.0,0.0,0.0,450,495,562,5.53,1
40488,40735,3,154osm_오포_154-성남T2_154_3,0.000863,0.007853,0.00636,0.0,0.0,0.0,0.0,450,495,562,5.53,1
40488,40735,4,154osm_오포_154-성남T2_154_4,0.000863,0.007853,0.00636,0.0,0.0,0.0,0.0,450,495,562,5.53,1
40144,40548,1,154osm_천북_154-왕신_154_1,0.000966,0.00879,0.007119,0.0,0.0,0.0,0.0,450,495,562,6.19,1
40144,40548,2,154osm_천북_154-왕신_154_2,0.000966,0.00879,0.007119,0.0,0.0,0.0,0.0,450,495,562,6.19,1
40144,40548,3,154osm_천북_154-왕신_154_3,0.000966,0.00879,0.007119,0.0,0.0,0.0,0.0,450,495,562,6.19,1
40144,40548,4,154osm_천북_154-왕신_154_4,0.000966,0.00879,0.007119,0.0,0.0,0.0,0.0,450,495,562,6.19,1
40330,40470,1,154osm_신장_154-덕소_154_1,0.00087,0.007924,0.006417,0.0,0.0,0.0,0.0,450,495,562,5.58,1
40330,40470,2,154osm_신장_154-덕소_154_2,0.00087,0.007924,0.006417,0.0,0.0,0.0,0.0,450,495,562,5.58,1
40330,40470,3,154osm_신장_154-덕소_154_3,0.00087,0.007924,0.006417,0.0,0.0,0.0,0.0,450,495,562,5.58,1
40330,40470,4,154osm_신장_154-덕소_154_4,0.00087,0.007924,0.006417,0.0,0.0,0.0,0.0,450,495,562,5.58,1
40593,40595,1,154osm_소라_154-여수_154_1,0.000881,0.008023,0.006498,0.0,0.0,0.0,0.0,450,495,562,5.65,1
40593,40595,2,154osm_소라_154-여수_154_2,0.000881,0.008023,0.006498,0.0,0.0,0.0,0.0,450,495,562,5.65,1
40262,40609,1,154osm_정왕_154-도림_154_1,0.000908,0.008264,0.006693,0.0,0.0,0.0,0.0,450,495,562,5.82,1
40262,40609,2,154osm_정왕_154-도림_154_2,0.000908,0.008264,0.006693,0.0,0.0,0.0,0.0,450,495,562,5.82,1
40262,40609,3,154osm_정왕_154-도림_154_3,0.000908,0.008264,0.006693,0.0,0.0,0.0,0.0,450,495,562,5.82,1
40262,40609,4,154osm_정왕_154-도림_154_4,0.000908,0.008264,0.006693,0.0,0.0,0.0,0.0,450,495,562,5.82,1
40252,40387,1,154osm_은평_154-불광_154_1,0.000939,0.008548,0.006923,0.0,0.0,0.0,0.0,450,495,562,6.02,1
40252,40387,2,154osm_은평_154-불광_154_2,0.000939,0.008548,0.006923,0.0,0.0,0.0,0.0,450,495,562,6.02,1
40115,40694,1,154osm_공주_154-서세종_154_1,0.000916,0.008335,0.006751,0.0,0.0,0.0,0.0,450,495,562,5.87,1
40115,40694,2,154osm_공주_154-서세종_154_2,0.000916,0.008335,0.006751,0.0,0.0,0.0,0.0,450,495,562,5.87,1
40001,40269,1,154osm_순천T1_154-서순천_154_1,0.000927,0.008435,0.006831,0.0,0.0,0.0,0.0,450,495,562,5.94,1
40254,40386,1,154osm_원흥_154-고양_154_1,0.000933,0.008492,0.006877,0.0,0.0,0.0,0.0,450,495,562,5.98,1
40254,40386,2,154osm_원흥_154-고양_154_2,0.000933,0.008492,0.006877,0.0,0.0,0.0,0.0,450,495,562,5.98,1
40453,40475,1,154osm_안동_154-동안동_154_1,0.000933,0.008492,0.006877,0.0,0.0,0.0,0.0,450,495,562,5.98,1
40453,40475,2,154osm_안동_154-동안동_154_2,0.000933,0.008492,0.006877,0.0,0.0,0.0,0.0,450,495,562,5.98,1
40214,40515,1,154osm_고성_154-안정_154_1,0.000938,0.008534,0.006911,0.0,0.0,0.0,0.0,450,495,562,6.01,1
40237,40579,1,154osm_부평T1_154-북인천_154_1,0.000936,0.00852,0.0069,0.0,0.0,0.0,0.0,450,495,562,6.0,1
40237,40579,2,154osm_부평T1_154-북인천_154_2,0.000936,0.00852,0.0069,0.0,0.0,0.0,0.0,450,495,562,6.0,1
40051,40198,1,154osm_탕정_154-한샘_154_1,0.000927,0.008435,0.006831,0.0,0.0,0.0,0.0,450,495,562,5.94,1
40051,40198,2,154osm_탕정_154-한샘_154_2,0.000927,0.008435,0.006831,0.0,0.0,0.0,0.0,450,495,562,5.94,1
40618,40803,1,154osm_삼호_154-대불_154_1,0.000992,0.009031,0.007314,0.0,0.0,0.0,0.0,450,495,562,6.36,1
40684,40738,1,154osm_언양_154-울산T9_154_1,0.001011,0.009202,0.007452,0.0,0.0,0.0,0.0,450,495,562,6.48,1
40684,40738,2,154osm_언양_154-울산T9_154_2,0.001011,0.009202,0.007452,0.0,0.0,0.0,0.0,450,495,562,6.48,1
40088,40392,1,154osm_신성남_154-신봉_154_1,0.001003,0.009131,0.007394,0.0,0.0,0.0,0.0,450,495,562,6.43,1
40088,40392,2,154osm_신성남_154-신봉_154_2,0.001003,0.009131,0.007394,0.0,0.0,0.0,0.0,450,495,562,6.43,1
40088,40392,3,154osm_신성남_154-신봉_154_3,0.001003,0.009131,0.007394,0.0,0.0,0.0,0.0,450,495,562,6.43,1
40088,40392,4,154osm_신성남_154-신봉_154_4,0.001003,0.009131,0.007394,0.0,0.0,0.0,0.0,450,495,562,6.43,1
40643,40653,1,154osm_정주_154-정공_154_1,0.000986,0.008974,0.007268,0.0,0.0,0.0,0.0,450,495,562,6.32,1
40643,40653,2,154osm_정주_154-정공_154_2,0.000986,0.008974,0.007268,0.0,0.0,0.0,0.0,450,495,562,6.32,1
40643,40653,3,154osm_정주_154-정공_154_3,0.000986,0.008974,0.007268,0.0,0.0,0.0,0.0,450,495,562,6.32,1
40643,40653,4,154osm_정주_154-정공_154_4,0.000986,0.008974,0.007268,0.0,0.0,0.0,0.0,450,495,562,6.32,1
40334,40347,1,154osm_장재_154-풍세_154_1,0.001016,0.009244,0.007486,0.0,0.0,0.0,0.0,450,495,562,6.51,1
40334,40347,2,154osm_장재_154-풍세_154_2,0.001016,0.009244,0.007486,0.0,0.0,0.0,0.0,450,495,562,6.51,1
40334,40347,3,154osm_장재_154-풍세_154_3,0.001016,0.009244,0.007486,0.0,0.0,0.0,0.0,450,495,562,6.51,1
40334,40347,4,154osm_장재_154-풍세_154_4,0.001016,0.009244,0.007486,0.0,0.0,0.0,0.0,450,495,562,6.51,1
40111,40520,1,154osm_신마산_154-중리_154_1,0.000967,0.008804,0.00713,0.0,0.0,0.0,0.0,450,495,562,6.2,1
40089,40287,1,154osm_신계룡_154-가수원_154_1,0.001042,0.009486,0.007682,0.0,0.0,0.0,0.0,450,495,562,6.68,1
40089,40287,2,154osm_신계룡_154-가수원_154_2,0.001042,0.009486,0.007682,0.0,0.0,0.0,0.0,450,495,562,6.68,1
40089,40287,3,154osm_신계룡_154-가수원_154_3,0.001042,0.009486,0.007682,0.0,0.0,0.0,0.0,450,495,562,6.68,1
40089,40287,4,154osm_신계룡_154-가수원_154_4,0.001042,0.009486,0.007682,0.0,0.0,0.0,0.0,450,495,562,6.68,1
40678,40690,1,154osm_신일_154-신탄진_154_1,0.001042,0.009486,0.007682,0.0,0.0,0.0,0.0,450,495,562,6.68,1
40400,40509,1,154osm_홍성_154-응봉_154_1,0.001098,0.009997,0.008096,0.0,0.0,0.0,0.0,450,495,562,7.04,1
40400,40509,2,154osm_홍성_154-응봉_154_2,0.001098,0.009997,0.008096,0.0,0.0,0.0,0.0,450,495,562,7.04,1
40487,40491,1,154osm_오천_154-율현_154_1,0.000995,0.00906,0.007337,0.0,0.0,0.0,0.0,450,495,562,6.38,1
40487,40491,2,154osm_오천_154-율현_154_2,0.000995,0.00906,0.007337,0.0,0.0,0.0,0.0,450,495,562,6.38,1
40487,40491,3,154osm_오천_154-율현_154_3,0.000995,0.00906,0.007337,0.0,0.0,0.0,0.0,450,495,562,6.38,1
40487,40491,4,154osm_오천_154-율현_154_4,0.000995,0.00906,0.007337,0.0,0.0,0.0,0.0,450,495,562,6.38,1
40058,40547,1,154osm_울주_154-입실_154_1,0.001083,0.009855,0.007981,0.0,0.0,0.0,0.0,450,495,562,6.94,1
40058,40547,2,154osm_울주_154-입실_154_2,0.001083,0.009855,0.007981,0.0,0.0,0.0,0.0,450,495,562,6.94,1
40058,40547,3,154osm_울주_154-입실_154_3,0.001083,0.009855,0.007981,0.0,0.0,0.0,0.0,450,495,562,6.94,1
40058,40547,4,154osm_울주_154-입실_154_4,0.001083,0.009855,0.007981,0.0,0.0,0.0,0.0,450,495,562,6.94,1
40002,40314,1,154osm_화양_154-남양주T2_154_1,0.001009,0.009187,0.00744,0.0,0.0,0.0,0.0,450,495,562,6.47,1
40002,40314,2,154osm_화양_154-남양주T2_154_2,0.001009,0.009187,0.00744,0.0,0.0,0.0,0.0,450,495,562,6.47,1
40095,40096,1,154osm_이리_154-군산_154_1,0.001012,0.009216,0.007464,0.0,0.0,0.0,0.0,450,495,562,6.49,1
40095,40096,2,154osm_이리_154-군산_154_2,0.001012,0.009216,0.007464,0.0,0.0,0.0,0.0,450,495,562,6.49,1
40095,40096,3,154osm_이리_154-군산_154_3,0.001012,0.009216,0.007464,0.0,0.0,0.0,0.0,450,495,562,6.49,1
40095,40096,4,154osm_이리_154-군산_154_4,0.001012,0.009216,0.007464,0.0,0.0,0.0,0.0,450,495,562,6.49,1
40301,40649,1,154osm_태백_154-도계_154_1,0.000986,0.008974,0.007268,0.0,0.0,0.0,0.0,450,495,562,6.32,1
40301,40649,2,154osm_태백_154-도계_154_2,0.000986,0.008974,0.007268,0.0,0.0,0.0,0.0,450,495,562,6.32,1
40683,40684,1,154osm_반천_154-언양_154_1,0.001053,0.009585,0.007763,0.0,0.0,0.0,0.0,450,495,562,6.75,1
40683,40684,2,154osm_반천_154-언양_154_2,0.001053,0.009585,0.007763,0.0,0.0,0.0,0.0,450,495,562,6.75,1
40627,40629,1,154osm_서원주_154-북원주_154_1,0.00108,0.009826,0.007958,0.0,0.0,0.0,0.0,450,495,562,6.92,1
40627,40629,2,154osm_서원주_154-북원주_154_2,0.00108,0.009826,0.007958,0.0,0.0,0.0,0.0,450,495,562,6.92,1
40627,40629,3,154osm_서원주_154-북원주_154_3,0.00108,0.009826,0.007958,0.0,0.0,0.0,0.0,450,495,562,6.92,1
40627,40629,4,154osm_서원주_154-북원주_154_4,0.00108,0.009826,0.007958,0.0,0.0,0.0,0.0,450,495,562,6.92,1
40357,40787,1,154osm_신영일_154-서포항_154_1,0.001061,0.009656,0.00782,0.0,0.0,0.0,0.0,450,495,562,6.8,1
40357,40787,2,154osm_신영일_154-서포항_154_2,0.001061,0.009656,0.00782,0.0,0.0,0.0,0.0,450,495,562,6.8,1
40357,40787,3,154osm_신영일_154-서포항_154_3,0.001061,0.009656,0.00782,0.0,0.0,0.0,0.0,450,495,562,6.8,1
40357,40787,4,154osm_신영일_154-서포항_154_4,0.001061,0.009656,0.00782,0.0,0.0,0.0,0.0,450,495,562,6.8,1
40107,40638,1,154osm_신남원_154-남원_154_1,0.00105,0.009557,0.00774,0.0,0.0,0.0,0.0,450,495,562,6.73,1
40291,40716,1,154osm_서산_154-성연_154_1,0.001017,0.009258,0.007498,0.0,0.0,0.0,0.0,450,495,562,6.52,1
40291,40716,2,154osm_서산_154-성연_154_2,0.001017,0.009258,0.007498,0.0,0.0,0.0,0.0,450,495,562,6.52,1
40291,40716,3,154osm_서산_154-성연_154_3,0.001017,0.009258,0.007498,0.0,0.0,0.0,0.0,450,495,562,6.52,1
40291,40716,4,154osm_서산_154-성연_154_4,0.001017,0.009258,0.007498,0.0,0.0,0.0,0.0,450,495,562,6.52,1
40134,40241,1,154osm_은진_154-논산_154_1,0.001048,0.009542,0.007728,0.0,0.0,0.0,0.0,450,495,562,6.72,1
40134,40241,2,154osm_은진_154-논산_154_2,0.001048,0.009542,0.007728,0.0,0.0,0.0,0.0,450,495,562,6.72,1
40066,40507,1,154osm_신옥천_154-남대전_154_1,0.001017,0.009258,0.007498,0.0,0.0,0.0,0.0,450,495,562,6.52,1
40066,40507,2,154osm_신옥천_154-남대전_154_2,0.001017,0.009258,0.007498,0.0,0.0,0.0,0.0,450,495,562,6.52,1
40676,40677,1,154osm_옥천1_154-옥천2_154_1,0.00112,0.010196,0.008257,0.0,0.0,0.0,0.0,450,495,562,7.18,1
40127,40347,1,154osm_온양_154-풍세_154_1,0.001064,0.009684,0.007843,0.0,0.0,0.0,0.0,450,495,562,6.82,1
40127,40347,2,154osm_온양_154-풍세_154_2,0.001064,0.009684,0.007843,0.0,0.0,0.0,0.0,450,495,562,6.82,1
40127,40347,3,154osm_온양_154-풍세_154_3,0.001064,0.009684,0.007843,0.0,0.0,0.0,0.0,450,495,562,6.82,1
40127,40347,4,154osm_온양_154-풍세_154_4,0.001064,0.009684,0.007843,0.0,0.0,0.0,0.0,450,495,562,6.82,1
40180,40598,1,154osm_남광주_154-충장_154_1,0.001083,0.009855,0.007981,0.0,0.0,0.0,0.0,450,495,562,6.94,1
40180,40598,2,154osm_남광주_154-충장_154_2,0.001083,0.009855,0.007981,0.0,0.0,0.0,0.0,450,495,562,6.94,1
40156,40390,1,154osm_금촌_154-월롱_154_1,0.001067,0.009713,0.007866,0.0,0.0,0.0,0.0,450,495,562,6.84,1
40156,40390,2,154osm_금촌_154-월롱_154_2,0.001067,0.009713,0.007866,0.0,0.0,0.0,0.0,450,495,562,6.84,1
40661,40662,1,154osm_오송_154-서청주_154_1,0.001075,0.009784,0.007923,0.0,0.0,0.0,0.0,450,495,562,6.89,1
40661,40662,2,154osm_오송_154-서청주_154_2,0.001075,0.009784,0.007923,0.0,0.0,0.0,0.0,450,495,562,6.89,1
40560,40562,1,154osm_남인동_154-금전_154_1,0.0011,0.010011,0.008108,0.0,0.0,0.0,0.0,450,495,562,7.05,1
40560,40562,2,154osm_남인동_154-금전_154_2,0.0011,0.010011,0.008108,0.0,0.0,0.0,0.0,450,495,562,7.05,1
40560,40562,3,154osm_남인동_154-금전_154_3,0.0011,0.010011,0.008108,0.0,0.0,0.0,0.0,450,495,562,7.05,1
40560,40562,4,154osm_남인동_154-금전_154_4,0.0011,0.010011,0.008108,0.0,0.0,0.0,0.0,450,495,562,7.05,1
40160,40289,1,154osm_덕진_154-월산_154_1,0.001108,0.010082,0.008165,0.0,0.0,0.0,0.0,450,495,562,7.1,1
40300,40384,1,154osm_서안성_154-남사_154_1,0.001094,0.009954,0.008061,0.0,0.0,0.0,0.0,450,495,562,7.01,1
40300,40384,2,154osm_서안성_154-남사_154_2,0.001094,0.009954,0.008061,0.0,0.0,0.0,0.0,450,495,562,7.01,1
40300,40384,3,154osm_서안성_154-남사_154_3,0.001094,0.009954,0.008061,0.0,0.0,0.0,0.0,450,495,562,7.01,1
40300,40384,4,154osm_서안성_154-남사_154_4,0.001094,0.009954,0.008061,0.0,0.0,0.0,0.0,450,495,562,7.01,1
40135,40662,1,154osm_국사_154-서청주_154_1,0.00112,0.010196,0.008257,0.0,0.0,0.0,0.0,450,495,562,7.18,1
40135,40662,2,154osm_국사_154-서청주_154_2,0.00112,0.010196,0.008257,0.0,0.0,0.0,0.0,450,495,562,7.18,1
40348,40565,1,154osm_선산_154-구미_154_1,0.001078,0.009812,0.007947,0.0,0.0,0.0,0.0,450,495,562,6.91,1
40348,40565,2,154osm_선산_154-구미_154_2,0.001078,0.009812,0.007947,0.0,0.0,0.0,0.0,450,495,562,6.91,1
40348,40565,3,154osm_선산_154-구미_154_3,0.001078,0.009812,0.007947,0.0,0.0,0.0,0.0,450,495,562,6.91,1
40348,40565,4,154osm_선산_154-구미_154_4,0.001078,0.009812,0.007947,0.0,0.0,0.0,0.0,450,495,562,6.91,1
40102,40300,1,154osm_안성_154-서안성_154_1,0.001112,0.010125,0.0082,0.0,0.0,0.0,0.0,450,495,562,7.13,1
40102,40300,2,154osm_안성_154-서안성_154_2,0.001112,0.010125,0.0082,0.0,0.0,0.0,0.0,450,495,562,7.13,1
40109,40635,1,154osm_신김제_154-남전주_154_1,0.001097,0.009983,0.008084,0.0,0.0,0.0,0.0,450,495,562,7.03,1
40109,40635,2,154osm_신김제_154-남전주_154_2,0.001097,0.009983,0.008084,0.0,0.0,0.0,0.0,450,495,562,7.03,1
40109,40635,3,154osm_신김제_154-남전주_154_3,0.001097,0.009983,0.008084,0.0,0.0,0.0,0.0,450,495,562,7.03,1
40109,40635,4,154osm_신김제_154-남전주_154_4,0.001097,0.009983,0.008084,0.0,0.0,0.0,0.0,450,495,562,7.03,1
40128,40488,1,154osm_성현_154-오포_154_1,0.001114,0.010139,0.008211,0.0,0.0,0.0,0.0,450,495,562,7.14,1
40128,40488,2,154osm_성현_154-오포_154_2,0.001114,0.010139,0.008211,0.0,0.0,0.0,0.0,450,495,562,7.14,1
40128,40488,3,154osm_성현_154-오포_154_3,0.001114,0.010139,0.008211,0.0,0.0,0.0,0.0,450,495,562,7.14,1
40128,40488,4,154osm_성현_154-오포_154_4,0.001114,0.010139,0.008211,0.0,0.0,0.0,0.0,450,495,562,7.14,1
40154,40156,1,154osm_신덕은_154-금촌_154_1,0.001119,0.010181,0.008245,0.0,0.0,0.0,0.0,450,495,562,7.17,1
40154,40156,2,154osm_신덕은_154-금촌_154_2,0.001119,0.010181,0.008245,0.0,0.0,0.0,0.0,450,495,562,7.17,1
40154,40156,3,154osm_신덕은_154-금촌_154_3,0.001119,0.010181,0.008245,0.0,0.0,0.0,0.0,450,495,562,7.17,1
40154,40156,4,154osm_신덕은_154-금촌_154_4,0.001119,0.010181,0.008245,0.0,0.0,0.0,0.0,450,495,562,7.17,1
40235,40607,1,154osm_나주_154-금천_154_1,0.001167,0.010622,0.008602,0.0,0.0,0.0,0.0,450,495,562,7.48,1
40432,40705,1,154osm_사강_154-마도_154_1,0.001159,0.010551,0.008545,0.0,0.0,0.0,0.0,450,495,562,7.43,1
40432,40705,2,154osm_사강_154-마도_154_2,0.001159,0.010551,0.008545,0.0,0.0,0.0,0.0,450,495,562,7.43,1
40192,40455,1,154osm_평택_154-팽성_154_1,0.001133,0.010309,0.008349,0.0,0.0,0.0,0.0,450,495,562,7.26,1
40192,40455,2,154osm_평택_154-팽성_154_2,0.001133,0.010309,0.008349,0.0,0.0,0.0,0.0,450,495,562,7.26,1
40061,40288,1,154osm_신온산_154-성암_154_1,0.001159,0.010551,0.008545,0.0,0.0,0.0,0.0,450,495,562,7.43,1
40061,40288,2,154osm_신온산_154-성암_154_2,0.001159,0.010551,0.008545,0.0,0.0,0.0,0.0,450,495,562,7.43,1
40061,40288,3,154osm_신온산_154-성암_154_3,0.001159,0.010551,0.008545,0.0,0.0,0.0,0.0,450,495,562,7.43,1
40061,40288,4,154osm_신온산_154-성암_154_4,0.001159,0.010551,0.008545,0.0,0.0,0.0,0.0,450,495,562,7.43,1
40104,40123,1,154osm_진천_154-신진천_154_1,0.001145,0.010423,0.008441,0.0,0.0,0.0,0.0,450,495,562,7.34,1
40104,40123,2,154osm_진천_154-신진천_154_2,0.001145,0.010423,0.008441,0.0,0.0,0.0,0.0,450,495,562,7.34,1
40112,40733,1,154osm_신양산_154-수영_154_1,0.00117,0.01065,0.008625,0.0,0.0,0.0,0.0,450,495,562,7.5,1
40112,40733,2,154osm_신양산_154-수영_154_2,0.00117,0.01065,0.008625,0.0,0.0,0.0,0.0,450,495,562,7.5,1
40112,40733,3,154osm_신양산_154-수영_154_3,0.00117,0.01065,0.008625,0.0,0.0,0.0,0.0,450,495,562,7.5,1
40112,40733,4,154osm_신양산_154-수영_154_4,0.00117,0.01065,0.008625,0.0,0.0,0.0,0.0,450,495,562,7.5,1
40178,40511,1,154osm_미남_154-개금_154_1,0.001164,0.010593,0.008579,0.0,0.0,0.0,0.0,450,495,562,7.46,1
40112,40732,1,154osm_신양산_154-구서_154_1,0.001178,0.010721,0.008682,0.0,0.0,0.0,0.0,450,495,562,7.55,1
40112,40732,2,154osm_신양산_154-구서_154_2,0.001178,0.010721,0.008682,0.0,0.0,0.0,0.0,450,495,562,7.55,1
40112,40732,3,154osm_신양산_154-구서_154_3,0.001178,0.010721,0.008682,0.0,0.0,0.0,0.0,450,495,562,7.55,1
40112,40732,4,154osm_신양산_154-구서_154_4,0.001178,0.010721,0.008682,0.0,0.0,0.0,0.0,450,495,562,7.55,1
40105,40662,1,154osm_청원_154-서청주_154_1,0.001248,0.01136,0.0092,0.0,0.0,0.0,0.0,450,495,562,8.0,1
40105,40662,2,154osm_청원_154-서청주_154_2,0.001248,0.01136,0.0092,0.0,0.0,0.0,0.0,450,495,562,8.0,1
40200,40351,1,154osm_세종T1_154-세종_154_1,0.001161,0.010565,0.008556,0.0,0.0,0.0,0.0,450,495,562,7.44,1
40200,40351,2,154osm_세종T1_154-세종_154_2,0.001161,0.010565,0.008556,0.0,0.0,0.0,0.0,450,495,562,7.44,1
40066,40496,1,154osm_신옥천_154-추부_154_1,0.001161,0.010565,0.008556,0.0,0.0,0.0,0.0,450,495,562,7.44,1
40066,40496,2,154osm_신옥천_154-추부_154_2,0.001161,0.010565,0.008556,0.0,0.0,0.0,0.0,450,495,562,7.44,1
40066,40496,3,154osm_신옥천_154-추부_154_3,0.001161,0.010565,0.008556,0.0,0.0,0.0,0.0,450,495,562,7.44,1
40066,40496,4,154osm_신옥천_154-추부_154_4,0.001161,0.010565,0.008556,0.0,0.0,0.0,0.0,450,495,562,7.44,1
40136,40471,1,154osm_동두천_154-옥정_154_1,0.001179,0.010735,0.008694,0.0,0.0,0.0,0.0,450,495,562,7.56,1
40136,40471,2,154osm_동두천_154-옥정_154_2,0.001179,0.010735,0.008694,0.0,0.0,0.0,0.0,450,495,562,7.56,1
40136,40471,3,154osm_동두천_154-옥정_154_3,0.001179,0.010735,0.008694,0.0,0.0,0.0,0.0,450,495,562,7.56,1
40136,40471,4,154osm_동두천_154-옥정_154_4,0.001179,0.010735,0.008694,0.0,0.0,0.0,0.0,450,495,562,7.56,1
40452,40711,1,154osm_강화_154-서강화_154_1,0.001176,0.010707,0.008671,0.0,0.0,0.0,0.0,450,495,562,7.54,1
40452,40711,2,154osm_강화_154-서강화_154_2,0.001176,0.010707,0.008671,0.0,0.0,0.0,0.0,450,495,562,7.54,1
40070,40125,1,154osm_인주_154-아산_154_1,0.001179,0.010735,0.008694,0.0,0.0,0.0,0.0,450,495,562,7.56,1
40070,40125,2,154osm_인주_154-아산_154_2,0.001179,0.010735,0.008694,0.0,0.0,0.0,0.0,450,495,562,7.56,1
40070,40125,3,154osm_인주_154-아산_154_3,0.001179,0.010735,0.008694,0.0,0.0,0.0,0.0,450,495,562,7.56,1
40070,40125,4,154osm_인주_154-아산_154_4,0.001179,0.010735,0.008694,0.0,0.0,0.0,0.0,450,495,562,7.56,1
40116,40501,1,154osm_마천_154-진해_154_1,0.001175,0.010693,0.00866,0.0,0.0,0.0,0.0,450,495,562,7.53,1
40116,40501,2,154osm_마천_154-진해_154_2,0.001175,0.010693,0.00866,0.0,0.0,0.0,0.0,450,495,562,7.53,1
40161,40680,1,154osm_용운_154-대화_154_1,0.001212,0.011033,0.008935,0.0,0.0,0.0,0.0,450,495,562,7.77,1
40148,40675,1,154osm_신제천_154-왕암_154_1,0.001215,0.011062,0.008958,0.0,0.0,0.0,0.0,450,495,562,7.79,1
40148,40675,2,154osm_신제천_154-왕암_154_2,0.001215,0.011062,0.008958,0.0,0.0,0.0,0.0,450,495,562,7.79,1
40148,40675,3,154osm_신제천_154-왕암_154_3,0.001215,0.011062,0.008958,0.0,0.0,0.0,0.0,450,495,562,7.79,1
40148,40675,4,154osm_신제천_154-왕암_154_4,0.001215,0.011062,0.008958,0.0,0.0,0.0,0.0,450,495,562,7.79,1
40148,40775,1,154osm_신제천_154-영월T1_154_1,0.00124,0.011289,0.009142,0.0,0.0,0.0,0.0,450,495,562,7.95,1
40338,40373,1,154osm_합천T1_154-합천_154_1,0.001221,0.011119,0.009005,0.0,0.0,0.0,0.0,450,495,562,7.83,1
40338,40373,2,154osm_합천T1_154-합천_154_2,0.001221,0.011119,0.009005,0.0,0.0,0.0,0.0,450,495,562,7.83,1
40105,40126,1,154osm_청원_154-청주T1_154_1,0.001245,0.011332,0.009177,0.0,0.0,0.0,0.0,450,495,562,7.98,1
40105,40126,2,154osm_청원_154-청주T1_154_2,0.001245,0.011332,0.009177,0.0,0.0,0.0,0.0,450,495,562,7.98,1
40076,40123,1,154osm_동천안_154-신진천_154_1,0.001289,0.011729,0.009499,0.0,0.0,0.0,0.0,450,495,562,8.26,1
40076,40123,2,154osm_동천안_154-신진천_154_2,0.001289,0.011729,0.009499,0.0,0.0,0.0,0.0,450,495,562,8.26,1
40076,40123,3,154osm_동천안_154-신진천_154_3,0.001289,0.011729,0.009499,0.0,0.0,0.0,0.0,450,495,562,8.26,1
40076,40123,4,154osm_동천안_154-신진천_154_4,0.001289,0.011729,0.009499,0.0,0.0,0.0,0.0,450,495,562,8.26,1
40518,40720,1,154osm_한림정_154-김해T1_154_1,0.001256,0.011431,0.009258,0.0,0.0,0.0,0.0,450,495,562,8.05,1
40508,40774,1,154osm_신월_154-의창_154_1,0.00127,0.011559,0.009361,0.0,0.0,0.0,0.0,450,495,562,8.14,1
40508,40774,2,154osm_신월_154-의창_154_2,0.00127,0.011559,0.009361,0.0,0.0,0.0,0.0,450,495,562,8.14,1
40057,40208,1,154osm_신포항_154-상정_154_1,0.001254,0.011417,0.009246,0.0,0.0,0.0,0.0,450,495,562,8.04,1
40057,40208,2,154osm_신포항_154-상정_154_2,0.001254,0.011417,0.009246,0.0,0.0,0.0,0.0,450,495,562,8.04,1
40056,40228,1,154osm_원정_154-포승_154_1,0.00125,0.011374,0.009211,0.0,0.0,0.0,0.0,450,495,562,8.01,1
40056,40228,2,154osm_원정_154-포승_154_2,0.00125,0.011374,0.009211,0.0,0.0,0.0,0.0,450,495,562,8.01,1
40056,40228,3,154osm_원정_154-포승_154_3,0.00125,0.011374,0.009211,0.0,0.0,0.0,0.0,450,495,562,8.01,1
40056,40228,4,154osm_원정_154-포승_154_4,0.00125,0.011374,0.009211,0.0,0.0,0.0,0.0,450,495,562,8.01,1
40223,40230,1,154osm_하남_154-평동_154_1,0.001267,0.01153,0.009338,0.0,0.0,0.0,0.0,450,495,562,8.12,1
40223,40230,2,154osm_하남_154-평동_154_2,0.001267,0.01153,0.009338,0.0,0.0,0.0,0.0,450,495,562,8.12,1
40528,40545,1,154osm_북포항_154-흥해_154_1,0.001279,0.011644,0.00943,0.0,0.0,0.0,0.0,450,495,562,8.2,1
40528,40545,2,154osm_북포항_154-흥해_154_2,0.001279,0.011644,0.00943,0.0,0.0,0.0,0.0,450,495,562,8.2,1
40528,40545,3,154osm_북포항_154-흥해_154_3,0.001279,0.011644,0.00943,0.0,0.0,0.0,0.0,450,495,562,8.2,1
40528,40545,4,154osm_북포항_154-흥해_154_4,0.001279,0.011644,0.00943,0.0,0.0,0.0,0.0,450,495,562,8.2,1
40117,40788,1,154osm_장유_154-지사_154_1,0.001315,0.011971,0.009694,0.0,0.0,0.0,0.0,450,495,562,8.43,1
40117,40788,2,154osm_장유_154-지사_154_2,0.001315,0.011971,0.009694,0.0,0.0,0.0,0.0,450,495,562,8.43,1
40267,40596,1,154osm_태금_154-백운_154_1,0.001278,0.01163,0.009418,0.0,0.0,0.0,0.0,450,495,562,8.19,1
40267,40596,2,154osm_태금_154-백운_154_2,0.001278,0.01163,0.009418,0.0,0.0,0.0,0.0,450,495,562,8.19,1
40114,40594,1,154osm_순천_154-율촌_154_1,0.001382,0.012581,0.010189,0.0,0.0,0.0,0.0,450,495,562,8.86,1
40114,40594,2,154osm_순천_154-율촌_154_2,0.001382,0.012581,0.010189,0.0,0.0,0.0,0.0,450,495,562,8.86,1
40049,40203,1,154osm_북부산_154-양산T2_154_1,0.001331,0.012113,0.009809,0.0,0.0,0.0,0.0,450,495,562,8.53,1
40049,40203,2,154osm_북부산_154-양산T2_154_2,0.001331,0.012113,0.009809,0.0,0.0,0.0,0.0,450,495,562,8.53,1
40223,40233,1,154osm_하남_154-장성_154_1,0.001373,0.012496,0.01012,0.0,0.0,0.0,0.0,450,495,562,8.8,1
40223,40233,2,154osm_하남_154-장성_154_2,0.001373,0.012496,0.01012,0.0,0.0,0.0,0.0,450,495,562,8.8,1
40223,40233,3,154osm_하남_154-장성_154_3,0.001373,0.012496,0.01012,0.0,0.0,0.0,0.0,450,495,562,8.8,1
40223,40233,4,154osm_하남_154-장성_154_4,0.001373,0.012496,0.01012,0.0,0.0,0.0,0.0,450,495,562,8.8,1
40172,40426,1,154osm_신포천_154-포천_154_1,0.00131,0.011928,0.00966,0.0,0.0,0.0,0.0,450,495,562,8.4,1
40172,40426,2,154osm_신포천_154-포천_154_2,0.00131,0.011928,0.00966,0.0,0.0,0.0,0.0,450,495,562,8.4,1
40172,40426,3,154osm_신포천_154-포천_154_3,0.00131,0.011928,0.00966,0.0,0.0,0.0,0.0,450,495,562,8.4,1
40172,40426,4,154osm_신포천_154-포천_154_4,0.00131,0.011928,0.00966,0.0,0.0,0.0,0.0,450,495,562,8.4,1
40352,40354,1,154osm_당진_154-송악_154_1,0.001338,0.012184,0.009867,0.0,0.0,0.0,0.0,450,495,562,8.58,1
40352,40354,2,154osm_당진_154-송악_154_2,0.001338,0.012184,0.009867,0.0,0.0,0.0,0.0,450,495,562,8.58,1
40352,40354,3,154osm_당진_154-송악_154_3,0.001338,0.012184,0.009867,0.0,0.0,0.0,0.0,450,495,562,8.58,1
40352,40354,4,154osm_당진_154-송악_154_4,0.001338,0.012184,0.009867,0.0,0.0,0.0,0.0,450,495,562,8.58,1
40680,40690,1,154osm_대화_154-신탄진_154_1,0.001326,0.01207,0.009775,0.0,0.0,0.0,0.0,450,495,562,8.5,1
40066,40161,1,154osm_신옥천_154-용운_154_1,0.001367,0.012439,0.010074,0.0,0.0,0.0,0.0,450,495,562,8.76,1
40066,40161,2,154osm_신옥천_154-용운_154_2,0.001367,0.012439,0.010074,0.0,0.0,0.0,0.0,450,495,562,8.76,1
40131,40386,1,154osm_양주_154-고양_154_1,0.001326,0.01207,0.009775,0.0,0.0,0.0,0.0,450,495,562,8.5,1
40131,40386,2,154osm_양주_154-고양_154_2,0.001326,0.01207,0.009775,0.0,0.0,0.0,0.0,450,495,562,8.5,1
40131,40386,3,154osm_양주_154-고양_154_3,0.001326,0.01207,0.009775,0.0,0.0,0.0,0.0,450,495,562,8.5,1
40131,40386,4,154osm_양주_154-고양_154_4,0.001326,0.01207,0.009775,0.0,0.0,0.0,0.0,450,495,562,8.5,1
40303,40660,1,154osm_남음성_154-금왕_154_1,0.001349,0.012283,0.009947,0.0,0.0,0.0,0.0,450,495,562,8.65,1
40303,40660,2,154osm_남음성_154-금왕_154_2,0.001349,0.012283,0.009947,0.0,0.0,0.0,0.0,450,495,562,8.65,1
40303,40660,3,154osm_남음성_154-금왕_154_3,0.001349,0.012283,0.009947,0.0,0.0,0.0,0.0,450,495,562,8.65,1
40303,40660,4,154osm_남음성_154-금왕_154_4,0.001349,0.012283,0.009947,0.0,0.0,0.0,0.0,450,495,562,8.65,1
40189,40282,1,154osm_효문_154-동울산_154_1,0.001392,0.012666,0.010258,0.0,0.0,0.0,0.0,450,495,562,8.92,1
40242,40720,1,154osm_주촌_154-김해T1_154_1,0.001426,0.012979,0.010511,0.0,0.0,0.0,0.0,450,495,562,9.14,1
40142,40703,1,154osm_하양_154-신서_154_1,0.001415,0.012879,0.010431,0.0,0.0,0.0,0.0,450,495,562,9.07,1
40142,40703,2,154osm_하양_154-신서_154_2,0.001415,0.012879,0.010431,0.0,0.0,0.0,0.0,450,495,562,9.07,1
40142,40703,3,154osm_하양_154-신서_154_3,0.001415,0.012879,0.010431,0.0,0.0,0.0,0.0,450,495,562,9.07,1
40142,40703,4,154osm_하양_154-신서_154_4,0.001415,0.012879,0.010431,0.0,0.0,0.0,0.0,450,495,562,9.07,1
40245,40801,1,154osm_삼정_154-신김해_154_1,0.001404,0.01278,0.01035,0.0,0.0,0.0,0.0,450,495,562,9.0,1
40245,40801,2,154osm_삼정_154-신김해_154_2,0.001404,0.01278,0.01035,0.0,0.0,0.0,0.0,450,495,562,9.0,1
40138,40155,1,154osm_녹양_154-백석_154_1,0.001438,0.013092,0.010603,0.0,0.0,0.0,0.0,450,495,562,9.22,1
40138,40155,2,154osm_녹양_154-백석_154_2,0.001438,0.013092,0.010603,0.0,0.0,0.0,0.0,450,495,562,9.22,1
40138,40155,3,154osm_녹양_154-백석_154_3,0.001438,0.013092,0.010603,0.0,0.0,0.0,0.0,450,495,562,9.22,1
40138,40155,4,154osm_녹양_154-백석_154_4,0.001438,0.013092,0.010603,0.0,0.0,0.0,0.0,450,495,562,9.22,1
40152,40472,1,154osm_도봉_154-용현_154_1,0.001424,0.012965,0.0105,0.0,0.0,0.0,0.0,450,495,562,9.13,1
40152,40472,2,154osm_도봉_154-용현_154_2,0.001424,0.012965,0.0105,0.0,0.0,0.0,0.0,450,495,562,9.13,1
40089,40133,1,154osm_신계룡_154-두마_154_1,0.001421,0.012936,0.010476,0.0,0.0,0.0,0.0,450,495,562,9.11,1
40089,40133,2,154osm_신계룡_154-두마_154_2,0.001421,0.012936,0.010476,0.0,0.0,0.0,0.0,450,495,562,9.11,1
40089,40133,3,154osm_신계룡_154-두마_154_3,0.001421,0.012936,0.010476,0.0,0.0,0.0,0.0,450,495,562,9.11,1
40089,40133,4,154osm_신계룡_154-두마_154_4,0.001421,0.012936,0.010476,0.0,0.0,0.0,0.0,450,495,562,9.11,1
40136,40137,1,154osm_동두천_154-덕계_154_1,0.00149,0.013561,0.010983,0.0,0.0,0.0,0.0,450,495,562,9.55,1
40136,40137,2,154osm_동두천_154-덕계_154_2,0.00149,0.013561,0.010983,0.0,0.0,0.0,0.0,450,495,562,9.55,1
40136,40137,3,154osm_동두천_154-덕계_154_3,0.00149,0.013561,0.010983,0.0,0.0,0.0,0.0,450,495,562,9.55,1
40136,40137,4,154osm_동두천_154-덕계_154_4,0.00149,0.013561,0.010983,0.0,0.0,0.0,0.0,450,495,562,9.55,1
40054,40394,1,154osm_천안_154-전의_154_1,0.001431,0.013021,0.010545,0.0,0.0,0.0,0.0,450,495,562,9.17,1
40054,40394,2,154osm_천안_154-전의_154_2,0.001431,0.013021,0.010545,0.0,0.0,0.0,0.0,450,495,562,9.17,1
40425,40426,1,154osm_내촌_154-포천_154_1,0.001415,0.012879,0.010431,0.0,0.0,0.0,0.0,450,495,562,9.07,1
40425,40426,2,154osm_내촌_154-포천_154_2,0.001415,0.012879,0.010431,0.0,0.0,0.0,0.0,450,495,562,9.07,1
40132,40557,1,154osm_신영주_154-영주_154_1,0.001432,0.013036,0.010557,0.0,0.0,0.0,0.0,450,495,562,9.18,1
40132,40557,2,154osm_신영주_154-영주_154_2,0.001432,0.013036,0.010557,0.0,0.0,0.0,0.0,450,495,562,9.18,1
40132,40557,3,154osm_신영주_154-영주_154_3,0.001432,0.013036,0.010557,0.0,0.0,0.0,0.0,450,495,562,9.18,1
40132,40557,4,154osm_신영주_154-영주_154_4,0.001432,0.013036,0.010557,0.0,0.0,0.0,0.0,450,495,562,9.18,1
40065,40794,1,154osm_유성_154-세종T2_154_1,0.001466,0.013348,0.01081,0.0,0.0,0.0,0.0,450,495,562,9.4,1
40065,40794,2,154osm_유성_154-세종T2_154_2,0.001466,0.013348,0.01081,0.0,0.0,0.0,0.0,450,495,562,9.4,1
40065,40794,3,154osm_유성_154-세종T2_154_3,0.001466,0.013348,0.01081,0.0,0.0,0.0,0.0,450,495,562,9.4,1
40065,40794,4,154osm_유성_154-세종T2_154_4,0.001466,0.013348,0.01081,0.0,0.0,0.0,0.0,450,495,562,9.4,1
40066,40677,1,154osm_신옥천_154-옥천2_154_1,0.00146,0.013291,0.010764,0.0,0.0,0.0,0.0,450,495,562,9.36,1
40066,40677,2,154osm_신옥천_154-옥천2_154_2,0.00146,0.013291,0.010764,0.0,0.0,0.0,0.0,450,495,562,9.36,1
40066,40677,3,154osm_신옥천_154-옥천2_154_3,0.00146,0.013291,0.010764,0.0,0.0,0.0,0.0,450,495,562,9.36,1
40066,40677,4,154osm_신옥천_154-옥천2_154_4,0.00146,0.013291,0.010764,0.0,0.0,0.0,0.0,450,495,562,9.36,1
40401,40509,1,154osm_예산_154-응봉_154_1,0.001487,0.013533,0.010959,0.0,0.0,0.0,0.0,450,495,562,9.53,1
40401,40509,2,154osm_예산_154-응봉_154_2,0.001487,0.013533,0.010959,0.0,0.0,0.0,0.0,450,495,562,9.53,1
40190,40418,1,154osm_강릉_154-북강릉_154_1,0.001521,0.013845,0.011213,0.0,0.0,0.0,0.0,450,495,562,9.75,1
40190,40418,2,154osm_강릉_154-북강릉_154_2,0.001521,0.013845,0.011213,0.0,0.0,0.0,0.0,450,495,562,9.75,1
40190,40418,3,154osm_강릉_154-북강릉_154_3,0.001521,0.013845,0.011213,0.0,0.0,0.0,0.0,450,495,562,9.75,1
40190,40418,4,154osm_강릉_154-북강릉_154_4,0.001521,0.013845,0.011213,0.0,0.0,0.0,0.0,450,495,562,9.75,1
40619,40620,1,154osm_엄다_154-운남_154_1,0.001494,0.013604,0.011017,0.0,0.0,0.0,0.0,450,495,562,9.58,1
40111,40774,1,154osm_신마산_154-의창_154_1,0.00149,0.013561,0.010983,0.0,0.0,0.0,0.0,450,495,562,9.55,1
40392,40483,1,154osm_신봉_154-율전_154_1,0.00148,0.013476,0.010913,0.0,0.0,0.0,0.0,450,495,562,9.49,1
40392,40483,2,154osm_신봉_154-율전_154_2,0.00148,0.013476,0.010913,0.0,0.0,0.0,0.0,450,495,562,9.49,1
40392,40483,3,154osm_신봉_154-율전_154_3,0.00148,0.013476,0.010913,0.0,0.0,0.0,0.0,450,495,562,9.49,1
40392,40483,4,154osm_신봉_154-율전_154_4,0.00148,0.013476,0.010913,0.0,0.0,0.0,0.0,450,495,562,9.49,1
40313,40352,1,154osm_당진T1_154-당진_154_1,0.001543,0.014044,0.011373,0.0,0.0,0.0,0.0,450,495,562,9.89,1
40096,40633,1,154osm_군산_154-동군산_154_1,0.001552,0.014129,0.011442,0.0,0.0,0.0,0.0,450,495,562,9.95,1
40280,40802,1,154osm_강진_154-신강진_154_1,0.001551,0.014115,0.011431,0.0,0.0,0.0,0.0,450,495,562,9.94,1
40327,40329,1,154osm_초정_154-증평_154_1,0.001699,0.015464,0.012523,0.0,0.0,0.0,0.0,450,495,562,10.89,1
40327,40329,2,154osm_초정_154-증평_154_2,0.001699,0.015464,0.012523,0.0,0.0,0.0,0.0,450,495,562,10.89,1
40085,40097,1,154osm_범물_154-대구_154_1,0.001619,0.01474,0.011937,0.0,0.0,0.0,0.0,450,495,562,10.38,1
40085,40097,2,154osm_범물_154-대구_154_2,0.001619,0.01474,0.011937,0.0,0.0,0.0,0.0,450,495,562,10.38,1
40085,40097,3,154osm_범물_154-대구_154_3,0.001619,0.01474,0.011937,0.0,0.0,0.0,0.0,450,495,562,10.38,1
40085,40097,4,154osm_범물_154-대구_154_4,0.001619,0.01474,0.011937,0.0,0.0,0.0,0.0,450,495,562,10.38,1
40224,40482,1,154osm_동안양_154-의왕_154_1,0.001605,0.014612,0.011833,0.0,0.0,0.0,0.0,450,495,562,10.29,1
40224,40482,2,154osm_동안양_154-의왕_154_2,0.001605,0.014612,0.011833,0.0,0.0,0.0,0.0,450,495,562,10.29,1
40224,40482,3,154osm_동안양_154-의왕_154_3,0.001605,0.014612,0.011833,0.0,0.0,0.0,0.0,450,495,562,10.29,1
40224,40482,4,154osm_동안양_154-의왕_154_4,0.001605,0.014612,0.011833,0.0,0.0,0.0,0.0,450,495,562,10.29,1
40147,40739,1,154osm_동해_154-한라시멘트_154_1,0.001624,0.014782,0.011971,0.0,0.0,0.0,0.0,450,495,562,10.41,1
40147,40739,2,154osm_동해_154-한라시멘트_154_2,0.001624,0.014782,0.011971,0.0,0.0,0.0,0.0,450,495,562,10.41,1
40147,40739,3,154osm_동해_154-한라시멘트_154_3,0.001624,0.014782,0.011971,0.0,0.0,0.0,0.0,450,495,562,10.41,1
40147,40739,4,154osm_동해_154-한라시멘트_154_4,0.001624,0.014782,0.011971,0.0,0.0,0.0,0.0,450,495,562,10.41,1
40170,40171,1,154osm_논공_154-달성_154_1,0.00161,0.014654,0.011868,0.0,0.0,0.0,0.0,450,495,562,10.32,1
40170,40171,2,154osm_논공_154-달성_154_2,0.00161,0.014654,0.011868,0.0,0.0,0.0,0.0,450,495,562,10.32,1
40427,40429,1,154osm_향남_154-남수원_154_1,0.001633,0.014867,0.012041,0.0,0.0,0.0,0.0,450,495,562,10.47,1
40427,40429,2,154osm_향남_154-남수원_154_2,0.001633,0.014867,0.012041,0.0,0.0,0.0,0.0,450,495,562,10.47,1
40427,40429,3,154osm_향남_154-남수원_154_3,0.001633,0.014867,0.012041,0.0,0.0,0.0,0.0,450,495,562,10.47,1
40427,40429,4,154osm_향남_154-남수원_154_4,0.001633,0.014867,0.012041,0.0,0.0,0.0,0.0,450,495,562,10.47,1
40121,40198,1,154osm_신온양_154-한샘_154_1,0.00164,0.014924,0.012087,0.0,0.0,0.0,0.0,450,495,562,10.51,1
40121,40198,2,154osm_신온양_154-한샘_154_2,0.00164,0.014924,0.012087,0.0,0.0,0.0,0.0,450,495,562,10.51,1
40121,40198,3,154osm_신온양_154-한샘_154_3,0.00164,0.014924,0.012087,0.0,0.0,0.0,0.0,450,495,562,10.51,1
40121,40198,4,154osm_신온양_154-한샘_154_4,0.00164,0.014924,0.012087,0.0,0.0,0.0,0.0,450,495,562,10.51,1
40536,40537,1,154osm_금릉_154-김천_154_1,0.001686,0.01535,0.012431,0.0,0.0,0.0,0.0,450,495,562,10.81,1
40536,40537,2,154osm_금릉_154-김천_154_2,0.001686,0.01535,0.012431,0.0,0.0,0.0,0.0,450,495,562,10.81,1
40152,40465,1,154osm_도봉_154-진접_154_1,0.001686,0.01535,0.012431,0.0,0.0,0.0,0.0,450,495,562,10.81,1
40152,40465,2,154osm_도봉_154-진접_154_2,0.001686,0.01535,0.012431,0.0,0.0,0.0,0.0,450,495,562,10.81,1
40102,40454,1,154osm_안성_154-소사벌_154_1,0.00166,0.015109,0.012236,0.0,0.0,0.0,0.0,450,495,562,10.64,1
40102,40454,2,154osm_안성_154-소사벌_154_2,0.00166,0.015109,0.012236,0.0,0.0,0.0,0.0,450,495,562,10.64,1
40513,40521,1,154osm_진동_154-서마산_154_1,0.001707,0.015535,0.012581,0.0,0.0,0.0,0.0,450,495,562,10.94,1
40352,40353,1,154osm_당진_154-신당진_154_1,0.001707,0.015535,0.012581,0.0,0.0,0.0,0.0,450,495,562,10.94,1
40352,40353,2,154osm_당진_154-신당진_154_2,0.001707,0.015535,0.012581,0.0,0.0,0.0,0.0,450,495,562,10.94,1
40352,40353,3,154osm_당진_154-신당진_154_3,0.001707,0.015535,0.012581,0.0,0.0,0.0,0.0,450,495,562,10.94,1
40352,40353,4,154osm_당진_154-신당진_154_4,0.001707,0.015535,0.012581,0.0,0.0,0.0,0.0,450,495,562,10.94,1
40103,40525,1,154osm_영천_154-청통_154_1,0.00168,0.015293,0.012385,0.0,0.0,0.0,0.0,450,495,562,10.77,1
40103,40525,2,154osm_영천_154-청통_154_2,0.00168,0.015293,0.012385,0.0,0.0,0.0,0.0,450,495,562,10.77,1
40131,40762,1,154osm_양주_154-쌍문_154_1,0.001661,0.015123,0.012247,0.0,0.0,0.0,0.0,450,495,562,10.65,1
40131,40762,2,154osm_양주_154-쌍문_154_2,0.001661,0.015123,0.012247,0.0,0.0,0.0,0.0,450,495,562,10.65,1
40403,40418,1,154osm_주문진_154-북강릉_154_1,0.001714,0.015606,0.012639,0.0,0.0,0.0,0.0,450,495,562,10.99,1
40403,40418,2,154osm_주문진_154-북강릉_154_2,0.001714,0.015606,0.012639,0.0,0.0,0.0,0.0,450,495,562,10.99,1
40403,40418,3,154osm_주문진_154-북강릉_154_3,0.001714,0.015606,0.012639,0.0,0.0,0.0,0.0,450,495,562,10.99,1
40403,40418,4,154osm_주문진_154-북강릉_154_4,0.001714,0.015606,0.012639,0.0,0.0,0.0,0.0,450,495,562,10.99,1
40626,40645,1,154osm_삼척_154-이원_154_1,0.001699,0.015464,0.012523,0.0,0.0,0.0,0.0,450,495,562,10.89,1
40626,40645,2,154osm_삼척_154-이원_154_2,0.001699,0.015464,0.012523,0.0,0.0,0.0,0.0,450,495,562,10.89,1
40111,40522,1,154osm_신마산_154-마산_154_1,0.001704,0.015506,0.012558,0.0,0.0,0.0,0.0,450,495,562,10.92,1
40423,40737,1,154osm_남춘천_154-춘천T2_154_1,0.001672,0.015222,0.012328,0.0,0.0,0.0,0.0,450,495,562,10.72,1
40423,40737,2,154osm_남춘천_154-춘천T2_154_2,0.001672,0.015222,0.012328,0.0,0.0,0.0,0.0,450,495,562,10.72,1
40423,40737,3,154osm_남춘천_154-춘천T2_154_3,0.001672,0.015222,0.012328,0.0,0.0,0.0,0.0,450,495,562,10.72,1
40423,40737,4,154osm_남춘천_154-춘천T2_154_4,0.001672,0.015222,0.012328,0.0,0.0,0.0,0.0,450,495,562,10.72,1
40058,40210,1,154osm_울주_154-외동_154_1,0.001718,0.015634,0.012661,0.0,0.0,0.0,0.0,450,495,562,11.01,1
40058,40210,2,154osm_울주_154-외동_154_2,0.001718,0.015634,0.012661,0.0,0.0,0.0,0.0,450,495,562,11.01,1
40233,40273,1,154osm_장성_154-비아_154_1,0.001696,0.015435,0.0125,0.0,0.0,0.0,0.0,450,495,562,10.87,1
40233,40273,2,154osm_장성_154-비아_154_2,0.001696,0.015435,0.0125,0.0,0.0,0.0,0.0,450,495,562,10.87,1
40233,40273,3,154osm_장성_154-비아_154_3,0.001696,0.015435,0.0125,0.0,0.0,0.0,0.0,450,495,562,10.87,1
40233,40273,4,154osm_장성_154-비아_154_4,0.001696,0.015435,0.0125,0.0,0.0,0.0,0.0,450,495,562,10.87,1
40065,40694,1,154osm_유성_154-서세종_154_1,0.00171,0.015563,0.012604,0.0,0.0,0.0,0.0,450,495,562,10.96,1
40065,40694,2,154osm_유성_154-서세종_154_2,0.00171,0.015563,0.012604,0.0,0.0,0.0,0.0,450,495,562,10.96,1
40349,40395,1,154osm_영월_154-동영월_154_1,0.001714,0.015606,0.012639,0.0,0.0,0.0,0.0,450,495,562,10.99,1
40349,40395,2,154osm_영월_154-동영월_154_2,0.001714,0.015606,0.012639,0.0,0.0,0.0,0.0,450,495,562,10.99,1
40349,40395,3,154osm_영월_154-동영월_154_3,0.001714,0.015606,0.012639,0.0,0.0,0.0,0.0,450,495,562,10.99,1
40349,40395,4,154osm_영월_154-동영월_154_4,0.001714,0.015606,0.012639,0.0,0.0,0.0,0.0,450,495,562,10.99,1
40093,40398,1,154osm_관창_154-대천_154_1,0.001691,0.015393,0.012466,0.0,0.0,0.0,0.0,450,495,562,10.84,1
40093,40398,2,154osm_관창_154-대천_154_2,0.001691,0.015393,0.012466,0.0,0.0,0.0,0.0,450,495,562,10.84,1
40093,40398,3,154osm_관창_154-대천_154_3,0.001691,0.015393,0.012466,0.0,0.0,0.0,0.0,450,495,562,10.84,1
40093,40398,4,154osm_관창_154-대천_154_4,0.001691,0.015393,0.012466,0.0,0.0,0.0,0.0,450,495,562,10.84,1
40348,40566,1,154osm_선산_154-고아_154_1,0.001746,0.01589,0.012868,0.0,0.0,0.0,0.0,450,495,562,11.19,1
40348,40566,2,154osm_선산_154-고아_154_2,0.001746,0.01589,0.012868,0.0,0.0,0.0,0.0,450,495,562,11.19,1
40529,40548,1,154osm_남포항_154-왕신_154_1,0.001735,0.01579,0.012788,0.0,0.0,0.0,0.0,450,495,562,11.12,1
40529,40548,2,154osm_남포항_154-왕신_154_2,0.001735,0.01579,0.012788,0.0,0.0,0.0,0.0,450,495,562,11.12,1
40529,40548,3,154osm_남포항_154-왕신_154_3,0.001735,0.01579,0.012788,0.0,0.0,0.0,0.0,450,495,562,11.12,1
40529,40548,4,154osm_남포항_154-왕신_154_4,0.001735,0.01579,0.012788,0.0,0.0,0.0,0.0,450,495,562,11.12,1
40200,40695,1,154osm_세종T1_154-조치원_154_1,0.001827,0.016628,0.013467,0.0,0.0,0.0,0.0,450,495,562,11.71,1
40200,40695,2,154osm_세종T1_154-조치원_154_2,0.001827,0.016628,0.013467,0.0,0.0,0.0,0.0,450,495,562,11.71,1
40111,40166,1,154osm_신마산_154-칠서_154_1,0.0018,0.016387,0.013271,0.0,0.0,0.0,0.0,450,495,562,11.54,1
40111,40166,2,154osm_신마산_154-칠서_154_2,0.0018,0.016387,0.013271,0.0,0.0,0.0,0.0,450,495,562,11.54,1
40111,40166,3,154osm_신마산_154-칠서_154_3,0.0018,0.016387,0.013271,0.0,0.0,0.0,0.0,450,495,562,11.54,1
40111,40166,4,154osm_신마산_154-칠서_154_4,0.0018,0.016387,0.013271,0.0,0.0,0.0,0.0,450,495,562,11.54,1
40118,40478,1,154osm_용인_154-모현_154_1,0.001772,0.016131,0.013064,0.0,0.0,0.0,0.0,450,495,562,11.36,1
40118,40478,2,154osm_용인_154-모현_154_2,0.001772,0.016131,0.013064,0.0,0.0,0.0,0.0,450,495,562,11.36,1
40173,40470,1,154osm_마석_154-덕소_154_1,0.001822,0.016586,0.013432,0.0,0.0,0.0,0.0,450,495,562,11.68,1
40173,40470,2,154osm_마석_154-덕소_154_2,0.001822,0.016586,0.013432,0.0,0.0,0.0,0.0,450,495,562,11.68,1
40125,40401,1,154osm_아산_154-예산_154_1,0.001783,0.016231,0.013144,0.0,0.0,0.0,0.0,450,495,562,11.43,1
40125,40401,2,154osm_아산_154-예산_154_2,0.001783,0.016231,0.013144,0.0,0.0,0.0,0.0,450,495,562,11.43,1
40125,40401,3,154osm_아산_154-예산_154_3,0.001783,0.016231,0.013144,0.0,0.0,0.0,0.0,450,495,562,11.43,1
40125,40401,4,154osm_아산_154-예산_154_4,0.001783,0.016231,0.013144,0.0,0.0,0.0,0.0,450,495,562,11.43,1
40248,40408,1,154osm_여주_154-문막_154_1,0.001817,0.016543,0.013397,0.0,0.0,0.0,0.0,450,495,562,11.65,1
40248,40408,2,154osm_여주_154-문막_154_2,0.001817,0.016543,0.013397,0.0,0.0,0.0,0.0,450,495,562,11.65,1
40248,40408,3,154osm_여주_154-문막_154_3,0.001817,0.016543,0.013397,0.0,0.0,0.0,0.0,450,495,562,11.65,1
40248,40408,4,154osm_여주_154-문막_154_4,0.001817,0.016543,0.013397,0.0,0.0,0.0,0.0,450,495,562,11.65,1
40186,40282,1,154osm_북울산_154-동울산_154_1,0.001808,0.016458,0.013329,0.0,0.0,0.0,0.0,450,495,562,11.59,1
40466,40467,1,154osm_지제_154-용문_154_1,0.001864,0.016969,0.013742,0.0,0.0,0.0,0.0,450,495,562,11.95,1
40466,40467,2,154osm_지제_154-용문_154_2,0.001864,0.016969,0.013742,0.0,0.0,0.0,0.0,450,495,562,11.95,1
40140,40607,1,154osm_신화순_154-금천_154_1,0.00186,0.016926,0.013708,0.0,0.0,0.0,0.0,450,495,562,11.92,1
40073,40123,1,154osm_오창_154-신진천_154_1,0.001847,0.016813,0.013616,0.0,0.0,0.0,0.0,450,495,562,11.84,1
40073,40123,2,154osm_오창_154-신진천_154_2,0.001847,0.016813,0.013616,0.0,0.0,0.0,0.0,450,495,562,11.84,1
40116,40788,1,154osm_마천_154-지사_154_1,0.00183,0.016657,0.013489,0.0,0.0,0.0,0.0,450,495,562,11.73,1
40116,40788,2,154osm_마천_154-지사_154_2,0.00183,0.016657,0.013489,0.0,0.0,0.0,0.0,450,495,562,11.73,1
40310,40670,1,154osm_만승_154-삼죽_154_1,0.001944,0.017693,0.014329,0.0,0.0,0.0,0.0,450,495,562,12.46,1
40310,40670,2,154osm_만승_154-삼죽_154_2,0.001944,0.017693,0.014329,0.0,0.0,0.0,0.0,450,495,562,12.46,1
40310,40670,3,154osm_만승_154-삼죽_154_3,0.001944,0.017693,0.014329,0.0,0.0,0.0,0.0,450,495,562,12.46,1
40310,40670,4,154osm_만승_154-삼죽_154_4,0.001944,0.017693,0.014329,0.0,0.0,0.0,0.0,450,495,562,12.46,1
40136,40172,1,154osm_동두천_154-신포천_154_1,0.001938,0.017636,0.014283,0.0,0.0,0.0,0.0,450,495,562,12.42,1
40136,40172,2,154osm_동두천_154-신포천_154_2,0.001938,0.017636,0.014283,0.0,0.0,0.0,0.0,450,495,562,12.42,1
40136,40172,3,154osm_동두천_154-신포천_154_3,0.001938,0.017636,0.014283,0.0,0.0,0.0,0.0,450,495,562,12.42,1
40136,40172,4,154osm_동두천_154-신포천_154_4,0.001938,0.017636,0.014283,0.0,0.0,0.0,0.0,450,495,562,12.42,1
40639,40693,1,154osm_김제_154-백산_154_1,0.00187,0.017026,0.013789,0.0,0.0,0.0,0.0,450,495,562,11.99,1
40552,40592,1,154osm_왜관_154-관음_154_1,0.001991,0.018119,0.014674,0.0,0.0,0.0,0.0,450,495,562,12.76,1
40552,40592,2,154osm_왜관_154-관음_154_2,0.001991,0.018119,0.014674,0.0,0.0,0.0,0.0,450,495,562,12.76,1
40552,40592,3,154osm_왜관_154-관음_154_3,0.001991,0.018119,0.014674,0.0,0.0,0.0,0.0,450,495,562,12.76,1
40552,40592,4,154osm_왜관_154-관음_154_4,0.001991,0.018119,0.014674,0.0,0.0,0.0,0.0,450,495,562,12.76,1
40656,40658,1,154osm_팔봉_154-봉동_154_1,0.001908,0.017367,0.014065,0.0,0.0,0.0,0.0,450,495,562,12.23,1
40656,40658,2,154osm_팔봉_154-봉동_154_2,0.001908,0.017367,0.014065,0.0,0.0,0.0,0.0,450,495,562,12.23,1
40131,40138,1,154osm_양주_154-녹양_154_1,0.001936,0.017622,0.014271,0.0,0.0,0.0,0.0,450,495,562,12.41,1
40131,40138,2,154osm_양주_154-녹양_154_2,0.001936,0.017622,0.014271,0.0,0.0,0.0,0.0,450,495,562,12.41,1
40118,40487,1,154osm_용인_154-오천_154_1,0.001967,0.017906,0.014501,0.0,0.0,0.0,0.0,450,495,562,12.61,1
40118,40487,2,154osm_용인_154-오천_154_2,0.001967,0.017906,0.014501,0.0,0.0,0.0,0.0,450,495,562,12.61,1
40152,40464,1,154osm_도봉_154-진건_154_1,0.001998,0.01819,0.014731,0.0,0.0,0.0,0.0,450,495,562,12.81,1
40152,40464,2,154osm_도봉_154-진건_154_2,0.001998,0.01819,0.014731,0.0,0.0,0.0,0.0,450,495,562,12.81,1
40315,40654,1,154osm_진안_154-장수_154_1,0.001972,0.017949,0.014536,0.0,0.0,0.0,0.0,450,495,562,12.64,1
40172,40424,1,154osm_신포천_154-전곡_154_1,0.00202,0.018389,0.014892,0.0,0.0,0.0,0.0,450,495,562,12.95,1
40172,40424,2,154osm_신포천_154-전곡_154_2,0.00202,0.018389,0.014892,0.0,0.0,0.0,0.0,450,495,562,12.95,1
40172,40424,3,154osm_신포천_154-전곡_154_3,0.00202,0.018389,0.014892,0.0,0.0,0.0,0.0,450,495,562,12.95,1
40172,40424,4,154osm_신포천_154-전곡_154_4,0.00202,0.018389,0.014892,0.0,0.0,0.0,0.0,450,495,562,12.95,1
40192,40427,1,154osm_평택_154-향남_154_1,0.002014,0.018332,0.014847,0.0,0.0,0.0,0.0,450,495,562,12.91,1
40304,40305,1,154osm_경산_154-금호_154_1,0.001981,0.018034,0.014605,0.0,0.0,0.0,0.0,450,495,562,12.7,1
40304,40305,2,154osm_경산_154-금호_154_2,0.001981,0.018034,0.014605,0.0,0.0,0.0,0.0,450,495,562,12.7,1
40304,40305,3,154osm_경산_154-금호_154_3,0.001981,0.018034,0.014605,0.0,0.0,0.0,0.0,450,495,562,12.7,1
40304,40305,4,154osm_경산_154-금호_154_4,0.001981,0.018034,0.014605,0.0,0.0,0.0,0.0,450,495,562,12.7,1
40317,40416,1,154osm_신의정부_154-송우_154_1,0.002033,0.018503,0.014984,0.0,0.0,0.0,0.0,450,495,562,13.03,1
40317,40416,2,154osm_신의정부_154-송우_154_2,0.002033,0.018503,0.014984,0.0,0.0,0.0,0.0,450,495,562,13.03,1
40228,40457,1,154osm_포승_154-청북_154_1,0.002153,0.019596,0.01587,0.0,0.0,0.0,0.0,450,495,562,13.8,1
40228,40457,2,154osm_포승_154-청북_154_2,0.002153,0.019596,0.01587,0.0,0.0,0.0,0.0,450,495,562,13.8,1
40228,40457,3,154osm_포승_154-청북_154_3,0.002153,0.019596,0.01587,0.0,0.0,0.0,0.0,450,495,562,13.8,1
40228,40457,4,154osm_포승_154-청북_154_4,0.002153,0.019596,0.01587,0.0,0.0,0.0,0.0,450,495,562,13.8,1
40118,40384,1,154osm_용인_154-남사_154_1,0.002106,0.01917,0.015525,0.0,0.0,0.0,0.0,450,495,562,13.5,1
40118,40384,2,154osm_용인_154-남사_154_2,0.002106,0.01917,0.015525,0.0,0.0,0.0,0.0,450,495,562,13.5,1
40118,40384,3,154osm_용인_154-남사_154_3,0.002106,0.01917,0.015525,0.0,0.0,0.0,0.0,450,495,562,13.5,1
40118,40384,4,154osm_용인_154-남사_154_4,0.002106,0.01917,0.015525,0.0,0.0,0.0,0.0,450,495,562,13.5,1
40223,40773,1,154osm_하남_154-덕림_154_1,0.002083,0.018957,0.015352,0.0,0.0,0.0,0.0,450,495,562,13.35,1
40223,40773,2,154osm_하남_154-덕림_154_2,0.002083,0.018957,0.015352,0.0,0.0,0.0,0.0,450,495,562,13.35,1
40223,40773,3,154osm_하남_154-덕림_154_3,0.002083,0.018957,0.015352,0.0,0.0,0.0,0.0,450,495,562,13.35,1
40223,40773,4,154osm_하남_154-덕림_154_4,0.002083,0.018957,0.015352,0.0,0.0,0.0,0.0,450,495,562,13.35,1
40373,40541,1,154osm_합천_154-쌍림_154_1,0.002095,0.019071,0.015444,0.0,0.0,0.0,0.0,450,495,562,13.43,1
40373,40541,2,154osm_합천_154-쌍림_154_2,0.002095,0.019071,0.015444,0.0,0.0,0.0,0.0,450,495,562,13.43,1
40058,40687,1,154osm_울주_154-직동_154_1,0.002126,0.019355,0.015675,0.0,0.0,0.0,0.0,450,495,562,13.63,1
40058,40687,2,154osm_울주_154-직동_154_2,0.002126,0.019355,0.015675,0.0,0.0,0.0,0.0,450,495,562,13.63,1
40058,40687,3,154osm_울주_154-직동_154_3,0.002126,0.019355,0.015675,0.0,0.0,0.0,0.0,450,495,562,13.63,1
40058,40687,4,154osm_울주_154-직동_154_4,0.002126,0.019355,0.015675,0.0,0.0,0.0,0.0,450,495,562,13.63,1
40125,40127,1,154osm_아산_154-온양_154_1,0.002097,0.019085,0.015456,0.0,0.0,0.0,0.0,450,495,562,13.44,1
40125,40127,2,154osm_아산_154-온양_154_2,0.002097,0.019085,0.015456,0.0,0.0,0.0,0.0,450,495,562,13.44,1
40125,40127,3,154osm_아산_154-온양_154_3,0.002097,0.019085,0.015456,0.0,0.0,0.0,0.0,450,495,562,13.44,1
40125,40127,4,154osm_아산_154-온양_154_4,0.002097,0.019085,0.015456,0.0,0.0,0.0,0.0,450,495,562,13.44,1
40156,40386,1,154osm_금촌_154-고양_154_1,0.002103,0.019142,0.015502,0.0,0.0,0.0,0.0,450,495,562,13.48,1
40156,40386,2,154osm_금촌_154-고양_154_2,0.002103,0.019142,0.015502,0.0,0.0,0.0,0.0,450,495,562,13.48,1
40104,40310,1,154osm_진천_154-만승_154_1,0.00212,0.019298,0.015629,0.0,0.0,0.0,0.0,450,495,562,13.59,1
40104,40310,2,154osm_진천_154-만승_154_2,0.00212,0.019298,0.015629,0.0,0.0,0.0,0.0,450,495,562,13.59,1
40104,40310,3,154osm_진천_154-만승_154_3,0.00212,0.019298,0.015629,0.0,0.0,0.0,0.0,450,495,562,13.59,1
40104,40310,4,154osm_진천_154-만승_154_4,0.00212,0.019298,0.015629,0.0,0.0,0.0,0.0,450,495,562,13.59,1
40164,40166,1,154osm_창녕_154-칠서_154_1,0.0022,0.020022,0.016215,0.0,0.0,0.0,0.0,450,495,562,14.1,1
40164,40166,2,154osm_창녕_154-칠서_154_2,0.0022,0.020022,0.016215,0.0,0.0,0.0,0.0,450,495,562,14.1,1
40164,40166,3,154osm_창녕_154-칠서_154_3,0.0022,0.020022,0.016215,0.0,0.0,0.0,0.0,450,495,562,14.1,1
40164,40166,4,154osm_창녕_154-칠서_154_4,0.0022,0.020022,0.016215,0.0,0.0,0.0,0.0,450,495,562,14.1,1
40140,40621,1,154osm_신화순_154-화순_154_1,0.002173,0.019781,0.016019,0.0,0.0,0.0,0.0,450,495,562,13.93,1
40078,40124,1,154osm_노포_154-서창_154_1,0.002145,0.019525,0.015813,0.0,0.0,0.0,0.0,450,495,562,13.75,1
40078,40124,2,154osm_노포_154-서창_154_2,0.002145,0.019525,0.015813,0.0,0.0,0.0,0.0,450,495,562,13.75,1
40054,40055,1,154osm_천안_154-성거_154_1,0.002083,0.018957,0.015352,0.0,0.0,0.0,0.0,450,495,562,13.35,1
40054,40055,2,154osm_천안_154-성거_154_2,0.002083,0.018957,0.015352,0.0,0.0,0.0,0.0,450,495,562,13.35,1
40665,40666,1,154osm_충주_154-북충주_154_1,0.002115,0.019255,0.015594,0.0,0.0,0.0,0.0,450,495,562,13.56,1
40665,40666,2,154osm_충주_154-북충주_154_2,0.002115,0.019255,0.015594,0.0,0.0,0.0,0.0,450,495,562,13.56,1
40665,40666,3,154osm_충주_154-북충주_154_3,0.002115,0.019255,0.015594,0.0,0.0,0.0,0.0,450,495,562,13.56,1
40665,40666,4,154osm_충주_154-북충주_154_4,0.002115,0.019255,0.015594,0.0,0.0,0.0,0.0,450,495,562,13.56,1
40420,40421,1,154osm_춘천_154-북춘천_154_1,0.002248,0.020462,0.016571,0.0,0.0,0.0,0.0,450,495,562,14.41,1
40420,40421,2,154osm_춘천_154-북춘천_154_2,0.002248,0.020462,0.016571,0.0,0.0,0.0,0.0,450,495,562,14.41,1
40420,40421,3,154osm_춘천_154-북춘천_154_3,0.002248,0.020462,0.016571,0.0,0.0,0.0,0.0,450,495,562,14.41,1
40420,40421,4,154osm_춘천_154-북춘천_154_4,0.002248,0.020462,0.016571,0.0,0.0,0.0,0.0,450,495,562,14.41,1
40408,40627,1,154osm_문막_154-서원주_154_1,0.00214,0.019482,0.015778,0.0,0.0,0.0,0.0,450,495,562,13.72,1
40408,40627,2,154osm_문막_154-서원주_154_2,0.00214,0.019482,0.015778,0.0,0.0,0.0,0.0,450,495,562,13.72,1
40111,40521,1,154osm_신마산_154-서마산_154_1,0.002226,0.020263,0.01641,0.0,0.0,0.0,0.0,450,495,562,14.27,1
40337,40555,1,154osm_삼척그린파워_154-울진_154_1,0.002178,0.019823,0.016054,0.0,0.0,0.0,0.0,450,495,562,13.96,1
40337,40555,2,154osm_삼척그린파워_154-울진_154_2,0.002178,0.019823,0.016054,0.0,0.0,0.0,0.0,450,495,562,13.96,1
40131,40156,1,154osm_양주_154-금촌_154_1,0.002206,0.020079,0.016261,0.0,0.0,0.0,0.0,450,495,562,14.14,1
40131,40156,2,154osm_양주_154-금촌_154_2,0.002206,0.020079,0.016261,0.0,0.0,0.0,0.0,450,495,562,14.14,1
40131,40156,3,154osm_양주_154-금촌_154_3,0.002206,0.020079,0.016261,0.0,0.0,0.0,0.0,450,495,562,14.14,1
40131,40156,4,154osm_양주_154-금촌_154_4,0.002206,0.020079,0.016261,0.0,0.0,0.0,0.0,450,495,562,14.14,1
40394,40695,1,154osm_전의_154-조치원_154_1,0.002203,0.02005,0.016238,0.0,0.0,0.0,0.0,450,495,562,14.12,1
40394,40695,2,154osm_전의_154-조치원_154_2,0.002203,0.02005,0.016238,0.0,0.0,0.0,0.0,450,495,562,14.12,1
40096,40655,1,154osm_군산_154-영등_154_1,0.002175,0.019795,0.016031,0.0,0.0,0.0,0.0,450,495,562,13.94,1
40096,40655,2,154osm_군산_154-영등_154_2,0.002175,0.019795,0.016031,0.0,0.0,0.0,0.0,450,495,562,13.94,1
40096,40655,3,154osm_군산_154-영등_154_3,0.002175,0.019795,0.016031,0.0,0.0,0.0,0.0,450,495,562,13.94,1
40096,40655,4,154osm_군산_154-영등_154_4,0.002175,0.019795,0.016031,0.0,0.0,0.0,0.0,450,495,562,13.94,1
40375,40531,1,154osm_사봉_154-가야_154_1,0.002214,0.02015,0.016318,0.0,0.0,0.0,0.0,450,495,562,14.19,1
40375,40531,2,154osm_사봉_154-가야_154_2,0.002214,0.02015,0.016318,0.0,0.0,0.0,0.0,450,495,562,14.19,1
40375,40531,3,154osm_사봉_154-가야_154_3,0.002214,0.02015,0.016318,0.0,0.0,0.0,0.0,450,495,562,14.19,1
40375,40531,4,154osm_사봉_154-가야_154_4,0.002214,0.02015,0.016318,0.0,0.0,0.0,0.0,450,495,562,14.19,1
40110,40370,1,154osm_의령_154-구룡_154_1,0.002245,0.020434,0.016549,0.0,0.0,0.0,0.0,450,495,562,14.39,1
40291,40353,1,154osm_서산_154-신당진_154_1,0.002232,0.02032,0.016456,0.0,0.0,0.0,0.0,450,495,562,14.31,1
40291,40353,2,154osm_서산_154-신당진_154_2,0.002232,0.02032,0.016456,0.0,0.0,0.0,0.0,450,495,562,14.31,1
40264,40269,1,154osm_벌교_154-서순천_154_1,0.002287,0.020817,0.016859,0.0,0.0,0.0,0.0,450,495,562,14.66,1
40058,40402,1,154osm_울주_154-태화_154_1,0.002228,0.020278,0.016422,0.0,0.0,0.0,0.0,450,495,562,14.28,1
40058,40402,2,154osm_울주_154-태화_154_2,0.002228,0.020278,0.016422,0.0,0.0,0.0,0.0,450,495,562,14.28,1
40364,40452,1,154osm_양곡_154-강화_154_1,0.002253,0.020505,0.016606,0.0,0.0,0.0,0.0,450,495,562,14.44,1
40364,40452,2,154osm_양곡_154-강화_154_2,0.002253,0.020505,0.016606,0.0,0.0,0.0,0.0,450,495,562,14.44,1
40141,40426,1,154osm_운천_154-포천_154_1,0.002243,0.02042,0.016537,0.0,0.0,0.0,0.0,450,495,562,14.38,1
40141,40426,2,154osm_운천_154-포천_154_2,0.002243,0.02042,0.016537,0.0,0.0,0.0,0.0,450,495,562,14.38,1
40141,40426,3,154osm_운천_154-포천_154_3,0.002243,0.02042,0.016537,0.0,0.0,0.0,0.0,450,495,562,14.38,1
40141,40426,4,154osm_운천_154-포천_154_4,0.002243,0.02042,0.016537,0.0,0.0,0.0,0.0,450,495,562,14.38,1
40636,40657,1,154osm_동전주_154-북전주_154_1,0.002235,0.020349,0.01648,0.0,0.0,0.0,0.0,450,495,562,14.33,1
40636,40657,2,154osm_동전주_154-북전주_154_2,0.002235,0.020349,0.01648,0.0,0.0,0.0,0.0,450,495,562,14.33,1
40636,40657,3,154osm_동전주_154-북전주_154_3,0.002235,0.020349,0.01648,0.0,0.0,0.0,0.0,450,495,562,14.33,1
40636,40657,4,154osm_동전주_154-북전주_154_4,0.002235,0.020349,0.01648,0.0,0.0,0.0,0.0,450,495,562,14.33,1
40329,40650,1,154osm_증평_154-괴산_154_1,0.00227,0.020661,0.016733,0.0,0.0,0.0,0.0,450,495,562,14.55,1
40329,40650,2,154osm_증평_154-괴산_154_2,0.00227,0.020661,0.016733,0.0,0.0,0.0,0.0,450,495,562,14.55,1
40329,40650,3,154osm_증평_154-괴산_154_3,0.00227,0.020661,0.016733,0.0,0.0,0.0,0.0,450,495,562,14.55,1
40329,40650,4,154osm_증평_154-괴산_154_4,0.00227,0.020661,0.016733,0.0,0.0,0.0,0.0,450,495,562,14.55,1
40090,40316,1,154osm_신광명_154-성포_154_1,0.002324,0.021158,0.017135,0.0,0.0,0.0,0.0,450,495,562,14.9,1
40090,40316,2,154osm_신광명_154-성포_154_2,0.002324,0.021158,0.017135,0.0,0.0,0.0,0.0,450,495,562,14.9,1
40095,40693,1,154osm_이리_154-백산_154_1,0.002295,0.020888,0.016917,0.0,0.0,0.0,0.0,450,495,562,14.71,1
40095,40693,2,154osm_이리_154-백산_154_2,0.002295,0.020888,0.016917,0.0,0.0,0.0,0.0,450,495,562,14.71,1
40151,40490,1,154osm_곤지암_154-이천_154_1,0.00234,0.0213,0.01725,0.0,0.0,0.0,0.0,450,495,562,15.0,1
40151,40490,2,154osm_곤지암_154-이천_154_2,0.00234,0.0213,0.01725,0.0,0.0,0.0,0.0,450,495,562,15.0,1
40151,40490,3,154osm_곤지암_154-이천_154_3,0.00234,0.0213,0.01725,0.0,0.0,0.0,0.0,450,495,562,15.0,1
40151,40490,4,154osm_곤지암_154-이천_154_4,0.00234,0.0213,0.01725,0.0,0.0,0.0,0.0,450,495,562,15.0,1
40232,40303,1,154osm_음성_154-남음성_154_1,0.002278,0.020732,0.01679,0.0,0.0,0.0,0.0,450,495,562,14.6,1
40232,40303,2,154osm_음성_154-남음성_154_2,0.002278,0.020732,0.01679,0.0,0.0,0.0,0.0,450,495,562,14.6,1
40232,40303,3,154osm_음성_154-남음성_154_3,0.002278,0.020732,0.01679,0.0,0.0,0.0,0.0,450,495,562,14.6,1
40232,40303,4,154osm_음성_154-남음성_154_4,0.002278,0.020732,0.01679,0.0,0.0,0.0,0.0,450,495,562,14.6,1
40497,40498,1,154osm_석문_154-대산_154_1,0.002268,0.020647,0.016721,0.0,0.0,0.0,0.0,450,495,562,14.54,1
40497,40498,2,154osm_석문_154-대산_154_2,0.002268,0.020647,0.016721,0.0,0.0,0.0,0.0,450,495,562,14.54,1
40165,40167,1,154osm_강창_154-다산_154_1,0.002264,0.020604,0.016686,0.0,0.0,0.0,0.0,450,495,562,14.51,1
40165,40167,2,154osm_강창_154-다산_154_2,0.002264,0.020604,0.016686,0.0,0.0,0.0,0.0,450,495,562,14.51,1
40269,40272,1,154osm_서순천_154-순천T2_154_1,0.002309,0.021016,0.01702,0.0,0.0,0.0,0.0,450,495,562,14.8,1
40141,40145,1,154osm_운천_154-철원_154_1,0.002303,0.020959,0.016974,0.0,0.0,0.0,0.0,450,495,562,14.76,1
40141,40145,2,154osm_운천_154-철원_154_2,0.002303,0.020959,0.016974,0.0,0.0,0.0,0.0,450,495,562,14.76,1
40520,40531,1,154osm_중리_154-가야_154_1,0.002326,0.021172,0.017146,0.0,0.0,0.0,0.0,450,495,562,14.91,1
40520,40531,2,154osm_중리_154-가야_154_2,0.002326,0.021172,0.017146,0.0,0.0,0.0,0.0,450,495,562,14.91,1
40520,40531,3,154osm_중리_154-가야_154_3,0.002326,0.021172,0.017146,0.0,0.0,0.0,0.0,450,495,562,14.91,1
40520,40531,4,154osm_중리_154-가야_154_4,0.002326,0.021172,0.017146,0.0,0.0,0.0,0.0,450,495,562,14.91,1
40215,40312,1,154osm_남창_154-완도_154_1,0.002331,0.021215,0.017181,0.0,0.0,0.0,0.0,450,495,562,14.94,1
40151,40765,1,154osm_곤지암_154-초월_154_1,0.002381,0.021669,0.017549,0.0,0.0,0.0,0.0,450,495,562,15.26,1
40151,40765,2,154osm_곤지암_154-초월_154_2,0.002381,0.021669,0.017549,0.0,0.0,0.0,0.0,450,495,562,15.26,1
40151,40765,3,154osm_곤지암_154-초월_154_3,0.002381,0.021669,0.017549,0.0,0.0,0.0,0.0,450,495,562,15.26,1
40151,40765,4,154osm_곤지암_154-초월_154_4,0.002381,0.021669,0.017549,0.0,0.0,0.0,0.0,450,495,562,15.26,1
40092,40655,1,154osm_함열_154-영등_154_1,0.002373,0.021598,0.017492,0.0,0.0,0.0,0.0,450,495,562,15.21,1
40092,40655,2,154osm_함열_154-영등_154_2,0.002373,0.021598,0.017492,0.0,0.0,0.0,0.0,450,495,562,15.21,1
40092,40655,3,154osm_함열_154-영등_154_3,0.002373,0.021598,0.017492,0.0,0.0,0.0,0.0,450,495,562,15.21,1
40092,40655,4,154osm_함열_154-영등_154_4,0.002373,0.021598,0.017492,0.0,0.0,0.0,0.0,450,495,562,15.21,1
40231,40674,1,154osm_풍동_154-장연_154_1,0.002384,0.021698,0.017572,0.0,0.0,0.0,0.0,450,495,562,15.28,1
40231,40674,2,154osm_풍동_154-장연_154_2,0.002384,0.021698,0.017572,0.0,0.0,0.0,0.0,450,495,562,15.28,1
40231,40674,3,154osm_풍동_154-장연_154_3,0.002384,0.021698,0.017572,0.0,0.0,0.0,0.0,450,495,562,15.28,1
40231,40674,4,154osm_풍동_154-장연_154_4,0.002384,0.021698,0.017572,0.0,0.0,0.0,0.0,450,495,562,15.28,1
40304,40525,1,154osm_경산_154-청통_154_1,0.002423,0.022053,0.01786,0.0,0.0,0.0,0.0,450,495,562,15.53,1
40304,40525,2,154osm_경산_154-청통_154_2,0.002423,0.022053,0.01786,0.0,0.0,0.0,0.0,450,495,562,15.53,1
40304,40525,3,154osm_경산_154-청통_154_3,0.002423,0.022053,0.01786,0.0,0.0,0.0,0.0,450,495,562,15.53,1
40304,40525,4,154osm_경산_154-청통_154_4,0.002423,0.022053,0.01786,0.0,0.0,0.0,0.0,450,495,562,15.53,1
40099,40167,1,154osm_고령_154-다산_154_1,0.002368,0.021556,0.017457,0.0,0.0,0.0,0.0,450,495,562,15.18,1
40099,40167,2,154osm_고령_154-다산_154_2,0.002368,0.021556,0.017457,0.0,0.0,0.0,0.0,450,495,562,15.18,1
40076,40394,1,154osm_동천안_154-전의_154_1,0.002409,0.021925,0.017756,0.0,0.0,0.0,0.0,450,495,562,15.44,1
40076,40394,2,154osm_동천안_154-전의_154_2,0.002409,0.021925,0.017756,0.0,0.0,0.0,0.0,450,495,562,15.44,1
40297,40299,1,154osm_화원_154-안좌_154_1,0.003198,0.02911,0.023575,0.0,0.0,0.0,0.0,450,495,562,20.5,1
40297,40299,2,154osm_화원_154-안좌_154_2,0.003198,0.02911,0.023575,0.0,0.0,0.0,0.0,450,495,562,20.5,1
40297,40299,3,154osm_화원_154-안좌_154_3,0.003198,0.02911,0.023575,0.0,0.0,0.0,0.0,450,495,562,20.5,1
40297,40299,4,154osm_화원_154-안좌_154_4,0.003198,0.02911,0.023575,0.0,0.0,0.0,0.0,450,495,562,20.5,1
40177,40202,1,154osm_양산_154-밀양T2_154_1,0.002395,0.021797,0.017652,0.0,0.0,0.0,0.0,450,495,562,15.35,1
40097,40207,1,154osm_대구_154-청도_154_1,0.002393,0.021783,0.017641,0.0,0.0,0.0,0.0,450,495,562,15.34,1
40097,40207,2,154osm_대구_154-청도_154_2,0.002393,0.021783,0.017641,0.0,0.0,0.0,0.0,450,495,562,15.34,1
40532,40787,1,154osm_청하_154-서포항_154_1,0.002404,0.021882,0.017722,0.0,0.0,0.0,0.0,450,495,562,15.41,1
40532,40787,2,154osm_청하_154-서포항_154_2,0.002404,0.021882,0.017722,0.0,0.0,0.0,0.0,450,495,562,15.41,1
40532,40787,3,154osm_청하_154-서포항_154_3,0.002404,0.021882,0.017722,0.0,0.0,0.0,0.0,450,495,562,15.41,1
40532,40787,4,154osm_청하_154-서포항_154_4,0.002404,0.021882,0.017722,0.0,0.0,0.0,0.0,450,495,562,15.41,1
40375,40377,1,154osm_사봉_154-개양_154_1,0.002443,0.022237,0.018009,0.0,0.0,0.0,0.0,450,495,562,15.66,1
40241,40494,1,154osm_논산_154-부여_154_1,0.002401,0.021854,0.017698,0.0,0.0,0.0,0.0,450,495,562,15.39,1
40241,40494,2,154osm_논산_154-부여_154_2,0.002401,0.021854,0.017698,0.0,0.0,0.0,0.0,450,495,562,15.39,1
40241,40494,3,154osm_논산_154-부여_154_3,0.002401,0.021854,0.017698,0.0,0.0,0.0,0.0,450,495,562,15.39,1
40241,40494,4,154osm_논산_154-부여_154_4,0.002401,0.021854,0.017698,0.0,0.0,0.0,0.0,450,495,562,15.39,1
40318,40631,1,154osm_횡성_154-둔내_154_1,0.00244,0.022209,0.017986,0.0,0.0,0.0,0.0,450,495,562,15.64,1
40318,40631,2,154osm_횡성_154-둔내_154_2,0.00244,0.022209,0.017986,0.0,0.0,0.0,0.0,450,495,562,15.64,1
40453,40553,1,154osm_안동_154-풍산_154_1,0.002477,0.02255,0.018262,0.0,0.0,0.0,0.0,450,495,562,15.88,1
40453,40553,2,154osm_안동_154-풍산_154_2,0.002477,0.02255,0.018262,0.0,0.0,0.0,0.0,450,495,562,15.88,1
40102,40199,1,154osm_안성_154-서운_154_1,0.002487,0.022635,0.018331,0.0,0.0,0.0,0.0,450,495,562,15.94,1
40102,40199,2,154osm_안성_154-서운_154_2,0.002487,0.022635,0.018331,0.0,0.0,0.0,0.0,450,495,562,15.94,1
40102,40199,3,154osm_안성_154-서운_154_3,0.002487,0.022635,0.018331,0.0,0.0,0.0,0.0,450,495,562,15.94,1
40102,40199,4,154osm_안성_154-서운_154_4,0.002487,0.022635,0.018331,0.0,0.0,0.0,0.0,450,495,562,15.94,1
40182,40560,1,154osm_칠곡_154-남인동_154_1,0.002452,0.022322,0.018078,0.0,0.0,0.0,0.0,450,495,562,15.72,1
40182,40560,2,154osm_칠곡_154-남인동_154_2,0.002452,0.022322,0.018078,0.0,0.0,0.0,0.0,450,495,562,15.72,1
40182,40560,3,154osm_칠곡_154-남인동_154_3,0.002452,0.022322,0.018078,0.0,0.0,0.0,0.0,450,495,562,15.72,1
40182,40560,4,154osm_칠곡_154-남인동_154_4,0.002452,0.022322,0.018078,0.0,0.0,0.0,0.0,450,495,562,15.72,1
40164,40519,1,154osm_창녕_154-초동_154_1,0.002479,0.022564,0.018274,0.0,0.0,0.0,0.0,450,495,562,15.89,1
40164,40519,2,154osm_창녕_154-초동_154_2,0.002479,0.022564,0.018274,0.0,0.0,0.0,0.0,450,495,562,15.89,1
40164,40519,3,154osm_창녕_154-초동_154_3,0.002479,0.022564,0.018274,0.0,0.0,0.0,0.0,450,495,562,15.89,1
40164,40519,4,154osm_창녕_154-초동_154_4,0.002479,0.022564,0.018274,0.0,0.0,0.0,0.0,450,495,562,15.89,1
40330,40463,1,154osm_신장_154-서종_154_1,0.002513,0.022876,0.018526,0.0,0.0,0.0,0.0,450,495,562,16.11,1
40330,40463,2,154osm_신장_154-서종_154_2,0.002513,0.022876,0.018526,0.0,0.0,0.0,0.0,450,495,562,16.11,1
40330,40463,3,154osm_신장_154-서종_154_3,0.002513,0.022876,0.018526,0.0,0.0,0.0,0.0,450,495,562,16.11,1
40330,40463,4,154osm_신장_154-서종_154_4,0.002513,0.022876,0.018526,0.0,0.0,0.0,0.0,450,495,562,16.11,1
40624,40625,1,154osm_주진_154-평창_154_1,0.002555,0.02326,0.018837,0.0,0.0,0.0,0.0,450,495,562,16.38,1
40624,40625,2,154osm_주진_154-평창_154_2,0.002555,0.02326,0.018837,0.0,0.0,0.0,0.0,450,495,562,16.38,1
40099,40541,1,154osm_고령_154-쌍림_154_1,0.002471,0.022493,0.018216,0.0,0.0,0.0,0.0,450,495,562,15.84,1
40099,40541,2,154osm_고령_154-쌍림_154_2,0.002471,0.022493,0.018216,0.0,0.0,0.0,0.0,450,495,562,15.84,1
40327,40328,1,154osm_초정_154-청주_154_1,0.002474,0.022521,0.018239,0.0,0.0,0.0,0.0,450,495,562,15.86,1
40327,40328,2,154osm_초정_154-청주_154_2,0.002474,0.022521,0.018239,0.0,0.0,0.0,0.0,450,495,562,15.86,1
40271,40280,1,154osm_장흥_154-강진_154_1,0.002519,0.022933,0.018572,0.0,0.0,0.0,0.0,450,495,562,16.15,1
40128,40765,1,154osm_성현_154-초월_154_1,0.002501,0.022763,0.018434,0.0,0.0,0.0,0.0,450,495,562,16.03,1
40128,40765,2,154osm_성현_154-초월_154_2,0.002501,0.022763,0.018434,0.0,0.0,0.0,0.0,450,495,562,16.03,1
40128,40765,3,154osm_성현_154-초월_154_3,0.002501,0.022763,0.018434,0.0,0.0,0.0,0.0,450,495,562,16.03,1
40128,40765,4,154osm_성현_154-초월_154_4,0.002501,0.022763,0.018434,0.0,0.0,0.0,0.0,450,495,562,16.03,1
40214,40512,1,154osm_고성_154-통영_154_1,0.002499,0.022748,0.018423,0.0,0.0,0.0,0.0,450,495,562,16.02,1
40214,40512,2,154osm_고성_154-통영_154_2,0.002499,0.022748,0.018423,0.0,0.0,0.0,0.0,450,495,562,16.02,1
40214,40512,3,154osm_고성_154-통영_154_3,0.002499,0.022748,0.018423,0.0,0.0,0.0,0.0,450,495,562,16.02,1
40214,40512,4,154osm_고성_154-통영_154_4,0.002499,0.022748,0.018423,0.0,0.0,0.0,0.0,450,495,562,16.02,1
40168,40169,1,154osm_유가_154-밀양T1_154_1,0.002551,0.023217,0.018802,0.0,0.0,0.0,0.0,450,495,562,16.35,1
40168,40169,2,154osm_유가_154-밀양T1_154_2,0.002551,0.023217,0.018802,0.0,0.0,0.0,0.0,450,495,562,16.35,1
40168,40169,3,154osm_유가_154-밀양T1_154_3,0.002551,0.023217,0.018802,0.0,0.0,0.0,0.0,450,495,562,16.35,1
40168,40169,4,154osm_유가_154-밀양T1_154_4,0.002551,0.023217,0.018802,0.0,0.0,0.0,0.0,450,495,562,16.35,1
40092,40134,1,154osm_함열_154-은진_154_1,0.002519,0.022933,0.018572,0.0,0.0,0.0,0.0,450,495,562,16.15,1
40092,40134,2,154osm_함열_154-은진_154_2,0.002519,0.022933,0.018572,0.0,0.0,0.0,0.0,450,495,562,16.15,1
40703,40790,1,154osm_신서_154-봉무_154_1,0.002505,0.022805,0.018469,0.0,0.0,0.0,0.0,450,495,562,16.06,1
40703,40790,2,154osm_신서_154-봉무_154_2,0.002505,0.022805,0.018469,0.0,0.0,0.0,0.0,450,495,562,16.06,1
40396,40400,1,154osm_은하_154-홍성_154_1,0.002546,0.023174,0.018768,0.0,0.0,0.0,0.0,450,495,562,16.32,1
40396,40400,2,154osm_은하_154-홍성_154_2,0.002546,0.023174,0.018768,0.0,0.0,0.0,0.0,450,495,562,16.32,1
40396,40400,3,154osm_은하_154-홍성_154_3,0.002546,0.023174,0.018768,0.0,0.0,0.0,0.0,450,495,562,16.32,1
40396,40400,4,154osm_은하_154-홍성_154_4,0.002546,0.023174,0.018768,0.0,0.0,0.0,0.0,450,495,562,16.32,1
40050,40399,1,154osm_청양_154-신풍_154_1,0.002562,0.023316,0.018883,0.0,0.0,0.0,0.0,450,495,562,16.42,1
40050,40399,2,154osm_청양_154-신풍_154_2,0.002562,0.023316,0.018883,0.0,0.0,0.0,0.0,450,495,562,16.42,1
40050,40399,3,154osm_청양_154-신풍_154_3,0.002562,0.023316,0.018883,0.0,0.0,0.0,0.0,450,495,562,16.42,1
40050,40399,4,154osm_청양_154-신풍_154_4,0.002562,0.023316,0.018883,0.0,0.0,0.0,0.0,450,495,562,16.42,1
40690,40781,1,154osm_신탄진_154-부강_154_1,0.002633,0.02397,0.019412,0.0,0.0,0.0,0.0,450,495,562,16.88,1
40690,40781,2,154osm_신탄진_154-부강_154_2,0.002633,0.02397,0.019412,0.0,0.0,0.0,0.0,450,495,562,16.88,1
40690,40781,3,154osm_신탄진_154-부강_154_3,0.002633,0.02397,0.019412,0.0,0.0,0.0,0.0,450,495,562,16.88,1
40690,40781,4,154osm_신탄진_154-부강_154_4,0.002633,0.02397,0.019412,0.0,0.0,0.0,0.0,450,495,562,16.88,1
40045,40095,1,154osm_전주_154-이리_154_1,0.00263,0.023941,0.019389,0.0,0.0,0.0,0.0,450,495,562,16.86,1
40361,40561,1,154osm_의성_154-안계_154_1,0.002605,0.023714,0.019205,0.0,0.0,0.0,0.0,450,495,562,16.7,1
40361,40561,2,154osm_의성_154-안계_154_2,0.002605,0.023714,0.019205,0.0,0.0,0.0,0.0,450,495,562,16.7,1
40367,40523,1,154osm_진영_154-수산_154_1,0.002613,0.023785,0.019262,0.0,0.0,0.0,0.0,450,495,562,16.75,1
40367,40523,2,154osm_진영_154-수산_154_2,0.002613,0.023785,0.019262,0.0,0.0,0.0,0.0,450,495,562,16.75,1
40067,40146,1,154osm_양양_154-신양양_154_1,0.002646,0.024083,0.019504,0.0,0.0,0.0,0.0,450,495,562,16.96,1
40067,40146,2,154osm_양양_154-신양양_154_2,0.002646,0.024083,0.019504,0.0,0.0,0.0,0.0,450,495,562,16.96,1
40067,40146,3,154osm_양양_154-신양양_154_3,0.002646,0.024083,0.019504,0.0,0.0,0.0,0.0,450,495,562,16.96,1
40067,40146,4,154osm_양양_154-신양양_154_4,0.002646,0.024083,0.019504,0.0,0.0,0.0,0.0,450,495,562,16.96,1
40404,40407,1,154osm_인제_154-양구_154_1,0.002636,0.023998,0.019435,0.0,0.0,0.0,0.0,450,495,562,16.9,1
40404,40407,2,154osm_인제_154-양구_154_2,0.002636,0.023998,0.019435,0.0,0.0,0.0,0.0,450,495,562,16.9,1
40404,40407,3,154osm_인제_154-양구_154_3,0.002636,0.023998,0.019435,0.0,0.0,0.0,0.0,450,495,562,16.9,1
40404,40407,4,154osm_인제_154-양구_154_4,0.002636,0.023998,0.019435,0.0,0.0,0.0,0.0,450,495,562,16.9,1
40110,40372,1,154osm_의령_154-이현_154_1,0.002671,0.02431,0.019688,0.0,0.0,0.0,0.0,450,495,562,17.12,1
40265,40271,1,154osm_보성_154-장흥_154_1,0.002697,0.024552,0.019883,0.0,0.0,0.0,0.0,450,495,562,17.29,1
40119,40429,1,154osm_서서울_154-남수원_154_1,0.002799,0.025475,0.020631,0.0,0.0,0.0,0.0,450,495,562,17.94,1
40119,40429,2,154osm_서서울_154-남수원_154_2,0.002799,0.025475,0.020631,0.0,0.0,0.0,0.0,450,495,562,17.94,1
40119,40429,3,154osm_서서울_154-남수원_154_3,0.002799,0.025475,0.020631,0.0,0.0,0.0,0.0,450,495,562,17.94,1
40119,40429,4,154osm_서서울_154-남수원_154_4,0.002799,0.025475,0.020631,0.0,0.0,0.0,0.0,450,495,562,17.94,1
40103,40527,1,154osm_영천_154-아화_154_1,0.00273,0.02485,0.020125,0.0,0.0,0.0,0.0,450,495,562,17.5,1
40103,40527,2,154osm_영천_154-아화_154_2,0.00273,0.02485,0.020125,0.0,0.0,0.0,0.0,450,495,562,17.5,1
40089,40134,1,154osm_신계룡_154-은진_154_1,0.002796,0.025446,0.020608,0.0,0.0,0.0,0.0,450,495,562,17.92,1
40089,40134,2,154osm_신계룡_154-은진_154_2,0.002796,0.025446,0.020608,0.0,0.0,0.0,0.0,450,495,562,17.92,1
40089,40134,3,154osm_신계룡_154-은진_154_3,0.002796,0.025446,0.020608,0.0,0.0,0.0,0.0,450,495,562,17.92,1
40089,40134,4,154osm_신계룡_154-은진_154_4,0.002796,0.025446,0.020608,0.0,0.0,0.0,0.0,450,495,562,17.92,1
40563,40564,1,154osm_산동_154-군위_154_1,0.002728,0.024836,0.020113,0.0,0.0,0.0,0.0,450,495,562,17.49,1
40563,40564,2,154osm_산동_154-군위_154_2,0.002728,0.024836,0.020113,0.0,0.0,0.0,0.0,450,495,562,17.49,1
40001,40597,1,154osm_순천T1_154-승주_154_1,0.00278,0.025304,0.020493,0.0,0.0,0.0,0.0,450,495,562,17.82,1
40183,40730,1,154osm_영광_154-정읍T3_154_1,0.002794,0.025432,0.020597,0.0,0.0,0.0,0.0,450,495,562,17.91,1
40183,40730,2,154osm_영광_154-정읍T3_154_2,0.002794,0.025432,0.020597,0.0,0.0,0.0,0.0,450,495,562,17.91,1
40183,40730,3,154osm_영광_154-정읍T3_154_3,0.002794,0.025432,0.020597,0.0,0.0,0.0,0.0,450,495,562,17.91,1
40183,40730,4,154osm_영광_154-정읍T3_154_4,0.002794,0.025432,0.020597,0.0,0.0,0.0,0.0,450,495,562,17.91,1
40097,40550,1,154osm_대구_154-자인_154_1,0.002792,0.025418,0.020585,0.0,0.0,0.0,0.0,450,495,562,17.9,1
40097,40550,2,154osm_대구_154-자인_154_2,0.002792,0.025418,0.020585,0.0,0.0,0.0,0.0,450,495,562,17.9,1
40097,40550,3,154osm_대구_154-자인_154_3,0.002792,0.025418,0.020585,0.0,0.0,0.0,0.0,450,495,562,17.9,1
40097,40550,4,154osm_대구_154-자인_154_4,0.002792,0.025418,0.020585,0.0,0.0,0.0,0.0,450,495,562,17.9,1
40051,40070,1,154osm_탕정_154-인주_154_1,0.002811,0.025588,0.020723,0.0,0.0,0.0,0.0,450,495,562,18.02,1
40051,40070,2,154osm_탕정_154-인주_154_2,0.002811,0.025588,0.020723,0.0,0.0,0.0,0.0,450,495,562,18.02,1
40229,40651,1,154osm_신충주_154-감곡_154_1,0.002842,0.025872,0.020953,0.0,0.0,0.0,0.0,450,495,562,18.22,1
40229,40651,2,154osm_신충주_154-감곡_154_2,0.002842,0.025872,0.020953,0.0,0.0,0.0,0.0,450,495,562,18.22,1
40132,40556,1,154osm_신영주_154-예천_154_1,0.002872,0.026142,0.021171,0.0,0.0,0.0,0.0,450,495,562,18.41,1
40132,40556,2,154osm_신영주_154-예천_154_2,0.002872,0.026142,0.021171,0.0,0.0,0.0,0.0,450,495,562,18.41,1
40132,40556,3,154osm_신영주_154-예천_154_3,0.002872,0.026142,0.021171,0.0,0.0,0.0,0.0,450,495,562,18.41,1
40132,40556,4,154osm_신영주_154-예천_154_4,0.002872,0.026142,0.021171,0.0,0.0,0.0,0.0,450,495,562,18.41,1
40305,40527,1,154osm_금호_154-아화_154_1,0.002839,0.025844,0.02093,0.0,0.0,0.0,0.0,450,495,562,18.2,1
40305,40527,2,154osm_금호_154-아화_154_2,0.002839,0.025844,0.02093,0.0,0.0,0.0,0.0,450,495,562,18.2,1
40305,40527,3,154osm_금호_154-아화_154_3,0.002839,0.025844,0.02093,0.0,0.0,0.0,0.0,450,495,562,18.2,1
40305,40527,4,154osm_금호_154-아화_154_4,0.002839,0.025844,0.02093,0.0,0.0,0.0,0.0,450,495,562,18.2,1
40143,40208,1,154osm_대송_154-상정_154_1,0.002875,0.026171,0.021194,0.0,0.0,0.0,0.0,450,495,562,18.43,1
40143,40208,2,154osm_대송_154-상정_154_2,0.002875,0.026171,0.021194,0.0,0.0,0.0,0.0,450,495,562,18.43,1
40361,40564,1,154osm_의성_154-군위_154_1,0.002883,0.026242,0.021252,0.0,0.0,0.0,0.0,450,495,562,18.48,1
40361,40564,2,154osm_의성_154-군위_154_2,0.002883,0.026242,0.021252,0.0,0.0,0.0,0.0,450,495,562,18.48,1
40055,40123,1,154osm_성거_154-신진천_154_1,0.002827,0.02573,0.020838,0.0,0.0,0.0,0.0,450,495,562,18.12,1
40055,40123,2,154osm_성거_154-신진천_154_2,0.002827,0.02573,0.020838,0.0,0.0,0.0,0.0,450,495,562,18.12,1
40055,40123,3,154osm_성거_154-신진천_154_3,0.002827,0.02573,0.020838,0.0,0.0,0.0,0.0,450,495,562,18.12,1
40055,40123,4,154osm_성거_154-신진천_154_4,0.002827,0.02573,0.020838,0.0,0.0,0.0,0.0,450,495,562,18.12,1
40148,40673,1,154osm_신제천_154-제천_154_1,0.002847,0.025915,0.020987,0.0,0.0,0.0,0.0,450,495,562,18.25,1
40148,40673,2,154osm_신제천_154-제천_154_2,0.002847,0.025915,0.020987,0.0,0.0,0.0,0.0,450,495,562,18.25,1
40101,40535,1,154osm_서대구_154-남구미_154_1,0.002856,0.026,0.021056,0.0,0.0,0.0,0.0,450,495,562,18.31,1
40101,40535,2,154osm_서대구_154-남구미_154_2,0.002856,0.026,0.021056,0.0,0.0,0.0,0.0,450,495,562,18.31,1
40101,40535,3,154osm_서대구_154-남구미_154_3,0.002856,0.026,0.021056,0.0,0.0,0.0,0.0,450,495,562,18.31,1
40101,40535,4,154osm_서대구_154-남구미_154_4,0.002856,0.026,0.021056,0.0,0.0,0.0,0.0,450,495,562,18.31,1
40684,40789,1,154osm_언양_154-산막_154_1,0.0029,0.026398,0.021378,0.0,0.0,0.0,0.0,450,495,562,18.59,1
40684,40789,2,154osm_언양_154-산막_154_2,0.0029,0.026398,0.021378,0.0,0.0,0.0,0.0,450,495,562,18.59,1
40067,40071,1,154osm_양양_154-속초_154_1,0.002867,0.0261,0.021137,0.0,0.0,0.0,0.0,450,495,562,18.38,1
40067,40071,2,154osm_양양_154-속초_154_2,0.002867,0.0261,0.021137,0.0,0.0,0.0,0.0,450,495,562,18.38,1
40272,40597,1,154osm_순천T2_154-승주_154_1,0.002967,0.027008,0.021873,0.0,0.0,0.0,0.0,450,495,562,19.02,1
40666,40675,1,154osm_북충주_154-왕암_154_1,0.002891,0.026313,0.02131,0.0,0.0,0.0,0.0,450,495,562,18.53,1
40666,40675,2,154osm_북충주_154-왕암_154_2,0.002891,0.026313,0.02131,0.0,0.0,0.0,0.0,450,495,562,18.53,1
40666,40675,3,154osm_북충주_154-왕암_154_3,0.002891,0.026313,0.02131,0.0,0.0,0.0,0.0,450,495,562,18.53,1
40666,40675,4,154osm_북충주_154-왕암_154_4,0.002891,0.026313,0.02131,0.0,0.0,0.0,0.0,450,495,562,18.53,1
40215,40218,1,154osm_남창_154-해남_154_1,0.0029,0.026398,0.021378,0.0,0.0,0.0,0.0,450,495,562,18.59,1
40215,40218,2,154osm_남창_154-해남_154_2,0.0029,0.026398,0.021378,0.0,0.0,0.0,0.0,450,495,562,18.59,1
40533,40566,1,154osm_어모_154-고아_154_1,0.002944,0.026795,0.021701,0.0,0.0,0.0,0.0,450,495,562,18.87,1
40533,40566,2,154osm_어모_154-고아_154_2,0.002944,0.026795,0.021701,0.0,0.0,0.0,0.0,450,495,562,18.87,1
40534,40535,1,154osm_농소_154-남구미_154_1,0.002962,0.026966,0.021838,0.0,0.0,0.0,0.0,450,495,562,18.99,1
40534,40535,2,154osm_농소_154-남구미_154_2,0.002962,0.026966,0.021838,0.0,0.0,0.0,0.0,450,495,562,18.99,1
40534,40535,3,154osm_농소_154-남구미_154_3,0.002962,0.026966,0.021838,0.0,0.0,0.0,0.0,450,495,562,18.99,1
40534,40535,4,154osm_농소_154-남구미_154_4,0.002962,0.026966,0.021838,0.0,0.0,0.0,0.0,450,495,562,18.99,1
40231,40665,1,154osm_풍동_154-충주_154_1,0.002978,0.027108,0.021954,0.0,0.0,0.0,0.0,450,495,562,19.09,1
40231,40665,2,154osm_풍동_154-충주_154_2,0.002978,0.027108,0.021954,0.0,0.0,0.0,0.0,450,495,562,19.09,1
40231,40665,3,154osm_풍동_154-충주_154_3,0.002978,0.027108,0.021954,0.0,0.0,0.0,0.0,450,495,562,19.09,1
40231,40665,4,154osm_풍동_154-충주_154_4,0.002978,0.027108,0.021954,0.0,0.0,0.0,0.0,450,495,562,19.09,1
40439,40441,1,154osm_안면_154-태안_154_1,0.00305,0.027761,0.022482,0.0,0.0,0.0,0.0,450,495,562,19.55,1
40439,40441,2,154osm_안면_154-태안_154_2,0.00305,0.027761,0.022482,0.0,0.0,0.0,0.0,450,495,562,19.55,1
40047,40213,1,154osm_거창_154-함양_154_1,0.003034,0.027619,0.022367,0.0,0.0,0.0,0.0,450,495,562,19.45,1
40047,40213,2,154osm_거창_154-함양_154_2,0.003034,0.027619,0.022367,0.0,0.0,0.0,0.0,450,495,562,19.45,1
40344,40643,1,154osm_부안_154-정주_154_1,0.003039,0.027662,0.022402,0.0,0.0,0.0,0.0,450,495,562,19.48,1
40344,40643,2,154osm_부안_154-정주_154_2,0.003039,0.027662,0.022402,0.0,0.0,0.0,0.0,450,495,562,19.48,1
40344,40643,3,154osm_부안_154-정주_154_3,0.003039,0.027662,0.022402,0.0,0.0,0.0,0.0,450,495,562,19.48,1
40344,40643,4,154osm_부안_154-정주_154_4,0.003039,0.027662,0.022402,0.0,0.0,0.0,0.0,450,495,562,19.48,1
40190,40622,1,154osm_강릉_154-횡계_154_1,0.003056,0.027818,0.022528,0.0,0.0,0.0,0.0,450,495,562,19.59,1
40190,40622,2,154osm_강릉_154-횡계_154_2,0.003056,0.027818,0.022528,0.0,0.0,0.0,0.0,450,495,562,19.59,1
40190,40622,3,154osm_강릉_154-횡계_154_3,0.003056,0.027818,0.022528,0.0,0.0,0.0,0.0,450,495,562,19.59,1
40190,40622,4,154osm_강릉_154-횡계_154_4,0.003056,0.027818,0.022528,0.0,0.0,0.0,0.0,450,495,562,19.59,1
40106,40233,1,154osm_신광주_154-장성_154_1,0.003092,0.028144,0.022793,0.0,0.0,0.0,0.0,450,495,562,19.82,1
40106,40233,2,154osm_신광주_154-장성_154_2,0.003092,0.028144,0.022793,0.0,0.0,0.0,0.0,450,495,562,19.82,1
40106,40233,3,154osm_신광주_154-장성_154_3,0.003092,0.028144,0.022793,0.0,0.0,0.0,0.0,450,495,562,19.82,1
40106,40233,4,154osm_신광주_154-장성_154_4,0.003092,0.028144,0.022793,0.0,0.0,0.0,0.0,450,495,562,19.82,1
40140,40603,1,154osm_신화순_154-매월_154_1,0.003098,0.028201,0.022839,0.0,0.0,0.0,0.0,450,495,562,19.86,1
40495,40496,1,154osm_금산_154-추부_154_1,0.003044,0.027704,0.022437,0.0,0.0,0.0,0.0,450,495,562,19.51,1
40495,40496,2,154osm_금산_154-추부_154_2,0.003044,0.027704,0.022437,0.0,0.0,0.0,0.0,450,495,562,19.51,1
40495,40496,3,154osm_금산_154-추부_154_3,0.003044,0.027704,0.022437,0.0,0.0,0.0,0.0,450,495,562,19.51,1
40495,40496,4,154osm_금산_154-추부_154_4,0.003044,0.027704,0.022437,0.0,0.0,0.0,0.0,450,495,562,19.51,1
40232,40650,1,154osm_음성_154-괴산_154_1,0.003157,0.028741,0.023276,0.0,0.0,0.0,0.0,450,495,562,20.24,1
40232,40650,2,154osm_음성_154-괴산_154_2,0.003157,0.028741,0.023276,0.0,0.0,0.0,0.0,450,495,562,20.24,1
40232,40650,3,154osm_음성_154-괴산_154_3,0.003157,0.028741,0.023276,0.0,0.0,0.0,0.0,450,495,562,20.24,1
40232,40650,4,154osm_음성_154-괴산_154_4,0.003157,0.028741,0.023276,0.0,0.0,0.0,0.0,450,495,562,20.24,1
40104,40199,1,154osm_진천_154-서운_154_1,0.003044,0.027704,0.022437,0.0,0.0,0.0,0.0,450,495,562,19.51,1
40104,40199,2,154osm_진천_154-서운_154_2,0.003044,0.027704,0.022437,0.0,0.0,0.0,0.0,450,495,562,19.51,1
40104,40199,3,154osm_진천_154-서운_154_3,0.003044,0.027704,0.022437,0.0,0.0,0.0,0.0,450,495,562,19.51,1
40104,40199,4,154osm_진천_154-서운_154_4,0.003044,0.027704,0.022437,0.0,0.0,0.0,0.0,450,495,562,19.51,1
40594,40616,1,154osm_율촌_154-화치_154_1,0.003126,0.028457,0.023046,0.0,0.0,0.0,0.0,450,495,562,20.04,1
40594,40616,2,154osm_율촌_154-화치_154_2,0.003126,0.028457,0.023046,0.0,0.0,0.0,0.0,450,495,562,20.04,1
40594,40616,3,154osm_율촌_154-화치_154_3,0.003126,0.028457,0.023046,0.0,0.0,0.0,0.0,450,495,562,20.04,1
40594,40616,4,154osm_율촌_154-화치_154_4,0.003126,0.028457,0.023046,0.0,0.0,0.0,0.0,450,495,562,20.04,1
40251,40512,1,154osm_거제_154-통영_154_1,0.003173,0.028883,0.023391,0.0,0.0,0.0,0.0,450,495,562,20.34,1
40251,40512,2,154osm_거제_154-통영_154_2,0.003173,0.028883,0.023391,0.0,0.0,0.0,0.0,450,495,562,20.34,1
40251,40512,3,154osm_거제_154-통영_154_3,0.003173,0.028883,0.023391,0.0,0.0,0.0,0.0,450,495,562,20.34,1
40251,40512,4,154osm_거제_154-통영_154_4,0.003173,0.028883,0.023391,0.0,0.0,0.0,0.0,450,495,562,20.34,1
40378,40514,1,154osm_사천_154-삼천포_154_1,0.003178,0.028925,0.023426,0.0,0.0,0.0,0.0,450,495,562,20.37,1
40248,40651,1,154osm_여주_154-감곡_154_1,0.003186,0.028996,0.023483,0.0,0.0,0.0,0.0,450,495,562,20.42,1
40248,40651,2,154osm_여주_154-감곡_154_2,0.003186,0.028996,0.023483,0.0,0.0,0.0,0.0,450,495,562,20.42,1
40248,40651,3,154osm_여주_154-감곡_154_3,0.003186,0.028996,0.023483,0.0,0.0,0.0,0.0,450,495,562,20.42,1
40248,40651,4,154osm_여주_154-감곡_154_4,0.003186,0.028996,0.023483,0.0,0.0,0.0,0.0,450,495,562,20.42,1
40143,40526,1,154osm_대송_154-양북_154_1,0.003182,0.028968,0.02346,0.0,0.0,0.0,0.0,450,495,562,20.4,1
40143,40526,2,154osm_대송_154-양북_154_2,0.003182,0.028968,0.02346,0.0,0.0,0.0,0.0,450,495,562,20.4,1
40498,40716,1,154osm_대산_154-성연_154_1,0.003209,0.029209,0.023655,0.0,0.0,0.0,0.0,450,495,562,20.57,1
40498,40716,2,154osm_대산_154-성연_154_2,0.003209,0.029209,0.023655,0.0,0.0,0.0,0.0,450,495,562,20.57,1
40317,40425,1,154osm_신의정부_154-내촌_154_1,0.003239,0.029479,0.023874,0.0,0.0,0.0,0.0,450,495,562,20.76,1
40317,40425,2,154osm_신의정부_154-내촌_154_2,0.003239,0.029479,0.023874,0.0,0.0,0.0,0.0,450,495,562,20.76,1
40217,40559,1,154osm_상주_154-청리_154_1,0.003232,0.029422,0.023828,0.0,0.0,0.0,0.0,450,495,562,20.72,1
40217,40559,2,154osm_상주_154-청리_154_2,0.003232,0.029422,0.023828,0.0,0.0,0.0,0.0,450,495,562,20.72,1
40217,40559,3,154osm_상주_154-청리_154_3,0.003232,0.029422,0.023828,0.0,0.0,0.0,0.0,450,495,562,20.72,1
40217,40559,4,154osm_상주_154-청리_154_4,0.003232,0.029422,0.023828,0.0,0.0,0.0,0.0,450,495,562,20.72,1
40291,40498,1,154osm_서산_154-대산_154_1,0.003237,0.029465,0.023862,0.0,0.0,0.0,0.0,450,495,562,20.75,1
40291,40498,2,154osm_서산_154-대산_154_2,0.003237,0.029465,0.023862,0.0,0.0,0.0,0.0,450,495,562,20.75,1
40050,40093,1,154osm_청양_154-관창_154_1,0.003226,0.029366,0.023782,0.0,0.0,0.0,0.0,450,495,562,20.68,1
40050,40093,2,154osm_청양_154-관창_154_2,0.003226,0.029366,0.023782,0.0,0.0,0.0,0.0,450,495,562,20.68,1
40381,40389,1,154osm_남면_154-백학_154_1,0.003292,0.029962,0.024265,0.0,0.0,0.0,0.0,450,495,562,21.1,1
40381,40389,2,154osm_남면_154-백학_154_2,0.003292,0.029962,0.024265,0.0,0.0,0.0,0.0,450,495,562,21.1,1
40381,40389,3,154osm_남면_154-백학_154_3,0.003292,0.029962,0.024265,0.0,0.0,0.0,0.0,450,495,562,21.1,1
40381,40389,4,154osm_남면_154-백학_154_4,0.003292,0.029962,0.024265,0.0,0.0,0.0,0.0,450,495,562,21.1,1
40229,40232,1,154osm_신충주_154-음성_154_1,0.003264,0.029706,0.024058,0.0,0.0,0.0,0.0,450,495,562,20.92,1
40229,40232,2,154osm_신충주_154-음성_154_2,0.003264,0.029706,0.024058,0.0,0.0,0.0,0.0,450,495,562,20.92,1
40229,40232,3,154osm_신충주_154-음성_154_3,0.003264,0.029706,0.024058,0.0,0.0,0.0,0.0,450,495,562,20.92,1
40229,40232,4,154osm_신충주_154-음성_154_4,0.003264,0.029706,0.024058,0.0,0.0,0.0,0.0,450,495,562,20.92,1
40078,40285,1,154osm_노포_154-양산T3_154_1,0.003306,0.03009,0.024369,0.0,0.0,0.0,0.0,450,495,562,21.19,1
40078,40285,2,154osm_노포_154-양산T3_154_2,0.003306,0.03009,0.024369,0.0,0.0,0.0,0.0,450,495,562,21.19,1
40218,40280,1,154osm_해남_154-강진_154_1,0.003274,0.029806,0.024138,0.0,0.0,0.0,0.0,450,495,562,20.99,1
40218,40280,2,154osm_해남_154-강진_154_2,0.003274,0.029806,0.024138,0.0,0.0,0.0,0.0,450,495,562,20.99,1
40164,40169,1,154osm_창녕_154-밀양T1_154_1,0.003331,0.030317,0.024553,0.0,0.0,0.0,0.0,450,495,562,21.35,1
40164,40169,2,154osm_창녕_154-밀양T1_154_2,0.003331,0.030317,0.024553,0.0,0.0,0.0,0.0,450,495,562,21.35,1
40164,40169,3,154osm_창녕_154-밀양T1_154_3,0.003331,0.030317,0.024553,0.0,0.0,0.0,0.0,450,495,562,21.35,1
40164,40169,4,154osm_창녕_154-밀양T1_154_4,0.003331,0.030317,0.024553,0.0,0.0,0.0,0.0,450,495,562,21.35,1
40301,40648,1,154osm_태백_154-고한_154_1,0.003323,0.030246,0.024495,0.0,0.0,0.0,0.0,450,495,562,21.3,1
40301,40648,2,154osm_태백_154-고한_154_2,0.003323,0.030246,0.024495,0.0,0.0,0.0,0.0,450,495,562,21.3,1
40141,40424,1,154osm_운천_154-전곡_154_1,0.003334,0.030345,0.024576,0.0,0.0,0.0,0.0,450,495,562,21.37,1
40141,40424,2,154osm_운천_154-전곡_154_2,0.003334,0.030345,0.024576,0.0,0.0,0.0,0.0,450,495,562,21.37,1
40141,40424,3,154osm_운천_154-전곡_154_3,0.003334,0.030345,0.024576,0.0,0.0,0.0,0.0,450,495,562,21.37,1
40141,40424,4,154osm_운천_154-전곡_154_4,0.003334,0.030345,0.024576,0.0,0.0,0.0,0.0,450,495,562,21.37,1
40110,40371,1,154osm_의령_154-동진주_154_1,0.003365,0.030629,0.024806,0.0,0.0,0.0,0.0,450,495,562,21.57,1
40110,40371,2,154osm_의령_154-동진주_154_2,0.003365,0.030629,0.024806,0.0,0.0,0.0,0.0,450,495,562,21.57,1
40258,40557,1,154osm_봉화_154-영주_154_1,0.00331,0.030132,0.024403,0.0,0.0,0.0,0.0,450,495,562,21.22,1
40258,40557,2,154osm_봉화_154-영주_154_2,0.00331,0.030132,0.024403,0.0,0.0,0.0,0.0,450,495,562,21.22,1
40235,40279,1,154osm_나주_154-영암_154_1,0.003387,0.030828,0.024966,0.0,0.0,0.0,0.0,450,495,562,21.71,1
40297,40298,1,154osm_화원_154-진도_154_1,0.003451,0.03141,0.025438,0.0,0.0,0.0,0.0,450,495,562,22.12,1
40297,40298,2,154osm_화원_154-진도_154_2,0.003451,0.03141,0.025438,0.0,0.0,0.0,0.0,450,495,562,22.12,1
40297,40298,3,154osm_화원_154-진도_154_3,0.003451,0.03141,0.025438,0.0,0.0,0.0,0.0,450,495,562,22.12,1
40297,40298,4,154osm_화원_154-진도_154_4,0.003451,0.03141,0.025438,0.0,0.0,0.0,0.0,450,495,562,22.12,1
40218,40802,1,154osm_해남_154-신강진_154_1,0.003443,0.031339,0.025381,0.0,0.0,0.0,0.0,450,495,562,22.07,1
40218,40802,2,154osm_해남_154-신강진_154_2,0.003443,0.031339,0.025381,0.0,0.0,0.0,0.0,450,495,562,22.07,1
40216,40558,1,154osm_점촌_154-문경_154_1,0.003444,0.031354,0.025392,0.0,0.0,0.0,0.0,450,495,562,22.08,1
40216,40558,2,154osm_점촌_154-문경_154_2,0.003444,0.031354,0.025392,0.0,0.0,0.0,0.0,450,495,562,22.08,1
40216,40558,3,154osm_점촌_154-문경_154_3,0.003444,0.031354,0.025392,0.0,0.0,0.0,0.0,450,495,562,22.08,1
40493,40510,1,154osm_옥산_154-장항_154_1,0.003448,0.031382,0.025415,0.0,0.0,0.0,0.0,450,495,562,22.1,1
40493,40510,2,154osm_옥산_154-장항_154_2,0.003448,0.031382,0.025415,0.0,0.0,0.0,0.0,450,495,562,22.1,1
40493,40510,3,154osm_옥산_154-장항_154_3,0.003448,0.031382,0.025415,0.0,0.0,0.0,0.0,450,495,562,22.1,1
40493,40510,4,154osm_옥산_154-장항_154_4,0.003448,0.031382,0.025415,0.0,0.0,0.0,0.0,450,495,562,22.1,1
40067,40403,1,154osm_양양_154-주문진_154_1,0.003454,0.031439,0.025461,0.0,0.0,0.0,0.0,450,495,562,22.14,1
40067,40403,2,154osm_양양_154-주문진_154_2,0.003454,0.031439,0.025461,0.0,0.0,0.0,0.0,450,495,562,22.14,1
40067,40403,3,154osm_양양_154-주문진_154_3,0.003454,0.031439,0.025461,0.0,0.0,0.0,0.0,450,495,562,22.14,1
40067,40403,4,154osm_양양_154-주문진_154_4,0.003454,0.031439,0.025461,0.0,0.0,0.0,0.0,450,495,562,22.14,1
40495,40632,1,154osm_금산_154-무주_154_1,0.00344,0.031311,0.025358,0.0,0.0,0.0,0.0,450,495,562,22.05,1
40495,40632,2,154osm_금산_154-무주_154_2,0.00344,0.031311,0.025358,0.0,0.0,0.0,0.0,450,495,562,22.05,1
40495,40632,3,154osm_금산_154-무주_154_3,0.00344,0.031311,0.025358,0.0,0.0,0.0,0.0,450,495,562,22.05,1
40495,40632,4,154osm_금산_154-무주_154_4,0.00344,0.031311,0.025358,0.0,0.0,0.0,0.0,450,495,562,22.05,1
40348,40561,1,154osm_선산_154-안계_154_1,0.003491,0.03178,0.025737,0.0,0.0,0.0,0.0,450,495,562,22.38,1
40348,40561,2,154osm_선산_154-안계_154_2,0.003491,0.03178,0.025737,0.0,0.0,0.0,0.0,450,495,562,22.38,1
40109,40636,1,154osm_신김제_154-동전주_154_1,0.003508,0.031936,0.025863,0.0,0.0,0.0,0.0,450,495,562,22.49,1
40109,40636,2,154osm_신김제_154-동전주_154_2,0.003508,0.031936,0.025863,0.0,0.0,0.0,0.0,450,495,562,22.49,1
40109,40636,3,154osm_신김제_154-동전주_154_3,0.003508,0.031936,0.025863,0.0,0.0,0.0,0.0,450,495,562,22.49,1
40109,40636,4,154osm_신김제_154-동전주_154_4,0.003508,0.031936,0.025863,0.0,0.0,0.0,0.0,450,495,562,22.49,1
40148,40349,1,154osm_신제천_154-영월_154_1,0.003557,0.032376,0.02622,0.0,0.0,0.0,0.0,450,495,562,22.8,1
40148,40349,2,154osm_신제천_154-영월_154_2,0.003557,0.032376,0.02622,0.0,0.0,0.0,0.0,450,495,562,22.8,1
40291,40441,1,154osm_서산_154-태안_154_1,0.003544,0.032262,0.026128,0.0,0.0,0.0,0.0,450,495,562,22.72,1
40291,40441,2,154osm_서산_154-태안_154_2,0.003544,0.032262,0.026128,0.0,0.0,0.0,0.0,450,495,562,22.72,1
40291,40441,3,154osm_서산_154-태안_154_3,0.003544,0.032262,0.026128,0.0,0.0,0.0,0.0,450,495,562,22.72,1
40291,40441,4,154osm_서산_154-태안_154_4,0.003544,0.032262,0.026128,0.0,0.0,0.0,0.0,450,495,562,22.72,1
40408,40466,1,154osm_문막_154-지제_154_1,0.003518,0.032021,0.025933,0.0,0.0,0.0,0.0,450,495,562,22.55,1
40408,40466,2,154osm_문막_154-지제_154_2,0.003518,0.032021,0.025933,0.0,0.0,0.0,0.0,450,495,562,22.55,1
40172,40381,1,154osm_신포천_154-남면_154_1,0.003577,0.032561,0.02637,0.0,0.0,0.0,0.0,450,495,562,22.93,1
40172,40381,2,154osm_신포천_154-남면_154_2,0.003577,0.032561,0.02637,0.0,0.0,0.0,0.0,450,495,562,22.93,1
40172,40381,3,154osm_신포천_154-남면_154_3,0.003577,0.032561,0.02637,0.0,0.0,0.0,0.0,450,495,562,22.93,1
40172,40381,4,154osm_신포천_154-남면_154_4,0.003577,0.032561,0.02637,0.0,0.0,0.0,0.0,450,495,562,22.93,1
40637,40638,1,154osm_임실_154-남원_154_1,0.003585,0.032632,0.026427,0.0,0.0,0.0,0.0,450,495,562,22.98,1
40637,40638,2,154osm_임실_154-남원_154_2,0.003585,0.032632,0.026427,0.0,0.0,0.0,0.0,450,495,562,22.98,1
40110,40374,1,154osm_의령_154-산청_154_1,0.003563,0.032433,0.026266,0.0,0.0,0.0,0.0,450,495,562,22.84,1
40110,40374,2,154osm_의령_154-산청_154_2,0.003563,0.032433,0.026266,0.0,0.0,0.0,0.0,450,495,562,22.84,1
40349,40659,1,154osm_영월_154-단양_154_1,0.003616,0.032916,0.026657,0.0,0.0,0.0,0.0,450,495,562,23.18,1
40349,40659,2,154osm_영월_154-단양_154_2,0.003616,0.032916,0.026657,0.0,0.0,0.0,0.0,450,495,562,23.18,1
40250,40651,1,154osm_가남_154-감곡_154_1,0.003683,0.033526,0.027151,0.0,0.0,0.0,0.0,450,495,562,23.61,1
40250,40651,2,154osm_가남_154-감곡_154_2,0.003683,0.033526,0.027151,0.0,0.0,0.0,0.0,450,495,562,23.61,1
40115,40399,1,154osm_공주_154-신풍_154_1,0.003761,0.034236,0.027726,0.0,0.0,0.0,0.0,450,495,562,24.11,1
40115,40399,2,154osm_공주_154-신풍_154_2,0.003761,0.034236,0.027726,0.0,0.0,0.0,0.0,450,495,562,24.11,1
40115,40399,3,154osm_공주_154-신풍_154_3,0.003761,0.034236,0.027726,0.0,0.0,0.0,0.0,450,495,562,24.11,1
40115,40399,4,154osm_공주_154-신풍_154_4,0.003761,0.034236,0.027726,0.0,0.0,0.0,0.0,450,495,562,24.11,1
40105,40328,1,154osm_청원_154-청주_154_1,0.00371,0.033768,0.027347,0.0,0.0,0.0,0.0,450,495,562,23.78,1
40105,40328,2,154osm_청원_154-청주_154_2,0.00371,0.033768,0.027347,0.0,0.0,0.0,0.0,450,495,562,23.78,1
40105,40328,3,154osm_청원_154-청주_154_3,0.00371,0.033768,0.027347,0.0,0.0,0.0,0.0,450,495,562,23.78,1
40105,40328,4,154osm_청원_154-청주_154_4,0.00371,0.033768,0.027347,0.0,0.0,0.0,0.0,450,495,562,23.78,1
40274,40619,1,154osm_목포_154-엄다_154_1,0.003678,0.033484,0.027117,0.0,0.0,0.0,0.0,450,495,562,23.58,1
40231,40232,1,154osm_풍동_154-음성_154_1,0.003713,0.033796,0.02737,0.0,0.0,0.0,0.0,450,495,562,23.8,1
40231,40232,2,154osm_풍동_154-음성_154_2,0.003713,0.033796,0.02737,0.0,0.0,0.0,0.0,450,495,562,23.8,1
40231,40232,3,154osm_풍동_154-음성_154_3,0.003713,0.033796,0.02737,0.0,0.0,0.0,0.0,450,495,562,23.8,1
40231,40232,4,154osm_풍동_154-음성_154_4,0.003713,0.033796,0.02737,0.0,0.0,0.0,0.0,450,495,562,23.8,1
40214,40336,1,154osm_고성_154-신고성_154_1,0.003736,0.034009,0.027542,0.0,0.0,0.0,0.0,450,495,562,23.95,1
40597,40621,1,154osm_승주_154-화순_154_1,0.003719,0.033853,0.027416,0.0,0.0,0.0,0.0,450,495,562,23.84,1
40597,40621,2,154osm_승주_154-화순_154_2,0.003719,0.033853,0.027416,0.0,0.0,0.0,0.0,450,495,562,23.84,1
40182,40563,1,154osm_칠곡_154-산동_154_1,0.003803,0.03462,0.028037,0.0,0.0,0.0,0.0,450,495,562,24.38,1
40182,40563,2,154osm_칠곡_154-산동_154_2,0.003803,0.03462,0.028037,0.0,0.0,0.0,0.0,450,495,562,24.38,1
40277,40669,1,154osm_영동_154-보은_154_1,0.003763,0.03425,0.027738,0.0,0.0,0.0,0.0,450,495,562,24.12,1
40213,40374,1,154osm_함양_154-산청_154_1,0.003822,0.03479,0.028175,0.0,0.0,0.0,0.0,450,495,562,24.5,1
40213,40374,2,154osm_함양_154-산청_154_2,0.003822,0.03479,0.028175,0.0,0.0,0.0,0.0,450,495,562,24.5,1
40232,40651,1,154osm_음성_154-감곡_154_1,0.003783,0.034435,0.027887,0.0,0.0,0.0,0.0,450,495,562,24.25,1
40232,40651,2,154osm_음성_154-감곡_154_2,0.003783,0.034435,0.027887,0.0,0.0,0.0,0.0,450,495,562,24.25,1
40232,40651,3,154osm_음성_154-감곡_154_3,0.003783,0.034435,0.027887,0.0,0.0,0.0,0.0,450,495,562,24.25,1
40232,40651,4,154osm_음성_154-감곡_154_4,0.003783,0.034435,0.027887,0.0,0.0,0.0,0.0,450,495,562,24.25,1
40274,40803,1,154osm_목포_154-대불_154_1,0.003872,0.035244,0.028543,0.0,0.0,0.0,0.0,450,495,562,24.82,1
40669,40677,1,154osm_보은_154-옥천2_154_1,0.003839,0.034946,0.028302,0.0,0.0,0.0,0.0,450,495,562,24.61,1
40669,40677,2,154osm_보은_154-옥천2_154_2,0.003839,0.034946,0.028302,0.0,0.0,0.0,0.0,450,495,562,24.61,1
40669,40677,3,154osm_보은_154-옥천2_154_3,0.003839,0.034946,0.028302,0.0,0.0,0.0,0.0,450,495,562,24.61,1
40669,40677,4,154osm_보은_154-옥천2_154_4,0.003839,0.034946,0.028302,0.0,0.0,0.0,0.0,450,495,562,24.61,1
40241,40493,1,154osm_논산_154-옥산_154_1,0.003819,0.034762,0.028152,0.0,0.0,0.0,0.0,450,495,562,24.48,1
40241,40493,2,154osm_논산_154-옥산_154_2,0.003819,0.034762,0.028152,0.0,0.0,0.0,0.0,450,495,562,24.48,1
40623,40625,1,154osm_올림픽_154-평창_154_1,0.003847,0.035017,0.028359,0.0,0.0,0.0,0.0,450,495,562,24.66,1
40623,40625,2,154osm_올림픽_154-평창_154_2,0.003847,0.035017,0.028359,0.0,0.0,0.0,0.0,450,495,562,24.66,1
40047,40373,1,154osm_거창_154-합천_154_1,0.003866,0.035188,0.028497,0.0,0.0,0.0,0.0,450,495,562,24.78,1
40047,40373,2,154osm_거창_154-합천_154_2,0.003866,0.035188,0.028497,0.0,0.0,0.0,0.0,450,495,562,24.78,1
40151,40467,1,154osm_곤지암_154-용문_154_1,0.003856,0.035102,0.028428,0.0,0.0,0.0,0.0,450,495,562,24.72,1
40151,40467,2,154osm_곤지암_154-용문_154_2,0.003856,0.035102,0.028428,0.0,0.0,0.0,0.0,450,495,562,24.72,1
40151,40467,3,154osm_곤지암_154-용문_154_3,0.003856,0.035102,0.028428,0.0,0.0,0.0,0.0,450,495,562,24.72,1
40151,40467,4,154osm_곤지암_154-용문_154_4,0.003856,0.035102,0.028428,0.0,0.0,0.0,0.0,450,495,562,24.72,1
40050,40396,1,154osm_청양_154-은하_154_1,0.003905,0.035543,0.028785,0.0,0.0,0.0,0.0,450,495,562,25.03,1
40050,40396,2,154osm_청양_154-은하_154_2,0.003905,0.035543,0.028785,0.0,0.0,0.0,0.0,450,495,562,25.03,1
40050,40396,3,154osm_청양_154-은하_154_3,0.003905,0.035543,0.028785,0.0,0.0,0.0,0.0,450,495,562,25.03,1
40050,40396,4,154osm_청양_154-은하_154_4,0.003905,0.035543,0.028785,0.0,0.0,0.0,0.0,450,495,562,25.03,1
40109,40653,1,154osm_신김제_154-정공_154_1,0.003956,0.036011,0.029164,0.0,0.0,0.0,0.0,450,495,562,25.36,1
40109,40653,2,154osm_신김제_154-정공_154_2,0.003956,0.036011,0.029164,0.0,0.0,0.0,0.0,450,495,562,25.36,1
40109,40653,3,154osm_신김제_154-정공_154_3,0.003956,0.036011,0.029164,0.0,0.0,0.0,0.0,450,495,562,25.36,1
40109,40653,4,154osm_신김제_154-정공_154_4,0.003956,0.036011,0.029164,0.0,0.0,0.0,0.0,450,495,562,25.36,1
40624,40631,1,154osm_주진_154-둔내_154_1,0.003933,0.035798,0.028991,0.0,0.0,0.0,0.0,450,495,562,25.21,1
40624,40631,2,154osm_주진_154-둔내_154_2,0.003933,0.035798,0.028991,0.0,0.0,0.0,0.0,450,495,562,25.21,1
40405,40423,1,154osm_홍천_154-남춘천_154_1,0.003942,0.035883,0.02906,0.0,0.0,0.0,0.0,450,495,562,25.27,1
40405,40423,2,154osm_홍천_154-남춘천_154_2,0.003942,0.035883,0.02906,0.0,0.0,0.0,0.0,450,495,562,25.27,1
40405,40423,3,154osm_홍천_154-남춘천_154_3,0.003942,0.035883,0.02906,0.0,0.0,0.0,0.0,450,495,562,25.27,1
40405,40423,4,154osm_홍천_154-남춘천_154_4,0.003942,0.035883,0.02906,0.0,0.0,0.0,0.0,450,495,562,25.27,1
40642,40643,1,154osm_고창_154-정주_154_1,0.004028,0.036664,0.029693,0.0,0.0,0.0,0.0,450,495,562,25.82,1
40642,40643,2,154osm_고창_154-정주_154_2,0.004028,0.036664,0.029693,0.0,0.0,0.0,0.0,450,495,562,25.82,1
40642,40643,3,154osm_고창_154-정주_154_3,0.004028,0.036664,0.029693,0.0,0.0,0.0,0.0,450,495,562,25.82,1
40642,40643,4,154osm_고창_154-정주_154_4,0.004028,0.036664,0.029693,0.0,0.0,0.0,0.0,450,495,562,25.82,1
40395,40646,1,154osm_동영월_154-정선_154_1,0.004047,0.036835,0.029831,0.0,0.0,0.0,0.0,450,495,562,25.94,1
40395,40646,2,154osm_동영월_154-정선_154_2,0.004047,0.036835,0.029831,0.0,0.0,0.0,0.0,450,495,562,25.94,1
40264,40265,1,154osm_벌교_154-보성_154_1,0.004106,0.037374,0.030268,0.0,0.0,0.0,0.0,450,495,562,26.32,1
40385,40736,1,154osm_가평_154-춘천T1_154_1,0.004192,0.038155,0.030901,0.0,0.0,0.0,0.0,450,495,562,26.87,1
40385,40736,2,154osm_가평_154-춘천T1_154_2,0.004192,0.038155,0.030901,0.0,0.0,0.0,0.0,450,495,562,26.87,1
40802,40803,1,154osm_신강진_154-대불_154_1,0.004173,0.037985,0.030762,0.0,0.0,0.0,0.0,450,495,562,26.75,1
40802,40803,2,154osm_신강진_154-대불_154_2,0.004173,0.037985,0.030762,0.0,0.0,0.0,0.0,450,495,562,26.75,1
40113,40211,1,154osm_광양_154-하동_154_1,0.004215,0.038368,0.031073,0.0,0.0,0.0,0.0,450,495,562,27.02,1
40113,40211,2,154osm_광양_154-하동_154_2,0.004215,0.038368,0.031073,0.0,0.0,0.0,0.0,450,495,562,27.02,1
40113,40211,3,154osm_광양_154-하동_154_3,0.004215,0.038368,0.031073,0.0,0.0,0.0,0.0,450,495,562,27.02,1
40113,40211,4,154osm_광양_154-하동_154_4,0.004215,0.038368,0.031073,0.0,0.0,0.0,0.0,450,495,562,27.02,1
40206,40207,1,154osm_밀양_154-청도_154_1,0.004271,0.03888,0.031487,0.0,0.0,0.0,0.0,450,495,562,27.38,1
40206,40207,2,154osm_밀양_154-청도_154_2,0.004271,0.03888,0.031487,0.0,0.0,0.0,0.0,450,495,562,27.38,1
40132,40453,1,154osm_신영주_154-안동_154_1,0.004265,0.038823,0.031441,0.0,0.0,0.0,0.0,450,495,562,27.34,1
40132,40453,2,154osm_신영주_154-안동_154_2,0.004265,0.038823,0.031441,0.0,0.0,0.0,0.0,450,495,562,27.34,1
40132,40453,3,154osm_신영주_154-안동_154_3,0.004265,0.038823,0.031441,0.0,0.0,0.0,0.0,450,495,562,27.34,1
40132,40453,4,154osm_신영주_154-안동_154_4,0.004265,0.038823,0.031441,0.0,0.0,0.0,0.0,450,495,562,27.34,1
40397,40400,1,154osm_해미_154-홍성_154_1,0.004301,0.039149,0.031705,0.0,0.0,0.0,0.0,450,495,562,27.57,1
40397,40400,2,154osm_해미_154-홍성_154_2,0.004301,0.039149,0.031705,0.0,0.0,0.0,0.0,450,495,562,27.57,1
40397,40400,3,154osm_해미_154-홍성_154_3,0.004301,0.039149,0.031705,0.0,0.0,0.0,0.0,450,495,562,27.57,1
40397,40400,4,154osm_해미_154-홍성_154_4,0.004301,0.039149,0.031705,0.0,0.0,0.0,0.0,450,495,562,27.57,1
40422,40737,1,154osm_서홍천_154-춘천T2_154_1,0.004507,0.041024,0.033224,0.0,0.0,0.0,0.0,450,495,562,28.89,1
40422,40737,2,154osm_서홍천_154-춘천T2_154_2,0.004507,0.041024,0.033224,0.0,0.0,0.0,0.0,450,495,562,28.89,1
40422,40737,3,154osm_서홍천_154-춘천T2_154_3,0.004507,0.041024,0.033224,0.0,0.0,0.0,0.0,450,495,562,28.89,1
40422,40737,4,154osm_서홍천_154-춘천T2_154_4,0.004507,0.041024,0.033224,0.0,0.0,0.0,0.0,450,495,562,28.89,1
40214,40734,1,154osm_고성_154-거제T1_154_1,0.004494,0.04091,0.033132,0.0,0.0,0.0,0.0,450,495,562,28.81,1
40214,40734,2,154osm_고성_154-거제T1_154_2,0.004494,0.04091,0.033132,0.0,0.0,0.0,0.0,450,495,562,28.81,1
40148,40630,1,154osm_신제천_154-남원주_154_1,0.004633,0.042174,0.034155,0.0,0.0,0.0,0.0,450,495,562,29.7,1
40229,40666,1,154osm_신충주_154-북충주_154_1,0.004602,0.04189,0.033925,0.0,0.0,0.0,0.0,450,495,562,29.5,1
40229,40666,2,154osm_신충주_154-북충주_154_2,0.004602,0.04189,0.033925,0.0,0.0,0.0,0.0,450,495,562,29.5,1
40229,40666,3,154osm_신충주_154-북충주_154_3,0.004602,0.04189,0.033925,0.0,0.0,0.0,0.0,450,495,562,29.5,1
40229,40666,4,154osm_신충주_154-북충주_154_4,0.004602,0.04189,0.033925,0.0,0.0,0.0,0.0,450,495,562,29.5,1
40469,40474,1,154osm_영덕_154-진보_154_1,0.004636,0.042202,0.034178,0.0,0.0,0.0,0.0,450,495,562,29.72,1
40469,40474,2,154osm_영덕_154-진보_154_2,0.004636,0.042202,0.034178,0.0,0.0,0.0,0.0,450,495,562,29.72,1
40469,40474,3,154osm_영덕_154-진보_154_3,0.004636,0.042202,0.034178,0.0,0.0,0.0,0.0,450,495,562,29.72,1
40469,40474,4,154osm_영덕_154-진보_154_4,0.004636,0.042202,0.034178,0.0,0.0,0.0,0.0,450,495,562,29.72,1
40405,40420,1,154osm_홍천_154-춘천_154_1,0.00468,0.0426,0.0345,0.0,0.0,0.0,0.0,450,495,562,30.0,1
40405,40420,2,154osm_홍천_154-춘천_154_2,0.00468,0.0426,0.0345,0.0,0.0,0.0,0.0,450,495,562,30.0,1
40405,40420,3,154osm_홍천_154-춘천_154_3,0.00468,0.0426,0.0345,0.0,0.0,0.0,0.0,450,495,562,30.0,1
40405,40420,4,154osm_홍천_154-춘천_154_4,0.00468,0.0426,0.0345,0.0,0.0,0.0,0.0,450,495,562,30.0,1
40235,40619,1,154osm_나주_154-엄다_154_1,0.004682,0.042614,0.034512,0.0,0.0,0.0,0.0,450,495,562,30.01,1
40645,40649,1,154osm_이원_154-도계_154_1,0.004744,0.043182,0.034972,0.0,0.0,0.0,0.0,450,495,562,30.41,1
40645,40649,2,154osm_이원_154-도계_154_2,0.004744,0.043182,0.034972,0.0,0.0,0.0,0.0,450,495,562,30.41,1
40304,40550,1,154osm_경산_154-자인_154_1,0.0048,0.043693,0.035386,0.0,0.0,0.0,0.0,450,495,562,30.77,1
40304,40550,2,154osm_경산_154-자인_154_2,0.0048,0.043693,0.035386,0.0,0.0,0.0,0.0,450,495,562,30.77,1
40304,40550,3,154osm_경산_154-자인_154_3,0.0048,0.043693,0.035386,0.0,0.0,0.0,0.0,450,495,562,30.77,1
40304,40550,4,154osm_경산_154-자인_154_4,0.0048,0.043693,0.035386,0.0,0.0,0.0,0.0,450,495,562,30.77,1
40513,40515,1,154osm_진동_154-안정_154_1,0.004839,0.044048,0.035673,0.0,0.0,0.0,0.0,450,495,562,31.02,1
40216,40556,1,154osm_점촌_154-예천_154_1,0.004909,0.044687,0.036191,0.0,0.0,0.0,0.0,450,495,562,31.47,1
40216,40556,2,154osm_점촌_154-예천_154_2,0.004909,0.044687,0.036191,0.0,0.0,0.0,0.0,450,495,562,31.47,1
40216,40556,3,154osm_점촌_154-예천_154_3,0.004909,0.044687,0.036191,0.0,0.0,0.0,0.0,450,495,562,31.47,1
40216,40556,4,154osm_점촌_154-예천_154_4,0.004909,0.044687,0.036191,0.0,0.0,0.0,0.0,450,495,562,31.47,1
40211,40212,1,154osm_하동_154-남해_154_1,0.004923,0.044815,0.036294,0.0,0.0,0.0,0.0,450,495,562,31.56,1
40211,40212,2,154osm_하동_154-남해_154_2,0.004923,0.044815,0.036294,0.0,0.0,0.0,0.0,450,495,562,31.56,1
40211,40212,3,154osm_하동_154-남해_154_3,0.004923,0.044815,0.036294,0.0,0.0,0.0,0.0,450,495,562,31.56,1
40211,40212,4,154osm_하동_154-남해_154_4,0.004923,0.044815,0.036294,0.0,0.0,0.0,0.0,450,495,562,31.56,1
40190,40739,1,154osm_강릉_154-한라시멘트_154_1,0.004897,0.044574,0.036098,0.0,0.0,0.0,0.0,450,495,562,31.39,1
40190,40739,2,154osm_강릉_154-한라시멘트_154_2,0.004897,0.044574,0.036098,0.0,0.0,0.0,0.0,450,495,562,31.39,1
40190,40739,3,154osm_강릉_154-한라시멘트_154_3,0.004897,0.044574,0.036098,0.0,0.0,0.0,0.0,450,495,562,31.39,1
40190,40739,4,154osm_강릉_154-한라시멘트_154_4,0.004897,0.044574,0.036098,0.0,0.0,0.0,0.0,450,495,562,31.39,1
40291,40397,1,154osm_서산_154-해미_154_1,0.004995,0.045468,0.036823,0.0,0.0,0.0,0.0,450,495,562,32.02,1
40291,40397,2,154osm_서산_154-해미_154_2,0.004995,0.045468,0.036823,0.0,0.0,0.0,0.0,450,495,562,32.02,1
40318,40405,1,154osm_횡성_154-홍천_154_1,0.005111,0.046519,0.037674,0.0,0.0,0.0,0.0,450,495,562,32.76,1
40318,40405,2,154osm_횡성_154-홍천_154_2,0.005111,0.046519,0.037674,0.0,0.0,0.0,0.0,450,495,562,32.76,1
40145,40419,1,154osm_철원_154-화천_154_1,0.005179,0.047144,0.03818,0.0,0.0,0.0,0.0,450,495,562,33.2,1
40145,40419,2,154osm_철원_154-화천_154_2,0.005179,0.047144,0.03818,0.0,0.0,0.0,0.0,450,495,562,33.2,1
40145,40419,3,154osm_철원_154-화천_154_3,0.005179,0.047144,0.03818,0.0,0.0,0.0,0.0,450,495,562,33.2,1
40145,40419,4,154osm_철원_154-화천_154_4,0.005179,0.047144,0.03818,0.0,0.0,0.0,0.0,450,495,562,33.2,1
40101,40563,1,154osm_서대구_154-산동_154_1,0.005123,0.046633,0.037766,0.0,0.0,0.0,0.0,450,495,562,32.84,1
40101,40563,2,154osm_서대구_154-산동_154_2,0.005123,0.046633,0.037766,0.0,0.0,0.0,0.0,450,495,562,32.84,1
40101,40563,3,154osm_서대구_154-산동_154_3,0.005123,0.046633,0.037766,0.0,0.0,0.0,0.0,450,495,562,32.84,1
40101,40563,4,154osm_서대구_154-산동_154_4,0.005123,0.046633,0.037766,0.0,0.0,0.0,0.0,450,495,562,32.84,1
40230,40235,1,154osm_평동_154-나주_154_1,0.005145,0.046832,0.037927,0.0,0.0,0.0,0.0,450,495,562,32.98,1
40230,40235,2,154osm_평동_154-나주_154_2,0.005145,0.046832,0.037927,0.0,0.0,0.0,0.0,450,495,562,32.98,1
40398,40493,1,154osm_대천_154-옥산_154_1,0.005142,0.046803,0.037904,0.0,0.0,0.0,0.0,450,495,562,32.96,1
40398,40493,2,154osm_대천_154-옥산_154_2,0.005142,0.046803,0.037904,0.0,0.0,0.0,0.0,450,495,562,32.96,1
40398,40493,3,154osm_대천_154-옥산_154_3,0.005142,0.046803,0.037904,0.0,0.0,0.0,0.0,450,495,562,32.96,1
40398,40493,4,154osm_대천_154-옥산_154_4,0.005142,0.046803,0.037904,0.0,0.0,0.0,0.0,450,495,562,32.96,1
40469,40554,1,154osm_영덕_154-평해_154_1,0.00519,0.047243,0.038261,0.0,0.0,0.0,0.0,450,495,562,33.27,1
40469,40554,2,154osm_영덕_154-평해_154_2,0.00519,0.047243,0.038261,0.0,0.0,0.0,0.0,450,495,562,33.27,1
40218,40298,1,154osm_해남_154-진도_154_1,0.005232,0.047627,0.038571,0.0,0.0,0.0,0.0,450,495,562,33.54,1
40218,40298,2,154osm_해남_154-진도_154_2,0.005232,0.047627,0.038571,0.0,0.0,0.0,0.0,450,495,562,33.54,1
40144,40357,1,154osm_천북_154-신영일_154_1,0.005229,0.047598,0.038548,0.0,0.0,0.0,0.0,450,495,562,33.52,1
40144,40357,2,154osm_천북_154-신영일_154_2,0.005229,0.047598,0.038548,0.0,0.0,0.0,0.0,450,495,562,33.52,1
40144,40357,3,154osm_천북_154-신영일_154_3,0.005229,0.047598,0.038548,0.0,0.0,0.0,0.0,450,495,562,33.52,1
40144,40357,4,154osm_천북_154-신영일_154_4,0.005229,0.047598,0.038548,0.0,0.0,0.0,0.0,450,495,562,33.52,1
40318,40629,1,154osm_횡성_154-북원주_154_1,0.00526,0.047882,0.038778,0.0,0.0,0.0,0.0,450,495,562,33.72,1
40318,40629,2,154osm_횡성_154-북원주_154_2,0.00526,0.047882,0.038778,0.0,0.0,0.0,0.0,450,495,562,33.72,1
40318,40629,3,154osm_횡성_154-북원주_154_3,0.00526,0.047882,0.038778,0.0,0.0,0.0,0.0,450,495,562,33.72,1
40318,40629,4,154osm_횡성_154-북원주_154_4,0.00526,0.047882,0.038778,0.0,0.0,0.0,0.0,450,495,562,33.72,1
40066,40506,1,154osm_신옥천_154-서대전_154_1,0.005357,0.048763,0.039491,0.0,0.0,0.0,0.0,450,495,562,34.34,1
40066,40506,2,154osm_신옥천_154-서대전_154_2,0.005357,0.048763,0.039491,0.0,0.0,0.0,0.0,450,495,562,34.34,1
40422,40463,1,154osm_서홍천_154-서종_154_1,0.005327,0.048493,0.039272,0.0,0.0,0.0,0.0,450,495,562,34.15,1
40422,40463,2,154osm_서홍천_154-서종_154_2,0.005327,0.048493,0.039272,0.0,0.0,0.0,0.0,450,495,562,34.15,1
40597,40601,1,154osm_승주_154-계림_154_1,0.005409,0.049231,0.039871,0.0,0.0,0.0,0.0,450,495,562,34.67,1
40148,40624,1,154osm_신제천_154-주진_154_1,0.005368,0.048862,0.039571,0.0,0.0,0.0,0.0,450,495,562,34.41,1
40148,40624,2,154osm_신제천_154-주진_154_2,0.005368,0.048862,0.039571,0.0,0.0,0.0,0.0,450,495,562,34.41,1
40106,40605,1,154osm_신광주_154-곡성_154_1,0.005399,0.049146,0.039801,0.0,0.0,0.0,0.0,450,495,562,34.61,1
40106,40605,2,154osm_신광주_154-곡성_154_2,0.005399,0.049146,0.039801,0.0,0.0,0.0,0.0,450,495,562,34.61,1
40474,40475,1,154osm_진보_154-동안동_154_1,0.005393,0.049089,0.039755,0.0,0.0,0.0,0.0,450,495,562,34.57,1
40474,40475,2,154osm_진보_154-동안동_154_2,0.005393,0.049089,0.039755,0.0,0.0,0.0,0.0,450,495,562,34.57,1
40264,40270,1,154osm_벌교_154-고흥_154_1,0.005511,0.050169,0.040629,0.0,0.0,0.0,0.0,450,495,562,35.33,1
40404,40406,1,154osm_인제_154-상남_154_1,0.005465,0.049743,0.040285,0.0,0.0,0.0,0.0,450,495,562,35.03,1
40404,40406,2,154osm_인제_154-상남_154_2,0.005465,0.049743,0.040285,0.0,0.0,0.0,0.0,450,495,562,35.03,1
40404,40406,3,154osm_인제_154-상남_154_3,0.005465,0.049743,0.040285,0.0,0.0,0.0,0.0,450,495,562,35.03,1
40404,40406,4,154osm_인제_154-상남_154_4,0.005465,0.049743,0.040285,0.0,0.0,0.0,0.0,450,495,562,35.03,1
40605,40606,1,154osm_곡성_154-구례_154_1,0.005625,0.051205,0.041469,0.0,0.0,0.0,0.0,450,495,562,36.06,1
40605,40606,2,154osm_곡성_154-구례_154_2,0.005625,0.051205,0.041469,0.0,0.0,0.0,0.0,450,495,562,36.06,1
40617,40653,1,154osm_담양_154-정공_154_1,0.005792,0.052725,0.0427,0.0,0.0,0.0,0.0,450,495,562,37.13,1
40617,40653,2,154osm_담양_154-정공_154_2,0.005792,0.052725,0.0427,0.0,0.0,0.0,0.0,450,495,562,37.13,1
40617,40653,3,154osm_담양_154-정공_154_3,0.005792,0.052725,0.0427,0.0,0.0,0.0,0.0,450,495,562,37.13,1
40617,40653,4,154osm_담양_154-정공_154_4,0.005792,0.052725,0.0427,0.0,0.0,0.0,0.0,450,495,562,37.13,1
40217,40348,1,154osm_상주_154-선산_154_1,0.005721,0.052071,0.04217,0.0,0.0,0.0,0.0,450,495,562,36.67,1
40217,40348,2,154osm_상주_154-선산_154_2,0.005721,0.052071,0.04217,0.0,0.0,0.0,0.0,450,495,562,36.67,1
40336,40515,1,154osm_신고성_154-안정_154_1,0.005942,0.054088,0.043804,0.0,0.0,0.0,0.0,450,495,562,38.09,1
40405,40406,1,154osm_홍천_154-상남_154_1,0.006337,0.05768,0.046713,0.0,0.0,0.0,0.0,450,495,562,40.62,1
40405,40406,2,154osm_홍천_154-상남_154_2,0.006337,0.05768,0.046713,0.0,0.0,0.0,0.0,450,495,562,40.62,1
40469,40532,1,154osm_영덕_154-청하_154_1,0.006348,0.05778,0.046793,0.0,0.0,0.0,0.0,450,495,562,40.69,1
40469,40532,2,154osm_영덕_154-청하_154_2,0.006348,0.05778,0.046793,0.0,0.0,0.0,0.0,450,495,562,40.69,1
40469,40532,3,154osm_영덕_154-청하_154_3,0.006348,0.05778,0.046793,0.0,0.0,0.0,0.0,450,495,562,40.69,1
40469,40532,4,154osm_영덕_154-청하_154_4,0.006348,0.05778,0.046793,0.0,0.0,0.0,0.0,450,495,562,40.69,1
40639,40653,1,154osm_김제_154-정공_154_1,0.006398,0.058234,0.047161,0.0,0.0,0.0,0.0,450,495,562,41.01,1
40639,40653,2,154osm_김제_154-정공_154_2,0.006398,0.058234,0.047161,0.0,0.0,0.0,0.0,450,495,562,41.01,1
40639,40653,3,154osm_김제_154-정공_154_3,0.006398,0.058234,0.047161,0.0,0.0,0.0,0.0,450,495,562,41.01,1
40639,40653,4,154osm_김제_154-정공_154_4,0.006398,0.058234,0.047161,0.0,0.0,0.0,0.0,450,495,562,41.01,1
40301,40555,1,154osm_태백_154-울진_154_1,0.006412,0.058362,0.047265,0.0,0.0,0.0,0.0,450,495,562,41.1,1
40301,40555,2,154osm_태백_154-울진_154_2,0.006412,0.058362,0.047265,0.0,0.0,0.0,0.0,450,495,562,41.1,1
40233,40730,1,154osm_장성_154-정읍T3_154_1,0.006476,0.058944,0.047736,0.0,0.0,0.0,0.0,450,495,562,41.51,1
40233,40730,2,154osm_장성_154-정읍T3_154_2,0.006476,0.058944,0.047736,0.0,0.0,0.0,0.0,450,495,562,41.51,1
40233,40730,3,154osm_장성_154-정읍T3_154_3,0.006476,0.058944,0.047736,0.0,0.0,0.0,0.0,450,495,562,41.51,1
40233,40730,4,154osm_장성_154-정읍T3_154_4,0.006476,0.058944,0.047736,0.0,0.0,0.0,0.0,450,495,562,41.51,1
40089,40656,1,154osm_신계룡_154-팔봉_154_1,0.006636,0.060407,0.048921,0.0,0.0,0.0,0.0,450,495,562,42.54,1
40089,40656,2,154osm_신계룡_154-팔봉_154_2,0.006636,0.060407,0.048921,0.0,0.0,0.0,0.0,450,495,562,42.54,1
40089,40656,3,154osm_신계룡_154-팔봉_154_3,0.006636,0.060407,0.048921,0.0,0.0,0.0,0.0,450,495,562,42.54,1
40089,40656,4,154osm_신계룡_154-팔봉_154_4,0.006636,0.060407,0.048921,0.0,0.0,0.0,0.0,450,495,562,42.54,1
40642,40730,1,154osm_고창_154-정읍T3_154_1,0.006588,0.059967,0.048564,0.0,0.0,0.0,0.0,450,495,562,42.23,1
40642,40730,2,154osm_고창_154-정읍T3_154_2,0.006588,0.059967,0.048564,0.0,0.0,0.0,0.0,450,495,562,42.23,1
40101,40536,1,154osm_서대구_154-금릉_154_1,0.006699,0.060975,0.049381,0.0,0.0,0.0,0.0,450,495,562,42.94,1
40101,40536,2,154osm_서대구_154-금릉_154_2,0.006699,0.060975,0.049381,0.0,0.0,0.0,0.0,450,495,562,42.94,1
40554,40555,1,154osm_평해_154-울진_154_1,0.006786,0.06177,0.050025,0.0,0.0,0.0,0.0,450,495,562,43.5,1
40554,40555,2,154osm_평해_154-울진_154_2,0.006786,0.06177,0.050025,0.0,0.0,0.0,0.0,450,495,562,43.5,1
40146,40404,1,154osm_신양양_154-인제_154_1,0.006884,0.062665,0.05075,0.0,0.0,0.0,0.0,450,495,562,44.13,1
40146,40404,2,154osm_신양양_154-인제_154_2,0.006884,0.062665,0.05075,0.0,0.0,0.0,0.0,450,495,562,44.13,1
40146,40404,3,154osm_신양양_154-인제_154_3,0.006884,0.062665,0.05075,0.0,0.0,0.0,0.0,450,495,562,44.13,1
40146,40404,4,154osm_신양양_154-인제_154_4,0.006884,0.062665,0.05075,0.0,0.0,0.0,0.0,450,495,562,44.13,1
40558,40659,1,154osm_문경_154-단양_154_1,0.006945,0.063218,0.051198,0.0,0.0,0.0,0.0,450,495,562,44.52,1
40558,40659,2,154osm_문경_154-단양_154_2,0.006945,0.063218,0.051198,0.0,0.0,0.0,0.0,450,495,562,44.52,1
40201,40404,1,154osm_간성_154-인제_154_1,0.00694,0.063176,0.051164,0.0,0.0,0.0,0.0,450,495,562,44.49,1
40201,40404,2,154osm_간성_154-인제_154_2,0.00694,0.063176,0.051164,0.0,0.0,0.0,0.0,450,495,562,44.49,1
40217,40669,1,154osm_상주_154-보은_154_1,0.007231,0.065817,0.053303,0.0,0.0,0.0,0.0,450,495,562,46.35,1
40217,40669,2,154osm_상주_154-보은_154_2,0.007231,0.065817,0.053303,0.0,0.0,0.0,0.0,450,495,562,46.35,1
40349,40648,1,154osm_영월_154-고한_154_1,0.007396,0.067322,0.054521,0.0,0.0,0.0,0.0,450,495,562,47.41,1
40349,40648,2,154osm_영월_154-고한_154_2,0.007396,0.067322,0.054521,0.0,0.0,0.0,0.0,450,495,562,47.41,1
40315,40632,1,154osm_진안_154-무주_154_1,0.007355,0.066953,0.054222,0.0,0.0,0.0,0.0,450,495,562,47.15,1
40315,40632,2,154osm_진안_154-무주_154_2,0.007355,0.066953,0.054222,0.0,0.0,0.0,0.0,450,495,562,47.15,1
40315,40632,3,154osm_진안_154-무주_154_3,0.007355,0.066953,0.054222,0.0,0.0,0.0,0.0,450,495,562,47.15,1
40315,40632,4,154osm_진안_154-무주_154_4,0.007355,0.066953,0.054222,0.0,0.0,0.0,0.0,450,495,562,47.15,1
40620,40722,1,154osm_운남_154-안좌개폐소_154_1,0.007958,0.072434,0.058661,0.0,0.0,0.0,0.0,450,495,562,51.01,1
40147,40646,1,154osm_동해_154-정선_154_1,0.008305,0.075601,0.061226,0.0,0.0,0.0,0.0,450,495,562,53.24,1
40147,40646,2,154osm_동해_154-정선_154_2,0.008305,0.075601,0.061226,0.0,0.0,0.0,0.0,450,495,562,53.24,1
40147,40646,3,154osm_동해_154-정선_154_3,0.008305,0.075601,0.061226,0.0,0.0,0.0,0.0,450,495,562,53.24,1
40315,40657,1,154osm_진안_154-북전주_154_1,0.008778,0.079903,0.064711,0.0,0.0,0.0,0.0,450,495,562,56.27,1
40315,40657,2,154osm_진안_154-북전주_154_2,0.008778,0.079903,0.064711,0.0,0.0,0.0,0.0,450,495,562,56.27,1
40315,40657,3,154osm_진안_154-북전주_154_3,0.008778,0.079903,0.064711,0.0,0.0,0.0,0.0,450,495,562,56.27,1
40315,40657,4,154osm_진안_154-북전주_154_4,0.008778,0.079903,0.064711,0.0,0.0,0.0,0.0,450,495,562,56.27,1
40258,40555,1,154osm_봉화_154-울진_154_1,0.009691,0.08821,0.071438,0.0,0.0,0.0,0.0,450,495,562,62.12,1
40258,40555,2,154osm_봉화_154-울진_154_2,0.009691,0.08821,0.071438,0.0,0.0,0.0,0.0,450,495,562,62.12,1
40339,40340,1,154gap_남군포-안산T2_1,0.000156,0.00142,0.00115,0.0,0.0,0.0,0.0,450,495,562,1.0,1
40339,40340,2,154gap_남군포-안산T2_2,0.000156,0.00142,0.00115,0.0,0.0,0.0,0.0,450,495,562,1.0,1
40667,40668,1,154gap_북청주-봉명_1,0.000156,0.00142,0.00115,0.0,0.0,0.0,0.0,450,495,562,1.0,1
40667,40668,2,154gap_북청주-봉명_2,0.000156,0.00142,0.00115,0.0,0.0,0.0,0.0,450,495,562,1.0,1
40292,40293,1,154gap_여천-여수산단개폐소_1,0.000156,0.00142,0.00115,0.0,0.0,0.0,0.0,450,495,562,1.0,1
40292,40293,2,154gap_여천-여수산단개폐소_2,0.000156,0.00142,0.00115,0.0,0.0,0.0,0.0,450,495,562,1.0,1
40068,40069,1,154gap_흥덕-신갈_1,0.000156,0.00142,0.00115,0.0,0.0,0.0,0.0,450,495,562,1.0,1
40068,40069,2,154gap_흥덕-신갈_2,0.000156,0.00142,0.00115,0.0,0.0,0.0,0.0,450,495,562,1.0,1
40053,40198,1,154gap_서천안-한샘_1,0.000156,0.00142,0.00115,0.0,0.0,0.0,0.0,450,495,562,1.0,1
40053,40198,2,154gap_서천안-한샘_2,0.000156,0.00142,0.00115,0.0,0.0,0.0,0.0,450,495,562,1.0,1
40444,40445,1,154gap_중시화-SRC_1,0.000156,0.00142,0.00115,0.0,0.0,0.0,0.0,450,495,562,1.0,1
40444,40445,2,154gap_중시화-SRC_2,0.000156,0.00142,0.00115,0.0,0.0,0.0,0.0,450,495,562,1.0,1
40445,40448,1,154gap_SRC-성곡_1,0.00016,0.001458,0.001181,0.0,0.0,0.0,0.0,450,495,562,1.03,1
40445,40448,2,154gap_SRC-성곡_2,0.00016,0.001458,0.001181,0.0,0.0,0.0,0.0,450,495,562,1.03,1
40075,40237,1,154gap_임학-부평T1_1,0.00018,0.001642,0.00133,0.0,0.0,0.0,0.0,450,495,562,1.16,1
40075,40237,2,154gap_임학-부평T1_2,0.00018,0.001642,0.00133,0.0,0.0,0.0,0.0,450,495,562,1.16,1
40586,40588,1,154gap_경서-청라_1,0.000185,0.001686,0.001365,0.0,0.0,0.0,0.0,450,495,562,1.19,1
40586,40588,2,154gap_경서-청라_2,0.000185,0.001686,0.001365,0.0,0.0,0.0,0.0,450,495,562,1.19,1
40028,40713,1,154gap_상봉-휘경_1,0.00019,0.001732,0.001403,0.0,0.0,0.0,0.0,450,495,562,1.22,1
40028,40713,2,154gap_상봉-휘경_2,0.00019,0.001732,0.001403,0.0,0.0,0.0,0.0,450,495,562,1.22,1
40571,40573,1,154gap_산격-검단_1,0.000205,0.001865,0.001511,0.0,0.0,0.0,0.0,450,495,562,1.31,1
40571,40573,2,154gap_산격-검단_2,0.000205,0.001865,0.001511,0.0,0.0,0.0,0.0,450,495,562,1.31,1
40003,40746,1,154gap_구의-광장_1,0.000207,0.001881,0.001524,0.0,0.0,0.0,0.0,450,495,562,1.32,1
40003,40746,2,154gap_구의-광장_2,0.000207,0.001881,0.001524,0.0,0.0,0.0,0.0,450,495,562,1.32,1
40091,40433,1,154gap_SRC-북동탄_1,0.000227,0.002069,0.001675,0.0,0.0,0.0,0.0,450,495,562,1.46,1
40091,40433,2,154gap_SRC-북동탄_2,0.000227,0.002069,0.001675,0.0,0.0,0.0,0.0,450,495,562,1.46,1
40052,40086,1,154gap_한남-보광_1,0.000233,0.002124,0.00172,0.0,0.0,0.0,0.0,450,495,562,1.5,1
40052,40086,2,154gap_한남-보광_2,0.000233,0.002124,0.00172,0.0,0.0,0.0,0.0,450,495,562,1.5,1
40005,40700,1,154gap_논일-반포_1,0.000236,0.002144,0.001736,0.0,0.0,0.0,0.0,450,495,562,1.51,1
40005,40700,2,154gap_논일-반포_2,0.000236,0.002144,0.001736,0.0,0.0,0.0,0.0,450,495,562,1.51,1
40443,40448,1,154gap_목내-성곡_1,0.000257,0.002339,0.001894,0.0,0.0,0.0,0.0,450,495,562,1.65,1
40443,40448,2,154gap_목내-성곡_2,0.000257,0.002339,0.001894,0.0,0.0,0.0,0.0,450,495,562,1.65,1
40102,40486,1,154gap_SRC-남안성_1,0.000257,0.002341,0.001896,0.0,0.0,0.0,0.0,450,495,562,1.65,1
40102,40486,2,154gap_SRC-남안성_2,0.000257,0.002341,0.001896,0.0,0.0,0.0,0.0,450,495,562,1.65,1
40158,40612,1,154gap_인천T1-오봉_1,0.000264,0.002402,0.001945,0.0,0.0,0.0,0.0,450,495,562,1.69,1
40158,40612,2,154gap_인천T1-오봉_2,0.000264,0.002402,0.001945,0.0,0.0,0.0,0.0,450,495,562,1.69,1
40342,40754,1,154gap_목동-양천_1,0.000266,0.002421,0.00196,0.0,0.0,0.0,0.0,450,495,562,1.7,1
40342,40754,2,154gap_목동-양천_2,0.000266,0.002421,0.00196,0.0,0.0,0.0,0.0,450,495,562,1.7,1
40751,40782,1,154gap_상일-SRC_1,0.000267,0.00243,0.001968,0.0,0.0,0.0,0.0,450,495,562,1.71,1
40751,40782,2,154gap_상일-SRC_2,0.000267,0.00243,0.001968,0.0,0.0,0.0,0.0,450,495,562,1.71,1
40160,40458,1,154gap_덕진-송강_1,0.000272,0.00248,0.002008,0.0,0.0,0.0,0.0,450,495,562,1.75,1
40160,40458,2,154gap_덕진-송강_2,0.000272,0.00248,0.002008,0.0,0.0,0.0,0.0,450,495,562,1.75,1
40249,40771,1,154gap_안암-종암_1,0.00028,0.002547,0.002063,0.0,0.0,0.0,0.0,450,495,562,1.79,1
40249,40771,2,154gap_안암-종암_2,0.00028,0.002547,0.002063,0.0,0.0,0.0,0.0,450,495,562,1.79,1
40027,40220,1,154gap_마포-아현_1,0.00029,0.002639,0.002137,0.0,0.0,0.0,0.0,450,495,562,1.86,1
40027,40220,2,154gap_마포-아현_2,0.00029,0.002639,0.002137,0.0,0.0,0.0,0.0,450,495,562,1.86,1
40027,40764,1,154gap_마포-용산_1,0.000271,0.002463,0.001995,0.0,0.0,0.0,0.0,450,495,562,1.73,1
40027,40764,2,154gap_마포-용산_2,0.000271,0.002463,0.001995,0.0,0.0,0.0,0.0,450,495,562,1.73,1
40016,40753,1,154gap_독산-대방_1,0.000306,0.002782,0.002253,0.0,0.0,0.0,0.0,450,495,562,1.96,1
40016,40753,2,154gap_독산-대방_2,0.000306,0.002782,0.002253,0.0,0.0,0.0,0.0,450,495,562,1.96,1
40360,40742,1,154gap_SRC-군자_1,0.000318,0.002891,0.002342,0.0,0.0,0.0,0.0,450,495,562,2.04,1
40360,40742,2,154gap_SRC-군자_2,0.000318,0.002891,0.002342,0.0,0.0,0.0,0.0,450,495,562,2.04,1
40742,40770,1,154gap_군자-성수_1,0.000279,0.002538,0.002056,0.0,0.0,0.0,0.0,450,495,562,1.79,1
40742,40770,2,154gap_군자-성수_2,0.000279,0.002538,0.002056,0.0,0.0,0.0,0.0,450,495,562,1.79,1
40014,40149,1,154gap_천호-강동_1,0.000336,0.003054,0.002474,0.0,0.0,0.0,0.0,450,495,562,2.15,1
40014,40149,2,154gap_천호-강동_2,0.000336,0.003054,0.002474,0.0,0.0,0.0,0.0,450,495,562,2.15,1
40350,40641,1,154gap_SRC-소룡_1,0.000338,0.003073,0.002489,0.0,0.0,0.0,0.0,450,495,562,2.16,1
40350,40641,2,154gap_SRC-소룡_2,0.000338,0.003073,0.002489,0.0,0.0,0.0,0.0,450,495,562,2.16,1
40376,40378,1,154gap_사남-사천_1,0.000338,0.003076,0.002491,0.0,0.0,0.0,0.0,450,495,562,2.17,1
40376,40378,2,154gap_사남-사천_2,0.000338,0.003076,0.002491,0.0,0.0,0.0,0.0,450,495,562,2.17,1
40175,40702,1,154gap_부산T1-양정_1,0.000338,0.003079,0.002493,0.0,0.0,0.0,0.0,450,495,562,2.17,1
40175,40702,2,154gap_부산T1-양정_2,0.000338,0.003079,0.002493,0.0,0.0,0.0,0.0,450,495,562,2.17,1
40044,40571,1,154gap_공평-산격_1,0.000343,0.003127,0.002532,0.0,0.0,0.0,0.0,450,495,562,2.2,1
40044,40571,2,154gap_공평-산격_2,0.000343,0.003127,0.002532,0.0,0.0,0.0,0.0,450,495,562,2.2,1
40044,40572,1,154gap_공평-동인_1,0.000324,0.002948,0.002388,0.0,0.0,0.0,0.0,450,495,562,2.08,1
40044,40572,2,154gap_공평-동인_2,0.000324,0.002948,0.002388,0.0,0.0,0.0,0.0,450,495,562,2.08,1
40088,40409,1,154gap_SRC-서판교_1,0.000345,0.003143,0.002546,0.0,0.0,0.0,0.0,450,495,562,2.21,1
40088,40409,2,154gap_SRC-서판교_2,0.000345,0.003143,0.002546,0.0,0.0,0.0,0.0,450,495,562,2.21,1
40319,40325,1,154gap_우만-이의_1,0.000347,0.003161,0.00256,0.0,0.0,0.0,0.0,450,495,562,2.23,1
40319,40325,2,154gap_우만-이의_2,0.000347,0.003161,0.00256,0.0,0.0,0.0,0.0,450,495,562,2.23,1
40540,40571,1,154gap_침산-산격_1,0.000348,0.003165,0.002563,0.0,0.0,0.0,0.0,450,495,562,2.23,1
40540,40571,2,154gap_침산-산격_2,0.000348,0.003165,0.002563,0.0,0.0,0.0,0.0,450,495,562,2.23,1
40415,40540,1,154gap_서침산-침산_1,0.000172,0.001562,0.001265,0.0,0.0,0.0,0.0,450,495,562,1.1,1
40415,40540,2,154gap_서침산-침산_2,0.000172,0.001562,0.001265,0.0,0.0,0.0,0.0,450,495,562,1.1,1
40009,40036,1,154gap_서초-이수_1,0.000352,0.003206,0.002596,0.0,0.0,0.0,0.0,450,495,562,2.26,1
40009,40036,2,154gap_서초-이수_2,0.000352,0.003206,0.002596,0.0,0.0,0.0,0.0,450,495,562,2.26,1
40309,40575,1,154gap_SRC-주안_1,0.000354,0.003218,0.002606,0.0,0.0,0.0,0.0,450,495,562,2.27,1
40309,40575,2,154gap_SRC-주안_2,0.000354,0.003218,0.002606,0.0,0.0,0.0,0.0,450,495,562,2.27,1
40608,40612,1,154gap_고잔-오봉_1,0.000358,0.003261,0.002641,0.0,0.0,0.0,0.0,450,495,562,2.3,1
40608,40612,2,154gap_고잔-오봉_2,0.000358,0.003261,0.002641,0.0,0.0,0.0,0.0,450,495,562,2.3,1
40608,40614,1,154gap_고잔-남동_1,0.00032,0.002912,0.002358,0.0,0.0,0.0,0.0,450,495,562,2.05,1
40608,40614,2,154gap_고잔-남동_2,0.00032,0.002912,0.002358,0.0,0.0,0.0,0.0,450,495,562,2.05,1
40608,40613,1,154gap_고잔-동춘_1,0.000341,0.003103,0.002513,0.0,0.0,0.0,0.0,450,495,562,2.19,1
40608,40613,2,154gap_고잔-동춘_2,0.000341,0.003103,0.002513,0.0,0.0,0.0,0.0,450,495,562,2.19,1
40745,40770,1,154gap_뚝도-성수_1,0.000362,0.003296,0.002669,0.0,0.0,0.0,0.0,450,495,562,2.32,1
40745,40770,2,154gap_뚝도-성수_2,0.000362,0.003296,0.002669,0.0,0.0,0.0,0.0,450,495,562,2.32,1
40324,40506,1,154gap_유천-서대전_1,0.000363,0.003306,0.002678,0.0,0.0,0.0,0.0,450,495,562,2.33,1
40324,40506,2,154gap_유천-서대전_2,0.000363,0.003306,0.002678,0.0,0.0,0.0,0.0,450,495,562,2.33,1
40323,40449,1,154gap_안산-남안산_1,0.000365,0.003325,0.002693,0.0,0.0,0.0,0.0,450,495,562,2.34,1
40323,40449,2,154gap_안산-남안산_2,0.000365,0.003325,0.002693,0.0,0.0,0.0,0.0,450,495,562,2.34,1
40192,40780,1,154gap_평택-동평택에너지센터_1,0.000373,0.003391,0.002747,0.0,0.0,0.0,0.0,450,495,562,2.39,1
40192,40780,2,154gap_평택-동평택에너지센터_2,0.000373,0.003391,0.002747,0.0,0.0,0.0,0.0,450,495,562,2.39,1
40343,40572,1,154gap_남대구-동인_1,0.000373,0.003399,0.002753,0.0,0.0,0.0,0.0,450,495,562,2.39,1
40343,40572,2,154gap_남대구-동인_2,0.000373,0.003399,0.002753,0.0,0.0,0.0,0.0,450,495,562,2.39,1
40342,40756,1,154gap_목동-오류_1,0.000374,0.0034,0.002753,0.0,0.0,0.0,0.0,450,495,562,2.39,1
40342,40756,2,154gap_목동-오류_2,0.000374,0.0034,0.002753,0.0,0.0,0.0,0.0,450,495,562,2.39,1
40755,40756,1,154gap_신정-오류_1,0.000298,0.002712,0.002196,0.0,0.0,0.0,0.0,450,495,562,1.91,1
40755,40756,2,154gap_신정-오류_2,0.000298,0.002712,0.002196,0.0,0.0,0.0,0.0,450,495,562,1.91,1
40263,40756,1,154gap_구로-오류_1,0.000341,0.0031,0.002511,0.0,0.0,0.0,0.0,450,495,562,2.18,1
40263,40756,2,154gap_구로-오류_2,0.000341,0.0031,0.002511,0.0,0.0,0.0,0.0,450,495,562,2.18,1
40227,40392,1,154gap_수지-신봉_1,0.000396,0.003602,0.002917,0.0,0.0,0.0,0.0,450,495,562,2.54,1
40227,40392,2,154gap_수지-신봉_2,0.000396,0.003602,0.002917,0.0,0.0,0.0,0.0,450,495,562,2.54,1
40227,40477,1,154gap_수지-죽전_1,0.00036,0.003275,0.002652,0.0,0.0,0.0,0.0,450,495,562,2.31,1
40227,40477,2,154gap_수지-죽전_2,0.00036,0.003275,0.002652,0.0,0.0,0.0,0.0,450,495,562,2.31,1
40296,40542,1,154gap_월배-성서_1,0.000397,0.003615,0.002927,0.0,0.0,0.0,0.0,450,495,562,2.55,1
40296,40542,2,154gap_월배-성서_2,0.000397,0.003615,0.002927,0.0,0.0,0.0,0.0,450,495,562,2.55,1
40380,40462,1,154gap_SRC-덕이_1,0.0004,0.003643,0.00295,0.0,0.0,0.0,0.0,450,495,562,2.57,1
40380,40462,2,154gap_SRC-덕이_2,0.0004,0.003643,0.00295,0.0,0.0,0.0,0.0,450,495,562,2.57,1
40195,40447,1,154gap_시화-동시화_1,0.000404,0.003681,0.002981,0.0,0.0,0.0,0.0,450,495,562,2.59,1
40195,40447,2,154gap_시화-동시화_2,0.000404,0.003681,0.002981,0.0,0.0,0.0,0.0,450,495,562,2.59,1
40435,40447,1,154gap_남시화-동시화_1,0.000156,0.00142,0.00115,0.0,0.0,0.0,0.0,450,495,562,1.0,1
40435,40447,2,154gap_남시화-동시화_2,0.000156,0.00142,0.00115,0.0,0.0,0.0,0.0,450,495,562,1.0,1
40435,40446,1,154gap_남시화-남정왕_1,0.000156,0.00142,0.00115,0.0,0.0,0.0,0.0,450,495,562,1.0,1
40435,40446,2,154gap_남시화-남정왕_2,0.000156,0.00142,0.00115,0.0,0.0,0.0,0.0,450,495,562,1.0,1
40074,40237,1,154gap_계양1-부평T1_1,0.000409,0.003721,0.003013,0.0,0.0,0.0,0.0,450,495,562,2.62,1
40074,40237,2,154gap_계양1-부평T1_2,0.000409,0.003721,0.003013,0.0,0.0,0.0,0.0,450,495,562,2.62,1
40223,40714,1,154gap_하남-흑석_1,0.000414,0.003766,0.00305,0.0,0.0,0.0,0.0,450,495,562,2.65,1
40223,40714,2,154gap_하남-흑석_2,0.000414,0.003766,0.00305,0.0,0.0,0.0,0.0,450,495,562,2.65,1
40275,40598,1,154gap_화정-충장_1,0.000417,0.003793,0.003072,0.0,0.0,0.0,0.0,450,495,562,2.67,1
40275,40598,2,154gap_화정-충장_2,0.000417,0.003793,0.003072,0.0,0.0,0.0,0.0,450,495,562,2.67,1
40275,40604,1,154gap_화정-농성_1,0.000335,0.003046,0.002467,0.0,0.0,0.0,0.0,450,495,562,2.14,1
40275,40604,2,154gap_화정-농성_2,0.000335,0.003046,0.002467,0.0,0.0,0.0,0.0,450,495,562,2.14,1
40174,40588,1,154gap_원창-청라_1,0.000418,0.003805,0.003081,0.0,0.0,0.0,0.0,450,495,562,2.68,1
40174,40588,2,154gap_원창-청라_2,0.000418,0.003805,0.003081,0.0,0.0,0.0,0.0,450,495,562,2.68,1
40000,40415,1,154gap_대구T1-서침산_1,0.000425,0.003865,0.00313,0.0,0.0,0.0,0.0,450,495,562,2.72,1
40000,40415,2,154gap_대구T1-서침산_2,0.000425,0.003865,0.00313,0.0,0.0,0.0,0.0,450,495,562,2.72,1
40000,40048,1,154gap_대구T1-내당_1,0.000156,0.00142,0.00115,0.0,0.0,0.0,0.0,450,495,562,1.0,1
40000,40048,2,154gap_대구T1-내당_2,0.000156,0.00142,0.00115,0.0,0.0,0.0,0.0,450,495,562,1.0,1
40048,40570,1,154gap_내당-두류_1,0.000348,0.003171,0.002568,0.0,0.0,0.0,0.0,450,495,562,2.23,1
40048,40570,2,154gap_내당-두류_2,0.000348,0.003171,0.002568,0.0,0.0,0.0,0.0,450,495,562,2.23,1
40447,40451,1,154gap_동시화-서시화_1,0.000426,0.003877,0.00314,0.0,0.0,0.0,0.0,450,495,562,2.73,1
40447,40451,2,154gap_동시화-서시화_2,0.000426,0.003877,0.00314,0.0,0.0,0.0,0.0,450,495,562,2.73,1
40028,40760,1,154gap_상봉-신내_1,0.00043,0.00391,0.003166,0.0,0.0,0.0,0.0,450,495,562,2.75,1
40028,40760,2,154gap_상봉-신내_2,0.00043,0.00391,0.003166,0.0,0.0,0.0,0.0,450,495,562,2.75,1
40281,40343,1,154gap_효목-남대구_1,0.000432,0.00393,0.003183,0.0,0.0,0.0,0.0,450,495,562,2.77,1
40281,40343,2,154gap_효목-남대구_2,0.000432,0.00393,0.003183,0.0,0.0,0.0,0.0,450,495,562,2.77,1
40412,40585,1,154gap_양촌-왕길_1,0.000433,0.003946,0.003195,0.0,0.0,0.0,0.0,450,495,562,2.78,1
40412,40585,2,154gap_양촌-왕길_2,0.000433,0.003946,0.003195,0.0,0.0,0.0,0.0,450,495,562,2.78,1
40500,40774,1,154gap_차룡-의창_1,0.000434,0.003955,0.003203,0.0,0.0,0.0,0.0,450,495,562,2.79,1
40500,40774,2,154gap_차룡-의창_2,0.000434,0.003955,0.003203,0.0,0.0,0.0,0.0,450,495,562,2.79,1
40628,40630,1,154gap_동원주-남원주_1,0.000443,0.00403,0.003264,0.0,0.0,0.0,0.0,450,495,562,2.84,1
40628,40630,2,154gap_동원주-남원주_2,0.000443,0.00403,0.003264,0.0,0.0,0.0,0.0,450,495,562,2.84,1
40599,40600,1,154gap_일곡-북광주_1,0.000443,0.004035,0.003268,0.0,0.0,0.0,0.0,450,495,562,2.84,1
40599,40600,2,154gap_일곡-북광주_2,0.000443,0.004035,0.003268,0.0,0.0,0.0,0.0,450,495,562,2.84,1
40507,40689,1,154gap_남대전-신흥_1,0.000445,0.004047,0.003277,0.0,0.0,0.0,0.0,450,495,562,2.85,1
40507,40689,2,154gap_남대전-신흥_2,0.000445,0.004047,0.003277,0.0,0.0,0.0,0.0,450,495,562,2.85,1
40046,40689,1,154gap_동대전-신흥_1,0.000156,0.00142,0.00115,0.0,0.0,0.0,0.0,450,495,562,1.0,1
40046,40689,2,154gap_동대전-신흥_2,0.000156,0.00142,0.00115,0.0,0.0,0.0,0.0,450,495,562,1.0,1
40029,40257,1,154gap_중계-상계_1,0.000446,0.004062,0.00329,0.0,0.0,0.0,0.0,450,495,562,2.86,1
40029,40257,2,154gap_중계-상계_2,0.000446,0.004062,0.00329,0.0,0.0,0.0,0.0,450,495,562,2.86,1
40664,40667,1,154gap_사직-북청주_1,0.000448,0.004082,0.003306,0.0,0.0,0.0,0.0,450,495,562,2.87,1
40664,40667,2,154gap_사직-북청주_2,0.000448,0.004082,0.003306,0.0,0.0,0.0,0.0,450,495,562,2.87,1
40393,40436,1,154gap_SRC-원미_1,0.00045,0.004095,0.003316,0.0,0.0,0.0,0.0,450,495,562,2.88,1
40393,40436,2,154gap_SRC-원미_2,0.00045,0.004095,0.003316,0.0,0.0,0.0,0.0,450,495,562,2.88,1
40436,40589,1,154gap_원미-부개_1,0.000313,0.00285,0.002308,0.0,0.0,0.0,0.0,450,495,562,2.01,1
40436,40589,2,154gap_원미-부개_2,0.000313,0.00285,0.002308,0.0,0.0,0.0,0.0,450,495,562,2.01,1
40240,40614,1,154gap_연수-남동_1,0.000456,0.004153,0.003363,0.0,0.0,0.0,0.0,450,495,562,2.92,1
40240,40614,2,154gap_연수-남동_2,0.000456,0.004153,0.003363,0.0,0.0,0.0,0.0,450,495,562,2.92,1
40240,40574,1,154gap_연수-학익_1,0.000397,0.003612,0.002925,0.0,0.0,0.0,0.0,450,495,562,2.54,1
40240,40574,2,154gap_연수-학익_2,0.000397,0.003612,0.002925,0.0,0.0,0.0,0.0,450,495,562,2.54,1
40162,40679,1,154gap_대덕-둔산_1,0.000464,0.004222,0.003419,0.0,0.0,0.0,0.0,450,495,562,2.97,1
40162,40679,2,154gap_대덕-둔산_2,0.000464,0.004222,0.003419,0.0,0.0,0.0,0.0,450,495,562,2.97,1
40224,40776,1,154gap_동안양-관양_1,0.000471,0.004289,0.003474,0.0,0.0,0.0,0.0,450,495,562,3.02,1
40224,40776,2,154gap_동안양-관양_2,0.000471,0.004289,0.003474,0.0,0.0,0.0,0.0,450,495,562,3.02,1
40485,40776,1,154gap_평촌-관양_1,0.000156,0.00142,0.00115,0.0,0.0,0.0,0.0,450,495,562,1.0,1
40485,40776,2,154gap_평촌-관양_2,0.000156,0.00142,0.00115,0.0,0.0,0.0,0.0,450,495,562,1.0,1
40061,40685,1,154gap_SRC-당월_1,0.000478,0.004349,0.003522,0.0,0.0,0.0,0.0,450,495,562,3.06,1
40061,40685,2,154gap_SRC-당월_2,0.000478,0.004349,0.003522,0.0,0.0,0.0,0.0,450,495,562,3.06,1
40043,40437,1,154gap_중동-도당_1,0.000495,0.004503,0.003647,0.0,0.0,0.0,0.0,450,495,562,3.17,1
40043,40437,2,154gap_중동-도당_2,0.000495,0.004503,0.003647,0.0,0.0,0.0,0.0,450,495,562,3.17,1
40268,40437,1,154gap_부천-도당_1,0.000156,0.00142,0.00115,0.0,0.0,0.0,0.0,450,495,562,1.0,1
40268,40437,2,154gap_부천-도당_2,0.000156,0.00142,0.00115,0.0,0.0,0.0,0.0,450,495,562,1.0,1
40045,40692,1,154gap_전주-팔복_1,0.000499,0.004538,0.003675,0.0,0.0,0.0,0.0,450,495,562,3.2,1
40045,40692,2,154gap_전주-팔복_2,0.000499,0.004538,0.003675,0.0,0.0,0.0,0.0,450,495,562,3.2,1
40346,40567,1,154gap_달서-와룡_1,0.000504,0.00459,0.003717,0.0,0.0,0.0,0.0,450,495,562,3.23,1
40346,40567,2,154gap_달서-와룡_2,0.000504,0.00459,0.003717,0.0,0.0,0.0,0.0,450,495,562,3.23,1
40345,40567,1,154gap_팔달-와룡_1,0.000366,0.003328,0.002695,0.0,0.0,0.0,0.0,450,495,562,2.34,1
40345,40567,2,154gap_팔달-와룡_2,0.000366,0.003328,0.002695,0.0,0.0,0.0,0.0,450,495,562,2.34,1
40068,40484,1,154gap_흥덕-마북_1,0.000508,0.004624,0.003745,0.0,0.0,0.0,0.0,450,495,562,3.26,1
40068,40484,2,154gap_흥덕-마북_2,0.000508,0.004624,0.003745,0.0,0.0,0.0,0.0,450,495,562,3.26,1
40574,40576,1,154gap_학익-인천_1,0.000508,0.004625,0.003746,0.0,0.0,0.0,0.0,450,495,562,3.26,1
40574,40576,2,154gap_학익-인천_2,0.000508,0.004625,0.003746,0.0,0.0,0.0,0.0,450,495,562,3.26,1
40576,40583,1,154gap_인천-남인천_1,0.000341,0.003104,0.002514,0.0,0.0,0.0,0.0,450,495,562,2.19,1
40576,40583,2,154gap_인천-남인천_2,0.000341,0.003104,0.002514,0.0,0.0,0.0,0.0,450,495,562,2.19,1
40578,40583,1,154gap_송현-남인천_1,0.000391,0.003556,0.00288,0.0,0.0,0.0,0.0,450,495,562,2.5,1
40578,40583,2,154gap_송현-남인천_2,0.000391,0.003556,0.00288,0.0,0.0,0.0,0.0,450,495,562,2.5,1
40578,40582,1,154gap_송현-송월_1,0.000294,0.002676,0.002167,0.0,0.0,0.0,0.0,450,495,562,1.88,1
40578,40582,2,154gap_송현-송월_2,0.000294,0.002676,0.002167,0.0,0.0,0.0,0.0,450,495,562,1.88,1
40577,40578,1,154gap_신현-송현_1,0.000369,0.003363,0.002723,0.0,0.0,0.0,0.0,450,495,562,2.37,1
40577,40578,2,154gap_신현-송현_2,0.000369,0.003363,0.002723,0.0,0.0,0.0,0.0,450,495,562,2.37,1
40194,40804,1,154gap_송탄-SRC_1,0.000512,0.00466,0.003774,0.0,0.0,0.0,0.0,450,495,562,3.28,1
40194,40804,2,154gap_송탄-SRC_2,0.000512,0.00466,0.003774,0.0,0.0,0.0,0.0,450,495,562,3.28,1
40580,40609,1,154gap_만수-도림_1,0.000513,0.004669,0.003782,0.0,0.0,0.0,0.0,450,495,562,3.29,1
40580,40609,2,154gap_만수-도림_2,0.000513,0.004669,0.003782,0.0,0.0,0.0,0.0,450,495,562,3.29,1
40580,40584,1,154gap_만수-관교_1,0.000456,0.004155,0.003365,0.0,0.0,0.0,0.0,450,495,562,2.93,1
40580,40584,2,154gap_만수-관교_2,0.000456,0.004155,0.003365,0.0,0.0,0.0,0.0,450,495,562,2.93,1
40334,40335,1,154gap_장재-불당_1,0.000513,0.004671,0.003783,0.0,0.0,0.0,0.0,450,495,562,3.29,1
40334,40335,2,154gap_장재-불당_2,0.000513,0.004671,0.003783,0.0,0.0,0.0,0.0,450,495,562,3.29,1
40409,40411,1,154gap_서판교-동판교_1,0.000538,0.0049,0.003968,0.0,0.0,0.0,0.0,450,495,562,3.45,1
40409,40411,2,154gap_서판교-동판교_2,0.000538,0.0049,0.003968,0.0,0.0,0.0,0.0,450,495,562,3.45,1
40410,40411,1,154gap_정자-동판교_1,0.000356,0.003237,0.002622,0.0,0.0,0.0,0.0,450,495,562,2.28,1
40410,40411,2,154gap_정자-동판교_2,0.000356,0.003237,0.002622,0.0,0.0,0.0,0.0,450,495,562,2.28,1
40350,40634,1,154gap_SRC-내초_1,0.000561,0.00511,0.004138,0.0,0.0,0.0,0.0,450,495,562,3.6,1
40350,40634,2,154gap_SRC-내초_2,0.000561,0.00511,0.004138,0.0,0.0,0.0,0.0,450,495,562,3.6,1
40332,40634,1,154gap_비응-내초_1,0.000526,0.00479,0.003879,0.0,0.0,0.0,0.0,450,495,562,3.37,1
40332,40634,2,154gap_비응-내초_2,0.000526,0.00479,0.003879,0.0,0.0,0.0,0.0,450,495,562,3.37,1
40332,40640,1,154gap_비응-군장_1,0.00053,0.004825,0.003907,0.0,0.0,0.0,0.0,450,495,562,3.4,1
40332,40640,2,154gap_비응-군장_2,0.00053,0.004825,0.003907,0.0,0.0,0.0,0.0,450,495,562,3.4,1
40611,40613,1,154gap_동송도-동춘_1,0.000583,0.005309,0.004299,0.0,0.0,0.0,0.0,450,495,562,3.74,1
40611,40613,2,154gap_동송도-동춘_2,0.000583,0.005309,0.004299,0.0,0.0,0.0,0.0,450,495,562,3.74,1
40238,40611,1,154gap_송도-동송도_1,0.00041,0.003736,0.003026,0.0,0.0,0.0,0.0,450,495,562,2.63,1
40238,40611,2,154gap_송도-동송도_2,0.00041,0.003736,0.003026,0.0,0.0,0.0,0.0,450,495,562,2.63,1
40171,40569,1,154gap_달성-상인_1,0.000584,0.005312,0.004302,0.0,0.0,0.0,0.0,450,495,562,3.74,1
40171,40569,2,154gap_달성-상인_2,0.000584,0.005312,0.004302,0.0,0.0,0.0,0.0,450,495,562,3.74,1
40411,40489,1,154gap_동판교-중원_1,0.000584,0.005317,0.004306,0.0,0.0,0.0,0.0,450,495,562,3.74,1
40411,40489,2,154gap_동판교-중원_2,0.000584,0.005317,0.004306,0.0,0.0,0.0,0.0,450,495,562,3.74,1
40307,40433,1,154gap_삼미-북동탄_1,0.000604,0.005498,0.004452,0.0,0.0,0.0,0.0,450,495,562,3.87,1
40307,40433,2,154gap_삼미-북동탄_2,0.000604,0.005498,0.004452,0.0,0.0,0.0,0.0,450,495,562,3.87,1
40429,40459,1,154gap_남수원-세교_1,0.000607,0.005525,0.004475,0.0,0.0,0.0,0.0,450,495,562,3.89,1
40429,40459,2,154gap_남수원-세교_2,0.000607,0.005525,0.004475,0.0,0.0,0.0,0.0,450,495,562,3.89,1
40661,40708,1,154gap_오송-북오송_1,0.000612,0.005569,0.00451,0.0,0.0,0.0,0.0,450,495,562,3.92,1
40661,40708,2,154gap_오송-북오송_2,0.000612,0.005569,0.00451,0.0,0.0,0.0,0.0,450,495,562,3.92,1
40174,40587,1,154gap_원창-부평T2_1,0.000614,0.005592,0.004529,0.0,0.0,0.0,0.0,450,495,562,3.94,1
40174,40587,2,154gap_원창-부평T2_2,0.000614,0.005592,0.004529,0.0,0.0,0.0,0.0,450,495,562,3.94,1
40230,40602,1,154gap_평동-송정2_1,0.000637,0.0058,0.004697,0.0,0.0,0.0,0.0,450,495,562,4.08,1
40230,40602,2,154gap_평동-송정2_2,0.000637,0.0058,0.004697,0.0,0.0,0.0,0.0,450,495,562,4.08,1
40077,40343,1,154gap_봉덕-남대구_1,0.000649,0.005907,0.004783,0.0,0.0,0.0,0.0,450,495,562,4.16,1
40077,40343,2,154gap_봉덕-남대구_2,0.000649,0.005907,0.004783,0.0,0.0,0.0,0.0,450,495,562,4.16,1
40574,40610,1,154gap_학익-북송도_1,0.000671,0.006105,0.004944,0.0,0.0,0.0,0.0,450,495,562,4.3,1
40574,40610,2,154gap_학익-북송도_2,0.000671,0.006105,0.004944,0.0,0.0,0.0,0.0,450,495,562,4.3,1
40157,40481,1,154gap_서수원-호매실_1,0.000691,0.006288,0.005092,0.0,0.0,0.0,0.0,450,495,562,4.43,1
40157,40481,2,154gap_서수원-호매실_2,0.000691,0.006288,0.005092,0.0,0.0,0.0,0.0,450,495,562,4.43,1
40663,40664,1,154gap_상당-사직_1,0.000691,0.006289,0.005094,0.0,0.0,0.0,0.0,450,495,562,4.43,1
40663,40664,2,154gap_상당-사직_2,0.000691,0.006289,0.005094,0.0,0.0,0.0,0.0,450,495,562,4.43,1
40417,40426,1,154gap_용정-포천_1,0.000712,0.00648,0.005248,0.0,0.0,0.0,0.0,450,495,562,4.56,1
40417,40426,2,154gap_용정-포천_2,0.000712,0.00648,0.005248,0.0,0.0,0.0,0.0,450,495,562,4.56,1
40544,40568,1,154gap_구지-서구지_1,0.000714,0.006495,0.00526,0.0,0.0,0.0,0.0,450,495,562,4.57,1
40544,40568,2,154gap_구지-서구지_2,0.000714,0.006495,0.00526,0.0,0.0,0.0,0.0,450,495,562,4.57,1
40281,40590,1,154gap_효목-안심_1,0.000735,0.006687,0.005416,0.0,0.0,0.0,0.0,450,495,562,4.71,1
40281,40590,2,154gap_효목-안심_2,0.000735,0.006687,0.005416,0.0,0.0,0.0,0.0,450,495,562,4.71,1
40191,40196,1,154gap_오산-진위_1,0.000788,0.007173,0.005809,0.0,0.0,0.0,0.0,450,495,562,5.05,1
40191,40196,2,154gap_오산-진위_2,0.000788,0.007173,0.005809,0.0,0.0,0.0,0.0,450,495,562,5.05,1
40636,40652,1,154gap_동전주-태평_1,0.000822,0.007479,0.006057,0.0,0.0,0.0,0.0,450,495,562,5.27,1
40636,40652,2,154gap_동전주-태평_2,0.000822,0.007479,0.006057,0.0,0.0,0.0,0.0,450,495,562,5.27,1
40176,40203,1,154gap_양산T1-양산T2_1,0.001012,0.00921,0.007459,0.0,0.0,0.0,0.0,450,495,562,6.49,1
40176,40203,2,154gap_양산T1-양산T2_2,0.001012,0.00921,0.007459,0.0,0.0,0.0,0.0,450,495,562,6.49,1
40431,40440,1,154gap_장덕-남양_1,0.001144,0.010416,0.008435,0.0,0.0,0.0,0.0,450,495,562,7.33,1
40431,40440,2,154gap_장덕-남양_2,0.001144,0.010416,0.008435,0.0,0.0,0.0,0.0,450,495,562,7.33,1
40124,40681,1,154gap_SRC-웅촌_1,0.001288,0.011727,0.009497,0.0,0.0,0.0,0.0,450,495,562,8.26,1
40124,40681,2,154gap_SRC-웅촌_2,0.001288,0.011727,0.009497,0.0,0.0,0.0,0.0,450,495,562,8.26,1
40144,40530,1,154gap_천북-경주_1,0.001341,0.012209,0.009888,0.0,0.0,0.0,0.0,450,495,562,8.6,1
40144,40530,2,154gap_천북-경주_2,0.001341,0.012209,0.009888,0.0,0.0,0.0,0.0,450,495,562,8.6,1
40582,40615,1,154gap_송월-중산_1,0.001371,0.012482,0.010109,0.0,0.0,0.0,0.0,450,495,562,8.79,1
40582,40615,2,154gap_송월-중산_2,0.001371,0.012482,0.010109,0.0,0.0,0.0,0.0,450,495,562,8.79,1
40581,40615,1,154gap_영종-중산_1,0.000931,0.008478,0.006866,0.0,0.0,0.0,0.0,450,495,562,5.97,1
40581,40615,2,154gap_영종-중산_2,0.000931,0.008478,0.006866,0.0,0.0,0.0,0.0,450,495,562,5.97,1
40401,40492,1,154gap_예산-합덕_1,0.001596,0.014525,0.011764,0.0,0.0,0.0,0.0,450,495,562,10.23,1
40401,40492,2,154gap_예산-합덕_2,0.001596,0.014525,0.011764,0.0,0.0,0.0,0.0,450,495,562,10.23,1
40279,40786,1,154gap_영암-금정개폐소_1,0.001638,0.014908,0.012073,0.0,0.0,0.0,0.0,450,495,562,10.5,1
40279,40786,2,154gap_영암-금정개폐소_2,0.001638,0.014908,0.012073,0.0,0.0,0.0,0.0,450,495,562,10.5,1
40448,40444,1,154loop_성곡-중시화_1,0.000218,0.001984,0.001607,0.0,0.0,0.0,0.0,450,495,562,1.4,1
40448,40444,2,154loop_성곡-중시화_2,0.000218,0.001984,0.001607,0.0,0.0,0.0,0.0,450,495,562,1.4,1
40448,40195,1,154loop_성곡-시화_1,0.000351,0.003193,0.002585,0.0,0.0,0.0,0.0,450,495,562,2.25,1
40448,40195,2,154loop_성곡-시화_2,0.000351,0.003193,0.002585,0.0,0.0,0.0,0.0,450,495,562,2.25,1
40449,40316,1,154loop_남안산-성포_1,0.000516,0.004695,0.003802,0.0,0.0,0.0,0.0,450,495,562,3.31,1
40449,40316,2,154loop_남안산-성포_2,0.000516,0.004695,0.003802,0.0,0.0,0.0,0.0,450,495,562,3.31,1
40449,40443,1,154loop_남안산-목내_1,0.000759,0.006908,0.005595,0.0,0.0,0.0,0.0,450,495,562,4.86,1
40449,40443,2,154loop_남안산-목내_2,0.000759,0.006908,0.005595,0.0,0.0,0.0,0.0,450,495,562,4.86,1
40451,40435,1,154loop_서시화-남시화_1,0.00047,0.004282,0.003468,0.0,0.0,0.0,0.0,450,495,562,3.02,1
40451,40435,2,154loop_서시화-남시화_2,0.00047,0.004282,0.003468,0.0,0.0,0.0,0.0,450,495,562,3.02,1
40451,40446,1,154loop_서시화-남정왕_1,0.000565,0.005145,0.004166,0.0,0.0,0.0,0.0,450,495,562,3.62,1
40451,40446,2,154loop_서시화-남정왕_2,0.000565,0.005145,0.004166,0.0,0.0,0.0,0.0,450,495,562,3.62,1
40458,40678,1,154loop_송강-신일_1,0.000287,0.002612,0.002115,0.0,0.0,0.0,0.0,450,495,562,1.84,1
40458,40678,2,154loop_송강-신일_2,0.000287,0.002612,0.002115,0.0,0.0,0.0,0.0,450,495,562,1.84,1
40458,40690,1,154loop_송강-신탄진_1,0.000722,0.006572,0.005323,0.0,0.0,0.0,0.0,450,495,562,4.63,1
40458,40690,2,154loop_송강-신탄진_2,0.000722,0.006572,0.005323,0.0,0.0,0.0,0.0,450,495,562,4.63,1
40459,40307,1,154loop_세교-삼미_1,0.000638,0.005803,0.0047,0.0,0.0,0.0,0.0,450,495,562,4.09,1
40459,40307,2,154loop_세교-삼미_2,0.000638,0.005803,0.0047,0.0,0.0,0.0,0.0,450,495,562,4.09,1
40459,40091,1,154loop_세교-SRC_1,0.000847,0.007711,0.006245,0.0,0.0,0.0,0.0,450,495,562,5.43,1
40459,40091,2,154loop_세교-SRC_2,0.000847,0.007711,0.006245,0.0,0.0,0.0,0.0,450,495,562,5.43,1
40462,40701,1,154loop_덕이-운정_1,0.000422,0.003843,0.003112,0.0,0.0,0.0,0.0,450,495,562,2.71,1
40462,40701,2,154loop_덕이-운정_2,0.000422,0.003843,0.003112,0.0,0.0,0.0,0.0,450,495,562,2.71,1
40462,40388,1,154loop_덕이-호수_1,0.000466,0.004241,0.003434,0.0,0.0,0.0,0.0,450,495,562,2.99,1
40462,40388,2,154loop_덕이-호수_2,0.000466,0.004241,0.003434,0.0,0.0,0.0,0.0,450,495,562,2.99,1
40477,40383,1,154loop_죽전-성남T1_1,0.000465,0.004234,0.003429,0.0,0.0,0.0,0.0,450,495,562,2.98,1
40477,40383,2,154loop_죽전-성남T1_2,0.000465,0.004234,0.003429,0.0,0.0,0.0,0.0,450,495,562,2.98,1
40477,40484,1,154loop_죽전-마북_1,0.000602,0.005481,0.004439,0.0,0.0,0.0,0.0,450,495,562,3.86,1
40477,40484,2,154loop_죽전-마북_2,0.000602,0.005481,0.004439,0.0,0.0,0.0,0.0,450,495,562,3.86,1
40481,40483,1,154loop_호매실-율전_1,0.000944,0.008592,0.006958,0.0,0.0,0.0,0.0,450,495,562,6.05,1
40481,40483,2,154loop_호매실-율전_2,0.000944,0.008592,0.006958,0.0,0.0,0.0,0.0,450,495,562,6.05,1
40481,40119,1,154loop_호매실-SRC_1,0.001298,0.011814,0.009568,0.0,0.0,0.0,0.0,450,495,562,8.32,1
40481,40119,2,154loop_호매실-SRC_2,0.001298,0.011814,0.009568,0.0,0.0,0.0,0.0,450,495,562,8.32,1
40484,40227,1,154loop_마북-수지_1,0.000604,0.005501,0.004455,0.0,0.0,0.0,0.0,450,495,562,3.87,1
40484,40227,2,154loop_마북-수지_2,0.000604,0.005501,0.004455,0.0,0.0,0.0,0.0,450,495,562,3.87,1
40484,40069,1,154loop_마북-신갈_1,0.000611,0.005559,0.004502,0.0,0.0,0.0,0.0,450,495,562,3.92,1
40484,40069,2,154loop_마북-신갈_2,0.000611,0.005559,0.004502,0.0,0.0,0.0,0.0,450,495,562,3.92,1
40485,40224,1,154loop_평촌-동안양_1,0.000473,0.004306,0.003488,0.0,0.0,0.0,0.0,450,495,562,3.03,1
40485,40224,2,154loop_평촌-동안양_2,0.000473,0.004306,0.003488,0.0,0.0,0.0,0.0,450,495,562,3.03,1
40485,40284,1,154loop_평촌-안양_1,0.000506,0.004608,0.003732,0.0,0.0,0.0,0.0,450,495,562,3.25,1
40485,40284,2,154loop_평촌-안양_2,0.000506,0.004608,0.003732,0.0,0.0,0.0,0.0,450,495,562,3.25,1
40486,40199,1,154loop_남안성-서운_1,0.000768,0.006993,0.005663,0.0,0.0,0.0,0.0,450,495,562,4.92,1
40486,40199,2,154loop_남안성-서운_2,0.000768,0.006993,0.005663,0.0,0.0,0.0,0.0,450,495,562,4.92,1
40486,40300,1,154loop_남안성-SRC_1,0.001829,0.016647,0.013482,0.0,0.0,0.0,0.0,450,495,562,11.72,1
40489,40246,1,154loop_중원-야탑_1,0.000638,0.005812,0.004707,0.0,0.0,0.0,0.0,450,495,562,4.09,1
40489,40246,2,154loop_중원-야탑_2,0.000638,0.005812,0.004707,0.0,0.0,0.0,0.0,450,495,562,4.09,1
40489,40128,1,154loop_중원-성현_1,0.0007,0.006371,0.00516,0.0,0.0,0.0,0.0,450,495,562,4.49,1
40489,40128,2,154loop_중원-성현_2,0.0007,0.006371,0.00516,0.0,0.0,0.0,0.0,450,495,562,4.49,1
40492,40509,1,154loop_합덕-응봉_1,0.002322,0.02114,0.017121,0.0,0.0,0.0,0.0,450,495,562,14.89,1
40492,40070,1,154loop_합덕-인주_1,0.002347,0.021362,0.0173,0.0,0.0,0.0,0.0,450,495,562,15.04,1
40500,40499,1,154loop_차룡-창공_1,0.000626,0.005695,0.004612,0.0,0.0,0.0,0.0,450,495,562,4.01,1
40500,40499,2,154loop_차룡-창공_2,0.000626,0.005695,0.004612,0.0,0.0,0.0,0.0,450,495,562,4.01,1
40500,40502,1,154loop_차룡-월림_1,0.000809,0.007367,0.005966,0.0,0.0,0.0,0.0,450,495,562,5.19,1
40500,40502,2,154loop_차룡-월림_2,0.000809,0.007367,0.005966,0.0,0.0,0.0,0.0,450,495,562,5.19,1
40000,40570,1,154loop_대구T1-두류_1,0.000349,0.003176,0.002572,0.0,0.0,0.0,0.0,450,495,562,2.24,1
40000,40570,2,154loop_대구T1-두류_2,0.000349,0.003176,0.002572,0.0,0.0,0.0,0.0,450,495,562,2.24,1
40000,40572,1,154loop_대구T1-동인_1,0.000534,0.004858,0.003934,0.0,0.0,0.0,0.0,450,495,562,3.42,1
40000,40572,2,154loop_대구T1-동인_2,0.000534,0.004858,0.003934,0.0,0.0,0.0,0.0,450,495,562,3.42,1
40003,40015,1,154loop_구의-풍납_1,0.000322,0.00293,0.002373,0.0,0.0,0.0,0.0,450,495,562,2.06,1
40003,40015,2,154loop_구의-풍납_2,0.000322,0.00293,0.002373,0.0,0.0,0.0,0.0,450,495,562,2.06,1
40003,40745,1,154loop_구의-뚝도_1,0.000414,0.003764,0.003048,0.0,0.0,0.0,0.0,450,495,562,2.65,1
40003,40745,2,154loop_구의-뚝도_2,0.000414,0.003764,0.003048,0.0,0.0,0.0,0.0,450,495,562,2.65,1
40014,40015,1,154loop_천호-풍납_1,0.000523,0.004763,0.003857,0.0,0.0,0.0,0.0,450,495,562,3.35,1
40014,40015,2,154loop_천호-풍납_2,0.000523,0.004763,0.003857,0.0,0.0,0.0,0.0,450,495,562,3.35,1
40014,40746,1,154loop_천호-광장_1,0.000548,0.004992,0.004043,0.0,0.0,0.0,0.0,450,495,562,3.52,1
40014,40746,2,154loop_천호-광장_2,0.000548,0.004992,0.004043,0.0,0.0,0.0,0.0,450,495,562,3.52,1
40530,40548,1,154loop_경주-왕신_1,0.002461,0.022398,0.018139,0.0,0.0,0.0,0.0,450,495,562,15.77,1
40530,40547,1,154loop_경주-입실_1,0.002826,0.025721,0.02083,0.0,0.0,0.0,0.0,450,495,562,18.11,1
40027,40221,1,154loop_마포-신촌_1,0.000293,0.002671,0.002164,0.0,0.0,0.0,0.0,450,495,562,1.88,1
40027,40221,2,154loop_마포-신촌_2,0.000293,0.002671,0.002164,0.0,0.0,0.0,0.0,450,495,562,1.88,1
40027,40026,1,154loop_마포-여의_1,0.000384,0.003497,0.002832,0.0,0.0,0.0,0.0,450,495,562,2.46,1
40027,40026,2,154loop_마포-여의_2,0.000384,0.003497,0.002832,0.0,0.0,0.0,0.0,450,495,562,2.46,1
40540,40044,1,154loop_침산-공평_1,0.000358,0.003257,0.002638,0.0,0.0,0.0,0.0,450,495,562,2.29,1
40540,40044,2,154loop_침산-공평_2,0.000358,0.003257,0.002638,0.0,0.0,0.0,0.0,450,495,562,2.29,1
40540,40572,1,154loop_침산-동인_1,0.000431,0.003922,0.003176,0.0,0.0,0.0,0.0,450,495,562,2.76,1
40540,40572,2,154loop_침산-동인_2,0.000431,0.003922,0.003176,0.0,0.0,0.0,0.0,450,495,562,2.76,1
40029,40761,1,154loop_중계-노원_1,0.000525,0.004776,0.003868,0.0,0.0,0.0,0.0,450,495,562,3.36,1
40029,40761,2,154loop_중계-노원_2,0.000525,0.004776,0.003868,0.0,0.0,0.0,0.0,450,495,562,3.36,1
40029,40762,1,154loop_중계-쌍문_1,0.000872,0.007933,0.006425,0.0,0.0,0.0,0.0,450,495,562,5.59,1
40029,40762,2,154loop_중계-쌍문_2,0.000872,0.007933,0.006425,0.0,0.0,0.0,0.0,450,495,562,5.59,1
40036,40011,1,154loop_이수-교대_1,0.000428,0.003897,0.003156,0.0,0.0,0.0,0.0,450,495,562,2.74,1
40036,40011,2,154loop_이수-교대_2,0.000428,0.003897,0.003156,0.0,0.0,0.0,0.0,450,495,562,2.74,1
40036,40700,1,154loop_이수-반포_1,0.000441,0.004014,0.003251,0.0,0.0,0.0,0.0,450,495,562,2.83,1
40036,40700,2,154loop_이수-반포_2,0.000441,0.004014,0.003251,0.0,0.0,0.0,0.0,450,495,562,2.83,1
40044,40415,1,154loop_공평-서침산_1,0.000459,0.004176,0.003382,0.0,0.0,0.0,0.0,450,495,562,2.94,1
40044,40415,2,154loop_공평-서침산_2,0.000459,0.004176,0.003382,0.0,0.0,0.0,0.0,450,495,562,2.94,1
40044,40343,1,154loop_공평-남대구_1,0.000507,0.004611,0.003734,0.0,0.0,0.0,0.0,450,495,562,3.25,1
40044,40343,2,154loop_공평-남대구_2,0.000507,0.004611,0.003734,0.0,0.0,0.0,0.0,450,495,562,3.25,1
40046,40507,1,154loop_동대전-남대전_1,0.000465,0.004231,0.003426,0.0,0.0,0.0,0.0,450,495,562,2.98,1
40046,40507,2,154loop_동대전-남대전_2,0.000465,0.004231,0.003426,0.0,0.0,0.0,0.0,450,495,562,2.98,1
40046,40161,1,154loop_동대전-용운_1,0.000493,0.004486,0.003633,0.0,0.0,0.0,0.0,450,495,562,3.16,1
40046,40161,2,154loop_동대전-용운_2,0.000493,0.004486,0.003633,0.0,0.0,0.0,0.0,450,495,562,3.16,1
40048,40415,1,154loop_내당-서침산_1,0.000426,0.003874,0.003137,0.0,0.0,0.0,0.0,450,495,562,2.73,1
40048,40415,2,154loop_내당-서침산_2,0.000426,0.003874,0.003137,0.0,0.0,0.0,0.0,450,495,562,2.73,1
40048,40572,1,154loop_내당-동인_1,0.000537,0.004885,0.003956,0.0,0.0,0.0,0.0,450,495,562,3.44,1
40048,40572,2,154loop_내당-동인_2,0.000537,0.004885,0.003956,0.0,0.0,0.0,0.0,450,495,562,3.44,1
40053,40706,1,154loop_서천안-직산_1,0.000709,0.006452,0.005225,0.0,0.0,0.0,0.0,450,495,562,4.54,1
40053,40706,2,154loop_서천안-직산_2,0.000709,0.006452,0.005225,0.0,0.0,0.0,0.0,450,495,562,4.54,1
40053,40335,1,154loop_서천안-불당_1,0.000878,0.007995,0.006475,0.0,0.0,0.0,0.0,450,495,562,5.63,1
40053,40335,2,154loop_서천안-불당_2,0.000878,0.007995,0.006475,0.0,0.0,0.0,0.0,450,495,562,5.63,1
40567,40570,1,154loop_와룡-두류_1,0.000536,0.004879,0.003952,0.0,0.0,0.0,0.0,450,495,562,3.44,1
40567,40570,2,154loop_와룡-두류_2,0.000536,0.004879,0.003952,0.0,0.0,0.0,0.0,450,495,562,3.44,1
40567,40296,1,154loop_와룡-월배_1,0.000658,0.005991,0.004852,0.0,0.0,0.0,0.0,450,495,562,4.22,1
40567,40296,2,154loop_와룡-월배_2,0.000658,0.005991,0.004852,0.0,0.0,0.0,0.0,450,495,562,4.22,1
40568,40168,1,154loop_서구지-유가_1,0.000976,0.008881,0.007193,0.0,0.0,0.0,0.0,450,495,562,6.25,1
40568,40168,2,154loop_서구지-유가_2,0.000976,0.008881,0.007193,0.0,0.0,0.0,0.0,450,495,562,6.25,1
40568,40539,1,154loop_서구지-현풍_1,0.0015,0.013658,0.011061,0.0,0.0,0.0,0.0,450,495,562,9.62,1
40569,40296,1,154loop_상인-월배_1,0.000665,0.006055,0.004903,0.0,0.0,0.0,0.0,450,495,562,4.26,1
40569,40296,2,154loop_상인-월배_2,0.000665,0.006055,0.004903,0.0,0.0,0.0,0.0,450,495,562,4.26,1
40569,40542,1,154loop_상인-성서_1,0.000996,0.009065,0.007341,0.0,0.0,0.0,0.0,450,495,562,6.38,1
40569,40542,2,154loop_상인-성서_2,0.000996,0.009065,0.007341,0.0,0.0,0.0,0.0,450,495,562,6.38,1
40570,40345,1,154loop_두류-팔달_1,0.000625,0.005687,0.004605,0.0,0.0,0.0,0.0,450,495,562,4.0,1
40570,40345,2,154loop_두류-팔달_2,0.000625,0.005687,0.004605,0.0,0.0,0.0,0.0,450,495,562,4.0,1
40570,40415,1,154loop_두류-서침산_1,0.000772,0.007029,0.005693,0.0,0.0,0.0,0.0,450,495,562,4.95,1
40570,40415,2,154loop_두류-서침산_2,0.000772,0.007029,0.005693,0.0,0.0,0.0,0.0,450,495,562,4.95,1
40571,40415,1,154loop_산격-서침산_1,0.000519,0.004721,0.003823,0.0,0.0,0.0,0.0,450,495,562,3.32,1
40571,40415,2,154loop_산격-서침산_2,0.000519,0.004721,0.003823,0.0,0.0,0.0,0.0,450,495,562,3.32,1
40571,40572,1,154loop_산격-동인_1,0.000622,0.005665,0.004588,0.0,0.0,0.0,0.0,450,495,562,3.99,1
40571,40572,2,154loop_산격-동인_2,0.000622,0.005665,0.004588,0.0,0.0,0.0,0.0,450,495,562,3.99,1
40572,40415,1,154loop_동인-서침산_1,0.0004,0.003643,0.00295,0.0,0.0,0.0,0.0,450,495,562,2.57,1
40572,40415,2,154loop_동인-서침산_2,0.0004,0.003643,0.00295,0.0,0.0,0.0,0.0,450,495,562,2.57,1
40572,40281,1,154loop_동인-효목_1,0.000648,0.005903,0.004781,0.0,0.0,0.0,0.0,450,495,562,4.16,1
40572,40281,2,154loop_동인-효목_2,0.000648,0.005903,0.004781,0.0,0.0,0.0,0.0,450,495,562,4.16,1
40574,40583,1,154loop_학익-남인천_1,0.000539,0.004903,0.003971,0.0,0.0,0.0,0.0,450,495,562,3.45,1
40574,40583,2,154loop_학익-남인천_2,0.000539,0.004903,0.003971,0.0,0.0,0.0,0.0,450,495,562,3.45,1
40574,40614,1,154loop_학익-남동_1,0.000853,0.007764,0.006288,0.0,0.0,0.0,0.0,450,495,562,5.47,1
40574,40614,2,154loop_학익-남동_2,0.000853,0.007764,0.006288,0.0,0.0,0.0,0.0,450,495,562,5.47,1
40575,40589,1,154loop_주안-부개_1,0.000581,0.005288,0.004282,0.0,0.0,0.0,0.0,450,495,562,3.72,1
40575,40589,2,154loop_주안-부개_2,0.000581,0.005288,0.004282,0.0,0.0,0.0,0.0,450,495,562,3.72,1
40575,40577,1,154loop_주안-신현_1,0.000634,0.00577,0.004673,0.0,0.0,0.0,0.0,450,495,562,4.06,1
40575,40577,2,154loop_주안-신현_2,0.000634,0.00577,0.004673,0.0,0.0,0.0,0.0,450,495,562,4.06,1
40576,40577,1,154loop_인천-신현_1,0.000419,0.003816,0.00309,0.0,0.0,0.0,0.0,450,495,562,2.69,1
40576,40577,2,154loop_인천-신현_2,0.000419,0.003816,0.00309,0.0,0.0,0.0,0.0,450,495,562,2.69,1
40576,40578,1,154loop_인천-송현_1,0.000484,0.004409,0.00357,0.0,0.0,0.0,0.0,450,495,562,3.1,1
40576,40578,2,154loop_인천-송현_2,0.000484,0.004409,0.00357,0.0,0.0,0.0,0.0,450,495,562,3.1,1
40577,40309,1,154loop_신현-SRC_1,0.000521,0.004746,0.003843,0.0,0.0,0.0,0.0,450,495,562,3.34,1
40577,40309,2,154loop_신현-SRC_2,0.000521,0.004746,0.003843,0.0,0.0,0.0,0.0,450,495,562,3.34,1
40577,40583,1,154loop_신현-남인천_1,0.000588,0.005348,0.004331,0.0,0.0,0.0,0.0,450,495,562,3.77,1
40577,40583,2,154loop_신현-남인천_2,0.000588,0.005348,0.004331,0.0,0.0,0.0,0.0,450,495,562,3.77,1
40578,40174,1,154loop_송현-원창_1,0.000791,0.007203,0.005834,0.0,0.0,0.0,0.0,450,495,562,5.07,1
40578,40174,2,154loop_송현-원창_2,0.000791,0.007203,0.005834,0.0,0.0,0.0,0.0,450,495,562,5.07,1
40578,40309,1,154loop_송현-SRC_1,0.000886,0.008063,0.00653,0.0,0.0,0.0,0.0,450,495,562,5.68,1
40578,40309,2,154loop_송현-SRC_2,0.000886,0.008063,0.00653,0.0,0.0,0.0,0.0,450,495,562,5.68,1
40068,40341,1,154loop_흥덕-수원T1_1,0.000425,0.003871,0.003135,0.0,0.0,0.0,0.0,450,495,562,2.73,1
40068,40341,2,154loop_흥덕-수원T1_2,0.000425,0.003871,0.003135,0.0,0.0,0.0,0.0,450,495,562,2.73,1
40068,40460,1,154loop_흥덕-동수원_1,0.000622,0.005657,0.004582,0.0,0.0,0.0,0.0,450,495,562,3.98,1
40068,40460,2,154loop_흥덕-동수원_2,0.000622,0.005657,0.004582,0.0,0.0,0.0,0.0,450,495,562,3.98,1
40580,40158,1,154loop_만수-인천T1_1,0.000614,0.005593,0.004529,0.0,0.0,0.0,0.0,450,495,562,3.94,1
40580,40158,2,154loop_만수-인천T1_2,0.000614,0.005593,0.004529,0.0,0.0,0.0,0.0,450,495,562,3.94,1
40580,40575,1,154loop_만수-주안_1,0.000803,0.007314,0.005923,0.0,0.0,0.0,0.0,450,495,562,5.15,1
40580,40575,2,154loop_만수-주안_2,0.000803,0.007314,0.005923,0.0,0.0,0.0,0.0,450,495,562,5.15,1
40581,40587,1,154loop_영종-부평T2_1,0.002278,0.020736,0.016793,0.0,0.0,0.0,0.0,450,495,562,14.6,1
40581,40582,1,154loop_영종-송월_1,0.002291,0.020855,0.01689,0.0,0.0,0.0,0.0,450,495,562,14.69,1
40582,40583,1,154loop_송월-남인천_1,0.000462,0.00421,0.003409,0.0,0.0,0.0,0.0,450,495,562,2.96,1
40582,40583,2,154loop_송월-남인천_2,0.000462,0.00421,0.003409,0.0,0.0,0.0,0.0,450,495,562,2.96,1
40582,40577,1,154loop_송월-신현_1,0.000663,0.006033,0.004886,0.0,0.0,0.0,0.0,450,495,562,4.25,1
40582,40577,2,154loop_송월-신현_2,0.000663,0.006033,0.004886,0.0,0.0,0.0,0.0,450,495,562,4.25,1
40583,40240,1,154loop_남인천-연수_1,0.000903,0.008217,0.006655,0.0,0.0,0.0,0.0,450,495,562,5.79,1
40583,40240,2,154loop_남인천-연수_2,0.000903,0.008217,0.006655,0.0,0.0,0.0,0.0,450,495,562,5.79,1
40583,40575,1,154loop_남인천-주안_1,0.001045,0.009516,0.007706,0.0,0.0,0.0,0.0,450,495,562,6.7,1
40583,40575,2,154loop_남인천-주안_2,0.001045,0.009516,0.007706,0.0,0.0,0.0,0.0,450,495,562,6.7,1
40584,40240,1,154loop_관교-연수_1,0.000625,0.005693,0.004611,0.0,0.0,0.0,0.0,450,495,562,4.01,1
40584,40240,2,154loop_관교-연수_2,0.000625,0.005693,0.004611,0.0,0.0,0.0,0.0,450,495,562,4.01,1
40584,40575,1,154loop_관교-주안_1,0.000661,0.006015,0.004871,0.0,0.0,0.0,0.0,450,495,562,4.24,1
40584,40575,2,154loop_관교-주안_2,0.000661,0.006015,0.004871,0.0,0.0,0.0,0.0,450,495,562,4.24,1
40074,40075,1,154loop_계양1-임학_1,0.000516,0.0047,0.003806,0.0,0.0,0.0,0.0,450,495,562,3.31,1
40074,40075,2,154loop_계양1-임학_2,0.000516,0.0047,0.003806,0.0,0.0,0.0,0.0,450,495,562,3.31,1
40074,40236,1,154loop_계양1-계양2_1,0.000706,0.00643,0.005208,0.0,0.0,0.0,0.0,450,495,562,4.53,1
40074,40236,2,154loop_계양1-계양2_2,0.000706,0.00643,0.005208,0.0,0.0,0.0,0.0,450,495,562,4.53,1
40075,40043,1,154loop_임학-중동_1,0.000534,0.00486,0.003936,0.0,0.0,0.0,0.0,450,495,562,3.42,1
40075,40043,2,154loop_임학-중동_2,0.000534,0.00486,0.003936,0.0,0.0,0.0,0.0,450,495,562,3.42,1
40075,40393,1,154loop_임학-SRC_1,0.000632,0.005751,0.004658,0.0,0.0,0.0,0.0,450,495,562,4.05,1
40075,40393,2,154loop_임학-SRC_2,0.000632,0.005751,0.004658,0.0,0.0,0.0,0.0,450,495,562,4.05,1
40585,40586,1,154loop_왕길-경서_1,0.000847,0.007713,0.006247,0.0,0.0,0.0,0.0,450,495,562,5.43,1
40585,40586,2,154loop_왕길-경서_2,0.000847,0.007713,0.006247,0.0,0.0,0.0,0.0,450,495,562,5.43,1
40585,40359,1,154loop_왕길-SRC_1,0.000972,0.008845,0.007163,0.0,0.0,0.0,0.0,450,495,562,6.23,1
40585,40359,2,154loop_왕길-SRC_2,0.000972,0.008845,0.007163,0.0,0.0,0.0,0.0,450,495,562,6.23,1
40077,40084,1,154loop_봉덕-대구T2_1,0.00065,0.005921,0.004795,0.0,0.0,0.0,0.0,450,495,562,4.17,1
40077,40084,2,154loop_봉덕-대구T2_2,0.00065,0.005921,0.004795,0.0,0.0,0.0,0.0,450,495,562,4.17,1
40077,40572,1,154loop_봉덕-동인_1,0.000724,0.006588,0.005335,0.0,0.0,0.0,0.0,450,495,562,4.64,1
40077,40572,2,154loop_봉덕-동인_2,0.000724,0.006588,0.005335,0.0,0.0,0.0,0.0,450,495,562,4.64,1
40587,40588,1,154loop_부평T2-청라_1,0.000615,0.005602,0.004537,0.0,0.0,0.0,0.0,450,495,562,3.95,1
40587,40588,2,154loop_부평T2-청라_2,0.000615,0.005602,0.004537,0.0,0.0,0.0,0.0,450,495,562,3.95,1
40587,40586,1,154loop_부평T2-경서_1,0.000679,0.006185,0.005009,0.0,0.0,0.0,0.0,450,495,562,4.36,1
40587,40586,2,154loop_부평T2-경서_2,0.000679,0.006185,0.005009,0.0,0.0,0.0,0.0,450,495,562,4.36,1
40588,40579,1,154loop_청라-북인천_1,0.000484,0.004406,0.003568,0.0,0.0,0.0,0.0,450,495,562,3.1,1
40588,40579,2,154loop_청라-북인천_2,0.000484,0.004406,0.003568,0.0,0.0,0.0,0.0,450,495,562,3.1,1
40588,40585,1,154loop_청라-왕길_1,0.001025,0.009327,0.007554,0.0,0.0,0.0,0.0,450,495,562,6.57,1
40588,40585,2,154loop_청라-왕길_2,0.001025,0.009327,0.007554,0.0,0.0,0.0,0.0,450,495,562,6.57,1
40589,40393,1,154loop_부개-SRC_1,0.000603,0.005493,0.004449,0.0,0.0,0.0,0.0,450,495,562,3.87,1
40589,40393,2,154loop_부개-SRC_2,0.000603,0.005493,0.004449,0.0,0.0,0.0,0.0,450,495,562,3.87,1
40589,40309,1,154loop_부개-SRC_1,0.000613,0.005582,0.004521,0.0,0.0,0.0,0.0,450,495,562,3.93,1
40589,40309,2,154loop_부개-SRC_2,0.000613,0.005582,0.004521,0.0,0.0,0.0,0.0,450,495,562,3.93,1
40590,40204,1,154loop_안심-노변_1,0.000762,0.006939,0.00562,0.0,0.0,0.0,0.0,450,495,562,4.89,1
40590,40204,2,154loop_안심-노변_2,0.000762,0.006939,0.00562,0.0,0.0,0.0,0.0,450,495,562,4.89,1
40590,40703,1,154loop_안심-신서_1,0.000864,0.007867,0.006371,0.0,0.0,0.0,0.0,450,495,562,5.54,1
40590,40703,2,154loop_안심-신서_2,0.000864,0.007867,0.006371,0.0,0.0,0.0,0.0,450,495,562,5.54,1
40086,40302,1,154loop_보광-동빙고_1,0.000342,0.003117,0.002524,0.0,0.0,0.0,0.0,450,495,562,2.2,1
40086,40302,2,154loop_보광-동빙고_2,0.000342,0.003117,0.002524,0.0,0.0,0.0,0.0,450,495,562,2.2,1
40086,40005,1,154loop_보광-논일_1,0.000492,0.004476,0.003625,0.0,0.0,0.0,0.0,450,495,562,3.15,1
40086,40005,2,154loop_보광-논일_2,0.000492,0.004476,0.003625,0.0,0.0,0.0,0.0,450,495,562,3.15,1
40600,40275,1,154loop_북광주-화정_1,0.000524,0.004767,0.003861,0.0,0.0,0.0,0.0,450,495,562,3.36,1
40600,40275,2,154loop_북광주-화정_2,0.000524,0.004767,0.003861,0.0,0.0,0.0,0.0,450,495,562,3.36,1
40600,40604,1,154loop_북광주-농성_1,0.000539,0.004906,0.003973,0.0,0.0,0.0,0.0,450,495,562,3.45,1
40600,40604,2,154loop_북광주-농성_2,0.000539,0.004906,0.003973,0.0,0.0,0.0,0.0,450,495,562,3.45,1
40602,40714,1,154loop_송정2-흑석_1,0.000802,0.007303,0.005915,0.0,0.0,0.0,0.0,450,495,562,5.14,1
40602,40714,2,154loop_송정2-흑석_2,0.000802,0.007303,0.005915,0.0,0.0,0.0,0.0,450,495,562,5.14,1
40602,40223,1,154loop_송정2-하남_1,0.001181,0.010749,0.008705,0.0,0.0,0.0,0.0,450,495,562,7.57,1
40602,40223,2,154loop_송정2-하남_2,0.001181,0.010749,0.008705,0.0,0.0,0.0,0.0,450,495,562,7.57,1
40604,40598,1,154loop_농성-충장_1,0.000731,0.006656,0.005391,0.0,0.0,0.0,0.0,450,495,562,4.69,1
40604,40598,2,154loop_농성-충장_2,0.000731,0.006656,0.005391,0.0,0.0,0.0,0.0,450,495,562,4.69,1
40604,40599,1,154loop_농성-일곡_1,0.000878,0.007994,0.006474,0.0,0.0,0.0,0.0,450,495,562,5.63,1
40604,40599,2,154loop_농성-일곡_2,0.000878,0.007994,0.006474,0.0,0.0,0.0,0.0,450,495,562,5.63,1
40608,40158,1,154loop_고잔-인천T1_1,0.000559,0.005091,0.004123,0.0,0.0,0.0,0.0,450,495,562,3.59,1
40608,40158,2,154loop_고잔-인천T1_2,0.000559,0.005091,0.004123,0.0,0.0,0.0,0.0,450,495,562,3.59,1
40608,40240,1,154loop_고잔-연수_1,0.000734,0.00668,0.00541,0.0,0.0,0.0,0.0,450,495,562,4.7,1
40608,40240,2,154loop_고잔-연수_2,0.000734,0.00668,0.00541,0.0,0.0,0.0,0.0,450,495,562,4.7,1
40610,40240,1,154loop_북송도-연수_1,0.000703,0.006395,0.005179,0.0,0.0,0.0,0.0,450,495,562,4.5,1
40610,40240,2,154loop_북송도-연수_2,0.000703,0.006395,0.005179,0.0,0.0,0.0,0.0,450,495,562,4.5,1
40610,40613,1,154loop_북송도-동춘_1,0.000729,0.006639,0.005376,0.0,0.0,0.0,0.0,450,495,562,4.68,1
40610,40613,2,154loop_북송도-동춘_2,0.000729,0.006639,0.005376,0.0,0.0,0.0,0.0,450,495,562,4.68,1
40611,40608,1,154loop_동송도-고잔_1,0.000752,0.006842,0.005541,0.0,0.0,0.0,0.0,450,495,562,4.82,1
40611,40608,2,154loop_동송도-고잔_2,0.000752,0.006842,0.005541,0.0,0.0,0.0,0.0,450,495,562,4.82,1
40611,40451,1,154loop_동송도-서시화_1,0.000762,0.006938,0.005619,0.0,0.0,0.0,0.0,450,495,562,4.89,1
40611,40451,2,154loop_동송도-서시화_2,0.000762,0.006938,0.005619,0.0,0.0,0.0,0.0,450,495,562,4.89,1
40612,40614,1,154loop_오봉-남동_1,0.000499,0.004542,0.003678,0.0,0.0,0.0,0.0,450,495,562,3.2,1
40612,40614,2,154loop_오봉-남동_2,0.000499,0.004542,0.003678,0.0,0.0,0.0,0.0,450,495,562,3.2,1
40612,40262,1,154loop_오봉-정왕_1,0.000658,0.00599,0.004851,0.0,0.0,0.0,0.0,450,495,562,4.22,1
40612,40262,2,154loop_오봉-정왕_2,0.000658,0.00599,0.004851,0.0,0.0,0.0,0.0,450,495,562,4.22,1
40613,40614,1,154loop_동춘-남동_1,0.00041,0.003732,0.003022,0.0,0.0,0.0,0.0,450,495,562,2.63,1
40613,40614,2,154loop_동춘-남동_2,0.00041,0.003732,0.003022,0.0,0.0,0.0,0.0,450,495,562,2.63,1
40613,40240,1,154loop_동춘-연수_1,0.0006,0.005458,0.00442,0.0,0.0,0.0,0.0,450,495,562,3.84,1
40613,40240,2,154loop_동춘-연수_2,0.0006,0.005458,0.00442,0.0,0.0,0.0,0.0,450,495,562,3.84,1
40614,40158,1,154loop_남동-인천T1_1,0.000555,0.005051,0.004091,0.0,0.0,0.0,0.0,450,495,562,3.56,1
40614,40158,2,154loop_남동-인천T1_2,0.000555,0.005051,0.004091,0.0,0.0,0.0,0.0,450,495,562,3.56,1
40614,40580,1,154loop_남동-만수_1,0.000881,0.008018,0.006493,0.0,0.0,0.0,0.0,450,495,562,5.65,1
40614,40580,2,154loop_남동-만수_2,0.000881,0.008018,0.006493,0.0,0.0,0.0,0.0,450,495,562,5.65,1
40615,40587,1,154loop_중산-부평T2_1,0.001555,0.014158,0.011466,0.0,0.0,0.0,0.0,450,495,562,9.97,1
40615,40578,1,154loop_중산-송현_1,0.001665,0.015159,0.012276,0.0,0.0,0.0,0.0,450,495,562,10.68,1
40628,40629,1,154loop_동원주-북원주_1,0.001264,0.011509,0.009321,0.0,0.0,0.0,0.0,450,495,562,8.1,1
40628,40629,2,154loop_동원주-북원주_2,0.001264,0.011509,0.009321,0.0,0.0,0.0,0.0,450,495,562,8.1,1
40628,40644,1,154loop_동원주-원주_1,0.001272,0.011583,0.00938,0.0,0.0,0.0,0.0,450,495,562,8.16,1
40628,40644,2,154loop_동원주-원주_2,0.001272,0.011583,0.00938,0.0,0.0,0.0,0.0,450,495,562,8.16,1
40634,40640,1,154loop_내초-군장_1,0.000749,0.006818,0.005521,0.0,0.0,0.0,0.0,450,495,562,4.8,1
40634,40640,2,154loop_내초-군장_2,0.000749,0.006818,0.005521,0.0,0.0,0.0,0.0,450,495,562,4.8,1
40634,40633,1,154loop_내초-동군산_1,0.002464,0.022425,0.018161,0.0,0.0,0.0,0.0,450,495,562,15.79,1
40640,40350,1,154loop_군장-SRC_1,0.001307,0.011897,0.009635,0.0,0.0,0.0,0.0,450,495,562,8.38,1
40640,40350,2,154loop_군장-SRC_2,0.001307,0.011897,0.009635,0.0,0.0,0.0,0.0,450,495,562,8.38,1
40640,40641,1,154loop_군장-소룡_1,0.001536,0.013978,0.01132,0.0,0.0,0.0,0.0,450,495,562,9.84,1
40641,40332,1,154loop_소룡-비응_1,0.001335,0.012152,0.009842,0.0,0.0,0.0,0.0,450,495,562,8.56,1
40641,40332,2,154loop_소룡-비응_2,0.001335,0.012152,0.009842,0.0,0.0,0.0,0.0,450,495,562,8.56,1
40641,40633,1,154loop_소룡-동군산_1,0.001648,0.014998,0.012146,0.0,0.0,0.0,0.0,450,495,562,10.56,1
40652,40692,1,154loop_태평-팔복_1,0.000825,0.007511,0.006083,0.0,0.0,0.0,0.0,450,495,562,5.29,1
40652,40692,2,154loop_태평-팔복_2,0.000825,0.007511,0.006083,0.0,0.0,0.0,0.0,450,495,562,5.29,1
40652,40635,1,154loop_태평-남전주_1,0.000993,0.009035,0.007317,0.0,0.0,0.0,0.0,450,495,562,6.36,1
40652,40635,2,154loop_태평-남전주_2,0.000993,0.009035,0.007317,0.0,0.0,0.0,0.0,450,495,562,6.36,1
40663,40668,1,154loop_상당-봉명_1,0.000891,0.008108,0.006566,0.0,0.0,0.0,0.0,450,495,562,5.71,1
40663,40668,2,154loop_상당-봉명_2,0.000891,0.008108,0.006566,0.0,0.0,0.0,0.0,450,495,562,5.71,1
40663,40667,1,154loop_상당-북청주_1,0.000891,0.008113,0.006571,0.0,0.0,0.0,0.0,450,495,562,5.71,1
40663,40667,2,154loop_상당-북청주_2,0.000891,0.008113,0.006571,0.0,0.0,0.0,0.0,450,495,562,5.71,1
40664,40668,1,154loop_사직-봉명_1,0.000456,0.004151,0.003362,0.0,0.0,0.0,0.0,450,495,562,2.92,1
40664,40668,2,154loop_사직-봉명_2,0.000456,0.004151,0.003362,0.0,0.0,0.0,0.0,450,495,562,2.92,1
40664,40662,1,154loop_사직-서청주_1,0.00074,0.006736,0.005455,0.0,0.0,0.0,0.0,450,495,562,4.74,1
40664,40662,2,154loop_사직-서청주_2,0.00074,0.006736,0.005455,0.0,0.0,0.0,0.0,450,495,562,4.74,1
40667,40662,1,154loop_북청주-서청주_1,0.000629,0.005727,0.004638,0.0,0.0,0.0,0.0,450,495,562,4.03,1
40667,40662,2,154loop_북청주-서청주_2,0.000629,0.005727,0.004638,0.0,0.0,0.0,0.0,450,495,562,4.03,1
40667,40135,1,154loop_북청주-국사_1,0.001029,0.009363,0.007582,0.0,0.0,0.0,0.0,450,495,562,6.59,1
40667,40135,2,154loop_북청주-국사_2,0.001029,0.009363,0.007582,0.0,0.0,0.0,0.0,450,495,562,6.59,1
40679,40506,1,154loop_둔산-서대전_1,0.00058,0.00528,0.004276,0.0,0.0,0.0,0.0,450,495,562,3.72,1
40679,40506,2,154loop_둔산-서대전_2,0.00058,0.00528,0.004276,0.0,0.0,0.0,0.0,450,495,562,3.72,1
40679,40680,1,154loop_둔산-대화_1,0.000708,0.006441,0.005216,0.0,0.0,0.0,0.0,450,495,562,4.54,1
40679,40680,2,154loop_둔산-대화_2,0.000708,0.006441,0.005216,0.0,0.0,0.0,0.0,450,495,562,4.54,1
40681,40060,1,154loop_웅촌-SRC_1,0.001543,0.014044,0.011374,0.0,0.0,0.0,0.0,450,495,562,9.89,1
40681,40738,1,154loop_웅촌-울산T9_1,0.001786,0.016259,0.013168,0.0,0.0,0.0,0.0,450,495,562,11.45,1
40685,40686,1,154loop_당월-처용_1,0.000988,0.008992,0.007282,0.0,0.0,0.0,0.0,450,495,562,6.33,1
40685,40686,2,154loop_당월-처용_2,0.000988,0.008992,0.007282,0.0,0.0,0.0,0.0,450,495,562,6.33,1
40685,40290,1,154loop_당월-울산화력_1,0.001425,0.012974,0.010507,0.0,0.0,0.0,0.0,450,495,562,9.14,1
40685,40290,2,154loop_당월-울산화력_2,0.001425,0.012974,0.010507,0.0,0.0,0.0,0.0,450,495,562,9.14,1
40174,40579,1,154loop_원창-북인천_1,0.000438,0.003985,0.003227,0.0,0.0,0.0,0.0,450,495,562,2.81,1
40174,40579,2,154loop_원창-북인천_2,0.000438,0.003985,0.003227,0.0,0.0,0.0,0.0,450,495,562,2.81,1
40174,40586,1,154loop_원창-경서_1,0.000602,0.005479,0.004438,0.0,0.0,0.0,0.0,450,495,562,3.86,1
40174,40586,2,154loop_원창-경서_2,0.000602,0.005479,0.004438,0.0,0.0,0.0,0.0,450,495,562,3.86,1
40176,40177,1,154loop_양산T1-양산_1,0.001208,0.010997,0.008906,0.0,0.0,0.0,0.0,450,495,562,7.74,1
40176,40177,2,154loop_양산T1-양산_2,0.001208,0.010997,0.008906,0.0,0.0,0.0,0.0,450,495,562,7.74,1
40176,40789,1,154loop_양산T1-산막_1,0.001626,0.014798,0.011985,0.0,0.0,0.0,0.0,450,495,562,10.42,1
40689,40161,1,154loop_신흥-용운_1,0.000485,0.00441,0.003572,0.0,0.0,0.0,0.0,450,495,562,3.11,1
40689,40161,2,154loop_신흥-용운_2,0.000485,0.00441,0.003572,0.0,0.0,0.0,0.0,450,495,562,3.11,1
40689,40324,1,154loop_신흥-유천_1,0.000805,0.007328,0.005934,0.0,0.0,0.0,0.0,450,495,562,5.16,1
40689,40324,2,154loop_신흥-유천_2,0.000805,0.007328,0.005934,0.0,0.0,0.0,0.0,450,495,562,5.16,1
40692,40094,1,154loop_팔복-SRC_1,0.000719,0.006545,0.0053,0.0,0.0,0.0,0.0,450,495,562,4.61,1
40692,40094,2,154loop_팔복-SRC_2,0.000719,0.006545,0.0053,0.0,0.0,0.0,0.0,450,495,562,4.61,1
40692,40108,1,154loop_팔복-SRC_1,0.000774,0.007049,0.005708,0.0,0.0,0.0,0.0,450,495,562,4.96,1
40692,40108,2,154loop_팔복-SRC_2,0.000774,0.007049,0.005708,0.0,0.0,0.0,0.0,450,495,562,4.96,1
40700,40052,1,154loop_반포-한남_1,0.000406,0.0037,0.002996,0.0,0.0,0.0,0.0,450,495,562,2.61,1
40700,40052,2,154loop_반포-한남_2,0.000406,0.0037,0.002996,0.0,0.0,0.0,0.0,450,495,562,2.61,1
40700,40004,1,154loop_반포-논현_1,0.000407,0.003704,0.003,0.0,0.0,0.0,0.0,450,495,562,2.61,1
40700,40004,2,154loop_반포-논현_2,0.000407,0.003704,0.003,0.0,0.0,0.0,0.0,450,495,562,2.61,1
40702,40178,1,154loop_양정-미남_1,0.000576,0.005239,0.004243,0.0,0.0,0.0,0.0,450,495,562,3.69,1
40702,40178,2,154loop_양정-미남_2,0.000576,0.005239,0.004243,0.0,0.0,0.0,0.0,450,495,562,3.69,1
40702,40369,1,154loop_양정-SRC_1,0.000594,0.005403,0.004376,0.0,0.0,0.0,0.0,450,495,562,3.8,1
40702,40369,2,154loop_양정-SRC_2,0.000594,0.005403,0.004376,0.0,0.0,0.0,0.0,450,495,562,3.8,1
40194,40454,1,154loop_송탄-소사벌_1,0.000662,0.006024,0.004878,0.0,0.0,0.0,0.0,450,495,562,4.24,1
40194,40454,2,154loop_송탄-소사벌_2,0.000662,0.006024,0.004878,0.0,0.0,0.0,0.0,450,495,562,4.24,1
40194,40780,1,154loop_송탄-동평택에너지센터_1,0.000885,0.008059,0.006526,0.0,0.0,0.0,0.0,450,495,562,5.68,1
40194,40780,2,154loop_송탄-동평택에너지센터_2,0.000885,0.008059,0.006526,0.0,0.0,0.0,0.0,450,495,562,5.68,1
40196,40307,1,154loop_진위-삼미_1,0.001308,0.011906,0.009642,0.0,0.0,0.0,0.0,450,495,562,8.38,1
40196,40307,2,154loop_진위-삼미_2,0.001308,0.011906,0.009642,0.0,0.0,0.0,0.0,450,495,562,8.38,1
40196,40459,1,154loop_진위-세교_1,0.001535,0.013968,0.011312,0.0,0.0,0.0,0.0,450,495,562,9.84,1
40708,40695,1,154loop_북오송-조치원_1,0.001007,0.009163,0.007421,0.0,0.0,0.0,0.0,450,495,562,6.45,1
40708,40695,2,154loop_북오송-조치원_2,0.001007,0.009163,0.007421,0.0,0.0,0.0,0.0,450,495,562,6.45,1
40708,40126,1,154loop_북오송-청주T1_1,0.001589,0.014462,0.011713,0.0,0.0,0.0,0.0,450,495,562,10.18,1
40713,40034,1,154loop_휘경-용두_1,0.00057,0.005186,0.0042,0.0,0.0,0.0,0.0,450,495,562,3.65,1
40713,40034,2,154loop_휘경-용두_2,0.00057,0.005186,0.0042,0.0,0.0,0.0,0.0,450,495,562,3.65,1
40713,40002,1,154loop_휘경-화양_1,0.000571,0.005194,0.004206,0.0,0.0,0.0,0.0,450,495,562,3.66,1
40713,40002,2,154loop_휘경-화양_2,0.000571,0.005194,0.004206,0.0,0.0,0.0,0.0,450,495,562,3.66,1
40714,40273,1,154loop_흑석-비아_1,0.000952,0.008664,0.007017,0.0,0.0,0.0,0.0,450,495,562,6.1,1
40714,40273,2,154loop_흑석-비아_2,0.000952,0.008664,0.007017,0.0,0.0,0.0,0.0,450,495,562,6.1,1
40714,40604,1,154loop_흑석-농성_1,0.001147,0.010443,0.008458,0.0,0.0,0.0,0.0,450,495,562,7.35,1
40714,40604,2,154loop_흑석-농성_2,0.001147,0.010443,0.008458,0.0,0.0,0.0,0.0,450,495,562,7.35,1
40227,40325,1,154loop_수지-이의_1,0.000565,0.005141,0.004163,0.0,0.0,0.0,0.0,450,495,562,3.62,1
40227,40325,2,154loop_수지-이의_2,0.000565,0.005141,0.004163,0.0,0.0,0.0,0.0,450,495,562,3.62,1
40227,40383,1,154loop_수지-성남T1_1,0.000816,0.007428,0.006016,0.0,0.0,0.0,0.0,450,495,562,5.23,1
40227,40383,2,154loop_수지-성남T1_2,0.000816,0.007428,0.006016,0.0,0.0,0.0,0.0,450,495,562,5.23,1
40742,40744,1,154loop_군자-왕십리_1,0.000327,0.002973,0.002408,0.0,0.0,0.0,0.0,450,495,562,2.09,1
40742,40744,2,154loop_군자-왕십리_2,0.000327,0.002973,0.002408,0.0,0.0,0.0,0.0,450,495,562,2.09,1
40742,40743,1,154loop_군자-마장_1,0.000403,0.003666,0.002969,0.0,0.0,0.0,0.0,450,495,562,2.58,1
40742,40743,2,154loop_군자-마장_2,0.000403,0.003666,0.002969,0.0,0.0,0.0,0.0,450,495,562,2.58,1
40745,40042,1,154loop_뚝도-강남_1,0.000493,0.004487,0.003634,0.0,0.0,0.0,0.0,450,495,562,3.16,1
40745,40042,2,154loop_뚝도-강남_2,0.000493,0.004487,0.003634,0.0,0.0,0.0,0.0,450,495,562,3.16,1
40745,40746,1,154loop_뚝도-광장_1,0.000506,0.00461,0.003733,0.0,0.0,0.0,0.0,450,495,562,3.25,1
40745,40746,2,154loop_뚝도-광장_2,0.000506,0.00461,0.003733,0.0,0.0,0.0,0.0,450,495,562,3.25,1
40238,40610,1,154loop_송도-북송도_1,0.000733,0.006672,0.005404,0.0,0.0,0.0,0.0,450,495,562,4.7,1
40238,40610,2,154loop_송도-북송도_2,0.000733,0.006672,0.005404,0.0,0.0,0.0,0.0,450,495,562,4.7,1
40238,40613,1,154loop_송도-동춘_1,0.00075,0.006827,0.005529,0.0,0.0,0.0,0.0,450,495,562,4.81,1
40238,40613,2,154loop_송도-동춘_2,0.00075,0.006827,0.005529,0.0,0.0,0.0,0.0,450,495,562,4.81,1
40751,40149,1,154loop_상일-강동_1,0.000469,0.004272,0.003459,0.0,0.0,0.0,0.0,450,495,562,3.01,1
40751,40149,2,154loop_상일-강동_2,0.000469,0.004272,0.003459,0.0,0.0,0.0,0.0,450,495,562,3.01,1
40751,40314,1,154loop_상일-SRC_1,0.000596,0.005421,0.004391,0.0,0.0,0.0,0.0,450,495,562,3.82,1
40751,40314,2,154loop_상일-SRC_2,0.000596,0.005421,0.004391,0.0,0.0,0.0,0.0,450,495,562,3.82,1
40240,40576,1,154loop_연수-인천_1,0.00075,0.006828,0.00553,0.0,0.0,0.0,0.0,450,495,562,4.81,1
40240,40576,2,154loop_연수-인천_2,0.00075,0.006828,0.00553,0.0,0.0,0.0,0.0,450,495,562,4.81,1
40240,40612,1,154loop_연수-오봉_1,0.000953,0.008677,0.007028,0.0,0.0,0.0,0.0,450,495,562,6.11,1
40240,40612,2,154loop_연수-오봉_2,0.000953,0.008677,0.007028,0.0,0.0,0.0,0.0,450,495,562,6.11,1
40753,40757,1,154loop_대방-신길_1,0.000383,0.003489,0.002826,0.0,0.0,0.0,0.0,450,495,562,2.46,1
40753,40757,2,154loop_대방-신길_2,0.000383,0.003489,0.002826,0.0,0.0,0.0,0.0,450,495,562,2.46,1
40753,40276,1,154loop_대방-시흥_1,0.000544,0.004951,0.00401,0.0,0.0,0.0,0.0,450,495,562,3.49,1
40753,40276,2,154loop_대방-시흥_2,0.000544,0.004951,0.00401,0.0,0.0,0.0,0.0,450,495,562,3.49,1
40755,40278,1,154loop_신정-온수_1,0.000524,0.004771,0.003864,0.0,0.0,0.0,0.0,450,495,562,3.36,1
40755,40278,2,154loop_신정-온수_2,0.000524,0.004771,0.003864,0.0,0.0,0.0,0.0,450,495,562,3.36,1
40755,40740,1,154loop_신정-천왕_1,0.000606,0.005514,0.004465,0.0,0.0,0.0,0.0,450,495,562,3.88,1
40755,40740,2,154loop_신정-천왕_2,0.000606,0.005514,0.004465,0.0,0.0,0.0,0.0,450,495,562,3.88,1
40756,40740,1,154loop_오류-천왕_1,0.000524,0.004767,0.003861,0.0,0.0,0.0,0.0,450,495,562,3.36,1
40756,40740,2,154loop_오류-천왕_2,0.000524,0.004767,0.003861,0.0,0.0,0.0,0.0,450,495,562,3.36,1
40756,40752,1,154loop_오류-구공_1,0.000558,0.005076,0.004111,0.0,0.0,0.0,0.0,450,495,562,3.57,1
40756,40752,2,154loop_오류-구공_2,0.000558,0.005076,0.004111,0.0,0.0,0.0,0.0,450,495,562,3.57,1
40760,40761,1,154loop_신내-노원_1,0.000675,0.006148,0.004979,0.0,0.0,0.0,0.0,450,495,562,4.33,1
40760,40761,2,154loop_신내-노원_2,0.000675,0.006148,0.004979,0.0,0.0,0.0,0.0,450,495,562,4.33,1
40760,40468,1,154loop_신내-구리_1,0.000801,0.00729,0.005904,0.0,0.0,0.0,0.0,450,495,562,5.13,1
40760,40468,2,154loop_신내-구리_2,0.000801,0.00729,0.005904,0.0,0.0,0.0,0.0,450,495,562,5.13,1
40764,40302,1,154loop_용산-동빙고_1,0.000314,0.002858,0.002314,0.0,0.0,0.0,0.0,450,495,562,2.01,1
40764,40302,2,154loop_용산-동빙고_2,0.000314,0.002858,0.002314,0.0,0.0,0.0,0.0,450,495,562,2.01,1
40764,40081,1,154loop_용산-노량진_1,0.000392,0.003571,0.002892,0.0,0.0,0.0,0.0,450,495,562,2.51,1
40764,40081,2,154loop_용산-노량진_2,0.000392,0.003571,0.002892,0.0,0.0,0.0,0.0,450,495,562,2.51,1
40770,40360,1,154loop_성수-SRC_1,0.000465,0.00423,0.003425,0.0,0.0,0.0,0.0,450,495,562,2.98,1
40770,40360,2,154loop_성수-SRC_2,0.000465,0.00423,0.003425,0.0,0.0,0.0,0.0,450,495,562,2.98,1
40770,40744,1,154loop_성수-왕십리_1,0.00047,0.004282,0.003468,0.0,0.0,0.0,0.0,450,495,562,3.02,1
40770,40744,2,154loop_성수-왕십리_2,0.00047,0.004282,0.003468,0.0,0.0,0.0,0.0,450,495,562,3.02,1
40771,40034,1,154loop_종암-용두_1,0.000366,0.003334,0.0027,0.0,0.0,0.0,0.0,450,495,562,2.35,1
40771,40034,2,154loop_종암-용두_2,0.000366,0.003334,0.0027,0.0,0.0,0.0,0.0,450,495,562,2.35,1
40771,40331,1,154loop_종암-미아_1,0.00044,0.004005,0.003244,0.0,0.0,0.0,0.0,450,495,562,2.82,1
40771,40331,2,154loop_종암-미아_2,0.00044,0.004005,0.003244,0.0,0.0,0.0,0.0,450,495,562,2.82,1
40263,40018,1,154loop_구로-대림_1,0.00041,0.003728,0.003019,0.0,0.0,0.0,0.0,450,495,562,2.63,1
40263,40018,2,154loop_구로-대림_2,0.00041,0.003728,0.003019,0.0,0.0,0.0,0.0,450,495,562,2.63,1
40263,40752,1,154loop_구로-구공_1,0.000425,0.003869,0.003133,0.0,0.0,0.0,0.0,450,495,562,2.72,1
40263,40752,2,154loop_구로-구공_2,0.000425,0.003869,0.003133,0.0,0.0,0.0,0.0,450,495,562,2.72,1
40776,40284,1,154loop_관양-안양_1,0.000513,0.004667,0.00378,0.0,0.0,0.0,0.0,450,495,562,3.29,1
40776,40284,2,154loop_관양-안양_2,0.000513,0.004667,0.00378,0.0,0.0,0.0,0.0,450,495,562,3.29,1
40776,40087,1,154loop_관양-과천_1,0.000918,0.008357,0.006768,0.0,0.0,0.0,0.0,450,495,562,5.89,1
40776,40087,2,154loop_관양-과천_2,0.000918,0.008357,0.006768,0.0,0.0,0.0,0.0,450,495,562,5.89,1
40268,40043,1,154loop_부천-중동_1,0.000501,0.00456,0.003693,0.0,0.0,0.0,0.0,450,495,562,3.21,1
40268,40043,2,154loop_부천-중동_2,0.000501,0.00456,0.003693,0.0,0.0,0.0,0.0,450,495,562,3.21,1
40268,40278,1,154loop_부천-온수_1,0.000659,0.005996,0.004856,0.0,0.0,0.0,0.0,450,495,562,4.22,1
40268,40278,2,154loop_부천-온수_2,0.000659,0.005996,0.004856,0.0,0.0,0.0,0.0,450,495,562,4.22,1
40780,40804,1,154loop_동평택에너지센터-SRC_1,0.000495,0.004506,0.003649,0.0,0.0,0.0,0.0,450,495,562,3.17,1
40780,40804,2,154loop_동평택에너지센터-SRC_2,0.000495,0.004506,0.003649,0.0,0.0,0.0,0.0,450,495,562,3.17,1
40780,40457,1,154loop_동평택에너지센터-청북_1,0.001002,0.009119,0.007385,0.0,0.0,0.0,0.0,450,495,562,6.42,1
40780,40457,2,154loop_동평택에너지센터-청북_2,0.001002,0.009119,0.007385,0.0,0.0,0.0,0.0,450,495,562,6.42,1
40786,40802,1,154loop_금정개폐소-SRC_1,0.002071,0.018848,0.015264,0.0,0.0,0.0,0.0,450,495,562,13.27,1
40786,40271,1,154loop_금정개폐소-장흥_1,0.003278,0.02984,0.024166,0.0,0.0,0.0,0.0,450,495,562,21.01,1
40275,40603,1,154loop_화정-매월_1,0.000791,0.007198,0.005829,0.0,0.0,0.0,0.0,450,495,562,5.07,1
40275,40603,2,154loop_화정-매월_2,0.000791,0.007198,0.005829,0.0,0.0,0.0,0.0,450,495,562,5.07,1
40275,40180,1,154loop_화정-남광주_1,0.000795,0.007238,0.005862,0.0,0.0,0.0,0.0,450,495,562,5.1,1
40275,40180,2,154loop_화정-남광주_2,0.000795,0.007238,0.005862,0.0,0.0,0.0,0.0,450,495,562,5.1,1
40281,40044,1,154loop_효목-공평_1,0.000524,0.004772,0.003864,0.0,0.0,0.0,0.0,450,495,562,3.36,1
40281,40044,2,154loop_효목-공평_2,0.000524,0.004772,0.003864,0.0,0.0,0.0,0.0,450,495,562,3.36,1
40281,40084,1,154loop_효목-대구T2_1,0.000711,0.006468,0.005239,0.0,0.0,0.0,0.0,450,495,562,4.56,1
40281,40084,2,154loop_효목-대구T2_2,0.000711,0.006468,0.005239,0.0,0.0,0.0,0.0,450,495,562,4.56,1
40293,40616,1,154loop_여수산단개폐소-화치_1,0.000407,0.003708,0.003003,0.0,0.0,0.0,0.0,450,495,562,2.61,1
40293,40616,2,154loop_여수산단개폐소-화치_2,0.000407,0.003708,0.003003,0.0,0.0,0.0,0.0,450,495,562,2.61,1
40293,40691,1,154loop_여수산단개폐소-용성_1,0.000612,0.005568,0.00451,0.0,0.0,0.0,0.0,450,495,562,3.92,1
40293,40691,2,154loop_여수산단개폐소-용성_2,0.000612,0.005568,0.00451,0.0,0.0,0.0,0.0,450,495,562,3.92,1
40296,40171,1,154loop_월배-달성_1,0.000407,0.003708,0.003003,0.0,0.0,0.0,0.0,450,495,562,2.61,1
40296,40171,2,154loop_월배-달성_2,0.000407,0.003708,0.003003,0.0,0.0,0.0,0.0,450,495,562,2.61,1
40296,40346,1,154loop_월배-달서_1,0.000712,0.006485,0.005252,0.0,0.0,0.0,0.0,450,495,562,4.57,1
40296,40346,2,154loop_월배-달서_2,0.000712,0.006485,0.005252,0.0,0.0,0.0,0.0,450,495,562,4.57,1
40307,40091,1,154loop_삼미-SRC_1,0.000713,0.006488,0.005254,0.0,0.0,0.0,0.0,450,495,562,4.57,1
40307,40091,2,154loop_삼미-SRC_2,0.000713,0.006488,0.005254,0.0,0.0,0.0,0.0,450,495,562,4.57,1
40307,40306,1,154loop_삼미-동탄_1,0.000836,0.007607,0.006161,0.0,0.0,0.0,0.0,450,495,562,5.36,1
40307,40306,2,154loop_삼미-동탄_2,0.000836,0.007607,0.006161,0.0,0.0,0.0,0.0,450,495,562,5.36,1
40319,40460,1,154loop_우만-동수원_1,0.000671,0.006112,0.00495,0.0,0.0,0.0,0.0,450,495,562,4.3,1
40319,40460,2,154loop_우만-동수원_2,0.000671,0.006112,0.00495,0.0,0.0,0.0,0.0,450,495,562,4.3,1
40319,40392,1,154loop_우만-신봉_1,0.000749,0.006815,0.005519,0.0,0.0,0.0,0.0,450,495,562,4.8,1
40319,40392,2,154loop_우만-신봉_2,0.000749,0.006815,0.005519,0.0,0.0,0.0,0.0,450,495,562,4.8,1
40324,40046,1,154loop_유천-동대전_1,0.000782,0.007117,0.005764,0.0,0.0,0.0,0.0,450,495,562,5.01,1
40324,40046,2,154loop_유천-동대전_2,0.000782,0.007117,0.005764,0.0,0.0,0.0,0.0,450,495,562,5.01,1
40324,40679,1,154loop_유천-둔산_1,0.000813,0.007401,0.005994,0.0,0.0,0.0,0.0,450,495,562,5.21,1
40324,40679,2,154loop_유천-둔산_2,0.000813,0.007401,0.005994,0.0,0.0,0.0,0.0,450,495,562,5.21,1
40332,40350,1,154loop_비응-SRC_1,0.001032,0.009395,0.007609,0.0,0.0,0.0,0.0,450,495,562,6.62,1
40332,40350,2,154loop_비응-SRC_2,0.001032,0.009395,0.007609,0.0,0.0,0.0,0.0,450,495,562,6.62,1
40332,40633,1,154loop_비응-동군산_1,0.002943,0.026791,0.021697,0.0,0.0,0.0,0.0,450,495,562,18.87,1
40335,40355,1,154loop_불당-SRC_1,0.000902,0.008212,0.00665,0.0,0.0,0.0,0.0,450,495,562,5.78,1
40335,40355,2,154loop_불당-SRC_2,0.000902,0.008212,0.00665,0.0,0.0,0.0,0.0,450,495,562,5.78,1
40335,40051,1,154loop_불당-탕정_1,0.000916,0.00834,0.006754,0.0,0.0,0.0,0.0,450,495,562,5.87,1
40335,40051,2,154loop_불당-탕정_2,0.000916,0.00834,0.006754,0.0,0.0,0.0,0.0,450,495,562,5.87,1
40340,40363,1,154loop_안산T2-송정1_1,0.000232,0.002113,0.001711,0.0,0.0,0.0,0.0,450,495,562,1.49,1
40340,40363,2,154loop_안산T2-송정1_2,0.000232,0.002113,0.001711,0.0,0.0,0.0,0.0,450,495,562,1.49,1
40340,40119,1,154loop_안산T2-SRC_1,0.000434,0.00395,0.003199,0.0,0.0,0.0,0.0,450,495,562,2.78,1
40340,40119,2,154loop_안산T2-SRC_2,0.000434,0.00395,0.003199,0.0,0.0,0.0,0.0,450,495,562,2.78,1
40342,40766,1,154loop_목동-문래_1,0.000399,0.003631,0.00294,0.0,0.0,0.0,0.0,450,495,562,2.56,1
40342,40766,2,154loop_목동-문래_2,0.000399,0.003631,0.00294,0.0,0.0,0.0,0.0,450,495,562,2.56,1
40342,40226,1,154loop_목동-SRC_1,0.000406,0.003696,0.002994,0.0,0.0,0.0,0.0,450,495,562,2.6,1
40342,40226,2,154loop_목동-SRC_2,0.000406,0.003696,0.002994,0.0,0.0,0.0,0.0,450,495,562,2.6,1
40343,40084,1,154loop_남대구-대구T2_1,0.000497,0.004525,0.003665,0.0,0.0,0.0,0.0,450,495,562,3.19,1
40343,40084,2,154loop_남대구-대구T2_2,0.000497,0.004525,0.003665,0.0,0.0,0.0,0.0,450,495,562,3.19,1
40343,40415,1,154loop_남대구-서침산_1,0.000771,0.007019,0.005684,0.0,0.0,0.0,0.0,450,495,562,4.94,1
40343,40415,2,154loop_남대구-서침산_2,0.000771,0.007019,0.005684,0.0,0.0,0.0,0.0,450,495,562,4.94,1
40345,40048,1,154loop_팔달-내당_1,0.00057,0.005187,0.004201,0.0,0.0,0.0,0.0,450,495,562,3.65,1
40345,40048,2,154loop_팔달-내당_2,0.00057,0.005187,0.004201,0.0,0.0,0.0,0.0,450,495,562,3.65,1
40345,40000,1,154loop_팔달-대구T1_1,0.000573,0.005217,0.004225,0.0,0.0,0.0,0.0,450,495,562,3.67,1
40345,40000,2,154loop_팔달-대구T1_2,0.000573,0.005217,0.004225,0.0,0.0,0.0,0.0,450,495,562,3.67,1
40376,40377,1,154loop_사남-개양_1,0.002179,0.019838,0.016066,0.0,0.0,0.0,0.0,450,495,562,13.97,1
40376,40372,1,154loop_사남-이현_1,0.002605,0.023716,0.019207,0.0,0.0,0.0,0.0,450,495,562,16.7,1
40409,40410,1,154loop_서판교-정자_1,0.000607,0.005525,0.004475,0.0,0.0,0.0,0.0,450,495,562,3.89,1
40409,40410,2,154loop_서판교-정자_2,0.000607,0.005525,0.004475,0.0,0.0,0.0,0.0,450,495,562,3.89,1
40409,40489,1,154loop_서판교-중원_1,0.000955,0.008694,0.007041,0.0,0.0,0.0,0.0,450,495,562,6.12,1
40409,40489,2,154loop_서판교-중원_2,0.000955,0.008694,0.007041,0.0,0.0,0.0,0.0,450,495,562,6.12,1
40410,40735,1,154loop_정자-성남T2_1,0.000721,0.006564,0.005316,0.0,0.0,0.0,0.0,450,495,562,4.62,1
40410,40735,2,154loop_정자-성남T2_2,0.000721,0.006564,0.005316,0.0,0.0,0.0,0.0,450,495,562,4.62,1
40410,40088,1,154loop_정자-SRC_1,0.000831,0.007568,0.006129,0.0,0.0,0.0,0.0,450,495,562,5.33,1
40410,40088,2,154loop_정자-SRC_2,0.000831,0.007568,0.006129,0.0,0.0,0.0,0.0,450,495,562,5.33,1
40411,40088,1,154loop_동판교-SRC_1,0.000863,0.007856,0.006362,0.0,0.0,0.0,0.0,450,495,562,5.53,1
40411,40088,2,154loop_동판교-SRC_2,0.000863,0.007856,0.006362,0.0,0.0,0.0,0.0,450,495,562,5.53,1
40411,40246,1,154loop_동판교-야탑_1,0.000864,0.007869,0.006372,0.0,0.0,0.0,0.0,450,495,562,5.54,1
40411,40246,2,154loop_동판교-야탑_2,0.000864,0.007869,0.006372,0.0,0.0,0.0,0.0,450,495,562,5.54,1
40415,40573,1,154loop_서침산-검단_1,0.000688,0.006259,0.005069,0.0,0.0,0.0,0.0,450,495,562,4.41,1
40415,40573,2,154loop_서침산-검단_2,0.000688,0.006259,0.005069,0.0,0.0,0.0,0.0,450,495,562,4.41,1
40415,40345,1,154loop_서침산-팔달_1,0.000798,0.007266,0.005885,0.0,0.0,0.0,0.0,450,495,562,5.12,1
40415,40345,2,154loop_서침산-팔달_2,0.000798,0.007266,0.005885,0.0,0.0,0.0,0.0,450,495,562,5.12,1
40417,40425,1,154loop_용정-내촌_1,0.001385,0.012611,0.010213,0.0,0.0,0.0,0.0,450,495,562,8.88,1
40417,40425,2,154loop_용정-내촌_2,0.001385,0.012611,0.010213,0.0,0.0,0.0,0.0,450,495,562,8.88,1
40417,40172,1,154loop_용정-SRC_1,0.001487,0.013537,0.010963,0.0,0.0,0.0,0.0,450,495,562,9.53,1
40433,40476,1,154loop_북동탄-농서_1,0.000397,0.00361,0.002923,0.0,0.0,0.0,0.0,450,495,562,2.54,1
40433,40476,2,154loop_북동탄-농서_2,0.000397,0.00361,0.002923,0.0,0.0,0.0,0.0,450,495,562,2.54,1
40433,40306,1,154loop_북동탄-동탄_1,0.000448,0.004077,0.003302,0.0,0.0,0.0,0.0,450,495,562,2.87,1
40433,40306,2,154loop_북동탄-동탄_2,0.000448,0.004077,0.003302,0.0,0.0,0.0,0.0,450,495,562,2.87,1
40435,40195,1,154loop_남시화-시화_1,0.000469,0.004268,0.003456,0.0,0.0,0.0,0.0,450,495,562,3.01,1
40435,40195,2,154loop_남시화-시화_2,0.000469,0.004268,0.003456,0.0,0.0,0.0,0.0,450,495,562,3.01,1
40435,40444,1,154loop_남시화-중시화_1,0.000566,0.005149,0.00417,0.0,0.0,0.0,0.0,450,495,562,3.63,1
40435,40444,2,154loop_남시화-중시화_2,0.000566,0.005149,0.00417,0.0,0.0,0.0,0.0,450,495,562,3.63,1
40436,40043,1,154loop_원미-중동_1,0.000602,0.005483,0.004441,0.0,0.0,0.0,0.0,450,495,562,3.86,1
40436,40043,2,154loop_원미-중동_2,0.000602,0.005483,0.004441,0.0,0.0,0.0,0.0,450,495,562,3.86,1
40436,40268,1,154loop_원미-부천_1,0.000686,0.006248,0.00506,0.0,0.0,0.0,0.0,450,495,562,4.4,1
40436,40268,2,154loop_원미-부천_2,0.000686,0.006248,0.00506,0.0,0.0,0.0,0.0,450,495,562,4.4,1
40437,40278,1,154loop_도당-온수_1,0.000662,0.006029,0.004882,0.0,0.0,0.0,0.0,450,495,562,4.25,1
40437,40278,2,154loop_도당-온수_2,0.000662,0.006029,0.004882,0.0,0.0,0.0,0.0,450,495,562,4.25,1
40437,40436,1,154loop_도당-원미_1,0.000692,0.0063,0.005102,0.0,0.0,0.0,0.0,450,495,562,4.44,1
40437,40436,2,154loop_도당-원미_2,0.000692,0.0063,0.005102,0.0,0.0,0.0,0.0,450,495,562,4.44,1
40440,40705,1,154loop_남양-마도_1,0.001295,0.011784,0.009544,0.0,0.0,0.0,0.0,450,495,562,8.3,1
40440,40705,2,154loop_남양-마도_2,0.001295,0.011784,0.009544,0.0,0.0,0.0,0.0,450,495,562,8.3,1
40440,40449,1,154loop_남양-남안산_1,0.001642,0.014946,0.012104,0.0,0.0,0.0,0.0,450,495,562,10.53,1
40443,40445,1,154loop_목내-SRC_1,0.000358,0.00326,0.00264,0.0,0.0,0.0,0.0,450,495,562,2.3,1
40443,40445,2,154loop_목내-SRC_2,0.000358,0.00326,0.00264,0.0,0.0,0.0,0.0,450,495,562,2.3,1
40443,40444,1,154loop_목내-중시화_1,0.00046,0.004185,0.003389,0.0,0.0,0.0,0.0,450,495,562,2.95,1
40443,40444,2,154loop_목내-중시화_2,0.00046,0.004185,0.003389,0.0,0.0,0.0,0.0,450,495,562,2.95,1
40444,40195,1,154loop_중시화-시화_1,0.000349,0.003177,0.002573,0.0,0.0,0.0,0.0,450,495,562,2.24,1
40444,40195,2,154loop_중시화-시화_2,0.000349,0.003177,0.002573,0.0,0.0,0.0,0.0,450,495,562,2.24,1
40444,40446,1,154loop_중시화-남정왕_1,0.000567,0.005161,0.004179,0.0,0.0,0.0,0.0,450,495,562,3.63,1
40444,40446,2,154loop_중시화-남정왕_2,0.000567,0.005161,0.004179,0.0,0.0,0.0,0.0,450,495,562,3.63,1
40446,40447,1,154loop_남정왕-동시화_1,0.0003,0.002727,0.002209,0.0,0.0,0.0,0.0,450,495,562,1.92,1
40446,40447,2,154loop_남정왕-동시화_2,0.0003,0.002727,0.002209,0.0,0.0,0.0,0.0,450,495,562,1.92,1
40446,40195,1,154loop_남정왕-시화_1,0.000564,0.005132,0.004156,0.0,0.0,0.0,0.0,450,495,562,3.61,1
40446,40195,2,154loop_남정왕-시화_2,0.000564,0.005132,0.004156,0.0,0.0,0.0,0.0,450,495,562,3.61,1
40447,40777,1,154loop_동시화-북시화_1,0.000502,0.004567,0.003699,0.0,0.0,0.0,0.0,450,495,562,3.22,1
40447,40777,2,154loop_동시화-북시화_2,0.000502,0.004567,0.003699,0.0,0.0,0.0,0.0,450,495,562,3.22,1
40447,40444,1,154loop_동시화-중시화_1,0.000592,0.005389,0.004364,0.0,0.0,0.0,0.0,450,495,562,3.79,1
40447,40444,2,154loop_동시화-중시화_2,0.000592,0.005389,0.004364,0.0,0.0,0.0,0.0,450,495,562,3.79,1
40806,40083,1,154제주_서제주변환소-신제주_1,0.000468,0.004258,0.003448,0.0,0.0,0.0,0.0,450,495,562,3.0,1
40806,40083,2,154제주_서제주변환소-신제주_2,0.000468,0.004258,0.003448,0.0,0.0,0.0,0.0,450,495,562,3.0,1
40083,40688,1,154제주_신제주-동제주_1,0.001229,0.011183,0.009057,0.0,0.0,0.0,0.0,450,495,562,7.88,1
40083,40688,2,154제주_신제주-동제주_2,0.001229,0.011183,0.009057,0.0,0.0,0.0,0.0,450,495,562,7.88,1
40688,40082,1,154제주_동제주-조천_1,0.002125,0.019346,0.015667,0.0,0.0,0.0,0.0,450,495,562,13.62,1
40688,40082,2,154제주_동제주-조천_2,0.002125,0.019346,0.015667,0.0,0.0,0.0,0.0,450,495,562,13.62,1
40082,40225,1,154제주_조천-성산_1,0.00348,0.031673,0.025651,0.0,0.0,0.0,0.0,450,495,562,22.31,1
40082,40225,2,154제주_조천-성산_2,0.00348,0.031673,0.025651,0.0,0.0,0.0,0.0,450,495,562,22.31,1
40225,40696,1,154제주_성산-표선_1,0.001946,0.017709,0.014342,0.0,0.0,0.0,0.0,450,495,562,12.47,1
40225,40696,2,154제주_성산-표선_2,0.001946,0.017709,0.014342,0.0,0.0,0.0,0.0,450,495,562,12.47,1
40696,40080,1,154제주_표선-한라_1,0.003,0.02731,0.022117,0.0,0.0,0.0,0.0,450,495,562,19.23,1
40696,40080,2,154제주_표선-한라_2,0.003,0.02731,0.022117,0.0,0.0,0.0,0.0,450,495,562,19.23,1
40080,40326,1,154제주_한라-신서귀_1,0.002228,0.020283,0.016426,0.0,0.0,0.0,0.0,450,495,562,14.28,1
40080,40326,2,154제주_한라-신서귀_2,0.002228,0.020283,0.016426,0.0,0.0,0.0,0.0,450,495,562,14.28,1
40326,90083,1,154제주_신서귀-남제주화력_1,0.000716,0.006522,0.005282,0.0,0.0,0.0,0.0,450,495,562,4.59,1
40326,90083,2,154제주_신서귀-남제주화력_2,0.000716,0.006522,0.005282,0.0,0.0,0.0,0.0,450,495,562,4.59,1
90083,40697,1,154제주_남제주화력-안덕_1,0.002535,0.023075,0.018687,0.0,0.0,0.0,0.0,450,495,562,16.25,1
90083,40697,2,154제주_남제주화력-안덕_2,0.002535,0.023075,0.018687,0.0,0.0,0.0,0.0,450,495,562,16.25,1
40697,40698,1,154제주_안덕-한림_1,0.002709,0.024654,0.019967,0.0,0.0,0.0,0.0,450,495,562,17.36,1
40697,40698,2,154제주_안덕-한림_2,0.002709,0.024654,0.019967,0.0,0.0,0.0,0.0,450,495,562,17.36,1
40698,40806,1,154제주_한림-서제주변환소_1,0.003502,0.031877,0.025816,0.0,0.0,0.0,0.0,450,495,562,22.45,1
40698,40806,2,154제주_한림-서제주변환소_2,0.003502,0.031877,0.025816,0.0,0.0,0.0,0.0,450,495,562,22.45,1
40805,40079,1,154제주_제주변환소-산지_1,0.00114,0.010373,0.008401,0.0,0.0,0.0,0.0,450,495,562,7.31,1
40805,40688,1,154제주_제주변환소-동제주_1,0.000967,0.008804,0.00713,0.0,0.0,0.0,0.0,450,495,562,6.2,1
40079,40688,1,154제주_산지-동제주_1,0.000464,0.004227,0.003423,0.0,0.0,0.0,0.0,450,495,562,2.98,1
40688,40080,1,154제주_동제주-한라_1,0.004722,0.042983,0.034811,0.0,0.0,0.0,0.0,450,495,562,30.27,1
40807,40698,1,154제주_금악-한림_1,0.000975,0.008877,0.007189,0.0,0.0,0.0,0.0,450,495,562,6.25,1
40808,40082,1,154제주_행원풍력-조천_1,0.002071,0.018855,0.01527,0.0,0.0,0.0,0.0,450,495,562,13.28,1
40809,40082,1,154제주_김녕풍력-조천_1,0.001377,0.012533,0.01015,0.0,0.0,0.0,0.0,450,495,562,8.83,1
40810,40082,1,154제주_동복풍력-조천_1,0.000714,0.006502,0.005266,0.0,0.0,0.0,0.0,450,495,562,4.58,1
40811,40696,1,154제주_가시리풍력-표선_1,0.0004,0.003638,0.002946,0.0,0.0,0.0,0.0,450,495,562,2.56,1
40812,40225,1,154제주_삼달풍력-성산_1,0.001642,0.014948,0.012106,0.0,0.0,0.0,0.0,450,495,562,10.53,1
40813,40698,1,154제주_탐라해상풍력-한림_1,0.002252,0.020499,0.016601,0.0,0.0,0.0,0.0,450,495,562,14.44,1
40814,40807,1,154제주_한경풍력-금악_1,0.002012,0.018312,0.01483,0.0,0.0,0.0,0.0,450,495,562,12.9,1
40815,40807,1,154제주_상명풍력-금악_1,0.000924,0.008413,0.006813,0.0,0.0,0.0,0.0,450,495,562,5.92,1
40816,40215,1,154_해남변환소-연계_1,0.000968,0.008814,0.007138,0.0,0.0,0.0,0.0,450,495,562,6.21,1
40816,40215,2,154_해남변환소-연계_2,0.000968,0.008814,0.007138,0.0,0.0,0.0,0.0,450,495,562,6.21,1
40817,40298,1,154_진도변환소-연계_1,0.003024,0.027523,0.02229,0.0,0.0,0.0,0.0,450,495,562,19.38,1
40817,40298,2,154_진도변환소-연계_2,0.003024,0.027523,0.02229,0.0,0.0,0.0,0.0,450,495,562,19.38,1
40818,40312,1,154_완도변환소-연계_1,0.000744,0.006777,0.005488,0.0,0.0,0.0,0.0,450,495,562,4.77,1
40818,40312,2,154_완도변환소-연계_2,0.000744,0.006777,0.005488,0.0,0.0,0.0,0.0,450,495,562,4.77,1
40805,40816,1,HVDC_제주-본토_해남#1,0.001,0.01,0.0,0.0,0.0,0.0,0.0,300,330,375,92.5,1
40806,40817,1,HVDC_제주-본토_진도#2,0.001,0.01,0.0,0.0,0.0,0.0,0.0,400,440,500,106.8,1
40688,40818,1,HVDC_제주-본토_완도#3,0.001,0.01,0.0,0.0,0.0,0.0,0.0,200,220,250,95.9,1
20115,20091,1,HVDC_북당진-고덕,0.001,0.01,0.0,0.0,0.0,0.0,0.0,3000,3300,3750,25.6,1
90000,20062,1,lead_고리_SW_1,2.6e-05,0.000279,0.00588,0.0,0.0,0.0,0.0,2000,2200,2500,1.0,1
90000,20062,2,lead_고리_SW_2,2.6e-05,0.000279,0.00588,0.0,0.0,0.0,0.0,2000,2200,2500,1.0,1
90001,10004,1,lead_신고리_SW_1,4e-06,0.000145,0.073923,0.0,0.0,0.0,0.0,7290,8019,9112,2.56,1
90001,10004,2,lead_신고리_SW_2,4e-06,0.000145,0.073923,0.0,0.0,0.0,0.0,7290,8019,9112,2.56,1
90002,10004,1,lead_새울_SW_1,4e-06,0.00015,0.076369,0.0,0.0,0.0,0.0,7290,8019,9112,2.64,1
90002,10004,2,lead_새울_SW_2,4e-06,0.00015,0.076369,0.0,0.0,0.0,0.0,7290,8019,9112,2.64,1
90003,20008,1,lead_한빛_SW_1,2.6e-05,0.000279,0.00588,0.0,0.0,0.0,0.0,2000,2200,2500,1.0,1
90003,20008,2,lead_한빛_SW_2,2.6e-05,0.000279,0.00588,0.0,0.0,0.0,0.0,2000,2200,2500,1.0,1
90004,10007,1,lead_한울_SW_1,3e-06,9.2e-05,0.047022,0.0,0.0,0.0,0.0,7290,8019,9112,1.63,1
90004,10007,2,lead_한울_SW_2,3e-06,9.2e-05,0.047022,0.0,0.0,0.0,0.0,7290,8019,9112,1.63,1
90005,10007,1,lead_신한울_SW_1,4e-06,0.000125,0.063768,0.0,0.0,0.0,0.0,7290,8019,9112,2.21,1
90005,10007,2,lead_신한울_SW_2,4e-06,0.000125,0.063768,0.0,0.0,0.0,0.0,7290,8019,9112,2.21,1
90006,20096,1,lead_월성_SW_1,2.6e-05,0.000279,0.00588,0.0,0.0,0.0,0.0,2000,2200,2500,1.0,1
90006,20096,2,lead_월성_SW_2,2.6e-05,0.000279,0.00588,0.0,0.0,0.0,0.0,2000,2200,2500,1.0,1
90007,20097,1,lead_신월성_SW_1,2.6e-05,0.000279,0.00588,0.0,0.0,0.0,0.0,2000,2200,2500,1.0,1
90007,20097,2,lead_신월성_SW_2,2.6e-05,0.000279,0.00588,0.0,0.0,0.0,0.0,2000,2200,2500,1.0,1
90008,10001,1,lead_당진화력_SW_1,3.5e-05,0.001171,0.59693,0.0,0.0,0.0,0.0,7290,8019,9112,20.66,1
90008,10001,2,lead_당진화력_SW_2,3.5e-05,0.001171,0.59693,0.0,0.0,0.0,0.0,7290,8019,9112,20.66,1
90009,10001,1,lead_태안화력_SW_1,7.8e-05,0.002607,1.328726,0.0,0.0,0.0,0.0,7290,8019,9112,45.98,1
90009,10001,2,lead_태안화력_SW_2,7.8e-05,0.002607,1.328726,0.0,0.0,0.0,0.0,7290,8019,9112,45.98,1
90010,20033,1,lead_하동화력_SW_1,0.000547,0.005865,0.123608,0.0,0.0,0.0,0.0,2000,2200,2500,21.02,1
90010,20033,2,lead_하동화력_SW_2,0.000547,0.005865,0.123608,0.0,0.0,0.0,0.0,2000,2200,2500,21.02,1
90011,20106,1,lead_영흥화력_SW_1,4e-05,0.000427,0.009001,0.0,0.0,0.0,0.0,2000,2200,2500,1.53,1
90011,20106,2,lead_영흥화력_SW_2,4e-05,0.000427,0.009001,0.0,0.0,0.0,0.0,2000,2200,2500,1.53,1
90012,20002,1,lead_보령화력_SW_1,0.000823,0.008831,0.186121,0.0,0.0,0.0,0.0,2000,2200,2500,31.65,1
90012,20002,2,lead_보령화력_SW_2,0.000823,0.008831,0.186121,0.0,0.0,0.0,0.0,2000,2200,2500,31.65,1
90013,20002,1,lead_신보령_SW_1,0.00082,0.008795,0.18535,0.0,0.0,0.0,0.0,2000,2200,2500,31.52,1
90013,20002,2,lead_신보령_SW_2,0.00082,0.008795,0.18535,0.0,0.0,0.0,0.0,2000,2200,2500,31.52,1
90014,20069,1,lead_삼천포_SW_1,0.000193,0.002069,0.043605,0.0,0.0,0.0,0.0,2000,2200,2500,7.42,1
90014,20069,2,lead_삼천포_SW_2,0.000193,0.002069,0.043605,0.0,0.0,0.0,0.0,2000,2200,2500,7.42,1
90015,20073,1,lead_신서천_SW_1,0.000526,0.005649,0.119051,0.0,0.0,0.0,0.0,2000,2200,2500,20.25,1
90015,20073,2,lead_신서천_SW_2,0.000526,0.005649,0.119051,0.0,0.0,0.0,0.0,2000,2200,2500,20.25,1
90016,40219,1,lead_동해화력_SW_1,0.000427,0.003884,0.003145,0.0,0.0,0.0,0.0,450,495,562,2.73,1
90016,40219,2,lead_동해화력_SW_2,0.000427,0.003884,0.003145,0.0,0.0,0.0,0.0,450,495,562,2.73,1
90017,20050,1,lead_북평_SW_1,8.7e-05,0.000937,0.019746,0.0,0.0,0.0,0.0,2000,2200,2500,3.36,1
90017,20050,2,lead_북평_SW_2,8.7e-05,0.000937,0.019746,0.0,0.0,0.0,0.0,2000,2200,2500,3.36,1
90018,20069,1,lead_고성하이_SW_1,0.000538,0.005769,0.12159,0.0,0.0,0.0,0.0,2000,2200,2500,20.68,1
90018,20069,2,lead_고성하이_SW_2,0.000538,0.005769,0.12159,0.0,0.0,0.0,0.0,2000,2200,2500,20.68,1
90019,20050,1,lead_강릉안인_SW_1,0.000889,0.009538,0.20101,0.0,0.0,0.0,0.0,2000,2200,2500,34.19,1
90019,20050,2,lead_강릉안인_SW_2,0.000889,0.009538,0.20101,0.0,0.0,0.0,0.0,2000,2200,2500,34.19,1
90020,20050,1,lead_삼척그린파워_SW_1,0.000325,0.003492,0.073591,0.0,0.0,0.0,0.0,2000,2200,2500,12.52,1
90020,20050,2,lead_삼척그린파워_SW_2,0.000325,0.003492,0.073591,0.0,0.0,0.0,0.0,2000,2200,2500,12.52,1
90021,20050,1,lead_삼척블루파워_SW_1,0.000283,0.003037,0.064012,0.0,0.0,0.0,0.0,2000,2200,2500,10.89,1
90021,20050,2,lead_삼척블루파워_SW_2,0.000283,0.003037,0.064012,0.0,0.0,0.0,0.0,2000,2200,2500,10.89,1
90022,20091,1,lead_평택화력_SW_1,0.000174,0.001863,0.039272,0.0,0.0,0.0,0.0,2000,2200,2500,6.68,1
90022,20091,2,lead_평택화력_SW_2,0.000174,0.001863,0.039272,0.0,0.0,0.0,0.0,2000,2200,2500,6.68,1
90023,20065,1,lead_서인천복합_SW_1,0.000192,0.002063,0.043471,0.0,0.0,0.0,0.0,2000,2200,2500,7.39,1
90023,20065,2,lead_서인천복합_SW_2,0.000192,0.002063,0.043471,0.0,0.0,0.0,0.0,2000,2200,2500,7.39,1
90024,20065,1,lead_신인천복합_SW_1,0.000166,0.001778,0.037466,0.0,0.0,0.0,0.0,2000,2200,2500,6.37,1
90024,20065,2,lead_신인천복합_SW_2,0.000166,0.001778,0.037466,0.0,0.0,0.0,0.0,2000,2200,2500,6.37,1
90025,20065,1,lead_인천복합_SW_1,0.000219,0.002348,0.04949,0.0,0.0,0.0,0.0,2000,2200,2500,8.42,1
90025,20065,2,lead_인천복합_SW_2,0.000219,0.002348,0.04949,0.0,0.0,0.0,0.0,2000,2200,2500,8.42,1
90026,20002,1,lead_보령복합_SW_1,0.000798,0.008562,0.180456,0.0,0.0,0.0,0.0,2000,2200,2500,30.69,1
90026,20002,2,lead_보령복합_SW_2,0.000798,0.008562,0.180456,0.0,0.0,0.0,0.0,2000,2200,2500,30.69,1
90027,20013,1,lead_분당복합_SW_1,0.000164,0.001763,0.037149,0.0,0.0,0.0,0.0,2000,2200,2500,6.32,1
90027,20013,2,lead_분당복합_SW_2,0.000164,0.001763,0.037149,0.0,0.0,0.0,0.0,2000,2200,2500,6.32,1
90028,20079,1,lead_일산복합_SW_1,0.000204,0.002186,0.046069,0.0,0.0,0.0,0.0,2000,2200,2500,7.83,1
90028,20079,2,lead_일산복합_SW_2,0.000204,0.002186,0.046069,0.0,0.0,0.0,0.0,2000,2200,2500,7.83,1
90029,20101,1,lead_울산화력_SW_1,2.6e-05,0.000279,0.00588,0.0,0.0,0.0,0.0,2000,2200,2500,1.0,1
90029,20101,2,lead_울산화력_SW_2,2.6e-05,0.000279,0.00588,0.0,0.0,0.0,0.0,2000,2200,2500,1.0,1
90030,20073,1,lead_군산복합_SW_1,0.00031,0.003331,0.070202,0.0,0.0,0.0,0.0,2000,2200,2500,11.94,1
90030,20073,2,lead_군산복합_SW_2,0.00031,0.003331,0.070202,0.0,0.0,0.0,0.0,2000,2200,2500,11.94,1
90031,20072,1,lead_영남복합_SW_1,0.000636,0.006823,0.143796,0.0,0.0,0.0,0.0,2000,2200,2500,24.46,1
90031,20072,2,lead_영남복합_SW_2,0.000636,0.006823,0.143796,0.0,0.0,0.0,0.0,2000,2200,2500,24.46,1
90032,20069,1,lead_통영에코_SW_1,0.000899,0.009647,0.203308,0.0,0.0,0.0,0.0,2000,2200,2500,34.58,1
90032,20069,2,lead_통영에코_SW_2,0.000899,0.009647,0.203308,0.0,0.0,0.0,0.0,2000,2200,2500,34.58,1
90033,20033,1,lead_율촌복합_SW_1,0.000195,0.002093,0.044115,0.0,0.0,0.0,0.0,2000,2200,2500,7.5,1
90033,20033,2,lead_율촌복합_SW_2,0.000195,0.002093,0.044115,0.0,0.0,0.0,0.0,2000,2200,2500,7.5,1
90034,20075,1,lead_당진복합_SW_1,0.000102,0.001099,0.023158,0.0,0.0,0.0,0.0,2000,2200,2500,3.94,1
90034,20075,2,lead_당진복합_SW_2,0.000102,0.001099,0.023158,0.0,0.0,0.0,0.0,2000,2200,2500,3.94,1
90035,20055,1,lead_포천복합_SW_1,0.000212,0.002273,0.047906,0.0,0.0,0.0,0.0,2000,2200,2500,8.15,1
90035,20055,2,lead_포천복합_SW_2,0.000212,0.002273,0.047906,0.0,0.0,0.0,0.0,2000,2200,2500,8.15,1
90036,20055,1,lead_동두천복합_SW_1,0.000309,0.003312,0.069804,0.0,0.0,0.0,0.0,2000,2200,2500,11.87,1
90036,20055,2,lead_동두천복합_SW_2,0.000309,0.003312,0.069804,0.0,0.0,0.0,0.0,2000,2200,2500,11.87,1
90037,20053,1,lead_파주복합_SW_1,7.1e-05,0.00076,0.016018,0.0,0.0,0.0,0.0,2000,2200,2500,2.72,1
90037,20053,2,lead_파주복합_SW_2,7.1e-05,0.00076,0.016018,0.0,0.0,0.0,0.0,2000,2200,2500,2.72,1
90038,20052,1,lead_여주복합_SW_1,0.00083,0.008909,0.187766,0.0,0.0,0.0,0.0,2000,2200,2500,31.93,1
90038,20052,2,lead_여주복합_SW_2,0.00083,0.008909,0.187766,0.0,0.0,0.0,0.0,2000,2200,2500,31.93,1
90039,20013,1,lead_안양복합_SW_1,0.000273,0.002925,0.061645,0.0,0.0,0.0,0.0,2000,2200,2500,10.48,1
90039,20013,2,lead_안양복합_SW_2,0.000273,0.002925,0.061645,0.0,0.0,0.0,0.0,2000,2200,2500,10.48,1
90040,40268,1,lead_부천복합_SW_1,0.000156,0.00142,0.00115,0.0,0.0,0.0,0.0,450,495,562,1.0,1
90040,40268,2,lead_부천복합_SW_2,0.000156,0.00142,0.00115,0.0,0.0,0.0,0.0,450,495,562,1.0,1
90041,20085,1,lead_부산복합_SW_1,0.000174,0.001866,0.039327,0.0,0.0,0.0,0.0,2000,2200,2500,6.69,1
90041,20085,2,lead_부산복합_SW_2,0.000174,0.001866,0.039327,0.0,0.0,0.0,0.0,2000,2200,2500,6.69,1
90042,20051,1,lead_영월복합_SW_1,0.000607,0.006517,0.137356,0.0,0.0,0.0,0.0,2000,2200,2500,23.36,1
90042,20051,2,lead_영월복합_SW_2,0.000607,0.006517,0.137356,0.0,0.0,0.0,0.0,2000,2200,2500,23.36,1
90043,40572,1,lead_대구복합_SW_1,0.000156,0.00142,0.00115,0.0,0.0,0.0,0.0,450,495,562,1.0,1
90043,40572,2,lead_대구복합_SW_2,0.000156,0.00142,0.00115,0.0,0.0,0.0,0.0,450,495,562,1.0,1
90044,40664,1,lead_청주복합_SW_1,0.000218,0.001982,0.001605,0.0,0.0,0.0,0.0,450,495,562,1.4,1
90044,40664,2,lead_청주복합_SW_2,0.000218,0.001982,0.001605,0.0,0.0,0.0,0.0,450,495,562,1.4,1
90045,20063,1,lead_광양_SW_1,0.00026,0.002792,0.058849,0.0,0.0,0.0,0.0,2000,2200,2500,10.01,1
90045,20063,2,lead_광양_SW_2,0.00026,0.002792,0.058849,0.0,0.0,0.0,0.0,2000,2200,2500,10.01,1
90046,20057,1,lead_서울복합_SW_1,2.6e-05,0.000279,0.00588,0.0,0.0,0.0,0.0,2000,2200,2500,1.0,1
90046,20057,2,lead_서울복합_SW_2,2.6e-05,0.000279,0.00588,0.0,0.0,0.0,0.0,2000,2200,2500,1.0,1
90047,20115,1,lead_오성복합_SW_1,0.00024,0.002573,0.054216,0.0,0.0,0.0,0.0,2000,2200,2500,9.22,1
90047,20115,2,lead_오성복합_SW_2,0.00024,0.002573,0.054216,0.0,0.0,0.0,0.0,2000,2200,2500,9.22,1
90048,20090,1,lead_안산복합_SW_1,0.000122,0.001309,0.027578,0.0,0.0,0.0,0.0,2000,2200,2500,4.69,1
90048,20090,2,lead_안산복합_SW_2,0.000122,0.001309,0.027578,0.0,0.0,0.0,0.0,2000,2200,2500,4.69,1
90049,20016,1,lead_동탄복합_SW_1,6.9e-05,0.000739,0.015572,0.0,0.0,0.0,0.0,2000,2200,2500,2.65,1
90049,20016,2,lead_동탄복합_SW_2,6.9e-05,0.000739,0.015572,0.0,0.0,0.0,0.0,2000,2200,2500,2.65,1
90050,20035,1,lead_화성복합_SW_1,9.2e-05,0.000988,0.020818,0.0,0.0,0.0,0.0,2000,2200,2500,3.54,1
90050,20035,2,lead_화성복합_SW_2,9.2e-05,0.000988,0.020818,0.0,0.0,0.0,0.0,2000,2200,2500,3.54,1
90051,20074,1,lead_세종복합_SW_1,0.000133,0.001428,0.0301,0.0,0.0,0.0,0.0,2000,2200,2500,5.12,1
90051,20074,2,lead_세종복합_SW_2,0.000133,0.001428,0.0301,0.0,0.0,0.0,0.0,2000,2200,2500,5.12,1
90052,20075,1,lead_대산복합_SW_1,0.000776,0.008329,0.175526,0.0,0.0,0.0,0.0,2000,2200,2500,29.85,1
90052,20075,2,lead_대산복합_SW_2,0.000776,0.008329,0.175526,0.0,0.0,0.0,0.0,2000,2200,2500,29.85,1
90053,20111,1,lead_위례복합_SW_1,0.00012,0.001288,0.027137,0.0,0.0,0.0,0.0,2000,2200,2500,4.62,1
90053,20111,2,lead_위례복합_SW_2,0.00012,0.001288,0.027137,0.0,0.0,0.0,0.0,2000,2200,2500,4.62,1
90054,40314,1,lead_미사복합_SW_1,0.000365,0.003321,0.002689,0.0,0.0,0.0,0.0,450,495,562,2.34,1
90054,40314,2,lead_미사복합_SW_2,0.000365,0.003321,0.002689,0.0,0.0,0.0,0.0,450,495,562,2.34,1
90055,40588,1,lead_청라복합_SW_1,0.000186,0.001694,0.001371,0.0,0.0,0.0,0.0,450,495,562,1.19,1
90055,40588,2,lead_청라복합_SW_2,0.000186,0.001694,0.001371,0.0,0.0,0.0,0.0,450,495,562,1.19,1
90056,40411,1,lead_판교복합_SW_1,0.000156,0.00142,0.00115,0.0,0.0,0.0,0.0,450,495,562,1.0,1
90056,40411,2,lead_판교복합_SW_2,0.000156,0.00142,0.00115,0.0,0.0,0.0,0.0,450,495,562,1.0,1
90057,40325,1,lead_광교복합_SW_1,0.000202,0.001843,0.001493,0.0,0.0,0.0,0.0,450,495,562,1.3,1
90057,40325,2,lead_광교복합_SW_2,0.000202,0.001843,0.001493,0.0,0.0,0.0,0.0,450,495,562,1.3,1
90058,40464,1,lead_별내복합_SW_1,0.000538,0.004893,0.003962,0.0,0.0,0.0,0.0,450,495,562,3.45,1
90058,40464,2,lead_별내복합_SW_2,0.000538,0.004893,0.003962,0.0,0.0,0.0,0.0,450,495,562,3.45,1
90059,40387,1,lead_삼송복합_SW_1,0.00039,0.003548,0.002873,0.0,0.0,0.0,0.0,450,495,562,2.5,1
90059,40387,2,lead_삼송복합_SW_2,0.00039,0.003548,0.002873,0.0,0.0,0.0,0.0,450,495,562,2.5,1
90060,40421,1,lead_소양강수력_SW_1,0.001278,0.011637,0.009424,0.0,0.0,0.0,0.0,450,495,562,8.19,1
90060,40421,2,lead_소양강수력_SW_2,0.001278,0.011637,0.009424,0.0,0.0,0.0,0.0,450,495,562,8.19,1
90061,40665,1,lead_충주수력_SW_1,0.001127,0.010258,0.008308,0.0,0.0,0.0,0.0,450,495,562,7.22,1
90061,40665,2,lead_충주수력_SW_2,0.001127,0.010258,0.008308,0.0,0.0,0.0,0.0,450,495,562,7.22,1
90062,40419,1,lead_화천수력_SW_1,0.002156,0.019628,0.015896,0.0,0.0,0.0,0.0,450,495,562,13.82,1
90062,40419,2,lead_화천수력_SW_2,0.002156,0.019628,0.015896,0.0,0.0,0.0,0.0,450,495,562,13.82,1
90063,40173,1,lead_청평수력_SW_1,0.001936,0.017625,0.014274,0.0,0.0,0.0,0.0,450,495,562,12.41,1
90063,40173,2,lead_청평수력_SW_2,0.001936,0.017625,0.014274,0.0,0.0,0.0,0.0,450,495,562,12.41,1
90064,40330,1,lead_팔당수력_SW_1,0.001329,0.012097,0.009797,0.0,0.0,0.0,0.0,450,495,562,8.52,1
90064,40330,2,lead_팔당수력_SW_2,0.001329,0.012097,0.009797,0.0,0.0,0.0,0.0,450,495,562,8.52,1
90065,40453,1,lead_안동수력_SW_1,0.000437,0.003974,0.003218,0.0,0.0,0.0,0.0,450,495,562,2.8,1
90065,40453,2,lead_안동수력_SW_2,0.000437,0.003974,0.003218,0.0,0.0,0.0,0.0,450,495,562,2.8,1
90066,40475,1,lead_임하수력_SW_1,0.000841,0.007652,0.006197,0.0,0.0,0.0,0.0,450,495,562,5.39,1
90066,40475,2,lead_임하수력_SW_2,0.000841,0.007652,0.006197,0.0,0.0,0.0,0.0,450,495,562,5.39,1
90067,40373,1,lead_합천수력_SW_1,0.000242,0.002199,0.001781,0.0,0.0,0.0,0.0,450,495,562,1.55,1
90067,40373,2,lead_합천수력_SW_2,0.000242,0.002199,0.001781,0.0,0.0,0.0,0.0,450,495,562,1.55,1
90068,40190,1,lead_강릉수력_SW_1,0.000156,0.00142,0.00115,0.0,0.0,0.0,0.0,450,495,562,1.0,1
90068,40190,2,lead_강릉수력_SW_2,0.000156,0.00142,0.00115,0.0,0.0,0.0,0.0,450,495,562,1.0,1
90069,40420,1,lead_춘천수력_SW_1,0.000355,0.003235,0.00262,0.0,0.0,0.0,0.0,450,495,562,2.28,1
90069,40420,2,lead_춘천수력_SW_2,0.000355,0.003235,0.00262,0.0,0.0,0.0,0.0,450,495,562,2.28,1
90070,40423,1,lead_의암수력_SW_1,0.001011,0.009201,0.007452,0.0,0.0,0.0,0.0,450,495,562,6.48,1
90070,40423,2,lead_의암수력_SW_2,0.001011,0.009201,0.007452,0.0,0.0,0.0,0.0,450,495,562,6.48,1
90071,40637,1,lead_섬진강수력_SW_1,0.0019,0.017291,0.014003,0.0,0.0,0.0,0.0,450,495,562,12.18,1
90071,40637,2,lead_섬진강수력_SW_2,0.0019,0.017291,0.014003,0.0,0.0,0.0,0.0,450,495,562,12.18,1
90072,40690,1,lead_대청수력_SW_1,0.001008,0.009179,0.007434,0.0,0.0,0.0,0.0,450,495,562,6.46,1
90072,40690,2,lead_대청수력_SW_2,0.001008,0.009179,0.007434,0.0,0.0,0.0,0.0,450,495,562,6.46,1
90073,40517,1,lead_남강수력_SW_1,0.000231,0.002105,0.001705,0.0,0.0,0.0,0.0,450,495,562,1.48,1
90073,40517,2,lead_남강수력_SW_2,0.000231,0.002105,0.001705,0.0,0.0,0.0,0.0,450,495,562,1.48,1
90074,40597,1,lead_주암수력_SW_1,0.000278,0.002527,0.002047,0.0,0.0,0.0,0.0,450,495,562,1.78,1
90074,40597,2,lead_주암수력_SW_2,0.000278,0.002527,0.002047,0.0,0.0,0.0,0.0,450,495,562,1.78,1
90075,40650,1,lead_괴산수력_SW_1,0.001025,0.009334,0.007559,0.0,0.0,0.0,0.0,450,495,562,6.57,1
90075,40650,2,lead_괴산수력_SW_2,0.001025,0.009334,0.007559,0.0,0.0,0.0,0.0,450,495,562,6.57,1
90076,20047,1,lead_청평양수_SW_1,0.000412,0.00442,0.093156,0.0,0.0,0.0,0.0,2000,2200,2500,15.84,1
90076,20047,2,lead_청평양수_SW_2,0.000412,0.00442,0.093156,0.0,0.0,0.0,0.0,2000,2200,2500,15.84,1
90077,20113,1,lead_삼랑진양수_SW_1,0.000642,0.00689,0.145213,0.0,0.0,0.0,0.0,2000,2200,2500,24.7,1
90077,20113,2,lead_삼랑진양수_SW_2,0.000642,0.00689,0.145213,0.0,0.0,0.0,0.0,2000,2200,2500,24.7,1
90078,20010,1,lead_무주양수_SW_1,0.001291,0.01385,0.291898,0.0,0.0,0.0,0.0,2000,2200,2500,49.64,1
90078,20010,2,lead_무주양수_SW_2,0.001291,0.01385,0.291898,0.0,0.0,0.0,0.0,2000,2200,2500,49.64,1
90079,20084,1,lead_산청양수_SW_1,0.000357,0.00383,0.080709,0.0,0.0,0.0,0.0,2000,2200,2500,13.73,1
90079,20084,2,lead_산청양수_SW_2,0.000357,0.00383,0.080709,0.0,0.0,0.0,0.0,2000,2200,2500,13.73,1
90080,20049,1,lead_양양양수_SW_1,0.000211,0.002268,0.047798,0.0,0.0,0.0,0.0,2000,2200,2500,8.13,1
90080,20049,2,lead_양양양수_SW_2,0.000211,0.002268,0.047798,0.0,0.0,0.0,0.0,2000,2200,2500,8.13,1
90081,20083,1,lead_청송양수_SW_1,0.000225,0.002419,0.050971,0.0,0.0,0.0,0.0,2000,2200,2500,8.67,1
90081,20083,2,lead_청송양수_SW_2,0.000225,0.002419,0.050971,0.0,0.0,0.0,0.0,2000,2200,2500,8.67,1
90082,20045,1,lead_예천양수_SW_1,0.000405,0.004347,0.091606,0.0,0.0,0.0,0.0,2000,2200,2500,15.58,1
90082,20045,2,lead_예천양수_SW_2,0.000405,0.004347,0.091606,0.0,0.0,0.0,0.0,2000,2200,2500,15.58,1
90084,40083,1,lead_제주LNG복합_SW_1,0.000344,0.003132,0.002536,0.0,0.0,0.0,0.0,450,495,562,2.21,1
90084,40083,2,lead_제주LNG복합_SW_2,0.000344,0.003132,0.002536,0.0,0.0,0.0,0.0,450,495,562,2.21,1
90085,40698,1,lead_한림복합_SW_1,0.000272,0.002479,0.002007,0.0,0.0,0.0,0.0,450,495,562,1.75,1
90085,40698,2,lead_한림복합_SW_2,0.000272,0.002479,0.002007,0.0,0.0,0.0,0.0,450,495,562,1.75,1
90086,40079,1,lead_제주내연_SW_1,0.000371,0.003381,0.002738,0.0,0.0,0.0,0.0,450,495,562,2.38,1
90086,40079,2,lead_제주내연_SW_2,0.000371,0.003381,0.002738,0.0,0.0,0.0,0.0,450,495,562,2.38,1
