from_bus,to_bus,id,name,r_pu,x_pu,b_pu,g_from_pu,b_from_pu,g_to_pu,b_to_pu,rate_a_mva,rate_b_mva,rate_c_mva,length_km,in_service,cable_km
10001,10005,1,765_신서산-신중부_1,0.000126,0.004188,2.134707,0.0,0.0,0.0,0.0,7290.0,8019.0,9112.0,73.87,1,0.0
10001,10005,2,765_신서산-신중부_2,0.000126,0.004188,2.134707,0.0,0.0,0.0,0.0,7290.0,8019.0,9112.0,73.87,1,0.0
10005,10000,1,765_신중부-신안성_1,7.7e-05,0.00257,1.309955,0.0,0.0,0.0,0.0,7290.0,8019.0,9112.0,45.33,1,0.0
10005,10000,2,765_신중부-신안성_2,7.7e-05,0.00257,1.309955,0.0,0.0,0.0,0.0,7290.0,8019.0,9112.0,45.33,1,0.0
10000,10003,1,765_신안성-신가평_1,0.000119,0.003972,2.024614,0.0,0.0,0.0,0.0,7290.0,8019.0,9112.0,70.06,1,0.0
10000,10003,2,765_신안성-신가평_2,0.000119,0.003972,2.024614,0.0,0.0,0.0,0.0,7290.0,8019.0,9112.0,70.06,1,0.0
10002,10003,1,765_신태백-신가평_1,0.000264,0.008793,4.481936,0.0,0.0,0.0,0.0,7290.0,8019.0,9112.0,155.08,1,0.0
10002,10003,2,765_신태백-신가평_2,0.000264,0.008793,4.481936,0.0,0.0,0.0,0.0,7290.0,8019.0,9112.0,155.08,1,0.0
10007,10002,1,765_울진T2-신태백_1,8.3e-05,0.002777,1.415386,0.0,0.0,0.0,0.0,7290.0,8019.0,9112.0,48.98,1,0.0
10007,10002,2,765_울진T2-신태백_2,8.3e-05,0.002777,1.415386,0.0,0.0,0.0,0.0,7290.0,8019.0,9112.0,48.98,1,0.0
10004,10006,1,765_신울산765-북경남_1,0.000146,0.004877,2.485953,0.0,0.0,0.0,0.0,7290.0,8019.0,9112.0,86.02,1,0.0
10004,10006,2,765_신울산765-북경남_2,0.000146,0.004877,2.485953,0.0,0.0,0.0,0.0,7290.0,8019.0,9112.0,86.02,1,0.0
90000,20080,1,345osm_고리_SW-울산T4_345_1,4.63038e-05,0.000494405,0.0104146,0.0,0.0,0.0,0.0,2173.0,2390.0,2716.0,1.77,1,0.0
90000,20080,2,345osm_고리_SW-울산T4_345_2,4.63038e-05,0.000494405,0.0104146,0.0,0.0,0.0,0.0,2173.0,2390.0,2716.0,1.77,1,0.0
20081,20082,1,345osm_영흥T1_345-영흥T2_345_1,4.1e-05,0.000439,0.009262,0.0,0.0,0.0,0.0,2173.0,2390.0,2716.0,1.58,1,0.0
20081,20082,2,345osm_영흥T1_345-영흥T2_345_2,4.1e-05,0.000439,0.009262,0.0,0.0,0.0,0.0,2173.0,2390.0,2716.0,1.58,1,0.0
20081,20082,3,345osm_영흥T1_345-영흥T2_345_3,4.1e-05,0.000439,0.009262,0.0,0.0,0.0,0.0,2173.0,2390.0,2716.0,1.58,1,0.0
20081,20082,4,345osm_영흥T1_345-영흥T2_345_4,4.1e-05,0.000439,0.009262,0.0,0.0,0.0,0.0,2173.0,2390.0,2716.0,1.58,1,0.0
20009,20056,1,345osm_신안성_345-서안성_345_1,0.000137,0.001474,0.031064,0.0,0.0,0.0,0.0,2173.0,2390.0,2716.0,5.28,1,0.0
20009,20056,2,345osm_신안성_345-서안성_345_2,0.000137,0.001474,0.031064,0.0,0.0,0.0,0.0,2173.0,2390.0,2716.0,5.28,1,0.0
20009,20056,3,345osm_신안성_345-서안성_345_3,0.000137,0.001474,0.031064,0.0,0.0,0.0,0.0,2173.0,2390.0,2716.0,5.28,1,0.0
20009,20056,4,345osm_신안성_345-서안성_345_4,0.000137,0.001474,0.031064,0.0,0.0,0.0,0.0,2173.0,2390.0,2716.0,5.28,1,0.0
20079,20083,1,345osm_북당진_345-당진T2_345_1,0.000162,0.001737,0.036612,0.0,0.0,0.0,0.0,2173.0,2390.0,2716.0,6.23,1,0.0
20079,20083,2,345osm_북당진_345-당진T2_345_2,0.000162,0.001737,0.036612,0.0,0.0,0.0,0.0,2173.0,2390.0,2716.0,6.23,1,0.0
20031,20078,1,345osm_신시흥_345-신시화_345_1,0.000173,0.001854,0.039078,0.0,0.0,0.0,0.0,2173.0,2390.0,2716.0,6.65,1,0.0
20031,20078,2,345osm_신시흥_345-신시화_345_2,0.000173,0.001854,0.039078,0.0,0.0,0.0,0.0,2173.0,2390.0,2716.0,6.65,1,0.0
20031,20078,3,345osm_신시흥_345-신시화_345_3,0.000173,0.001854,0.039078,0.0,0.0,0.0,0.0,2173.0,2390.0,2716.0,6.65,1,0.0
20031,20078,4,345osm_신시흥_345-신시화_345_4,0.000173,0.001854,0.039078,0.0,0.0,0.0,0.0,2173.0,2390.0,2716.0,6.65,1,0.0
20046,20047,1,345osm_신파주_345-신덕은_345_1,0.000189,0.002033,0.042853,0.0,0.0,0.0,0.0,2173.0,2390.0,2716.0,7.29,1,0.0
20046,20047,2,345osm_신파주_345-신덕은_345_2,0.000189,0.002033,0.042853,0.0,0.0,0.0,0.0,2173.0,2390.0,2716.0,7.29,1,0.0
20046,20047,3,345osm_신파주_345-신덕은_345_3,0.000189,0.002033,0.042853,0.0,0.0,0.0,0.0,2173.0,2390.0,2716.0,7.29,1,0.0
20046,20047,4,345osm_신파주_345-신덕은_345_4,0.000189,0.002033,0.042853,0.0,0.0,0.0,0.0,2173.0,2390.0,2716.0,7.29,1,0.0
20030,20067,1,345osm_신온양_345-신탕정_345_1,0.000199,0.00214,0.045093,0.0,0.0,0.0,0.0,2173.0,2390.0,2716.0,7.67,1,0.0
20030,20067,2,345osm_신온양_345-신탕정_345_2,0.000199,0.00214,0.045093,0.0,0.0,0.0,0.0,2173.0,2390.0,2716.0,7.67,1,0.0
20030,20067,3,345osm_신온양_345-신탕정_345_3,0.000199,0.00214,0.045093,0.0,0.0,0.0,0.0,2173.0,2390.0,2716.0,7.67,1,0.0
20030,20067,4,345osm_신온양_345-신탕정_345_4,0.000199,0.00214,0.045093,0.0,0.0,0.0,0.0,2173.0,2390.0,2716.0,7.67,1,0.0
20035,20036,1,345osm_동서울_345-미금_345_1,0.000170073,0.00199519,0.493111,0.0,0.0,0.0,0.0,2173.0,2390.0,2716.0,9.56,1,5.23
20035,20036,2,345osm_동서울_345-미금_345_2,0.000170073,0.00199519,0.493111,0.0,0.0,0.0,0.0,2173.0,2390.0,2716.0,9.56,1,5.23
20032,20062,1,345osm_신진천_345-신중부_345_1,0.000221,0.002369,0.049927,0.0,0.0,0.0,0.0,2173.0,2390.0,2716.0,8.49,1,0.0
20032,20062,2,345osm_신진천_345-신중부_345_2,0.000221,0.002369,0.049927,0.0,0.0,0.0,0.0,2173.0,2390.0,2716.0,8.49,1,0.0
20032,20062,3,345osm_신진천_345-신중부_345_3,0.000221,0.002369,0.049927,0.0,0.0,0.0,0.0,2173.0,2390.0,2716.0,8.49,1,0.0
20032,20062,4,345osm_신진천_345-신중부_345_4,0.000221,0.002369,0.049927,0.0,0.0,0.0,0.0,2173.0,2390.0,2716.0,8.49,1,0.0
20006,20084,1,345osm_신온산_345-남울산_345_1,0.000194,0.002081,0.043865,0.0,0.0,0.0,0.0,2173.0,2390.0,2716.0,7.46,1,0.0
20006,20084,2,345osm_신온산_345-남울산_345_2,0.000194,0.002081,0.043865,0.0,0.0,0.0,0.0,2173.0,2390.0,2716.0,7.46,1,0.0
20006,20084,3,345osm_신온산_345-남울산_345_3,0.000194,0.002081,0.043865,0.0,0.0,0.0,0.0,2173.0,2390.0,2716.0,7.46,1,0.0
20006,20084,4,345osm_신온산_345-남울산_345_4,0.000194,0.002081,0.043865,0.0,0.0,0.0,0.0,2173.0,2390.0,2716.0,7.46,1,0.0
20012,20050,1,345cbl_신광명_345-영등포_345_1,8.70646e-05,0.00119196,0.708183,0.0,0.0,0.0,0.0,1023.0,1125.0,1279.0,7.92,1,7.92
20012,20050,2,345cbl_신광명_345-영등포_345_2,8.70646e-05,0.00119196,0.708183,0.0,0.0,0.0,0.0,1023.0,1125.0,1279.0,7.92,1,7.92
20012,20050,3,345cbl_신광명_345-영등포_345_3,8.70646e-05,0.00119196,0.708183,0.0,0.0,0.0,0.0,1023.0,1125.0,1279.0,7.92,1,7.92
20012,20050,4,345cbl_신광명_345-영등포_345_4,8.70646e-05,0.00119196,0.708183,0.0,0.0,0.0,0.0,1023.0,1125.0,1279.0,7.92,1,7.92
20030,20033,1,345osm_신온양_345-아산_345_1,0.000319,0.003422,0.072114,0.0,0.0,0.0,0.0,2173.0,2390.0,2716.0,12.26,1,0.0
20030,20033,2,345osm_신온양_345-아산_345_2,0.000319,0.003422,0.072114,0.0,0.0,0.0,0.0,2173.0,2390.0,2716.0,12.26,1,0.0
20034,20066,1,345osm_신서산_345-신당진_345_1,0.000332,0.003566,0.075146,0.0,0.0,0.0,0.0,2173.0,2390.0,2716.0,12.78,1,0.0
20034,20066,2,345osm_신서산_345-신당진_345_2,0.000332,0.003566,0.075146,0.0,0.0,0.0,0.0,2173.0,2390.0,2716.0,12.78,1,0.0
20028,20059,1,345osm_서서울_345-신안산_345_1,0.000344,0.003688,0.077734,0.0,0.0,0.0,0.0,2173.0,2390.0,2716.0,13.22,1,0.0
20028,20059,2,345osm_서서울_345-신안산_345_2,0.000344,0.003688,0.077734,0.0,0.0,0.0,0.0,2173.0,2390.0,2716.0,13.22,1,0.0
20000,20010,1,345cbl_신양재_345-신성남_345_1,0.000143679,0.00196704,1.16868,0.0,0.0,0.0,0.0,1023.0,1125.0,1279.0,13.07,1,13.07
20000,20010,2,345cbl_신양재_345-신성남_345_2,0.000143679,0.00196704,1.16868,0.0,0.0,0.0,0.0,1023.0,1125.0,1279.0,13.07,1,13.07
20000,20010,3,345cbl_신양재_345-신성남_345_3,0.000143679,0.00196704,1.16868,0.0,0.0,0.0,0.0,1023.0,1125.0,1279.0,13.07,1,13.07
20000,20010,4,345cbl_신양재_345-신성남_345_4,0.000143679,0.00196704,1.16868,0.0,0.0,0.0,0.0,1023.0,1125.0,1279.0,13.07,1,13.07
20037,20046,1,345osm_양주_345-신파주_345_1,0.000377,0.004045,0.085241,0.0,0.0,0.0,0.0,2173.0,2390.0,2716.0,14.5,1,0.0
20037,20046,2,345osm_양주_345-신파주_345_2,0.000377,0.004045,0.085241,0.0,0.0,0.0,0.0,2173.0,2390.0,2716.0,14.5,1,0.0
20037,20046,3,345osm_양주_345-신파주_345_3,0.000377,0.004045,0.085241,0.0,0.0,0.0,0.0,2173.0,2390.0,2716.0,14.5,1,0.0
20037,20046,4,345osm_양주_345-신파주_345_4,0.000377,0.004045,0.085241,0.0,0.0,0.0,0.0,2173.0,2390.0,2716.0,14.5,1,0.0
20031,20059,1,345osm_신시흥_345-신안산_345_1,0.000365,0.003917,0.082555,0.0,0.0,0.0,0.0,2173.0,2390.0,2716.0,14.04,1,0.0
20031,20059,2,345osm_신시흥_345-신안산_345_2,0.000365,0.003917,0.082555,0.0,0.0,0.0,0.0,2173.0,2390.0,2716.0,14.04,1,0.0
20031,20059,3,345osm_신시흥_345-신안산_345_3,0.000365,0.003917,0.082555,0.0,0.0,0.0,0.0,2173.0,2390.0,2716.0,14.04,1,0.0
20031,20059,4,345osm_신시흥_345-신안산_345_4,0.000365,0.003917,0.082555,0.0,0.0,0.0,0.0,2173.0,2390.0,2716.0,14.04,1,0.0
20012,20031,1,345osm_신광명_345-신시흥_345_1,0.000385,0.004135,0.087142,0.0,0.0,0.0,0.0,2173.0,2390.0,2716.0,14.82,1,0.0
20012,20031,2,345osm_신광명_345-신시흥_345_2,0.000385,0.004135,0.087142,0.0,0.0,0.0,0.0,2173.0,2390.0,2716.0,14.82,1,0.0
20012,20031,3,345osm_신광명_345-신시흥_345_3,0.000385,0.004135,0.087142,0.0,0.0,0.0,0.0,2173.0,2390.0,2716.0,14.82,1,0.0
20012,20031,4,345osm_신광명_345-신시흥_345_4,0.000385,0.004135,0.087142,0.0,0.0,0.0,0.0,2173.0,2390.0,2716.0,14.82,1,0.0
20012,20028,1,345osm_신광명_345-서서울_345_1,0.000456,0.004896,0.103183,0.0,0.0,0.0,0.0,2173.0,2390.0,2716.0,17.55,1,0.0
20012,20028,2,345osm_신광명_345-서서울_345_2,0.000456,0.004896,0.103183,0.0,0.0,0.0,0.0,2173.0,2390.0,2716.0,17.55,1,0.0
20086,20087,1,345osm_창원_345-신김해_345_1,0.000412,0.004422,0.093198,0.0,0.0,0.0,0.0,2173.0,2390.0,2716.0,15.85,1,0.0
20086,20087,2,345osm_창원_345-신김해_345_2,0.000412,0.004422,0.093198,0.0,0.0,0.0,0.0,2173.0,2390.0,2716.0,15.85,1,0.0
20052,20087,1,345osm_신녹산_345-신김해_345_1,0.000429,0.004601,0.096961,0.0,0.0,0.0,0.0,2173.0,2390.0,2716.0,16.49,1,0.0
20052,20087,2,345osm_신녹산_345-신김해_345_2,0.000429,0.004601,0.096961,0.0,0.0,0.0,0.0,2173.0,2390.0,2716.0,16.49,1,0.0
20012,20057,1,345osm_신광명_345-신인천_345_1,0.000436,0.004682,0.098666,0.0,0.0,0.0,0.0,2173.0,2390.0,2716.0,16.78,1,0.0
20012,20057,2,345osm_신광명_345-신인천_345_2,0.000436,0.004682,0.098666,0.0,0.0,0.0,0.0,2173.0,2390.0,2716.0,16.78,1,0.0
20010,20028,1,345osm_신성남_345-서서울_345_1,0.000424053,0.00458425,0.186309,0.0,0.0,0.0,0.0,2173.0,2390.0,2716.0,16.91,1,1.04
20010,20028,2,345osm_신성남_345-서서울_345_2,0.000424053,0.00458425,0.186309,0.0,0.0,0.0,0.0,2173.0,2390.0,2716.0,16.91,1,1.04
20010,20028,3,345osm_신성남_345-서서울_345_3,0.000424053,0.00458425,0.186309,0.0,0.0,0.0,0.0,2173.0,2390.0,2716.0,16.91,1,1.04
20010,20028,4,345osm_신성남_345-서서울_345_4,0.000424053,0.00458425,0.186309,0.0,0.0,0.0,0.0,2173.0,2390.0,2716.0,16.91,1,1.04
20029,20059,1,345osm_화성_345-신안산_345_1,0.000467,0.005014,0.105668,0.0,0.0,0.0,0.0,2173.0,2390.0,2716.0,17.97,1,0.0
20029,20059,2,345osm_화성_345-신안산_345_2,0.000467,0.005014,0.105668,0.0,0.0,0.0,0.0,2173.0,2390.0,2716.0,17.97,1,0.0
20029,20059,3,345osm_화성_345-신안산_345_3,0.000467,0.005014,0.105668,0.0,0.0,0.0,0.0,2173.0,2390.0,2716.0,17.97,1,0.0
20029,20059,4,345osm_화성_345-신안산_345_4,0.000467,0.005014,0.105668,0.0,0.0,0.0,0.0,2173.0,2390.0,2716.0,17.97,1,0.0
20001,20026,1,345osm_북부산_345-신양산_345_1,0.000474,0.005086,0.107192,0.0,0.0,0.0,0.0,2173.0,2390.0,2716.0,18.23,1,0.0
20001,20026,2,345osm_북부산_345-신양산_345_2,0.000474,0.005086,0.107192,0.0,0.0,0.0,0.0,2173.0,2390.0,2716.0,18.23,1,0.0
20026,20080,1,345osm_신양산_345-울산T4_345_1,0.000482,0.005173,0.109015,0.0,0.0,0.0,0.0,2173.0,2390.0,2716.0,18.54,1,0.0
20026,20080,2,345osm_신양산_345-울산T4_345_2,0.000482,0.005173,0.109015,0.0,0.0,0.0,0.0,2173.0,2390.0,2716.0,18.54,1,0.0
20028,20029,1,345osm_서서울_345-화성_345_1,0.000502,0.005382,0.113425,0.0,0.0,0.0,0.0,2173.0,2390.0,2716.0,19.29,1,0.0
20028,20029,2,345osm_서서울_345-화성_345_2,0.000502,0.005382,0.113425,0.0,0.0,0.0,0.0,2173.0,2390.0,2716.0,19.29,1,0.0
20020,20065,1,345osm_청원_345-세종_345_1,0.000505,0.005424,0.114307,0.0,0.0,0.0,0.0,2173.0,2390.0,2716.0,19.44,1,0.0
20020,20065,2,345osm_청원_345-세종_345_2,0.000505,0.005424,0.114307,0.0,0.0,0.0,0.0,2173.0,2390.0,2716.0,19.44,1,0.0
20036,20058,1,345osm_미금_345-신의정부_345_1,0.000535,0.005736,0.120893,0.0,0.0,0.0,0.0,2173.0,2390.0,2716.0,20.56,1,0.0
20036,20058,2,345osm_미금_345-신의정부_345_2,0.000535,0.005736,0.120893,0.0,0.0,0.0,0.0,2173.0,2390.0,2716.0,20.56,1,0.0
20005,90000,1,345osm_신울산_345-고리_SW_1,0.000551797,0.00592269,0.124832,0.0,0.0,0.0,0.0,2173.0,2390.0,2716.0,21.23,1,0.0
20005,90000,2,345osm_신울산_345-고리_SW_2,0.000551797,0.00592269,0.124832,0.0,0.0,0.0,0.0,2173.0,2390.0,2716.0,21.23,1,0.0
20066,20083,1,345osm_신당진_345-당진T2_345_1,0.000543,0.005828,0.122833,0.0,0.0,0.0,0.0,2173.0,2390.0,2716.0,20.89,1,0.0
20066,20083,2,345osm_신당진_345-당진T2_345_2,0.000543,0.005828,0.122833,0.0,0.0,0.0,0.0,2173.0,2390.0,2716.0,20.89,1,0.0
20015,20063,1,345osm_대구_345-북경남_345_1,0.000554,0.00594,0.125185,0.0,0.0,0.0,0.0,2173.0,2390.0,2716.0,21.29,1,0.0
20015,20063,2,345osm_대구_345-북경남_345_2,0.000554,0.00594,0.125185,0.0,0.0,0.0,0.0,2173.0,2390.0,2716.0,21.29,1,0.0
20015,20063,3,345osm_대구_345-북경남_345_3,0.000554,0.00594,0.125185,0.0,0.0,0.0,0.0,2173.0,2390.0,2716.0,21.29,1,0.0
20015,20063,4,345osm_대구_345-북경남_345_4,0.000554,0.00594,0.125185,0.0,0.0,0.0,0.0,2173.0,2390.0,2716.0,21.29,1,0.0
20035,20045,1,345osm_동서울_345-곤지암_345_1,0.000572,0.006135,0.129301,0.0,0.0,0.0,0.0,2173.0,2390.0,2716.0,21.99,1,0.0
20035,20045,2,345osm_동서울_345-곤지암_345_2,0.000572,0.006135,0.129301,0.0,0.0,0.0,0.0,2173.0,2390.0,2716.0,21.99,1,0.0
20008,20009,1,345osm_신용인_345-신안성_345_1,0.00057,0.006113,0.128831,0.0,0.0,0.0,0.0,2173.0,2390.0,2716.0,21.91,1,0.0
20008,20009,2,345osm_신용인_345-신안성_345_2,0.00057,0.006113,0.128831,0.0,0.0,0.0,0.0,2173.0,2390.0,2716.0,21.91,1,0.0
20008,20009,3,345osm_신용인_345-신안성_345_3,0.00057,0.006113,0.128831,0.0,0.0,0.0,0.0,2173.0,2390.0,2716.0,21.91,1,0.0
20008,20009,4,345osm_신용인_345-신안성_345_4,0.00057,0.006113,0.128831,0.0,0.0,0.0,0.0,2173.0,2390.0,2716.0,21.91,1,0.0
20053,90006,1,345osm_동울산_345-월성_SW_1,0.000606,0.006503,0.137063,0.0,0.0,0.0,0.0,2173.0,2390.0,2716.0,23.31,1,0.0
20053,90006,2,345osm_동울산_345-월성_SW_2,0.000606,0.006503,0.137063,0.0,0.0,0.0,0.0,2173.0,2390.0,2716.0,23.31,1,0.0
20053,90006,3,345osm_동울산_345-월성_SW_3,0.000606,0.006503,0.137063,0.0,0.0,0.0,0.0,2173.0,2390.0,2716.0,23.31,1,0.0
20053,90006,4,345osm_동울산_345-월성_SW_4,0.000606,0.006503,0.137063,0.0,0.0,0.0,0.0,2173.0,2390.0,2716.0,23.31,1,0.0
20003,20069,1,345osm_신포항_345-신영일_345_1,0.000608,0.00652,0.137416,0.0,0.0,0.0,0.0,2173.0,2390.0,2716.0,23.37,1,0.0
20003,20069,2,345osm_신포항_345-신영일_345_2,0.000608,0.00652,0.137416,0.0,0.0,0.0,0.0,2173.0,2390.0,2716.0,23.37,1,0.0
20007,20011,1,345osm_신옥천_345-신계룡_345_1,0.000627,0.006732,0.141884,0.0,0.0,0.0,0.0,2173.0,2390.0,2716.0,24.13,1,0.0
20007,20011,2,345osm_신옥천_345-신계룡_345_2,0.000627,0.006732,0.141884,0.0,0.0,0.0,0.0,2173.0,2390.0,2716.0,24.13,1,0.0
20003,90006,1,345osm_신포항_345-월성_SW_1,0.000673,0.007225,0.152263,0.0,0.0,0.0,0.0,2173.0,2390.0,2716.0,25.9,1,0.0
20003,90006,2,345osm_신포항_345-월성_SW_2,0.000673,0.007225,0.152263,0.0,0.0,0.0,0.0,2173.0,2390.0,2716.0,25.9,1,0.0
20015,20017,1,345osm_대구_345-고령_345_1,0.000669,0.007174,0.151201,0.0,0.0,0.0,0.0,2173.0,2390.0,2716.0,25.71,1,0.0
20015,20017,2,345osm_대구_345-고령_345_2,0.000669,0.007174,0.151201,0.0,0.0,0.0,0.0,2173.0,2390.0,2716.0,25.71,1,0.0
20020,20062,1,345osm_청원_345-신중부_345_1,0.000661,0.007089,0.149411,0.0,0.0,0.0,0.0,2173.0,2390.0,2716.0,25.41,1,0.0
20020,20062,2,345osm_청원_345-신중부_345_2,0.000661,0.007089,0.149411,0.0,0.0,0.0,0.0,2173.0,2390.0,2716.0,25.41,1,0.0
20020,20062,3,345osm_청원_345-신중부_345_3,0.000661,0.007089,0.149411,0.0,0.0,0.0,0.0,2173.0,2390.0,2716.0,25.41,1,0.0
20020,20062,4,345osm_청원_345-신중부_345_4,0.000661,0.007089,0.149411,0.0,0.0,0.0,0.0,2173.0,2390.0,2716.0,25.41,1,0.0
20008,20056,1,345osm_신용인_345-서안성_345_1,0.000676,0.007254,0.15288,0.0,0.0,0.0,0.0,2173.0,2390.0,2716.0,26.0,1,0.0
20008,20056,2,345osm_신용인_345-서안성_345_2,0.000676,0.007254,0.15288,0.0,0.0,0.0,0.0,2173.0,2390.0,2716.0,26.0,1,0.0
20008,20056,3,345osm_신용인_345-서안성_345_3,0.000676,0.007254,0.15288,0.0,0.0,0.0,0.0,2173.0,2390.0,2716.0,26.0,1,0.0
20008,20056,4,345osm_신용인_345-서안성_345_4,0.000676,0.007254,0.15288,0.0,0.0,0.0,0.0,2173.0,2390.0,2716.0,26.0,1,0.0
20037,20058,1,345osm_양주_345-신의정부_345_1,0.000719,0.007717,0.162641,0.0,0.0,0.0,0.0,2173.0,2390.0,2716.0,27.66,1,0.0
20037,20058,2,345osm_양주_345-신의정부_345_2,0.000719,0.007717,0.162641,0.0,0.0,0.0,0.0,2173.0,2390.0,2716.0,27.66,1,0.0
20014,20064,1,345osm_군산_345-새만금_345_1,0.000737,0.007907,0.166639,0.0,0.0,0.0,0.0,2173.0,2390.0,2716.0,28.34,1,0.0
20014,20064,2,345osm_군산_345-새만금_345_2,0.000737,0.007907,0.166639,0.0,0.0,0.0,0.0,2173.0,2390.0,2716.0,28.34,1,0.0
20078,20081,1,345osm_신시화_345-영흥T1_345_1,0.000744,0.007985,0.168286,0.0,0.0,0.0,0.0,2173.0,2390.0,2716.0,28.62,1,0.0
20078,20081,2,345osm_신시화_345-영흥T1_345_2,0.000744,0.007985,0.168286,0.0,0.0,0.0,0.0,2173.0,2390.0,2716.0,28.62,1,0.0
20004,90006,1,345osm_울주_345-월성_SW_1,0.000745,0.007999,0.16858,0.0,0.0,0.0,0.0,2173.0,2390.0,2716.0,28.67,1,0.0
20004,90006,2,345osm_울주_345-월성_SW_2,0.000745,0.007999,0.16858,0.0,0.0,0.0,0.0,2173.0,2390.0,2716.0,28.67,1,0.0
20004,90006,3,345osm_울주_345-월성_SW_3,0.000745,0.007999,0.16858,0.0,0.0,0.0,0.0,2173.0,2390.0,2716.0,28.67,1,0.0
20004,90006,4,345osm_울주_345-월성_SW_4,0.000745,0.007999,0.16858,0.0,0.0,0.0,0.0,2173.0,2390.0,2716.0,28.67,1,0.0
20007,20020,1,345osm_신옥천_345-청원_345_1,0.000778,0.008345,0.175871,0.0,0.0,0.0,0.0,2173.0,2390.0,2716.0,29.91,1,0.0
20007,20020,2,345osm_신옥천_345-청원_345_2,0.000778,0.008345,0.175871,0.0,0.0,0.0,0.0,2173.0,2390.0,2716.0,29.91,1,0.0
20025,20087,1,345osm_신마산_345-신김해_345_1,0.000804,0.008627,0.18181,0.0,0.0,0.0,0.0,2173.0,2390.0,2716.0,30.92,1,0.0
20029,20030,1,345osm_화성_345-신온양_345_1,0.000852,0.009146,0.192746,0.0,0.0,0.0,0.0,2173.0,2390.0,2716.0,32.78,1,0.0
20029,20030,2,345osm_화성_345-신온양_345_2,0.000852,0.009146,0.192746,0.0,0.0,0.0,0.0,2173.0,2390.0,2716.0,32.78,1,0.0
20017,20018,1,345osm_고령_345-서대구_345_1,0.000895,0.0096,0.202331,0.0,0.0,0.0,0.0,2173.0,2390.0,2716.0,34.41,1,0.0
20017,20018,2,345osm_고령_345-서대구_345_2,0.000895,0.0096,0.202331,0.0,0.0,0.0,0.0,2173.0,2390.0,2716.0,34.41,1,0.0
20032,20056,1,345osm_신진천_345-서안성_345_1,0.000902,0.009684,0.204095,0.0,0.0,0.0,0.0,2173.0,2390.0,2716.0,34.71,1,0.0
20032,20056,2,345osm_신진천_345-서안성_345_2,0.000902,0.009684,0.204095,0.0,0.0,0.0,0.0,2173.0,2390.0,2716.0,34.71,1,0.0
20032,20056,3,345osm_신진천_345-서안성_345_3,0.000902,0.009684,0.204095,0.0,0.0,0.0,0.0,2173.0,2390.0,2716.0,34.71,1,0.0
20032,20056,4,345osm_신진천_345-서안성_345_4,0.000902,0.009684,0.204095,0.0,0.0,0.0,0.0,2173.0,2390.0,2716.0,34.71,1,0.0
20041,20088,1,345osm_신화순_345-신강진_345_1,0.000909,0.009751,0.205506,0.0,0.0,0.0,0.0,2173.0,2390.0,2716.0,34.95,1,0.0
20041,20088,2,345osm_신화순_345-신강진_345_2,0.000909,0.009751,0.205506,0.0,0.0,0.0,0.0,2173.0,2390.0,2716.0,34.95,1,0.0
20015,20016,1,345osm_대구_345-신경산_345_1,0.000973,0.01044,0.22003,0.0,0.0,0.0,0.0,2173.0,2390.0,2716.0,37.42,1,0.0
20015,20016,2,345osm_대구_345-신경산_345_2,0.000973,0.01044,0.22003,0.0,0.0,0.0,0.0,2173.0,2390.0,2716.0,37.42,1,0.0
20015,20016,3,345osm_대구_345-신경산_345_3,0.000973,0.01044,0.22003,0.0,0.0,0.0,0.0,2173.0,2390.0,2716.0,37.42,1,0.0
20015,20016,4,345osm_대구_345-신경산_345_4,0.000973,0.01044,0.22003,0.0,0.0,0.0,0.0,2173.0,2390.0,2716.0,37.42,1,0.0
20008,20035,1,345osm_신용인_345-동서울_345_1,0.001028,0.011029,0.232436,0.0,0.0,0.0,0.0,2173.0,2390.0,2716.0,39.53,1,0.0
20008,20035,2,345osm_신용인_345-동서울_345_2,0.001028,0.011029,0.232436,0.0,0.0,0.0,0.0,2173.0,2390.0,2716.0,39.53,1,0.0
20008,20035,3,345osm_신용인_345-동서울_345_3,0.001028,0.011029,0.232436,0.0,0.0,0.0,0.0,2173.0,2390.0,2716.0,39.53,1,0.0
20008,20035,4,345osm_신용인_345-동서울_345_4,0.001028,0.011029,0.232436,0.0,0.0,0.0,0.0,2173.0,2390.0,2716.0,39.53,1,0.0
20021,20041,1,345osm_신광주_345-신화순_345_1,0.001078,0.011573,0.243902,0.0,0.0,0.0,0.0,2173.0,2390.0,2716.0,41.48,1,0.0
20021,20041,2,345osm_신광주_345-신화순_345_2,0.001078,0.011573,0.243902,0.0,0.0,0.0,0.0,2173.0,2390.0,2716.0,41.48,1,0.0
20024,20025,1,345osm_의령_345-신마산_345_1,0.001089,0.011685,0.246254,0.0,0.0,0.0,0.0,2173.0,2390.0,2716.0,41.88,1,0.0
20024,20025,2,345osm_의령_345-신마산_345_2,0.001089,0.011685,0.246254,0.0,0.0,0.0,0.0,2173.0,2390.0,2716.0,41.88,1,0.0
20001,20087,1,345osm_북부산_345-신김해_345_1,0.001128,0.012109,0.255192,0.0,0.0,0.0,0.0,2173.0,2390.0,2716.0,43.4,1,0.0
20001,20087,2,345osm_북부산_345-신김해_345_2,0.001128,0.012109,0.255192,0.0,0.0,0.0,0.0,2173.0,2390.0,2716.0,43.4,1,0.0
20024,20074,1,345osm_의령_345-산청양수_345_1,0.001132,0.012148,0.256015,0.0,0.0,0.0,0.0,2173.0,2390.0,2716.0,43.54,1,0.0
20024,20074,2,345osm_의령_345-산청양수_345_2,0.001132,0.012148,0.256015,0.0,0.0,0.0,0.0,2173.0,2390.0,2716.0,43.54,1,0.0
20024,20074,3,345osm_의령_345-산청양수_345_3,0.001132,0.012148,0.256015,0.0,0.0,0.0,0.0,2173.0,2390.0,2716.0,43.54,1,0.0
20024,20074,4,345osm_의령_345-산청양수_345_4,0.001132,0.012148,0.256015,0.0,0.0,0.0,0.0,2173.0,2390.0,2716.0,43.54,1,0.0
20004,20016,1,345osm_울주_345-신경산_345_1,0.00115,0.012337,0.260014,0.0,0.0,0.0,0.0,2173.0,2390.0,2716.0,44.22,1,0.0
20004,20016,2,345osm_울주_345-신경산_345_2,0.00115,0.012337,0.260014,0.0,0.0,0.0,0.0,2173.0,2390.0,2716.0,44.22,1,0.0
20018,20061,1,345osm_서대구_345-선산_345_1,0.001154,0.012382,0.260954,0.0,0.0,0.0,0.0,2173.0,2390.0,2716.0,44.38,1,0.0
20018,20061,2,345osm_서대구_345-선산_345_2,0.001154,0.012382,0.260954,0.0,0.0,0.0,0.0,2173.0,2390.0,2716.0,44.38,1,0.0
20005,20053,1,345osm_신울산_345-동울산_345_1,0.001194,0.012812,0.27001,0.0,0.0,0.0,0.0,2173.0,2390.0,2716.0,45.92,1,0.0
20005,20053,2,345osm_신울산_345-동울산_345_2,0.001194,0.012812,0.27001,0.0,0.0,0.0,0.0,2173.0,2390.0,2716.0,45.92,1,0.0
20005,20053,3,345osm_신울산_345-동울산_345_3,0.001194,0.012812,0.27001,0.0,0.0,0.0,0.0,2173.0,2390.0,2716.0,45.92,1,0.0
20005,20053,4,345osm_신울산_345-동울산_345_4,0.001194,0.012812,0.27001,0.0,0.0,0.0,0.0,2173.0,2390.0,2716.0,45.92,1,0.0
20001,20084,1,345osm_북부산_345-남울산_345_1,0.001225,0.013146,0.277066,0.0,0.0,0.0,0.0,2173.0,2390.0,2716.0,47.12,1,0.0
20001,20084,2,345osm_북부산_345-남울산_345_2,0.001225,0.013146,0.277066,0.0,0.0,0.0,0.0,2173.0,2390.0,2716.0,47.12,1,0.0
20001,20084,3,345osm_북부산_345-남울산_345_3,0.001225,0.013146,0.277066,0.0,0.0,0.0,0.0,2173.0,2390.0,2716.0,47.12,1,0.0
20001,20084,4,345osm_북부산_345-남울산_345_4,0.001225,0.013146,0.277066,0.0,0.0,0.0,0.0,2173.0,2390.0,2716.0,47.12,1,0.0
20072,20039,1,345osm_울진T2_345-신태백_345_1,0.001233,0.013236,0.278947,0.0,0.0,0.0,0.0,2173.0,2390.0,2716.0,47.44,1,0.0
20072,20039,2,345osm_울진T2_345-신태백_345_2,0.001233,0.013236,0.278947,0.0,0.0,0.0,0.0,2173.0,2390.0,2716.0,47.44,1,0.0
20014,20023,1,345osm_군산_345-신김제_345_1,0.001247,0.013386,0.282122,0.0,0.0,0.0,0.0,2173.0,2390.0,2716.0,47.98,1,0.0
20014,20023,2,345osm_군산_345-신김제_345_2,0.001247,0.013386,0.282122,0.0,0.0,0.0,0.0,2173.0,2390.0,2716.0,47.98,1,0.0
20002,20030,1,345osm_청양_345-신온양_345_1,0.001296,0.013906,0.293081,0.0,0.0,0.0,0.0,2173.0,2390.0,2716.0,49.84,1,0.0
20002,20030,2,345osm_청양_345-신온양_345_2,0.001296,0.013906,0.293081,0.0,0.0,0.0,0.0,2173.0,2390.0,2716.0,49.84,1,0.0
20002,20030,3,345osm_청양_345-신온양_345_3,0.001296,0.013906,0.293081,0.0,0.0,0.0,0.0,2173.0,2390.0,2716.0,49.84,1,0.0
20002,20030,4,345osm_청양_345-신온양_345_4,0.001296,0.013906,0.293081,0.0,0.0,0.0,0.0,2173.0,2390.0,2716.0,49.84,1,0.0
20027,20055,1,345osm_광양_345-한국발전기술_345_1,0.001313,0.014089,0.29694,0.0,0.0,0.0,0.0,2173.0,2390.0,2716.0,50.5,1,0.0
20027,20055,2,345osm_광양_345-한국발전기술_345_2,0.001313,0.014089,0.29694,0.0,0.0,0.0,0.0,2173.0,2390.0,2716.0,50.5,1,0.0
20027,20055,3,345osm_광양_345-한국발전기술_345_3,0.001313,0.014089,0.29694,0.0,0.0,0.0,0.0,2173.0,2390.0,2716.0,50.5,1,0.0
20027,20055,4,345osm_광양_345-한국발전기술_345_4,0.001313,0.014089,0.29694,0.0,0.0,0.0,0.0,2173.0,2390.0,2716.0,50.5,1,0.0
20002,20011,1,345osm_청양_345-신계룡_345_1,0.001331,0.014279,0.300938,0.0,0.0,0.0,0.0,2173.0,2390.0,2716.0,51.18,1,0.0
20002,20011,2,345osm_청양_345-신계룡_345_2,0.001331,0.014279,0.300938,0.0,0.0,0.0,0.0,2173.0,2390.0,2716.0,51.18,1,0.0
20040,20058,1,345osm_신가평_345-신의정부_345_1,0.001347,0.014455,0.304643,0.0,0.0,0.0,0.0,2173.0,2390.0,2716.0,51.81,1,0.0
20040,20058,2,345osm_신가평_345-신의정부_345_2,0.001347,0.014455,0.304643,0.0,0.0,0.0,0.0,2173.0,2390.0,2716.0,51.81,1,0.0
20040,20058,3,345osm_신가평_345-신의정부_345_3,0.001347,0.014455,0.304643,0.0,0.0,0.0,0.0,2173.0,2390.0,2716.0,51.81,1,0.0
20040,20058,4,345osm_신가평_345-신의정부_345_4,0.001347,0.014455,0.304643,0.0,0.0,0.0,0.0,2173.0,2390.0,2716.0,51.81,1,0.0
20021,90003,1,345osm_신광주_345-한빛_SW_1,0.001389,0.014901,0.314051,0.0,0.0,0.0,0.0,2173.0,2390.0,2716.0,53.41,1,0.0
20021,90003,2,345osm_신광주_345-한빛_SW_2,0.001389,0.014901,0.314051,0.0,0.0,0.0,0.0,2173.0,2390.0,2716.0,53.41,1,0.0
20069,20073,1,345osm_신영일_345-청송양수_345_1,0.0014,0.015019,0.31652,0.0,0.0,0.0,0.0,2173.0,2390.0,2716.0,53.83,1,0.0
20069,20073,2,345osm_신영일_345-청송양수_345_2,0.0014,0.015019,0.31652,0.0,0.0,0.0,0.0,2173.0,2390.0,2716.0,53.83,1,0.0
20047,20049,1,345osm_신덕은_345-신포천_345_1,0.00139675,0.0150467,0.472355,0.0,0.0,0.0,0.0,2173.0,2390.0,2716.0,54.76,1,1.8
20047,20049,2,345osm_신덕은_345-신포천_345_2,0.00139675,0.0150467,0.472355,0.0,0.0,0.0,0.0,2173.0,2390.0,2716.0,54.76,1,1.8
20047,20049,3,345osm_신덕은_345-신포천_345_3,0.00139675,0.0150467,0.472355,0.0,0.0,0.0,0.0,2173.0,2390.0,2716.0,54.76,1,1.8
20047,20049,4,345osm_신덕은_345-신포천_345_4,0.00139675,0.0150467,0.472355,0.0,0.0,0.0,0.0,2173.0,2390.0,2716.0,54.76,1,1.8
20021,20022,1,345osm_신광주_345-신남원_345_1,0.001502,0.016115,0.339629,0.0,0.0,0.0,0.0,2173.0,2390.0,2716.0,57.76,1,0.0
20021,20022,2,345osm_신광주_345-신남원_345_2,0.001502,0.016115,0.339629,0.0,0.0,0.0,0.0,2173.0,2390.0,2716.0,57.76,1,0.0
20025,20060,1,345osm_신마산_345-신고성_345_1,0.00154,0.016522,0.348214,0.0,0.0,0.0,0.0,2173.0,2390.0,2716.0,59.22,1,0.0
20025,20060,2,345osm_신마산_345-신고성_345_2,0.00154,0.016522,0.348214,0.0,0.0,0.0,0.0,2173.0,2390.0,2716.0,59.22,1,0.0
20017,20024,1,345osm_고령_345-의령_345_1,0.001551,0.016642,0.350742,0.0,0.0,0.0,0.0,2173.0,2390.0,2716.0,59.65,1,0.0
20017,20024,2,345osm_고령_345-의령_345_2,0.001551,0.016642,0.350742,0.0,0.0,0.0,0.0,2173.0,2390.0,2716.0,59.65,1,0.0
20018,20063,1,345osm_서대구_345-북경남_345_1,0.001557,0.016704,0.352036,0.0,0.0,0.0,0.0,2173.0,2390.0,2716.0,59.87,1,0.0
20018,20063,2,345osm_서대구_345-북경남_345_2,0.001557,0.016704,0.352036,0.0,0.0,0.0,0.0,2173.0,2390.0,2716.0,59.87,1,0.0
20018,20063,3,345osm_서대구_345-북경남_345_3,0.001557,0.016704,0.352036,0.0,0.0,0.0,0.0,2173.0,2390.0,2716.0,59.87,1,0.0
20018,20063,4,345osm_서대구_345-북경남_345_4,0.001557,0.016704,0.352036,0.0,0.0,0.0,0.0,2173.0,2390.0,2716.0,59.87,1,0.0
20002,20014,1,345osm_청양_345-군산_345_1,0.001592,0.017083,0.360032,0.0,0.0,0.0,0.0,2173.0,2390.0,2716.0,61.23,1,0.0
20002,20014,2,345osm_청양_345-군산_345_2,0.001592,0.017083,0.360032,0.0,0.0,0.0,0.0,2173.0,2390.0,2716.0,61.23,1,0.0
20022,20024,1,345osm_신남원_345-의령_345_1,0.001634,0.017535,0.369558,0.0,0.0,0.0,0.0,2173.0,2390.0,2716.0,62.85,1,0.0
20022,20024,2,345osm_신남원_345-의령_345_2,0.001634,0.017535,0.369558,0.0,0.0,0.0,0.0,2173.0,2390.0,2716.0,62.85,1,0.0
20022,20027,1,345osm_신남원_345-광양_345_1,0.001644,0.017638,0.371734,0.0,0.0,0.0,0.0,2173.0,2390.0,2716.0,63.22,1,0.0
20022,20027,2,345osm_신남원_345-광양_345_2,0.001644,0.017638,0.371734,0.0,0.0,0.0,0.0,2173.0,2390.0,2716.0,63.22,1,0.0
20022,20027,3,345osm_신남원_345-광양_345_3,0.001644,0.017638,0.371734,0.0,0.0,0.0,0.0,2173.0,2390.0,2716.0,63.22,1,0.0
20022,20027,4,345osm_신남원_345-광양_345_4,0.001644,0.017638,0.371734,0.0,0.0,0.0,0.0,2173.0,2390.0,2716.0,63.22,1,0.0
20040,20049,1,345osm_신가평_345-신포천_345_1,0.001643,0.017627,0.371498,0.0,0.0,0.0,0.0,2173.0,2390.0,2716.0,63.18,1,0.0
20040,20049,2,345osm_신가평_345-신포천_345_2,0.001643,0.017627,0.371498,0.0,0.0,0.0,0.0,2173.0,2390.0,2716.0,63.18,1,0.0
20040,20049,3,345osm_신가평_345-신포천_345_3,0.001643,0.017627,0.371498,0.0,0.0,0.0,0.0,2173.0,2390.0,2716.0,63.18,1,0.0
20040,20049,4,345osm_신가평_345-신포천_345_4,0.001643,0.017627,0.371498,0.0,0.0,0.0,0.0,2173.0,2390.0,2716.0,63.18,1,0.0
20044,20051,1,345osm_신제천_345-신충주_345_1,0.001714,0.018389,0.387551,0.0,0.0,0.0,0.0,2173.0,2390.0,2716.0,65.91,1,0.0
20044,20051,2,345osm_신제천_345-신충주_345_2,0.001714,0.018389,0.387551,0.0,0.0,0.0,0.0,2173.0,2390.0,2716.0,65.91,1,0.0
20044,20051,3,345osm_신제천_345-신충주_345_3,0.001714,0.018389,0.387551,0.0,0.0,0.0,0.0,2173.0,2390.0,2716.0,65.91,1,0.0
20044,20051,4,345osm_신제천_345-신충주_345_4,0.001714,0.018389,0.387551,0.0,0.0,0.0,0.0,2173.0,2390.0,2716.0,65.91,1,0.0
20060,20086,1,345osm_신고성_345-창원_345_1,0.001815,0.01948,0.410542,0.0,0.0,0.0,0.0,2173.0,2390.0,2716.0,69.82,1,0.0
20038,20044,1,345osm_신영주_345-신제천_345_1,0.001952,0.020945,0.441412,0.0,0.0,0.0,0.0,2173.0,2390.0,2716.0,75.07,1,0.0
20038,20044,2,345osm_신영주_345-신제천_345_2,0.001952,0.020945,0.441412,0.0,0.0,0.0,0.0,2173.0,2390.0,2716.0,75.07,1,0.0
20023,90003,1,345osm_신김제_345-한빛_SW_1,0.001982,0.021268,0.448232,0.0,0.0,0.0,0.0,2173.0,2390.0,2716.0,76.23,1,0.0
20023,90003,2,345osm_신김제_345-한빛_SW_2,0.001982,0.021268,0.448232,0.0,0.0,0.0,0.0,2173.0,2390.0,2716.0,76.23,1,0.0
20045,20051,1,345osm_곤지암_345-신충주_345_1,0.002028,0.021762,0.45864,0.0,0.0,0.0,0.0,2173.0,2390.0,2716.0,78.0,1,0.0
20045,20051,2,345osm_곤지암_345-신충주_345_2,0.002028,0.021762,0.45864,0.0,0.0,0.0,0.0,2173.0,2390.0,2716.0,78.0,1,0.0
20045,20051,3,345osm_곤지암_345-신충주_345_3,0.002028,0.021762,0.45864,0.0,0.0,0.0,0.0,2173.0,2390.0,2716.0,78.0,1,0.0
20045,20051,4,345osm_곤지암_345-신충주_345_4,0.002028,0.021762,0.45864,0.0,0.0,0.0,0.0,2173.0,2390.0,2716.0,78.0,1,0.0
20038,20073,1,345osm_신영주_345-청송양수_345_1,0.002275,0.024415,0.514559,0.0,0.0,0.0,0.0,2173.0,2390.0,2716.0,87.51,1,0.0
20038,20073,2,345osm_신영주_345-청송양수_345_2,0.002275,0.024415,0.514559,0.0,0.0,0.0,0.0,2173.0,2390.0,2716.0,87.51,1,0.0
20038,20072,1,345osm_신영주_345-울진T2_345_1,0.002272,0.024379,0.513794,0.0,0.0,0.0,0.0,2173.0,2390.0,2716.0,87.38,1,0.0
20038,20072,2,345osm_신영주_345-울진T2_345_2,0.002272,0.024379,0.513794,0.0,0.0,0.0,0.0,2173.0,2390.0,2716.0,87.38,1,0.0
20007,20022,1,345osm_신옥천_345-신남원_345_1,0.002469,0.026499,0.558482,0.0,0.0,0.0,0.0,2173.0,2390.0,2716.0,94.98,1,0.0
20007,20022,2,345osm_신옥천_345-신남원_345_2,0.002469,0.026499,0.558482,0.0,0.0,0.0,0.0,2173.0,2390.0,2716.0,94.98,1,0.0
20043,20044,1,345osm_동해_345-신제천_345_1,0.002473,0.026538,0.559306,0.0,0.0,0.0,0.0,2173.0,2390.0,2716.0,95.12,1,0.0
20043,20044,2,345osm_동해_345-신제천_345_2,0.002473,0.026538,0.559306,0.0,0.0,0.0,0.0,2173.0,2390.0,2716.0,95.12,1,0.0
20043,20044,3,345osm_동해_345-신제천_345_3,0.002473,0.026538,0.559306,0.0,0.0,0.0,0.0,2173.0,2390.0,2716.0,95.12,1,0.0
20043,20044,4,345osm_동해_345-신제천_345_4,0.002473,0.026538,0.559306,0.0,0.0,0.0,0.0,2173.0,2390.0,2716.0,95.12,1,0.0
20022,90003,1,345osm_신남원_345-한빛_SW_1,0.002747,0.029476,0.621222,0.0,0.0,0.0,0.0,2173.0,2390.0,2716.0,105.65,1,0.0
20022,90003,2,345osm_신남원_345-한빛_SW_2,0.002747,0.029476,0.621222,0.0,0.0,0.0,0.0,2173.0,2390.0,2716.0,105.65,1,0.0
20027,20088,1,345osm_광양_345-신강진_345_1,0.002876,0.03086,0.650387,0.0,0.0,0.0,0.0,2173.0,2390.0,2716.0,110.61,1,0.0
20027,20088,2,345osm_광양_345-신강진_345_2,0.002876,0.03086,0.650387,0.0,0.0,0.0,0.0,2173.0,2390.0,2716.0,110.61,1,0.0
20007,20018,1,345osm_신옥천_345-서대구_345_1,0.002962,0.031786,0.669908,0.0,0.0,0.0,0.0,2173.0,2390.0,2716.0,113.93,1,0.0
20007,20018,2,345osm_신옥천_345-서대구_345_2,0.002962,0.031786,0.669908,0.0,0.0,0.0,0.0,2173.0,2390.0,2716.0,113.93,1,0.0
20033,20029,1,345corr_아산_345-화성_345_1,0.001161,0.012463,0.262671,0.0,0.0,0.0,0.0,2173.0,2390.0,2716.0,44.67,1,0.0
20033,20029,2,345corr_아산_345-화성_345_2,0.001161,0.012463,0.262671,0.0,0.0,0.0,0.0,2173.0,2390.0,2716.0,44.67,1,0.0
20085,20081,1,345gap_영흥T3_345-영흥T1_345_1,2.6e-05,0.000279,0.00588,0.0,0.0,0.0,0.0,2173.0,2390.0,2716.0,1.0,1,0.0
20085,20081,2,345gap_영흥T3_345-영흥T1_345_2,2.6e-05,0.000279,0.00588,0.0,0.0,0.0,0.0,2173.0,2390.0,2716.0,1.0,1,0.0
20054,20080,1,345gap_신울산765_345-울산T4_345_1,2.6e-05,0.000279,0.00588,0.0,0.0,0.0,0.0,2173.0,2390.0,2716.0,1.0,1,0.0
20054,20080,2,345gap_신울산765_345-울산T4_345_2,2.6e-05,0.000279,0.00588,0.0,0.0,0.0,0.0,2173.0,2390.0,2716.0,1.0,1,0.0
20090,20050,1,345cbl_중부_345-영등포_345_1,4.14436e-05,0.000567385,0.337102,0.0,0.0,0.0,0.0,1023.0,1125.0,1279.0,3.77,1,3.77
20090,20050,2,345cbl_중부_345-영등포_345_2,4.14436e-05,0.000567385,0.337102,0.0,0.0,0.0,0.0,1023.0,1125.0,1279.0,3.77,1,3.77
20077,20057,1,345gap_신부평_345-신인천_345_1,0.000133,0.001432,0.03017,0.0,0.0,0.0,0.0,2173.0,2390.0,2716.0,5.13,1,0.0
20077,20057,2,345gap_신부평_345-신인천_345_2,0.000133,0.001432,0.03017,0.0,0.0,0.0,0.0,2173.0,2390.0,2716.0,5.13,1,0.0
20048,20028,1,345gap_서수원_345-서서울_345_1,0.000137,0.001471,0.030994,0.0,0.0,0.0,0.0,2173.0,2390.0,2716.0,5.27,1,0.0
20048,20028,2,345gap_서수원_345-서서울_345_2,0.000137,0.001471,0.030994,0.0,0.0,0.0,0.0,2173.0,2390.0,2716.0,5.27,1,0.0
20013,20008,1,345gap_신수원_345-신용인_345_1,0.000195,0.002091,0.04406,0.0,0.0,0.0,0.0,2173.0,2390.0,2716.0,7.49,1,0.0
20013,20008,2,345gap_신수원_345-신용인_345_2,0.000195,0.002091,0.04406,0.0,0.0,0.0,0.0,2173.0,2390.0,2716.0,7.49,1,0.0
20068,20003,1,345gap_포스코_345-신포항_345_1,0.000198,0.002123,0.044738,0.0,0.0,0.0,0.0,2173.0,2390.0,2716.0,7.61,1,0.0
20068,20003,2,345gap_포스코_345-신포항_345_2,0.000198,0.002123,0.044738,0.0,0.0,0.0,0.0,2173.0,2390.0,2716.0,7.61,1,0.0
20019,20056,1,345gap_안성_345-서안성_345_1,0.000262,0.002814,0.059312,0.0,0.0,0.0,0.0,2173.0,2390.0,2716.0,10.09,1,0.0
20019,20056,2,345gap_안성_345-서안성_345_2,0.000262,0.002814,0.059312,0.0,0.0,0.0,0.0,2173.0,2390.0,2716.0,10.09,1,0.0
20075,20001,1,345gap_서부산_345-북부산_345_1,0.000304,0.003259,0.068676,0.0,0.0,0.0,0.0,2173.0,2390.0,2716.0,11.68,1,0.0
20075,20001,2,345gap_서부산_345-북부산_345_2,0.000304,0.003259,0.068676,0.0,0.0,0.0,0.0,2173.0,2390.0,2716.0,11.68,1,0.0
20076,20075,1,345cbl_동부산_345-서부산_345_1,0.000112239,0.00153661,0.912948,0.0,0.0,0.0,0.0,1023.0,1125.0,1279.0,10.21,1,10.21
20076,20075,2,345cbl_동부산_345-서부산_345_2,0.000112239,0.00153661,0.912948,0.0,0.0,0.0,0.0,1023.0,1125.0,1279.0,10.21,1,10.21
20070,20077,1,345gap_신김포_345-신부평_345_1,0.000484,0.005194,0.109467,0.0,0.0,0.0,0.0,2173.0,2390.0,2716.0,18.62,1,0.0
20070,20077,2,345gap_신김포_345-신부평_345_2,0.000484,0.005194,0.109467,0.0,0.0,0.0,0.0,2173.0,2390.0,2716.0,18.62,1,0.0
20089,20056,1,345gap_고덕_345-서안성_345_1,0.000495,0.005316,0.112038,0.0,0.0,0.0,0.0,2173.0,2390.0,2716.0,19.05,1,0.0
20089,20056,2,345gap_고덕_345-서안성_345_2,0.000495,0.005316,0.112038,0.0,0.0,0.0,0.0,2173.0,2390.0,2716.0,19.05,1,0.0
20042,20043,1,345gap_신양양_345-동해_345_1,0.002213,0.023743,0.500388,0.0,0.0,0.0,0.0,2173.0,2390.0,2716.0,85.1,1,0.0
20042,20043,2,345gap_신양양_345-동해_345_2,0.002213,0.023743,0.500388,0.0,0.0,0.0,0.0,2173.0,2390.0,2716.0,85.1,1,0.0
40204,40205,1,154osm_아현_154-신촌_154_1,8.04978e-05,0.000838202,0.026488,0.0,0.0,0.0,0.0,430.0,473.0,538.0,1.28,1,1.18
40204,40205,2,154osm_아현_154-신촌_154_2,8.04978e-05,0.000838202,0.026488,0.0,0.0,0.0,0.0,430.0,473.0,538.0,1.28,1,1.18
40055,40433,1,154osm_원정_154-만호_154_1,0.000354,0.003218,0.002606,0.0,0.0,0.0,0.0,452.0,497.0,565.0,2.27,1,0.0
40055,40433,2,154osm_원정_154-만호_154_2,0.000354,0.003218,0.002606,0.0,0.0,0.0,0.0,452.0,497.0,565.0,2.27,1,0.0
40702,40758,1,154osm_양산T2_154-양산T3_154_1,0.000106,0.000964,0.000781,0.0,0.0,0.0,0.0,452.0,497.0,565.0,0.68,1,0.0
40702,40758,2,154osm_양산T2_154-양산T3_154_2,0.000106,0.000964,0.000781,0.0,0.0,0.0,0.0,452.0,497.0,565.0,0.68,1,0.0
40004,40005,1,154osm_논일_154-역삼_154_1,9.68e-05,0.0010384,0.039336,0.0,0.0,0.0,0.0,430.0,473.0,538.0,1.76,1,1.76
40004,40005,2,154osm_논일_154-역삼_154_2,9.68e-05,0.0010384,0.039336,0.0,0.0,0.0,0.0,430.0,473.0,538.0,1.76,1,1.76
40004,40005,3,154osm_논일_154-역삼_154_3,9.68e-05,0.0010384,0.039336,0.0,0.0,0.0,0.0,430.0,473.0,538.0,1.76,1,1.76
40702,40701,1,154osm_양산T2_154-울산T5_154_1,9.4e-05,0.000852,0.00069,0.0,0.0,0.0,0.0,452.0,497.0,565.0,0.6,1,0.0
40702,40701,2,154osm_양산T2_154-울산T5_154_2,9.4e-05,0.000852,0.00069,0.0,0.0,0.0,0.0,452.0,497.0,565.0,0.6,1,0.0
40019,40713,1,154osm_등촌_154-가양_154_1,0.0001826,0.0019588,0.074202,0.0,0.0,0.0,0.0,430.0,473.0,538.0,3.32,1,3.32
40019,40713,2,154osm_등촌_154-가양_154_2,0.0001826,0.0019588,0.074202,0.0,0.0,0.0,0.0,430.0,473.0,538.0,3.32,1,3.32
40094,40167,1,154osm_서대구_154-칠곡_154_1,0.000224,0.002042,0.001654,0.0,0.0,0.0,0.0,452.0,497.0,565.0,1.44,1,0.0
40094,40167,2,154osm_서대구_154-칠곡_154_2,0.000224,0.002042,0.001654,0.0,0.0,0.0,0.0,452.0,497.0,565.0,1.44,1,0.0
40092,40286,1,154osm_신경산_154-경산_154_1,2.8e-05,0.000253,0.000205,0.0,0.0,0.0,0.0,452.0,497.0,565.0,0.18,1,0.0
40092,40286,2,154osm_신경산_154-경산_154_2,2.8e-05,0.000253,0.000205,0.0,0.0,0.0,0.0,452.0,497.0,565.0,0.18,1,0.0
40068,40456,1,154osm_신용인_154-동백_154_1,0.000345,0.003137,0.00254,0.0,0.0,0.0,0.0,452.0,497.0,565.0,2.21,1,0.0
40068,40456,2,154osm_신용인_154-동백_154_2,0.000345,0.003137,0.00254,0.0,0.0,0.0,0.0,452.0,497.0,565.0,2.21,1,0.0
40068,40456,3,154osm_신용인_154-동백_154_3,0.000345,0.003137,0.00254,0.0,0.0,0.0,0.0,452.0,497.0,565.0,2.21,1,0.0
40068,40456,4,154osm_신용인_154-동백_154_4,0.000345,0.003137,0.00254,0.0,0.0,0.0,0.0,452.0,497.0,565.0,2.21,1,0.0
40302,40303,1,154osm_일동_154-신안산_154_1,3e-05,0.00027,0.000218,0.0,0.0,0.0,0.0,452.0,497.0,565.0,0.19,1,0.0
40302,40303,2,154osm_일동_154-신안산_154_2,3e-05,0.00027,0.000218,0.0,0.0,0.0,0.0,452.0,497.0,565.0,0.19,1,0.0
40302,40303,3,154osm_일동_154-신안산_154_3,3e-05,0.00027,0.000218,0.0,0.0,0.0,0.0,452.0,497.0,565.0,0.19,1,0.0
40302,40303,4,154osm_일동_154-신안산_154_4,3e-05,0.00027,0.000218,0.0,0.0,0.0,0.0,452.0,497.0,565.0,0.19,1,0.0
40321,40457,1,154osm_수원T1_154-기흥_154_1,0.000362,0.003291,0.002666,0.0,0.0,0.0,0.0,452.0,497.0,565.0,2.32,1,0.0
40321,40457,2,154osm_수원T1_154-기흥_154_2,0.000362,0.003291,0.002666,0.0,0.0,0.0,0.0,452.0,497.0,565.0,2.32,1,0.0
40086,40453,1,154osm_신수원_154-농서_154_1,0.000169,0.001536,0.001244,0.0,0.0,0.0,0.0,452.0,497.0,565.0,1.08,1,0.0
40086,40453,2,154osm_신수원_154-농서_154_2,0.000169,0.001536,0.001244,0.0,0.0,0.0,0.0,452.0,497.0,565.0,1.08,1,0.0
40065,40321,1,154osm_신갈_154-수원T1_154_1,0.000275,0.002508,0.002031,0.0,0.0,0.0,0.0,452.0,497.0,565.0,1.77,1,0.0
40065,40321,2,154osm_신갈_154-수원T1_154_2,0.000275,0.002508,0.002031,0.0,0.0,0.0,0.0,452.0,497.0,565.0,1.77,1,0.0
40059,40170,1,154osm_신울산_154-울산T2_154_1,0.000416,0.003787,0.003067,0.0,0.0,0.0,0.0,452.0,497.0,565.0,2.67,1,0.0
40059,40170,2,154osm_신울산_154-울산T2_154_2,0.000416,0.003787,0.003067,0.0,0.0,0.0,0.0,452.0,497.0,565.0,2.67,1,0.0
40306,40437,1,154osm_이의_154-동수원_154_1,0.000253774,0.00265141,0.085699,0.0,0.0,0.0,0.0,430.0,473.0,538.0,4.1,1,3.82
40306,40437,2,154osm_이의_154-동수원_154_2,0.000253774,0.00265141,0.085699,0.0,0.0,0.0,0.0,430.0,473.0,538.0,4.1,1,3.82
40130,40134,1,154osm_영일_154-대송_154_1,0.000218,0.001983,0.001606,0.0,0.0,0.0,0.0,452.0,497.0,565.0,1.4,1,0.0
40130,40134,2,154osm_영일_154-대송_154_2,0.000218,0.001983,0.001606,0.0,0.0,0.0,0.0,452.0,497.0,565.0,1.4,1,0.0
40130,40134,3,154osm_영일_154-대송_154_3,0.000218,0.001983,0.001606,0.0,0.0,0.0,0.0,452.0,497.0,565.0,1.4,1,0.0
40130,40134,4,154osm_영일_154-대송_154_4,0.000218,0.001983,0.001606,0.0,0.0,0.0,0.0,452.0,497.0,565.0,1.4,1,0.0
40363,40438,1,154osm_고양_154-일산_154_1,0.000368,0.003353,0.002716,0.0,0.0,0.0,0.0,452.0,497.0,565.0,2.36,1,0.0
40363,40438,2,154osm_고양_154-일산_154_2,0.000368,0.003353,0.002716,0.0,0.0,0.0,0.0,452.0,497.0,565.0,2.36,1,0.0
40363,40438,3,154osm_고양_154-일산_154_3,0.000368,0.003353,0.002716,0.0,0.0,0.0,0.0,452.0,497.0,565.0,2.36,1,0.0
40363,40438,4,154osm_고양_154-일산_154_4,0.000368,0.003353,0.002716,0.0,0.0,0.0,0.0,452.0,497.0,565.0,2.36,1,0.0
40114,40748,1,154osm_신시흥_154-북시화_154_1,0.000297,0.002705,0.002191,0.0,0.0,0.0,0.0,452.0,497.0,565.0,1.91,1,0.0
40114,40748,2,154osm_신시흥_154-북시화_154_2,0.000297,0.002705,0.002191,0.0,0.0,0.0,0.0,452.0,497.0,565.0,1.91,1,0.0
40114,40748,3,154osm_신시흥_154-북시화_154_3,0.000297,0.002705,0.002191,0.0,0.0,0.0,0.0,452.0,497.0,565.0,1.91,1,0.0
40114,40748,4,154osm_신시흥_154-북시화_154_4,0.000297,0.002705,0.002191,0.0,0.0,0.0,0.0,452.0,497.0,565.0,1.91,1,0.0
40114,40245,1,154osm_신시흥_154-정왕_154_1,0.000419,0.003814,0.003089,0.0,0.0,0.0,0.0,452.0,497.0,565.0,2.69,1,0.0
40114,40245,2,154osm_신시흥_154-정왕_154_2,0.000419,0.003814,0.003089,0.0,0.0,0.0,0.0,452.0,497.0,565.0,2.69,1,0.0
40114,40245,3,154osm_신시흥_154-정왕_154_3,0.000419,0.003814,0.003089,0.0,0.0,0.0,0.0,452.0,497.0,565.0,2.69,1,0.0
40114,40245,4,154osm_신시흥_154-정왕_154_4,0.000419,0.003814,0.003089,0.0,0.0,0.0,0.0,452.0,497.0,565.0,2.69,1,0.0
40169,40272,1,154osm_용연_154-울산화력_154_1,0.000296,0.002692,0.00218,0.0,0.0,0.0,0.0,452.0,497.0,565.0,1.9,1,0.0
40169,40750,1,154osm_용연_154-남울산_154_1,0.000113,0.001028,0.000832,0.0,0.0,0.0,0.0,452.0,497.0,565.0,0.72,1,0.0
40169,40750,2,154osm_용연_154-남울산_154_2,0.000113,0.001028,0.000832,0.0,0.0,0.0,0.0,452.0,497.0,565.0,0.72,1,0.0
40270,40750,1,154osm_성암_154-남울산_154_1,3e-05,0.00027,0.000218,0.0,0.0,0.0,0.0,452.0,497.0,565.0,0.19,1,0.0
40270,40750,2,154osm_성암_154-남울산_154_2,3e-05,0.00027,0.000218,0.0,0.0,0.0,0.0,452.0,497.0,565.0,0.19,1,0.0
40270,40750,3,154osm_성암_154-남울산_154_3,3e-05,0.00027,0.000218,0.0,0.0,0.0,0.0,452.0,497.0,565.0,0.19,1,0.0
40178,40432,1,154osm_추팔_154-팽성_154_1,0.000191,0.001741,0.00141,0.0,0.0,0.0,0.0,452.0,497.0,565.0,1.23,1,0.0
40178,40432,2,154osm_추팔_154-팽성_154_2,0.000191,0.001741,0.00141,0.0,0.0,0.0,0.0,452.0,497.0,565.0,1.23,1,0.0
40193,40523,1,154osm_포항T1_154-포항_154_1,0.000205,0.001862,0.001508,0.0,0.0,0.0,0.0,452.0,497.0,565.0,1.31,1,0.0
40193,40523,2,154osm_포항T1_154-포항_154_2,0.000205,0.001862,0.001508,0.0,0.0,0.0,0.0,452.0,497.0,565.0,1.31,1,0.0
40193,40336,1,154osm_포항T1_154-포스코_154_1,0.000247,0.00225,0.001823,0.0,0.0,0.0,0.0,452.0,497.0,565.0,1.58,1,0.0
40193,40336,2,154osm_포항T1_154-포스코_154_2,0.000247,0.00225,0.001823,0.0,0.0,0.0,0.0,452.0,497.0,565.0,1.58,1,0.0
40070,40071,1,154osm_계양1_154-임학_154_1,0.000449,0.004087,0.00331,0.0,0.0,0.0,0.0,452.0,497.0,565.0,2.88,1,0.0
40070,40071,2,154osm_계양1_154-임학_154_2,0.000449,0.004087,0.00331,0.0,0.0,0.0,0.0,452.0,497.0,565.0,2.88,1,0.0
40081,40677,1,154osm_보광_154-반포_154_1,0.00020196,0.0018598,0.006755,0.0,0.0,0.0,0.0,452.0,497.0,565.0,1.45,1,0.24
40081,40677,2,154osm_보광_154-반포_154_2,0.00020196,0.0018598,0.006755,0.0,0.0,0.0,0.0,452.0,497.0,565.0,1.45,1,0.24
40228,40501,1,154osm_삼정_154-천선_154_1,0.000167,0.00152,0.001231,0.0,0.0,0.0,0.0,452.0,497.0,565.0,1.07,1,0.0
40228,40501,2,154osm_삼정_154-천선_154_2,0.000167,0.00152,0.001231,0.0,0.0,0.0,0.0,452.0,497.0,565.0,1.07,1,0.0
40479,40762,1,154osm_월림_154-창원_154_1,6.4e-05,0.000582,0.000471,0.0,0.0,0.0,0.0,452.0,497.0,565.0,0.41,1,0.0
40479,40762,2,154osm_월림_154-창원_154_2,6.4e-05,0.000582,0.000471,0.0,0.0,0.0,0.0,452.0,497.0,565.0,0.41,1,0.0
40242,40684,1,154osm_둔포_154-석곡_154_1,0.000367,0.003337,0.002703,0.0,0.0,0.0,0.0,452.0,497.0,565.0,2.35,1,0.0
40242,40684,2,154osm_둔포_154-석곡_154_2,0.000367,0.003337,0.002703,0.0,0.0,0.0,0.0,452.0,497.0,565.0,2.35,1,0.0
40243,40680,1,154osm_반야월_154-신서_154_1,8.7e-05,0.000792,0.000641,0.0,0.0,0.0,0.0,452.0,497.0,565.0,0.56,1,0.0
40243,40680,2,154osm_반야월_154-신서_154_2,8.7e-05,0.000792,0.000641,0.0,0.0,0.0,0.0,452.0,497.0,565.0,0.56,1,0.0
40261,40712,1,154osm_온수_154-천왕_154_1,0.00012485,0.0013393,0.0507345,0.0,0.0,0.0,0.0,430.0,473.0,538.0,2.27,1,2.27
40261,40712,2,154osm_온수_154-천왕_154_2,0.00012485,0.0013393,0.0507345,0.0,0.0,0.0,0.0,430.0,473.0,538.0,2.27,1,2.27
40726,40738,1,154osm_양천_154-양평_154_1,0.0001754,0.00164862,0.014021,0.0,0.0,0.0,0.0,430.0,473.0,538.0,1.5,1,0.58
40726,40738,2,154osm_양천_154-양평_154_2,0.0001754,0.00164862,0.014021,0.0,0.0,0.0,0.0,430.0,473.0,538.0,1.5,1,0.58
40687,40701,1,154osm_울산T4_154-울산T5_154_1,0.000249,0.002264,0.001834,0.0,0.0,0.0,0.0,452.0,497.0,565.0,1.59,1,0.0
40687,40701,2,154osm_울산T4_154-울산T5_154_2,0.000249,0.002264,0.001834,0.0,0.0,0.0,0.0,452.0,497.0,565.0,1.59,1,0.0
40341,40539,1,154osm_인동_154-금전_154_1,0.000461,0.0042,0.003401,0.0,0.0,0.0,0.0,452.0,497.0,565.0,2.96,1,0.0
40266,40363,1,154osm_지도_154-고양_154_1,0.000287876,0.00269313,0.0198975,0.0,0.0,0.0,0.0,430.0,473.0,538.0,2.37,1,0.81
40266,40363,2,154osm_지도_154-고양_154_2,0.000287876,0.00269313,0.0198975,0.0,0.0,0.0,0.0,430.0,473.0,538.0,2.37,1,0.81
40111,40342,1,154osm_서서울_154-송정1_154_1,0.000176,0.001606,0.0013,0.0,0.0,0.0,0.0,452.0,497.0,565.0,1.13,1,0.0
40111,40342,2,154osm_서서울_154-송정1_154_2,0.000176,0.001606,0.0013,0.0,0.0,0.0,0.0,452.0,497.0,565.0,1.13,1,0.0
40320,40342,1,154osm_남군포_154-송정1_154_1,0.000202,0.001838,0.001489,0.0,0.0,0.0,0.0,452.0,497.0,565.0,1.29,1,0.0
40320,40342,2,154osm_남군포_154-송정1_154_2,0.000202,0.001838,0.001489,0.0,0.0,0.0,0.0,452.0,497.0,565.0,1.29,1,0.0
40476,40480,1,154osm_창공_154-완암_154_1,0.000299,0.002725,0.002207,0.0,0.0,0.0,0.0,452.0,497.0,565.0,1.92,1,0.0
40476,40480,2,154osm_창공_154-완암_154_2,0.000299,0.002725,0.002207,0.0,0.0,0.0,0.0,452.0,497.0,565.0,1.92,1,0.0
40476,40480,3,154osm_창공_154-완암_154_3,0.000299,0.002725,0.002207,0.0,0.0,0.0,0.0,452.0,497.0,565.0,1.92,1,0.0
40476,40480,4,154osm_창공_154-완암_154_4,0.000299,0.002725,0.002207,0.0,0.0,0.0,0.0,452.0,497.0,565.0,1.92,1,0.0
40480,40762,1,154osm_완암_154-창원_154_1,0.000256,0.002328,0.001885,0.0,0.0,0.0,0.0,452.0,497.0,565.0,1.64,1,0.0
40480,40762,2,154osm_완암_154-창원_154_2,0.000256,0.002328,0.001885,0.0,0.0,0.0,0.0,452.0,497.0,565.0,1.64,1,0.0
40480,40762,3,154osm_완암_154-창원_154_3,0.000256,0.002328,0.001885,0.0,0.0,0.0,0.0,452.0,497.0,565.0,1.64,1,0.0
40480,40762,4,154osm_완암_154-창원_154_4,0.000256,0.002328,0.001885,0.0,0.0,0.0,0.0,452.0,497.0,565.0,1.64,1,0.0
40153,40519,1,154osm_강창_154-성서_154_1,0.000366,0.003335,0.002701,0.0,0.0,0.0,0.0,452.0,497.0,565.0,2.35,1,0.0
40153,40519,2,154osm_강창_154-성서_154_2,0.000366,0.003335,0.002701,0.0,0.0,0.0,0.0,452.0,497.0,565.0,2.35,1,0.0
40539,40540,1,154osm_금전_154-산동_154_1,0.000376,0.003425,0.002774,0.0,0.0,0.0,0.0,452.0,497.0,565.0,2.41,1,0.0
40539,40540,2,154osm_금전_154-산동_154_2,0.000376,0.003425,0.002774,0.0,0.0,0.0,0.0,452.0,497.0,565.0,2.41,1,0.0
40539,40540,3,154osm_금전_154-산동_154_3,0.000376,0.003425,0.002774,0.0,0.0,0.0,0.0,452.0,497.0,565.0,2.41,1,0.0
40539,40540,4,154osm_금전_154-산동_154_4,0.000376,0.003425,0.002774,0.0,0.0,0.0,0.0,452.0,497.0,565.0,2.41,1,0.0
40042,40370,1,154osm_중동_154-신부평_154_1,0.000475,0.00432,0.003499,0.0,0.0,0.0,0.0,452.0,497.0,565.0,3.04,1,0.0
40042,40370,2,154osm_중동_154-신부평_154_2,0.000475,0.00432,0.003499,0.0,0.0,0.0,0.0,452.0,497.0,565.0,3.04,1,0.0
40350,40494,1,154osm_동진주_154-진주_154_1,0.000145802,0.00147291,0.0368445,0.0,0.0,0.0,0.0,430.0,473.0,538.0,1.99,1,1.63
40350,40494,2,154osm_동진주_154-진주_154_2,0.000145802,0.00147291,0.0368445,0.0,0.0,0.0,0.0,430.0,473.0,538.0,1.99,1,1.63
40350,40494,3,154osm_동진주_154-진주_154_3,0.000145802,0.00147291,0.0368445,0.0,0.0,0.0,0.0,430.0,473.0,538.0,1.99,1,1.63
40350,40494,4,154osm_동진주_154-진주_154_4,0.000145802,0.00147291,0.0368445,0.0,0.0,0.0,0.0,430.0,473.0,538.0,1.99,1,1.63
40346,40495,1,154osm_진영_154-한림정_154_1,0.000402,0.003658,0.002962,0.0,0.0,0.0,0.0,452.0,497.0,565.0,2.58,1,0.0
40268,40668,1,154osm_한국발전기술_154-용성_154_1,0.000133,0.001208,0.000979,0.0,0.0,0.0,0.0,452.0,497.0,565.0,0.85,1,0.0
40268,40668,2,154osm_한국발전기술_154-용성_154_2,0.000133,0.001208,0.000979,0.0,0.0,0.0,0.0,452.0,497.0,565.0,0.85,1,0.0
40268,40668,3,154osm_한국발전기술_154-용성_154_3,0.000133,0.001208,0.000979,0.0,0.0,0.0,0.0,452.0,497.0,565.0,0.85,1,0.0
40268,40668,4,154osm_한국발전기술_154-용성_154_4,0.000133,0.001208,0.000979,0.0,0.0,0.0,0.0,452.0,497.0,565.0,0.85,1,0.0
40385,40760,1,154osm_문막_154-원주T1_154_1,0.000176,0.001605,0.0013,0.0,0.0,0.0,0.0,452.0,497.0,565.0,1.13,1,0.0
40301,40678,1,154osm_문발_154-운정_154_1,0.00012265,0.0013157,0.0498405,0.0,0.0,0.0,0.0,430.0,473.0,538.0,2.23,1,2.23
40301,40678,2,154osm_문발_154-운정_154_2,0.00012265,0.0013157,0.0498405,0.0,0.0,0.0,0.0,430.0,473.0,538.0,2.23,1,2.23
40276,40365,1,154osm_송포_154-호수_154_1,0.00018535,0.0019883,0.0753195,0.0,0.0,0.0,0.0,430.0,473.0,538.0,3.37,1,3.37
40276,40365,2,154osm_송포_154-호수_154_2,0.00018535,0.0019883,0.0753195,0.0,0.0,0.0,0.0,430.0,473.0,538.0,3.37,1,3.37
40249,40266,1,154osm_능곡_154-지도_154_1,0.0001848,0.0019824,0.075096,0.0,0.0,0.0,0.0,430.0,473.0,538.0,3.36,1,3.36
40249,40266,2,154osm_능곡_154-지도_154_2,0.0001848,0.0019824,0.075096,0.0,0.0,0.0,0.0,430.0,473.0,538.0,3.36,1,3.36
40339,40716,1,154osm_성동_154-왕십리_154_1,2.75e-06,2.95e-05,0.0011175,0.0,0.0,0.0,0.0,430.0,473.0,538.0,0.05,1,0.05
40339,40716,2,154osm_성동_154-왕십리_154_2,2.75e-06,2.95e-05,0.0011175,0.0,0.0,0.0,0.0,430.0,473.0,538.0,0.05,1,0.05
40339,40715,1,154osm_성동_154-마장_154_1,2.97e-05,0.0003186,0.012069,0.0,0.0,0.0,0.0,430.0,473.0,538.0,0.54,1,0.54
40339,40715,2,154osm_성동_154-마장_154_2,2.97e-05,0.0003186,0.012069,0.0,0.0,0.0,0.0,430.0,473.0,538.0,0.54,1,0.54
40339,40715,3,154osm_성동_154-마장_154_3,2.97e-05,0.0003186,0.012069,0.0,0.0,0.0,0.0,430.0,473.0,538.0,0.54,1,0.54
40003,40719,1,154osm_논현_154-신사_154_1,3.245e-05,0.0003481,0.0131865,0.0,0.0,0.0,0.0,430.0,473.0,538.0,0.59,1,0.59
40003,40719,2,154osm_논현_154-신사_154_2,3.245e-05,0.0003481,0.0131865,0.0,0.0,0.0,0.0,430.0,473.0,538.0,0.59,1,0.59
40003,40004,1,154osm_논현_154-논일_154_1,9.54554e-05,0.000970804,0.0257205,0.0,0.0,0.0,0.0,430.0,473.0,538.0,1.35,1,1.14
40003,40004,2,154osm_논현_154-논일_154_2,9.54554e-05,0.000970804,0.0257205,0.0,0.0,0.0,0.0,430.0,473.0,538.0,1.35,1,1.14
40003,40004,3,154osm_논현_154-논일_154_3,9.54554e-05,0.000970804,0.0257205,0.0,0.0,0.0,0.0,430.0,473.0,538.0,1.35,1,1.14
40005,40011,1,154osm_역삼_154-대치_154_1,0.00010395,0.0011151,0.0422415,0.0,0.0,0.0,0.0,430.0,473.0,538.0,1.89,1,1.89
40005,40011,2,154osm_역삼_154-대치_154_2,0.00010395,0.0011151,0.0422415,0.0,0.0,0.0,0.0,430.0,473.0,538.0,1.89,1,1.89
40322,40727,1,154osm_목동_154-신정_154_1,0.00012375,0.0013275,0.0502875,0.0,0.0,0.0,0.0,430.0,473.0,538.0,2.25,1,2.25
40322,40727,2,154osm_목동_154-신정_154_2,0.00012375,0.0013275,0.0502875,0.0,0.0,0.0,0.0,430.0,473.0,538.0,2.25,1,2.25
40015,40017,1,154osm_독산_154-대림_154_1,0.00017985,0.0019293,0.0730845,0.0,0.0,0.0,0.0,430.0,473.0,538.0,3.27,1,3.27
40015,40017,2,154osm_독산_154-대림_154_2,0.00017985,0.0019293,0.0730845,0.0,0.0,0.0,0.0,430.0,473.0,538.0,3.27,1,3.27
40015,40724,1,154osm_독산_154-구공_154_1,9.955e-05,0.0010679,0.0404535,0.0,0.0,0.0,0.0,430.0,473.0,538.0,1.81,1,1.81
40015,40724,2,154osm_독산_154-구공_154_2,9.955e-05,0.0010679,0.0404535,0.0,0.0,0.0,0.0,430.0,473.0,538.0,1.81,1,1.81
40016,40729,1,154osm_봉천_154-신길_154_1,0.00015125,0.0016225,0.0614625,0.0,0.0,0.0,0.0,430.0,473.0,538.0,2.75,1,2.75
40016,40729,2,154osm_봉천_154-신길_154_2,0.00015125,0.0016225,0.0614625,0.0,0.0,0.0,0.0,430.0,473.0,538.0,2.75,1,2.75
40016,40230,1,154osm_봉천_154-신림_154_1,0.000106258,0.001112,0.0363335,0.0,0.0,0.0,0.0,430.0,473.0,538.0,1.73,1,1.62
40016,40230,2,154osm_봉천_154-신림_154_2,0.000106258,0.001112,0.0363335,0.0,0.0,0.0,0.0,430.0,473.0,538.0,1.73,1,1.62
40359,40368,1,154osm_문산_154-선유_154_1,0.00010065,0.0010797,0.0409005,0.0,0.0,0.0,0.0,430.0,473.0,538.0,1.83,1,1.83
40359,40368,2,154osm_문산_154-선유_154_2,0.00010065,0.0010797,0.0409005,0.0,0.0,0.0,0.0,430.0,473.0,538.0,1.83,1,1.83
40032,40204,1,154osm_서대문_154-아현_154_1,8.47e-05,0.0009086,0.034419,0.0,0.0,0.0,0.0,430.0,473.0,538.0,1.54,1,1.54
40020,40032,1,154osm_순화_154-서대문_154_1,2.585e-05,0.0002773,0.0105045,0.0,0.0,0.0,0.0,430.0,473.0,538.0,0.47,1,0.47
40032,40731,1,154osm_서대문_154-현저_154_1,9.955e-05,0.0010679,0.0404535,0.0,0.0,0.0,0.0,430.0,473.0,538.0,1.81,1,1.81
40021,40235,1,154osm_녹번_154-은평_154_1,7.81e-05,0.0008378,0.031737,0.0,0.0,0.0,0.0,430.0,473.0,538.0,1.42,1,1.42
40021,40235,2,154osm_녹번_154-은평_154_2,7.81e-05,0.0008378,0.031737,0.0,0.0,0.0,0.0,430.0,473.0,538.0,1.42,1,1.42
40240,40733,1,154osm_상계_154-노원_154_1,0.000455,0.004145,0.003357,0.0,0.0,0.0,0.0,452.0,497.0,565.0,2.92,1,0.0
40240,40733,2,154osm_상계_154-노원_154_2,0.000455,0.004145,0.003357,0.0,0.0,0.0,0.0,452.0,497.0,565.0,2.92,1,0.0
40033,40232,1,154osm_용두_154-안암_154_1,8.41674e-05,0.000872502,0.0267345,0.0,0.0,0.0,0.0,430.0,473.0,538.0,1.31,1,1.19
40033,40232,2,154osm_용두_154-안암_154_2,8.41674e-05,0.000872502,0.0267345,0.0,0.0,0.0,0.0,430.0,473.0,538.0,1.31,1,1.19
40232,40715,1,154osm_안암_154-마장_154_1,0.0001012,0.0010856,0.041124,0.0,0.0,0.0,0.0,430.0,473.0,538.0,1.84,1,1.84
40232,40715,2,154osm_안암_154-마장_154_2,0.0001012,0.0010856,0.041124,0.0,0.0,0.0,0.0,430.0,473.0,538.0,1.84,1,1.84
40715,40716,1,154osm_마장_154-왕십리_154_1,2.75e-05,0.000295,0.011175,0.0,0.0,0.0,0.0,430.0,473.0,538.0,0.5,1,0.5
40210,40737,1,154osm_영등포_154-문래_154_1,4.95e-06,5.31e-05,0.0020115,0.0,0.0,0.0,0.0,430.0,473.0,538.0,0.09,1,0.09
40210,40737,2,154osm_영등포_154-문래_154_2,4.95e-06,5.31e-05,0.0020115,0.0,0.0,0.0,0.0,430.0,473.0,538.0,0.09,1,0.09
40737,40738,1,154osm_문래_154-양평_154_1,6.49e-05,0.0006962,0.026373,0.0,0.0,0.0,0.0,430.0,473.0,538.0,1.18,1,1.18
40737,40738,2,154osm_문래_154-양평_154_2,6.49e-05,0.0006962,0.026373,0.0,0.0,0.0,0.0,430.0,473.0,538.0,1.18,1,1.18
40024,40210,1,154osm_영오_154-영등포_154_1,5.775e-05,0.0006195,0.0234675,0.0,0.0,0.0,0.0,430.0,473.0,538.0,1.05,1,1.05
40024,40210,2,154osm_영오_154-영등포_154_2,5.775e-05,0.0006195,0.0234675,0.0,0.0,0.0,0.0,430.0,473.0,538.0,1.05,1,1.05
40029,40722,1,154osm_석촌_154-송파_154_1,0.000144286,0.00138321,0.0181805,0.0,0.0,0.0,0.0,430.0,473.0,538.0,1.43,1,0.78
40029,40722,2,154osm_석촌_154-송파_154_2,0.000144286,0.00138321,0.0181805,0.0,0.0,0.0,0.0,430.0,473.0,538.0,1.43,1,0.78
40007,40008,1,154osm_양지_154-서초_154_1,9.02e-05,0.0009676,0.036654,0.0,0.0,0.0,0.0,430.0,473.0,538.0,1.64,1,1.64
40007,40008,2,154osm_양지_154-서초_154_2,9.02e-05,0.0009676,0.036654,0.0,0.0,0.0,0.0,430.0,473.0,538.0,1.64,1,1.64
40036,40740,1,154osm_중앙_154-세종로_154_1,6.05e-05,0.000649,0.024585,0.0,0.0,0.0,0.0,430.0,473.0,538.0,1.1,1,1.1
40036,40740,2,154osm_중앙_154-세종로_154_2,6.05e-05,0.000649,0.024585,0.0,0.0,0.0,0.0,430.0,473.0,538.0,1.1,1,1.1
40036,40739,1,154osm_중앙_154-종로_154_1,4.895e-05,0.0005251,0.0198915,0.0,0.0,0.0,0.0,430.0,473.0,538.0,0.89,1,0.89
40036,40739,2,154osm_중앙_154-종로_154_2,4.895e-05,0.0005251,0.0198915,0.0,0.0,0.0,0.0,430.0,473.0,538.0,0.89,1,0.89
40024,40025,1,154osm_영오_154-여의_154_1,0.000166071,0.00167261,0.0407245,0.0,0.0,0.0,0.0,430.0,473.0,538.0,2.23,1,1.8
40024,40025,2,154osm_영오_154-여의_154_2,0.000166071,0.00167261,0.0407245,0.0,0.0,0.0,0.0,430.0,473.0,538.0,2.23,1,1.8
40007,40010,1,154osm_양지_154-교대_154_1,7.26e-05,0.0007788,0.029502,0.0,0.0,0.0,0.0,430.0,473.0,538.0,1.32,1,1.32
40007,40010,2,154osm_양지_154-교대_154_2,7.26e-05,0.0007788,0.029502,0.0,0.0,0.0,0.0,430.0,473.0,538.0,1.32,1,1.32
40009,40022,1,154osm_도곡_154-신양재_154_1,0.000328267,0.00302514,0.0114175,0.0,0.0,0.0,0.0,452.0,497.0,565.0,2.37,1,0.41
40009,40022,2,154osm_도곡_154-신양재_154_2,0.000328267,0.00302514,0.0114175,0.0,0.0,0.0,0.0,452.0,497.0,565.0,2.37,1,0.41
40009,40721,1,154osm_도곡_154-개포_154_1,0.0001001,0.0010738,0.040677,0.0,0.0,0.0,0.0,430.0,473.0,538.0,1.82,1,1.82
40009,40721,2,154osm_도곡_154-개포_154_2,0.0001001,0.0010738,0.040677,0.0,0.0,0.0,0.0,430.0,473.0,538.0,1.82,1,1.82
40730,40740,1,154osm_옥인_154-세종로_154_1,6.38e-05,0.0006844,0.025926,0.0,0.0,0.0,0.0,430.0,473.0,538.0,1.16,1,1.16
40730,40740,2,154osm_옥인_154-세종로_154_2,6.38e-05,0.0006844,0.025926,0.0,0.0,0.0,0.0,430.0,473.0,538.0,1.16,1,1.16
40034,40038,1,154osm_돈암_154-원남_154_1,9.24e-05,0.0009912,0.037548,0.0,0.0,0.0,0.0,430.0,473.0,538.0,1.68,1,1.68
40034,40038,2,154osm_돈암_154-원남_154_2,9.24e-05,0.0009912,0.037548,0.0,0.0,0.0,0.0,430.0,473.0,538.0,1.68,1,1.68
40690,40742,1,154osm_휘경_154-종암_154_1,0.000226,0.00219142,0.034583,0.0,0.0,0.0,0.0,430.0,473.0,538.0,2.42,1,1.5
40690,40742,2,154osm_휘경_154-종암_154_2,0.000226,0.00219142,0.034583,0.0,0.0,0.0,0.0,430.0,473.0,538.0,2.42,1,1.5
40731,40740,1,154osm_현저_154-세종로_154_1,0.000164266,0.00160261,0.0275445,0.0,0.0,0.0,0.0,430.0,473.0,538.0,1.83,1,1.2
40731,40740,2,154osm_현저_154-세종로_154_2,0.000164266,0.00160261,0.0275445,0.0,0.0,0.0,0.0,430.0,473.0,538.0,1.83,1,1.2
40037,40739,1,154osm_운니_154-종로_154_1,5.61e-05,0.0006018,0.022797,0.0,0.0,0.0,0.0,430.0,473.0,538.0,1.02,1,1.02
40037,40739,2,154osm_운니_154-종로_154_2,5.61e-05,0.0006018,0.022797,0.0,0.0,0.0,0.0,430.0,473.0,538.0,1.02,1,1.02
40037,40038,1,154osm_운니_154-원남_154_1,4.345e-05,0.0004661,0.0176565,0.0,0.0,0.0,0.0,430.0,473.0,538.0,0.79,1,0.79
40037,40038,2,154osm_운니_154-원남_154_2,4.345e-05,0.0004661,0.0176565,0.0,0.0,0.0,0.0,430.0,473.0,538.0,0.79,1,0.79
40040,40205,1,154osm_연대_154-신촌_154_1,5.885e-05,0.0006313,0.0239145,0.0,0.0,0.0,0.0,430.0,473.0,538.0,1.07,1,1.07
40040,40205,2,154osm_연대_154-신촌_154_2,5.885e-05,0.0006313,0.0239145,0.0,0.0,0.0,0.0,430.0,473.0,538.0,1.07,1,1.07
40040,40205,3,154osm_연대_154-신촌_154_3,5.885e-05,0.0006313,0.0239145,0.0,0.0,0.0,0.0,430.0,473.0,538.0,1.07,1,1.07
40040,40205,4,154osm_연대_154-신촌_154_4,5.885e-05,0.0006313,0.0239145,0.0,0.0,0.0,0.0,430.0,473.0,538.0,1.07,1,1.07
40020,40036,1,154osm_순화_154-중앙_154_1,0.000128795,0.00121451,0.0112635,0.0,0.0,0.0,0.0,430.0,473.0,538.0,1.13,1,0.47
40020,40036,2,154osm_순화_154-중앙_154_2,0.000128795,0.00121451,0.0112635,0.0,0.0,0.0,0.0,430.0,473.0,538.0,1.13,1,0.47
40031,40036,1,154osm_방산_154-중앙_154_1,0.00011605,0.0012449,0.0471585,0.0,0.0,0.0,0.0,430.0,473.0,538.0,2.11,1,2.11
40031,40036,2,154osm_방산_154-중앙_154_2,0.00011605,0.0012449,0.0471585,0.0,0.0,0.0,0.0,430.0,473.0,538.0,2.11,1,2.11
40031,40222,1,154osm_방산_154-흥인_154_1,6.38e-05,0.0006844,0.025926,0.0,0.0,0.0,0.0,430.0,473.0,538.0,1.16,1,1.16
40031,40222,2,154osm_방산_154-흥인_154_2,6.38e-05,0.0006844,0.025926,0.0,0.0,0.0,0.0,430.0,473.0,538.0,1.16,1,1.16
40030,40222,1,154osm_신당_154-흥인_154_1,2.75e-05,0.000295,0.011175,0.0,0.0,0.0,0.0,430.0,473.0,538.0,0.5,1,0.5
40030,40222,2,154osm_신당_154-흥인_154_2,2.75e-05,0.000295,0.011175,0.0,0.0,0.0,0.0,430.0,473.0,538.0,0.5,1,0.5
40030,40715,1,154gap_신당-마장_1,8.36e-05,0.0008968,0.033972,0.0,0.0,0.0,0.0,430.0,473.0,538.0,1.52,1,1.52
40030,40715,2,154gap_신당-마장_2,8.36e-05,0.0008968,0.033972,0.0,0.0,0.0,0.0,430.0,473.0,538.0,1.52,1,1.52
40012,40722,1,154osm_가락_154-송파_154_1,0.000241,0.002197,0.001779,0.0,0.0,0.0,0.0,452.0,497.0,565.0,1.55,1,0.0
40012,40722,2,154osm_가락_154-송파_154_2,0.000241,0.002197,0.001779,0.0,0.0,0.0,0.0,452.0,497.0,565.0,1.55,1,0.0
40085,40712,1,154osm_신광명_154-천왕_154_1,0.000371,0.003381,0.002738,0.0,0.0,0.0,0.0,452.0,497.0,565.0,2.38,1,0.0
40085,40712,2,154osm_신광명_154-천왕_154_2,0.000371,0.003381,0.002738,0.0,0.0,0.0,0.0,452.0,497.0,565.0,2.38,1,0.0
40085,40712,3,154osm_신광명_154-천왕_154_3,0.000371,0.003381,0.002738,0.0,0.0,0.0,0.0,452.0,497.0,565.0,2.38,1,0.0
40085,40712,4,154osm_신광명_154-천왕_154_4,0.000371,0.003381,0.002738,0.0,0.0,0.0,0.0,452.0,497.0,565.0,2.38,1,0.0
40449,40450,1,154osm_용현_154-금오_154_1,0.000191,0.001734,0.001405,0.0,0.0,0.0,0.0,452.0,497.0,565.0,1.22,1,0.0
40449,40450,2,154osm_용현_154-금오_154_2,0.000191,0.001734,0.001405,0.0,0.0,0.0,0.0,452.0,497.0,565.0,1.22,1,0.0
40298,40450,1,154osm_신의정부_154-금오_154_1,0.000176,0.001604,0.001299,0.0,0.0,0.0,0.0,452.0,497.0,565.0,1.13,1,0.0
40298,40450,2,154osm_신의정부_154-금오_154_2,0.000176,0.001604,0.001299,0.0,0.0,0.0,0.0,452.0,497.0,565.0,1.13,1,0.0
40023,40025,1,154osm_노들_154-여의_154_1,8.58e-05,0.0009204,0.034866,0.0,0.0,0.0,0.0,430.0,473.0,538.0,1.56,1,1.56
40023,40077,1,154osm_노들_154-노량진_154_1,0.0001199,0.0012862,0.048723,0.0,0.0,0.0,0.0,430.0,473.0,538.0,2.18,1,2.18
40011,40041,1,154osm_대치_154-강남_154_1,5.445e-05,0.0005841,0.0221265,0.0,0.0,0.0,0.0,430.0,473.0,538.0,0.99,1,0.99
40011,40041,2,154osm_대치_154-강남_154_2,5.445e-05,0.0005841,0.0221265,0.0,0.0,0.0,0.0,430.0,473.0,538.0,0.99,1,0.99
40012,40676,1,154osm_가락_154-동남_154_1,0.00013255,0.0014219,0.0538635,0.0,0.0,0.0,0.0,430.0,473.0,538.0,2.41,1,2.41
40012,40676,2,154osm_가락_154-동남_154_2,0.00013255,0.0014219,0.0538635,0.0,0.0,0.0,0.0,430.0,473.0,538.0,2.41,1,2.41
40014,40029,1,154osm_풍납_154-석촌_154_1,8.8e-05,0.000944,0.03576,0.0,0.0,0.0,0.0,430.0,473.0,538.0,1.6,1,1.6
40390,40277,1,154osm_김포_154-장기_154_1,0.000399,0.003628,0.002938,0.0,0.0,0.0,0.0,452.0,497.0,565.0,2.55,1,0.0
40390,40277,2,154osm_김포_154-장기_154_2,0.000399,0.003628,0.002938,0.0,0.0,0.0,0.0,452.0,497.0,565.0,2.55,1,0.0
40007,40022,1,154osm_양지_154-신양재_154_1,1.32e-05,0.0001416,0.005364,0.0,0.0,0.0,0.0,860.0,946.0,1075.0,0.24,1,0.24
40007,40022,2,154osm_양지_154-신양재_154_2,1.32e-05,0.0001416,0.005364,0.0,0.0,0.0,0.0,860.0,946.0,1075.0,0.24,1,0.24
40005,40022,1,154osm_역삼_154-신양재_154_1,0.00010065,0.0010797,0.0409005,0.0,0.0,0.0,0.0,430.0,473.0,538.0,1.83,1,1.83
40005,40022,2,154osm_역삼_154-신양재_154_2,0.00010065,0.0010797,0.0409005,0.0,0.0,0.0,0.0,430.0,473.0,538.0,1.83,1,1.83
40006,40041,1,154osm_선릉_154-강남_154_1,3.3e-05,0.000354,0.01341,0.0,0.0,0.0,0.0,430.0,473.0,538.0,0.6,1,0.6
40006,40041,2,154osm_선릉_154-강남_154_2,3.3e-05,0.000354,0.01341,0.0,0.0,0.0,0.0,430.0,473.0,538.0,0.6,1,0.6
40338,40343,1,154osm_신김포_154-양곡_154_1,0.0001375,0.001475,0.055875,0.0,0.0,0.0,0.0,430.0,473.0,538.0,2.5,1,2.5
40338,40343,2,154osm_신김포_154-양곡_154_2,0.0001375,0.001475,0.055875,0.0,0.0,0.0,0.0,430.0,473.0,538.0,2.5,1,2.5
40018,40713,1,154osm_마곡_154-가양_154_1,0.00011385,0.0012213,0.0462645,0.0,0.0,0.0,0.0,430.0,473.0,538.0,2.07,1,2.07
40018,40713,2,154osm_마곡_154-가양_154_2,0.00011385,0.0012213,0.0462645,0.0,0.0,0.0,0.0,430.0,473.0,538.0,2.07,1,2.07
40018,40236,1,154osm_마곡_154-화곡_154_1,0.000145,0.001319,0.001068,0.0,0.0,0.0,0.0,452.0,497.0,565.0,0.93,1,0.0
40018,40236,2,154osm_마곡_154-화곡_154_2,0.000145,0.001319,0.001068,0.0,0.0,0.0,0.0,452.0,497.0,565.0,0.93,1,0.0
40236,40415,1,154osm_화곡_154-고강_154_1,0.000193,0.001758,0.001424,0.0,0.0,0.0,0.0,452.0,497.0,565.0,1.24,1,0.0
40236,40415,2,154osm_화곡_154-고강_154_2,0.000193,0.001758,0.001424,0.0,0.0,0.0,0.0,452.0,497.0,565.0,1.24,1,0.0
40015,40259,1,154osm_독산_154-시흥_154_1,0.0001386,0.0014868,0.056322,0.0,0.0,0.0,0.0,430.0,473.0,538.0,2.52,1,2.52
40015,40259,2,154osm_독산_154-시흥_154_2,0.0001386,0.0014868,0.056322,0.0,0.0,0.0,0.0,430.0,473.0,538.0,2.52,1,2.52
40051,40284,1,154osm_한남_154-동빙고_154_1,0.0001452,0.0015576,0.059004,0.0,0.0,0.0,0.0,430.0,473.0,538.0,2.64,1,2.64
40051,40284,2,154osm_한남_154-동빙고_154_2,0.0001452,0.0015576,0.059004,0.0,0.0,0.0,0.0,430.0,473.0,538.0,2.64,1,2.64
40099,40578,1,154osm_신광주_154-계림_154_1,0.00015125,0.0016225,0.061462,0.0,0.0,0.0,0.0,430.0,473.0,538.0,2.75,1,2.75
40099,40578,2,154osm_신광주_154-계림_154_2,0.00015125,0.0016225,0.061462,0.0,0.0,0.0,0.0,430.0,473.0,538.0,2.75,1,2.75
40138,40203,1,154osm_동해_154-북평_154_1,0.000371,0.003374,0.002733,0.0,0.0,0.0,0.0,452.0,497.0,565.0,2.38,1,0.0
40104,40165,1,154osm_신양산_154-기장_154_1,0.000437,0.003981,0.003224,0.0,0.0,0.0,0.0,452.0,497.0,565.0,2.8,1,0.0
40104,40165,2,154osm_신양산_154-기장_154_2,0.000437,0.003981,0.003224,0.0,0.0,0.0,0.0,452.0,497.0,565.0,2.8,1,0.0
40604,40621,1,154osm_서원주_154-원주_154_1,0.000478,0.004349,0.003522,0.0,0.0,0.0,0.0,452.0,497.0,565.0,3.06,1,0.0
40604,40621,2,154osm_서원주_154-원주_154_2,0.000478,0.004349,0.003522,0.0,0.0,0.0,0.0,452.0,497.0,565.0,3.06,1,0.0
40604,40621,3,154osm_서원주_154-원주_154_3,0.000478,0.004349,0.003522,0.0,0.0,0.0,0.0,452.0,497.0,565.0,3.06,1,0.0
40604,40621,4,154osm_서원주_154-원주_154_4,0.000478,0.004349,0.003522,0.0,0.0,0.0,0.0,452.0,497.0,565.0,3.06,1,0.0
40182,40304,1,154osm_반월_154-안산_154_1,0.000445,0.004051,0.00328,0.0,0.0,0.0,0.0,452.0,497.0,565.0,2.85,1,0.0
40182,40304,2,154osm_반월_154-안산_154_2,0.000445,0.004051,0.00328,0.0,0.0,0.0,0.0,452.0,497.0,565.0,2.85,1,0.0
40164,40679,1,154osm_미남_154-양정_154_1,0.00017655,0.0018939,0.0717435,0.0,0.0,0.0,0.0,430.0,473.0,538.0,3.21,1,3.21
40164,40679,2,154osm_미남_154-양정_154_2,0.00017655,0.0018939,0.0717435,0.0,0.0,0.0,0.0,430.0,473.0,538.0,3.21,1,3.21
40144,40367,1,154osm_신덕은_154-월롱_154_1,0.000359716,0.00334984,0.0210855,0.0,0.0,0.0,0.0,452.0,497.0,565.0,2.85,1,0.84
40144,40367,2,154osm_신덕은_154-월롱_154_2,0.000359716,0.00334984,0.0210855,0.0,0.0,0.0,0.0,452.0,497.0,565.0,2.85,1,0.84
40512,40515,1,154osm_남구미_154-광평_154_1,0.000366,0.003329,0.002696,0.0,0.0,0.0,0.0,452.0,497.0,565.0,2.34,1,0.0
40512,40515,2,154osm_남구미_154-광평_154_2,0.000366,0.003329,0.002696,0.0,0.0,0.0,0.0,452.0,497.0,565.0,2.34,1,0.0
40109,40763,1,154osm_장유_154-신김해_154_1,0.000351,0.003199,0.002591,0.0,0.0,0.0,0.0,452.0,497.0,565.0,2.25,1,0.0
40109,40763,2,154osm_장유_154-신김해_154_2,0.000351,0.003199,0.002591,0.0,0.0,0.0,0.0,452.0,497.0,565.0,2.25,1,0.0
40180,40182,1,154osm_시화_154-반월_154_1,0.000481,0.004382,0.003549,0.0,0.0,0.0,0.0,452.0,497.0,565.0,3.09,1,0.0
40180,40182,2,154osm_시화_154-반월_154_2,0.000481,0.004382,0.003549,0.0,0.0,0.0,0.0,452.0,497.0,565.0,3.09,1,0.0
40029,40314,1,154osm_석촌_154-잠실_154_1,0.0001265,0.001357,0.051405,0.0,0.0,0.0,0.0,430.0,473.0,538.0,2.3,1,2.3
40029,40314,2,154osm_석촌_154-잠실_154_2,0.0001265,0.001357,0.051405,0.0,0.0,0.0,0.0,430.0,473.0,538.0,2.3,1,2.3
40016,40692,1,154osm_봉천_154-사당_154_1,0.00016225,0.0017405,0.0659325,0.0,0.0,0.0,0.0,430.0,473.0,538.0,2.95,1,2.95
40016,40692,2,154osm_봉천_154-사당_154_2,0.00016225,0.0017405,0.0659325,0.0,0.0,0.0,0.0,430.0,473.0,538.0,2.95,1,2.95
40016,40692,3,154osm_봉천_154-사당_154_3,0.00016225,0.0017405,0.0659325,0.0,0.0,0.0,0.0,430.0,473.0,538.0,2.95,1,2.95
40056,40134,1,154osm_신포항_154-대송_154_1,0.00047,0.004275,0.003462,0.0,0.0,0.0,0.0,452.0,497.0,565.0,3.01,1,0.0
40056,40134,2,154osm_신포항_154-대송_154_2,0.00047,0.004275,0.003462,0.0,0.0,0.0,0.0,452.0,497.0,565.0,3.01,1,0.0
40686,40721,1,154osm_수서_154-개포_154_1,0.00016445,0.0017641,0.0668265,0.0,0.0,0.0,0.0,430.0,473.0,538.0,2.99,1,2.99
40686,40721,2,154osm_수서_154-개포_154_2,0.00016445,0.0017641,0.0668265,0.0,0.0,0.0,0.0,430.0,473.0,538.0,2.99,1,2.99
40297,40302,1,154osm_성포_154-일동_154_1,0.000514,0.004683,0.003792,0.0,0.0,0.0,0.0,452.0,497.0,565.0,3.3,1,0.0
40297,40302,2,154osm_성포_154-일동_154_2,0.000514,0.004683,0.003792,0.0,0.0,0.0,0.0,452.0,497.0,565.0,3.3,1,0.0
40314,40686,1,154osm_잠실_154-수서_154_1,0.000471,0.004289,0.003474,0.0,0.0,0.0,0.0,452.0,497.0,565.0,3.02,1,0.0
40314,40686,2,154osm_잠실_154-수서_154_2,0.000471,0.004289,0.003474,0.0,0.0,0.0,0.0,452.0,497.0,565.0,3.02,1,0.0
40599,40600,1,154osm_횡계_154-올림픽_154_1,0.000307813,0.00298802,0.047914,0.0,0.0,0.0,0.0,430.0,473.0,538.0,3.32,1,2.08
40599,40600,2,154osm_횡계_154-올림픽_154_2,0.000307813,0.00298802,0.047914,0.0,0.0,0.0,0.0,430.0,473.0,538.0,3.32,1,2.08
40156,40521,1,154osm_유가_154-구지_154_1,0.000515,0.004691,0.003799,0.0,0.0,0.0,0.0,452.0,497.0,565.0,3.3,1,0.0
40156,40521,2,154osm_유가_154-구지_154_2,0.000515,0.004691,0.003799,0.0,0.0,0.0,0.0,452.0,497.0,565.0,3.3,1,0.0
40156,40521,3,154osm_유가_154-구지_154_3,0.000515,0.004691,0.003799,0.0,0.0,0.0,0.0,452.0,497.0,565.0,3.3,1,0.0
40156,40521,4,154osm_유가_154-구지_154_4,0.000515,0.004691,0.003799,0.0,0.0,0.0,0.0,452.0,497.0,565.0,3.3,1,0.0
40393,40448,1,154osm_송우_154-옥정_154_1,0.000528,0.004806,0.003892,0.0,0.0,0.0,0.0,452.0,497.0,565.0,3.38,1,0.0
40393,40448,2,154osm_송우_154-옥정_154_2,0.000528,0.004806,0.003892,0.0,0.0,0.0,0.0,452.0,497.0,565.0,3.38,1,0.0
40034,40312,1,154osm_돈암_154-미아_154_1,0.00016445,0.0017641,0.0668265,0.0,0.0,0.0,0.0,430.0,473.0,538.0,2.99,1,2.99
40034,40312,2,154osm_돈암_154-미아_154_2,0.00016445,0.0017641,0.0668265,0.0,0.0,0.0,0.0,430.0,473.0,538.0,2.99,1,2.99
40130,40523,1,154osm_영일_154-포항_154_1,0.000429,0.003901,0.00316,0.0,0.0,0.0,0.0,452.0,497.0,565.0,2.75,1,0.0
40130,40523,2,154osm_영일_154-포항_154_2,0.000429,0.003901,0.00316,0.0,0.0,0.0,0.0,452.0,497.0,565.0,2.75,1,0.0
40130,40523,3,154osm_영일_154-포항_154_3,0.000429,0.003901,0.00316,0.0,0.0,0.0,0.0,452.0,497.0,565.0,2.75,1,0.0
40130,40523,4,154osm_영일_154-포항_154_4,0.000429,0.003901,0.00316,0.0,0.0,0.0,0.0,452.0,497.0,565.0,2.75,1,0.0
40622,40624,1,154osm_이원_154-한국철도공사동해변전사업소_154_1,0.000438,0.00399,0.003232,0.0,0.0,0.0,0.0,452.0,497.0,565.0,2.81,1,0.0
40019,40290,1,154osm_등촌_154-상암_154_1,0.000349205,0.00334343,0.0429525,0.0,0.0,0.0,0.0,430.0,473.0,538.0,3.43,1,1.84
40019,40290,2,154osm_등촌_154-상암_154_2,0.000349205,0.00334343,0.0429525,0.0,0.0,0.0,0.0,430.0,473.0,538.0,3.43,1,1.84
40634,40635,1,154osm_북전주_154-봉동_154_1,0.000371,0.003374,0.002732,0.0,0.0,0.0,0.0,452.0,497.0,565.0,2.38,1,0.0
40634,40635,2,154osm_북전주_154-봉동_154_2,0.000371,0.003374,0.002732,0.0,0.0,0.0,0.0,452.0,497.0,565.0,2.38,1,0.0
40170,40270,1,154osm_울산T2_154-성암_154_1,0.000393,0.003579,0.002898,0.0,0.0,0.0,0.0,452.0,497.0,565.0,2.52,1,0.0
40120,40140,1,154osm_동서울_154-강동_154_1,0.000454789,0.00418235,0.013667,0.0,0.0,0.0,0.0,452.0,497.0,565.0,3.22,1,0.47
40120,40140,2,154osm_동서울_154-강동_154_2,0.000454789,0.00418235,0.013667,0.0,0.0,0.0,0.0,452.0,497.0,565.0,3.22,1,0.47
40120,40140,3,154osm_동서울_154-강동_154_3,0.000454789,0.00418235,0.013667,0.0,0.0,0.0,0.0,452.0,497.0,565.0,3.22,1,0.47
40120,40140,4,154osm_동서울_154-강동_154_4,0.000454789,0.00418235,0.013667,0.0,0.0,0.0,0.0,452.0,497.0,565.0,3.22,1,0.47
40226,40227,1,154osm_신녹산_154-미음_154_1,0.000586,0.005339,0.004324,0.0,0.0,0.0,0.0,452.0,497.0,565.0,3.76,1,0.0
40171,40379,1,154osm_북울산_154-태화_154_1,0.000508,0.004625,0.003746,0.0,0.0,0.0,0.0,452.0,497.0,565.0,3.26,1,0.0
40171,40379,2,154osm_북울산_154-태화_154_2,0.000508,0.004625,0.003746,0.0,0.0,0.0,0.0,452.0,497.0,565.0,3.26,1,0.0
40171,40379,3,154osm_북울산_154-태화_154_3,0.000508,0.004625,0.003746,0.0,0.0,0.0,0.0,452.0,497.0,565.0,3.26,1,0.0
40171,40379,4,154osm_북울산_154-태화_154_4,0.000508,0.004625,0.003746,0.0,0.0,0.0,0.0,452.0,497.0,565.0,3.26,1,0.0
40379,40659,1,154osm_태화_154-옥동_154_1,0.000422,0.003845,0.003114,0.0,0.0,0.0,0.0,452.0,497.0,565.0,2.71,1,0.0
40379,40659,2,154osm_태화_154-옥동_154_2,0.000422,0.003845,0.003114,0.0,0.0,0.0,0.0,452.0,497.0,565.0,2.71,1,0.0
40073,40547,1,154osm_봉덕_154-두류_154_1,0.00020845,0.0022361,0.0847065,0.0,0.0,0.0,0.0,430.0,473.0,538.0,3.79,1,3.79
40073,40547,2,154osm_봉덕_154-두류_154_2,0.00020845,0.0022361,0.0847065,0.0,0.0,0.0,0.0,430.0,473.0,538.0,3.79,1,3.79
40020,40284,1,154osm_순화_154-동빙고_154_1,0.000231,0.002478,0.09387,0.0,0.0,0.0,0.0,430.0,473.0,538.0,4.2,1,4.2
40020,40284,2,154osm_순화_154-동빙고_154_2,0.000231,0.002478,0.09387,0.0,0.0,0.0,0.0,430.0,473.0,538.0,4.2,1,4.2
40219,40700,1,154osm_나주_154-나주T1_154_1,0.000523,0.004764,0.003858,0.0,0.0,0.0,0.0,452.0,497.0,565.0,3.36,1,0.0
40586,40589,1,154osm_도림_154-오봉_154_1,0.000657,0.005979,0.004842,0.0,0.0,0.0,0.0,452.0,497.0,565.0,4.21,1,0.0
40586,40589,2,154osm_도림_154-오봉_154_2,0.000657,0.005979,0.004842,0.0,0.0,0.0,0.0,452.0,497.0,565.0,4.21,1,0.0
40586,40589,3,154osm_도림_154-오봉_154_3,0.000657,0.005979,0.004842,0.0,0.0,0.0,0.0,452.0,497.0,565.0,4.21,1,0.0
40561,40591,1,154osm_관교_154-남동_154_1,0.000507,0.004619,0.003741,0.0,0.0,0.0,0.0,452.0,497.0,565.0,3.25,1,0.0
40561,40591,2,154osm_관교_154-남동_154_2,0.000507,0.004619,0.003741,0.0,0.0,0.0,0.0,452.0,497.0,565.0,3.25,1,0.0
40030,40051,1,154osm_신당_154-한남_154_1,0.000209,0.002242,0.08493,0.0,0.0,0.0,0.0,430.0,473.0,538.0,3.8,1,3.8
40030,40051,2,154osm_신당_154-한남_154_2,0.000209,0.002242,0.08493,0.0,0.0,0.0,0.0,430.0,473.0,538.0,3.8,1,3.8
40510,40514,1,154osm_어모_154-김천_154_1,0.000487,0.004432,0.003589,0.0,0.0,0.0,0.0,452.0,497.0,565.0,3.12,1,0.0
40510,40514,2,154osm_어모_154-김천_154_2,0.000487,0.004432,0.003589,0.0,0.0,0.0,0.0,452.0,497.0,565.0,3.12,1,0.0
40001,40718,1,154osm_화양_154-광장_154_1,0.000350276,0.00324604,0.016627,0.0,0.0,0.0,0.0,452.0,497.0,565.0,2.66,1,0.64
40001,40718,2,154osm_화양_154-광장_154_2,0.000350276,0.00324604,0.016627,0.0,0.0,0.0,0.0,452.0,497.0,565.0,2.66,1,0.64
40147,40460,1,154osm_서수원_154-율전_154_1,0.00033,0.003004,0.002433,0.0,0.0,0.0,0.0,452.0,497.0,565.0,2.12,1,0.0
40147,40460,2,154osm_서수원_154-율전_154_2,0.00033,0.003004,0.002433,0.0,0.0,0.0,0.0,452.0,497.0,565.0,2.12,1,0.0
40244,40267,1,154osm_산본_154-안양_154_1,0.00051,0.004646,0.003762,0.0,0.0,0.0,0.0,452.0,497.0,565.0,3.27,1,0.0
40244,40267,2,154osm_산본_154-안양_154_2,0.00051,0.004646,0.003762,0.0,0.0,0.0,0.0,452.0,497.0,565.0,3.27,1,0.0
40478,40501,1,154osm_진해_154-천선_154_1,0.000563,0.005126,0.004152,0.0,0.0,0.0,0.0,452.0,497.0,565.0,3.61,1,0.0
40478,40501,2,154osm_진해_154-천선_154_2,0.000563,0.005126,0.004152,0.0,0.0,0.0,0.0,452.0,497.0,565.0,3.61,1,0.0
40080,40323,1,154osm_범물_154-남대구_154_1,0.0002937,0.0031506,0.119349,0.0,0.0,0.0,0.0,430.0,473.0,538.0,5.34,1,5.34
40270,40663,1,154osm_성암_154-처용_154_1,0.0005,0.004554,0.003688,0.0,0.0,0.0,0.0,452.0,497.0,565.0,3.21,1,0.0
40270,40663,2,154osm_성암_154-처용_154_2,0.0005,0.004554,0.003688,0.0,0.0,0.0,0.0,452.0,497.0,565.0,3.21,1,0.0
40632,40633,1,154osm_영등_154-팔봉_154_1,0.000305,0.00278,0.002252,0.0,0.0,0.0,0.0,452.0,497.0,565.0,1.96,1,0.0
40632,40633,2,154osm_영등_154-팔봉_154_2,0.000305,0.00278,0.002252,0.0,0.0,0.0,0.0,452.0,497.0,565.0,1.96,1,0.0
40632,40633,3,154osm_영등_154-팔봉_154_3,0.000305,0.00278,0.002252,0.0,0.0,0.0,0.0,452.0,497.0,565.0,1.96,1,0.0
40632,40633,4,154osm_영등_154-팔봉_154_4,0.000305,0.00278,0.002252,0.0,0.0,0.0,0.0,452.0,497.0,565.0,1.96,1,0.0
40121,40447,1,154osm_미금_154-덕소_154_1,0.000517,0.004702,0.003808,0.0,0.0,0.0,0.0,452.0,497.0,565.0,3.31,1,0.0
40121,40447,2,154osm_미금_154-덕소_154_2,0.000517,0.004702,0.003808,0.0,0.0,0.0,0.0,452.0,497.0,565.0,3.31,1,0.0
40502,40528,1,154osm_청통_154-와촌_154_1,0.000545,0.004961,0.004018,0.0,0.0,0.0,0.0,452.0,497.0,565.0,3.49,1,0.0
40502,40528,2,154osm_청통_154-와촌_154_2,0.000545,0.004961,0.004018,0.0,0.0,0.0,0.0,452.0,497.0,565.0,3.49,1,0.0
40120,40293,1,154osm_동서울_154-위례_154_1,0.00019745,0.0021181,0.0802365,0.0,0.0,0.0,0.0,430.0,473.0,538.0,3.59,1,3.59
40120,40293,2,154osm_동서울_154-위례_154_2,0.00019745,0.0021181,0.0802365,0.0,0.0,0.0,0.0,430.0,473.0,538.0,3.59,1,3.59
40009,40720,1,154osm_도곡_154-염곡_154_1,0.000240949,0.00233912,0.037546,0.0,0.0,0.0,0.0,430.0,473.0,538.0,2.6,1,1.63
40009,40720,2,154osm_도곡_154-염곡_154_2,0.000240949,0.00233912,0.037546,0.0,0.0,0.0,0.0,430.0,473.0,538.0,2.6,1,1.63
40328,40540,1,154osm_선산_154-산동_154_1,0.000536,0.004875,0.003948,0.0,0.0,0.0,0.0,452.0,497.0,565.0,3.43,1,0.0
40328,40540,2,154osm_선산_154-산동_154_2,0.000536,0.004875,0.003948,0.0,0.0,0.0,0.0,452.0,497.0,565.0,3.43,1,0.0
40328,40540,3,154osm_선산_154-산동_154_3,0.000536,0.004875,0.003948,0.0,0.0,0.0,0.0,452.0,497.0,565.0,3.43,1,0.0
40328,40540,4,154osm_선산_154-산동_154_4,0.000536,0.004875,0.003948,0.0,0.0,0.0,0.0,452.0,497.0,565.0,3.43,1,0.0
40001,40027,1,154osm_화양_154-상봉_154_1,0.0001606,0.0017228,0.065262,0.0,0.0,0.0,0.0,430.0,473.0,538.0,2.92,1,2.92
40001,40027,2,154osm_화양_154-상봉_154_2,0.0001606,0.0017228,0.065262,0.0,0.0,0.0,0.0,430.0,473.0,538.0,2.92,1,2.92
40074,40704,1,154osm_노포_154-구서_154_1,0.000615,0.0056,0.004535,0.0,0.0,0.0,0.0,452.0,497.0,565.0,3.94,1,0.0
40074,40704,2,154osm_노포_154-구서_154_2,0.000615,0.0056,0.004535,0.0,0.0,0.0,0.0,452.0,497.0,565.0,3.94,1,0.0
40359,40367,1,154osm_문산_154-월롱_154_1,0.000485409,0.00450576,0.024865,0.0,0.0,0.0,0.0,452.0,497.0,565.0,3.74,1,0.97
40359,40367,2,154osm_문산_154-월롱_154_2,0.000485409,0.00450576,0.024865,0.0,0.0,0.0,0.0,452.0,497.0,565.0,3.74,1,0.97
40359,40367,3,154osm_문산_154-월롱_154_3,0.000485409,0.00450576,0.024865,0.0,0.0,0.0,0.0,452.0,497.0,565.0,3.74,1,0.97
40359,40367,4,154osm_문산_154-월롱_154_4,0.000485409,0.00450576,0.024865,0.0,0.0,0.0,0.0,452.0,497.0,565.0,3.74,1,0.97
40496,40500,1,154osm_초동_154-수산_154_1,0.000644,0.005862,0.004747,0.0,0.0,0.0,0.0,452.0,497.0,565.0,4.13,1,0.0
40496,40500,2,154osm_초동_154-수산_154_2,0.000644,0.005862,0.004747,0.0,0.0,0.0,0.0,452.0,497.0,565.0,4.13,1,0.0
40010,40692,1,154osm_교대_154-사당_154_1,0.00015015,0.0016107,0.0610155,0.0,0.0,0.0,0.0,430.0,473.0,538.0,2.73,1,2.73
40010,40692,2,154osm_교대_154-사당_154_2,0.00015015,0.0016107,0.0610155,0.0,0.0,0.0,0.0,430.0,473.0,538.0,2.73,1,2.73
40546,40547,1,154osm_상인_154-두류_154_1,0.0003003,0.0032214,0.122031,0.0,0.0,0.0,0.0,430.0,473.0,538.0,5.46,1,5.46
40546,40547,2,154osm_상인_154-두류_154_2,0.0003003,0.0032214,0.122031,0.0,0.0,0.0,0.0,430.0,473.0,538.0,5.46,1,5.46
40244,40320,1,154osm_산본_154-남군포_154_1,0.000472,0.004298,0.003481,0.0,0.0,0.0,0.0,452.0,497.0,565.0,3.03,1,0.0
40244,40320,2,154osm_산본_154-남군포_154_2,0.000472,0.004298,0.003481,0.0,0.0,0.0,0.0,452.0,497.0,565.0,3.03,1,0.0
40505,40754,1,154osm_북포항_154-서포항_154_1,0.000562,0.005115,0.004142,0.0,0.0,0.0,0.0,452.0,497.0,565.0,3.6,1,0.0
40505,40754,2,154osm_북포항_154-서포항_154_2,0.000562,0.005115,0.004142,0.0,0.0,0.0,0.0,452.0,497.0,565.0,3.6,1,0.0
40505,40754,3,154osm_북포항_154-서포항_154_3,0.000562,0.005115,0.004142,0.0,0.0,0.0,0.0,452.0,497.0,565.0,3.6,1,0.0
40505,40754,4,154osm_북포항_154-서포항_154_4,0.000562,0.005115,0.004142,0.0,0.0,0.0,0.0,452.0,497.0,565.0,3.6,1,0.0
40268,40274,1,154osm_한국발전기술_154-여천_154_1,0.000567,0.00516,0.004179,0.0,0.0,0.0,0.0,452.0,497.0,565.0,3.63,1,0.0
40268,40274,2,154osm_한국발전기술_154-여천_154_2,0.000567,0.00516,0.004179,0.0,0.0,0.0,0.0,452.0,497.0,565.0,3.63,1,0.0
40159,40519,1,154osm_달성_154-성서_154_1,0.000438,0.003984,0.003227,0.0,0.0,0.0,0.0,452.0,497.0,565.0,2.81,1,0.0
40159,40519,2,154osm_달성_154-성서_154_2,0.000438,0.003984,0.003227,0.0,0.0,0.0,0.0,452.0,497.0,565.0,2.81,1,0.0
40119,40229,1,154osm_성현_154-야탑_154_1,0.000351,0.003195,0.002587,0.0,0.0,0.0,0.0,452.0,497.0,565.0,2.25,1,0.0
40119,40229,2,154osm_성현_154-야탑_154_2,0.000351,0.003195,0.002587,0.0,0.0,0.0,0.0,452.0,497.0,565.0,2.25,1,0.0
40119,40229,3,154osm_성현_154-야탑_154_3,0.000351,0.003195,0.002587,0.0,0.0,0.0,0.0,452.0,497.0,565.0,2.25,1,0.0
40119,40229,4,154osm_성현_154-야탑_154_4,0.000351,0.003195,0.002587,0.0,0.0,0.0,0.0,452.0,497.0,565.0,2.25,1,0.0
40148,40761,1,154osm_덕진_154-세종T2_154_1,0.000541768,0.00497867,0.0154055,0.0,0.0,0.0,0.0,452.0,497.0,565.0,3.81,1,0.52
40148,40761,2,154osm_덕진_154-세종T2_154_2,0.000541768,0.00497867,0.0154055,0.0,0.0,0.0,0.0,452.0,497.0,565.0,3.81,1,0.52
40143,40301,1,154osm_신파주_154-문발_154_1,0.00024915,0.0026727,0.101246,0.0,0.0,0.0,0.0,430.0,473.0,538.0,4.53,1,4.53
40143,40301,2,154osm_신파주_154-문발_154_2,0.00024915,0.0026727,0.101246,0.0,0.0,0.0,0.0,430.0,473.0,538.0,4.53,1,4.53
40505,40506,1,154osm_북포항_154-남포항_154_1,0.000723,0.006581,0.00533,0.0,0.0,0.0,0.0,452.0,497.0,565.0,4.63,1,0.0
40505,40506,2,154osm_북포항_154-남포항_154_2,0.000723,0.006581,0.00533,0.0,0.0,0.0,0.0,452.0,497.0,565.0,4.63,1,0.0
40505,40506,3,154osm_북포항_154-남포항_154_3,0.000723,0.006581,0.00533,0.0,0.0,0.0,0.0,452.0,497.0,565.0,4.63,1,0.0
40505,40506,4,154osm_북포항_154-남포항_154_4,0.000723,0.006581,0.00533,0.0,0.0,0.0,0.0,452.0,497.0,565.0,4.63,1,0.0
40227,40755,1,154osm_미음_154-지사_154_1,0.000457153,0.00424315,0.02334,0.0,0.0,0.0,0.0,452.0,497.0,565.0,3.52,1,0.91
40698,40762,1,154osm_창원T1_154-창원_154_1,0.000384,0.003493,0.002828,0.0,0.0,0.0,0.0,452.0,497.0,565.0,2.46,1,0.0
40698,40762,2,154osm_창원T1_154-창원_154_2,0.000384,0.003493,0.002828,0.0,0.0,0.0,0.0,452.0,497.0,565.0,2.46,1,0.0
40092,40526,1,154osm_신경산_154-진량_154_1,0.000525,0.004783,0.003874,0.0,0.0,0.0,0.0,452.0,497.0,565.0,3.37,1,0.0
40092,40526,2,154osm_신경산_154-진량_154_2,0.000525,0.004783,0.003874,0.0,0.0,0.0,0.0,452.0,497.0,565.0,3.37,1,0.0
40058,40059,1,154osm_울산_154-신울산_154_1,0.000704,0.006412,0.005193,0.0,0.0,0.0,0.0,452.0,497.0,565.0,4.52,1,0.0
40058,40059,2,154osm_울산_154-신울산_154_2,0.000704,0.006412,0.005193,0.0,0.0,0.0,0.0,452.0,497.0,565.0,4.52,1,0.0
40099,40576,1,154osm_신광주_154-일곡_154_1,0.00023045,0.0024721,0.093647,0.0,0.0,0.0,0.0,430.0,473.0,538.0,4.19,1,4.19
40099,40576,2,154osm_신광주_154-일곡_154_2,0.00023045,0.0024721,0.093647,0.0,0.0,0.0,0.0,430.0,473.0,538.0,4.19,1,4.19
40099,40576,3,154osm_신광주_154-일곡_154_3,0.00023045,0.0024721,0.093647,0.0,0.0,0.0,0.0,430.0,473.0,538.0,4.19,1,4.19
40099,40576,4,154osm_신광주_154-일곡_154_4,0.00023045,0.0024721,0.093647,0.0,0.0,0.0,0.0,430.0,473.0,538.0,4.19,1,4.19
40028,40732,1,154osm_중계_154-신내_154_1,0.0002299,0.0024662,0.093423,0.0,0.0,0.0,0.0,430.0,473.0,538.0,4.18,1,4.18
40028,40732,2,154osm_중계_154-신내_154_2,0.0002299,0.0024662,0.093423,0.0,0.0,0.0,0.0,430.0,473.0,538.0,4.18,1,4.18
40306,40369,1,154osm_이의_154-신봉_154_1,0.000492,0.004482,0.00363,0.0,0.0,0.0,0.0,452.0,497.0,565.0,3.16,1,0.0
40306,40369,2,154osm_이의_154-신봉_154_2,0.000492,0.004482,0.00363,0.0,0.0,0.0,0.0,452.0,497.0,565.0,3.16,1,0.0
40306,40369,3,154osm_이의_154-신봉_154_3,0.000492,0.004482,0.00363,0.0,0.0,0.0,0.0,452.0,497.0,565.0,3.16,1,0.0
40306,40369,4,154osm_이의_154-신봉_154_4,0.000492,0.004482,0.00363,0.0,0.0,0.0,0.0,452.0,497.0,565.0,3.16,1,0.0
40235,40731,1,154osm_은평_154-현저_154_1,0.00022275,0.0023895,0.0905175,0.0,0.0,0.0,0.0,430.0,473.0,538.0,4.05,1,4.05
40235,40731,2,154osm_은평_154-현저_154_2,0.00022275,0.0023895,0.0905175,0.0,0.0,0.0,0.0,430.0,473.0,538.0,4.05,1,4.05
40094,40529,1,154osm_서대구_154-왜관_154_1,0.000686,0.00624,0.005054,0.0,0.0,0.0,0.0,452.0,497.0,565.0,4.39,1,0.0
40094,40529,2,154osm_서대구_154-왜관_154_2,0.000686,0.00624,0.005054,0.0,0.0,0.0,0.0,452.0,497.0,565.0,4.39,1,0.0
40094,40529,3,154osm_서대구_154-왜관_154_3,0.000686,0.00624,0.005054,0.0,0.0,0.0,0.0,452.0,497.0,565.0,4.39,1,0.0
40094,40529,4,154osm_서대구_154-왜관_154_4,0.000686,0.00624,0.005054,0.0,0.0,0.0,0.0,452.0,497.0,565.0,4.39,1,0.0
40511,40514,1,154osm_농소_154-김천_154_1,0.000669,0.006089,0.004931,0.0,0.0,0.0,0.0,452.0,497.0,565.0,4.29,1,0.0
40511,40514,2,154osm_농소_154-김천_154_2,0.000669,0.006089,0.004931,0.0,0.0,0.0,0.0,452.0,497.0,565.0,4.29,1,0.0
40182,40748,1,154osm_반월_154-북시화_154_1,0.000648,0.005896,0.004775,0.0,0.0,0.0,0.0,452.0,497.0,565.0,4.15,1,0.0
40182,40748,2,154osm_반월_154-북시화_154_2,0.000648,0.005896,0.004775,0.0,0.0,0.0,0.0,452.0,497.0,565.0,4.15,1,0.0
40069,40126,1,154osm_오창_154-국사_154_1,0.000659,0.005998,0.004858,0.0,0.0,0.0,0.0,452.0,497.0,565.0,4.22,1,0.0
40069,40126,2,154osm_오창_154-국사_154_2,0.000659,0.005998,0.004858,0.0,0.0,0.0,0.0,452.0,497.0,565.0,4.22,1,0.0
40178,40242,1,154osm_추팔_154-둔포_154_1,0.000729,0.006635,0.005373,0.0,0.0,0.0,0.0,452.0,497.0,565.0,4.67,1,0.0
40178,40242,2,154osm_추팔_154-둔포_154_2,0.000729,0.006635,0.005373,0.0,0.0,0.0,0.0,452.0,497.0,565.0,4.67,1,0.0
40575,40578,1,154osm_충장_154-계림_154_1,0.0002453,0.0026314,0.099681,0.0,0.0,0.0,0.0,430.0,473.0,538.0,4.46,1,4.46
40575,40578,2,154osm_충장_154-계림_154_2,0.0002453,0.0026314,0.099681,0.0,0.0,0.0,0.0,430.0,473.0,538.0,4.46,1,4.46
40111,40147,1,154osm_서서울_154-서수원_154_1,0.000715,0.006509,0.005271,0.0,0.0,0.0,0.0,452.0,497.0,565.0,4.58,1,0.0
40111,40147,2,154osm_서서울_154-서수원_154_2,0.000715,0.006509,0.005271,0.0,0.0,0.0,0.0,452.0,497.0,565.0,4.58,1,0.0
40111,40303,1,154osm_서서울_154-신안산_154_1,0.000548,0.004992,0.004043,0.0,0.0,0.0,0.0,452.0,497.0,565.0,3.52,1,0.0
40228,40485,1,154osm_삼정_154-신월_154_1,0.000712,0.006478,0.005246,0.0,0.0,0.0,0.0,452.0,497.0,565.0,4.56,1,0.0
40228,40485,2,154osm_삼정_154-신월_154_2,0.000712,0.006478,0.005246,0.0,0.0,0.0,0.0,452.0,497.0,565.0,4.56,1,0.0
40312,40734,1,154osm_미아_154-쌍문_154_1,0.0002057,0.0022066,0.083589,0.0,0.0,0.0,0.0,430.0,473.0,538.0,3.74,1,3.74
40312,40734,2,154osm_미아_154-쌍문_154_2,0.0002057,0.0022066,0.083589,0.0,0.0,0.0,0.0,430.0,473.0,538.0,3.74,1,3.74
40482,40745,1,154osm_동읍_154-의창_154_1,0.000667,0.006074,0.004919,0.0,0.0,0.0,0.0,452.0,497.0,565.0,4.28,1,0.0
40350,40356,1,154osm_동진주_154-개양_154_1,0.000341939,0.00330853,0.0505795,0.0,0.0,0.0,0.0,430.0,473.0,538.0,3.61,1,2.19
40350,40356,2,154osm_동진주_154-개양_154_2,0.000341939,0.00330853,0.0505795,0.0,0.0,0.0,0.0,430.0,473.0,538.0,3.61,1,2.19
40407,40689,1,154osm_조암_154-수원T2_154_1,0.000586,0.005338,0.004323,0.0,0.0,0.0,0.0,452.0,497.0,565.0,3.76,1,0.0
40407,40689,2,154osm_조암_154-수원T2_154_2,0.000586,0.005338,0.004323,0.0,0.0,0.0,0.0,452.0,497.0,565.0,3.76,1,0.0
40407,40689,3,154osm_조암_154-수원T2_154_3,0.000586,0.005338,0.004323,0.0,0.0,0.0,0.0,452.0,497.0,565.0,3.76,1,0.0
40407,40689,4,154osm_조암_154-수원T2_154_4,0.000586,0.005338,0.004323,0.0,0.0,0.0,0.0,452.0,497.0,565.0,3.76,1,0.0
40148,40150,1,154osm_덕진_154-대덕_154_1,0.000721,0.006561,0.005314,0.0,0.0,0.0,0.0,452.0,497.0,565.0,4.62,1,0.0
40148,40150,2,154osm_덕진_154-대덕_154_2,0.000721,0.006561,0.005314,0.0,0.0,0.0,0.0,452.0,497.0,565.0,4.62,1,0.0
40143,40146,1,154osm_신파주_154-금촌_154_1,0.000747,0.006802,0.005508,0.0,0.0,0.0,0.0,452.0,497.0,565.0,4.79,1,0.0
40143,40146,2,154osm_신파주_154-금촌_154_2,0.000747,0.006802,0.005508,0.0,0.0,0.0,0.0,452.0,497.0,565.0,4.79,1,0.0
40059,40659,1,154osm_신울산_154-옥동_154_1,0.00081,0.007372,0.00597,0.0,0.0,0.0,0.0,452.0,497.0,565.0,5.19,1,0.0
40059,40659,2,154osm_신울산_154-옥동_154_2,0.00081,0.007372,0.00597,0.0,0.0,0.0,0.0,452.0,497.0,565.0,5.19,1,0.0
40220,40390,1,154osm_계양2_154-김포_154_1,0.000372197,0.00361793,0.0591415,0.0,0.0,0.0,0.0,430.0,473.0,538.0,4.05,1,2.57
40220,40390,2,154osm_계양2_154-김포_154_2,0.000372197,0.00361793,0.0591415,0.0,0.0,0.0,0.0,430.0,473.0,538.0,4.05,1,2.57
40419,40749,1,154osm_원곡_154-북안산_154_1,0.000734,0.006683,0.005412,0.0,0.0,0.0,0.0,452.0,497.0,565.0,4.71,1,0.0
40419,40749,2,154osm_원곡_154-북안산_154_2,0.000734,0.006683,0.005412,0.0,0.0,0.0,0.0,452.0,497.0,565.0,4.71,1,0.0
40173,40743,1,154osm_방어진_154-울산T10_154_1,0.000686,0.006242,0.005055,0.0,0.0,0.0,0.0,452.0,497.0,565.0,4.4,1,0.0
40173,40743,2,154osm_방어진_154-울산T10_154_2,0.000686,0.006242,0.005055,0.0,0.0,0.0,0.0,452.0,497.0,565.0,4.4,1,0.0
40173,40743,3,154osm_방어진_154-울산T10_154_3,0.000686,0.006242,0.005055,0.0,0.0,0.0,0.0,452.0,497.0,565.0,4.4,1,0.0
40481,40501,1,154osm_안민_154-천선_154_1,0.0005,0.004556,0.003689,0.0,0.0,0.0,0.0,452.0,497.0,565.0,3.21,1,0.0
40481,40501,2,154osm_안민_154-천선_154_2,0.0005,0.004556,0.003689,0.0,0.0,0.0,0.0,452.0,497.0,565.0,3.21,1,0.0
40481,40501,3,154osm_안민_154-천선_154_3,0.0005,0.004556,0.003689,0.0,0.0,0.0,0.0,452.0,497.0,565.0,3.21,1,0.0
40481,40501,4,154osm_안민_154-천선_154_4,0.0005,0.004556,0.003689,0.0,0.0,0.0,0.0,452.0,497.0,565.0,3.21,1,0.0
40039,40734,1,154osm_방학_154-쌍문_154_1,0.00023595,0.0025311,0.0958815,0.0,0.0,0.0,0.0,430.0,473.0,538.0,4.29,1,4.29
40039,40734,2,154osm_방학_154-쌍문_154_2,0.00023595,0.0025311,0.0958815,0.0,0.0,0.0,0.0,430.0,473.0,538.0,4.29,1,4.29
40276,40438,1,154osm_송포_154-일산_154_1,0.00027995,0.0030031,0.113761,0.0,0.0,0.0,0.0,430.0,473.0,538.0,5.09,1,5.09
40276,40438,2,154osm_송포_154-일산_154_2,0.00027995,0.0030031,0.113761,0.0,0.0,0.0,0.0,430.0,473.0,538.0,5.09,1,5.09
40122,40364,1,154osm_양주_154-불광_154_1,0.000632,0.005751,0.004657,0.0,0.0,0.0,0.0,452.0,497.0,565.0,4.05,1,0.0
40122,40364,2,154osm_양주_154-불광_154_2,0.000632,0.005751,0.004657,0.0,0.0,0.0,0.0,452.0,497.0,565.0,4.05,1,0.0
40122,40364,3,154osm_양주_154-불광_154_3,0.000632,0.005751,0.004657,0.0,0.0,0.0,0.0,452.0,497.0,565.0,4.05,1,0.0
40122,40364,4,154osm_양주_154-불광_154_4,0.000632,0.005751,0.004657,0.0,0.0,0.0,0.0,452.0,497.0,565.0,4.05,1,0.0
40085,40259,1,154osm_신광명_154-시흥_154_1,0.000600472,0.00554257,0.02308,0.0,0.0,0.0,0.0,452.0,497.0,565.0,4.4,1,0.85
40085,40259,2,154osm_신광명_154-시흥_154_2,0.000600472,0.00554257,0.02308,0.0,0.0,0.0,0.0,452.0,497.0,565.0,4.4,1,0.85
40163,40756,1,154osm_양산_154-산막_154_1,0.00049,0.004459,0.003611,0.0,0.0,0.0,0.0,452.0,497.0,565.0,3.14,1,0.0
40163,40756,2,154osm_양산_154-산막_154_2,0.00049,0.004459,0.003611,0.0,0.0,0.0,0.0,452.0,497.0,565.0,3.14,1,0.0
40467,40468,1,154osm_이천_154-율현_154_1,0.000663,0.006038,0.00489,0.0,0.0,0.0,0.0,452.0,497.0,565.0,4.25,1,0.0
40467,40468,2,154osm_이천_154-율현_154_2,0.000663,0.006038,0.00489,0.0,0.0,0.0,0.0,452.0,497.0,565.0,4.25,1,0.0
40156,40516,1,154osm_유가_154-현풍_154_1,0.000661,0.006016,0.004872,0.0,0.0,0.0,0.0,452.0,497.0,565.0,4.24,1,0.0
40156,40516,2,154osm_유가_154-현풍_154_2,0.000661,0.006016,0.004872,0.0,0.0,0.0,0.0,452.0,497.0,565.0,4.24,1,0.0
40156,40516,3,154osm_유가_154-현풍_154_3,0.000661,0.006016,0.004872,0.0,0.0,0.0,0.0,452.0,497.0,565.0,4.24,1,0.0
40156,40516,4,154osm_유가_154-현풍_154_4,0.000661,0.006016,0.004872,0.0,0.0,0.0,0.0,452.0,497.0,565.0,4.24,1,0.0
40120,40722,1,154osm_동서울_154-송파_154_1,0.000446354,0.00425644,0.050691,0.0,0.0,0.0,0.0,430.0,473.0,538.0,4.26,1,2.16
40120,40722,2,154osm_동서울_154-송파_154_2,0.000446354,0.00425644,0.050691,0.0,0.0,0.0,0.0,430.0,473.0,538.0,4.26,1,2.16
40650,40652,1,154osm_제천_154-왕암_154_1,0.000673,0.006129,0.004964,0.0,0.0,0.0,0.0,452.0,497.0,565.0,4.32,1,0.0
40650,40652,2,154osm_제천_154-왕암_154_2,0.000673,0.006129,0.004964,0.0,0.0,0.0,0.0,452.0,497.0,565.0,4.32,1,0.0
40080,40188,1,154osm_범물_154-노변_154_1,0.000727,0.00662,0.005361,0.0,0.0,0.0,0.0,452.0,497.0,565.0,4.66,1,0.0
40158,40516,1,154osm_논공_154-현풍_154_1,0.000685,0.006232,0.005047,0.0,0.0,0.0,0.0,452.0,497.0,565.0,4.39,1,0.0
40158,40516,2,154osm_논공_154-현풍_154_2,0.000685,0.006232,0.005047,0.0,0.0,0.0,0.0,452.0,497.0,565.0,4.39,1,0.0
40042,40415,1,154osm_중동_154-고강_154_1,0.000669635,0.00620348,0.0312705,0.0,0.0,0.0,0.0,452.0,497.0,565.0,5.07,1,1.2
40042,40415,2,154osm_중동_154-고강_154_2,0.000669635,0.00620348,0.0312705,0.0,0.0,0.0,0.0,452.0,497.0,565.0,5.07,1,1.2
40555,40564,1,154osm_송현_154-부평T1_154_1,0.000898,0.008174,0.00662,0.0,0.0,0.0,0.0,452.0,497.0,565.0,5.76,1,0.0
40555,40564,2,154osm_송현_154-부평T1_154_2,0.000898,0.008174,0.00662,0.0,0.0,0.0,0.0,452.0,497.0,565.0,5.76,1,0.0
40636,40649,1,154osm_단양_154-제천T1_154_1,0.000943,0.008583,0.006951,0.0,0.0,0.0,0.0,452.0,497.0,565.0,6.04,1,0.0
40636,40649,2,154osm_단양_154-제천T1_154_2,0.000943,0.008583,0.006951,0.0,0.0,0.0,0.0,452.0,497.0,565.0,6.04,1,0.0
40183,40683,1,154osm_한샘_154-직산_154_1,0.000589,0.005366,0.004345,0.0,0.0,0.0,0.0,452.0,497.0,565.0,3.78,1,0.0
40183,40683,2,154osm_한샘_154-직산_154_2,0.000589,0.005366,0.004345,0.0,0.0,0.0,0.0,452.0,497.0,565.0,3.78,1,0.0
40183,40683,3,154osm_한샘_154-직산_154_3,0.000589,0.005366,0.004345,0.0,0.0,0.0,0.0,452.0,497.0,565.0,3.78,1,0.0
40183,40683,4,154osm_한샘_154-직산_154_4,0.000589,0.005366,0.004345,0.0,0.0,0.0,0.0,452.0,497.0,565.0,3.78,1,0.0
40234,40706,1,154osm_거제_154-거제T1_154_1,0.000688,0.006266,0.005074,0.0,0.0,0.0,0.0,452.0,497.0,565.0,4.41,1,0.0
40234,40706,2,154osm_거제_154-거제T1_154_2,0.000688,0.006266,0.005074,0.0,0.0,0.0,0.0,452.0,497.0,565.0,4.41,1,0.0
40234,40706,3,154osm_거제_154-거제T1_154_3,0.000688,0.006266,0.005074,0.0,0.0,0.0,0.0,452.0,497.0,565.0,4.41,1,0.0
40234,40706,4,154osm_거제_154-거제T1_154_4,0.000688,0.006266,0.005074,0.0,0.0,0.0,0.0,452.0,497.0,565.0,4.41,1,0.0
40243,40526,1,154osm_반야월_154-진량_154_1,0.000806,0.007333,0.005939,0.0,0.0,0.0,0.0,452.0,497.0,565.0,5.16,1,0.0
40243,40526,2,154osm_반야월_154-진량_154_2,0.000806,0.007333,0.005939,0.0,0.0,0.0,0.0,452.0,497.0,565.0,5.16,1,0.0
40243,40526,3,154osm_반야월_154-진량_154_3,0.000806,0.007333,0.005939,0.0,0.0,0.0,0.0,452.0,497.0,565.0,5.16,1,0.0
40243,40526,4,154osm_반야월_154-진량_154_4,0.000806,0.007333,0.005939,0.0,0.0,0.0,0.0,452.0,497.0,565.0,5.16,1,0.0
40130,40525,1,154osm_영일_154-왕신_154_1,0.000856,0.007794,0.006312,0.0,0.0,0.0,0.0,452.0,497.0,565.0,5.49,1,0.0
40130,40525,2,154osm_영일_154-왕신_154_2,0.000856,0.007794,0.006312,0.0,0.0,0.0,0.0,452.0,497.0,565.0,5.49,1,0.0
40085,40427,1,154osm_신광명_154-소래_154_1,0.00028545,0.0030621,0.1159965,0.0,0.0,0.0,0.0,430.0,473.0,538.0,5.19,1,5.19
40085,40427,2,154osm_신광명_154-소래_154_2,0.00028545,0.0030621,0.1159965,0.0,0.0,0.0,0.0,430.0,473.0,538.0,5.19,1,5.19
40060,40663,1,154osm_신온산_154-처용_154_1,0.000566,0.005155,0.004174,0.0,0.0,0.0,0.0,452.0,497.0,565.0,3.63,1,0.0
40060,40663,2,154osm_신온산_154-처용_154_2,0.000566,0.005155,0.004174,0.0,0.0,0.0,0.0,452.0,497.0,565.0,3.63,1,0.0
40060,40663,3,154osm_신온산_154-처용_154_3,0.000566,0.005155,0.004174,0.0,0.0,0.0,0.0,452.0,497.0,565.0,3.63,1,0.0
40060,40663,4,154osm_신온산_154-처용_154_4,0.000566,0.005155,0.004174,0.0,0.0,0.0,0.0,452.0,497.0,565.0,3.63,1,0.0
40285,40648,1,154osm_남음성_154-덕산_154_1,0.000878,0.007989,0.00647,0.0,0.0,0.0,0.0,452.0,497.0,565.0,5.63,1,0.0
40285,40648,2,154osm_남음성_154-덕산_154_2,0.000878,0.007989,0.00647,0.0,0.0,0.0,0.0,452.0,497.0,565.0,5.63,1,0.0
40048,40164,1,154osm_북부산_154-미남_154_1,0.000824,0.007499,0.006073,0.0,0.0,0.0,0.0,452.0,497.0,565.0,5.28,1,0.0
40048,40164,2,154osm_북부산_154-미남_154_2,0.000824,0.007499,0.006073,0.0,0.0,0.0,0.0,452.0,497.0,565.0,5.28,1,0.0
40480,40481,1,154osm_완암_154-안민_154_1,0.000604,0.005495,0.004451,0.0,0.0,0.0,0.0,452.0,497.0,565.0,3.87,1,0.0
40480,40481,2,154osm_완암_154-안민_154_2,0.000604,0.005495,0.004451,0.0,0.0,0.0,0.0,452.0,497.0,565.0,3.87,1,0.0
40480,40481,3,154osm_완암_154-안민_154_3,0.000604,0.005495,0.004451,0.0,0.0,0.0,0.0,452.0,497.0,565.0,3.87,1,0.0
40480,40481,4,154osm_완암_154-안민_154_4,0.000604,0.005495,0.004451,0.0,0.0,0.0,0.0,452.0,497.0,565.0,3.87,1,0.0
40407,40411,1,154osm_조암_154-구문천_154_1,0.000846,0.007704,0.006239,0.0,0.0,0.0,0.0,452.0,497.0,565.0,5.43,1,0.0
40407,40411,2,154osm_조암_154-구문천_154_2,0.000846,0.007704,0.006239,0.0,0.0,0.0,0.0,452.0,497.0,565.0,5.43,1,0.0
40218,40257,1,154osm_북항_154-목포_154_1,0.000646,0.005879,0.004761,0.0,0.0,0.0,0.0,452.0,497.0,565.0,4.14,1,0.0
40404,40405,1,154osm_향남_154-발안_154_1,0.000871,0.00793,0.006423,0.0,0.0,0.0,0.0,452.0,497.0,565.0,5.58,1,0.0
40404,40405,2,154osm_향남_154-발안_154_2,0.000871,0.00793,0.006423,0.0,0.0,0.0,0.0,452.0,497.0,565.0,5.58,1,0.0
40404,40405,3,154osm_향남_154-발안_154_3,0.000871,0.00793,0.006423,0.0,0.0,0.0,0.0,452.0,497.0,565.0,5.58,1,0.0
40404,40405,4,154osm_향남_154-발안_154_4,0.000871,0.00793,0.006423,0.0,0.0,0.0,0.0,452.0,497.0,565.0,5.58,1,0.0
40059,40270,1,154osm_신울산_154-성암_154_1,0.000806,0.007333,0.005938,0.0,0.0,0.0,0.0,452.0,497.0,565.0,5.16,1,0.0
40059,40270,2,154osm_신울산_154-성암_154_2,0.000806,0.007333,0.005938,0.0,0.0,0.0,0.0,452.0,497.0,565.0,5.16,1,0.0
40550,40568,1,154osm_검단_154-구암_154_1,0.000744,0.006768,0.005481,0.0,0.0,0.0,0.0,452.0,497.0,565.0,4.77,1,0.0
40550,40568,2,154osm_검단_154-구암_154_2,0.000744,0.006768,0.005481,0.0,0.0,0.0,0.0,452.0,497.0,565.0,4.77,1,0.0
40550,40568,3,154osm_검단_154-구암_154_3,0.000744,0.006768,0.005481,0.0,0.0,0.0,0.0,452.0,497.0,565.0,4.77,1,0.0
40550,40568,4,154osm_검단_154-구암_154_4,0.000744,0.006768,0.005481,0.0,0.0,0.0,0.0,452.0,497.0,565.0,4.77,1,0.0
40274,40572,1,154osm_여천_154-여수_154_1,0.000845,0.007689,0.006227,0.0,0.0,0.0,0.0,452.0,497.0,565.0,5.41,1,0.0
40274,40572,2,154osm_여천_154-여수_154_2,0.000845,0.007689,0.006227,0.0,0.0,0.0,0.0,452.0,497.0,565.0,5.41,1,0.0
40274,40572,3,154osm_여천_154-여수_154_3,0.000845,0.007689,0.006227,0.0,0.0,0.0,0.0,452.0,497.0,565.0,5.41,1,0.0
40274,40572,4,154osm_여천_154-여수_154_4,0.000845,0.007689,0.006227,0.0,0.0,0.0,0.0,452.0,497.0,565.0,5.41,1,0.0
40093,40158,1,154osm_고령_154-논공_154_1,0.000825,0.007512,0.006084,0.0,0.0,0.0,0.0,452.0,497.0,565.0,5.29,1,0.0
40093,40158,2,154osm_고령_154-논공_154_2,0.000825,0.007512,0.006084,0.0,0.0,0.0,0.0,452.0,497.0,565.0,5.29,1,0.0
40249,40290,1,154osm_능곡_154-상암_154_1,0.000816,0.007426,0.006014,0.0,0.0,0.0,0.0,452.0,497.0,565.0,5.23,1,0.0
40249,40290,2,154osm_능곡_154-상암_154_2,0.000816,0.007426,0.006014,0.0,0.0,0.0,0.0,452.0,497.0,565.0,5.23,1,0.0
40660,40664,1,154osm_반천_154-직동_154_1,0.000654,0.00595,0.004819,0.0,0.0,0.0,0.0,452.0,497.0,565.0,4.19,1,0.0
40660,40664,2,154osm_반천_154-직동_154_2,0.000654,0.00595,0.004819,0.0,0.0,0.0,0.0,452.0,497.0,565.0,4.19,1,0.0
40660,40664,3,154osm_반천_154-직동_154_3,0.000654,0.00595,0.004819,0.0,0.0,0.0,0.0,452.0,497.0,565.0,4.19,1,0.0
40660,40664,4,154osm_반천_154-직동_154_4,0.000654,0.00595,0.004819,0.0,0.0,0.0,0.0,452.0,497.0,565.0,4.19,1,0.0
40113,40684,1,154osm_신온양_154-석곡_154_1,0.000941,0.008563,0.006935,0.0,0.0,0.0,0.0,452.0,497.0,565.0,6.03,1,0.0
40113,40684,2,154osm_신온양_154-석곡_154_2,0.000941,0.008563,0.006935,0.0,0.0,0.0,0.0,452.0,497.0,565.0,6.03,1,0.0
40113,40684,3,154osm_신온양_154-석곡_154_3,0.000941,0.008563,0.006935,0.0,0.0,0.0,0.0,452.0,497.0,565.0,6.03,1,0.0
40113,40684,4,154osm_신온양_154-석곡_154_4,0.000941,0.008563,0.006935,0.0,0.0,0.0,0.0,452.0,497.0,565.0,6.03,1,0.0
40112,40689,1,154osm_화성_154-수원T2_154_1,0.000749,0.006816,0.00552,0.0,0.0,0.0,0.0,452.0,497.0,565.0,4.8,1,0.0
40112,40689,2,154osm_화성_154-수원T2_154_2,0.000749,0.006816,0.00552,0.0,0.0,0.0,0.0,452.0,497.0,565.0,4.8,1,0.0
40112,40689,3,154osm_화성_154-수원T2_154_3,0.000749,0.006816,0.00552,0.0,0.0,0.0,0.0,452.0,497.0,565.0,4.8,1,0.0
40112,40689,4,154osm_화성_154-수원T2_154_4,0.000749,0.006816,0.00552,0.0,0.0,0.0,0.0,452.0,497.0,565.0,4.8,1,0.0
40120,40311,1,154osm_동서울_154-신장_154_1,0.000933,0.00849,0.006876,0.0,0.0,0.0,0.0,452.0,497.0,565.0,5.98,1,0.0
40120,40311,2,154osm_동서울_154-신장_154_2,0.000933,0.00849,0.006876,0.0,0.0,0.0,0.0,452.0,497.0,565.0,5.98,1,0.0
40142,40240,1,154osm_도봉_154-상계_154_1,0.000613294,0.00570037,0.033269,0.0,0.0,0.0,0.0,452.0,497.0,565.0,4.78,1,1.31
40142,40240,2,154osm_도봉_154-상계_154_2,0.000613294,0.00570037,0.033269,0.0,0.0,0.0,0.0,452.0,497.0,565.0,4.78,1,1.31
40405,40411,1,154osm_발안_154-구문천_154_1,0.000714,0.006495,0.00526,0.0,0.0,0.0,0.0,452.0,497.0,565.0,4.57,1,0.0
40405,40411,2,154osm_발안_154-구문천_154_2,0.000714,0.006495,0.00526,0.0,0.0,0.0,0.0,452.0,497.0,565.0,4.57,1,0.0
40104,40189,1,154osm_신양산_154-좌동_154_1,0.001031,0.009381,0.007597,0.0,0.0,0.0,0.0,452.0,497.0,565.0,6.61,1,0.0
40104,40189,2,154osm_신양산_154-좌동_154_2,0.001031,0.009381,0.007597,0.0,0.0,0.0,0.0,452.0,497.0,565.0,6.61,1,0.0
40104,40189,3,154osm_신양산_154-좌동_154_3,0.001031,0.009381,0.007597,0.0,0.0,0.0,0.0,452.0,497.0,565.0,6.61,1,0.0
40104,40189,4,154osm_신양산_154-좌동_154_4,0.001031,0.009381,0.007597,0.0,0.0,0.0,0.0,452.0,497.0,565.0,6.61,1,0.0
40105,40573,1,154osm_광양_154-백운_154_1,0.000802,0.007301,0.005913,0.0,0.0,0.0,0.0,452.0,497.0,565.0,5.14,1,0.0
40105,40573,2,154osm_광양_154-백운_154_2,0.000802,0.007301,0.005913,0.0,0.0,0.0,0.0,452.0,497.0,565.0,5.14,1,0.0
40105,40573,3,154osm_광양_154-백운_154_3,0.000802,0.007301,0.005913,0.0,0.0,0.0,0.0,452.0,497.0,565.0,5.14,1,0.0
40105,40573,4,154osm_광양_154-백운_154_4,0.000802,0.007301,0.005913,0.0,0.0,0.0,0.0,452.0,497.0,565.0,5.14,1,0.0
40542,40543,1,154osm_구미_154-고아_154_1,0.000979,0.008914,0.007219,0.0,0.0,0.0,0.0,452.0,497.0,565.0,6.28,1,0.0
40317,40491,1,154osm_신고성_154-삼천포_154_1,0.000661,0.006021,0.004876,0.0,0.0,0.0,0.0,452.0,497.0,565.0,4.24,1,0.0
40098,40151,1,154osm_청원_154-죽림_154_1,0.000952,0.008668,0.00702,0.0,0.0,0.0,0.0,452.0,497.0,565.0,6.1,1,0.0
40098,40151,2,154osm_청원_154-죽림_154_2,0.000952,0.008668,0.00702,0.0,0.0,0.0,0.0,452.0,497.0,565.0,6.1,1,0.0
40360,40465,1,154osm_성남T1_154-오포_154_1,0.001002,0.009119,0.007385,0.0,0.0,0.0,0.0,452.0,497.0,565.0,6.42,1,0.0
40360,40465,2,154osm_성남T1_154-오포_154_2,0.001002,0.009119,0.007385,0.0,0.0,0.0,0.0,452.0,497.0,565.0,6.42,1,0.0
40176,40404,1,154osm_오산_154-향남_154_1,0.000949,0.008636,0.006994,0.0,0.0,0.0,0.0,452.0,497.0,565.0,6.08,1,0.0
40176,40404,2,154osm_오산_154-향남_154_2,0.000949,0.008636,0.006994,0.0,0.0,0.0,0.0,452.0,497.0,565.0,6.08,1,0.0
40234,40493,1,154osm_거제_154-아주_154_1,0.000961,0.008746,0.007083,0.0,0.0,0.0,0.0,452.0,497.0,565.0,6.16,1,0.0
40082,40083,1,154cbl_과천_154-신성남_154_1,0.0003597,0.0038586,0.146169,0.0,0.0,0.0,0.0,430.0,473.0,538.0,6.54,1,6.54
40082,40083,2,154cbl_과천_154-신성남_154_2,0.0003597,0.0038586,0.146169,0.0,0.0,0.0,0.0,430.0,473.0,538.0,6.54,1,6.54
40343,40391,1,154osm_양곡_154-통진_154_1,0.000242,0.002596,0.09834,0.0,0.0,0.0,0.0,430.0,473.0,538.0,4.4,1,4.4
40343,40391,2,154osm_양곡_154-통진_154_2,0.000242,0.002596,0.09834,0.0,0.0,0.0,0.0,430.0,473.0,538.0,4.4,1,4.4
40459,40460,1,154osm_의왕_154-율전_154_1,0.000882,0.008032,0.006504,0.0,0.0,0.0,0.0,452.0,497.0,565.0,5.66,1,0.0
40459,40460,2,154osm_의왕_154-율전_154_2,0.000882,0.008032,0.006504,0.0,0.0,0.0,0.0,452.0,497.0,565.0,5.66,1,0.0
40459,40460,3,154osm_의왕_154-율전_154_3,0.000882,0.008032,0.006504,0.0,0.0,0.0,0.0,452.0,497.0,565.0,5.66,1,0.0
40459,40460,4,154osm_의왕_154-율전_154_4,0.000882,0.008032,0.006504,0.0,0.0,0.0,0.0,452.0,497.0,565.0,5.66,1,0.0
40183,40242,1,154osm_한샘_154-둔포_154_1,0.001024,0.009323,0.00755,0.0,0.0,0.0,0.0,452.0,497.0,565.0,6.57,1,0.0
40183,40242,2,154osm_한샘_154-둔포_154_2,0.001024,0.009323,0.00755,0.0,0.0,0.0,0.0,452.0,497.0,565.0,6.57,1,0.0
40398,40708,1,154osm_북춘천_154-춘천T1_154_1,0.000997,0.009075,0.00735,0.0,0.0,0.0,0.0,452.0,497.0,565.0,6.39,1,0.0
40398,40708,2,154osm_북춘천_154-춘천T1_154_2,0.000997,0.009075,0.00735,0.0,0.0,0.0,0.0,452.0,497.0,565.0,6.39,1,0.0
40143,40276,1,154osm_신파주_154-송포_154_1,0.00033605,0.0036049,0.136558,0.0,0.0,0.0,0.0,430.0,473.0,538.0,6.11,1,6.11
40143,40276,2,154osm_신파주_154-송포_154_2,0.00033605,0.0036049,0.136558,0.0,0.0,0.0,0.0,430.0,473.0,538.0,6.11,1,6.11
40220,40563,1,154osm_계양2_154-경서_154_1,0.000888,0.008083,0.006546,0.0,0.0,0.0,0.0,452.0,497.0,565.0,5.69,1,0.0
40568,40757,1,154osm_구암_154-봉무_154_1,0.00032065,0.0034397,0.1303,0.0,0.0,0.0,0.0,430.0,473.0,538.0,5.83,1,5.83
40568,40757,2,154osm_구암_154-봉무_154_2,0.00032065,0.0034397,0.1303,0.0,0.0,0.0,0.0,430.0,473.0,538.0,5.83,1,5.83
40568,40757,3,154osm_구암_154-봉무_154_3,0.00032065,0.0034397,0.1303,0.0,0.0,0.0,0.0,430.0,473.0,538.0,5.83,1,5.83
40568,40757,4,154osm_구암_154-봉무_154_4,0.00032065,0.0034397,0.1303,0.0,0.0,0.0,0.0,430.0,473.0,538.0,5.83,1,5.83
40269,40483,1,154osm_가수원_154-서대전_154_1,0.000657733,0.00605048,0.0202105,0.0,0.0,0.0,0.0,452.0,497.0,565.0,4.67,1,0.7
40269,40483,2,154osm_가수원_154-서대전_154_2,0.000657733,0.00605048,0.0202105,0.0,0.0,0.0,0.0,452.0,497.0,565.0,4.67,1,0.7
40455,40465,1,154osm_모현_154-오포_154_1,0.000958,0.008722,0.007064,0.0,0.0,0.0,0.0,452.0,497.0,565.0,6.14,1,0.0
40455,40465,2,154osm_모현_154-오포_154_2,0.000958,0.008722,0.007064,0.0,0.0,0.0,0.0,452.0,497.0,565.0,6.14,1,0.0
40237,40238,1,154osm_원흥_154-수색_154_1,0.000830988,0.00773939,0.0489185,0.0,0.0,0.0,0.0,452.0,497.0,565.0,6.59,1,1.95
40237,40238,2,154osm_원흥_154-수색_154_2,0.000830988,0.00773939,0.0489185,0.0,0.0,0.0,0.0,452.0,497.0,565.0,6.59,1,1.95
40111,40302,1,154osm_서서울_154-일동_154_1,0.000729,0.006631,0.00537,0.0,0.0,0.0,0.0,452.0,497.0,565.0,4.67,1,0.0
40111,40302,2,154osm_서서울_154-일동_154_2,0.000729,0.006631,0.00537,0.0,0.0,0.0,0.0,452.0,497.0,565.0,4.67,1,0.0
40173,40174,1,154osm_방어진_154-효문_154_1,0.000892,0.008122,0.006577,0.0,0.0,0.0,0.0,452.0,497.0,565.0,5.72,1,0.0
40173,40174,2,154osm_방어진_154-효문_154_2,0.000892,0.008122,0.006577,0.0,0.0,0.0,0.0,452.0,497.0,565.0,5.72,1,0.0
40173,40174,3,154osm_방어진_154-효문_154_3,0.000892,0.008122,0.006577,0.0,0.0,0.0,0.0,452.0,497.0,565.0,5.72,1,0.0
40173,40174,4,154osm_방어진_154-효문_154_4,0.000892,0.008122,0.006577,0.0,0.0,0.0,0.0,452.0,497.0,565.0,5.72,1,0.0
40126,40645,1,154osm_국사_154-봉명_154_1,0.00089,0.0081,0.00656,0.0,0.0,0.0,0.0,452.0,497.0,565.0,5.7,1,0.0
40126,40645,2,154osm_국사_154-봉명_154_2,0.00089,0.0081,0.00656,0.0,0.0,0.0,0.0,452.0,497.0,565.0,5.7,1,0.0
40126,40645,3,154osm_국사_154-봉명_154_3,0.00089,0.0081,0.00656,0.0,0.0,0.0,0.0,452.0,497.0,565.0,5.7,1,0.0
40126,40645,4,154osm_국사_154-봉명_154_4,0.00089,0.0081,0.00656,0.0,0.0,0.0,0.0,452.0,497.0,565.0,5.7,1,0.0
40343,40389,1,154osm_양곡_154-양촌_154_1,0.00085,0.007742,0.00627,0.0,0.0,0.0,0.0,452.0,497.0,565.0,5.45,1,0.0
40343,40389,2,154osm_양곡_154-양촌_154_2,0.00085,0.007742,0.00627,0.0,0.0,0.0,0.0,452.0,497.0,565.0,5.45,1,0.0
40408,40682,1,154osm_장덕_154-마도_154_1,0.000991,0.009019,0.007304,0.0,0.0,0.0,0.0,452.0,497.0,565.0,6.35,1,0.0
40408,40682,2,154osm_장덕_154-마도_154_2,0.000991,0.009019,0.007304,0.0,0.0,0.0,0.0,452.0,497.0,565.0,6.35,1,0.0
40523,40525,1,154osm_포항_154-왕신_154_1,0.000994,0.009045,0.007326,0.0,0.0,0.0,0.0,452.0,497.0,565.0,6.37,1,0.0
40523,40525,2,154osm_포항_154-왕신_154_2,0.000994,0.009045,0.007326,0.0,0.0,0.0,0.0,452.0,497.0,565.0,6.37,1,0.0
40070,40220,1,154osm_계양1_154-계양2_154_1,0.000794,0.007228,0.005853,0.0,0.0,0.0,0.0,452.0,497.0,565.0,5.09,1,0.0
40070,40220,2,154osm_계양1_154-계양2_154_2,0.000794,0.007228,0.005853,0.0,0.0,0.0,0.0,452.0,497.0,565.0,5.09,1,0.0
40070,40220,3,154osm_계양1_154-계양2_154_3,0.000794,0.007228,0.005853,0.0,0.0,0.0,0.0,452.0,497.0,565.0,5.09,1,0.0
40070,40220,4,154osm_계양1_154-계양2_154_4,0.000794,0.007228,0.005853,0.0,0.0,0.0,0.0,452.0,497.0,565.0,5.09,1,0.0
40607,40621,1,154osm_남원주_154-원주_154_1,0.000907,0.008253,0.006684,0.0,0.0,0.0,0.0,452.0,497.0,565.0,5.81,1,0.0
40441,40447,1,154osm_진건_154-덕소_154_1,0.000988,0.008991,0.007281,0.0,0.0,0.0,0.0,452.0,497.0,565.0,6.33,1,0.0
40441,40447,2,154osm_진건_154-덕소_154_2,0.000988,0.008991,0.007281,0.0,0.0,0.0,0.0,452.0,497.0,565.0,6.33,1,0.0
40133,40528,1,154osm_하양_154-와촌_154_1,0.000802,0.007299,0.005911,0.0,0.0,0.0,0.0,452.0,497.0,565.0,5.14,1,0.0
40133,40528,2,154osm_하양_154-와촌_154_2,0.000802,0.007299,0.005911,0.0,0.0,0.0,0.0,452.0,497.0,565.0,5.14,1,0.0
40177,40434,1,154osm_평택_154-청북_154_1,0.000789,0.007185,0.005819,0.0,0.0,0.0,0.0,452.0,497.0,565.0,5.06,1,0.0
40177,40434,2,154osm_평택_154-청북_154_2,0.000789,0.007185,0.005819,0.0,0.0,0.0,0.0,452.0,497.0,565.0,5.06,1,0.0
40177,40434,3,154osm_평택_154-청북_154_3,0.000789,0.007185,0.005819,0.0,0.0,0.0,0.0,452.0,497.0,565.0,5.06,1,0.0
40177,40434,4,154osm_평택_154-청북_154_4,0.000789,0.007185,0.005819,0.0,0.0,0.0,0.0,452.0,497.0,565.0,5.06,1,0.0
40277,40338,1,154osm_장기_154-신김포_154_1,0.000825,0.007512,0.006084,0.0,0.0,0.0,0.0,452.0,497.0,565.0,5.29,1,0.0
40277,40338,2,154osm_장기_154-신김포_154_2,0.000825,0.007512,0.006084,0.0,0.0,0.0,0.0,452.0,497.0,565.0,5.29,1,0.0
40277,40338,3,154osm_장기_154-신김포_154_3,0.000825,0.007512,0.006084,0.0,0.0,0.0,0.0,452.0,497.0,565.0,5.29,1,0.0
40277,40338,4,154osm_장기_154-신김포_154_4,0.000825,0.007512,0.006084,0.0,0.0,0.0,0.0,452.0,497.0,565.0,5.29,1,0.0
40097,40648,1,154osm_진천_154-덕산_154_1,0.000892,0.008123,0.006579,0.0,0.0,0.0,0.0,452.0,497.0,565.0,5.72,1,0.0
40097,40648,2,154osm_진천_154-덕산_154_2,0.000892,0.008123,0.006579,0.0,0.0,0.0,0.0,452.0,497.0,565.0,5.72,1,0.0
40274,40593,1,154osm_여천_154-화치_154_1,0.000844,0.007682,0.006222,0.0,0.0,0.0,0.0,452.0,497.0,565.0,5.41,1,0.0
40274,40593,2,154osm_여천_154-화치_154_2,0.000844,0.007682,0.006222,0.0,0.0,0.0,0.0,452.0,497.0,565.0,5.41,1,0.0
40274,40593,3,154osm_여천_154-화치_154_3,0.000844,0.007682,0.006222,0.0,0.0,0.0,0.0,452.0,497.0,565.0,5.41,1,0.0
40274,40593,4,154osm_여천_154-화치_154_4,0.000844,0.007682,0.006222,0.0,0.0,0.0,0.0,452.0,497.0,565.0,5.41,1,0.0
40302,40749,1,154osm_일동_154-북안산_154_1,0.000943,0.00858,0.006949,0.0,0.0,0.0,0.0,452.0,497.0,565.0,6.04,1,0.0
40302,40749,2,154osm_일동_154-북안산_154_2,0.000943,0.00858,0.006949,0.0,0.0,0.0,0.0,452.0,497.0,565.0,6.04,1,0.0
40408,40689,1,154osm_장덕_154-수원T2_154_1,0.000879,0.007998,0.006477,0.0,0.0,0.0,0.0,452.0,497.0,565.0,5.63,1,0.0
40408,40689,2,154osm_장덕_154-수원T2_154_2,0.000879,0.007998,0.006477,0.0,0.0,0.0,0.0,452.0,497.0,565.0,5.63,1,0.0
40326,40520,1,154osm_달서_154-다사_154_1,0.00035475,0.0038055,0.144157,0.0,0.0,0.0,0.0,430.0,473.0,538.0,6.45,1,6.45
40206,40241,1,154osm_태백T1_154-봉화_154_1,0.001084,0.009869,0.007992,0.0,0.0,0.0,0.0,452.0,497.0,565.0,6.95,1,0.0
40172,40174,1,154osm_매암_154-효문_154_1,0.00085,0.007739,0.006268,0.0,0.0,0.0,0.0,452.0,497.0,565.0,5.45,1,0.0
40068,40110,1,154osm_신용인_154-용인_154_1,0.000909,0.00827,0.006697,0.0,0.0,0.0,0.0,452.0,497.0,565.0,5.82,1,0.0
40068,40110,2,154osm_신용인_154-용인_154_2,0.000909,0.00827,0.006697,0.0,0.0,0.0,0.0,452.0,497.0,565.0,5.82,1,0.0
40331,40752,1,154osm_세종_154-부강_154_1,0.0009,0.008193,0.006635,0.0,0.0,0.0,0.0,452.0,497.0,565.0,5.77,1,0.0
40331,40752,2,154osm_세종_154-부강_154_2,0.0009,0.008193,0.006635,0.0,0.0,0.0,0.0,452.0,497.0,565.0,5.77,1,0.0
40331,40752,3,154osm_세종_154-부강_154_3,0.0009,0.008193,0.006635,0.0,0.0,0.0,0.0,452.0,497.0,565.0,5.77,1,0.0
40331,40752,4,154osm_세종_154-부강_154_4,0.0009,0.008193,0.006635,0.0,0.0,0.0,0.0,452.0,497.0,565.0,5.77,1,0.0
40520,40529,1,154osm_다사_154-왜관_154_1,0.00111,0.010106,0.008184,0.0,0.0,0.0,0.0,452.0,497.0,565.0,7.12,1,0.0
40520,40529,2,154osm_다사_154-왜관_154_2,0.00111,0.010106,0.008184,0.0,0.0,0.0,0.0,452.0,497.0,565.0,7.12,1,0.0
40138,40622,1,154osm_동해_154-이원_154_1,0.000847,0.007711,0.006244,0.0,0.0,0.0,0.0,452.0,497.0,565.0,5.43,1,0.0
40138,40622,2,154osm_동해_154-이원_154_2,0.000847,0.007711,0.006244,0.0,0.0,0.0,0.0,452.0,497.0,565.0,5.43,1,0.0
40128,40145,1,154osm_덕계_154-백석_154_1,0.000858,0.00781,0.006325,0.0,0.0,0.0,0.0,452.0,497.0,565.0,5.5,1,0.0
40128,40145,2,154osm_덕계_154-백석_154_2,0.000858,0.00781,0.006325,0.0,0.0,0.0,0.0,452.0,497.0,565.0,5.5,1,0.0
40128,40145,3,154osm_덕계_154-백석_154_3,0.000858,0.00781,0.006325,0.0,0.0,0.0,0.0,452.0,497.0,565.0,5.5,1,0.0
40128,40145,4,154osm_덕계_154-백석_154_4,0.000858,0.00781,0.006325,0.0,0.0,0.0,0.0,452.0,497.0,565.0,5.5,1,0.0
40465,40707,1,154osm_오포_154-성남T2_154_1,0.000863,0.007853,0.00636,0.0,0.0,0.0,0.0,452.0,497.0,565.0,5.53,1,0.0
40465,40707,2,154osm_오포_154-성남T2_154_2,0.000863,0.007853,0.00636,0.0,0.0,0.0,0.0,452.0,497.0,565.0,5.53,1,0.0
40465,40707,3,154osm_오포_154-성남T2_154_3,0.000863,0.007853,0.00636,0.0,0.0,0.0,0.0,452.0,497.0,565.0,5.53,1,0.0
40465,40707,4,154osm_오포_154-성남T2_154_4,0.000863,0.007853,0.00636,0.0,0.0,0.0,0.0,452.0,497.0,565.0,5.53,1,0.0
40135,40525,1,154osm_천북_154-왕신_154_1,0.001163,0.010588,0.008575,0.0,0.0,0.0,0.0,452.0,497.0,565.0,7.46,1,0.0
40135,40525,2,154osm_천북_154-왕신_154_2,0.001163,0.010588,0.008575,0.0,0.0,0.0,0.0,452.0,497.0,565.0,7.46,1,0.0
40135,40525,3,154osm_천북_154-왕신_154_3,0.001163,0.010588,0.008575,0.0,0.0,0.0,0.0,452.0,497.0,565.0,7.46,1,0.0
40135,40525,4,154osm_천북_154-왕신_154_4,0.001163,0.010588,0.008575,0.0,0.0,0.0,0.0,452.0,497.0,565.0,7.46,1,0.0
40311,40447,1,154osm_신장_154-덕소_154_1,0.000997,0.009076,0.00735,0.0,0.0,0.0,0.0,452.0,497.0,565.0,6.39,1,0.0
40311,40447,2,154osm_신장_154-덕소_154_2,0.000997,0.009076,0.00735,0.0,0.0,0.0,0.0,452.0,497.0,565.0,6.39,1,0.0
40311,40447,3,154osm_신장_154-덕소_154_3,0.000997,0.009076,0.00735,0.0,0.0,0.0,0.0,452.0,497.0,565.0,6.39,1,0.0
40311,40447,4,154osm_신장_154-덕소_154_4,0.000997,0.009076,0.00735,0.0,0.0,0.0,0.0,452.0,497.0,565.0,6.39,1,0.0
40570,40572,1,154osm_소라_154-여수_154_1,0.000881,0.008023,0.006498,0.0,0.0,0.0,0.0,452.0,497.0,565.0,5.65,1,0.0
40570,40572,2,154osm_소라_154-여수_154_2,0.000881,0.008023,0.006498,0.0,0.0,0.0,0.0,452.0,497.0,565.0,5.65,1,0.0
40245,40586,1,154osm_정왕_154-도림_154_1,0.001,0.009099,0.007369,0.0,0.0,0.0,0.0,452.0,497.0,565.0,6.41,1,0.0
40245,40586,2,154osm_정왕_154-도림_154_2,0.001,0.009099,0.007369,0.0,0.0,0.0,0.0,452.0,497.0,565.0,6.41,1,0.0
40245,40586,3,154osm_정왕_154-도림_154_3,0.001,0.009099,0.007369,0.0,0.0,0.0,0.0,452.0,497.0,565.0,6.41,1,0.0
40245,40586,4,154osm_정왕_154-도림_154_4,0.001,0.009099,0.007369,0.0,0.0,0.0,0.0,452.0,497.0,565.0,6.41,1,0.0
40238,40364,1,154osm_수색_154-불광_154_1,0.001172,0.01067,0.008641,0.0,0.0,0.0,0.0,452.0,497.0,565.0,7.51,1,0.0
40238,40364,2,154osm_수색_154-불광_154_2,0.001172,0.01067,0.008641,0.0,0.0,0.0,0.0,452.0,497.0,565.0,7.51,1,0.0
40235,40364,1,154osm_은평_154-불광_154_1,0.000939,0.008548,0.006923,0.0,0.0,0.0,0.0,452.0,497.0,565.0,6.02,1,0.0
40235,40364,2,154osm_은평_154-불광_154_2,0.000939,0.008548,0.006923,0.0,0.0,0.0,0.0,452.0,497.0,565.0,6.02,1,0.0
40107,40671,1,154osm_공주_154-서세종_154_1,0.001176,0.010706,0.00867,0.0,0.0,0.0,0.0,452.0,497.0,565.0,7.54,1,0.0
40107,40671,2,154osm_공주_154-서세종_154_2,0.001176,0.010706,0.00867,0.0,0.0,0.0,0.0,452.0,497.0,565.0,7.54,1,0.0
40000,40252,1,154osm_순천T1_154-서순천_154_1,0.000984,0.00896,0.007257,0.0,0.0,0.0,0.0,452.0,497.0,565.0,6.31,1,0.0
40237,40363,1,154osm_원흥_154-고양_154_1,0.00087923,0.00805181,0.018113,0.0,0.0,0.0,0.0,452.0,497.0,565.0,5.98,1,0.53
40237,40363,2,154osm_원흥_154-고양_154_2,0.00087923,0.00805181,0.018113,0.0,0.0,0.0,0.0,452.0,497.0,565.0,5.98,1,0.53
40430,40452,1,154osm_안동_154-동안동_154_1,0.001116,0.010154,0.008224,0.0,0.0,0.0,0.0,452.0,497.0,565.0,7.15,1,0.0
40430,40452,2,154osm_안동_154-동안동_154_2,0.001116,0.010154,0.008224,0.0,0.0,0.0,0.0,452.0,497.0,565.0,7.15,1,0.0
40198,40492,1,154osm_고성_154-안정_154_1,0.001154,0.010506,0.008509,0.0,0.0,0.0,0.0,452.0,497.0,565.0,7.4,1,0.0
40050,40183,1,154osm_탕정_154-한샘_154_1,0.000968,0.008815,0.007139,0.0,0.0,0.0,0.0,452.0,497.0,565.0,6.21,1,0.0
40050,40183,2,154osm_탕정_154-한샘_154_2,0.000968,0.008815,0.007139,0.0,0.0,0.0,0.0,452.0,497.0,565.0,6.21,1,0.0
40595,40765,1,154osm_삼호_154-대불_154_1,0.000992,0.009031,0.007314,0.0,0.0,0.0,0.0,452.0,497.0,565.0,6.36,1,0.0
40661,40710,1,154osm_언양_154-울산T9_154_1,0.001241,0.011297,0.009149,0.0,0.0,0.0,0.0,452.0,497.0,565.0,7.96,1,0.0
40661,40710,2,154osm_언양_154-울산T9_154_2,0.001241,0.011297,0.009149,0.0,0.0,0.0,0.0,452.0,497.0,565.0,7.96,1,0.0
40083,40369,1,154osm_신성남_154-신봉_154_1,0.001003,0.009131,0.007394,0.0,0.0,0.0,0.0,452.0,497.0,565.0,6.43,1,0.0
40083,40369,2,154osm_신성남_154-신봉_154_2,0.001003,0.009131,0.007394,0.0,0.0,0.0,0.0,452.0,497.0,565.0,6.43,1,0.0
40083,40369,3,154osm_신성남_154-신봉_154_3,0.001003,0.009131,0.007394,0.0,0.0,0.0,0.0,452.0,497.0,565.0,6.43,1,0.0
40083,40369,4,154osm_신성남_154-신봉_154_4,0.001003,0.009131,0.007394,0.0,0.0,0.0,0.0,452.0,497.0,565.0,6.43,1,0.0
40620,40630,1,154osm_정주_154-정공_154_1,0.001005,0.009146,0.007407,0.0,0.0,0.0,0.0,452.0,497.0,565.0,6.44,1,0.0
40620,40630,2,154osm_정주_154-정공_154_2,0.001005,0.009146,0.007407,0.0,0.0,0.0,0.0,452.0,497.0,565.0,6.44,1,0.0
40620,40630,3,154osm_정주_154-정공_154_3,0.001005,0.009146,0.007407,0.0,0.0,0.0,0.0,452.0,497.0,565.0,6.44,1,0.0
40620,40630,4,154osm_정주_154-정공_154_4,0.001005,0.009146,0.007407,0.0,0.0,0.0,0.0,452.0,497.0,565.0,6.44,1,0.0
40315,40327,1,154osm_장재_154-풍세_154_1,0.000941703,0.00863842,0.0229625,0.0,0.0,0.0,0.0,452.0,497.0,565.0,6.51,1,0.73
40315,40327,2,154osm_장재_154-풍세_154_2,0.000941703,0.00863842,0.0229625,0.0,0.0,0.0,0.0,452.0,497.0,565.0,6.51,1,0.73
40315,40327,3,154osm_장재_154-풍세_154_3,0.000941703,0.00863842,0.0229625,0.0,0.0,0.0,0.0,452.0,497.0,565.0,6.51,1,0.73
40315,40327,4,154osm_장재_154-풍세_154_4,0.000941703,0.00863842,0.0229625,0.0,0.0,0.0,0.0,452.0,497.0,565.0,6.51,1,0.73
40103,40497,1,154osm_신마산_154-중리_154_1,0.001057,0.009625,0.007795,0.0,0.0,0.0,0.0,452.0,497.0,565.0,6.78,1,0.0
40084,40269,1,154osm_신계룡_154-가수원_154_1,0.001233,0.011225,0.009091,0.0,0.0,0.0,0.0,452.0,497.0,565.0,7.9,1,0.0
40084,40269,2,154osm_신계룡_154-가수원_154_2,0.001233,0.011225,0.009091,0.0,0.0,0.0,0.0,452.0,497.0,565.0,7.9,1,0.0
40084,40269,3,154osm_신계룡_154-가수원_154_3,0.001233,0.011225,0.009091,0.0,0.0,0.0,0.0,452.0,497.0,565.0,7.9,1,0.0
40084,40269,4,154osm_신계룡_154-가수원_154_4,0.001233,0.011225,0.009091,0.0,0.0,0.0,0.0,452.0,497.0,565.0,7.9,1,0.0
40655,40667,1,154osm_신일_154-신탄진_154_1,0.001042,0.009486,0.007682,0.0,0.0,0.0,0.0,452.0,497.0,565.0,6.68,1,0.0
40377,40486,1,154osm_홍성_154-응봉_154_1,0.001392,0.012671,0.010262,0.0,0.0,0.0,0.0,452.0,497.0,565.0,8.92,1,0.0
40377,40486,2,154osm_홍성_154-응봉_154_2,0.001392,0.012671,0.010262,0.0,0.0,0.0,0.0,452.0,497.0,565.0,8.92,1,0.0
40464,40468,1,154osm_오천_154-율현_154_1,0.001256,0.011436,0.009262,0.0,0.0,0.0,0.0,452.0,497.0,565.0,8.05,1,0.0
40464,40468,2,154osm_오천_154-율현_154_2,0.001256,0.011436,0.009262,0.0,0.0,0.0,0.0,452.0,497.0,565.0,8.05,1,0.0
40464,40468,3,154osm_오천_154-율현_154_3,0.001256,0.011436,0.009262,0.0,0.0,0.0,0.0,452.0,497.0,565.0,8.05,1,0.0
40464,40468,4,154osm_오천_154-율현_154_4,0.001256,0.011436,0.009262,0.0,0.0,0.0,0.0,452.0,497.0,565.0,8.05,1,0.0
40070,40556,1,154osm_계양1_154-북인천_154_1,0.001143,0.010401,0.008423,0.0,0.0,0.0,0.0,452.0,497.0,565.0,7.32,1,0.0
40070,40556,2,154osm_계양1_154-북인천_154_2,0.001143,0.010401,0.008423,0.0,0.0,0.0,0.0,452.0,497.0,565.0,7.32,1,0.0
40057,40524,1,154osm_울주_154-입실_154_1,0.001165,0.010608,0.008591,0.0,0.0,0.0,0.0,452.0,497.0,565.0,7.47,1,0.0
40057,40524,2,154osm_울주_154-입실_154_2,0.001165,0.010608,0.008591,0.0,0.0,0.0,0.0,452.0,497.0,565.0,7.47,1,0.0
40057,40524,3,154osm_울주_154-입실_154_3,0.001165,0.010608,0.008591,0.0,0.0,0.0,0.0,452.0,497.0,565.0,7.47,1,0.0
40057,40524,4,154osm_울주_154-입실_154_4,0.001165,0.010608,0.008591,0.0,0.0,0.0,0.0,452.0,497.0,565.0,7.47,1,0.0
40089,40090,1,154osm_이리_154-군산_154_1,0.00100552,0.00929262,0.0414275,0.0,0.0,0.0,0.0,452.0,497.0,565.0,7.45,1,1.55
40089,40090,2,154osm_이리_154-군산_154_2,0.00100552,0.00929262,0.0414275,0.0,0.0,0.0,0.0,452.0,497.0,565.0,7.45,1,1.55
40089,40090,3,154osm_이리_154-군산_154_3,0.00100552,0.00929262,0.0414275,0.0,0.0,0.0,0.0,452.0,497.0,565.0,7.45,1,1.55
40089,40090,4,154osm_이리_154-군산_154_4,0.00100552,0.00929262,0.0414275,0.0,0.0,0.0,0.0,452.0,497.0,565.0,7.45,1,1.55
40283,40626,1,154osm_태백_154-도계_154_1,0.001276,0.011615,0.009406,0.0,0.0,0.0,0.0,452.0,497.0,565.0,8.18,1,0.0
40283,40626,2,154osm_태백_154-도계_154_2,0.001276,0.011615,0.009406,0.0,0.0,0.0,0.0,452.0,497.0,565.0,8.18,1,0.0
40660,40661,1,154osm_반천_154-언양_154_1,0.001053,0.009585,0.007763,0.0,0.0,0.0,0.0,452.0,497.0,565.0,6.75,1,0.0
40660,40661,2,154osm_반천_154-언양_154_2,0.001053,0.009585,0.007763,0.0,0.0,0.0,0.0,452.0,497.0,565.0,6.75,1,0.0
40604,40606,1,154osm_서원주_154-북원주_154_1,0.00102383,0.00937003,0.019618,0.0,0.0,0.0,0.0,452.0,497.0,565.0,6.92,1,0.55
40604,40606,2,154osm_서원주_154-북원주_154_2,0.00102383,0.00937003,0.019618,0.0,0.0,0.0,0.0,452.0,497.0,565.0,6.92,1,0.55
40604,40606,3,154osm_서원주_154-북원주_154_3,0.00102383,0.00937003,0.019618,0.0,0.0,0.0,0.0,452.0,497.0,565.0,6.92,1,0.55
40604,40606,4,154osm_서원주_154-북원주_154_4,0.00102383,0.00937003,0.019618,0.0,0.0,0.0,0.0,452.0,497.0,565.0,6.92,1,0.55
40337,40754,1,154osm_신영일_154-서포항_154_1,0.001208,0.010994,0.008903,0.0,0.0,0.0,0.0,452.0,497.0,565.0,7.74,1,0.0
40337,40754,2,154osm_신영일_154-서포항_154_2,0.001208,0.010994,0.008903,0.0,0.0,0.0,0.0,452.0,497.0,565.0,7.74,1,0.0
40337,40754,3,154osm_신영일_154-서포항_154_3,0.001208,0.010994,0.008903,0.0,0.0,0.0,0.0,452.0,497.0,565.0,7.74,1,0.0
40337,40754,4,154osm_신영일_154-서포항_154_4,0.001208,0.010994,0.008903,0.0,0.0,0.0,0.0,452.0,497.0,565.0,7.74,1,0.0
40100,40615,1,154osm_신남원_154-남원_154_1,0.001202,0.010937,0.008858,0.0,0.0,0.0,0.0,452.0,497.0,565.0,7.7,1,0.0
40273,40693,1,154osm_서산_154-성연_154_1,0.001017,0.009258,0.007498,0.0,0.0,0.0,0.0,452.0,497.0,565.0,6.52,1,0.0
40273,40693,2,154osm_서산_154-성연_154_2,0.001017,0.009258,0.007498,0.0,0.0,0.0,0.0,452.0,497.0,565.0,6.52,1,0.0
40273,40693,3,154osm_서산_154-성연_154_3,0.001017,0.009258,0.007498,0.0,0.0,0.0,0.0,452.0,497.0,565.0,6.52,1,0.0
40273,40693,4,154osm_서산_154-성연_154_4,0.001017,0.009258,0.007498,0.0,0.0,0.0,0.0,452.0,497.0,565.0,6.52,1,0.0
40125,40224,1,154osm_은진_154-논산_154_1,0.001129,0.010279,0.008325,0.0,0.0,0.0,0.0,452.0,497.0,565.0,7.24,1,0.0
40125,40224,2,154osm_은진_154-논산_154_2,0.001129,0.010279,0.008325,0.0,0.0,0.0,0.0,452.0,497.0,565.0,7.24,1,0.0
40062,40484,1,154osm_신옥천_154-남대전_154_1,0.00103961,0.00951903,0.021051,0.0,0.0,0.0,0.0,452.0,497.0,565.0,7.06,1,0.61
40062,40484,2,154osm_신옥천_154-남대전_154_2,0.00103961,0.00951903,0.021051,0.0,0.0,0.0,0.0,452.0,497.0,565.0,7.06,1,0.61
40653,40654,1,154osm_옥천1_154-옥천2_154_1,0.001313,0.011954,0.009681,0.0,0.0,0.0,0.0,452.0,497.0,565.0,8.42,1,0.0
40118,40327,1,154osm_온양_154-풍세_154_1,0.001064,0.009684,0.007843,0.0,0.0,0.0,0.0,452.0,497.0,565.0,6.82,1,0.0
40118,40327,2,154osm_온양_154-풍세_154_2,0.001064,0.009684,0.007843,0.0,0.0,0.0,0.0,452.0,497.0,565.0,6.82,1,0.0
40118,40327,3,154osm_온양_154-풍세_154_3,0.001064,0.009684,0.007843,0.0,0.0,0.0,0.0,452.0,497.0,565.0,6.82,1,0.0
40118,40327,4,154osm_온양_154-풍세_154_4,0.001064,0.009684,0.007843,0.0,0.0,0.0,0.0,452.0,497.0,565.0,6.82,1,0.0
40166,40575,1,154osm_남광주_154-충장_154_1,0.0003817,0.0040946,0.155109,0.0,0.0,0.0,0.0,430.0,473.0,538.0,6.94,1,6.94
40166,40575,2,154osm_남광주_154-충장_154_2,0.0003817,0.0040946,0.155109,0.0,0.0,0.0,0.0,430.0,473.0,538.0,6.94,1,6.94
40146,40367,1,154osm_금촌_154-월롱_154_1,0.001228,0.01118,0.009055,0.0,0.0,0.0,0.0,452.0,497.0,565.0,7.87,1,0.0
40146,40367,2,154osm_금촌_154-월롱_154_2,0.001228,0.01118,0.009055,0.0,0.0,0.0,0.0,452.0,497.0,565.0,7.87,1,0.0
40638,40639,1,154osm_오송_154-서청주_154_1,0.001315,0.01197,0.009694,0.0,0.0,0.0,0.0,452.0,497.0,565.0,8.43,1,0.0
40638,40639,2,154osm_오송_154-서청주_154_2,0.001315,0.01197,0.009694,0.0,0.0,0.0,0.0,452.0,497.0,565.0,8.43,1,0.0
40537,40539,1,154osm_남인동_154-금전_154_1,0.0011,0.010011,0.008108,0.0,0.0,0.0,0.0,452.0,497.0,565.0,7.05,1,0.0
40537,40539,2,154osm_남인동_154-금전_154_2,0.0011,0.010011,0.008108,0.0,0.0,0.0,0.0,452.0,497.0,565.0,7.05,1,0.0
40537,40539,3,154osm_남인동_154-금전_154_3,0.0011,0.010011,0.008108,0.0,0.0,0.0,0.0,452.0,497.0,565.0,7.05,1,0.0
40537,40539,4,154osm_남인동_154-금전_154_4,0.0011,0.010011,0.008108,0.0,0.0,0.0,0.0,452.0,497.0,565.0,7.05,1,0.0
40148,40271,1,154osm_덕진_154-월산_154_1,0.001281,0.011656,0.00944,0.0,0.0,0.0,0.0,452.0,497.0,565.0,8.21,1,0.0
40282,40361,1,154osm_서안성_154-남사_154_1,0.001094,0.009954,0.008061,0.0,0.0,0.0,0.0,452.0,497.0,565.0,7.01,1,0.0
40282,40361,2,154osm_서안성_154-남사_154_2,0.001094,0.009954,0.008061,0.0,0.0,0.0,0.0,452.0,497.0,565.0,7.01,1,0.0
40282,40361,3,154osm_서안성_154-남사_154_3,0.001094,0.009954,0.008061,0.0,0.0,0.0,0.0,452.0,497.0,565.0,7.01,1,0.0
40282,40361,4,154osm_서안성_154-남사_154_4,0.001094,0.009954,0.008061,0.0,0.0,0.0,0.0,452.0,497.0,565.0,7.01,1,0.0
40126,40639,1,154osm_국사_154-서청주_154_1,0.00112,0.010196,0.008257,0.0,0.0,0.0,0.0,452.0,497.0,565.0,7.18,1,0.0
40126,40639,2,154osm_국사_154-서청주_154_2,0.00112,0.010196,0.008257,0.0,0.0,0.0,0.0,452.0,497.0,565.0,7.18,1,0.0
40001,40445,1,154osm_화양_154-구리_154_1,0.001106,0.010068,0.008153,0.0,0.0,0.0,0.0,452.0,497.0,565.0,7.09,1,0.0
40001,40445,2,154osm_화양_154-구리_154_2,0.001106,0.010068,0.008153,0.0,0.0,0.0,0.0,452.0,497.0,565.0,7.09,1,0.0
40328,40542,1,154osm_선산_154-구미_154_1,0.001277,0.01162,0.00941,0.0,0.0,0.0,0.0,452.0,497.0,565.0,8.18,1,0.0
40328,40542,2,154osm_선산_154-구미_154_2,0.001277,0.01162,0.00941,0.0,0.0,0.0,0.0,452.0,497.0,565.0,8.18,1,0.0
40328,40542,3,154osm_선산_154-구미_154_3,0.001277,0.01162,0.00941,0.0,0.0,0.0,0.0,452.0,497.0,565.0,8.18,1,0.0
40328,40542,4,154osm_선산_154-구미_154_4,0.001277,0.01162,0.00941,0.0,0.0,0.0,0.0,452.0,497.0,565.0,8.18,1,0.0
40095,40282,1,154osm_안성_154-서안성_154_1,0.001368,0.012455,0.010087,0.0,0.0,0.0,0.0,452.0,497.0,565.0,8.77,1,0.0
40095,40282,2,154osm_안성_154-서안성_154_2,0.001368,0.012455,0.010087,0.0,0.0,0.0,0.0,452.0,497.0,565.0,8.77,1,0.0
40101,40612,1,154osm_신김제_154-남전주_154_1,0.001274,0.011601,0.009395,0.0,0.0,0.0,0.0,452.0,497.0,565.0,8.17,1,0.0
40101,40612,2,154osm_신김제_154-남전주_154_2,0.001274,0.011601,0.009395,0.0,0.0,0.0,0.0,452.0,497.0,565.0,8.17,1,0.0
40101,40612,3,154osm_신김제_154-남전주_154_3,0.001274,0.011601,0.009395,0.0,0.0,0.0,0.0,452.0,497.0,565.0,8.17,1,0.0
40101,40612,4,154osm_신김제_154-남전주_154_4,0.001274,0.011601,0.009395,0.0,0.0,0.0,0.0,452.0,497.0,565.0,8.17,1,0.0
40119,40465,1,154osm_성현_154-오포_154_1,0.001395,0.012696,0.010282,0.0,0.0,0.0,0.0,452.0,497.0,565.0,8.94,1,0.0
40119,40465,2,154osm_성현_154-오포_154_2,0.001395,0.012696,0.010282,0.0,0.0,0.0,0.0,452.0,497.0,565.0,8.94,1,0.0
40119,40465,3,154osm_성현_154-오포_154_3,0.001395,0.012696,0.010282,0.0,0.0,0.0,0.0,452.0,497.0,565.0,8.94,1,0.0
40119,40465,4,154osm_성현_154-오포_154_4,0.001395,0.012696,0.010282,0.0,0.0,0.0,0.0,452.0,497.0,565.0,8.94,1,0.0
40144,40146,1,154osm_신덕은_154-금촌_154_1,0.001119,0.010181,0.008245,0.0,0.0,0.0,0.0,452.0,497.0,565.0,7.17,1,0.0
40144,40146,2,154osm_신덕은_154-금촌_154_2,0.001119,0.010181,0.008245,0.0,0.0,0.0,0.0,452.0,497.0,565.0,7.17,1,0.0
40144,40146,3,154osm_신덕은_154-금촌_154_3,0.001119,0.010181,0.008245,0.0,0.0,0.0,0.0,452.0,497.0,565.0,7.17,1,0.0
40144,40146,4,154osm_신덕은_154-금촌_154_4,0.001119,0.010181,0.008245,0.0,0.0,0.0,0.0,452.0,497.0,565.0,7.17,1,0.0
40409,40682,1,154osm_사강_154-마도_154_1,0.001159,0.010551,0.008545,0.0,0.0,0.0,0.0,452.0,497.0,565.0,7.43,1,0.0
40409,40682,2,154osm_사강_154-마도_154_2,0.001159,0.010551,0.008545,0.0,0.0,0.0,0.0,452.0,497.0,565.0,7.43,1,0.0
40177,40432,1,154osm_평택_154-팽성_154_1,0.001244,0.011327,0.009173,0.0,0.0,0.0,0.0,452.0,497.0,565.0,7.98,1,0.0
40177,40432,2,154osm_평택_154-팽성_154_2,0.001244,0.011327,0.009173,0.0,0.0,0.0,0.0,452.0,497.0,565.0,7.98,1,0.0
40060,40270,1,154osm_신온산_154-성암_154_1,0.001159,0.010551,0.008545,0.0,0.0,0.0,0.0,452.0,497.0,565.0,7.43,1,0.0
40060,40270,2,154osm_신온산_154-성암_154_2,0.001159,0.010551,0.008545,0.0,0.0,0.0,0.0,452.0,497.0,565.0,7.43,1,0.0
40060,40270,3,154osm_신온산_154-성암_154_3,0.001159,0.010551,0.008545,0.0,0.0,0.0,0.0,452.0,497.0,565.0,7.43,1,0.0
40060,40270,4,154osm_신온산_154-성암_154_4,0.001159,0.010551,0.008545,0.0,0.0,0.0,0.0,452.0,497.0,565.0,7.43,1,0.0
40097,40115,1,154osm_진천_154-신진천_154_1,0.001296,0.011801,0.009557,0.0,0.0,0.0,0.0,452.0,497.0,565.0,8.31,1,0.0
40097,40115,2,154osm_진천_154-신진천_154_2,0.001296,0.011801,0.009557,0.0,0.0,0.0,0.0,452.0,497.0,565.0,8.31,1,0.0
40104,40705,1,154osm_신양산_154-수영_154_1,0.00133,0.012104,0.009803,0.0,0.0,0.0,0.0,452.0,497.0,565.0,8.52,1,0.0
40104,40705,2,154osm_신양산_154-수영_154_2,0.00133,0.012104,0.009803,0.0,0.0,0.0,0.0,452.0,497.0,565.0,8.52,1,0.0
40104,40705,3,154osm_신양산_154-수영_154_3,0.00133,0.012104,0.009803,0.0,0.0,0.0,0.0,452.0,497.0,565.0,8.52,1,0.0
40104,40705,4,154osm_신양산_154-수영_154_4,0.00133,0.012104,0.009803,0.0,0.0,0.0,0.0,452.0,497.0,565.0,8.52,1,0.0
40164,40488,1,154osm_미남_154-개금_154_1,0.001164,0.010593,0.008579,0.0,0.0,0.0,0.0,452.0,497.0,565.0,7.46,1,0.0
40104,40704,1,154osm_신양산_154-구서_154_1,0.001178,0.010721,0.008682,0.0,0.0,0.0,0.0,452.0,497.0,565.0,7.55,1,0.0
40104,40704,2,154osm_신양산_154-구서_154_2,0.001178,0.010721,0.008682,0.0,0.0,0.0,0.0,452.0,497.0,565.0,7.55,1,0.0
40104,40704,3,154osm_신양산_154-구서_154_3,0.001178,0.010721,0.008682,0.0,0.0,0.0,0.0,452.0,497.0,565.0,7.55,1,0.0
40104,40704,4,154osm_신양산_154-구서_154_4,0.001178,0.010721,0.008682,0.0,0.0,0.0,0.0,452.0,497.0,565.0,7.55,1,0.0
40098,40639,1,154osm_청원_154-서청주_154_1,0.001432,0.013039,0.010559,0.0,0.0,0.0,0.0,452.0,497.0,565.0,9.18,1,0.0
40098,40639,2,154osm_청원_154-서청주_154_2,0.001432,0.013039,0.010559,0.0,0.0,0.0,0.0,452.0,497.0,565.0,9.18,1,0.0
40185,40331,1,154osm_세종T1_154-세종_154_1,0.001161,0.010565,0.008556,0.0,0.0,0.0,0.0,452.0,497.0,565.0,7.44,1,0.0
40185,40331,2,154osm_세종T1_154-세종_154_2,0.001161,0.010565,0.008556,0.0,0.0,0.0,0.0,452.0,497.0,565.0,7.44,1,0.0
40062,40473,1,154osm_신옥천_154-추부_154_1,0.001357,0.012355,0.010006,0.0,0.0,0.0,0.0,452.0,497.0,565.0,8.7,1,0.0
40062,40473,2,154osm_신옥천_154-추부_154_2,0.001357,0.012355,0.010006,0.0,0.0,0.0,0.0,452.0,497.0,565.0,8.7,1,0.0
40062,40473,3,154osm_신옥천_154-추부_154_3,0.001357,0.012355,0.010006,0.0,0.0,0.0,0.0,452.0,497.0,565.0,8.7,1,0.0
40062,40473,4,154osm_신옥천_154-추부_154_4,0.001357,0.012355,0.010006,0.0,0.0,0.0,0.0,452.0,497.0,565.0,8.7,1,0.0
40127,40448,1,154osm_동두천_154-옥정_154_1,0.001179,0.010735,0.008694,0.0,0.0,0.0,0.0,452.0,497.0,565.0,7.56,1,0.0
40127,40448,2,154osm_동두천_154-옥정_154_2,0.001179,0.010735,0.008694,0.0,0.0,0.0,0.0,452.0,497.0,565.0,7.56,1,0.0
40127,40448,3,154osm_동두천_154-옥정_154_3,0.001179,0.010735,0.008694,0.0,0.0,0.0,0.0,452.0,497.0,565.0,7.56,1,0.0
40127,40448,4,154osm_동두천_154-옥정_154_4,0.001179,0.010735,0.008694,0.0,0.0,0.0,0.0,452.0,497.0,565.0,7.56,1,0.0
40429,40688,1,154osm_강화_154-서강화_154_1,0.001255,0.011423,0.009251,0.0,0.0,0.0,0.0,452.0,497.0,565.0,8.04,1,0.0
40429,40688,2,154osm_강화_154-서강화_154_2,0.001255,0.011423,0.009251,0.0,0.0,0.0,0.0,452.0,497.0,565.0,8.04,1,0.0
40066,40116,1,154osm_인주_154-아산_154_1,0.001179,0.010735,0.008694,0.0,0.0,0.0,0.0,452.0,497.0,565.0,7.56,1,0.0
40066,40116,2,154osm_인주_154-아산_154_2,0.001179,0.010735,0.008694,0.0,0.0,0.0,0.0,452.0,497.0,565.0,7.56,1,0.0
40066,40116,3,154osm_인주_154-아산_154_3,0.001179,0.010735,0.008694,0.0,0.0,0.0,0.0,452.0,497.0,565.0,7.56,1,0.0
40066,40116,4,154osm_인주_154-아산_154_4,0.001179,0.010735,0.008694,0.0,0.0,0.0,0.0,452.0,497.0,565.0,7.56,1,0.0
40108,40478,1,154osm_마천_154-진해_154_1,0.001177,0.010715,0.008677,0.0,0.0,0.0,0.0,452.0,497.0,565.0,7.55,1,0.0
40108,40478,2,154osm_마천_154-진해_154_2,0.001177,0.010715,0.008677,0.0,0.0,0.0,0.0,452.0,497.0,565.0,7.55,1,0.0
40149,40657,1,154osm_용운_154-대화_154_1,0.001212,0.011033,0.008935,0.0,0.0,0.0,0.0,452.0,497.0,565.0,7.77,1,0.0
40149,40657,2,154osm_용운_154-대화_154_2,0.001212,0.011033,0.008935,0.0,0.0,0.0,0.0,452.0,497.0,565.0,7.77,1,0.0
40139,40652,1,154osm_신제천_154-왕암_154_1,0.001215,0.011062,0.008958,0.0,0.0,0.0,0.0,452.0,497.0,565.0,7.79,1,0.0
40139,40652,2,154osm_신제천_154-왕암_154_2,0.001215,0.011062,0.008958,0.0,0.0,0.0,0.0,452.0,497.0,565.0,7.79,1,0.0
40139,40652,3,154osm_신제천_154-왕암_154_3,0.001215,0.011062,0.008958,0.0,0.0,0.0,0.0,452.0,497.0,565.0,7.79,1,0.0
40139,40652,4,154osm_신제천_154-왕암_154_4,0.001215,0.011062,0.008958,0.0,0.0,0.0,0.0,452.0,497.0,565.0,7.79,1,0.0
40139,40746,1,154osm_신제천_154-영월T1_154_1,0.001543,0.014044,0.011373,0.0,0.0,0.0,0.0,452.0,497.0,565.0,9.89,1,0.0
40319,40352,1,154osm_합천T1_154-합천_154_1,0.001518,0.013817,0.01119,0.0,0.0,0.0,0.0,452.0,497.0,565.0,9.73,1,0.0
40319,40352,2,154osm_합천T1_154-합천_154_2,0.001518,0.013817,0.01119,0.0,0.0,0.0,0.0,452.0,497.0,565.0,9.73,1,0.0
40098,40117,1,154osm_청원_154-청주T1_154_1,0.001364,0.012419,0.010057,0.0,0.0,0.0,0.0,452.0,497.0,565.0,8.75,1,0.0
40098,40117,2,154osm_청원_154-청주T1_154_2,0.001364,0.012419,0.010057,0.0,0.0,0.0,0.0,452.0,497.0,565.0,8.75,1,0.0
40072,40115,1,154osm_동천안_154-신진천_154_1,0.001289,0.011729,0.009499,0.0,0.0,0.0,0.0,452.0,497.0,565.0,8.26,1,0.0
40072,40115,2,154osm_동천안_154-신진천_154_2,0.001289,0.011729,0.009499,0.0,0.0,0.0,0.0,452.0,497.0,565.0,8.26,1,0.0
40072,40115,3,154osm_동천안_154-신진천_154_3,0.001289,0.011729,0.009499,0.0,0.0,0.0,0.0,452.0,497.0,565.0,8.26,1,0.0
40072,40115,4,154osm_동천안_154-신진천_154_4,0.001289,0.011729,0.009499,0.0,0.0,0.0,0.0,452.0,497.0,565.0,8.26,1,0.0
40495,40697,1,154osm_한림정_154-김해T1_154_1,0.001256,0.011431,0.009258,0.0,0.0,0.0,0.0,452.0,497.0,565.0,8.05,1,0.0
40485,40745,1,154osm_신월_154-의창_154_1,0.00127,0.011559,0.009361,0.0,0.0,0.0,0.0,452.0,497.0,565.0,8.14,1,0.0
40485,40745,2,154osm_신월_154-의창_154_2,0.00127,0.011559,0.009361,0.0,0.0,0.0,0.0,452.0,497.0,565.0,8.14,1,0.0
40056,40192,1,154osm_신포항_154-상정_154_1,0.001271,0.011571,0.009371,0.0,0.0,0.0,0.0,452.0,497.0,565.0,8.15,1,0.0
40056,40192,2,154osm_신포항_154-상정_154_2,0.001271,0.011571,0.009371,0.0,0.0,0.0,0.0,452.0,497.0,565.0,8.15,1,0.0
40055,40212,1,154osm_원정_154-포승_154_1,0.00125,0.011374,0.009211,0.0,0.0,0.0,0.0,452.0,497.0,565.0,8.01,1,0.0
40055,40212,2,154osm_원정_154-포승_154_2,0.00125,0.011374,0.009211,0.0,0.0,0.0,0.0,452.0,497.0,565.0,8.01,1,0.0
40055,40212,3,154osm_원정_154-포승_154_3,0.00125,0.011374,0.009211,0.0,0.0,0.0,0.0,452.0,497.0,565.0,8.01,1,0.0
40055,40212,4,154osm_원정_154-포승_154_4,0.00125,0.011374,0.009211,0.0,0.0,0.0,0.0,452.0,497.0,565.0,8.01,1,0.0
40207,40214,1,154osm_하남_154-평동_154_1,0.001402,0.012759,0.010333,0.0,0.0,0.0,0.0,452.0,497.0,565.0,8.99,1,0.0
40207,40214,2,154osm_하남_154-평동_154_2,0.001402,0.012759,0.010333,0.0,0.0,0.0,0.0,452.0,497.0,565.0,8.99,1,0.0
40505,40522,1,154osm_북포항_154-흥해_154_1,0.001279,0.011644,0.00943,0.0,0.0,0.0,0.0,452.0,497.0,565.0,8.2,1,0.0
40505,40522,2,154osm_북포항_154-흥해_154_2,0.001279,0.011644,0.00943,0.0,0.0,0.0,0.0,452.0,497.0,565.0,8.2,1,0.0
40505,40522,3,154osm_북포항_154-흥해_154_3,0.001279,0.011644,0.00943,0.0,0.0,0.0,0.0,452.0,497.0,565.0,8.2,1,0.0
40505,40522,4,154osm_북포항_154-흥해_154_4,0.001279,0.011644,0.00943,0.0,0.0,0.0,0.0,452.0,497.0,565.0,8.2,1,0.0
40109,40755,1,154osm_장유_154-지사_154_1,0.001315,0.011971,0.009694,0.0,0.0,0.0,0.0,452.0,497.0,565.0,8.43,1,0.0
40109,40755,2,154osm_장유_154-지사_154_2,0.001315,0.011971,0.009694,0.0,0.0,0.0,0.0,452.0,497.0,565.0,8.43,1,0.0
40250,40573,1,154osm_태금_154-백운_154_1,0.001278,0.01163,0.009418,0.0,0.0,0.0,0.0,452.0,497.0,565.0,8.19,1,0.0
40250,40573,2,154osm_태금_154-백운_154_2,0.001278,0.01163,0.009418,0.0,0.0,0.0,0.0,452.0,497.0,565.0,8.19,1,0.0
40106,40571,1,154osm_순천_154-율촌_154_1,0.001382,0.012581,0.010189,0.0,0.0,0.0,0.0,452.0,497.0,565.0,8.86,1,0.0
40106,40571,2,154osm_순천_154-율촌_154_2,0.001382,0.012581,0.010189,0.0,0.0,0.0,0.0,452.0,497.0,565.0,8.86,1,0.0
40207,40217,1,154osm_하남_154-장성_154_1,0.001373,0.012496,0.01012,0.0,0.0,0.0,0.0,452.0,497.0,565.0,8.8,1,0.0
40207,40217,2,154osm_하남_154-장성_154_2,0.001373,0.012496,0.01012,0.0,0.0,0.0,0.0,452.0,497.0,565.0,8.8,1,0.0
40207,40217,3,154osm_하남_154-장성_154_3,0.001373,0.012496,0.01012,0.0,0.0,0.0,0.0,452.0,497.0,565.0,8.8,1,0.0
40207,40217,4,154osm_하남_154-장성_154_4,0.001373,0.012496,0.01012,0.0,0.0,0.0,0.0,452.0,497.0,565.0,8.8,1,0.0
40160,40403,1,154osm_신포천_154-포천_154_1,0.00131,0.011928,0.00966,0.0,0.0,0.0,0.0,452.0,497.0,565.0,8.4,1,0.0
40160,40403,2,154osm_신포천_154-포천_154_2,0.00131,0.011928,0.00966,0.0,0.0,0.0,0.0,452.0,497.0,565.0,8.4,1,0.0
40160,40403,3,154osm_신포천_154-포천_154_3,0.00131,0.011928,0.00966,0.0,0.0,0.0,0.0,452.0,497.0,565.0,8.4,1,0.0
40160,40403,4,154osm_신포천_154-포천_154_4,0.00131,0.011928,0.00966,0.0,0.0,0.0,0.0,452.0,497.0,565.0,8.4,1,0.0
40332,40334,1,154osm_당진_154-송악_154_1,0.001391,0.012659,0.010252,0.0,0.0,0.0,0.0,452.0,497.0,565.0,8.91,1,0.0
40332,40334,2,154osm_당진_154-송악_154_2,0.001391,0.012659,0.010252,0.0,0.0,0.0,0.0,452.0,497.0,565.0,8.91,1,0.0
40332,40334,3,154osm_당진_154-송악_154_3,0.001391,0.012659,0.010252,0.0,0.0,0.0,0.0,452.0,497.0,565.0,8.91,1,0.0
40332,40334,4,154osm_당진_154-송악_154_4,0.001391,0.012659,0.010252,0.0,0.0,0.0,0.0,452.0,497.0,565.0,8.91,1,0.0
40657,40667,1,154osm_대화_154-신탄진_154_1,0.001326,0.01207,0.009775,0.0,0.0,0.0,0.0,452.0,497.0,565.0,8.5,1,0.0
40657,40667,2,154osm_대화_154-신탄진_154_2,0.001326,0.01207,0.009775,0.0,0.0,0.0,0.0,452.0,497.0,565.0,8.5,1,0.0
40062,40149,1,154osm_신옥천_154-용운_154_1,0.001367,0.012439,0.010074,0.0,0.0,0.0,0.0,452.0,497.0,565.0,8.76,1,0.0
40062,40149,2,154osm_신옥천_154-용운_154_2,0.001367,0.012439,0.010074,0.0,0.0,0.0,0.0,452.0,497.0,565.0,8.76,1,0.0
40122,40363,1,154osm_양주_154-고양_154_1,0.001442,0.01313,0.010634,0.0,0.0,0.0,0.0,452.0,497.0,565.0,9.25,1,0.0
40122,40363,2,154osm_양주_154-고양_154_2,0.001442,0.01313,0.010634,0.0,0.0,0.0,0.0,452.0,497.0,565.0,9.25,1,0.0
40122,40363,3,154osm_양주_154-고양_154_3,0.001442,0.01313,0.010634,0.0,0.0,0.0,0.0,452.0,497.0,565.0,9.25,1,0.0
40122,40363,4,154osm_양주_154-고양_154_4,0.001442,0.01313,0.010634,0.0,0.0,0.0,0.0,452.0,497.0,565.0,9.25,1,0.0
40285,40637,1,154osm_남음성_154-금왕_154_1,0.001349,0.012283,0.009947,0.0,0.0,0.0,0.0,452.0,497.0,565.0,8.65,1,0.0
40285,40637,2,154osm_남음성_154-금왕_154_2,0.001349,0.012283,0.009947,0.0,0.0,0.0,0.0,452.0,497.0,565.0,8.65,1,0.0
40285,40637,3,154osm_남음성_154-금왕_154_3,0.001349,0.012283,0.009947,0.0,0.0,0.0,0.0,452.0,497.0,565.0,8.65,1,0.0
40285,40637,4,154osm_남음성_154-금왕_154_4,0.001349,0.012283,0.009947,0.0,0.0,0.0,0.0,452.0,497.0,565.0,8.65,1,0.0
40174,40265,1,154osm_효문_154-동울산_154_1,0.001454,0.013234,0.010718,0.0,0.0,0.0,0.0,452.0,497.0,565.0,9.32,1,0.0
40174,40265,2,154osm_효문_154-동울산_154_2,0.001454,0.013234,0.010718,0.0,0.0,0.0,0.0,452.0,497.0,565.0,9.32,1,0.0
40225,40697,1,154osm_주촌_154-김해T1_154_1,0.001426,0.012979,0.010511,0.0,0.0,0.0,0.0,452.0,497.0,565.0,9.14,1,0.0
40133,40680,1,154osm_하양_154-신서_154_1,0.001415,0.012879,0.010431,0.0,0.0,0.0,0.0,452.0,497.0,565.0,9.07,1,0.0
40133,40680,2,154osm_하양_154-신서_154_2,0.001415,0.012879,0.010431,0.0,0.0,0.0,0.0,452.0,497.0,565.0,9.07,1,0.0
40133,40680,3,154osm_하양_154-신서_154_3,0.001415,0.012879,0.010431,0.0,0.0,0.0,0.0,452.0,497.0,565.0,9.07,1,0.0
40133,40680,4,154osm_하양_154-신서_154_4,0.001415,0.012879,0.010431,0.0,0.0,0.0,0.0,452.0,497.0,565.0,9.07,1,0.0
40228,40763,1,154osm_삼정_154-신김해_154_1,0.001404,0.01278,0.01035,0.0,0.0,0.0,0.0,452.0,497.0,565.0,9.0,1,0.0
40228,40763,2,154osm_삼정_154-신김해_154_2,0.001404,0.01278,0.01035,0.0,0.0,0.0,0.0,452.0,497.0,565.0,9.0,1,0.0
40129,40145,1,154osm_녹양_154-백석_154_1,0.001438,0.013092,0.010603,0.0,0.0,0.0,0.0,452.0,497.0,565.0,9.22,1,0.0
40129,40145,2,154osm_녹양_154-백석_154_2,0.001438,0.013092,0.010603,0.0,0.0,0.0,0.0,452.0,497.0,565.0,9.22,1,0.0
40129,40145,3,154osm_녹양_154-백석_154_3,0.001438,0.013092,0.010603,0.0,0.0,0.0,0.0,452.0,497.0,565.0,9.22,1,0.0
40129,40145,4,154osm_녹양_154-백석_154_4,0.001438,0.013092,0.010603,0.0,0.0,0.0,0.0,452.0,497.0,565.0,9.22,1,0.0
40142,40449,1,154osm_도봉_154-용현_154_1,0.001424,0.012965,0.0105,0.0,0.0,0.0,0.0,452.0,497.0,565.0,9.13,1,0.0
40142,40449,2,154osm_도봉_154-용현_154_2,0.001424,0.012965,0.0105,0.0,0.0,0.0,0.0,452.0,497.0,565.0,9.13,1,0.0
40084,40124,1,154osm_신계룡_154-두마_154_1,0.001421,0.012936,0.010476,0.0,0.0,0.0,0.0,452.0,497.0,565.0,9.11,1,0.0
40084,40124,2,154osm_신계룡_154-두마_154_2,0.001421,0.012936,0.010476,0.0,0.0,0.0,0.0,452.0,497.0,565.0,9.11,1,0.0
40084,40124,3,154osm_신계룡_154-두마_154_3,0.001421,0.012936,0.010476,0.0,0.0,0.0,0.0,452.0,497.0,565.0,9.11,1,0.0
40084,40124,4,154osm_신계룡_154-두마_154_4,0.001421,0.012936,0.010476,0.0,0.0,0.0,0.0,452.0,497.0,565.0,9.11,1,0.0
40127,40128,1,154osm_동두천_154-덕계_154_1,0.00149,0.013561,0.010983,0.0,0.0,0.0,0.0,452.0,497.0,565.0,9.55,1,0.0
40127,40128,2,154osm_동두천_154-덕계_154_2,0.00149,0.013561,0.010983,0.0,0.0,0.0,0.0,452.0,497.0,565.0,9.55,1,0.0
40127,40128,3,154osm_동두천_154-덕계_154_3,0.00149,0.013561,0.010983,0.0,0.0,0.0,0.0,452.0,497.0,565.0,9.55,1,0.0
40127,40128,4,154osm_동두천_154-덕계_154_4,0.00149,0.013561,0.010983,0.0,0.0,0.0,0.0,452.0,497.0,565.0,9.55,1,0.0
40053,40371,1,154osm_천안_154-전의_154_1,0.001713,0.015593,0.012628,0.0,0.0,0.0,0.0,452.0,497.0,565.0,10.98,1,0.0
40053,40371,2,154osm_천안_154-전의_154_2,0.001713,0.015593,0.012628,0.0,0.0,0.0,0.0,452.0,497.0,565.0,10.98,1,0.0
40402,40403,1,154osm_내촌_154-포천_154_1,0.001498,0.013635,0.011042,0.0,0.0,0.0,0.0,452.0,497.0,565.0,9.6,1,0.0
40402,40403,2,154osm_내촌_154-포천_154_2,0.001498,0.013635,0.011042,0.0,0.0,0.0,0.0,452.0,497.0,565.0,9.6,1,0.0
40123,40534,1,154osm_신영주_154-영주_154_1,0.001432,0.013036,0.010557,0.0,0.0,0.0,0.0,452.0,497.0,565.0,9.18,1,0.0
40123,40534,2,154osm_신영주_154-영주_154_2,0.001432,0.013036,0.010557,0.0,0.0,0.0,0.0,452.0,497.0,565.0,9.18,1,0.0
40123,40534,3,154osm_신영주_154-영주_154_3,0.001432,0.013036,0.010557,0.0,0.0,0.0,0.0,452.0,497.0,565.0,9.18,1,0.0
40123,40534,4,154osm_신영주_154-영주_154_4,0.001432,0.013036,0.010557,0.0,0.0,0.0,0.0,452.0,497.0,565.0,9.18,1,0.0
40061,40761,1,154osm_유성_154-세종T2_154_1,0.001466,0.013348,0.01081,0.0,0.0,0.0,0.0,452.0,497.0,565.0,9.4,1,0.0
40061,40761,2,154osm_유성_154-세종T2_154_2,0.001466,0.013348,0.01081,0.0,0.0,0.0,0.0,452.0,497.0,565.0,9.4,1,0.0
40061,40761,3,154osm_유성_154-세종T2_154_3,0.001466,0.013348,0.01081,0.0,0.0,0.0,0.0,452.0,497.0,565.0,9.4,1,0.0
40061,40761,4,154osm_유성_154-세종T2_154_4,0.001466,0.013348,0.01081,0.0,0.0,0.0,0.0,452.0,497.0,565.0,9.4,1,0.0
40062,40654,1,154osm_신옥천_154-옥천2_154_1,0.00146,0.013291,0.010764,0.0,0.0,0.0,0.0,452.0,497.0,565.0,9.36,1,0.0
40062,40654,2,154osm_신옥천_154-옥천2_154_2,0.00146,0.013291,0.010764,0.0,0.0,0.0,0.0,452.0,497.0,565.0,9.36,1,0.0
40062,40654,3,154osm_신옥천_154-옥천2_154_3,0.00146,0.013291,0.010764,0.0,0.0,0.0,0.0,452.0,497.0,565.0,9.36,1,0.0
40062,40654,4,154osm_신옥천_154-옥천2_154_4,0.00146,0.013291,0.010764,0.0,0.0,0.0,0.0,452.0,497.0,565.0,9.36,1,0.0
40378,40486,1,154osm_예산_154-응봉_154_1,0.001545,0.014065,0.01139,0.0,0.0,0.0,0.0,452.0,497.0,565.0,9.9,1,0.0
40378,40486,2,154osm_예산_154-응봉_154_2,0.001545,0.014065,0.01139,0.0,0.0,0.0,0.0,452.0,497.0,565.0,9.9,1,0.0
40175,40395,1,154osm_강릉_154-북강릉_154_1,0.001521,0.013845,0.011213,0.0,0.0,0.0,0.0,452.0,497.0,565.0,9.75,1,0.0
40175,40395,2,154osm_강릉_154-북강릉_154_2,0.001521,0.013845,0.011213,0.0,0.0,0.0,0.0,452.0,497.0,565.0,9.75,1,0.0
40175,40395,3,154osm_강릉_154-북강릉_154_3,0.001521,0.013845,0.011213,0.0,0.0,0.0,0.0,452.0,497.0,565.0,9.75,1,0.0
40175,40395,4,154osm_강릉_154-북강릉_154_4,0.001521,0.013845,0.011213,0.0,0.0,0.0,0.0,452.0,497.0,565.0,9.75,1,0.0
40596,40597,1,154osm_엄다_154-운남_154_1,0.001681,0.0153,0.012391,0.0,0.0,0.0,0.0,452.0,497.0,565.0,10.77,1,0.0
40103,40745,1,154osm_신마산_154-의창_154_1,0.001638,0.014908,0.012073,0.0,0.0,0.0,0.0,452.0,497.0,565.0,10.5,1,0.0
40369,40460,1,154osm_신봉_154-율전_154_1,0.00148,0.013476,0.010913,0.0,0.0,0.0,0.0,452.0,497.0,565.0,9.49,1,0.0
40369,40460,2,154osm_신봉_154-율전_154_2,0.00148,0.013476,0.010913,0.0,0.0,0.0,0.0,452.0,497.0,565.0,9.49,1,0.0
40369,40460,3,154osm_신봉_154-율전_154_3,0.00148,0.013476,0.010913,0.0,0.0,0.0,0.0,452.0,497.0,565.0,9.49,1,0.0
40369,40460,4,154osm_신봉_154-율전_154_4,0.00148,0.013476,0.010913,0.0,0.0,0.0,0.0,452.0,497.0,565.0,9.49,1,0.0
40295,40332,1,154osm_당진T1_154-당진_154_1,0.001543,0.014044,0.011373,0.0,0.0,0.0,0.0,452.0,497.0,565.0,9.89,1,0.0
40090,40610,1,154osm_군산_154-동군산_154_1,0.001713,0.015594,0.012629,0.0,0.0,0.0,0.0,452.0,497.0,565.0,10.98,1,0.0
40263,40764,1,154osm_강진_154-신강진_154_1,0.001659,0.015099,0.012228,0.0,0.0,0.0,0.0,452.0,497.0,565.0,10.63,1,0.0
40263,40764,2,154osm_강진_154-신강진_154_2,0.001659,0.015099,0.012228,0.0,0.0,0.0,0.0,452.0,497.0,565.0,10.63,1,0.0
40308,40310,1,154osm_초정_154-증평_154_1,0.001699,0.015464,0.012523,0.0,0.0,0.0,0.0,452.0,497.0,565.0,10.89,1,0.0
40308,40310,2,154osm_초정_154-증평_154_2,0.001699,0.015464,0.012523,0.0,0.0,0.0,0.0,452.0,497.0,565.0,10.89,1,0.0
40080,40091,1,154osm_범물_154-대구_154_1,0.001619,0.01474,0.011937,0.0,0.0,0.0,0.0,452.0,497.0,565.0,10.38,1,0.0
40080,40091,2,154osm_범물_154-대구_154_2,0.001619,0.01474,0.011937,0.0,0.0,0.0,0.0,452.0,497.0,565.0,10.38,1,0.0
40080,40091,3,154osm_범물_154-대구_154_3,0.001619,0.01474,0.011937,0.0,0.0,0.0,0.0,452.0,497.0,565.0,10.38,1,0.0
40080,40091,4,154osm_범물_154-대구_154_4,0.001619,0.01474,0.011937,0.0,0.0,0.0,0.0,452.0,497.0,565.0,10.38,1,0.0
40208,40459,1,154osm_동안양_154-의왕_154_1,0.001605,0.014612,0.011833,0.0,0.0,0.0,0.0,452.0,497.0,565.0,10.29,1,0.0
40208,40459,2,154osm_동안양_154-의왕_154_2,0.001605,0.014612,0.011833,0.0,0.0,0.0,0.0,452.0,497.0,565.0,10.29,1,0.0
40208,40459,3,154osm_동안양_154-의왕_154_3,0.001605,0.014612,0.011833,0.0,0.0,0.0,0.0,452.0,497.0,565.0,10.29,1,0.0
40208,40459,4,154osm_동안양_154-의왕_154_4,0.001605,0.014612,0.011833,0.0,0.0,0.0,0.0,452.0,497.0,565.0,10.29,1,0.0
40138,40711,1,154osm_동해_154-한라시멘트_154_1,0.001862,0.016946,0.013724,0.0,0.0,0.0,0.0,452.0,497.0,565.0,11.93,1,0.0
40138,40711,2,154osm_동해_154-한라시멘트_154_2,0.001862,0.016946,0.013724,0.0,0.0,0.0,0.0,452.0,497.0,565.0,11.93,1,0.0
40138,40711,3,154osm_동해_154-한라시멘트_154_3,0.001862,0.016946,0.013724,0.0,0.0,0.0,0.0,452.0,497.0,565.0,11.93,1,0.0
40138,40711,4,154osm_동해_154-한라시멘트_154_4,0.001862,0.016946,0.013724,0.0,0.0,0.0,0.0,452.0,497.0,565.0,11.93,1,0.0
40158,40159,1,154osm_논공_154-달성_154_1,0.00161,0.014654,0.011868,0.0,0.0,0.0,0.0,452.0,497.0,565.0,10.32,1,0.0
40158,40159,2,154osm_논공_154-달성_154_2,0.00161,0.014654,0.011868,0.0,0.0,0.0,0.0,452.0,497.0,565.0,10.32,1,0.0
40404,40406,1,154osm_향남_154-남수원_154_1,0.001633,0.014867,0.012041,0.0,0.0,0.0,0.0,452.0,497.0,565.0,10.47,1,0.0
40404,40406,2,154osm_향남_154-남수원_154_2,0.001633,0.014867,0.012041,0.0,0.0,0.0,0.0,452.0,497.0,565.0,10.47,1,0.0
40404,40406,3,154osm_향남_154-남수원_154_3,0.001633,0.014867,0.012041,0.0,0.0,0.0,0.0,452.0,497.0,565.0,10.47,1,0.0
40404,40406,4,154osm_향남_154-남수원_154_4,0.001633,0.014867,0.012041,0.0,0.0,0.0,0.0,452.0,497.0,565.0,10.47,1,0.0
40113,40183,1,154osm_신온양_154-한샘_154_1,0.00164,0.014924,0.012087,0.0,0.0,0.0,0.0,452.0,497.0,565.0,10.51,1,0.0
40113,40183,2,154osm_신온양_154-한샘_154_2,0.00164,0.014924,0.012087,0.0,0.0,0.0,0.0,452.0,497.0,565.0,10.51,1,0.0
40113,40183,3,154osm_신온양_154-한샘_154_3,0.00164,0.014924,0.012087,0.0,0.0,0.0,0.0,452.0,497.0,565.0,10.51,1,0.0
40113,40183,4,154osm_신온양_154-한샘_154_4,0.00164,0.014924,0.012087,0.0,0.0,0.0,0.0,452.0,497.0,565.0,10.51,1,0.0
40513,40514,1,154osm_금릉_154-김천_154_1,0.001686,0.01535,0.012431,0.0,0.0,0.0,0.0,452.0,497.0,565.0,10.81,1,0.0
40513,40514,2,154osm_금릉_154-김천_154_2,0.001686,0.01535,0.012431,0.0,0.0,0.0,0.0,452.0,497.0,565.0,10.81,1,0.0
40142,40442,1,154osm_도봉_154-진접_154_1,0.001713,0.015597,0.012631,0.0,0.0,0.0,0.0,452.0,497.0,565.0,10.98,1,0.0
40142,40442,2,154osm_도봉_154-진접_154_2,0.001713,0.015597,0.012631,0.0,0.0,0.0,0.0,452.0,497.0,565.0,10.98,1,0.0
40095,40431,1,154osm_안성_154-소사벌_154_1,0.001711,0.01557,0.012609,0.0,0.0,0.0,0.0,452.0,497.0,565.0,10.96,1,0.0
40095,40431,2,154osm_안성_154-소사벌_154_2,0.001711,0.01557,0.012609,0.0,0.0,0.0,0.0,452.0,497.0,565.0,10.96,1,0.0
40490,40498,1,154osm_진동_154-서마산_154_1,0.00160542,0.014705,0.033781,0.0,0.0,0.0,0.0,452.0,497.0,565.0,10.94,1,1.0
40332,40333,1,154osm_당진_154-신당진_154_1,0.0019,0.017296,0.014007,0.0,0.0,0.0,0.0,452.0,497.0,565.0,12.18,1,0.0
40332,40333,2,154osm_당진_154-신당진_154_2,0.0019,0.017296,0.014007,0.0,0.0,0.0,0.0,452.0,497.0,565.0,12.18,1,0.0
40332,40333,3,154osm_당진_154-신당진_154_3,0.0019,0.017296,0.014007,0.0,0.0,0.0,0.0,452.0,497.0,565.0,12.18,1,0.0
40332,40333,4,154osm_당진_154-신당진_154_4,0.0019,0.017296,0.014007,0.0,0.0,0.0,0.0,452.0,497.0,565.0,12.18,1,0.0
40096,40502,1,154osm_영천_154-청통_154_1,0.00168,0.015293,0.012385,0.0,0.0,0.0,0.0,452.0,497.0,565.0,10.77,1,0.0
40096,40502,2,154osm_영천_154-청통_154_2,0.00168,0.015293,0.012385,0.0,0.0,0.0,0.0,452.0,497.0,565.0,10.77,1,0.0
40122,40734,1,154osm_양주_154-쌍문_154_1,0.001661,0.015123,0.012247,0.0,0.0,0.0,0.0,452.0,497.0,565.0,10.65,1,0.0
40122,40734,2,154osm_양주_154-쌍문_154_2,0.001661,0.015123,0.012247,0.0,0.0,0.0,0.0,452.0,497.0,565.0,10.65,1,0.0
40380,40395,1,154osm_주문진_154-북강릉_154_1,0.001714,0.015606,0.012639,0.0,0.0,0.0,0.0,452.0,497.0,565.0,10.99,1,0.0
40380,40395,2,154osm_주문진_154-북강릉_154_2,0.001714,0.015606,0.012639,0.0,0.0,0.0,0.0,452.0,497.0,565.0,10.99,1,0.0
40380,40395,3,154osm_주문진_154-북강릉_154_3,0.001714,0.015606,0.012639,0.0,0.0,0.0,0.0,452.0,497.0,565.0,10.99,1,0.0
40380,40395,4,154osm_주문진_154-북강릉_154_4,0.001714,0.015606,0.012639,0.0,0.0,0.0,0.0,452.0,497.0,565.0,10.99,1,0.0
40603,40622,1,154osm_삼척_154-이원_154_1,0.001699,0.015464,0.012523,0.0,0.0,0.0,0.0,452.0,497.0,565.0,10.89,1,0.0
40603,40622,2,154osm_삼척_154-이원_154_2,0.001699,0.015464,0.012523,0.0,0.0,0.0,0.0,452.0,497.0,565.0,10.89,1,0.0
40103,40499,1,154osm_신마산_154-마산_154_1,0.001704,0.015506,0.012558,0.0,0.0,0.0,0.0,452.0,497.0,565.0,10.92,1,0.0
40400,40709,1,154osm_남춘천_154-춘천T2_154_1,0.001672,0.015222,0.012328,0.0,0.0,0.0,0.0,452.0,497.0,565.0,10.72,1,0.0
40400,40709,2,154osm_남춘천_154-춘천T2_154_2,0.001672,0.015222,0.012328,0.0,0.0,0.0,0.0,452.0,497.0,565.0,10.72,1,0.0
40400,40709,3,154osm_남춘천_154-춘천T2_154_3,0.001672,0.015222,0.012328,0.0,0.0,0.0,0.0,452.0,497.0,565.0,10.72,1,0.0
40400,40709,4,154osm_남춘천_154-춘천T2_154_4,0.001672,0.015222,0.012328,0.0,0.0,0.0,0.0,452.0,497.0,565.0,10.72,1,0.0
40057,40194,1,154osm_울주_154-외동_154_1,0.001718,0.015634,0.012661,0.0,0.0,0.0,0.0,452.0,497.0,565.0,11.01,1,0.0
40057,40194,2,154osm_울주_154-외동_154_2,0.001718,0.015634,0.012661,0.0,0.0,0.0,0.0,452.0,497.0,565.0,11.01,1,0.0
40217,40256,1,154osm_장성_154-비아_154_1,0.001696,0.015435,0.0125,0.0,0.0,0.0,0.0,452.0,497.0,565.0,10.87,1,0.0
40217,40256,2,154osm_장성_154-비아_154_2,0.001696,0.015435,0.0125,0.0,0.0,0.0,0.0,452.0,497.0,565.0,10.87,1,0.0
40217,40256,3,154osm_장성_154-비아_154_3,0.001696,0.015435,0.0125,0.0,0.0,0.0,0.0,452.0,497.0,565.0,10.87,1,0.0
40217,40256,4,154osm_장성_154-비아_154_4,0.001696,0.015435,0.0125,0.0,0.0,0.0,0.0,452.0,497.0,565.0,10.87,1,0.0
40061,40671,1,154osm_유성_154-서세종_154_1,0.00170102,0.0155887,0.0377775,0.0,0.0,0.0,0.0,452.0,497.0,565.0,11.65,1,1.15
40061,40671,2,154osm_유성_154-서세종_154_2,0.00170102,0.0155887,0.0377775,0.0,0.0,0.0,0.0,452.0,497.0,565.0,11.65,1,1.15
40329,40372,1,154osm_영월_154-동영월_154_1,0.001834,0.016691,0.013518,0.0,0.0,0.0,0.0,452.0,497.0,565.0,11.75,1,0.0
40329,40372,2,154osm_영월_154-동영월_154_2,0.001834,0.016691,0.013518,0.0,0.0,0.0,0.0,452.0,497.0,565.0,11.75,1,0.0
40329,40372,3,154osm_영월_154-동영월_154_3,0.001834,0.016691,0.013518,0.0,0.0,0.0,0.0,452.0,497.0,565.0,11.75,1,0.0
40329,40372,4,154osm_영월_154-동영월_154_4,0.001834,0.016691,0.013518,0.0,0.0,0.0,0.0,452.0,497.0,565.0,11.75,1,0.0
40088,40375,1,154osm_관창_154-대천_154_1,0.001691,0.015393,0.012466,0.0,0.0,0.0,0.0,452.0,497.0,565.0,10.84,1,0.0
40088,40375,2,154osm_관창_154-대천_154_2,0.001691,0.015393,0.012466,0.0,0.0,0.0,0.0,452.0,497.0,565.0,10.84,1,0.0
40088,40375,3,154osm_관창_154-대천_154_3,0.001691,0.015393,0.012466,0.0,0.0,0.0,0.0,452.0,497.0,565.0,10.84,1,0.0
40088,40375,4,154osm_관창_154-대천_154_4,0.001691,0.015393,0.012466,0.0,0.0,0.0,0.0,452.0,497.0,565.0,10.84,1,0.0
40328,40543,1,154osm_선산_154-고아_154_1,0.001746,0.01589,0.012868,0.0,0.0,0.0,0.0,452.0,497.0,565.0,11.19,1,0.0
40328,40543,2,154osm_선산_154-고아_154_2,0.001746,0.01589,0.012868,0.0,0.0,0.0,0.0,452.0,497.0,565.0,11.19,1,0.0
40506,40525,1,154osm_남포항_154-왕신_154_1,0.001735,0.01579,0.012788,0.0,0.0,0.0,0.0,452.0,497.0,565.0,11.12,1,0.0
40506,40525,2,154osm_남포항_154-왕신_154_2,0.001735,0.01579,0.012788,0.0,0.0,0.0,0.0,452.0,497.0,565.0,11.12,1,0.0
40506,40525,3,154osm_남포항_154-왕신_154_3,0.001735,0.01579,0.012788,0.0,0.0,0.0,0.0,452.0,497.0,565.0,11.12,1,0.0
40506,40525,4,154osm_남포항_154-왕신_154_4,0.001735,0.01579,0.012788,0.0,0.0,0.0,0.0,452.0,497.0,565.0,11.12,1,0.0
40185,40672,1,154osm_세종T1_154-조치원_154_1,0.001827,0.016628,0.013467,0.0,0.0,0.0,0.0,452.0,497.0,565.0,11.71,1,0.0
40185,40672,2,154osm_세종T1_154-조치원_154_2,0.001827,0.016628,0.013467,0.0,0.0,0.0,0.0,452.0,497.0,565.0,11.71,1,0.0
40103,40154,1,154osm_신마산_154-칠서_154_1,0.0018,0.016387,0.013271,0.0,0.0,0.0,0.0,452.0,497.0,565.0,11.54,1,0.0
40103,40154,2,154osm_신마산_154-칠서_154_2,0.0018,0.016387,0.013271,0.0,0.0,0.0,0.0,452.0,497.0,565.0,11.54,1,0.0
40103,40154,3,154osm_신마산_154-칠서_154_3,0.0018,0.016387,0.013271,0.0,0.0,0.0,0.0,452.0,497.0,565.0,11.54,1,0.0
40103,40154,4,154osm_신마산_154-칠서_154_4,0.0018,0.016387,0.013271,0.0,0.0,0.0,0.0,452.0,497.0,565.0,11.54,1,0.0
40110,40455,1,154osm_용인_154-모현_154_1,0.001772,0.016131,0.013064,0.0,0.0,0.0,0.0,452.0,497.0,565.0,11.36,1,0.0
40110,40455,2,154osm_용인_154-모현_154_2,0.001772,0.016131,0.013064,0.0,0.0,0.0,0.0,452.0,497.0,565.0,11.36,1,0.0
40161,40447,1,154osm_마석_154-덕소_154_1,0.00200034,0.0182629,0.027476,0.0,0.0,0.0,0.0,452.0,497.0,565.0,13.2,1,0.58
40161,40447,2,154osm_마석_154-덕소_154_2,0.00200034,0.0182629,0.027476,0.0,0.0,0.0,0.0,452.0,497.0,565.0,13.2,1,0.58
40116,40378,1,154osm_아산_154-예산_154_1,0.001783,0.016231,0.013144,0.0,0.0,0.0,0.0,452.0,497.0,565.0,11.43,1,0.0
40116,40378,2,154osm_아산_154-예산_154_2,0.001783,0.016231,0.013144,0.0,0.0,0.0,0.0,452.0,497.0,565.0,11.43,1,0.0
40116,40378,3,154osm_아산_154-예산_154_3,0.001783,0.016231,0.013144,0.0,0.0,0.0,0.0,452.0,497.0,565.0,11.43,1,0.0
40116,40378,4,154osm_아산_154-예산_154_4,0.001783,0.016231,0.013144,0.0,0.0,0.0,0.0,452.0,497.0,565.0,11.43,1,0.0
40231,40385,1,154osm_여주_154-문막_154_1,0.002054,0.018699,0.015143,0.0,0.0,0.0,0.0,452.0,497.0,565.0,13.17,1,0.0
40231,40385,2,154osm_여주_154-문막_154_2,0.002054,0.018699,0.015143,0.0,0.0,0.0,0.0,452.0,497.0,565.0,13.17,1,0.0
40231,40385,3,154osm_여주_154-문막_154_3,0.002054,0.018699,0.015143,0.0,0.0,0.0,0.0,452.0,497.0,565.0,13.17,1,0.0
40231,40385,4,154osm_여주_154-문막_154_4,0.002054,0.018699,0.015143,0.0,0.0,0.0,0.0,452.0,497.0,565.0,13.17,1,0.0
40171,40265,1,154osm_북울산_154-동울산_154_1,0.001808,0.016458,0.013329,0.0,0.0,0.0,0.0,452.0,497.0,565.0,11.59,1,0.0
40171,40265,2,154osm_북울산_154-동울산_154_2,0.001808,0.016458,0.013329,0.0,0.0,0.0,0.0,452.0,497.0,565.0,11.59,1,0.0
40443,40444,1,154osm_지제_154-용문_154_1,0.001864,0.016969,0.013742,0.0,0.0,0.0,0.0,452.0,497.0,565.0,11.95,1,0.0
40443,40444,2,154osm_지제_154-용문_154_2,0.001864,0.016969,0.013742,0.0,0.0,0.0,0.0,452.0,497.0,565.0,11.95,1,0.0
40131,40584,1,154osm_신화순_154-금천_154_1,0.002005,0.018248,0.014778,0.0,0.0,0.0,0.0,452.0,497.0,565.0,12.85,1,0.0
40069,40115,1,154osm_오창_154-신진천_154_1,0.001853,0.016871,0.013663,0.0,0.0,0.0,0.0,452.0,497.0,565.0,11.88,1,0.0
40069,40115,2,154osm_오창_154-신진천_154_2,0.001853,0.016871,0.013663,0.0,0.0,0.0,0.0,452.0,497.0,565.0,11.88,1,0.0
40108,40755,1,154osm_마천_154-지사_154_1,0.00183,0.016657,0.013489,0.0,0.0,0.0,0.0,452.0,497.0,565.0,11.73,1,0.0
40108,40755,2,154osm_마천_154-지사_154_2,0.00183,0.016657,0.013489,0.0,0.0,0.0,0.0,452.0,497.0,565.0,11.73,1,0.0
40292,40647,1,154osm_만승_154-삼죽_154_1,0.001944,0.017693,0.014329,0.0,0.0,0.0,0.0,452.0,497.0,565.0,12.46,1,0.0
40292,40647,2,154osm_만승_154-삼죽_154_2,0.001944,0.017693,0.014329,0.0,0.0,0.0,0.0,452.0,497.0,565.0,12.46,1,0.0
40292,40647,3,154osm_만승_154-삼죽_154_3,0.001944,0.017693,0.014329,0.0,0.0,0.0,0.0,452.0,497.0,565.0,12.46,1,0.0
40292,40647,4,154osm_만승_154-삼죽_154_4,0.001944,0.017693,0.014329,0.0,0.0,0.0,0.0,452.0,497.0,565.0,12.46,1,0.0
40127,40160,1,154osm_동두천_154-신포천_154_1,0.001938,0.017636,0.014283,0.0,0.0,0.0,0.0,452.0,497.0,565.0,12.42,1,0.0
40127,40160,2,154osm_동두천_154-신포천_154_2,0.001938,0.017636,0.014283,0.0,0.0,0.0,0.0,452.0,497.0,565.0,12.42,1,0.0
40127,40160,3,154osm_동두천_154-신포천_154_3,0.001938,0.017636,0.014283,0.0,0.0,0.0,0.0,452.0,497.0,565.0,12.42,1,0.0
40127,40160,4,154osm_동두천_154-신포천_154_4,0.001938,0.017636,0.014283,0.0,0.0,0.0,0.0,452.0,497.0,565.0,12.42,1,0.0
40616,40670,1,154osm_김제_154-백산_154_1,0.00187,0.017026,0.013789,0.0,0.0,0.0,0.0,452.0,497.0,565.0,11.99,1,0.0
40616,40670,2,154osm_김제_154-백산_154_2,0.00187,0.017026,0.013789,0.0,0.0,0.0,0.0,452.0,497.0,565.0,11.99,1,0.0
40529,40569,1,154osm_왜관_154-관음_154_1,0.001991,0.018119,0.014674,0.0,0.0,0.0,0.0,452.0,497.0,565.0,12.76,1,0.0
40529,40569,2,154osm_왜관_154-관음_154_2,0.001991,0.018119,0.014674,0.0,0.0,0.0,0.0,452.0,497.0,565.0,12.76,1,0.0
40529,40569,3,154osm_왜관_154-관음_154_3,0.001991,0.018119,0.014674,0.0,0.0,0.0,0.0,452.0,497.0,565.0,12.76,1,0.0
40529,40569,4,154osm_왜관_154-관음_154_4,0.001991,0.018119,0.014674,0.0,0.0,0.0,0.0,452.0,497.0,565.0,12.76,1,0.0
40633,40635,1,154osm_팔봉_154-봉동_154_1,0.001908,0.017367,0.014065,0.0,0.0,0.0,0.0,452.0,497.0,565.0,12.23,1,0.0
40633,40635,2,154osm_팔봉_154-봉동_154_2,0.001908,0.017367,0.014065,0.0,0.0,0.0,0.0,452.0,497.0,565.0,12.23,1,0.0
40122,40129,1,154osm_양주_154-녹양_154_1,0.001936,0.017622,0.014271,0.0,0.0,0.0,0.0,452.0,497.0,565.0,12.41,1,0.0
40122,40129,2,154osm_양주_154-녹양_154_2,0.001936,0.017622,0.014271,0.0,0.0,0.0,0.0,452.0,497.0,565.0,12.41,1,0.0
40110,40464,1,154osm_용인_154-오천_154_1,0.00207,0.018845,0.015262,0.0,0.0,0.0,0.0,452.0,497.0,565.0,13.27,1,0.0
40110,40464,2,154osm_용인_154-오천_154_2,0.00207,0.018845,0.015262,0.0,0.0,0.0,0.0,452.0,497.0,565.0,13.27,1,0.0
40142,40441,1,154osm_도봉_154-진건_154_1,0.00182944,0.0168043,0.0501355,0.0,0.0,0.0,0.0,452.0,497.0,565.0,12.81,1,1.67
40142,40441,2,154osm_도봉_154-진건_154_2,0.00182944,0.0168043,0.0501355,0.0,0.0,0.0,0.0,452.0,497.0,565.0,12.81,1,1.67
40296,40631,1,154osm_진안_154-장수_154_1,0.002038,0.018553,0.015025,0.0,0.0,0.0,0.0,452.0,497.0,565.0,13.07,1,0.0
40160,40401,1,154osm_신포천_154-전곡_154_1,0.00202,0.018389,0.014892,0.0,0.0,0.0,0.0,452.0,497.0,565.0,12.95,1,0.0
40160,40401,2,154osm_신포천_154-전곡_154_2,0.00202,0.018389,0.014892,0.0,0.0,0.0,0.0,452.0,497.0,565.0,12.95,1,0.0
40160,40401,3,154osm_신포천_154-전곡_154_3,0.00202,0.018389,0.014892,0.0,0.0,0.0,0.0,452.0,497.0,565.0,12.95,1,0.0
40160,40401,4,154osm_신포천_154-전곡_154_4,0.00202,0.018389,0.014892,0.0,0.0,0.0,0.0,452.0,497.0,565.0,12.95,1,0.0
40177,40404,1,154osm_평택_154-향남_154_1,0.002039,0.018564,0.015034,0.0,0.0,0.0,0.0,452.0,497.0,565.0,13.07,1,0.0
40286,40287,1,154osm_경산_154-금호_154_1,0.001981,0.018034,0.014605,0.0,0.0,0.0,0.0,452.0,497.0,565.0,12.7,1,0.0
40286,40287,2,154osm_경산_154-금호_154_2,0.001981,0.018034,0.014605,0.0,0.0,0.0,0.0,452.0,497.0,565.0,12.7,1,0.0
40286,40287,3,154osm_경산_154-금호_154_3,0.001981,0.018034,0.014605,0.0,0.0,0.0,0.0,452.0,497.0,565.0,12.7,1,0.0
40286,40287,4,154osm_경산_154-금호_154_4,0.001981,0.018034,0.014605,0.0,0.0,0.0,0.0,452.0,497.0,565.0,12.7,1,0.0
40298,40393,1,154osm_신의정부_154-송우_154_1,0.002033,0.018503,0.014984,0.0,0.0,0.0,0.0,452.0,497.0,565.0,13.03,1,0.0
40298,40393,2,154osm_신의정부_154-송우_154_2,0.002033,0.018503,0.014984,0.0,0.0,0.0,0.0,452.0,497.0,565.0,13.03,1,0.0
40212,40434,1,154osm_포승_154-청북_154_1,0.002153,0.019596,0.01587,0.0,0.0,0.0,0.0,452.0,497.0,565.0,13.8,1,0.0
40212,40434,2,154osm_포승_154-청북_154_2,0.002153,0.019596,0.01587,0.0,0.0,0.0,0.0,452.0,497.0,565.0,13.8,1,0.0
40212,40434,3,154osm_포승_154-청북_154_3,0.002153,0.019596,0.01587,0.0,0.0,0.0,0.0,452.0,497.0,565.0,13.8,1,0.0
40212,40434,4,154osm_포승_154-청북_154_4,0.002153,0.019596,0.01587,0.0,0.0,0.0,0.0,452.0,497.0,565.0,13.8,1,0.0
40110,40361,1,154osm_용인_154-남사_154_1,0.002106,0.01917,0.015525,0.0,0.0,0.0,0.0,452.0,497.0,565.0,13.5,1,0.0
40110,40361,2,154osm_용인_154-남사_154_2,0.002106,0.01917,0.015525,0.0,0.0,0.0,0.0,452.0,497.0,565.0,13.5,1,0.0
40110,40361,3,154osm_용인_154-남사_154_3,0.002106,0.01917,0.015525,0.0,0.0,0.0,0.0,452.0,497.0,565.0,13.5,1,0.0
40110,40361,4,154osm_용인_154-남사_154_4,0.002106,0.01917,0.015525,0.0,0.0,0.0,0.0,452.0,497.0,565.0,13.5,1,0.0
40207,40744,1,154osm_하남_154-덕림_154_1,0.00200859,0.0183514,0.0308285,0.0,0.0,0.0,0.0,452.0,497.0,565.0,13.35,1,0.73
40207,40744,2,154osm_하남_154-덕림_154_2,0.00200859,0.0183514,0.0308285,0.0,0.0,0.0,0.0,452.0,497.0,565.0,13.35,1,0.73
40207,40744,3,154osm_하남_154-덕림_154_3,0.00200859,0.0183514,0.0308285,0.0,0.0,0.0,0.0,452.0,497.0,565.0,13.35,1,0.73
40207,40744,4,154osm_하남_154-덕림_154_4,0.00200859,0.0183514,0.0308285,0.0,0.0,0.0,0.0,452.0,497.0,565.0,13.35,1,0.73
40352,40518,1,154osm_합천_154-쌍림_154_1,0.002095,0.019071,0.015444,0.0,0.0,0.0,0.0,452.0,497.0,565.0,13.43,1,0.0
40352,40518,2,154osm_합천_154-쌍림_154_2,0.002095,0.019071,0.015444,0.0,0.0,0.0,0.0,452.0,497.0,565.0,13.43,1,0.0
40057,40664,1,154osm_울주_154-직동_154_1,0.002126,0.019355,0.015675,0.0,0.0,0.0,0.0,452.0,497.0,565.0,13.63,1,0.0
40057,40664,2,154osm_울주_154-직동_154_2,0.002126,0.019355,0.015675,0.0,0.0,0.0,0.0,452.0,497.0,565.0,13.63,1,0.0
40057,40664,3,154osm_울주_154-직동_154_3,0.002126,0.019355,0.015675,0.0,0.0,0.0,0.0,452.0,497.0,565.0,13.63,1,0.0
40057,40664,4,154osm_울주_154-직동_154_4,0.002126,0.019355,0.015675,0.0,0.0,0.0,0.0,452.0,497.0,565.0,13.63,1,0.0
40116,40118,1,154osm_아산_154-온양_154_1,0.002097,0.019085,0.015456,0.0,0.0,0.0,0.0,452.0,497.0,565.0,13.44,1,0.0
40116,40118,2,154osm_아산_154-온양_154_2,0.002097,0.019085,0.015456,0.0,0.0,0.0,0.0,452.0,497.0,565.0,13.44,1,0.0
40116,40118,3,154osm_아산_154-온양_154_3,0.002097,0.019085,0.015456,0.0,0.0,0.0,0.0,452.0,497.0,565.0,13.44,1,0.0
40116,40118,4,154osm_아산_154-온양_154_4,0.002097,0.019085,0.015456,0.0,0.0,0.0,0.0,452.0,497.0,565.0,13.44,1,0.0
40146,40363,1,154osm_금촌_154-고양_154_1,0.002103,0.019142,0.015502,0.0,0.0,0.0,0.0,452.0,497.0,565.0,13.48,1,0.0
40146,40363,2,154osm_금촌_154-고양_154_2,0.002103,0.019142,0.015502,0.0,0.0,0.0,0.0,452.0,497.0,565.0,13.48,1,0.0
40097,40292,1,154osm_진천_154-만승_154_1,0.00212,0.019298,0.015629,0.0,0.0,0.0,0.0,452.0,497.0,565.0,13.59,1,0.0
40097,40292,2,154osm_진천_154-만승_154_2,0.00212,0.019298,0.015629,0.0,0.0,0.0,0.0,452.0,497.0,565.0,13.59,1,0.0
40097,40292,3,154osm_진천_154-만승_154_3,0.00212,0.019298,0.015629,0.0,0.0,0.0,0.0,452.0,497.0,565.0,13.59,1,0.0
40097,40292,4,154osm_진천_154-만승_154_4,0.00212,0.019298,0.015629,0.0,0.0,0.0,0.0,452.0,497.0,565.0,13.59,1,0.0
40152,40154,1,154osm_창녕_154-칠서_154_1,0.0022,0.020022,0.016215,0.0,0.0,0.0,0.0,452.0,497.0,565.0,14.1,1,0.0
40152,40154,2,154osm_창녕_154-칠서_154_2,0.0022,0.020022,0.016215,0.0,0.0,0.0,0.0,452.0,497.0,565.0,14.1,1,0.0
40152,40154,3,154osm_창녕_154-칠서_154_3,0.0022,0.020022,0.016215,0.0,0.0,0.0,0.0,452.0,497.0,565.0,14.1,1,0.0
40152,40154,4,154osm_창녕_154-칠서_154_4,0.0022,0.020022,0.016215,0.0,0.0,0.0,0.0,452.0,497.0,565.0,14.1,1,0.0
40131,40598,1,154osm_신화순_154-화순_154_1,0.002173,0.019781,0.016019,0.0,0.0,0.0,0.0,452.0,497.0,565.0,13.93,1,0.0
40131,40598,2,154osm_신화순_154-화순_154_2,0.002173,0.019781,0.016019,0.0,0.0,0.0,0.0,452.0,497.0,565.0,13.93,1,0.0
40053,40054,1,154osm_천안_154-성거_154_1,0.002083,0.018957,0.015352,0.0,0.0,0.0,0.0,452.0,497.0,565.0,13.35,1,0.0
40053,40054,2,154osm_천안_154-성거_154_2,0.002083,0.018957,0.015352,0.0,0.0,0.0,0.0,452.0,497.0,565.0,13.35,1,0.0
40642,40643,1,154osm_충주_154-북충주_154_1,0.002115,0.019255,0.015594,0.0,0.0,0.0,0.0,452.0,497.0,565.0,13.56,1,0.0
40642,40643,2,154osm_충주_154-북충주_154_2,0.002115,0.019255,0.015594,0.0,0.0,0.0,0.0,452.0,497.0,565.0,13.56,1,0.0
40642,40643,3,154osm_충주_154-북충주_154_3,0.002115,0.019255,0.015594,0.0,0.0,0.0,0.0,452.0,497.0,565.0,13.56,1,0.0
40642,40643,4,154osm_충주_154-북충주_154_4,0.002115,0.019255,0.015594,0.0,0.0,0.0,0.0,452.0,497.0,565.0,13.56,1,0.0
40397,40398,1,154osm_춘천_154-북춘천_154_1,0.002248,0.020462,0.016571,0.0,0.0,0.0,0.0,452.0,497.0,565.0,14.41,1,0.0
40397,40398,2,154osm_춘천_154-북춘천_154_2,0.002248,0.020462,0.016571,0.0,0.0,0.0,0.0,452.0,497.0,565.0,14.41,1,0.0
40397,40398,3,154osm_춘천_154-북춘천_154_3,0.002248,0.020462,0.016571,0.0,0.0,0.0,0.0,452.0,497.0,565.0,14.41,1,0.0
40397,40398,4,154osm_춘천_154-북춘천_154_4,0.002248,0.020462,0.016571,0.0,0.0,0.0,0.0,452.0,497.0,565.0,14.41,1,0.0
40385,40604,1,154osm_문막_154-서원주_154_1,0.00214,0.019482,0.015778,0.0,0.0,0.0,0.0,452.0,497.0,565.0,13.72,1,0.0
40385,40604,2,154osm_문막_154-서원주_154_2,0.00214,0.019482,0.015778,0.0,0.0,0.0,0.0,452.0,497.0,565.0,13.72,1,0.0
40103,40498,1,154osm_신마산_154-서마산_154_1,0.002226,0.020263,0.01641,0.0,0.0,0.0,0.0,452.0,497.0,565.0,14.27,1,0.0
40318,40532,1,154osm_삼척그린파워_154-울진_154_1,0.002178,0.019823,0.016054,0.0,0.0,0.0,0.0,452.0,497.0,565.0,13.96,1,0.0
40318,40532,2,154osm_삼척그린파워_154-울진_154_2,0.002178,0.019823,0.016054,0.0,0.0,0.0,0.0,452.0,497.0,565.0,13.96,1,0.0
40122,40146,1,154osm_양주_154-금촌_154_1,0.002206,0.020079,0.016261,0.0,0.0,0.0,0.0,452.0,497.0,565.0,14.14,1,0.0
40122,40146,2,154osm_양주_154-금촌_154_2,0.002206,0.020079,0.016261,0.0,0.0,0.0,0.0,452.0,497.0,565.0,14.14,1,0.0
40122,40146,3,154osm_양주_154-금촌_154_3,0.002206,0.020079,0.016261,0.0,0.0,0.0,0.0,452.0,497.0,565.0,14.14,1,0.0
40122,40146,4,154osm_양주_154-금촌_154_4,0.002206,0.020079,0.016261,0.0,0.0,0.0,0.0,452.0,497.0,565.0,14.14,1,0.0
40371,40672,1,154osm_전의_154-조치원_154_1,0.002203,0.02005,0.016238,0.0,0.0,0.0,0.0,452.0,497.0,565.0,14.12,1,0.0
40371,40672,2,154osm_전의_154-조치원_154_2,0.002203,0.02005,0.016238,0.0,0.0,0.0,0.0,452.0,497.0,565.0,14.12,1,0.0
40090,40632,1,154osm_군산_154-영등_154_1,0.002175,0.019795,0.016031,0.0,0.0,0.0,0.0,452.0,497.0,565.0,13.94,1,0.0
40090,40632,2,154osm_군산_154-영등_154_2,0.002175,0.019795,0.016031,0.0,0.0,0.0,0.0,452.0,497.0,565.0,13.94,1,0.0
40090,40632,3,154osm_군산_154-영등_154_3,0.002175,0.019795,0.016031,0.0,0.0,0.0,0.0,452.0,497.0,565.0,13.94,1,0.0
40090,40632,4,154osm_군산_154-영등_154_4,0.002175,0.019795,0.016031,0.0,0.0,0.0,0.0,452.0,497.0,565.0,13.94,1,0.0
40354,40508,1,154osm_사봉_154-가야_154_1,0.002214,0.02015,0.016318,0.0,0.0,0.0,0.0,452.0,497.0,565.0,14.19,1,0.0
40354,40508,2,154osm_사봉_154-가야_154_2,0.002214,0.02015,0.016318,0.0,0.0,0.0,0.0,452.0,497.0,565.0,14.19,1,0.0
40354,40508,3,154osm_사봉_154-가야_154_3,0.002214,0.02015,0.016318,0.0,0.0,0.0,0.0,452.0,497.0,565.0,14.19,1,0.0
40354,40508,4,154osm_사봉_154-가야_154_4,0.002214,0.02015,0.016318,0.0,0.0,0.0,0.0,452.0,497.0,565.0,14.19,1,0.0
40102,40349,1,154osm_의령_154-구룡_154_1,0.002245,0.020434,0.016549,0.0,0.0,0.0,0.0,452.0,497.0,565.0,14.39,1,0.0
40273,40333,1,154osm_서산_154-신당진_154_1,0.002232,0.02032,0.016456,0.0,0.0,0.0,0.0,452.0,497.0,565.0,14.31,1,0.0
40273,40333,2,154osm_서산_154-신당진_154_2,0.002232,0.02032,0.016456,0.0,0.0,0.0,0.0,452.0,497.0,565.0,14.31,1,0.0
40247,40252,1,154osm_벌교_154-서순천_154_1,0.002331,0.021214,0.01718,0.0,0.0,0.0,0.0,452.0,497.0,565.0,14.94,1,0.0
40057,40379,1,154osm_울주_154-태화_154_1,0.002289,0.020836,0.016874,0.0,0.0,0.0,0.0,452.0,497.0,565.0,14.67,1,0.0
40057,40379,2,154osm_울주_154-태화_154_2,0.002289,0.020836,0.016874,0.0,0.0,0.0,0.0,452.0,497.0,565.0,14.67,1,0.0
40343,40429,1,154osm_양곡_154-강화_154_1,0.002253,0.020505,0.016606,0.0,0.0,0.0,0.0,452.0,497.0,565.0,14.44,1,0.0
40343,40429,2,154osm_양곡_154-강화_154_2,0.002253,0.020505,0.016606,0.0,0.0,0.0,0.0,452.0,497.0,565.0,14.44,1,0.0
40132,40403,1,154osm_운천_154-포천_154_1,0.0025,0.022754,0.018428,0.0,0.0,0.0,0.0,452.0,497.0,565.0,16.02,1,0.0
40132,40403,2,154osm_운천_154-포천_154_2,0.0025,0.022754,0.018428,0.0,0.0,0.0,0.0,452.0,497.0,565.0,16.02,1,0.0
40132,40403,3,154osm_운천_154-포천_154_3,0.0025,0.022754,0.018428,0.0,0.0,0.0,0.0,452.0,497.0,565.0,16.02,1,0.0
40132,40403,4,154osm_운천_154-포천_154_4,0.0025,0.022754,0.018428,0.0,0.0,0.0,0.0,452.0,497.0,565.0,16.02,1,0.0
40613,40634,1,154osm_동전주_154-북전주_154_1,0.002235,0.020349,0.01648,0.0,0.0,0.0,0.0,452.0,497.0,565.0,14.33,1,0.0
40613,40634,2,154osm_동전주_154-북전주_154_2,0.002235,0.020349,0.01648,0.0,0.0,0.0,0.0,452.0,497.0,565.0,14.33,1,0.0
40613,40634,3,154osm_동전주_154-북전주_154_3,0.002235,0.020349,0.01648,0.0,0.0,0.0,0.0,452.0,497.0,565.0,14.33,1,0.0
40613,40634,4,154osm_동전주_154-북전주_154_4,0.002235,0.020349,0.01648,0.0,0.0,0.0,0.0,452.0,497.0,565.0,14.33,1,0.0
40310,40627,1,154osm_증평_154-괴산_154_1,0.00227,0.020661,0.016733,0.0,0.0,0.0,0.0,452.0,497.0,565.0,14.55,1,0.0
40310,40627,2,154osm_증평_154-괴산_154_2,0.00227,0.020661,0.016733,0.0,0.0,0.0,0.0,452.0,497.0,565.0,14.55,1,0.0
40310,40627,3,154osm_증평_154-괴산_154_3,0.00227,0.020661,0.016733,0.0,0.0,0.0,0.0,452.0,497.0,565.0,14.55,1,0.0
40310,40627,4,154osm_증평_154-괴산_154_4,0.00227,0.020661,0.016733,0.0,0.0,0.0,0.0,452.0,497.0,565.0,14.55,1,0.0
40085,40297,1,154osm_신광명_154-성포_154_1,0.00249,0.022665,0.018356,0.0,0.0,0.0,0.0,452.0,497.0,565.0,15.96,1,0.0
40085,40297,2,154osm_신광명_154-성포_154_2,0.00249,0.022665,0.018356,0.0,0.0,0.0,0.0,452.0,497.0,565.0,15.96,1,0.0
40089,40670,1,154osm_이리_154-백산_154_1,0.00224092,0.0204486,0.0281525,0.0,0.0,0.0,0.0,452.0,497.0,565.0,14.71,1,0.53
40089,40670,2,154osm_이리_154-백산_154_2,0.00224092,0.0204486,0.0281525,0.0,0.0,0.0,0.0,452.0,497.0,565.0,14.71,1,0.53
40141,40467,1,154osm_곤지암_154-이천_154_1,0.002568,0.023375,0.018931,0.0,0.0,0.0,0.0,452.0,497.0,565.0,16.46,1,0.0
40141,40467,2,154osm_곤지암_154-이천_154_2,0.002568,0.023375,0.018931,0.0,0.0,0.0,0.0,452.0,497.0,565.0,16.46,1,0.0
40141,40467,3,154osm_곤지암_154-이천_154_3,0.002568,0.023375,0.018931,0.0,0.0,0.0,0.0,452.0,497.0,565.0,16.46,1,0.0
40141,40467,4,154osm_곤지암_154-이천_154_4,0.002568,0.023375,0.018931,0.0,0.0,0.0,0.0,452.0,497.0,565.0,16.46,1,0.0
40216,40285,1,154osm_음성_154-남음성_154_1,0.002278,0.020732,0.01679,0.0,0.0,0.0,0.0,452.0,497.0,565.0,14.6,1,0.0
40216,40285,2,154osm_음성_154-남음성_154_2,0.002278,0.020732,0.01679,0.0,0.0,0.0,0.0,452.0,497.0,565.0,14.6,1,0.0
40216,40285,3,154osm_음성_154-남음성_154_3,0.002278,0.020732,0.01679,0.0,0.0,0.0,0.0,452.0,497.0,565.0,14.6,1,0.0
40216,40285,4,154osm_음성_154-남음성_154_4,0.002278,0.020732,0.01679,0.0,0.0,0.0,0.0,452.0,497.0,565.0,14.6,1,0.0
40474,40475,1,154osm_석문_154-대산_154_1,0.002268,0.020647,0.016721,0.0,0.0,0.0,0.0,452.0,497.0,565.0,14.54,1,0.0
40474,40475,2,154osm_석문_154-대산_154_2,0.002268,0.020647,0.016721,0.0,0.0,0.0,0.0,452.0,497.0,565.0,14.54,1,0.0
40153,40155,1,154osm_강창_154-다산_154_1,0.002264,0.020604,0.016686,0.0,0.0,0.0,0.0,452.0,497.0,565.0,14.51,1,0.0
40153,40155,2,154osm_강창_154-다산_154_2,0.002264,0.020604,0.016686,0.0,0.0,0.0,0.0,452.0,497.0,565.0,14.51,1,0.0
40252,40255,1,154osm_서순천_154-순천T2_154_1,0.002316,0.021083,0.017075,0.0,0.0,0.0,0.0,452.0,497.0,565.0,14.85,1,0.0
40132,40136,1,154osm_운천_154-철원_154_1,0.002303,0.020959,0.016974,0.0,0.0,0.0,0.0,452.0,497.0,565.0,14.76,1,0.0
40132,40136,2,154osm_운천_154-철원_154_2,0.002303,0.020959,0.016974,0.0,0.0,0.0,0.0,452.0,497.0,565.0,14.76,1,0.0
40497,40508,1,154osm_중리_154-가야_154_1,0.002326,0.021172,0.017146,0.0,0.0,0.0,0.0,452.0,497.0,565.0,14.91,1,0.0
40497,40508,2,154osm_중리_154-가야_154_2,0.002326,0.021172,0.017146,0.0,0.0,0.0,0.0,452.0,497.0,565.0,14.91,1,0.0
40497,40508,3,154osm_중리_154-가야_154_3,0.002326,0.021172,0.017146,0.0,0.0,0.0,0.0,452.0,497.0,565.0,14.91,1,0.0
40497,40508,4,154osm_중리_154-가야_154_4,0.002326,0.021172,0.017146,0.0,0.0,0.0,0.0,452.0,497.0,565.0,14.91,1,0.0
40199,40294,1,154osm_남창_154-완도_154_1,0.002331,0.021215,0.017181,0.0,0.0,0.0,0.0,452.0,497.0,565.0,14.94,1,0.0
40141,40736,1,154osm_곤지암_154-초월_154_1,0.002381,0.021669,0.017549,0.0,0.0,0.0,0.0,452.0,497.0,565.0,15.26,1,0.0
40141,40736,2,154osm_곤지암_154-초월_154_2,0.002381,0.021669,0.017549,0.0,0.0,0.0,0.0,452.0,497.0,565.0,15.26,1,0.0
40141,40736,3,154osm_곤지암_154-초월_154_3,0.002381,0.021669,0.017549,0.0,0.0,0.0,0.0,452.0,497.0,565.0,15.26,1,0.0
40141,40736,4,154osm_곤지암_154-초월_154_4,0.002381,0.021669,0.017549,0.0,0.0,0.0,0.0,452.0,497.0,565.0,15.26,1,0.0
40087,40632,1,154osm_함열_154-영등_154_1,0.002373,0.021598,0.017492,0.0,0.0,0.0,0.0,452.0,497.0,565.0,15.21,1,0.0
40087,40632,2,154osm_함열_154-영등_154_2,0.002373,0.021598,0.017492,0.0,0.0,0.0,0.0,452.0,497.0,565.0,15.21,1,0.0
40087,40632,3,154osm_함열_154-영등_154_3,0.002373,0.021598,0.017492,0.0,0.0,0.0,0.0,452.0,497.0,565.0,15.21,1,0.0
40087,40632,4,154osm_함열_154-영등_154_4,0.002373,0.021598,0.017492,0.0,0.0,0.0,0.0,452.0,497.0,565.0,15.21,1,0.0
40215,40651,1,154osm_풍동_154-장연_154_1,0.002384,0.021698,0.017572,0.0,0.0,0.0,0.0,452.0,497.0,565.0,15.28,1,0.0
40215,40651,2,154osm_풍동_154-장연_154_2,0.002384,0.021698,0.017572,0.0,0.0,0.0,0.0,452.0,497.0,565.0,15.28,1,0.0
40215,40651,3,154osm_풍동_154-장연_154_3,0.002384,0.021698,0.017572,0.0,0.0,0.0,0.0,452.0,497.0,565.0,15.28,1,0.0
40215,40651,4,154osm_풍동_154-장연_154_4,0.002384,0.021698,0.017572,0.0,0.0,0.0,0.0,452.0,497.0,565.0,15.28,1,0.0
40286,40502,1,154osm_경산_154-청통_154_1,0.002423,0.022053,0.01786,0.0,0.0,0.0,0.0,452.0,497.0,565.0,15.53,1,0.0
40286,40502,2,154osm_경산_154-청통_154_2,0.002423,0.022053,0.01786,0.0,0.0,0.0,0.0,452.0,497.0,565.0,15.53,1,0.0
40286,40502,3,154osm_경산_154-청통_154_3,0.002423,0.022053,0.01786,0.0,0.0,0.0,0.0,452.0,497.0,565.0,15.53,1,0.0
40286,40502,4,154osm_경산_154-청통_154_4,0.002423,0.022053,0.01786,0.0,0.0,0.0,0.0,452.0,497.0,565.0,15.53,1,0.0
40093,40155,1,154osm_고령_154-다산_154_1,0.002368,0.021556,0.017457,0.0,0.0,0.0,0.0,452.0,497.0,565.0,15.18,1,0.0
40093,40155,2,154osm_고령_154-다산_154_2,0.002368,0.021556,0.017457,0.0,0.0,0.0,0.0,452.0,497.0,565.0,15.18,1,0.0
40072,40371,1,154osm_동천안_154-전의_154_1,0.002409,0.021925,0.017756,0.0,0.0,0.0,0.0,452.0,497.0,565.0,15.44,1,0.0
40072,40371,2,154osm_동천안_154-전의_154_2,0.002409,0.021925,0.017756,0.0,0.0,0.0,0.0,452.0,497.0,565.0,15.44,1,0.0
40279,40281,1,154osm_화원_154-안좌_154_1,0.003198,0.02911,0.023575,0.0,0.0,0.0,0.0,452.0,497.0,565.0,20.5,1,0.0
40279,40281,2,154osm_화원_154-안좌_154_2,0.003198,0.02911,0.023575,0.0,0.0,0.0,0.0,452.0,497.0,565.0,20.5,1,0.0
40279,40281,3,154osm_화원_154-안좌_154_3,0.003198,0.02911,0.023575,0.0,0.0,0.0,0.0,452.0,497.0,565.0,20.5,1,0.0
40279,40281,4,154osm_화원_154-안좌_154_4,0.003198,0.02911,0.023575,0.0,0.0,0.0,0.0,452.0,497.0,565.0,20.5,1,0.0
40163,40187,1,154osm_양산_154-밀양T2_154_1,0.002421,0.022035,0.017846,0.0,0.0,0.0,0.0,452.0,497.0,565.0,15.52,1,0.0
40163,40187,2,154osm_양산_154-밀양T2_154_2,0.002421,0.022035,0.017846,0.0,0.0,0.0,0.0,452.0,497.0,565.0,15.52,1,0.0
40091,40191,1,154osm_대구_154-청도_154_1,0.002393,0.021783,0.017641,0.0,0.0,0.0,0.0,452.0,497.0,565.0,15.34,1,0.0
40091,40191,2,154osm_대구_154-청도_154_2,0.002393,0.021783,0.017641,0.0,0.0,0.0,0.0,452.0,497.0,565.0,15.34,1,0.0
40509,40754,1,154osm_청하_154-서포항_154_1,0.002404,0.021882,0.017722,0.0,0.0,0.0,0.0,452.0,497.0,565.0,15.41,1,0.0
40509,40754,2,154osm_청하_154-서포항_154_2,0.002404,0.021882,0.017722,0.0,0.0,0.0,0.0,452.0,497.0,565.0,15.41,1,0.0
40509,40754,3,154osm_청하_154-서포항_154_3,0.002404,0.021882,0.017722,0.0,0.0,0.0,0.0,452.0,497.0,565.0,15.41,1,0.0
40509,40754,4,154osm_청하_154-서포항_154_4,0.002404,0.021882,0.017722,0.0,0.0,0.0,0.0,452.0,497.0,565.0,15.41,1,0.0
40354,40356,1,154osm_사봉_154-개양_154_1,0.002443,0.022237,0.018009,0.0,0.0,0.0,0.0,452.0,497.0,565.0,15.66,1,0.0
40224,40471,1,154osm_논산_154-부여_154_1,0.002401,0.021854,0.017698,0.0,0.0,0.0,0.0,452.0,497.0,565.0,15.39,1,0.0
40224,40471,2,154osm_논산_154-부여_154_2,0.002401,0.021854,0.017698,0.0,0.0,0.0,0.0,452.0,497.0,565.0,15.39,1,0.0
40224,40471,3,154osm_논산_154-부여_154_3,0.002401,0.021854,0.017698,0.0,0.0,0.0,0.0,452.0,497.0,565.0,15.39,1,0.0
40224,40471,4,154osm_논산_154-부여_154_4,0.002401,0.021854,0.017698,0.0,0.0,0.0,0.0,452.0,497.0,565.0,15.39,1,0.0
40299,40608,1,154osm_횡성_154-둔내_154_1,0.00244,0.022209,0.017986,0.0,0.0,0.0,0.0,452.0,497.0,565.0,15.64,1,0.0
40299,40608,2,154osm_횡성_154-둔내_154_2,0.00244,0.022209,0.017986,0.0,0.0,0.0,0.0,452.0,497.0,565.0,15.64,1,0.0
40430,40530,1,154osm_안동_154-풍산_154_1,0.002734,0.024885,0.020153,0.0,0.0,0.0,0.0,452.0,497.0,565.0,17.52,1,0.0
40430,40530,2,154osm_안동_154-풍산_154_2,0.002734,0.024885,0.020153,0.0,0.0,0.0,0.0,452.0,497.0,565.0,17.52,1,0.0
40095,40184,1,154osm_안성_154-서운_154_1,0.002487,0.022635,0.018331,0.0,0.0,0.0,0.0,452.0,497.0,565.0,15.94,1,0.0
40095,40184,2,154osm_안성_154-서운_154_2,0.002487,0.022635,0.018331,0.0,0.0,0.0,0.0,452.0,497.0,565.0,15.94,1,0.0
40095,40184,3,154osm_안성_154-서운_154_3,0.002487,0.022635,0.018331,0.0,0.0,0.0,0.0,452.0,497.0,565.0,15.94,1,0.0
40095,40184,4,154osm_안성_154-서운_154_4,0.002487,0.022635,0.018331,0.0,0.0,0.0,0.0,452.0,497.0,565.0,15.94,1,0.0
40167,40537,1,154osm_칠곡_154-남인동_154_1,0.002452,0.022322,0.018078,0.0,0.0,0.0,0.0,452.0,497.0,565.0,15.72,1,0.0
40167,40537,2,154osm_칠곡_154-남인동_154_2,0.002452,0.022322,0.018078,0.0,0.0,0.0,0.0,452.0,497.0,565.0,15.72,1,0.0
40167,40537,3,154osm_칠곡_154-남인동_154_3,0.002452,0.022322,0.018078,0.0,0.0,0.0,0.0,452.0,497.0,565.0,15.72,1,0.0
40167,40537,4,154osm_칠곡_154-남인동_154_4,0.002452,0.022322,0.018078,0.0,0.0,0.0,0.0,452.0,497.0,565.0,15.72,1,0.0
40152,40496,1,154osm_창녕_154-초동_154_1,0.002479,0.022564,0.018274,0.0,0.0,0.0,0.0,452.0,497.0,565.0,15.89,1,0.0
40152,40496,2,154osm_창녕_154-초동_154_2,0.002479,0.022564,0.018274,0.0,0.0,0.0,0.0,452.0,497.0,565.0,15.89,1,0.0
40152,40496,3,154osm_창녕_154-초동_154_3,0.002479,0.022564,0.018274,0.0,0.0,0.0,0.0,452.0,497.0,565.0,15.89,1,0.0
40152,40496,4,154osm_창녕_154-초동_154_4,0.002479,0.022564,0.018274,0.0,0.0,0.0,0.0,452.0,497.0,565.0,15.89,1,0.0
40311,40440,1,154osm_신장_154-서종_154_1,0.002513,0.022876,0.018526,0.0,0.0,0.0,0.0,452.0,497.0,565.0,16.11,1,0.0
40311,40440,2,154osm_신장_154-서종_154_2,0.002513,0.022876,0.018526,0.0,0.0,0.0,0.0,452.0,497.0,565.0,16.11,1,0.0
40311,40440,3,154osm_신장_154-서종_154_3,0.002513,0.022876,0.018526,0.0,0.0,0.0,0.0,452.0,497.0,565.0,16.11,1,0.0
40311,40440,4,154osm_신장_154-서종_154_4,0.002513,0.022876,0.018526,0.0,0.0,0.0,0.0,452.0,497.0,565.0,16.11,1,0.0
40601,40602,1,154osm_주진_154-평창_154_1,0.002555,0.02326,0.018837,0.0,0.0,0.0,0.0,452.0,497.0,565.0,16.38,1,0.0
40601,40602,2,154osm_주진_154-평창_154_2,0.002555,0.02326,0.018837,0.0,0.0,0.0,0.0,452.0,497.0,565.0,16.38,1,0.0
40093,40518,1,154osm_고령_154-쌍림_154_1,0.002471,0.022493,0.018216,0.0,0.0,0.0,0.0,452.0,497.0,565.0,15.84,1,0.0
40093,40518,2,154osm_고령_154-쌍림_154_2,0.002471,0.022493,0.018216,0.0,0.0,0.0,0.0,452.0,497.0,565.0,15.84,1,0.0
40308,40309,1,154osm_초정_154-청주_154_1,0.002602,0.023683,0.01918,0.0,0.0,0.0,0.0,452.0,497.0,565.0,16.68,1,0.0
40308,40309,2,154osm_초정_154-청주_154_2,0.002602,0.023683,0.01918,0.0,0.0,0.0,0.0,452.0,497.0,565.0,16.68,1,0.0
40254,40263,1,154osm_장흥_154-강진_154_1,0.002566,0.023361,0.018919,0.0,0.0,0.0,0.0,452.0,497.0,565.0,16.45,1,0.0
40119,40736,1,154osm_성현_154-초월_154_1,0.002501,0.022763,0.018434,0.0,0.0,0.0,0.0,452.0,497.0,565.0,16.03,1,0.0
40119,40736,2,154osm_성현_154-초월_154_2,0.002501,0.022763,0.018434,0.0,0.0,0.0,0.0,452.0,497.0,565.0,16.03,1,0.0
40119,40736,3,154osm_성현_154-초월_154_3,0.002501,0.022763,0.018434,0.0,0.0,0.0,0.0,452.0,497.0,565.0,16.03,1,0.0
40119,40736,4,154osm_성현_154-초월_154_4,0.002501,0.022763,0.018434,0.0,0.0,0.0,0.0,452.0,497.0,565.0,16.03,1,0.0
40198,40489,1,154osm_고성_154-통영_154_1,0.002513,0.022872,0.018523,0.0,0.0,0.0,0.0,452.0,497.0,565.0,16.11,1,0.0
40198,40489,2,154osm_고성_154-통영_154_2,0.002513,0.022872,0.018523,0.0,0.0,0.0,0.0,452.0,497.0,565.0,16.11,1,0.0
40198,40489,3,154osm_고성_154-통영_154_3,0.002513,0.022872,0.018523,0.0,0.0,0.0,0.0,452.0,497.0,565.0,16.11,1,0.0
40198,40489,4,154osm_고성_154-통영_154_4,0.002513,0.022872,0.018523,0.0,0.0,0.0,0.0,452.0,497.0,565.0,16.11,1,0.0
40156,40157,1,154osm_유가_154-밀양T1_154_1,0.002551,0.023217,0.018802,0.0,0.0,0.0,0.0,452.0,497.0,565.0,16.35,1,0.0
40156,40157,2,154osm_유가_154-밀양T1_154_2,0.002551,0.023217,0.018802,0.0,0.0,0.0,0.0,452.0,497.0,565.0,16.35,1,0.0
40156,40157,3,154osm_유가_154-밀양T1_154_3,0.002551,0.023217,0.018802,0.0,0.0,0.0,0.0,452.0,497.0,565.0,16.35,1,0.0
40156,40157,4,154osm_유가_154-밀양T1_154_4,0.002551,0.023217,0.018802,0.0,0.0,0.0,0.0,452.0,497.0,565.0,16.35,1,0.0
40087,40125,1,154osm_함열_154-은진_154_1,0.002758,0.025105,0.020331,0.0,0.0,0.0,0.0,452.0,497.0,565.0,17.68,1,0.0
40087,40125,2,154osm_함열_154-은진_154_2,0.002758,0.025105,0.020331,0.0,0.0,0.0,0.0,452.0,497.0,565.0,17.68,1,0.0
40680,40757,1,154osm_신서_154-봉무_154_1,0.0008833,0.0094754,0.358941,0.0,0.0,0.0,0.0,430.0,473.0,538.0,16.06,1,16.06
40680,40757,2,154osm_신서_154-봉무_154_2,0.0008833,0.0094754,0.358941,0.0,0.0,0.0,0.0,430.0,473.0,538.0,16.06,1,16.06
40373,40377,1,154osm_은하_154-홍성_154_1,0.002546,0.023174,0.018768,0.0,0.0,0.0,0.0,452.0,497.0,565.0,16.32,1,0.0
40373,40377,2,154osm_은하_154-홍성_154_2,0.002546,0.023174,0.018768,0.0,0.0,0.0,0.0,452.0,497.0,565.0,16.32,1,0.0
40373,40377,3,154osm_은하_154-홍성_154_3,0.002546,0.023174,0.018768,0.0,0.0,0.0,0.0,452.0,497.0,565.0,16.32,1,0.0
40373,40377,4,154osm_은하_154-홍성_154_4,0.002546,0.023174,0.018768,0.0,0.0,0.0,0.0,452.0,497.0,565.0,16.32,1,0.0
40049,40376,1,154osm_청양_154-신풍_154_1,0.002562,0.023316,0.018883,0.0,0.0,0.0,0.0,452.0,497.0,565.0,16.42,1,0.0
40049,40376,2,154osm_청양_154-신풍_154_2,0.002562,0.023316,0.018883,0.0,0.0,0.0,0.0,452.0,497.0,565.0,16.42,1,0.0
40049,40376,3,154osm_청양_154-신풍_154_3,0.002562,0.023316,0.018883,0.0,0.0,0.0,0.0,452.0,497.0,565.0,16.42,1,0.0
40049,40376,4,154osm_청양_154-신풍_154_4,0.002562,0.023316,0.018883,0.0,0.0,0.0,0.0,452.0,497.0,565.0,16.42,1,0.0
40667,40752,1,154osm_신탄진_154-부강_154_1,0.002633,0.02397,0.019412,0.0,0.0,0.0,0.0,452.0,497.0,565.0,16.88,1,0.0
40667,40752,2,154osm_신탄진_154-부강_154_2,0.002633,0.02397,0.019412,0.0,0.0,0.0,0.0,452.0,497.0,565.0,16.88,1,0.0
40667,40752,3,154osm_신탄진_154-부강_154_3,0.002633,0.02397,0.019412,0.0,0.0,0.0,0.0,452.0,497.0,565.0,16.88,1,0.0
40667,40752,4,154osm_신탄진_154-부강_154_4,0.002633,0.02397,0.019412,0.0,0.0,0.0,0.0,452.0,497.0,565.0,16.88,1,0.0
40044,40089,1,154osm_전주_154-이리_154_1,0.00263,0.023941,0.019389,0.0,0.0,0.0,0.0,452.0,497.0,565.0,16.86,1,0.0
40340,40538,1,154osm_의성_154-안계_154_1,0.002637,0.024004,0.01944,0.0,0.0,0.0,0.0,452.0,497.0,565.0,16.9,1,0.0
40340,40538,2,154osm_의성_154-안계_154_2,0.002637,0.024004,0.01944,0.0,0.0,0.0,0.0,452.0,497.0,565.0,16.9,1,0.0
40346,40500,1,154osm_진영_154-수산_154_1,0.002613,0.023785,0.019262,0.0,0.0,0.0,0.0,452.0,497.0,565.0,16.75,1,0.0
40346,40500,2,154osm_진영_154-수산_154_2,0.002613,0.023785,0.019262,0.0,0.0,0.0,0.0,452.0,497.0,565.0,16.75,1,0.0
40063,40137,1,154osm_양양_154-신양양_154_1,0.002646,0.024083,0.019504,0.0,0.0,0.0,0.0,452.0,497.0,565.0,16.96,1,0.0
40063,40137,2,154osm_양양_154-신양양_154_2,0.002646,0.024083,0.019504,0.0,0.0,0.0,0.0,452.0,497.0,565.0,16.96,1,0.0
40063,40137,3,154osm_양양_154-신양양_154_3,0.002646,0.024083,0.019504,0.0,0.0,0.0,0.0,452.0,497.0,565.0,16.96,1,0.0
40063,40137,4,154osm_양양_154-신양양_154_4,0.002646,0.024083,0.019504,0.0,0.0,0.0,0.0,452.0,497.0,565.0,16.96,1,0.0
40381,40384,1,154osm_인제_154-양구_154_1,0.002636,0.023998,0.019435,0.0,0.0,0.0,0.0,452.0,497.0,565.0,16.9,1,0.0
40381,40384,2,154osm_인제_154-양구_154_2,0.002636,0.023998,0.019435,0.0,0.0,0.0,0.0,452.0,497.0,565.0,16.9,1,0.0
40381,40384,3,154osm_인제_154-양구_154_3,0.002636,0.023998,0.019435,0.0,0.0,0.0,0.0,452.0,497.0,565.0,16.9,1,0.0
40381,40384,4,154osm_인제_154-양구_154_4,0.002636,0.023998,0.019435,0.0,0.0,0.0,0.0,452.0,497.0,565.0,16.9,1,0.0
40102,40351,1,154osm_의령_154-이현_154_1,0.002739,0.024931,0.020191,0.0,0.0,0.0,0.0,452.0,497.0,565.0,17.56,1,0.0
40248,40254,1,154osm_보성_154-장흥_154_1,0.002749,0.025019,0.020262,0.0,0.0,0.0,0.0,452.0,497.0,565.0,17.62,1,0.0
40111,40406,1,154osm_서서울_154-남수원_154_1,0.002799,0.025475,0.020631,0.0,0.0,0.0,0.0,452.0,497.0,565.0,17.94,1,0.0
40111,40406,2,154osm_서서울_154-남수원_154_2,0.002799,0.025475,0.020631,0.0,0.0,0.0,0.0,452.0,497.0,565.0,17.94,1,0.0
40111,40406,3,154osm_서서울_154-남수원_154_3,0.002799,0.025475,0.020631,0.0,0.0,0.0,0.0,452.0,497.0,565.0,17.94,1,0.0
40111,40406,4,154osm_서서울_154-남수원_154_4,0.002799,0.025475,0.020631,0.0,0.0,0.0,0.0,452.0,497.0,565.0,17.94,1,0.0
40096,40504,1,154osm_영천_154-아화_154_1,0.00273,0.02485,0.020125,0.0,0.0,0.0,0.0,452.0,497.0,565.0,17.5,1,0.0
40096,40504,2,154osm_영천_154-아화_154_2,0.00273,0.02485,0.020125,0.0,0.0,0.0,0.0,452.0,497.0,565.0,17.5,1,0.0
40084,40125,1,154osm_신계룡_154-은진_154_1,0.002796,0.025446,0.020608,0.0,0.0,0.0,0.0,452.0,497.0,565.0,17.92,1,0.0
40084,40125,2,154osm_신계룡_154-은진_154_2,0.002796,0.025446,0.020608,0.0,0.0,0.0,0.0,452.0,497.0,565.0,17.92,1,0.0
40084,40125,3,154osm_신계룡_154-은진_154_3,0.002796,0.025446,0.020608,0.0,0.0,0.0,0.0,452.0,497.0,565.0,17.92,1,0.0
40084,40125,4,154osm_신계룡_154-은진_154_4,0.002796,0.025446,0.020608,0.0,0.0,0.0,0.0,452.0,497.0,565.0,17.92,1,0.0
40540,40541,1,154osm_산동_154-군위_154_1,0.002728,0.024836,0.020113,0.0,0.0,0.0,0.0,452.0,497.0,565.0,17.49,1,0.0
40540,40541,2,154osm_산동_154-군위_154_2,0.002728,0.024836,0.020113,0.0,0.0,0.0,0.0,452.0,497.0,565.0,17.49,1,0.0
40000,40574,1,154osm_순천T1_154-승주_154_1,0.002856,0.026,0.021056,0.0,0.0,0.0,0.0,452.0,497.0,565.0,18.31,1,0.0
40168,40703,1,154osm_영광_154-정읍T3_154_1,0.002794,0.025432,0.020597,0.0,0.0,0.0,0.0,452.0,497.0,565.0,17.91,1,0.0
40168,40703,2,154osm_영광_154-정읍T3_154_2,0.002794,0.025432,0.020597,0.0,0.0,0.0,0.0,452.0,497.0,565.0,17.91,1,0.0
40168,40703,3,154osm_영광_154-정읍T3_154_3,0.002794,0.025432,0.020597,0.0,0.0,0.0,0.0,452.0,497.0,565.0,17.91,1,0.0
40168,40703,4,154osm_영광_154-정읍T3_154_4,0.002794,0.025432,0.020597,0.0,0.0,0.0,0.0,452.0,497.0,565.0,17.91,1,0.0
40091,40527,1,154osm_대구_154-자인_154_1,0.002792,0.025418,0.020585,0.0,0.0,0.0,0.0,452.0,497.0,565.0,17.9,1,0.0
40091,40527,2,154osm_대구_154-자인_154_2,0.002792,0.025418,0.020585,0.0,0.0,0.0,0.0,452.0,497.0,565.0,17.9,1,0.0
40091,40527,3,154osm_대구_154-자인_154_3,0.002792,0.025418,0.020585,0.0,0.0,0.0,0.0,452.0,497.0,565.0,17.9,1,0.0
40091,40527,4,154osm_대구_154-자인_154_4,0.002792,0.025418,0.020585,0.0,0.0,0.0,0.0,452.0,497.0,565.0,17.9,1,0.0
40050,40066,1,154osm_탕정_154-인주_154_1,0.002811,0.025588,0.020723,0.0,0.0,0.0,0.0,452.0,497.0,565.0,18.02,1,0.0
40050,40066,2,154osm_탕정_154-인주_154_2,0.002811,0.025588,0.020723,0.0,0.0,0.0,0.0,452.0,497.0,565.0,18.02,1,0.0
40213,40628,1,154osm_신충주_154-감곡_154_1,0.002842,0.025872,0.020953,0.0,0.0,0.0,0.0,452.0,497.0,565.0,18.22,1,0.0
40213,40628,2,154osm_신충주_154-감곡_154_2,0.002842,0.025872,0.020953,0.0,0.0,0.0,0.0,452.0,497.0,565.0,18.22,1,0.0
40123,40533,1,154osm_신영주_154-예천_154_1,0.002882,0.026233,0.021245,0.0,0.0,0.0,0.0,452.0,497.0,565.0,18.47,1,0.0
40123,40533,2,154osm_신영주_154-예천_154_2,0.002882,0.026233,0.021245,0.0,0.0,0.0,0.0,452.0,497.0,565.0,18.47,1,0.0
40123,40533,3,154osm_신영주_154-예천_154_3,0.002882,0.026233,0.021245,0.0,0.0,0.0,0.0,452.0,497.0,565.0,18.47,1,0.0
40123,40533,4,154osm_신영주_154-예천_154_4,0.002882,0.026233,0.021245,0.0,0.0,0.0,0.0,452.0,497.0,565.0,18.47,1,0.0
40287,40504,1,154osm_금호_154-아화_154_1,0.002839,0.025844,0.02093,0.0,0.0,0.0,0.0,452.0,497.0,565.0,18.2,1,0.0
40287,40504,2,154osm_금호_154-아화_154_2,0.002839,0.025844,0.02093,0.0,0.0,0.0,0.0,452.0,497.0,565.0,18.2,1,0.0
40287,40504,3,154osm_금호_154-아화_154_3,0.002839,0.025844,0.02093,0.0,0.0,0.0,0.0,452.0,497.0,565.0,18.2,1,0.0
40287,40504,4,154osm_금호_154-아화_154_4,0.002839,0.025844,0.02093,0.0,0.0,0.0,0.0,452.0,497.0,565.0,18.2,1,0.0
40134,40192,1,154osm_대송_154-상정_154_1,0.002875,0.026171,0.021194,0.0,0.0,0.0,0.0,452.0,497.0,565.0,18.43,1,0.0
40134,40192,2,154osm_대송_154-상정_154_2,0.002875,0.026171,0.021194,0.0,0.0,0.0,0.0,452.0,497.0,565.0,18.43,1,0.0
40340,40541,1,154osm_의성_154-군위_154_1,0.003032,0.027602,0.022354,0.0,0.0,0.0,0.0,452.0,497.0,565.0,19.44,1,0.0
40340,40541,2,154osm_의성_154-군위_154_2,0.003032,0.027602,0.022354,0.0,0.0,0.0,0.0,452.0,497.0,565.0,19.44,1,0.0
40054,40115,1,154osm_성거_154-신진천_154_1,0.002827,0.02573,0.020838,0.0,0.0,0.0,0.0,452.0,497.0,565.0,18.12,1,0.0
40054,40115,2,154osm_성거_154-신진천_154_2,0.002827,0.02573,0.020838,0.0,0.0,0.0,0.0,452.0,497.0,565.0,18.12,1,0.0
40054,40115,3,154osm_성거_154-신진천_154_3,0.002827,0.02573,0.020838,0.0,0.0,0.0,0.0,452.0,497.0,565.0,18.12,1,0.0
40054,40115,4,154osm_성거_154-신진천_154_4,0.002827,0.02573,0.020838,0.0,0.0,0.0,0.0,452.0,497.0,565.0,18.12,1,0.0
40139,40650,1,154osm_신제천_154-제천_154_1,0.002847,0.025915,0.020987,0.0,0.0,0.0,0.0,452.0,497.0,565.0,18.25,1,0.0
40139,40650,2,154osm_신제천_154-제천_154_2,0.002847,0.025915,0.020987,0.0,0.0,0.0,0.0,452.0,497.0,565.0,18.25,1,0.0
40094,40512,1,154osm_서대구_154-남구미_154_1,0.002856,0.026,0.021056,0.0,0.0,0.0,0.0,452.0,497.0,565.0,18.31,1,0.0
40094,40512,2,154osm_서대구_154-남구미_154_2,0.002856,0.026,0.021056,0.0,0.0,0.0,0.0,452.0,497.0,565.0,18.31,1,0.0
40094,40512,3,154osm_서대구_154-남구미_154_3,0.002856,0.026,0.021056,0.0,0.0,0.0,0.0,452.0,497.0,565.0,18.31,1,0.0
40094,40512,4,154osm_서대구_154-남구미_154_4,0.002856,0.026,0.021056,0.0,0.0,0.0,0.0,452.0,497.0,565.0,18.31,1,0.0
40661,40756,1,154osm_언양_154-산막_154_1,0.0029,0.026398,0.021378,0.0,0.0,0.0,0.0,452.0,497.0,565.0,18.59,1,0.0
40661,40756,2,154osm_언양_154-산막_154_2,0.0029,0.026398,0.021378,0.0,0.0,0.0,0.0,452.0,497.0,565.0,18.59,1,0.0
40063,40067,1,154osm_양양_154-속초_154_1,0.002867,0.0261,0.021137,0.0,0.0,0.0,0.0,452.0,497.0,565.0,18.38,1,0.0
40063,40067,2,154osm_양양_154-속초_154_2,0.002867,0.0261,0.021137,0.0,0.0,0.0,0.0,452.0,497.0,565.0,18.38,1,0.0
40255,40574,1,154osm_순천T2_154-승주_154_1,0.002967,0.027008,0.021873,0.0,0.0,0.0,0.0,452.0,497.0,565.0,19.02,1,0.0
40643,40652,1,154osm_북충주_154-왕암_154_1,0.002891,0.026313,0.02131,0.0,0.0,0.0,0.0,452.0,497.0,565.0,18.53,1,0.0
40643,40652,2,154osm_북충주_154-왕암_154_2,0.002891,0.026313,0.02131,0.0,0.0,0.0,0.0,452.0,497.0,565.0,18.53,1,0.0
40643,40652,3,154osm_북충주_154-왕암_154_3,0.002891,0.026313,0.02131,0.0,0.0,0.0,0.0,452.0,497.0,565.0,18.53,1,0.0
40643,40652,4,154osm_북충주_154-왕암_154_4,0.002891,0.026313,0.02131,0.0,0.0,0.0,0.0,452.0,497.0,565.0,18.53,1,0.0
40199,40202,1,154osm_남창_154-해남_154_1,0.0029,0.026398,0.021378,0.0,0.0,0.0,0.0,452.0,497.0,565.0,18.59,1,0.0
40199,40202,2,154osm_남창_154-해남_154_2,0.0029,0.026398,0.021378,0.0,0.0,0.0,0.0,452.0,497.0,565.0,18.59,1,0.0
40510,40543,1,154osm_어모_154-고아_154_1,0.003185,0.028992,0.023479,0.0,0.0,0.0,0.0,452.0,497.0,565.0,20.42,1,0.0
40510,40543,2,154osm_어모_154-고아_154_2,0.003185,0.028992,0.023479,0.0,0.0,0.0,0.0,452.0,497.0,565.0,20.42,1,0.0
40511,40512,1,154osm_농소_154-남구미_154_1,0.002962,0.026966,0.021838,0.0,0.0,0.0,0.0,452.0,497.0,565.0,18.99,1,0.0
40511,40512,2,154osm_농소_154-남구미_154_2,0.002962,0.026966,0.021838,0.0,0.0,0.0,0.0,452.0,497.0,565.0,18.99,1,0.0
40511,40512,3,154osm_농소_154-남구미_154_3,0.002962,0.026966,0.021838,0.0,0.0,0.0,0.0,452.0,497.0,565.0,18.99,1,0.0
40511,40512,4,154osm_농소_154-남구미_154_4,0.002962,0.026966,0.021838,0.0,0.0,0.0,0.0,452.0,497.0,565.0,18.99,1,0.0
40215,40642,1,154osm_풍동_154-충주_154_1,0.002978,0.027108,0.021954,0.0,0.0,0.0,0.0,452.0,497.0,565.0,19.09,1,0.0
40215,40642,2,154osm_풍동_154-충주_154_2,0.002978,0.027108,0.021954,0.0,0.0,0.0,0.0,452.0,497.0,565.0,19.09,1,0.0
40215,40642,3,154osm_풍동_154-충주_154_3,0.002978,0.027108,0.021954,0.0,0.0,0.0,0.0,452.0,497.0,565.0,19.09,1,0.0
40215,40642,4,154osm_풍동_154-충주_154_4,0.002978,0.027108,0.021954,0.0,0.0,0.0,0.0,452.0,497.0,565.0,19.09,1,0.0
40416,40418,1,154osm_안면_154-태안_154_1,0.00305,0.027761,0.022482,0.0,0.0,0.0,0.0,452.0,497.0,565.0,19.55,1,0.0
40416,40418,2,154osm_안면_154-태안_154_2,0.00305,0.027761,0.022482,0.0,0.0,0.0,0.0,452.0,497.0,565.0,19.55,1,0.0
40046,40197,1,154osm_거창_154-함양_154_1,0.003058,0.027839,0.022546,0.0,0.0,0.0,0.0,452.0,497.0,565.0,19.6,1,0.0
40046,40197,2,154osm_거창_154-함양_154_2,0.003058,0.027839,0.022546,0.0,0.0,0.0,0.0,452.0,497.0,565.0,19.6,1,0.0
40324,40620,1,154osm_부안_154-정주_154_1,0.00289001,0.0264419,0.053566,0.0,0.0,0.0,0.0,452.0,497.0,565.0,19.48,1,1.47
40324,40620,2,154osm_부안_154-정주_154_2,0.00289001,0.0264419,0.053566,0.0,0.0,0.0,0.0,452.0,497.0,565.0,19.48,1,1.47
40324,40620,3,154osm_부안_154-정주_154_3,0.00289001,0.0264419,0.053566,0.0,0.0,0.0,0.0,452.0,497.0,565.0,19.48,1,1.47
40324,40620,4,154osm_부안_154-정주_154_4,0.00289001,0.0264419,0.053566,0.0,0.0,0.0,0.0,452.0,497.0,565.0,19.48,1,1.47
40175,40599,1,154osm_강릉_154-횡계_154_1,0.003056,0.027818,0.022528,0.0,0.0,0.0,0.0,452.0,497.0,565.0,19.59,1,0.0
40175,40599,2,154osm_강릉_154-횡계_154_2,0.003056,0.027818,0.022528,0.0,0.0,0.0,0.0,452.0,497.0,565.0,19.59,1,0.0
40175,40599,3,154osm_강릉_154-횡계_154_3,0.003056,0.027818,0.022528,0.0,0.0,0.0,0.0,452.0,497.0,565.0,19.59,1,0.0
40175,40599,4,154osm_강릉_154-횡계_154_4,0.003056,0.027818,0.022528,0.0,0.0,0.0,0.0,452.0,497.0,565.0,19.59,1,0.0
40099,40217,1,154osm_신광주_154-장성_154_1,0.003092,0.028144,0.022793,0.0,0.0,0.0,0.0,452.0,497.0,565.0,19.82,1,0.0
40099,40217,2,154osm_신광주_154-장성_154_2,0.003092,0.028144,0.022793,0.0,0.0,0.0,0.0,452.0,497.0,565.0,19.82,1,0.0
40099,40217,3,154osm_신광주_154-장성_154_3,0.003092,0.028144,0.022793,0.0,0.0,0.0,0.0,452.0,497.0,565.0,19.82,1,0.0
40099,40217,4,154osm_신광주_154-장성_154_4,0.003092,0.028144,0.022793,0.0,0.0,0.0,0.0,452.0,497.0,565.0,19.82,1,0.0
40131,40580,1,154osm_신화순_154-매월_154_1,0.003098,0.028201,0.022839,0.0,0.0,0.0,0.0,452.0,497.0,565.0,19.86,1,0.0
40472,40473,1,154osm_금산_154-추부_154_1,0.003044,0.027704,0.022437,0.0,0.0,0.0,0.0,452.0,497.0,565.0,19.51,1,0.0
40472,40473,2,154osm_금산_154-추부_154_2,0.003044,0.027704,0.022437,0.0,0.0,0.0,0.0,452.0,497.0,565.0,19.51,1,0.0
40472,40473,3,154osm_금산_154-추부_154_3,0.003044,0.027704,0.022437,0.0,0.0,0.0,0.0,452.0,497.0,565.0,19.51,1,0.0
40472,40473,4,154osm_금산_154-추부_154_4,0.003044,0.027704,0.022437,0.0,0.0,0.0,0.0,452.0,497.0,565.0,19.51,1,0.0
40216,40627,1,154osm_음성_154-괴산_154_1,0.003157,0.028741,0.023276,0.0,0.0,0.0,0.0,452.0,497.0,565.0,20.24,1,0.0
40216,40627,2,154osm_음성_154-괴산_154_2,0.003157,0.028741,0.023276,0.0,0.0,0.0,0.0,452.0,497.0,565.0,20.24,1,0.0
40216,40627,3,154osm_음성_154-괴산_154_3,0.003157,0.028741,0.023276,0.0,0.0,0.0,0.0,452.0,497.0,565.0,20.24,1,0.0
40216,40627,4,154osm_음성_154-괴산_154_4,0.003157,0.028741,0.023276,0.0,0.0,0.0,0.0,452.0,497.0,565.0,20.24,1,0.0
40097,40184,1,154osm_진천_154-서운_154_1,0.003044,0.027704,0.022437,0.0,0.0,0.0,0.0,452.0,497.0,565.0,19.51,1,0.0
40097,40184,2,154osm_진천_154-서운_154_2,0.003044,0.027704,0.022437,0.0,0.0,0.0,0.0,452.0,497.0,565.0,19.51,1,0.0
40097,40184,3,154osm_진천_154-서운_154_3,0.003044,0.027704,0.022437,0.0,0.0,0.0,0.0,452.0,497.0,565.0,19.51,1,0.0
40097,40184,4,154osm_진천_154-서운_154_4,0.003044,0.027704,0.022437,0.0,0.0,0.0,0.0,452.0,497.0,565.0,19.51,1,0.0
40571,40593,1,154osm_율촌_154-화치_154_1,0.003126,0.028457,0.023046,0.0,0.0,0.0,0.0,452.0,497.0,565.0,20.04,1,0.0
40571,40593,2,154osm_율촌_154-화치_154_2,0.003126,0.028457,0.023046,0.0,0.0,0.0,0.0,452.0,497.0,565.0,20.04,1,0.0
40571,40593,3,154osm_율촌_154-화치_154_3,0.003126,0.028457,0.023046,0.0,0.0,0.0,0.0,452.0,497.0,565.0,20.04,1,0.0
40571,40593,4,154osm_율촌_154-화치_154_4,0.003126,0.028457,0.023046,0.0,0.0,0.0,0.0,452.0,497.0,565.0,20.04,1,0.0
40234,40489,1,154osm_거제_154-통영_154_1,0.003173,0.028883,0.023391,0.0,0.0,0.0,0.0,452.0,497.0,565.0,20.34,1,0.0
40234,40489,2,154osm_거제_154-통영_154_2,0.003173,0.028883,0.023391,0.0,0.0,0.0,0.0,452.0,497.0,565.0,20.34,1,0.0
40234,40489,3,154osm_거제_154-통영_154_3,0.003173,0.028883,0.023391,0.0,0.0,0.0,0.0,452.0,497.0,565.0,20.34,1,0.0
40234,40489,4,154osm_거제_154-통영_154_4,0.003173,0.028883,0.023391,0.0,0.0,0.0,0.0,452.0,497.0,565.0,20.34,1,0.0
40357,40491,1,154osm_사천_154-삼천포_154_1,0.003178,0.028925,0.023426,0.0,0.0,0.0,0.0,452.0,497.0,565.0,20.37,1,0.0
40231,40628,1,154osm_여주_154-감곡_154_1,0.003186,0.028996,0.023483,0.0,0.0,0.0,0.0,452.0,497.0,565.0,20.42,1,0.0
40231,40628,2,154osm_여주_154-감곡_154_2,0.003186,0.028996,0.023483,0.0,0.0,0.0,0.0,452.0,497.0,565.0,20.42,1,0.0
40231,40628,3,154osm_여주_154-감곡_154_3,0.003186,0.028996,0.023483,0.0,0.0,0.0,0.0,452.0,497.0,565.0,20.42,1,0.0
40231,40628,4,154osm_여주_154-감곡_154_4,0.003186,0.028996,0.023483,0.0,0.0,0.0,0.0,452.0,497.0,565.0,20.42,1,0.0
40134,40503,1,154osm_대송_154-양북_154_1,0.003266,0.029728,0.024075,0.0,0.0,0.0,0.0,452.0,497.0,565.0,20.93,1,0.0
40134,40503,2,154osm_대송_154-양북_154_2,0.003266,0.029728,0.024075,0.0,0.0,0.0,0.0,452.0,497.0,565.0,20.93,1,0.0
40475,40693,1,154osm_대산_154-성연_154_1,0.003209,0.029209,0.023655,0.0,0.0,0.0,0.0,452.0,497.0,565.0,20.57,1,0.0
40475,40693,2,154osm_대산_154-성연_154_2,0.003209,0.029209,0.023655,0.0,0.0,0.0,0.0,452.0,497.0,565.0,20.57,1,0.0
40298,40402,1,154osm_신의정부_154-내촌_154_1,0.003239,0.029479,0.023874,0.0,0.0,0.0,0.0,452.0,497.0,565.0,20.76,1,0.0
40298,40402,2,154osm_신의정부_154-내촌_154_2,0.003239,0.029479,0.023874,0.0,0.0,0.0,0.0,452.0,497.0,565.0,20.76,1,0.0
40201,40536,1,154osm_상주_154-청리_154_1,0.003232,0.029422,0.023828,0.0,0.0,0.0,0.0,452.0,497.0,565.0,20.72,1,0.0
40201,40536,2,154osm_상주_154-청리_154_2,0.003232,0.029422,0.023828,0.0,0.0,0.0,0.0,452.0,497.0,565.0,20.72,1,0.0
40201,40536,3,154osm_상주_154-청리_154_3,0.003232,0.029422,0.023828,0.0,0.0,0.0,0.0,452.0,497.0,565.0,20.72,1,0.0
40201,40536,4,154osm_상주_154-청리_154_4,0.003232,0.029422,0.023828,0.0,0.0,0.0,0.0,452.0,497.0,565.0,20.72,1,0.0
40273,40475,1,154osm_서산_154-대산_154_1,0.003237,0.029465,0.023862,0.0,0.0,0.0,0.0,452.0,497.0,565.0,20.75,1,0.0
40273,40475,2,154osm_서산_154-대산_154_2,0.003237,0.029465,0.023862,0.0,0.0,0.0,0.0,452.0,497.0,565.0,20.75,1,0.0
40049,40088,1,154osm_청양_154-관창_154_1,0.003236,0.029454,0.023854,0.0,0.0,0.0,0.0,452.0,497.0,565.0,20.74,1,0.0
40049,40088,2,154osm_청양_154-관창_154_2,0.003236,0.029454,0.023854,0.0,0.0,0.0,0.0,452.0,497.0,565.0,20.74,1,0.0
40358,40366,1,154osm_남면_154-백학_154_1,0.003292,0.029962,0.024265,0.0,0.0,0.0,0.0,452.0,497.0,565.0,21.1,1,0.0
40358,40366,2,154osm_남면_154-백학_154_2,0.003292,0.029962,0.024265,0.0,0.0,0.0,0.0,452.0,497.0,565.0,21.1,1,0.0
40358,40366,3,154osm_남면_154-백학_154_3,0.003292,0.029962,0.024265,0.0,0.0,0.0,0.0,452.0,497.0,565.0,21.1,1,0.0
40358,40366,4,154osm_남면_154-백학_154_4,0.003292,0.029962,0.024265,0.0,0.0,0.0,0.0,452.0,497.0,565.0,21.1,1,0.0
40213,40216,1,154osm_신충주_154-음성_154_1,0.003264,0.029706,0.024058,0.0,0.0,0.0,0.0,452.0,497.0,565.0,20.92,1,0.0
40213,40216,2,154osm_신충주_154-음성_154_2,0.003264,0.029706,0.024058,0.0,0.0,0.0,0.0,452.0,497.0,565.0,20.92,1,0.0
40213,40216,3,154osm_신충주_154-음성_154_3,0.003264,0.029706,0.024058,0.0,0.0,0.0,0.0,452.0,497.0,565.0,20.92,1,0.0
40213,40216,4,154osm_신충주_154-음성_154_4,0.003264,0.029706,0.024058,0.0,0.0,0.0,0.0,452.0,497.0,565.0,20.92,1,0.0
40074,40702,1,154osm_노포_154-양산T2_154_1,0.003306,0.03009,0.024369,0.0,0.0,0.0,0.0,452.0,497.0,565.0,21.19,1,0.0
40074,40702,2,154osm_노포_154-양산T2_154_2,0.003306,0.03009,0.024369,0.0,0.0,0.0,0.0,452.0,497.0,565.0,21.19,1,0.0
40202,40263,1,154osm_해남_154-강진_154_1,0.003274,0.029806,0.024138,0.0,0.0,0.0,0.0,452.0,497.0,565.0,20.99,1,0.0
40202,40263,2,154osm_해남_154-강진_154_2,0.003274,0.029806,0.024138,0.0,0.0,0.0,0.0,452.0,497.0,565.0,20.99,1,0.0
40152,40157,1,154osm_창녕_154-밀양T1_154_1,0.003331,0.030317,0.024553,0.0,0.0,0.0,0.0,452.0,497.0,565.0,21.35,1,0.0
40152,40157,2,154osm_창녕_154-밀양T1_154_2,0.003331,0.030317,0.024553,0.0,0.0,0.0,0.0,452.0,497.0,565.0,21.35,1,0.0
40152,40157,3,154osm_창녕_154-밀양T1_154_3,0.003331,0.030317,0.024553,0.0,0.0,0.0,0.0,452.0,497.0,565.0,21.35,1,0.0
40152,40157,4,154osm_창녕_154-밀양T1_154_4,0.003331,0.030317,0.024553,0.0,0.0,0.0,0.0,452.0,497.0,565.0,21.35,1,0.0
40283,40625,1,154osm_태백_154-고한_154_1,0.003323,0.030246,0.024495,0.0,0.0,0.0,0.0,452.0,497.0,565.0,21.3,1,0.0
40283,40625,2,154osm_태백_154-고한_154_2,0.003323,0.030246,0.024495,0.0,0.0,0.0,0.0,452.0,497.0,565.0,21.3,1,0.0
40132,40401,1,154osm_운천_154-전곡_154_1,0.003334,0.030345,0.024576,0.0,0.0,0.0,0.0,452.0,497.0,565.0,21.37,1,0.0
40132,40401,2,154osm_운천_154-전곡_154_2,0.003334,0.030345,0.024576,0.0,0.0,0.0,0.0,452.0,497.0,565.0,21.37,1,0.0
40132,40401,3,154osm_운천_154-전곡_154_3,0.003334,0.030345,0.024576,0.0,0.0,0.0,0.0,452.0,497.0,565.0,21.37,1,0.0
40132,40401,4,154osm_운천_154-전곡_154_4,0.003334,0.030345,0.024576,0.0,0.0,0.0,0.0,452.0,497.0,565.0,21.37,1,0.0
40102,40350,1,154osm_의령_154-동진주_154_1,0.003365,0.030629,0.024806,0.0,0.0,0.0,0.0,452.0,497.0,565.0,21.57,1,0.0
40102,40350,2,154osm_의령_154-동진주_154_2,0.003365,0.030629,0.024806,0.0,0.0,0.0,0.0,452.0,497.0,565.0,21.57,1,0.0
40241,40534,1,154osm_봉화_154-영주_154_1,0.003475,0.031631,0.025617,0.0,0.0,0.0,0.0,452.0,497.0,565.0,22.28,1,0.0
40241,40534,2,154osm_봉화_154-영주_154_2,0.003475,0.031631,0.025617,0.0,0.0,0.0,0.0,452.0,497.0,565.0,22.28,1,0.0
40219,40262,1,154osm_나주_154-영암_154_1,0.003387,0.030828,0.024966,0.0,0.0,0.0,0.0,452.0,497.0,565.0,21.71,1,0.0
40279,40280,1,154osm_화원_154-진도_154_1,0.003451,0.03141,0.025438,0.0,0.0,0.0,0.0,452.0,497.0,565.0,22.12,1,0.0
40279,40280,2,154osm_화원_154-진도_154_2,0.003451,0.03141,0.025438,0.0,0.0,0.0,0.0,452.0,497.0,565.0,22.12,1,0.0
40279,40280,3,154osm_화원_154-진도_154_3,0.003451,0.03141,0.025438,0.0,0.0,0.0,0.0,452.0,497.0,565.0,22.12,1,0.0
40279,40280,4,154osm_화원_154-진도_154_4,0.003451,0.03141,0.025438,0.0,0.0,0.0,0.0,452.0,497.0,565.0,22.12,1,0.0
40202,40764,1,154osm_해남_154-신강진_154_1,0.003443,0.031339,0.025381,0.0,0.0,0.0,0.0,452.0,497.0,565.0,22.07,1,0.0
40202,40764,2,154osm_해남_154-신강진_154_2,0.003443,0.031339,0.025381,0.0,0.0,0.0,0.0,452.0,497.0,565.0,22.07,1,0.0
40200,40535,1,154osm_점촌_154-문경_154_1,0.003444,0.031354,0.025392,0.0,0.0,0.0,0.0,452.0,497.0,565.0,22.08,1,0.0
40200,40535,2,154osm_점촌_154-문경_154_2,0.003444,0.031354,0.025392,0.0,0.0,0.0,0.0,452.0,497.0,565.0,22.08,1,0.0
40200,40535,3,154osm_점촌_154-문경_154_3,0.003444,0.031354,0.025392,0.0,0.0,0.0,0.0,452.0,497.0,565.0,22.08,1,0.0
40470,40487,1,154osm_옥산_154-장항_154_1,0.003448,0.031382,0.025415,0.0,0.0,0.0,0.0,452.0,497.0,565.0,22.1,1,0.0
40470,40487,2,154osm_옥산_154-장항_154_2,0.003448,0.031382,0.025415,0.0,0.0,0.0,0.0,452.0,497.0,565.0,22.1,1,0.0
40470,40487,3,154osm_옥산_154-장항_154_3,0.003448,0.031382,0.025415,0.0,0.0,0.0,0.0,452.0,497.0,565.0,22.1,1,0.0
40470,40487,4,154osm_옥산_154-장항_154_4,0.003448,0.031382,0.025415,0.0,0.0,0.0,0.0,452.0,497.0,565.0,22.1,1,0.0
40063,40380,1,154osm_양양_154-주문진_154_1,0.003632,0.033056,0.026771,0.0,0.0,0.0,0.0,452.0,497.0,565.0,23.28,1,0.0
40063,40380,2,154osm_양양_154-주문진_154_2,0.003632,0.033056,0.026771,0.0,0.0,0.0,0.0,452.0,497.0,565.0,23.28,1,0.0
40063,40380,3,154osm_양양_154-주문진_154_3,0.003632,0.033056,0.026771,0.0,0.0,0.0,0.0,452.0,497.0,565.0,23.28,1,0.0
40063,40380,4,154osm_양양_154-주문진_154_4,0.003632,0.033056,0.026771,0.0,0.0,0.0,0.0,452.0,497.0,565.0,23.28,1,0.0
40472,40609,1,154osm_금산_154-무주_154_1,0.00344,0.031311,0.025358,0.0,0.0,0.0,0.0,452.0,497.0,565.0,22.05,1,0.0
40472,40609,2,154osm_금산_154-무주_154_2,0.00344,0.031311,0.025358,0.0,0.0,0.0,0.0,452.0,497.0,565.0,22.05,1,0.0
40472,40609,3,154osm_금산_154-무주_154_3,0.00344,0.031311,0.025358,0.0,0.0,0.0,0.0,452.0,497.0,565.0,22.05,1,0.0
40472,40609,4,154osm_금산_154-무주_154_4,0.00344,0.031311,0.025358,0.0,0.0,0.0,0.0,452.0,497.0,565.0,22.05,1,0.0
40328,40538,1,154osm_선산_154-안계_154_1,0.00335447,0.0306595,0.054357,0.0,0.0,0.0,0.0,452.0,497.0,565.0,22.38,1,1.35
40328,40538,2,154osm_선산_154-안계_154_2,0.00335447,0.0306595,0.054357,0.0,0.0,0.0,0.0,452.0,497.0,565.0,22.38,1,1.35
40101,40613,1,154osm_신김제_154-동전주_154_1,0.003508,0.031936,0.025863,0.0,0.0,0.0,0.0,452.0,497.0,565.0,22.49,1,0.0
40101,40613,2,154osm_신김제_154-동전주_154_2,0.003508,0.031936,0.025863,0.0,0.0,0.0,0.0,452.0,497.0,565.0,22.49,1,0.0
40101,40613,3,154osm_신김제_154-동전주_154_3,0.003508,0.031936,0.025863,0.0,0.0,0.0,0.0,452.0,497.0,565.0,22.49,1,0.0
40101,40613,4,154osm_신김제_154-동전주_154_4,0.003508,0.031936,0.025863,0.0,0.0,0.0,0.0,452.0,497.0,565.0,22.49,1,0.0
40139,40329,1,154osm_신제천_154-영월_154_1,0.003654,0.033262,0.026938,0.0,0.0,0.0,0.0,452.0,497.0,565.0,23.42,1,0.0
40139,40329,2,154osm_신제천_154-영월_154_2,0.003654,0.033262,0.026938,0.0,0.0,0.0,0.0,452.0,497.0,565.0,23.42,1,0.0
40273,40418,1,154osm_서산_154-태안_154_1,0.003544,0.032262,0.026128,0.0,0.0,0.0,0.0,452.0,497.0,565.0,22.72,1,0.0
40273,40418,2,154osm_서산_154-태안_154_2,0.003544,0.032262,0.026128,0.0,0.0,0.0,0.0,452.0,497.0,565.0,22.72,1,0.0
40273,40418,3,154osm_서산_154-태안_154_3,0.003544,0.032262,0.026128,0.0,0.0,0.0,0.0,452.0,497.0,565.0,22.72,1,0.0
40273,40418,4,154osm_서산_154-태안_154_4,0.003544,0.032262,0.026128,0.0,0.0,0.0,0.0,452.0,497.0,565.0,22.72,1,0.0
40385,40443,1,154osm_문막_154-지제_154_1,0.003518,0.032021,0.025933,0.0,0.0,0.0,0.0,452.0,497.0,565.0,22.55,1,0.0
40385,40443,2,154osm_문막_154-지제_154_2,0.003518,0.032021,0.025933,0.0,0.0,0.0,0.0,452.0,497.0,565.0,22.55,1,0.0
40160,40358,1,154osm_신포천_154-남면_154_1,0.003577,0.032561,0.02637,0.0,0.0,0.0,0.0,452.0,497.0,565.0,22.93,1,0.0
40160,40358,2,154osm_신포천_154-남면_154_2,0.003577,0.032561,0.02637,0.0,0.0,0.0,0.0,452.0,497.0,565.0,22.93,1,0.0
40160,40358,3,154osm_신포천_154-남면_154_3,0.003577,0.032561,0.02637,0.0,0.0,0.0,0.0,452.0,497.0,565.0,22.93,1,0.0
40160,40358,4,154osm_신포천_154-남면_154_4,0.003577,0.032561,0.02637,0.0,0.0,0.0,0.0,452.0,497.0,565.0,22.93,1,0.0
40614,40615,1,154osm_임실_154-남원_154_1,0.003585,0.032632,0.026427,0.0,0.0,0.0,0.0,452.0,497.0,565.0,22.98,1,0.0
40614,40615,2,154osm_임실_154-남원_154_2,0.003585,0.032632,0.026427,0.0,0.0,0.0,0.0,452.0,497.0,565.0,22.98,1,0.0
40102,40353,1,154osm_의령_154-산청_154_1,0.003563,0.032433,0.026266,0.0,0.0,0.0,0.0,452.0,497.0,565.0,22.84,1,0.0
40102,40353,2,154osm_의령_154-산청_154_2,0.003563,0.032433,0.026266,0.0,0.0,0.0,0.0,452.0,497.0,565.0,22.84,1,0.0
40329,40636,1,154osm_영월_154-단양_154_1,0.003692,0.033608,0.027217,0.0,0.0,0.0,0.0,452.0,497.0,565.0,23.67,1,0.0
40329,40636,2,154osm_영월_154-단양_154_2,0.003692,0.033608,0.027217,0.0,0.0,0.0,0.0,452.0,497.0,565.0,23.67,1,0.0
40233,40628,1,154osm_가남_154-감곡_154_1,0.003683,0.033526,0.027151,0.0,0.0,0.0,0.0,452.0,497.0,565.0,23.61,1,0.0
40233,40628,2,154osm_가남_154-감곡_154_2,0.003683,0.033526,0.027151,0.0,0.0,0.0,0.0,452.0,497.0,565.0,23.61,1,0.0
40107,40376,1,154osm_공주_154-신풍_154_1,0.003761,0.034236,0.027726,0.0,0.0,0.0,0.0,452.0,497.0,565.0,24.11,1,0.0
40107,40376,2,154osm_공주_154-신풍_154_2,0.003761,0.034236,0.027726,0.0,0.0,0.0,0.0,452.0,497.0,565.0,24.11,1,0.0
40107,40376,3,154osm_공주_154-신풍_154_3,0.003761,0.034236,0.027726,0.0,0.0,0.0,0.0,452.0,497.0,565.0,24.11,1,0.0
40107,40376,4,154osm_공주_154-신풍_154_4,0.003761,0.034236,0.027726,0.0,0.0,0.0,0.0,452.0,497.0,565.0,24.11,1,0.0
40098,40309,1,154osm_청원_154-청주_154_1,0.00371,0.033768,0.027347,0.0,0.0,0.0,0.0,452.0,497.0,565.0,23.78,1,0.0
40098,40309,2,154osm_청원_154-청주_154_2,0.00371,0.033768,0.027347,0.0,0.0,0.0,0.0,452.0,497.0,565.0,23.78,1,0.0
40098,40309,3,154osm_청원_154-청주_154_3,0.00371,0.033768,0.027347,0.0,0.0,0.0,0.0,452.0,497.0,565.0,23.78,1,0.0
40098,40309,4,154osm_청원_154-청주_154_4,0.00371,0.033768,0.027347,0.0,0.0,0.0,0.0,452.0,497.0,565.0,23.78,1,0.0
40257,40596,1,154osm_목포_154-엄다_154_1,0.003678,0.033484,0.027117,0.0,0.0,0.0,0.0,452.0,497.0,565.0,23.58,1,0.0
40215,40216,1,154osm_풍동_154-음성_154_1,0.003713,0.033796,0.02737,0.0,0.0,0.0,0.0,452.0,497.0,565.0,23.8,1,0.0
40215,40216,2,154osm_풍동_154-음성_154_2,0.003713,0.033796,0.02737,0.0,0.0,0.0,0.0,452.0,497.0,565.0,23.8,1,0.0
40215,40216,3,154osm_풍동_154-음성_154_3,0.003713,0.033796,0.02737,0.0,0.0,0.0,0.0,452.0,497.0,565.0,23.8,1,0.0
40215,40216,4,154osm_풍동_154-음성_154_4,0.003713,0.033796,0.02737,0.0,0.0,0.0,0.0,452.0,497.0,565.0,23.8,1,0.0
40198,40317,1,154osm_고성_154-신고성_154_1,0.003736,0.034009,0.027542,0.0,0.0,0.0,0.0,452.0,497.0,565.0,23.95,1,0.0
40574,40598,1,154osm_승주_154-화순_154_1,0.003719,0.033853,0.027416,0.0,0.0,0.0,0.0,452.0,497.0,565.0,23.84,1,0.0
40574,40598,2,154osm_승주_154-화순_154_2,0.003719,0.033853,0.027416,0.0,0.0,0.0,0.0,452.0,497.0,565.0,23.84,1,0.0
40167,40540,1,154osm_칠곡_154-산동_154_1,0.003803,0.03462,0.028037,0.0,0.0,0.0,0.0,452.0,497.0,565.0,24.38,1,0.0
40167,40540,2,154osm_칠곡_154-산동_154_2,0.003803,0.03462,0.028037,0.0,0.0,0.0,0.0,452.0,497.0,565.0,24.38,1,0.0
40260,40646,1,154osm_영동_154-보은_154_1,0.003763,0.03425,0.027738,0.0,0.0,0.0,0.0,452.0,497.0,565.0,24.12,1,0.0
40197,40353,1,154osm_함양_154-산청_154_1,0.003822,0.03479,0.028175,0.0,0.0,0.0,0.0,452.0,497.0,565.0,24.5,1,0.0
40197,40353,2,154osm_함양_154-산청_154_2,0.003822,0.03479,0.028175,0.0,0.0,0.0,0.0,452.0,497.0,565.0,24.5,1,0.0
40216,40628,1,154osm_음성_154-감곡_154_1,0.003783,0.034435,0.027887,0.0,0.0,0.0,0.0,452.0,497.0,565.0,24.25,1,0.0
40216,40628,2,154osm_음성_154-감곡_154_2,0.003783,0.034435,0.027887,0.0,0.0,0.0,0.0,452.0,497.0,565.0,24.25,1,0.0
40216,40628,3,154osm_음성_154-감곡_154_3,0.003783,0.034435,0.027887,0.0,0.0,0.0,0.0,452.0,497.0,565.0,24.25,1,0.0
40216,40628,4,154osm_음성_154-감곡_154_4,0.003783,0.034435,0.027887,0.0,0.0,0.0,0.0,452.0,497.0,565.0,24.25,1,0.0
40257,40765,1,154osm_목포_154-대불_154_1,0.003872,0.035244,0.028543,0.0,0.0,0.0,0.0,452.0,497.0,565.0,24.82,1,0.0
40646,40654,1,154osm_보은_154-옥천2_154_1,0.003839,0.034946,0.028302,0.0,0.0,0.0,0.0,452.0,497.0,565.0,24.61,1,0.0
40646,40654,2,154osm_보은_154-옥천2_154_2,0.003839,0.034946,0.028302,0.0,0.0,0.0,0.0,452.0,497.0,565.0,24.61,1,0.0
40646,40654,3,154osm_보은_154-옥천2_154_3,0.003839,0.034946,0.028302,0.0,0.0,0.0,0.0,452.0,497.0,565.0,24.61,1,0.0
40646,40654,4,154osm_보은_154-옥천2_154_4,0.003839,0.034946,0.028302,0.0,0.0,0.0,0.0,452.0,497.0,565.0,24.61,1,0.0
40224,40470,1,154osm_논산_154-옥산_154_1,0.003855,0.035091,0.028419,0.0,0.0,0.0,0.0,452.0,497.0,565.0,24.71,1,0.0
40224,40470,2,154osm_논산_154-옥산_154_2,0.003855,0.035091,0.028419,0.0,0.0,0.0,0.0,452.0,497.0,565.0,24.71,1,0.0
40600,40602,1,154osm_올림픽_154-평창_154_1,0.003847,0.035017,0.028359,0.0,0.0,0.0,0.0,452.0,497.0,565.0,24.66,1,0.0
40600,40602,2,154osm_올림픽_154-평창_154_2,0.003847,0.035017,0.028359,0.0,0.0,0.0,0.0,452.0,497.0,565.0,24.66,1,0.0
40046,40352,1,154osm_거창_154-합천_154_1,0.003866,0.035188,0.028497,0.0,0.0,0.0,0.0,452.0,497.0,565.0,24.78,1,0.0
40046,40352,2,154osm_거창_154-합천_154_2,0.003866,0.035188,0.028497,0.0,0.0,0.0,0.0,452.0,497.0,565.0,24.78,1,0.0
40141,40444,1,154osm_곤지암_154-용문_154_1,0.003856,0.035102,0.028428,0.0,0.0,0.0,0.0,452.0,497.0,565.0,24.72,1,0.0
40141,40444,2,154osm_곤지암_154-용문_154_2,0.003856,0.035102,0.028428,0.0,0.0,0.0,0.0,452.0,497.0,565.0,24.72,1,0.0
40141,40444,3,154osm_곤지암_154-용문_154_3,0.003856,0.035102,0.028428,0.0,0.0,0.0,0.0,452.0,497.0,565.0,24.72,1,0.0
40141,40444,4,154osm_곤지암_154-용문_154_4,0.003856,0.035102,0.028428,0.0,0.0,0.0,0.0,452.0,497.0,565.0,24.72,1,0.0
40049,40373,1,154osm_청양_154-은하_154_1,0.003905,0.035543,0.028785,0.0,0.0,0.0,0.0,452.0,497.0,565.0,25.03,1,0.0
40049,40373,2,154osm_청양_154-은하_154_2,0.003905,0.035543,0.028785,0.0,0.0,0.0,0.0,452.0,497.0,565.0,25.03,1,0.0
40049,40373,3,154osm_청양_154-은하_154_3,0.003905,0.035543,0.028785,0.0,0.0,0.0,0.0,452.0,497.0,565.0,25.03,1,0.0
40049,40373,4,154osm_청양_154-은하_154_4,0.003905,0.035543,0.028785,0.0,0.0,0.0,0.0,452.0,497.0,565.0,25.03,1,0.0
40101,40630,1,154osm_신김제_154-정공_154_1,0.003956,0.036011,0.029164,0.0,0.0,0.0,0.0,452.0,497.0,565.0,25.36,1,0.0
40101,40630,2,154osm_신김제_154-정공_154_2,0.003956,0.036011,0.029164,0.0,0.0,0.0,0.0,452.0,497.0,565.0,25.36,1,0.0
40101,40630,3,154osm_신김제_154-정공_154_3,0.003956,0.036011,0.029164,0.0,0.0,0.0,0.0,452.0,497.0,565.0,25.36,1,0.0
40101,40630,4,154osm_신김제_154-정공_154_4,0.003956,0.036011,0.029164,0.0,0.0,0.0,0.0,452.0,497.0,565.0,25.36,1,0.0
40601,40608,1,154osm_주진_154-둔내_154_1,0.003933,0.035798,0.028991,0.0,0.0,0.0,0.0,452.0,497.0,565.0,25.21,1,0.0
40601,40608,2,154osm_주진_154-둔내_154_2,0.003933,0.035798,0.028991,0.0,0.0,0.0,0.0,452.0,497.0,565.0,25.21,1,0.0
40382,40400,1,154osm_홍천_154-남춘천_154_1,0.003942,0.035883,0.02906,0.0,0.0,0.0,0.0,452.0,497.0,565.0,25.27,1,0.0
40382,40400,2,154osm_홍천_154-남춘천_154_2,0.003942,0.035883,0.02906,0.0,0.0,0.0,0.0,452.0,497.0,565.0,25.27,1,0.0
40382,40400,3,154osm_홍천_154-남춘천_154_3,0.003942,0.035883,0.02906,0.0,0.0,0.0,0.0,452.0,497.0,565.0,25.27,1,0.0
40382,40400,4,154osm_홍천_154-남춘천_154_4,0.003942,0.035883,0.02906,0.0,0.0,0.0,0.0,452.0,497.0,565.0,25.27,1,0.0
40619,40620,1,154osm_고창_154-정주_154_1,0.004028,0.036664,0.029693,0.0,0.0,0.0,0.0,452.0,497.0,565.0,25.82,1,0.0
40619,40620,2,154osm_고창_154-정주_154_2,0.004028,0.036664,0.029693,0.0,0.0,0.0,0.0,452.0,497.0,565.0,25.82,1,0.0
40619,40620,3,154osm_고창_154-정주_154_3,0.004028,0.036664,0.029693,0.0,0.0,0.0,0.0,452.0,497.0,565.0,25.82,1,0.0
40619,40620,4,154osm_고창_154-정주_154_4,0.004028,0.036664,0.029693,0.0,0.0,0.0,0.0,452.0,497.0,565.0,25.82,1,0.0
40372,40623,1,154osm_동영월_154-정선_154_1,0.004047,0.036835,0.029831,0.0,0.0,0.0,0.0,452.0,497.0,565.0,25.94,1,0.0
40372,40623,2,154osm_동영월_154-정선_154_2,0.004047,0.036835,0.029831,0.0,0.0,0.0,0.0,452.0,497.0,565.0,25.94,1,0.0
40247,40248,1,154osm_벌교_154-보성_154_1,0.004106,0.037374,0.030268,0.0,0.0,0.0,0.0,452.0,497.0,565.0,26.32,1,0.0
40362,40708,1,154osm_가평_154-춘천T1_154_1,0.004192,0.038155,0.030901,0.0,0.0,0.0,0.0,452.0,497.0,565.0,26.87,1,0.0
40362,40708,2,154osm_가평_154-춘천T1_154_2,0.004192,0.038155,0.030901,0.0,0.0,0.0,0.0,452.0,497.0,565.0,26.87,1,0.0
40764,40765,1,154osm_신강진_154-대불_154_1,0.004173,0.037985,0.030762,0.0,0.0,0.0,0.0,452.0,497.0,565.0,26.75,1,0.0
40764,40765,2,154osm_신강진_154-대불_154_2,0.004173,0.037985,0.030762,0.0,0.0,0.0,0.0,452.0,497.0,565.0,26.75,1,0.0
40105,40195,1,154osm_광양_154-하동_154_1,0.004215,0.038368,0.031073,0.0,0.0,0.0,0.0,452.0,497.0,565.0,27.02,1,0.0
40105,40195,2,154osm_광양_154-하동_154_2,0.004215,0.038368,0.031073,0.0,0.0,0.0,0.0,452.0,497.0,565.0,27.02,1,0.0
40105,40195,3,154osm_광양_154-하동_154_3,0.004215,0.038368,0.031073,0.0,0.0,0.0,0.0,452.0,497.0,565.0,27.02,1,0.0
40105,40195,4,154osm_광양_154-하동_154_4,0.004215,0.038368,0.031073,0.0,0.0,0.0,0.0,452.0,497.0,565.0,27.02,1,0.0
40190,40191,1,154osm_밀양_154-청도_154_1,0.004271,0.03888,0.031487,0.0,0.0,0.0,0.0,452.0,497.0,565.0,27.38,1,0.0
40190,40191,2,154osm_밀양_154-청도_154_2,0.004271,0.03888,0.031487,0.0,0.0,0.0,0.0,452.0,497.0,565.0,27.38,1,0.0
40123,40430,1,154osm_신영주_154-안동_154_1,0.004265,0.038823,0.031441,0.0,0.0,0.0,0.0,452.0,497.0,565.0,27.34,1,0.0
40123,40430,2,154osm_신영주_154-안동_154_2,0.004265,0.038823,0.031441,0.0,0.0,0.0,0.0,452.0,497.0,565.0,27.34,1,0.0
40123,40430,3,154osm_신영주_154-안동_154_3,0.004265,0.038823,0.031441,0.0,0.0,0.0,0.0,452.0,497.0,565.0,27.34,1,0.0
40123,40430,4,154osm_신영주_154-안동_154_4,0.004265,0.038823,0.031441,0.0,0.0,0.0,0.0,452.0,497.0,565.0,27.34,1,0.0
40374,40377,1,154osm_해미_154-홍성_154_1,0.004301,0.039149,0.031705,0.0,0.0,0.0,0.0,452.0,497.0,565.0,27.57,1,0.0
40374,40377,2,154osm_해미_154-홍성_154_2,0.004301,0.039149,0.031705,0.0,0.0,0.0,0.0,452.0,497.0,565.0,27.57,1,0.0
40374,40377,3,154osm_해미_154-홍성_154_3,0.004301,0.039149,0.031705,0.0,0.0,0.0,0.0,452.0,497.0,565.0,27.57,1,0.0
40374,40377,4,154osm_해미_154-홍성_154_4,0.004301,0.039149,0.031705,0.0,0.0,0.0,0.0,452.0,497.0,565.0,27.57,1,0.0
40399,40709,1,154osm_서홍천_154-춘천T2_154_1,0.004507,0.041024,0.033224,0.0,0.0,0.0,0.0,452.0,497.0,565.0,28.89,1,0.0
40399,40709,2,154osm_서홍천_154-춘천T2_154_2,0.004507,0.041024,0.033224,0.0,0.0,0.0,0.0,452.0,497.0,565.0,28.89,1,0.0
40399,40709,3,154osm_서홍천_154-춘천T2_154_3,0.004507,0.041024,0.033224,0.0,0.0,0.0,0.0,452.0,497.0,565.0,28.89,1,0.0
40399,40709,4,154osm_서홍천_154-춘천T2_154_4,0.004507,0.041024,0.033224,0.0,0.0,0.0,0.0,452.0,497.0,565.0,28.89,1,0.0
40198,40706,1,154osm_고성_154-거제T1_154_1,0.004494,0.04091,0.033132,0.0,0.0,0.0,0.0,452.0,497.0,565.0,28.81,1,0.0
40198,40706,2,154osm_고성_154-거제T1_154_2,0.004494,0.04091,0.033132,0.0,0.0,0.0,0.0,452.0,497.0,565.0,28.81,1,0.0
40139,40607,1,154osm_신제천_154-남원주_154_1,0.004633,0.042174,0.034155,0.0,0.0,0.0,0.0,452.0,497.0,565.0,29.7,1,0.0
40213,40643,1,154osm_신충주_154-북충주_154_1,0.004602,0.04189,0.033925,0.0,0.0,0.0,0.0,452.0,497.0,565.0,29.5,1,0.0
40213,40643,2,154osm_신충주_154-북충주_154_2,0.004602,0.04189,0.033925,0.0,0.0,0.0,0.0,452.0,497.0,565.0,29.5,1,0.0
40213,40643,3,154osm_신충주_154-북충주_154_3,0.004602,0.04189,0.033925,0.0,0.0,0.0,0.0,452.0,497.0,565.0,29.5,1,0.0
40213,40643,4,154osm_신충주_154-북충주_154_4,0.004602,0.04189,0.033925,0.0,0.0,0.0,0.0,452.0,497.0,565.0,29.5,1,0.0
40446,40451,1,154osm_영덕_154-진보_154_1,0.004636,0.042202,0.034178,0.0,0.0,0.0,0.0,452.0,497.0,565.0,29.72,1,0.0
40446,40451,2,154osm_영덕_154-진보_154_2,0.004636,0.042202,0.034178,0.0,0.0,0.0,0.0,452.0,497.0,565.0,29.72,1,0.0
40446,40451,3,154osm_영덕_154-진보_154_3,0.004636,0.042202,0.034178,0.0,0.0,0.0,0.0,452.0,497.0,565.0,29.72,1,0.0
40446,40451,4,154osm_영덕_154-진보_154_4,0.004636,0.042202,0.034178,0.0,0.0,0.0,0.0,452.0,497.0,565.0,29.72,1,0.0
40382,40397,1,154osm_홍천_154-춘천_154_1,0.00468,0.0426,0.0345,0.0,0.0,0.0,0.0,452.0,497.0,565.0,30.0,1,0.0
40382,40397,2,154osm_홍천_154-춘천_154_2,0.00468,0.0426,0.0345,0.0,0.0,0.0,0.0,452.0,497.0,565.0,30.0,1,0.0
40382,40397,3,154osm_홍천_154-춘천_154_3,0.00468,0.0426,0.0345,0.0,0.0,0.0,0.0,452.0,497.0,565.0,30.0,1,0.0
40382,40397,4,154osm_홍천_154-춘천_154_4,0.00468,0.0426,0.0345,0.0,0.0,0.0,0.0,452.0,497.0,565.0,30.0,1,0.0
40219,40596,1,154osm_나주_154-엄다_154_1,0.004682,0.042614,0.034512,0.0,0.0,0.0,0.0,452.0,497.0,565.0,30.01,1,0.0
40219,40596,2,154osm_나주_154-엄다_154_2,0.004682,0.042614,0.034512,0.0,0.0,0.0,0.0,452.0,497.0,565.0,30.01,1,0.0
40622,40626,1,154osm_이원_154-도계_154_1,0.004744,0.043182,0.034972,0.0,0.0,0.0,0.0,452.0,497.0,565.0,30.41,1,0.0
40622,40626,2,154osm_이원_154-도계_154_2,0.004744,0.043182,0.034972,0.0,0.0,0.0,0.0,452.0,497.0,565.0,30.41,1,0.0
40286,40527,1,154osm_경산_154-자인_154_1,0.0048,0.043693,0.035386,0.0,0.0,0.0,0.0,452.0,497.0,565.0,30.77,1,0.0
40286,40527,2,154osm_경산_154-자인_154_2,0.0048,0.043693,0.035386,0.0,0.0,0.0,0.0,452.0,497.0,565.0,30.77,1,0.0
40286,40527,3,154osm_경산_154-자인_154_3,0.0048,0.043693,0.035386,0.0,0.0,0.0,0.0,452.0,497.0,565.0,30.77,1,0.0
40286,40527,4,154osm_경산_154-자인_154_4,0.0048,0.043693,0.035386,0.0,0.0,0.0,0.0,452.0,497.0,565.0,30.77,1,0.0
40490,40492,1,154osm_진동_154-안정_154_1,0.004839,0.044048,0.035673,0.0,0.0,0.0,0.0,452.0,497.0,565.0,31.02,1,0.0
40200,40533,1,154osm_점촌_154-예천_154_1,0.004909,0.044687,0.036191,0.0,0.0,0.0,0.0,452.0,497.0,565.0,31.47,1,0.0
40200,40533,2,154osm_점촌_154-예천_154_2,0.004909,0.044687,0.036191,0.0,0.0,0.0,0.0,452.0,497.0,565.0,31.47,1,0.0
40200,40533,3,154osm_점촌_154-예천_154_3,0.004909,0.044687,0.036191,0.0,0.0,0.0,0.0,452.0,497.0,565.0,31.47,1,0.0
40200,40533,4,154osm_점촌_154-예천_154_4,0.004909,0.044687,0.036191,0.0,0.0,0.0,0.0,452.0,497.0,565.0,31.47,1,0.0
40195,40196,1,154osm_하동_154-남해_154_1,0.004923,0.044815,0.036294,0.0,0.0,0.0,0.0,452.0,497.0,565.0,31.56,1,0.0
40195,40196,2,154osm_하동_154-남해_154_2,0.004923,0.044815,0.036294,0.0,0.0,0.0,0.0,452.0,497.0,565.0,31.56,1,0.0
40195,40196,3,154osm_하동_154-남해_154_3,0.004923,0.044815,0.036294,0.0,0.0,0.0,0.0,452.0,497.0,565.0,31.56,1,0.0
40195,40196,4,154osm_하동_154-남해_154_4,0.004923,0.044815,0.036294,0.0,0.0,0.0,0.0,452.0,497.0,565.0,31.56,1,0.0
40175,40711,1,154osm_강릉_154-한라시멘트_154_1,0.004897,0.044574,0.036098,0.0,0.0,0.0,0.0,452.0,497.0,565.0,31.39,1,0.0
40175,40711,2,154osm_강릉_154-한라시멘트_154_2,0.004897,0.044574,0.036098,0.0,0.0,0.0,0.0,452.0,497.0,565.0,31.39,1,0.0
40175,40711,3,154osm_강릉_154-한라시멘트_154_3,0.004897,0.044574,0.036098,0.0,0.0,0.0,0.0,452.0,497.0,565.0,31.39,1,0.0
40175,40711,4,154osm_강릉_154-한라시멘트_154_4,0.004897,0.044574,0.036098,0.0,0.0,0.0,0.0,452.0,497.0,565.0,31.39,1,0.0
40273,40374,1,154osm_서산_154-해미_154_1,0.004995,0.045468,0.036823,0.0,0.0,0.0,0.0,452.0,497.0,565.0,32.02,1,0.0
40273,40374,2,154osm_서산_154-해미_154_2,0.004995,0.045468,0.036823,0.0,0.0,0.0,0.0,452.0,497.0,565.0,32.02,1,0.0
40299,40382,1,154osm_횡성_154-홍천_154_1,0.005111,0.046519,0.037674,0.0,0.0,0.0,0.0,452.0,497.0,565.0,32.76,1,0.0
40299,40382,2,154osm_횡성_154-홍천_154_2,0.005111,0.046519,0.037674,0.0,0.0,0.0,0.0,452.0,497.0,565.0,32.76,1,0.0
40136,40396,1,154osm_철원_154-화천_154_1,0.005179,0.047144,0.03818,0.0,0.0,0.0,0.0,452.0,497.0,565.0,33.2,1,0.0
40136,40396,2,154osm_철원_154-화천_154_2,0.005179,0.047144,0.03818,0.0,0.0,0.0,0.0,452.0,497.0,565.0,33.2,1,0.0
40136,40396,3,154osm_철원_154-화천_154_3,0.005179,0.047144,0.03818,0.0,0.0,0.0,0.0,452.0,497.0,565.0,33.2,1,0.0
40136,40396,4,154osm_철원_154-화천_154_4,0.005179,0.047144,0.03818,0.0,0.0,0.0,0.0,452.0,497.0,565.0,33.2,1,0.0
40094,40540,1,154osm_서대구_154-산동_154_1,0.005123,0.046633,0.037766,0.0,0.0,0.0,0.0,452.0,497.0,565.0,32.84,1,0.0
40094,40540,2,154osm_서대구_154-산동_154_2,0.005123,0.046633,0.037766,0.0,0.0,0.0,0.0,452.0,497.0,565.0,32.84,1,0.0
40094,40540,3,154osm_서대구_154-산동_154_3,0.005123,0.046633,0.037766,0.0,0.0,0.0,0.0,452.0,497.0,565.0,32.84,1,0.0
40094,40540,4,154osm_서대구_154-산동_154_4,0.005123,0.046633,0.037766,0.0,0.0,0.0,0.0,452.0,497.0,565.0,32.84,1,0.0
40214,40888,1,154osm_평동_154-노안_154_1,0.000616214,0.00560905,0.0045425,0.0,0.0,0.0,0.0,452.0,497.0,565.0,3.95,1,0.0
40214,40888,2,154osm_평동_154-노안_154_2,0.000616214,0.00560905,0.0045425,0.0,0.0,0.0,0.0,452.0,497.0,565.0,3.95,1,0.0
40375,40470,1,154osm_대천_154-옥산_154_1,0.005142,0.046803,0.037904,0.0,0.0,0.0,0.0,452.0,497.0,565.0,32.96,1,0.0
40375,40470,2,154osm_대천_154-옥산_154_2,0.005142,0.046803,0.037904,0.0,0.0,0.0,0.0,452.0,497.0,565.0,32.96,1,0.0
40375,40470,3,154osm_대천_154-옥산_154_3,0.005142,0.046803,0.037904,0.0,0.0,0.0,0.0,452.0,497.0,565.0,32.96,1,0.0
40375,40470,4,154osm_대천_154-옥산_154_4,0.005142,0.046803,0.037904,0.0,0.0,0.0,0.0,452.0,497.0,565.0,32.96,1,0.0
40446,40531,1,154osm_영덕_154-평해_154_1,0.00519,0.047243,0.038261,0.0,0.0,0.0,0.0,452.0,497.0,565.0,33.27,1,0.0
40446,40531,2,154osm_영덕_154-평해_154_2,0.00519,0.047243,0.038261,0.0,0.0,0.0,0.0,452.0,497.0,565.0,33.27,1,0.0
40202,40280,1,154osm_해남_154-진도_154_1,0.005232,0.047627,0.038571,0.0,0.0,0.0,0.0,452.0,497.0,565.0,33.54,1,0.0
40202,40280,2,154osm_해남_154-진도_154_2,0.005232,0.047627,0.038571,0.0,0.0,0.0,0.0,452.0,497.0,565.0,33.54,1,0.0
40135,40337,1,154osm_천북_154-신영일_154_1,0.005229,0.047598,0.038548,0.0,0.0,0.0,0.0,452.0,497.0,565.0,33.52,1,0.0
40135,40337,2,154osm_천북_154-신영일_154_2,0.005229,0.047598,0.038548,0.0,0.0,0.0,0.0,452.0,497.0,565.0,33.52,1,0.0
40135,40337,3,154osm_천북_154-신영일_154_3,0.005229,0.047598,0.038548,0.0,0.0,0.0,0.0,452.0,497.0,565.0,33.52,1,0.0
40135,40337,4,154osm_천북_154-신영일_154_4,0.005229,0.047598,0.038548,0.0,0.0,0.0,0.0,452.0,497.0,565.0,33.52,1,0.0
40299,40606,1,154osm_횡성_154-북원주_154_1,0.00526,0.047882,0.038778,0.0,0.0,0.0,0.0,452.0,497.0,565.0,33.72,1,0.0
40299,40606,2,154osm_횡성_154-북원주_154_2,0.00526,0.047882,0.038778,0.0,0.0,0.0,0.0,452.0,497.0,565.0,33.72,1,0.0
40299,40606,3,154osm_횡성_154-북원주_154_3,0.00526,0.047882,0.038778,0.0,0.0,0.0,0.0,452.0,497.0,565.0,33.72,1,0.0
40299,40606,4,154osm_횡성_154-북원주_154_4,0.00526,0.047882,0.038778,0.0,0.0,0.0,0.0,452.0,497.0,565.0,33.72,1,0.0
40062,40483,1,154osm_신옥천_154-서대전_154_1,0.005357,0.048763,0.039491,0.0,0.0,0.0,0.0,452.0,497.0,565.0,34.34,1,0.0
40062,40483,2,154osm_신옥천_154-서대전_154_2,0.005357,0.048763,0.039491,0.0,0.0,0.0,0.0,452.0,497.0,565.0,34.34,1,0.0
40399,40440,1,154osm_서홍천_154-서종_154_1,0.005327,0.048493,0.039272,0.0,0.0,0.0,0.0,452.0,497.0,565.0,34.15,1,0.0
40399,40440,2,154osm_서홍천_154-서종_154_2,0.005327,0.048493,0.039272,0.0,0.0,0.0,0.0,452.0,497.0,565.0,34.15,1,0.0
40574,40578,1,154osm_승주_154-계림_154_1,0.005409,0.049231,0.039871,0.0,0.0,0.0,0.0,452.0,497.0,565.0,34.67,1,0.0
40139,40601,1,154osm_신제천_154-주진_154_1,0.005368,0.048862,0.039571,0.0,0.0,0.0,0.0,452.0,497.0,565.0,34.41,1,0.0
40139,40601,2,154osm_신제천_154-주진_154_2,0.005368,0.048862,0.039571,0.0,0.0,0.0,0.0,452.0,497.0,565.0,34.41,1,0.0
40099,40582,1,154osm_신광주_154-곡성_154_1,0.005399,0.049146,0.039801,0.0,0.0,0.0,0.0,452.0,497.0,565.0,34.61,1,0.0
40099,40582,2,154osm_신광주_154-곡성_154_2,0.005399,0.049146,0.039801,0.0,0.0,0.0,0.0,452.0,497.0,565.0,34.61,1,0.0
40451,40452,1,154osm_진보_154-동안동_154_1,0.005393,0.049089,0.039755,0.0,0.0,0.0,0.0,452.0,497.0,565.0,34.57,1,0.0
40451,40452,2,154osm_진보_154-동안동_154_2,0.005393,0.049089,0.039755,0.0,0.0,0.0,0.0,452.0,497.0,565.0,34.57,1,0.0
40247,40253,1,154osm_벌교_154-고흥_154_1,0.005511,0.050169,0.040629,0.0,0.0,0.0,0.0,452.0,497.0,565.0,35.33,1,0.0
40381,40383,1,154osm_인제_154-상남_154_1,0.005465,0.049743,0.040285,0.0,0.0,0.0,0.0,452.0,497.0,565.0,35.03,1,0.0
40381,40383,2,154osm_인제_154-상남_154_2,0.005465,0.049743,0.040285,0.0,0.0,0.0,0.0,452.0,497.0,565.0,35.03,1,0.0
40381,40383,3,154osm_인제_154-상남_154_3,0.005465,0.049743,0.040285,0.0,0.0,0.0,0.0,452.0,497.0,565.0,35.03,1,0.0
40381,40383,4,154osm_인제_154-상남_154_4,0.005465,0.049743,0.040285,0.0,0.0,0.0,0.0,452.0,497.0,565.0,35.03,1,0.0
40582,40583,1,154osm_곡성_154-구례_154_1,0.005625,0.051205,0.041469,0.0,0.0,0.0,0.0,452.0,497.0,565.0,36.06,1,0.0
40582,40583,2,154osm_곡성_154-구례_154_2,0.005625,0.051205,0.041469,0.0,0.0,0.0,0.0,452.0,497.0,565.0,36.06,1,0.0
40594,40630,1,154osm_담양_154-정공_154_1,0.005792,0.052725,0.0427,0.0,0.0,0.0,0.0,452.0,497.0,565.0,37.13,1,0.0
40594,40630,2,154osm_담양_154-정공_154_2,0.005792,0.052725,0.0427,0.0,0.0,0.0,0.0,452.0,497.0,565.0,37.13,1,0.0
40594,40630,3,154osm_담양_154-정공_154_3,0.005792,0.052725,0.0427,0.0,0.0,0.0,0.0,452.0,497.0,565.0,37.13,1,0.0
40594,40630,4,154osm_담양_154-정공_154_4,0.005792,0.052725,0.0427,0.0,0.0,0.0,0.0,452.0,497.0,565.0,37.13,1,0.0
40201,40328,1,154osm_상주_154-선산_154_1,0.00576,0.052428,0.042459,0.0,0.0,0.0,0.0,452.0,497.0,565.0,36.92,1,0.0
40201,40328,2,154osm_상주_154-선산_154_2,0.00576,0.052428,0.042459,0.0,0.0,0.0,0.0,452.0,497.0,565.0,36.92,1,0.0
40317,40492,1,154osm_신고성_154-안정_154_1,0.005942,0.054088,0.043804,0.0,0.0,0.0,0.0,452.0,497.0,565.0,38.09,1,0.0
40382,40383,1,154osm_홍천_154-상남_154_1,0.006337,0.05768,0.046713,0.0,0.0,0.0,0.0,452.0,497.0,565.0,40.62,1,0.0
40382,40383,2,154osm_홍천_154-상남_154_2,0.006337,0.05768,0.046713,0.0,0.0,0.0,0.0,452.0,497.0,565.0,40.62,1,0.0
40446,40509,1,154osm_영덕_154-청하_154_1,0.006348,0.05778,0.046793,0.0,0.0,0.0,0.0,452.0,497.0,565.0,40.69,1,0.0
40446,40509,2,154osm_영덕_154-청하_154_2,0.006348,0.05778,0.046793,0.0,0.0,0.0,0.0,452.0,497.0,565.0,40.69,1,0.0
40446,40509,3,154osm_영덕_154-청하_154_3,0.006348,0.05778,0.046793,0.0,0.0,0.0,0.0,452.0,497.0,565.0,40.69,1,0.0
40446,40509,4,154osm_영덕_154-청하_154_4,0.006348,0.05778,0.046793,0.0,0.0,0.0,0.0,452.0,497.0,565.0,40.69,1,0.0
40616,40630,1,154osm_김제_154-정공_154_1,0.006398,0.058234,0.047161,0.0,0.0,0.0,0.0,452.0,497.0,565.0,41.01,1,0.0
40616,40630,2,154osm_김제_154-정공_154_2,0.006398,0.058234,0.047161,0.0,0.0,0.0,0.0,452.0,497.0,565.0,41.01,1,0.0
40616,40630,3,154osm_김제_154-정공_154_3,0.006398,0.058234,0.047161,0.0,0.0,0.0,0.0,452.0,497.0,565.0,41.01,1,0.0
40616,40630,4,154osm_김제_154-정공_154_4,0.006398,0.058234,0.047161,0.0,0.0,0.0,0.0,452.0,497.0,565.0,41.01,1,0.0
40283,40532,1,154osm_태백_154-울진_154_1,0.006412,0.058362,0.047265,0.0,0.0,0.0,0.0,452.0,497.0,565.0,41.1,1,0.0
40283,40532,2,154osm_태백_154-울진_154_2,0.006412,0.058362,0.047265,0.0,0.0,0.0,0.0,452.0,497.0,565.0,41.1,1,0.0
40217,40703,1,154osm_장성_154-정읍T3_154_1,0.006476,0.058944,0.047736,0.0,0.0,0.0,0.0,452.0,497.0,565.0,41.51,1,0.0
40217,40703,2,154osm_장성_154-정읍T3_154_2,0.006476,0.058944,0.047736,0.0,0.0,0.0,0.0,452.0,497.0,565.0,41.51,1,0.0
40217,40703,3,154osm_장성_154-정읍T3_154_3,0.006476,0.058944,0.047736,0.0,0.0,0.0,0.0,452.0,497.0,565.0,41.51,1,0.0
40217,40703,4,154osm_장성_154-정읍T3_154_4,0.006476,0.058944,0.047736,0.0,0.0,0.0,0.0,452.0,497.0,565.0,41.51,1,0.0
40084,40633,1,154osm_신계룡_154-팔봉_154_1,0.006636,0.060407,0.048921,0.0,0.0,0.0,0.0,452.0,497.0,565.0,42.54,1,0.0
40084,40633,2,154osm_신계룡_154-팔봉_154_2,0.006636,0.060407,0.048921,0.0,0.0,0.0,0.0,452.0,497.0,565.0,42.54,1,0.0
40084,40633,3,154osm_신계룡_154-팔봉_154_3,0.006636,0.060407,0.048921,0.0,0.0,0.0,0.0,452.0,497.0,565.0,42.54,1,0.0
40084,40633,4,154osm_신계룡_154-팔봉_154_4,0.006636,0.060407,0.048921,0.0,0.0,0.0,0.0,452.0,497.0,565.0,42.54,1,0.0
40619,40703,1,154osm_고창_154-정읍T3_154_1,0.006588,0.059967,0.048564,0.0,0.0,0.0,0.0,452.0,497.0,565.0,42.23,1,0.0
40619,40703,2,154osm_고창_154-정읍T3_154_2,0.006588,0.059967,0.048564,0.0,0.0,0.0,0.0,452.0,497.0,565.0,42.23,1,0.0
40094,40513,1,154osm_서대구_154-금릉_154_1,0.006699,0.060975,0.049381,0.0,0.0,0.0,0.0,452.0,497.0,565.0,42.94,1,0.0
40094,40513,2,154osm_서대구_154-금릉_154_2,0.006699,0.060975,0.049381,0.0,0.0,0.0,0.0,452.0,497.0,565.0,42.94,1,0.0
40531,40532,1,154osm_평해_154-울진_154_1,0.006786,0.06177,0.050025,0.0,0.0,0.0,0.0,452.0,497.0,565.0,43.5,1,0.0
40531,40532,2,154osm_평해_154-울진_154_2,0.006786,0.06177,0.050025,0.0,0.0,0.0,0.0,452.0,497.0,565.0,43.5,1,0.0
40137,40381,1,154osm_신양양_154-인제_154_1,0.006884,0.062665,0.05075,0.0,0.0,0.0,0.0,452.0,497.0,565.0,44.13,1,0.0
40137,40381,2,154osm_신양양_154-인제_154_2,0.006884,0.062665,0.05075,0.0,0.0,0.0,0.0,452.0,497.0,565.0,44.13,1,0.0
40137,40381,3,154osm_신양양_154-인제_154_3,0.006884,0.062665,0.05075,0.0,0.0,0.0,0.0,452.0,497.0,565.0,44.13,1,0.0
40137,40381,4,154osm_신양양_154-인제_154_4,0.006884,0.062665,0.05075,0.0,0.0,0.0,0.0,452.0,497.0,565.0,44.13,1,0.0
40535,40636,1,154osm_문경_154-단양_154_1,0.006945,0.063218,0.051198,0.0,0.0,0.0,0.0,452.0,497.0,565.0,44.52,1,0.0
40535,40636,2,154osm_문경_154-단양_154_2,0.006945,0.063218,0.051198,0.0,0.0,0.0,0.0,452.0,497.0,565.0,44.52,1,0.0
40186,40381,1,154osm_간성_154-인제_154_1,0.00694,0.063176,0.051164,0.0,0.0,0.0,0.0,452.0,497.0,565.0,44.49,1,0.0
40186,40381,2,154osm_간성_154-인제_154_2,0.00694,0.063176,0.051164,0.0,0.0,0.0,0.0,452.0,497.0,565.0,44.49,1,0.0
40201,40646,1,154osm_상주_154-보은_154_1,0.007231,0.065817,0.053303,0.0,0.0,0.0,0.0,452.0,497.0,565.0,46.35,1,0.0
40201,40646,2,154osm_상주_154-보은_154_2,0.007231,0.065817,0.053303,0.0,0.0,0.0,0.0,452.0,497.0,565.0,46.35,1,0.0
40329,40625,1,154osm_영월_154-고한_154_1,0.007396,0.067322,0.054521,0.0,0.0,0.0,0.0,452.0,497.0,565.0,47.41,1,0.0
40329,40625,2,154osm_영월_154-고한_154_2,0.007396,0.067322,0.054521,0.0,0.0,0.0,0.0,452.0,497.0,565.0,47.41,1,0.0
40296,40609,1,154osm_진안_154-무주_154_1,0.007355,0.066953,0.054222,0.0,0.0,0.0,0.0,452.0,497.0,565.0,47.15,1,0.0
40296,40609,2,154osm_진안_154-무주_154_2,0.007355,0.066953,0.054222,0.0,0.0,0.0,0.0,452.0,497.0,565.0,47.15,1,0.0
40296,40609,3,154osm_진안_154-무주_154_3,0.007355,0.066953,0.054222,0.0,0.0,0.0,0.0,452.0,497.0,565.0,47.15,1,0.0
40296,40609,4,154osm_진안_154-무주_154_4,0.007355,0.066953,0.054222,0.0,0.0,0.0,0.0,452.0,497.0,565.0,47.15,1,0.0
40597,40699,1,154osm_운남_154-안좌개폐소_154_1,0.007958,0.072434,0.058661,0.0,0.0,0.0,0.0,452.0,497.0,565.0,51.01,1,0.0
40138,40623,1,154osm_동해_154-정선_154_1,0.008305,0.075601,0.061226,0.0,0.0,0.0,0.0,452.0,497.0,565.0,53.24,1,0.0
40138,40623,2,154osm_동해_154-정선_154_2,0.008305,0.075601,0.061226,0.0,0.0,0.0,0.0,452.0,497.0,565.0,53.24,1,0.0
40138,40623,3,154osm_동해_154-정선_154_3,0.008305,0.075601,0.061226,0.0,0.0,0.0,0.0,452.0,497.0,565.0,53.24,1,0.0
40296,40634,1,154osm_진안_154-북전주_154_1,0.008778,0.079903,0.064711,0.0,0.0,0.0,0.0,452.0,497.0,565.0,56.27,1,0.0
40296,40634,2,154osm_진안_154-북전주_154_2,0.008778,0.079903,0.064711,0.0,0.0,0.0,0.0,452.0,497.0,565.0,56.27,1,0.0
40296,40634,3,154osm_진안_154-북전주_154_3,0.008778,0.079903,0.064711,0.0,0.0,0.0,0.0,452.0,497.0,565.0,56.27,1,0.0
40296,40634,4,154osm_진안_154-북전주_154_4,0.008778,0.079903,0.064711,0.0,0.0,0.0,0.0,452.0,497.0,565.0,56.27,1,0.0
40241,40532,1,154osm_봉화_154-울진_154_1,0.009691,0.08821,0.071438,0.0,0.0,0.0,0.0,452.0,497.0,565.0,62.12,1,0.0
40241,40532,2,154osm_봉화_154-울진_154_2,0.009691,0.08821,0.071438,0.0,0.0,0.0,0.0,452.0,497.0,565.0,62.12,1,0.0
40068,40457,1,154osm_신용인_154-기흥_154_1,0.000484365,0.00455785,0.039999,0.0,0.0,0.0,0.0,430.0,473.0,538.0,4.18,1,1.66
40068,40457,2,154osm_신용인_154-기흥_154_2,0.000484365,0.00455785,0.039999,0.0,0.0,0.0,0.0,430.0,473.0,538.0,4.18,1,1.66
40681,40334,1,154osm_북당진_154-송악_154_1,0.000298,0.002711,0.002195,0.0,0.0,0.0,0.0,452.0,497.0,565.0,1.91,1,0.0
40681,40334,2,154osm_북당진_154-송악_154_2,0.000298,0.002711,0.002195,0.0,0.0,0.0,0.0,452.0,497.0,565.0,1.91,1,0.0
40768,40205,1,154cbl_중부_154-신촌_154_1,0.00016775,0.0017995,0.0681675,0.0,0.0,0.0,0.0,430.0,473.0,538.0,3.05,1,3.05
40768,40205,2,154cbl_중부_154-신촌_154_2,0.00016775,0.0017995,0.0681675,0.0,0.0,0.0,0.0,430.0,473.0,538.0,3.05,1,3.05
40768,40205,3,154cbl_중부_154-신촌_154_3,0.00016775,0.0017995,0.0681675,0.0,0.0,0.0,0.0,430.0,473.0,538.0,3.05,1,3.05
40768,40205,4,154cbl_중부_154-신촌_154_4,0.00016775,0.0017995,0.0681675,0.0,0.0,0.0,0.0,430.0,473.0,538.0,3.05,1,3.05
40147,40321,1,154osm_서수원_154-수원T1_154_1,0.002021,0.018392,0.014895,0.0,0.0,0.0,0.0,452.0,497.0,565.0,12.95,1,0.0
40147,40321,2,154osm_서수원_154-수원T1_154_2,0.002021,0.018392,0.014895,0.0,0.0,0.0,0.0,452.0,497.0,565.0,12.95,1,0.0
40147,40064,1,154osm_서수원_154-흥덕_154_1,0.001994,0.018147,0.014697,0.0,0.0,0.0,0.0,452.0,497.0,565.0,12.78,1,0.0
40147,40064,2,154osm_서수원_154-흥덕_154_2,0.001994,0.018147,0.014697,0.0,0.0,0.0,0.0,452.0,497.0,565.0,12.78,1,0.0
40644,40645,1,154gap_북청주-봉명_1,0.000156,0.00142,0.00115,0.0,0.0,0.0,0.0,452.0,497.0,565.0,1.0,1,0.0
40644,40645,2,154gap_북청주-봉명_2,0.000156,0.00142,0.00115,0.0,0.0,0.0,0.0,452.0,497.0,565.0,1.0,1,0.0
40274,40275,1,154gap_여천-여수산단개폐소_1,0.000156,0.00142,0.00115,0.0,0.0,0.0,0.0,452.0,497.0,565.0,1.0,1,0.0
40274,40275,2,154gap_여천-여수산단개폐소_2,0.000156,0.00142,0.00115,0.0,0.0,0.0,0.0,452.0,497.0,565.0,1.0,1,0.0
40740,40781,1,154gap_세종로-syn서울13_1,5.5e-05,0.00059,0.02235,0.0,0.0,0.0,0.0,430.0,473.0,538.0,1.0,1,1.0
40740,40781,2,154gap_세종로-syn서울13_2,5.5e-05,0.00059,0.02235,0.0,0.0,0.0,0.0,430.0,473.0,538.0,1.0,1,1.0
40705,40805,1,154gap_수영-syn부산1_1,5.5e-05,0.00059,0.02235,0.0,0.0,0.0,0.0,430.0,473.0,538.0,1.0,1,1.0
40705,40805,2,154gap_수영-syn부산1_2,5.5e-05,0.00059,0.02235,0.0,0.0,0.0,0.0,430.0,473.0,538.0,1.0,1,1.0
40071,40859,1,154gap_임학-syn부평5_1,0.00018096,0.0016472,0.001334,0.0,0.0,0.0,0.0,452.0,497.0,565.0,1.16,1,0.0
40071,40859,2,154gap_임학-syn부평5_2,0.00018096,0.0016472,0.001334,0.0,0.0,0.0,0.0,452.0,497.0,565.0,1.16,1,0.0
40037,40789,1,154gap_운니-syn서울21_1,5.5e-05,0.00059,0.02235,0.0,0.0,0.0,0.0,430.0,473.0,538.0,1.0,1,1.0
40037,40789,2,154gap_운니-syn서울21_2,5.5e-05,0.00059,0.02235,0.0,0.0,0.0,0.0,430.0,473.0,538.0,1.0,1,1.0
40719,40795,1,154gap_신사-syn서울27_1,5.5e-05,0.00059,0.02235,0.0,0.0,0.0,0.0,430.0,473.0,538.0,1.0,1,1.0
40719,40795,2,154gap_신사-syn서울27_2,5.5e-05,0.00059,0.02235,0.0,0.0,0.0,0.0,430.0,473.0,538.0,1.0,1,1.0
40336,40854,1,154gap_SRC-syn포항1_1,0.00024492,0.0022294,0.0018055,0.0,0.0,0.0,0.0,452.0,497.0,565.0,1.57,1,0.0
40336,40854,2,154gap_SRC-syn포항1_2,0.00024492,0.0022294,0.0018055,0.0,0.0,0.0,0.0,452.0,497.0,565.0,1.57,1,0.0
40731,40794,1,154gap_현저-syn서울26_1,5.5e-05,0.00059,0.02235,0.0,0.0,0.0,0.0,430.0,473.0,538.0,1.0,1,1.0
40731,40794,2,154gap_현저-syn서울26_2,5.5e-05,0.00059,0.02235,0.0,0.0,0.0,0.0,430.0,473.0,538.0,1.0,1,1.0
40031,40797,1,154gap_방산-syn서울29_1,5.5e-05,0.00059,0.02235,0.0,0.0,0.0,0.0,430.0,473.0,538.0,1.0,1,1.0
40031,40797,2,154gap_방산-syn서울29_2,5.5e-05,0.00059,0.02235,0.0,0.0,0.0,0.0,430.0,473.0,538.0,1.0,1,1.0
40040,40799,1,154gap_연대-syn서울31_1,5.5e-05,0.00059,0.02235,0.0,0.0,0.0,0.0,430.0,473.0,538.0,1.0,1,1.0
40040,40799,2,154gap_연대-syn서울31_2,5.5e-05,0.00059,0.02235,0.0,0.0,0.0,0.0,430.0,473.0,538.0,1.0,1,1.0
40170,40836,1,154gap_울산T2-syn울산22_1,0.000156,0.00142,0.00115,0.0,0.0,0.0,0.0,452.0,497.0,565.0,1.0,1,0.0
40170,40836,2,154gap_울산T2-syn울산22_2,0.000156,0.00142,0.00115,0.0,0.0,0.0,0.0,452.0,497.0,565.0,1.0,1,0.0
40052,40183,1,154gap_서천안-한샘_1,0.000156,0.00142,0.00115,0.0,0.0,0.0,0.0,452.0,497.0,565.0,1.0,1,0.0
40052,40183,2,154gap_서천안-한샘_2,0.000156,0.00142,0.00115,0.0,0.0,0.0,0.0,452.0,497.0,565.0,1.0,1,0.0
40023,40775,1,154gap_노들-syn서울7_1,5.5e-05,0.00059,0.02235,0.0,0.0,0.0,0.0,430.0,473.0,538.0,1.0,1,1.0
40023,40775,2,154gap_노들-syn서울7_2,5.5e-05,0.00059,0.02235,0.0,0.0,0.0,0.0,430.0,473.0,538.0,1.0,1,1.0
40031,40784,1,154gap_방산-syn서울16_1,5.5e-05,0.00059,0.02235,0.0,0.0,0.0,0.0,430.0,473.0,538.0,1.0,1,1.0
40031,40784,2,154gap_방산-syn서울16_2,5.5e-05,0.00059,0.02235,0.0,0.0,0.0,0.0,430.0,473.0,538.0,1.0,1,1.0
40719,40774,1,154gap_신사-syn서울6_1,5.5e-05,0.00059,0.02235,0.0,0.0,0.0,0.0,430.0,473.0,538.0,1.0,1,1.0
40719,40774,2,154gap_신사-syn서울6_2,5.5e-05,0.00059,0.02235,0.0,0.0,0.0,0.0,430.0,473.0,538.0,1.0,1,1.0
40415,40857,1,154gap_고강-syn부평3_1,6.105e-05,0.0006549,0.0248085,0.0,0.0,0.0,0.0,430.0,473.0,538.0,1.11,1,1.11
40415,40857,2,154gap_고강-syn부평3_2,6.105e-05,0.0006549,0.0248085,0.0,0.0,0.0,0.0,430.0,473.0,538.0,1.11,1,1.11
40421,40422,1,154gap_중시화-SRC_1,0.000156,0.00142,0.00115,0.0,0.0,0.0,0.0,452.0,497.0,565.0,1.0,1,0.0
40421,40422,2,154gap_중시화-SRC_2,0.000156,0.00142,0.00115,0.0,0.0,0.0,0.0,452.0,497.0,565.0,1.0,1,0.0
40164,40806,1,154gap_미남-syn부산2_1,0.00012155,0.0013039,0.0493935,0.0,0.0,0.0,0.0,430.0,473.0,538.0,2.21,1,2.21
40164,40806,2,154gap_미남-syn부산2_2,0.00012155,0.0013039,0.0493935,0.0,0.0,0.0,0.0,430.0,473.0,538.0,2.21,1,2.21
40059,40831,1,154gap_SRC-syn울산17_1,0.000156,0.00142,0.00115,0.0,0.0,0.0,0.0,452.0,497.0,565.0,1.0,1,0.0
40059,40831,2,154gap_SRC-syn울산17_2,0.000156,0.00142,0.00115,0.0,0.0,0.0,0.0,452.0,497.0,565.0,1.0,1,0.0
40730,40802,1,154gap_옥인-syn서울34_1,5.5e-05,0.00059,0.02235,0.0,0.0,0.0,0.0,430.0,473.0,538.0,1.0,1,1.0
40730,40802,2,154gap_옥인-syn서울34_2,5.5e-05,0.00059,0.02235,0.0,0.0,0.0,0.0,430.0,473.0,538.0,1.0,1,1.0
40058,40820,1,154gap_울산-syn울산6_1,0.000155882,0.00142059,0.00115098,0.0,0.0,0.0,0.0,452.0,497.0,565.0,1.0,1,0.0
40058,40820,2,154gap_울산-syn울산6_2,0.000155882,0.00142059,0.00115098,0.0,0.0,0.0,0.0,452.0,497.0,565.0,1.0,1,0.0
40422,40425,1,154gap_SRC-성곡_1,0.00016,0.001458,0.001181,0.0,0.0,0.0,0.0,452.0,497.0,565.0,1.03,1,0.0
40422,40425,2,154gap_SRC-성곡_2,0.00016,0.001458,0.001181,0.0,0.0,0.0,0.0,452.0,497.0,565.0,1.03,1,0.0
40032,40773,1,154gap_서대문-syn서울5_1,5.5e-05,0.00059,0.02235,0.0,0.0,0.0,0.0,430.0,473.0,538.0,1.0,1,1.0
40032,40773,2,154gap_서대문-syn서울5_2,5.5e-05,0.00059,0.02235,0.0,0.0,0.0,0.0,430.0,473.0,538.0,1.0,1,1.0
40780,40788,1,154gap_syn서울12-syn서울20_1,5.5e-05,0.00059,0.02235,0.0,0.0,0.0,0.0,430.0,473.0,538.0,1.0,1,1.0
40780,40788,2,154gap_syn서울12-syn서울20_2,5.5e-05,0.00059,0.02235,0.0,0.0,0.0,0.0,430.0,473.0,538.0,1.0,1,1.0
40735,40796,1,154gap_용산-syn서울28_1,5.5e-05,0.00059,0.02235,0.0,0.0,0.0,0.0,430.0,473.0,538.0,1.0,1,1.0
40735,40796,2,154gap_용산-syn서울28_2,5.5e-05,0.00059,0.02235,0.0,0.0,0.0,0.0,430.0,473.0,538.0,1.0,1,1.0
40796,40804,1,154gap_syn서울28-syn서울36_1,5.5e-05,0.00059,0.02235,0.0,0.0,0.0,0.0,430.0,473.0,538.0,1.0,1,1.0
40796,40804,2,154gap_syn서울28-syn서울36_2,5.5e-05,0.00059,0.02235,0.0,0.0,0.0,0.0,430.0,473.0,538.0,1.0,1,1.0
40026,40804,1,154gap_마포-syn서울36_1,5.5e-05,0.00059,0.02235,0.0,0.0,0.0,0.0,430.0,473.0,538.0,1.0,1,1.0
40026,40804,2,154gap_마포-syn서울36_2,5.5e-05,0.00059,0.02235,0.0,0.0,0.0,0.0,430.0,473.0,538.0,1.0,1,1.0
40826,40834,1,154gap_syn울산12-syn울산20_1,0.000156757,0.00142432,0.00115315,0.0,0.0,0.0,0.0,452.0,497.0,565.0,1.0,1,0.0
40826,40834,2,154gap_syn울산12-syn울산20_2,0.000156757,0.00142432,0.00115315,0.0,0.0,0.0,0.0,452.0,497.0,565.0,1.0,1,0.0
40784,40792,1,154gap_syn서울16-syn서울24_1,8.14e-05,0.0008732,0.033078,0.0,0.0,0.0,0.0,430.0,473.0,538.0,1.48,1,1.48
40784,40792,2,154gap_syn서울16-syn서울24_2,8.14e-05,0.0008732,0.033078,0.0,0.0,0.0,0.0,430.0,473.0,538.0,1.48,1,1.48
40834,40842,1,154gap_syn울산20-syn울산28_1,0.000156757,0.00142523,0.00115405,0.0,0.0,0.0,0.0,452.0,497.0,565.0,1.0,1,0.0
40834,40842,2,154gap_syn울산20-syn울산28_2,0.000156757,0.00142523,0.00115405,0.0,0.0,0.0,0.0,452.0,497.0,565.0,1.0,1,0.0
40792,40800,1,154gap_syn서울24-syn서울32_1,8.965e-05,0.0009617,0.0364305,0.0,0.0,0.0,0.0,430.0,473.0,538.0,1.63,1,1.63
40792,40800,2,154gap_syn서울24-syn서울32_2,8.965e-05,0.0009617,0.0364305,0.0,0.0,0.0,0.0,430.0,473.0,538.0,1.63,1,1.63
40077,40801,1,154gap_노량진-syn서울33_1,9.625e-05,0.0010325,0.0391125,0.0,0.0,0.0,0.0,430.0,473.0,538.0,1.75,1,1.75
40077,40801,2,154gap_노량진-syn서울33_2,9.625e-05,0.0010325,0.0391125,0.0,0.0,0.0,0.0,430.0,473.0,538.0,1.75,1,1.75
40379,40827,1,154gap_태화-syn울산13_1,0.000155752,0.00142212,0.00115133,0.0,0.0,0.0,0.0,452.0,497.0,565.0,1.0,1,0.0
40379,40827,2,154gap_태화-syn울산13_2,0.000155752,0.00142212,0.00115133,0.0,0.0,0.0,0.0,452.0,497.0,565.0,1.0,1,0.0
40772,40793,1,154gap_syn서울4-syn서울25_1,5.5e-05,0.00059,0.02235,0.0,0.0,0.0,0.0,430.0,473.0,538.0,1.0,1,1.0
40772,40793,2,154gap_syn서울4-syn서울25_2,5.5e-05,0.00059,0.02235,0.0,0.0,0.0,0.0,430.0,473.0,538.0,1.0,1,1.0
40818,40839,1,154gap_syn울산4-syn울산25_1,0.000200496,0.00182485,0.00147823,0.0,0.0,0.0,0.0,452.0,497.0,565.0,1.28,1,0.0
40818,40839,2,154gap_syn울산4-syn울산25_2,0.000200496,0.00182485,0.00147823,0.0,0.0,0.0,0.0,452.0,497.0,565.0,1.28,1,0.0
40677,40769,1,154gap_반포-syn서울1_1,5.5e-05,0.00059,0.02235,0.0,0.0,0.0,0.0,430.0,473.0,538.0,1.0,1,1.0
40677,40769,2,154gap_반포-syn서울1_2,5.5e-05,0.00059,0.02235,0.0,0.0,0.0,0.0,430.0,473.0,538.0,1.0,1,1.0
40731,40786,1,154gap_현저-syn서울18_1,5.5e-05,0.00059,0.02235,0.0,0.0,0.0,0.0,430.0,473.0,538.0,1.0,1,1.0
40731,40786,2,154gap_현저-syn서울18_2,5.5e-05,0.00059,0.02235,0.0,0.0,0.0,0.0,430.0,473.0,538.0,1.0,1,1.0
40677,40777,1,154gap_반포-syn서울9_1,5.5e-05,0.00059,0.02235,0.0,0.0,0.0,0.0,430.0,473.0,538.0,1.0,1,1.0
40677,40777,2,154gap_반포-syn서울9_2,5.5e-05,0.00059,0.02235,0.0,0.0,0.0,0.0,430.0,473.0,538.0,1.0,1,1.0
40777,40798,1,154gap_syn서울9-syn서울30_1,0.00010835,0.0011623,0.0440295,0.0,0.0,0.0,0.0,430.0,473.0,538.0,1.97,1,1.97
40777,40798,2,154gap_syn서울9-syn서울30_2,0.00010835,0.0011623,0.0440295,0.0,0.0,0.0,0.0,430.0,473.0,538.0,1.97,1,1.97
40035,40798,1,154gap_이수-syn서울30_1,5.5e-05,0.00059,0.02235,0.0,0.0,0.0,0.0,430.0,473.0,538.0,1.0,1,1.0
40035,40798,2,154gap_이수-syn서울30_2,5.5e-05,0.00059,0.02235,0.0,0.0,0.0,0.0,430.0,473.0,538.0,1.0,1,1.0
40768,40791,1,154gap_SRC-syn서울23_1,5.5e-05,0.00059,0.02235,0.0,0.0,0.0,0.0,430.0,473.0,538.0,1.0,1,1.0
40768,40791,2,154gap_SRC-syn서울23_2,5.5e-05,0.00059,0.02235,0.0,0.0,0.0,0.0,430.0,473.0,538.0,1.0,1,1.0
40820,40841,1,154gap_syn울산6-syn울산27_1,0.000486617,0.0044358,0.00359216,0.0,0.0,0.0,0.0,452.0,497.0,565.0,3.13,1,0.0
40820,40841,2,154gap_syn울산6-syn울산27_2,0.000486617,0.0044358,0.00359216,0.0,0.0,0.0,0.0,452.0,497.0,565.0,3.13,1,0.0
40770,40791,1,154gap_syn서울2-syn서울23_1,5.5e-05,0.00059,0.02235,0.0,0.0,0.0,0.0,430.0,473.0,538.0,1.0,1,1.0
40770,40791,2,154gap_syn서울2-syn서울23_2,5.5e-05,0.00059,0.02235,0.0,0.0,0.0,0.0,430.0,473.0,538.0,1.0,1,1.0
40819,40840,1,154gap_syn울산5-syn울산26_1,0.000241542,0.00220358,0.00178508,0.0,0.0,0.0,0.0,452.0,497.0,565.0,1.55,1,0.0
40819,40840,2,154gap_syn울산5-syn울산26_2,0.000241542,0.00220358,0.00178508,0.0,0.0,0.0,0.0,452.0,497.0,565.0,1.55,1,0.0
40772,40785,1,154gap_syn서울4-syn서울17_1,0.00013255,0.0014219,0.0538635,0.0,0.0,0.0,0.0,430.0,473.0,538.0,2.41,1,2.41
40772,40785,2,154gap_syn서울4-syn서울17_2,0.00013255,0.0014219,0.0538635,0.0,0.0,0.0,0.0,430.0,473.0,538.0,2.41,1,2.41
40548,40550,1,154gap_산격-검단_1,7.205e-05,0.0007729,0.029278,0.0,0.0,0.0,0.0,430.0,473.0,538.0,1.31,1,1.31
40548,40550,2,154gap_산격-검단_2,7.205e-05,0.0007729,0.029278,0.0,0.0,0.0,0.0,430.0,473.0,538.0,1.31,1,1.31
40170,40823,1,154gap_울산T2-syn울산9_1,0.000156296,0.00142,0.00114963,0.0,0.0,0.0,0.0,452.0,497.0,565.0,1.0,1,0.0
40170,40823,2,154gap_울산T2-syn울산9_2,0.000156296,0.00142,0.00114963,0.0,0.0,0.0,0.0,452.0,497.0,565.0,1.0,1,0.0
40823,40844,1,154gap_syn울산9-syn울산30_1,0.000894483,0.00815558,0.006601,0.0,0.0,0.0,0.0,452.0,497.0,565.0,5.74,1,0.0
40823,40844,2,154gap_syn울산9-syn울산30_2,0.000894483,0.00815558,0.006601,0.0,0.0,0.0,0.0,452.0,497.0,565.0,5.74,1,0.0
40189,40810,1,154gap_좌동-syn부산6_1,0.00020955,0.0022479,0.0851535,0.0,0.0,0.0,0.0,430.0,473.0,538.0,3.81,1,3.81
40189,40810,2,154gap_좌동-syn부산6_2,0.00020955,0.0022479,0.0851535,0.0,0.0,0.0,0.0,430.0,473.0,538.0,3.81,1,3.81
40819,40832,1,154gap_syn울산5-syn울산18_1,0.000228125,0.00207442,0.00168001,0.0,0.0,0.0,0.0,452.0,497.0,565.0,1.46,1,0.0
40819,40832,2,154gap_syn울산5-syn울산18_2,0.000228125,0.00207442,0.00168001,0.0,0.0,0.0,0.0,452.0,497.0,565.0,1.46,1,0.0
40815,40828,1,154gap_syn울산1-syn울산14_1,0.000240625,0.00219022,0.00177314,0.0,0.0,0.0,0.0,452.0,497.0,565.0,1.54,1,0.0
40815,40828,2,154gap_syn울산1-syn울산14_2,0.000240625,0.00219022,0.00177314,0.0,0.0,0.0,0.0,452.0,497.0,565.0,1.54,1,0.0
40086,40410,1,154gap_SRC-북동탄_1,8.03e-05,0.0008614,0.032631,0.0,0.0,0.0,0.0,430.0,473.0,538.0,1.46,1,1.46
40086,40410,2,154gap_SRC-북동탄_2,8.03e-05,0.0008614,0.032631,0.0,0.0,0.0,0.0,430.0,473.0,538.0,1.46,1,1.46
40572,40892,1,154gap_여수-syn여수1_1,0.000649612,0.00590608,0.00478273,0.0,0.0,0.0,0.0,452.0,497.0,565.0,4.17,1,0.0
40572,40892,2,154gap_여수-syn여수1_2,0.000649612,0.00590608,0.00478273,0.0,0.0,0.0,0.0,452.0,497.0,565.0,4.17,1,0.0
40051,40081,1,154gap_한남-보광_1,8.25e-05,0.000885,0.033525,0.0,0.0,0.0,0.0,430.0,473.0,538.0,1.5,1,1.5
40051,40081,2,154gap_한남-보광_2,8.25e-05,0.000885,0.033525,0.0,0.0,0.0,0.0,430.0,473.0,538.0,1.5,1,1.5
40172,40825,1,154gap_매암-syn울산11_1,0.000156494,0.00142468,0.00115325,0.0,0.0,0.0,0.0,452.0,497.0,565.0,1.0,1,0.0
40172,40825,2,154gap_매암-syn울산11_2,0.000156494,0.00142468,0.00115325,0.0,0.0,0.0,0.0,452.0,497.0,565.0,1.0,1,0.0
40741,40779,1,154gap_성수-syn서울11_1,5.5e-05,0.00059,0.02235,0.0,0.0,0.0,0.0,430.0,473.0,538.0,1.0,1,1.0
40741,40779,2,154gap_성수-syn서울11_2,5.5e-05,0.00059,0.02235,0.0,0.0,0.0,0.0,430.0,473.0,538.0,1.0,1,1.0
40741,40787,1,154gap_성수-syn서울19_1,7.645e-05,0.0008201,0.031066,0.0,0.0,0.0,0.0,430.0,473.0,538.0,1.39,1,1.39
40741,40787,2,154gap_성수-syn서울19_2,7.645e-05,0.0008201,0.031066,0.0,0.0,0.0,0.0,430.0,473.0,538.0,1.39,1,1.39
40820,40833,1,154gap_syn울산6-syn울산19_1,0.000244764,0.00222335,0.00180111,0.0,0.0,0.0,0.0,452.0,497.0,565.0,1.57,1,0.0
40820,40833,2,154gap_syn울산6-syn울산19_2,0.000244764,0.00222335,0.00180111,0.0,0.0,0.0,0.0,452.0,497.0,565.0,1.57,1,0.0
40714,40779,1,154gap_군자-syn서울11_1,5.5e-05,0.00059,0.02235,0.0,0.0,0.0,0.0,430.0,473.0,538.0,1.0,1,1.0
40714,40779,2,154gap_군자-syn서울11_2,5.5e-05,0.00059,0.02235,0.0,0.0,0.0,0.0,430.0,473.0,538.0,1.0,1,1.0
40420,40425,1,154gap_목내-성곡_1,0.000257,0.002339,0.001894,0.0,0.0,0.0,0.0,452.0,497.0,565.0,1.65,1,0.0
40420,40425,2,154gap_목내-성곡_2,0.000257,0.002339,0.001894,0.0,0.0,0.0,0.0,452.0,497.0,565.0,1.65,1,0.0
40095,40463,1,154gap_SRC-남안성_1,0.000257,0.002341,0.001896,0.0,0.0,0.0,0.0,452.0,497.0,565.0,1.65,1,0.0
40095,40463,2,154gap_SRC-남안성_2,0.000257,0.002341,0.001896,0.0,0.0,0.0,0.0,452.0,497.0,565.0,1.65,1,0.0
40370,40856,1,154gap_SRC-syn부평2_1,0.0001595,0.001711,0.064815,0.0,0.0,0.0,0.0,430.0,473.0,538.0,2.9,1,2.9
40370,40856,2,154gap_SRC-syn부평2_2,0.0001595,0.001711,0.064815,0.0,0.0,0.0,0.0,430.0,473.0,538.0,2.9,1,2.9
40322,40726,1,154gap_목동-양천_1,9.35e-05,0.001003,0.037995,0.0,0.0,0.0,0.0,430.0,473.0,538.0,1.7,1,1.7
40322,40726,2,154gap_목동-양천_2,9.35e-05,0.001003,0.037995,0.0,0.0,0.0,0.0,430.0,473.0,538.0,1.7,1,1.7
40148,40435,1,154gap_덕진-송강_1,0.000272,0.00248,0.002008,0.0,0.0,0.0,0.0,452.0,497.0,565.0,1.75,1,0.0
40148,40435,2,154gap_덕진-송강_2,0.000272,0.00248,0.002008,0.0,0.0,0.0,0.0,452.0,497.0,565.0,1.75,1,0.0
40048,40806,1,154gap_북부산-syn부산2_1,0.0002376,0.0025488,0.096552,0.0,0.0,0.0,0.0,430.0,473.0,538.0,4.32,1,4.32
40048,40806,2,154gap_북부산-syn부산2_2,0.0002376,0.0025488,0.096552,0.0,0.0,0.0,0.0,430.0,473.0,538.0,4.32,1,4.32
40824,40832,1,154gap_syn울산10-syn울산18_1,0.000224262,0.00204118,0.00165325,0.0,0.0,0.0,0.0,452.0,497.0,565.0,1.44,1,0.0
40824,40832,2,154gap_syn울산10-syn울산18_2,0.000224262,0.00204118,0.00165325,0.0,0.0,0.0,0.0,452.0,497.0,565.0,1.44,1,0.0
40824,40837,1,154gap_syn울산10-syn울산23_1,0.000187888,0.00171354,0.00138737,0.0,0.0,0.0,0.0,452.0,497.0,565.0,1.21,1,0.0
40824,40837,2,154gap_syn울산10-syn울산23_2,0.000187888,0.00171354,0.00138737,0.0,0.0,0.0,0.0,452.0,497.0,565.0,1.21,1,0.0
40816,40837,1,154gap_syn울산2-syn울산23_1,0.000245641,0.00223916,0.0018133,0.0,0.0,0.0,0.0,452.0,497.0,565.0,1.58,1,0.0
40816,40837,2,154gap_syn울산2-syn울산23_2,0.000245641,0.00223916,0.0018133,0.0,0.0,0.0,0.0,452.0,497.0,565.0,1.58,1,0.0
40816,40829,1,154gap_syn울산2-syn울산15_1,0.000709627,0.0064718,0.00523989,0.0,0.0,0.0,0.0,452.0,497.0,565.0,4.57,1,0.0
40816,40829,2,154gap_syn울산2-syn울산15_2,0.000709627,0.0064718,0.00523989,0.0,0.0,0.0,0.0,452.0,497.0,565.0,4.57,1,0.0
40194,40767,1,154gap_외동-매곡_1,0.000305,0.00278,0.002251,0.0,0.0,0.0,0.0,452.0,497.0,565.0,1.96,1,0.0
40194,40767,2,154gap_외동-매곡_2,0.000305,0.00278,0.002251,0.0,0.0,0.0,0.0,452.0,497.0,565.0,1.96,1,0.0
40015,40725,1,154gap_독산-대방_1,0.000306,0.002782,0.002253,0.0,0.0,0.0,0.0,452.0,497.0,565.0,1.96,1,0.0
40015,40725,2,154gap_독산-대방_2,0.000306,0.002782,0.002253,0.0,0.0,0.0,0.0,452.0,497.0,565.0,1.96,1,0.0
40002,40718,1,154gap_구의-광장_1,7.26e-05,0.0007788,0.029502,0.0,0.0,0.0,0.0,430.0,473.0,538.0,1.32,1,1.32
40002,40718,2,154gap_구의-광장_2,7.26e-05,0.0007788,0.029502,0.0,0.0,0.0,0.0,430.0,473.0,538.0,1.32,1,1.32
40215,40874,1,154gap_풍동-syn충주1_1,0.000510222,0.00464904,0.00376487,0.0,0.0,0.0,0.0,452.0,497.0,565.0,3.28,1,0.0
40215,40874,2,154gap_풍동-syn충주1_2,0.000510222,0.00464904,0.00376487,0.0,0.0,0.0,0.0,452.0,497.0,565.0,3.28,1,0.0
40013,40140,1,154gap_천호-강동_1,0.00011825,0.0012685,0.0480525,0.0,0.0,0.0,0.0,430.0,473.0,538.0,2.15,1,2.15
40013,40140,2,154gap_천호-강동_2,0.00011825,0.0012685,0.0480525,0.0,0.0,0.0,0.0,430.0,473.0,538.0,2.15,1,2.15
40330,40618,1,154gap_SRC-소룡_1,0.000338,0.003073,0.002489,0.0,0.0,0.0,0.0,452.0,497.0,565.0,2.16,1,0.0
40330,40618,2,154gap_SRC-소룡_2,0.000338,0.003073,0.002489,0.0,0.0,0.0,0.0,452.0,497.0,565.0,2.16,1,0.0
40355,40357,1,154gap_사남-사천_1,0.000338,0.003076,0.002491,0.0,0.0,0.0,0.0,452.0,497.0,565.0,2.17,1,0.0
40355,40357,2,154gap_사남-사천_2,0.000338,0.003076,0.002491,0.0,0.0,0.0,0.0,452.0,497.0,565.0,2.17,1,0.0
40817,40825,1,154gap_syn울산3-syn울산11_1,0.0001705,0.00155,0.001255,0.0,0.0,0.0,0.0,452.0,497.0,565.0,1.09,1,0.0
40817,40825,2,154gap_syn울산3-syn울산11_2,0.0001705,0.00155,0.001255,0.0,0.0,0.0,0.0,452.0,497.0,565.0,1.09,1,0.0
40821,40829,1,154gap_syn울산7-syn울산15_1,0.0001705,0.00155,0.0012555,0.0,0.0,0.0,0.0,452.0,497.0,565.0,1.09,1,0.0
40821,40829,2,154gap_syn울산7-syn울산15_2,0.0001705,0.00155,0.0012555,0.0,0.0,0.0,0.0,452.0,497.0,565.0,1.09,1,0.0
40043,40548,1,154gap_공평-산격_1,0.000121,0.001298,0.04917,0.0,0.0,0.0,0.0,430.0,473.0,538.0,2.2,1,2.2
40043,40548,2,154gap_공평-산격_2,0.000121,0.001298,0.04917,0.0,0.0,0.0,0.0,430.0,473.0,538.0,2.2,1,2.2
40043,40549,1,154gap_공평-동인_1,0.0001144,0.0012272,0.046488,0.0,0.0,0.0,0.0,430.0,473.0,538.0,2.08,1,2.08
40043,40549,2,154gap_공평-동인_2,0.0001144,0.0012272,0.046488,0.0,0.0,0.0,0.0,430.0,473.0,538.0,2.08,1,2.08
40083,40386,1,154gap_SRC-서판교_1,0.000345,0.003143,0.002546,0.0,0.0,0.0,0.0,452.0,497.0,565.0,2.21,1,0.0
40083,40386,2,154gap_SRC-서판교_2,0.000345,0.003143,0.002546,0.0,0.0,0.0,0.0,452.0,497.0,565.0,2.21,1,0.0
40300,40306,1,154gap_우만-이의_1,0.000347,0.003161,0.00256,0.0,0.0,0.0,0.0,452.0,497.0,565.0,2.23,1,0.0
40300,40306,2,154gap_우만-이의_2,0.000347,0.003161,0.00256,0.0,0.0,0.0,0.0,452.0,497.0,565.0,2.23,1,0.0
40517,40548,1,154gap_침산-산격_1,0.00012265,0.0013157,0.04984,0.0,0.0,0.0,0.0,430.0,473.0,538.0,2.23,1,2.23
40517,40548,2,154gap_침산-산격_2,0.00012265,0.0013157,0.04984,0.0,0.0,0.0,0.0,430.0,473.0,538.0,2.23,1,2.23
40392,40517,1,154gap_서침산-침산_1,6.05e-05,0.000649,0.024585,0.0,0.0,0.0,0.0,430.0,473.0,538.0,1.1,1,1.1
40392,40517,2,154gap_서침산-침산_2,6.05e-05,0.000649,0.024585,0.0,0.0,0.0,0.0,430.0,473.0,538.0,1.1,1,1.1
40291,40552,1,154gap_SRC-주안_1,0.000354,0.003218,0.002606,0.0,0.0,0.0,0.0,452.0,497.0,565.0,2.27,1,0.0
40291,40552,2,154gap_SRC-주안_2,0.000354,0.003218,0.002606,0.0,0.0,0.0,0.0,452.0,497.0,565.0,2.27,1,0.0
40552,40863,1,154gap_주안-syn인천3_1,5.5e-05,0.00059,0.02235,0.0,0.0,0.0,0.0,430.0,473.0,538.0,1.0,1,1.0
40552,40863,2,154gap_주안-syn인천3_2,5.5e-05,0.00059,0.02235,0.0,0.0,0.0,0.0,430.0,473.0,538.0,1.0,1,1.0
40585,40589,1,154gap_고잔-오봉_1,0.000358,0.003261,0.002641,0.0,0.0,0.0,0.0,452.0,497.0,565.0,2.3,1,0.0
40585,40589,2,154gap_고잔-오봉_2,0.000358,0.003261,0.002641,0.0,0.0,0.0,0.0,452.0,497.0,565.0,2.3,1,0.0
40591,40861,1,154gap_남동-syn인천1_1,0.00016068,0.0014626,0.0011845,0.0,0.0,0.0,0.0,452.0,497.0,565.0,1.03,1,0.0
40591,40861,2,154gap_남동-syn인천1_2,0.00016068,0.0014626,0.0011845,0.0,0.0,0.0,0.0,452.0,497.0,565.0,1.03,1,0.0
40305,40483,1,154gap_유천-서대전_1,0.000363,0.003306,0.002678,0.0,0.0,0.0,0.0,452.0,497.0,565.0,2.33,1,0.0
40305,40483,2,154gap_유천-서대전_2,0.000363,0.003306,0.002678,0.0,0.0,0.0,0.0,452.0,497.0,565.0,2.33,1,0.0
40304,40426,1,154gap_안산-남안산_1,0.000365,0.003325,0.002693,0.0,0.0,0.0,0.0,452.0,497.0,565.0,2.34,1,0.0
40304,40426,2,154gap_안산-남안산_2,0.000365,0.003325,0.002693,0.0,0.0,0.0,0.0,452.0,497.0,565.0,2.34,1,0.0
40177,40751,1,154gap_평택-동평택에너지센터_1,0.00013145,0.0014101,0.0534165,0.0,0.0,0.0,0.0,430.0,473.0,538.0,2.39,1,2.39
40177,40751,2,154gap_평택-동평택에너지센터_2,0.00013145,0.0014101,0.0534165,0.0,0.0,0.0,0.0,430.0,473.0,538.0,2.39,1,2.39
40727,40728,1,154gap_신정-오류_1,0.00010505,0.0011269,0.0426885,0.0,0.0,0.0,0.0,430.0,473.0,538.0,1.91,1,1.91
40727,40728,2,154gap_신정-오류_2,0.00010505,0.0011269,0.0426885,0.0,0.0,0.0,0.0,430.0,473.0,538.0,1.91,1,1.91
40207,40885,1,154gap_하남-syn광주2_1,0.0001496,0.0016048,0.060792,0.0,0.0,0.0,0.0,430.0,473.0,538.0,2.72,1,2.72
40207,40885,2,154gap_하남-syn광주2_2,0.0001496,0.0016048,0.060792,0.0,0.0,0.0,0.0,430.0,473.0,538.0,2.72,1,2.72
40325,40544,1,154gap_팔달-와룡_1,0.0001287,0.0013806,0.052299,0.0,0.0,0.0,0.0,430.0,473.0,538.0,2.34,1,2.34
40325,40544,2,154gap_팔달-와룡_2,0.0001287,0.0013806,0.052299,0.0,0.0,0.0,0.0,430.0,473.0,538.0,2.34,1,2.34
40278,40519,1,154gap_월배-성서_1,0.00014025,0.0015045,0.056992,0.0,0.0,0.0,0.0,430.0,473.0,538.0,2.55,1,2.55
40278,40519,2,154gap_월배-성서_2,0.00014025,0.0015045,0.056992,0.0,0.0,0.0,0.0,430.0,473.0,538.0,2.55,1,2.55
40542,40847,1,154gap_구미-syn구미2_1,0.000274615,0.00250098,0.00202503,0.0,0.0,0.0,0.0,452.0,497.0,565.0,1.76,1,0.0
40542,40847,2,154gap_구미-syn구미2_2,0.000274615,0.00250098,0.00202503,0.0,0.0,0.0,0.0,452.0,497.0,565.0,1.76,1,0.0
40223,40864,1,154gap_연수-syn인천4_1,0.00012375,0.0013275,0.0502875,0.0,0.0,0.0,0.0,430.0,473.0,538.0,2.25,1,2.25
40223,40864,2,154gap_연수-syn인천4_2,0.00012375,0.0013275,0.0502875,0.0,0.0,0.0,0.0,430.0,473.0,538.0,2.25,1,2.25
40587,40864,1,154gap_북송도-syn인천4_1,0.00012375,0.0013275,0.0502875,0.0,0.0,0.0,0.0,430.0,473.0,538.0,2.25,1,2.25
40587,40864,2,154gap_북송도-syn인천4_2,0.00012375,0.0013275,0.0502875,0.0,0.0,0.0,0.0,430.0,473.0,538.0,2.25,1,2.25
40223,40551,1,154gap_연수-학익_1,0.0001397,0.0014986,0.056769,0.0,0.0,0.0,0.0,430.0,473.0,538.0,2.54,1,2.54
40223,40551,2,154gap_연수-학익_2,0.0001397,0.0014986,0.056769,0.0,0.0,0.0,0.0,430.0,473.0,538.0,2.54,1,2.54
40587,40867,1,154gap_북송도-syn인천7_1,7.095e-05,0.0007611,0.0288315,0.0,0.0,0.0,0.0,430.0,473.0,538.0,1.29,1,1.29
40587,40867,2,154gap_북송도-syn인천7_2,7.095e-05,0.0007611,0.0288315,0.0,0.0,0.0,0.0,430.0,473.0,538.0,1.29,1,1.29
40180,40424,1,154gap_시화-동시화_1,0.000404,0.003681,0.002981,0.0,0.0,0.0,0.0,452.0,497.0,565.0,2.59,1,0.0
40180,40424,2,154gap_시화-동시화_2,0.000404,0.003681,0.002981,0.0,0.0,0.0,0.0,452.0,497.0,565.0,2.59,1,0.0
40412,40424,1,154gap_남시화-동시화_1,0.000156,0.00142,0.00115,0.0,0.0,0.0,0.0,452.0,497.0,565.0,1.0,1,0.0
40412,40424,2,154gap_남시화-동시화_2,0.000156,0.00142,0.00115,0.0,0.0,0.0,0.0,452.0,497.0,565.0,1.0,1,0.0
40412,40423,1,154gap_남시화-남정왕_1,0.000156,0.00142,0.00115,0.0,0.0,0.0,0.0,452.0,497.0,565.0,1.0,1,0.0
40412,40423,2,154gap_남시화-남정왕_2,0.000156,0.00142,0.00115,0.0,0.0,0.0,0.0,452.0,497.0,565.0,1.0,1,0.0
40581,40887,1,154gap_농성-syn광주4_1,0.00011385,0.0012213,0.046264,0.0,0.0,0.0,0.0,430.0,473.0,538.0,2.07,1,2.07
40581,40887,2,154gap_농성-syn광주4_2,0.00011385,0.0012213,0.046264,0.0,0.0,0.0,0.0,430.0,473.0,538.0,2.07,1,2.07
40162,40565,1,154gap_원창-청라_1,0.0001474,0.0015812,0.059898,0.0,0.0,0.0,0.0,430.0,473.0,538.0,2.68,1,2.68
40162,40565,2,154gap_원창-청라_2,0.0001474,0.0015812,0.059898,0.0,0.0,0.0,0.0,430.0,473.0,538.0,2.68,1,2.68
40439,40678,1,154gap_덕이-운정_1,0.000422,0.003843,0.003112,0.0,0.0,0.0,0.0,452.0,497.0,565.0,2.71,1,0.0
40439,40678,2,154gap_덕이-운정_2,0.000422,0.003843,0.003112,0.0,0.0,0.0,0.0,452.0,497.0,565.0,2.71,1,0.0
40424,40428,1,154gap_동시화-서시화_1,0.000426,0.003877,0.00314,0.0,0.0,0.0,0.0,452.0,497.0,565.0,2.73,1,0.0
40424,40428,2,154gap_동시화-서시화_2,0.000426,0.003877,0.00314,0.0,0.0,0.0,0.0,452.0,497.0,565.0,2.73,1,0.0
40264,40323,1,154gap_효목-남대구_1,0.00015235,0.0016343,0.061909,0.0,0.0,0.0,0.0,430.0,473.0,538.0,2.77,1,2.77
40264,40323,2,154gap_효목-남대구_2,0.00015235,0.0016343,0.061909,0.0,0.0,0.0,0.0,430.0,473.0,538.0,2.77,1,2.77
40080,40848,1,154gap_범물-syn대구1_1,0.0001628,0.0017464,0.066156,0.0,0.0,0.0,0.0,430.0,473.0,538.0,2.96,1,2.96
40080,40848,2,154gap_범물-syn대구1_2,0.0001628,0.0017464,0.066156,0.0,0.0,0.0,0.0,430.0,473.0,538.0,2.96,1,2.96
40389,40562,1,154gap_양촌-왕길_1,0.000433,0.003946,0.003195,0.0,0.0,0.0,0.0,452.0,497.0,565.0,2.78,1,0.0
40389,40562,2,154gap_양촌-왕길_2,0.000433,0.003946,0.003195,0.0,0.0,0.0,0.0,452.0,497.0,565.0,2.78,1,0.0
40477,40745,1,154gap_차룡-의창_1,0.000434,0.003955,0.003203,0.0,0.0,0.0,0.0,452.0,497.0,565.0,2.79,1,0.0
40477,40745,2,154gap_차룡-의창_2,0.000434,0.003955,0.003203,0.0,0.0,0.0,0.0,452.0,497.0,565.0,2.79,1,0.0
40252,40891,1,154gap_서순천-syn순천1_1,0.000525816,0.00478253,0.00387311,0.0,0.0,0.0,0.0,452.0,497.0,565.0,3.37,1,0.0
40252,40891,2,154gap_서순천-syn순천1_2,0.000525816,0.00478253,0.00387311,0.0,0.0,0.0,0.0,452.0,497.0,565.0,3.37,1,0.0
40679,40809,1,154gap_양정-syn부산5_1,0.00014795,0.0015871,0.0601215,0.0,0.0,0.0,0.0,430.0,473.0,538.0,2.69,1,2.69
40679,40809,2,154gap_양정-syn부산5_2,0.00014795,0.0015871,0.0601215,0.0,0.0,0.0,0.0,430.0,473.0,538.0,2.69,1,2.69
40251,40414,1,154gap_부천-도당_1,5.5e-05,0.00059,0.02235,0.0,0.0,0.0,0.0,430.0,473.0,538.0,1.0,1,1.0
40251,40414,2,154gap_부천-도당_2,5.5e-05,0.00059,0.02235,0.0,0.0,0.0,0.0,430.0,473.0,538.0,1.0,1,1.0
40605,40607,1,154gap_동원주-남원주_1,0.000443,0.00403,0.003264,0.0,0.0,0.0,0.0,452.0,497.0,565.0,2.84,1,0.0
40605,40607,2,154gap_동원주-남원주_2,0.000443,0.00403,0.003264,0.0,0.0,0.0,0.0,452.0,497.0,565.0,2.84,1,0.0
40605,40869,1,154gap_동원주-syn원주1_1,0.000442482,0.00403179,0.00326473,0.0,0.0,0.0,0.0,452.0,497.0,565.0,2.84,1,0.0
40605,40869,2,154gap_동원주-syn원주1_2,0.000442482,0.00403179,0.00326473,0.0,0.0,0.0,0.0,452.0,497.0,565.0,2.84,1,0.0
40633,40878,1,154gap_팔봉-syn익산1_1,0.000304381,0.00291018,0.0364314,0.0,0.0,0.0,0.0,430.0,473.0,538.0,2.96,1,1.56
40633,40878,2,154gap_팔봉-syn익산1_2,0.000304381,0.00291018,0.0364314,0.0,0.0,0.0,0.0,430.0,473.0,538.0,2.96,1,1.56
40484,40666,1,154gap_남대전-신흥_1,0.000445,0.004047,0.003277,0.0,0.0,0.0,0.0,452.0,497.0,565.0,2.85,1,0.0
40484,40666,2,154gap_남대전-신흥_2,0.000445,0.004047,0.003277,0.0,0.0,0.0,0.0,452.0,497.0,565.0,2.85,1,0.0
40045,40666,1,154gap_동대전-신흥_1,0.000156,0.00142,0.00115,0.0,0.0,0.0,0.0,452.0,497.0,565.0,1.0,1,0.0
40045,40666,2,154gap_동대전-신흥_2,0.000156,0.00142,0.00115,0.0,0.0,0.0,0.0,452.0,497.0,565.0,1.0,1,0.0
40028,40240,1,154gap_중계-상계_1,0.000446,0.004062,0.00329,0.0,0.0,0.0,0.0,452.0,497.0,565.0,2.86,1,0.0
40028,40240,2,154gap_중계-상계_2,0.000446,0.004062,0.00329,0.0,0.0,0.0,0.0,452.0,497.0,565.0,2.86,1,0.0
40288,40410,1,154gap_동탄-북동탄_1,0.00015785,0.0016933,0.0641445,0.0,0.0,0.0,0.0,430.0,473.0,538.0,2.87,1,2.87
40288,40410,2,154gap_동탄-북동탄_2,0.00015785,0.0016933,0.0641445,0.0,0.0,0.0,0.0,430.0,473.0,538.0,2.87,1,2.87
40641,40644,1,154gap_사직-북청주_1,0.000448,0.004082,0.003306,0.0,0.0,0.0,0.0,452.0,497.0,565.0,2.87,1,0.0
40641,40644,2,154gap_사직-북청주_2,0.000448,0.004082,0.003306,0.0,0.0,0.0,0.0,452.0,497.0,565.0,2.87,1,0.0
40641,40872,1,154gap_사직-syn청주1_1,0.000418124,0.0038076,0.00308367,0.0,0.0,0.0,0.0,452.0,497.0,565.0,2.68,1,0.0
40641,40872,2,154gap_사직-syn청주1_2,0.000418124,0.0038076,0.00308367,0.0,0.0,0.0,0.0,452.0,497.0,565.0,2.68,1,0.0
40370,40413,1,154gap_SRC-원미_1,0.0001584,0.0016992,0.064368,0.0,0.0,0.0,0.0,430.0,473.0,538.0,2.88,1,2.88
40370,40413,2,154gap_SRC-원미_2,0.0001584,0.0016992,0.064368,0.0,0.0,0.0,0.0,430.0,473.0,538.0,2.88,1,2.88
40413,40858,1,154gap_원미-syn부평4_1,5.555e-05,0.0005959,0.0225735,0.0,0.0,0.0,0.0,430.0,473.0,538.0,1.01,1,1.01
40413,40858,2,154gap_원미-syn부평4_2,5.555e-05,0.0005959,0.0225735,0.0,0.0,0.0,0.0,430.0,473.0,538.0,1.01,1,1.01
40413,40566,1,154gap_원미-부개_1,0.00011055,0.0011859,0.0449235,0.0,0.0,0.0,0.0,430.0,473.0,538.0,2.01,1,2.01
40413,40566,2,154gap_원미-부개_2,0.00011055,0.0011859,0.0449235,0.0,0.0,0.0,0.0,430.0,473.0,538.0,2.01,1,2.01
40557,40561,1,154gap_만수-관교_1,0.00016115,0.0017287,0.0654855,0.0,0.0,0.0,0.0,430.0,473.0,538.0,2.93,1,2.93
40557,40561,2,154gap_만수-관교_2,0.00016115,0.0017287,0.0654855,0.0,0.0,0.0,0.0,430.0,473.0,538.0,2.93,1,2.93
40001,40714,1,154gap_화양-군자_1,0.00016225,0.0017405,0.065933,0.0,0.0,0.0,0.0,430.0,473.0,538.0,2.95,1,2.95
40001,40714,2,154gap_화양-군자_2,0.00016225,0.0017405,0.065933,0.0,0.0,0.0,0.0,430.0,473.0,538.0,2.95,1,2.95
40539,40846,1,154gap_금전-syn구미1_1,0.000517562,0.00471172,0.00381521,0.0,0.0,0.0,0.0,452.0,497.0,565.0,3.32,1,0.0
40539,40846,2,154gap_금전-syn구미1_2,0.000517562,0.00471172,0.00381521,0.0,0.0,0.0,0.0,452.0,497.0,565.0,3.32,1,0.0
40150,40656,1,154gap_대덕-둔산_1,0.000464,0.004222,0.003419,0.0,0.0,0.0,0.0,452.0,497.0,565.0,2.97,1,0.0
40150,40656,2,154gap_대덕-둔산_2,0.000464,0.004222,0.003419,0.0,0.0,0.0,0.0,452.0,497.0,565.0,2.97,1,0.0
40704,40807,1,154osm_구서_154-노포_154_1,0.00070658,0.00643269,0.0052095,0.0,0.0,0.0,0.0,452.0,497.0,565.0,4.53,1,0.0
40704,40807,2,154osm_구서_154-노포_154_2,0.00070658,0.00643269,0.0052095,0.0,0.0,0.0,0.0,452.0,497.0,565.0,4.53,1,0.0
40140,40723,1,154gap_강동-상일_1,0.000469,0.004272,0.003459,0.0,0.0,0.0,0.0,452.0,497.0,565.0,3.01,1,0.0
40140,40723,2,154gap_강동-상일_2,0.000469,0.004272,0.003459,0.0,0.0,0.0,0.0,452.0,497.0,565.0,3.01,1,0.0
40208,40747,1,154gap_동안양-관양_1,0.000471,0.004289,0.003474,0.0,0.0,0.0,0.0,452.0,497.0,565.0,3.02,1,0.0
40208,40747,2,154gap_동안양-관양_2,0.000471,0.004289,0.003474,0.0,0.0,0.0,0.0,452.0,497.0,565.0,3.02,1,0.0
40462,40747,1,154gap_평촌-관양_1,0.000156,0.00142,0.00115,0.0,0.0,0.0,0.0,452.0,497.0,565.0,1.0,1,0.0
40462,40747,2,154gap_평촌-관양_2,0.000156,0.00142,0.00115,0.0,0.0,0.0,0.0,452.0,497.0,565.0,1.0,1,0.0
40089,40879,1,154gap_이리-syn익산2_1,0.000658597,0.00599378,0.00485508,0.0,0.0,0.0,0.0,452.0,497.0,565.0,4.22,1,0.0
40089,40879,2,154gap_이리-syn익산2_2,0.000658597,0.00599378,0.00485508,0.0,0.0,0.0,0.0,452.0,497.0,565.0,4.22,1,0.0
40060,40662,1,154gap_SRC-당월_1,0.000478,0.004349,0.003522,0.0,0.0,0.0,0.0,452.0,497.0,565.0,3.06,1,0.0
40060,40662,2,154gap_SRC-당월_2,0.000478,0.004349,0.003522,0.0,0.0,0.0,0.0,452.0,497.0,565.0,3.06,1,0.0
40330,40875,1,154gap_SRC-syn군산1_1,0.000330747,0.00300825,0.00243666,0.0,0.0,0.0,0.0,452.0,497.0,565.0,2.12,1,0.0
40330,40875,2,154gap_SRC-syn군산1_2,0.000330747,0.00300825,0.00243666,0.0,0.0,0.0,0.0,452.0,497.0,565.0,2.12,1,0.0
40044,40669,1,154gap_전주-팔복_1,0.000499,0.004538,0.003675,0.0,0.0,0.0,0.0,452.0,497.0,565.0,3.2,1,0.0
40044,40669,2,154gap_전주-팔복_2,0.000499,0.004538,0.003675,0.0,0.0,0.0,0.0,452.0,497.0,565.0,3.2,1,0.0
40551,40865,1,154gap_학익-syn인천5_1,0.00033935,0.0036403,0.1378995,0.0,0.0,0.0,0.0,430.0,473.0,538.0,6.17,1,6.17
40551,40865,2,154gap_학익-syn인천5_2,0.00033935,0.0036403,0.1378995,0.0,0.0,0.0,0.0,430.0,473.0,538.0,6.17,1,6.17
40560,40865,1,154gap_남인천-syn인천5_1,0.0002288,0.0024544,0.092976,0.0,0.0,0.0,0.0,430.0,473.0,538.0,4.16,1,4.16
40560,40865,2,154gap_남인천-syn인천5_2,0.0002288,0.0024544,0.092976,0.0,0.0,0.0,0.0,430.0,473.0,538.0,4.16,1,4.16
40553,40865,1,154gap_인천-syn인천5_1,0.00016005,0.0017169,0.0650385,0.0,0.0,0.0,0.0,430.0,473.0,538.0,2.91,1,2.91
40553,40865,2,154gap_인천-syn인천5_2,0.00016005,0.0017169,0.0650385,0.0,0.0,0.0,0.0,430.0,473.0,538.0,2.91,1,2.91
40554,40555,1,154gap_신현-송현_1,0.00013035,0.0013983,0.0529695,0.0,0.0,0.0,0.0,430.0,473.0,538.0,2.37,1,2.37
40554,40555,2,154gap_신현-송현_2,0.00013035,0.0013983,0.0529695,0.0,0.0,0.0,0.0,430.0,473.0,538.0,2.37,1,2.37
40064,40461,1,154gap_흥덕-마북_1,0.000508,0.004624,0.003745,0.0,0.0,0.0,0.0,452.0,497.0,565.0,3.26,1,0.0
40064,40461,2,154gap_흥덕-마북_2,0.000508,0.004624,0.003745,0.0,0.0,0.0,0.0,452.0,497.0,565.0,3.26,1,0.0
40179,40766,1,154gap_송탄-SRC_1,0.000512,0.00466,0.003774,0.0,0.0,0.0,0.0,452.0,497.0,565.0,3.28,1,0.0
40179,40766,2,154gap_송탄-SRC_2,0.000512,0.00466,0.003774,0.0,0.0,0.0,0.0,452.0,497.0,565.0,3.28,1,0.0
40315,40316,1,154gap_장재-불당_1,0.000513,0.004671,0.003783,0.0,0.0,0.0,0.0,452.0,497.0,565.0,3.29,1,0.0
40315,40316,2,154gap_장재-불당_2,0.000513,0.004671,0.003783,0.0,0.0,0.0,0.0,452.0,497.0,565.0,3.29,1,0.0
40862,40867,1,154gap_syn인천2-syn인천7_1,0.00045155,0.0048439,0.1834935,0.0,0.0,0.0,0.0,430.0,473.0,538.0,8.21,1,8.21
40862,40867,2,154gap_syn인천2-syn인천7_2,0.00045155,0.0048439,0.1834935,0.0,0.0,0.0,0.0,430.0,473.0,538.0,8.21,1,8.21
40809,40812,1,154gap_syn부산5-서면_1,0.000341,0.003658,0.13857,0.0,0.0,0.0,0.0,430.0,473.0,538.0,6.2,1,6.2
40809,40812,2,154gap_syn부산5-서면_2,0.000341,0.003658,0.13857,0.0,0.0,0.0,0.0,430.0,473.0,538.0,6.2,1,6.2
40073,40851,1,154gap_봉덕-syn대구4_1,5.5e-05,0.00059,0.02235,0.0,0.0,0.0,0.0,430.0,473.0,538.0,1.0,1,1.0
40073,40851,2,154gap_봉덕-syn대구4_2,5.5e-05,0.00059,0.02235,0.0,0.0,0.0,0.0,430.0,473.0,538.0,1.0,1,1.0
40441,40445,1,154gap_진건-구리_1,0.000547,0.004979,0.004032,0.0,0.0,0.0,0.0,452.0,497.0,565.0,3.51,1,0.0
40441,40445,2,154gap_진건-구리_2,0.000547,0.004979,0.004032,0.0,0.0,0.0,0.0,452.0,497.0,565.0,3.51,1,0.0
40330,40611,1,154gap_SRC-내초_1,0.000561,0.00511,0.004138,0.0,0.0,0.0,0.0,452.0,497.0,565.0,3.6,1,0.0
40330,40611,2,154gap_SRC-내초_2,0.000561,0.00511,0.004138,0.0,0.0,0.0,0.0,452.0,497.0,565.0,3.6,1,0.0
40221,40588,1,154gap_송도-동송도_1,0.00014465,0.0015517,0.0587805,0.0,0.0,0.0,0.0,430.0,473.0,538.0,2.63,1,2.63
40221,40588,2,154gap_송도-동송도_2,0.00014465,0.0015517,0.0587805,0.0,0.0,0.0,0.0,430.0,473.0,538.0,2.63,1,2.63
40388,40466,1,154gap_동판교-중원_1,0.000584,0.005317,0.004306,0.0,0.0,0.0,0.0,452.0,497.0,565.0,3.74,1,0.0
40388,40466,2,154gap_동판교-중원_2,0.000584,0.005317,0.004306,0.0,0.0,0.0,0.0,452.0,497.0,565.0,3.74,1,0.0
40126,40873,1,154gap_국사-syn청주2_1,0.000857011,0.00780185,0.00631772,0.0,0.0,0.0,0.0,452.0,497.0,565.0,5.5,1,0.0
40126,40873,2,154gap_국사-syn청주2_2,0.000857011,0.00780185,0.00631772,0.0,0.0,0.0,0.0,452.0,497.0,565.0,5.5,1,0.0
40289,40410,1,154gap_삼미-북동탄_1,0.00021285,0.0022833,0.0864945,0.0,0.0,0.0,0.0,430.0,473.0,538.0,3.87,1,3.87
40289,40410,2,154gap_삼미-북동탄_2,0.00021285,0.0022833,0.0864945,0.0,0.0,0.0,0.0,430.0,473.0,538.0,3.87,1,3.87
40406,40436,1,154gap_남수원-세교_1,0.00021395,0.0022951,0.0869415,0.0,0.0,0.0,0.0,430.0,473.0,538.0,3.89,1,3.89
40406,40436,2,154gap_남수원-세교_2,0.00021395,0.0022951,0.0869415,0.0,0.0,0.0,0.0,430.0,473.0,538.0,3.89,1,3.89
40638,40685,1,154gap_오송-북오송_1,0.000612,0.005569,0.00451,0.0,0.0,0.0,0.0,452.0,497.0,565.0,3.92,1,0.0
40638,40685,2,154gap_오송-북오송_2,0.000612,0.005569,0.00451,0.0,0.0,0.0,0.0,452.0,497.0,565.0,3.92,1,0.0
40613,40880,1,154gap_동전주-syn전주1_1,0.00110676,0.0100723,0.0081563,0.0,0.0,0.0,0.0,452.0,497.0,565.0,7.1,1,0.0
40613,40880,2,154gap_동전주-syn전주1_2,0.00110676,0.0100723,0.0081563,0.0,0.0,0.0,0.0,452.0,497.0,565.0,7.1,1,0.0
40629,40880,1,154gap_태평-syn전주1_1,0.000415765,0.00377988,0.00306235,0.0,0.0,0.0,0.0,452.0,497.0,565.0,2.66,1,0.0
40629,40880,2,154gap_태평-syn전주1_2,0.000415765,0.00377988,0.00306235,0.0,0.0,0.0,0.0,452.0,497.0,565.0,2.66,1,0.0
40214,40579,1,154gap_평동-송정2_1,0.0002244,0.0024072,0.091188,0.0,0.0,0.0,0.0,430.0,473.0,538.0,4.08,1,4.08
40214,40579,2,154gap_평동-송정2_2,0.0002244,0.0024072,0.091188,0.0,0.0,0.0,0.0,430.0,473.0,538.0,4.08,1,4.08
40147,40458,1,154gap_SRC-호매실_1,0.000691,0.006288,0.005092,0.0,0.0,0.0,0.0,452.0,497.0,565.0,4.43,1,0.0
40147,40458,2,154gap_SRC-호매실_2,0.000691,0.006288,0.005092,0.0,0.0,0.0,0.0,452.0,497.0,565.0,4.43,1,0.0
40640,40641,1,154gap_상당-사직_1,0.000691,0.006289,0.005094,0.0,0.0,0.0,0.0,452.0,497.0,565.0,4.43,1,0.0
40640,40641,2,154gap_상당-사직_2,0.000691,0.006289,0.005094,0.0,0.0,0.0,0.0,452.0,497.0,565.0,4.43,1,0.0
40394,40403,1,154gap_용정-포천_1,0.000712,0.00648,0.005248,0.0,0.0,0.0,0.0,452.0,497.0,565.0,4.56,1,0.0
40394,40403,2,154gap_용정-포천_2,0.000712,0.00648,0.005248,0.0,0.0,0.0,0.0,452.0,497.0,565.0,4.56,1,0.0
40521,40545,1,154gap_구지-서구지_1,0.000714,0.006495,0.00526,0.0,0.0,0.0,0.0,452.0,497.0,565.0,4.57,1,0.0
40521,40545,2,154gap_구지-서구지_2,0.000714,0.006495,0.00526,0.0,0.0,0.0,0.0,452.0,497.0,565.0,4.57,1,0.0
40176,40181,1,154gap_오산-진위_1,0.000788,0.007173,0.005809,0.0,0.0,0.0,0.0,452.0,497.0,565.0,5.05,1,0.0
40176,40181,2,154gap_오산-진위_2,0.000788,0.007173,0.005809,0.0,0.0,0.0,0.0,452.0,497.0,565.0,5.05,1,0.0
40658,40821,1,154gap_웅촌-syn울산7_1,0.0004435,0.004035,0.003268,0.0,0.0,0.0,0.0,452.0,497.0,565.0,2.84,1,0.0
40658,40821,2,154gap_웅촌-syn울산7_2,0.0004435,0.004035,0.003268,0.0,0.0,0.0,0.0,452.0,497.0,565.0,2.84,1,0.0
40175,40868,1,154gap_강릉-syn강릉1_1,0.00103607,0.00942956,0.00763695,0.0,0.0,0.0,0.0,452.0,497.0,565.0,6.64,1,0.0
40175,40868,2,154gap_강릉-syn강릉1_2,0.00103607,0.00942956,0.00763695,0.0,0.0,0.0,0.0,452.0,497.0,565.0,6.64,1,0.0
40636,40870,1,154gap_단양-syn제천1_1,0.000956385,0.00870232,0.00704774,0.0,0.0,0.0,0.0,452.0,497.0,565.0,6.13,1,0.0
40636,40870,2,154gap_단양-syn제천1_2,0.000956385,0.00870232,0.00704774,0.0,0.0,0.0,0.0,452.0,497.0,565.0,6.13,1,0.0
40408,40417,1,154gap_장덕-남양_1,0.001144,0.010416,0.008435,0.0,0.0,0.0,0.0,452.0,497.0,565.0,7.33,1,0.0
40408,40417,2,154gap_장덕-남양_2,0.001144,0.010416,0.008435,0.0,0.0,0.0,0.0,452.0,497.0,565.0,7.33,1,0.0
40254,40882,1,154gap_장흥-syn강진1_1,0.00224087,0.0203894,0.0165122,0.0,0.0,0.0,0.0,452.0,497.0,565.0,14.36,1,0.0
40254,40882,2,154gap_장흥-syn강진1_2,0.00224087,0.0203894,0.0165122,0.0,0.0,0.0,0.0,452.0,497.0,565.0,14.36,1,0.0
40285,40871,1,154gap_남음성-syn진천1_1,0.000972057,0.00885087,0.00716745,0.0,0.0,0.0,0.0,452.0,497.0,565.0,6.23,1,0.0
40285,40871,2,154gap_남음성-syn진천1_2,0.000972057,0.00885087,0.00716745,0.0,0.0,0.0,0.0,452.0,497.0,565.0,6.23,1,0.0
40135,40507,1,154gap_천북-경주_1,0.001341,0.012209,0.009888,0.0,0.0,0.0,0.0,452.0,497.0,565.0,8.6,1,0.0
40135,40507,2,154gap_천북-경주_2,0.001341,0.012209,0.009888,0.0,0.0,0.0,0.0,452.0,497.0,565.0,8.6,1,0.0
40507,40845,1,154gap_경주-syn경주1_1,0.00138996,0.0126539,0.0102473,0.0,0.0,0.0,0.0,452.0,497.0,565.0,8.91,1,0.0
40507,40845,2,154gap_경주-syn경주1_2,0.00138996,0.0126539,0.0102473,0.0,0.0,0.0,0.0,452.0,497.0,565.0,8.91,1,0.0
40559,40592,1,154gap_송월-중산_1,0.00048345,0.0051861,0.1964565,0.0,0.0,0.0,0.0,430.0,473.0,538.0,8.79,1,8.79
40559,40592,2,154gap_송월-중산_2,0.00048345,0.0051861,0.1964565,0.0,0.0,0.0,0.0,430.0,473.0,538.0,8.79,1,8.79
40558,40592,1,154gap_영종-중산_1,0.00032835,0.0035223,0.1334295,0.0,0.0,0.0,0.0,430.0,473.0,538.0,5.97,1,5.97
40558,40592,2,154gap_영종-중산_2,0.00032835,0.0035223,0.1334295,0.0,0.0,0.0,0.0,430.0,473.0,538.0,5.97,1,5.97
40533,40853,1,154gap_예천-syn예천1_1,0.00101166,0.00921161,0.00745979,0.0,0.0,0.0,0.0,452.0,497.0,565.0,6.49,1,0.0
40533,40853,2,154gap_예천-syn예천1_2,0.00101166,0.00921161,0.00745979,0.0,0.0,0.0,0.0,452.0,497.0,565.0,6.49,1,0.0
40378,40469,1,154gap_예산-합덕_1,0.001596,0.014525,0.011764,0.0,0.0,0.0,0.0,452.0,497.0,565.0,10.23,1,0.0
40378,40469,2,154gap_예산-합덕_2,0.001596,0.014525,0.011764,0.0,0.0,0.0,0.0,452.0,497.0,565.0,10.23,1,0.0
40262,40753,1,154gap_영암-금정개폐소_1,0.001638,0.014908,0.012073,0.0,0.0,0.0,0.0,452.0,497.0,565.0,10.5,1,0.0
40262,40753,2,154gap_영암-금정개폐소_2,0.001638,0.014908,0.012073,0.0,0.0,0.0,0.0,452.0,497.0,565.0,10.5,1,0.0
40619,40881,1,154gap_고창-syn정읍1_1,0.00293682,0.0267263,0.0216446,0.0,0.0,0.0,0.0,452.0,497.0,565.0,18.82,1,0.0
40619,40881,2,154gap_고창-syn정읍1_2,0.00293682,0.0267263,0.0216446,0.0,0.0,0.0,0.0,452.0,497.0,565.0,18.82,1,0.0
40296,40877,1,154gap_진안-syn무주1_1,0.00157216,0.0143139,0.0115923,0.0,0.0,0.0,0.0,452.0,497.0,565.0,10.08,1,0.0
40296,40877,2,154gap_진안-syn무주1_2,0.00157216,0.0143139,0.0115923,0.0,0.0,0.0,0.0,452.0,497.0,565.0,10.08,1,0.0
40454,40461,1,154loop_죽전-마북_1,0.000602,0.005481,0.004439,0.0,0.0,0.0,0.0,452.0,497.0,565.0,3.86,1,0.0
40454,40461,2,154loop_죽전-마북_2,0.000602,0.005481,0.004439,0.0,0.0,0.0,0.0,452.0,497.0,565.0,3.86,1,0.0
40458,40460,1,154loop_호매실-율전_1,0.000944,0.008592,0.006958,0.0,0.0,0.0,0.0,452.0,497.0,565.0,6.05,1,0.0
40458,40460,2,154loop_호매실-율전_2,0.000944,0.008592,0.006958,0.0,0.0,0.0,0.0,452.0,497.0,565.0,6.05,1,0.0
40458,40111,1,154loop_호매실-SRC_1,0.001298,0.011814,0.009568,0.0,0.0,0.0,0.0,452.0,497.0,565.0,8.32,1,0.0
40458,40111,2,154loop_호매실-SRC_2,0.001298,0.011814,0.009568,0.0,0.0,0.0,0.0,452.0,497.0,565.0,8.32,1,0.0
40461,40211,1,154loop_마북-수지_1,0.000604,0.005501,0.004455,0.0,0.0,0.0,0.0,452.0,497.0,565.0,3.87,1,0.0
40461,40211,2,154loop_마북-수지_2,0.000604,0.005501,0.004455,0.0,0.0,0.0,0.0,452.0,497.0,565.0,3.87,1,0.0
40461,40065,1,154loop_마북-신갈_1,0.000611,0.005559,0.004502,0.0,0.0,0.0,0.0,452.0,497.0,565.0,3.92,1,0.0
40461,40065,2,154loop_마북-신갈_2,0.000611,0.005559,0.004502,0.0,0.0,0.0,0.0,452.0,497.0,565.0,3.92,1,0.0
40462,40208,1,154loop_평촌-동안양_1,0.000473,0.004306,0.003488,0.0,0.0,0.0,0.0,452.0,497.0,565.0,3.03,1,0.0
40462,40208,2,154loop_평촌-동안양_2,0.000473,0.004306,0.003488,0.0,0.0,0.0,0.0,452.0,497.0,565.0,3.03,1,0.0
40462,40267,1,154loop_평촌-안양_1,0.000506,0.004608,0.003732,0.0,0.0,0.0,0.0,452.0,497.0,565.0,3.25,1,0.0
40462,40267,2,154loop_평촌-안양_2,0.000506,0.004608,0.003732,0.0,0.0,0.0,0.0,452.0,497.0,565.0,3.25,1,0.0
40463,40184,1,154loop_남안성-서운_1,0.000768,0.006993,0.005663,0.0,0.0,0.0,0.0,452.0,497.0,565.0,4.92,1,0.0
40463,40184,2,154loop_남안성-서운_2,0.000768,0.006993,0.005663,0.0,0.0,0.0,0.0,452.0,497.0,565.0,4.92,1,0.0
40463,40282,1,154loop_남안성-SRC_1,0.001829,0.016647,0.013482,0.0,0.0,0.0,0.0,452.0,497.0,565.0,11.72,1,0.0
40466,40229,1,154loop_중원-야탑_1,0.000638,0.005812,0.004707,0.0,0.0,0.0,0.0,452.0,497.0,565.0,4.09,1,0.0
40466,40229,2,154loop_중원-야탑_2,0.000638,0.005812,0.004707,0.0,0.0,0.0,0.0,452.0,497.0,565.0,4.09,1,0.0
40469,40486,1,154loop_합덕-응봉_1,0.002322,0.02114,0.017121,0.0,0.0,0.0,0.0,452.0,497.0,565.0,14.89,1,0.0
40469,40066,1,154loop_합덕-인주_1,0.002347,0.021362,0.0173,0.0,0.0,0.0,0.0,452.0,497.0,565.0,15.04,1,0.0
40477,40476,1,154loop_차룡-창공_1,0.000626,0.005695,0.004612,0.0,0.0,0.0,0.0,452.0,497.0,565.0,4.01,1,0.0
40477,40476,2,154loop_차룡-창공_2,0.000626,0.005695,0.004612,0.0,0.0,0.0,0.0,452.0,497.0,565.0,4.01,1,0.0
40477,40479,1,154loop_차룡-월림_1,0.000809,0.007367,0.005966,0.0,0.0,0.0,0.0,452.0,497.0,565.0,5.19,1,0.0
40477,40479,2,154loop_차룡-월림_2,0.000809,0.007367,0.005966,0.0,0.0,0.0,0.0,452.0,497.0,565.0,5.19,1,0.0
40828,40841,1,154loop_syn울산14-syn울산27_1,0.000294652,0.0026777,0.00216822,0.0,0.0,0.0,0.0,452.0,497.0,565.0,1.89,1,0.0
40828,40841,2,154loop_syn울산14-syn울산27_2,0.000294652,0.0026777,0.00216822,0.0,0.0,0.0,0.0,452.0,497.0,565.0,1.89,1,0.0
40507,40525,1,154loop_경주-왕신_1,0.002461,0.022398,0.018139,0.0,0.0,0.0,0.0,452.0,497.0,565.0,15.77,1,0.0
40507,40524,1,154loop_경주-입실_1,0.002826,0.025721,0.02083,0.0,0.0,0.0,0.0,452.0,497.0,565.0,18.11,1,0.0
40002,40717,1,154loop_구의-뚝도_1,0.00014575,0.0015635,0.059227,0.0,0.0,0.0,0.0,430.0,473.0,538.0,2.65,1,2.65
40002,40717,2,154loop_구의-뚝도_2,0.00014575,0.0015635,0.059227,0.0,0.0,0.0,0.0,430.0,473.0,538.0,2.65,1,2.65
40013,40014,1,154loop_천호-풍납_1,0.00018425,0.0019765,0.0748725,0.0,0.0,0.0,0.0,430.0,473.0,538.0,3.35,1,3.35
40013,40014,2,154loop_천호-풍납_2,0.00018425,0.0019765,0.0748725,0.0,0.0,0.0,0.0,430.0,473.0,538.0,3.35,1,3.35
40013,40718,1,154loop_천호-광장_1,0.0001936,0.0020768,0.078672,0.0,0.0,0.0,0.0,430.0,473.0,538.0,3.52,1,3.52
40013,40718,2,154loop_천호-광장_2,0.0001936,0.0020768,0.078672,0.0,0.0,0.0,0.0,430.0,473.0,538.0,3.52,1,3.52
40026,40796,1,154loop_마포-syn서울28_1,5.5e-05,0.00059,0.02235,0.0,0.0,0.0,0.0,430.0,473.0,538.0,1.0,1,1.0
40026,40796,2,154loop_마포-syn서울28_2,5.5e-05,0.00059,0.02235,0.0,0.0,0.0,0.0,430.0,473.0,538.0,1.0,1,1.0
40028,40733,1,154loop_중계-노원_1,0.000525,0.004776,0.003868,0.0,0.0,0.0,0.0,452.0,497.0,565.0,3.36,1,0.0
40028,40733,2,154loop_중계-노원_2,0.000525,0.004776,0.003868,0.0,0.0,0.0,0.0,452.0,497.0,565.0,3.36,1,0.0
40028,40734,1,154loop_중계-쌍문_1,0.000872,0.007933,0.006425,0.0,0.0,0.0,0.0,452.0,497.0,565.0,5.59,1,0.0
40028,40734,2,154loop_중계-쌍문_2,0.000872,0.007933,0.006425,0.0,0.0,0.0,0.0,452.0,497.0,565.0,5.59,1,0.0
40544,40326,1,154loop_와룡-달서_1,0.00017765,0.0019057,0.07219,0.0,0.0,0.0,0.0,430.0,473.0,538.0,3.23,1,3.23
40544,40326,2,154loop_와룡-달서_2,0.00017765,0.0019057,0.07219,0.0,0.0,0.0,0.0,430.0,473.0,538.0,3.23,1,3.23
40545,40156,1,154loop_서구지-유가_1,0.000976,0.008881,0.007193,0.0,0.0,0.0,0.0,452.0,497.0,565.0,6.25,1,0.0
40545,40156,2,154loop_서구지-유가_2,0.000976,0.008881,0.007193,0.0,0.0,0.0,0.0,452.0,497.0,565.0,6.25,1,0.0
40545,40516,1,154loop_서구지-현풍_1,0.0015,0.013658,0.011061,0.0,0.0,0.0,0.0,452.0,497.0,565.0,9.62,1,0.0
40547,40047,1,154loop_두류-내당_1,0.00012265,0.0013157,0.04984,0.0,0.0,0.0,0.0,430.0,473.0,538.0,2.23,1,2.23
40547,40047,2,154loop_두류-내당_2,0.00012265,0.0013157,0.04984,0.0,0.0,0.0,0.0,430.0,473.0,538.0,2.23,1,2.23
40035,40785,1,154loop_이수-syn서울17_1,5.5e-05,0.00059,0.02235,0.0,0.0,0.0,0.0,430.0,473.0,538.0,1.0,1,1.0
40035,40785,2,154loop_이수-syn서울17_2,5.5e-05,0.00059,0.02235,0.0,0.0,0.0,0.0,430.0,473.0,538.0,1.0,1,1.0
40553,40560,1,154loop_인천-남인천_1,0.00012045,0.0012921,0.0489465,0.0,0.0,0.0,0.0,430.0,473.0,538.0,2.19,1,2.19
40553,40560,2,154loop_인천-남인천_2,0.00012045,0.0012921,0.0489465,0.0,0.0,0.0,0.0,430.0,473.0,538.0,2.19,1,2.19
40554,40291,1,154loop_신현-SRC_1,0.0001837,0.0019706,0.074649,0.0,0.0,0.0,0.0,430.0,473.0,538.0,3.34,1,3.34
40554,40291,2,154loop_신현-SRC_2,0.0001837,0.0019706,0.074649,0.0,0.0,0.0,0.0,430.0,473.0,538.0,3.34,1,3.34
40557,40866,1,154loop_만수-syn인천6_1,8.085e-05,0.0008673,0.0328545,0.0,0.0,0.0,0.0,430.0,473.0,538.0,1.47,1,1.47
40557,40866,2,154loop_만수-syn인천6_2,8.085e-05,0.0008673,0.0328545,0.0,0.0,0.0,0.0,430.0,473.0,538.0,1.47,1,1.47
40045,40149,1,154loop_동대전-용운_1,0.000493,0.004486,0.003633,0.0,0.0,0.0,0.0,452.0,497.0,565.0,3.16,1,0.0
40045,40149,2,154loop_동대전-용운_2,0.000493,0.004486,0.003633,0.0,0.0,0.0,0.0,452.0,497.0,565.0,3.16,1,0.0
40558,40564,1,154loop_영종-부평T1_1,0.000803,0.008614,0.32631,0.0,0.0,0.0,0.0,430.0,473.0,538.0,14.6,1,14.6
40561,40863,1,154loop_관교-syn인천3_1,0.00025795,0.0027671,0.1048215,0.0,0.0,0.0,0.0,430.0,473.0,538.0,4.69,1,4.69
40561,40863,2,154loop_관교-syn인천3_2,0.00025795,0.0027671,0.1048215,0.0,0.0,0.0,0.0,430.0,473.0,538.0,4.69,1,4.69
40052,40683,1,154loop_서천안-직산_1,0.000709,0.006452,0.005225,0.0,0.0,0.0,0.0,452.0,497.0,565.0,4.54,1,0.0
40052,40683,2,154loop_서천안-직산_2,0.000709,0.006452,0.005225,0.0,0.0,0.0,0.0,452.0,497.0,565.0,4.54,1,0.0
40052,40316,1,154loop_서천안-불당_1,0.000878,0.007995,0.006475,0.0,0.0,0.0,0.0,452.0,497.0,565.0,5.63,1,0.0
40052,40316,2,154loop_서천안-불당_2,0.000878,0.007995,0.006475,0.0,0.0,0.0,0.0,452.0,497.0,565.0,5.63,1,0.0
40562,40563,1,154loop_왕길-경서_1,0.000847,0.007713,0.006247,0.0,0.0,0.0,0.0,452.0,497.0,565.0,5.43,1,0.0
40562,40563,2,154loop_왕길-경서_2,0.000847,0.007713,0.006247,0.0,0.0,0.0,0.0,452.0,497.0,565.0,5.43,1,0.0
40562,40338,1,154loop_왕길-SRC_1,0.000972,0.008845,0.007163,0.0,0.0,0.0,0.0,452.0,497.0,565.0,6.23,1,0.0
40562,40338,2,154loop_왕길-SRC_2,0.000972,0.008845,0.007163,0.0,0.0,0.0,0.0,452.0,497.0,565.0,6.23,1,0.0
40565,40562,1,154loop_청라-왕길_1,0.001025,0.009327,0.007554,0.0,0.0,0.0,0.0,452.0,497.0,565.0,6.57,1,0.0
40565,40562,2,154loop_청라-왕길_2,0.001025,0.009327,0.007554,0.0,0.0,0.0,0.0,452.0,497.0,565.0,6.57,1,0.0
40566,40858,1,154loop_부개-syn부평4_1,5.5e-05,0.00059,0.02235,0.0,0.0,0.0,0.0,430.0,473.0,538.0,1.0,1,1.0
40566,40858,2,154loop_부개-syn부평4_2,5.5e-05,0.00059,0.02235,0.0,0.0,0.0,0.0,430.0,473.0,538.0,1.0,1,1.0
40188,40850,1,154gap_노변-syn대구3_1,0.0001342,0.0014396,0.054534,0.0,0.0,0.0,0.0,430.0,473.0,538.0,2.44,1,2.44
40188,40850,2,154gap_노변-syn대구3_2,0.0001342,0.0014396,0.054534,0.0,0.0,0.0,0.0,430.0,473.0,538.0,2.44,1,2.44
40577,40576,1,154loop_북광주-일곡_1,0.0001562,0.0016756,0.063474,0.0,0.0,0.0,0.0,430.0,473.0,538.0,2.84,1,2.84
40577,40576,2,154loop_북광주-일곡_2,0.0001562,0.0016756,0.063474,0.0,0.0,0.0,0.0,430.0,473.0,538.0,2.84,1,2.84
40581,40258,1,154loop_농성-화정_1,0.0001177,0.0012626,0.047829,0.0,0.0,0.0,0.0,430.0,473.0,538.0,2.14,1,2.14
40581,40258,2,154loop_농성-화정_2,0.0001177,0.0012626,0.047829,0.0,0.0,0.0,0.0,430.0,473.0,538.0,2.14,1,2.14
40588,40585,1,154loop_동송도-고잔_1,0.000752,0.006842,0.005541,0.0,0.0,0.0,0.0,452.0,497.0,565.0,4.82,1,0.0
40588,40585,2,154loop_동송도-고잔_2,0.000752,0.006842,0.005541,0.0,0.0,0.0,0.0,452.0,497.0,565.0,4.82,1,0.0
40588,40428,1,154loop_동송도-서시화_1,0.00026895,0.0028851,0.1092915,0.0,0.0,0.0,0.0,430.0,473.0,538.0,4.89,1,4.89
40588,40428,2,154loop_동송도-서시화_2,0.00026895,0.0028851,0.1092915,0.0,0.0,0.0,0.0,430.0,473.0,538.0,4.89,1,4.89
40592,40862,1,154loop_중산-syn인천2_1,0.0002706,0.0029028,0.109962,0.0,0.0,0.0,0.0,430.0,473.0,538.0,4.92,1,4.92
40592,40564,1,154loop_중산-부평T1_1,0.00054835,0.0058823,0.2228295,0.0,0.0,0.0,0.0,430.0,473.0,538.0,9.97,1,9.97
40605,40606,1,154loop_동원주-북원주_1,0.001264,0.011509,0.009321,0.0,0.0,0.0,0.0,452.0,497.0,565.0,8.1,1,0.0
40605,40606,2,154loop_동원주-북원주_2,0.001264,0.011509,0.009321,0.0,0.0,0.0,0.0,452.0,497.0,565.0,8.1,1,0.0
40617,40330,1,154loop_군장-SRC_1,0.001307,0.011897,0.009635,0.0,0.0,0.0,0.0,452.0,497.0,565.0,8.38,1,0.0
40617,40330,2,154loop_군장-SRC_2,0.001307,0.011897,0.009635,0.0,0.0,0.0,0.0,452.0,497.0,565.0,8.38,1,0.0
40618,40875,1,154loop_소룡-syn군산1_1,0.000618169,0.00562673,0.00455679,0.0,0.0,0.0,0.0,452.0,497.0,565.0,3.96,1,0.0
40618,40875,2,154loop_소룡-syn군산1_2,0.000618169,0.00562673,0.00455679,0.0,0.0,0.0,0.0,452.0,497.0,565.0,3.96,1,0.0
40629,40613,1,154loop_태평-동전주_1,0.000822,0.007479,0.006057,0.0,0.0,0.0,0.0,452.0,497.0,565.0,5.27,1,0.0
40629,40613,2,154loop_태평-동전주_2,0.000822,0.007479,0.006057,0.0,0.0,0.0,0.0,452.0,497.0,565.0,5.27,1,0.0
40629,40669,1,154loop_태평-팔복_1,0.000825,0.007511,0.006083,0.0,0.0,0.0,0.0,452.0,497.0,565.0,5.29,1,0.0
40629,40669,2,154loop_태평-팔복_2,0.000825,0.007511,0.006083,0.0,0.0,0.0,0.0,452.0,497.0,565.0,5.29,1,0.0
40640,40645,1,154loop_상당-봉명_1,0.000891,0.008108,0.006566,0.0,0.0,0.0,0.0,452.0,497.0,565.0,5.71,1,0.0
40640,40645,2,154loop_상당-봉명_2,0.000891,0.008108,0.006566,0.0,0.0,0.0,0.0,452.0,497.0,565.0,5.71,1,0.0
40640,40644,1,154loop_상당-북청주_1,0.000891,0.008113,0.006571,0.0,0.0,0.0,0.0,452.0,497.0,565.0,5.71,1,0.0
40640,40644,2,154loop_상당-북청주_2,0.000891,0.008113,0.006571,0.0,0.0,0.0,0.0,452.0,497.0,565.0,5.71,1,0.0
40641,40645,1,154loop_사직-봉명_1,0.000456,0.004151,0.003362,0.0,0.0,0.0,0.0,452.0,497.0,565.0,2.92,1,0.0
40641,40645,2,154loop_사직-봉명_2,0.000456,0.004151,0.003362,0.0,0.0,0.0,0.0,452.0,497.0,565.0,2.92,1,0.0
40641,40639,1,154loop_사직-서청주_1,0.00074,0.006736,0.005455,0.0,0.0,0.0,0.0,452.0,497.0,565.0,4.74,1,0.0
40641,40639,2,154loop_사직-서청주_2,0.00074,0.006736,0.005455,0.0,0.0,0.0,0.0,452.0,497.0,565.0,4.74,1,0.0
40644,40639,1,154loop_북청주-서청주_1,0.000629,0.005727,0.004638,0.0,0.0,0.0,0.0,452.0,497.0,565.0,4.03,1,0.0
40644,40639,2,154loop_북청주-서청주_2,0.000629,0.005727,0.004638,0.0,0.0,0.0,0.0,452.0,497.0,565.0,4.03,1,0.0
40644,40872,1,154loop_북청주-syn청주1_1,0.000458156,0.00417319,0.00337999,0.0,0.0,0.0,0.0,452.0,497.0,565.0,2.94,1,0.0
40644,40872,2,154loop_북청주-syn청주1_2,0.000458156,0.00417319,0.00337999,0.0,0.0,0.0,0.0,452.0,497.0,565.0,2.94,1,0.0
40656,40483,1,154loop_둔산-서대전_1,0.00058,0.00528,0.004276,0.0,0.0,0.0,0.0,452.0,497.0,565.0,3.72,1,0.0
40656,40483,2,154loop_둔산-서대전_2,0.00058,0.00528,0.004276,0.0,0.0,0.0,0.0,452.0,497.0,565.0,3.72,1,0.0
40656,40657,1,154loop_둔산-대화_1,0.000708,0.006441,0.005216,0.0,0.0,0.0,0.0,452.0,497.0,565.0,4.54,1,0.0
40656,40657,2,154loop_둔산-대화_2,0.000708,0.006441,0.005216,0.0,0.0,0.0,0.0,452.0,497.0,565.0,4.54,1,0.0
40658,40829,1,154loop_웅촌-syn울산15_1,0.000554061,0.00504371,0.00408451,0.0,0.0,0.0,0.0,452.0,497.0,565.0,3.55,1,0.0
40658,40829,2,154loop_웅촌-syn울산15_2,0.000554061,0.00504371,0.00408451,0.0,0.0,0.0,0.0,452.0,497.0,565.0,3.55,1,0.0
40662,40663,1,154loop_당월-처용_1,0.000988,0.008992,0.007282,0.0,0.0,0.0,0.0,452.0,497.0,565.0,6.33,1,0.0
40662,40663,2,154loop_당월-처용_2,0.000988,0.008992,0.007282,0.0,0.0,0.0,0.0,452.0,497.0,565.0,6.33,1,0.0
40662,40844,1,154loop_당월-syn울산30_1,0.000711,0.006473,0.005242,0.0,0.0,0.0,0.0,452.0,497.0,565.0,4.56,1,0.0
40662,40844,2,154loop_당월-syn울산30_2,0.000711,0.006473,0.005242,0.0,0.0,0.0,0.0,452.0,497.0,565.0,4.56,1,0.0
40666,40305,1,154loop_신흥-유천_1,0.000805,0.007328,0.005934,0.0,0.0,0.0,0.0,452.0,497.0,565.0,5.16,1,0.0
40666,40305,2,154loop_신흥-유천_2,0.000805,0.007328,0.005934,0.0,0.0,0.0,0.0,452.0,497.0,565.0,5.16,1,0.0
40669,40880,1,154loop_팔복-syn전주1_1,0.000412033,0.00375003,0.0030371,0.0,0.0,0.0,0.0,452.0,497.0,565.0,2.64,1,0.0
40669,40880,2,154loop_팔복-syn전주1_2,0.000412033,0.00375003,0.0030371,0.0,0.0,0.0,0.0,452.0,497.0,565.0,2.64,1,0.0
40669,40612,1,154loop_팔복-남전주_1,0.001018,0.009269,0.007507,0.0,0.0,0.0,0.0,452.0,497.0,565.0,6.53,1,0.0
40669,40612,2,154loop_팔복-남전주_2,0.001018,0.009269,0.007507,0.0,0.0,0.0,0.0,452.0,497.0,565.0,6.53,1,0.0
40162,40556,1,154loop_원창-북인천_1,0.00015455,0.0016579,0.0628035,0.0,0.0,0.0,0.0,430.0,473.0,538.0,2.81,1,2.81
40162,40556,2,154loop_원창-북인천_2,0.00015455,0.0016579,0.0628035,0.0,0.0,0.0,0.0,430.0,473.0,538.0,2.81,1,2.81
40685,40672,1,154loop_북오송-조치원_1,0.001007,0.009163,0.007421,0.0,0.0,0.0,0.0,452.0,497.0,565.0,6.45,1,0.0
40685,40672,2,154loop_북오송-조치원_2,0.001007,0.009163,0.007421,0.0,0.0,0.0,0.0,452.0,497.0,565.0,6.45,1,0.0
40685,40873,1,154loop_북오송-syn청주2_1,0.00109293,0.00994987,0.00805739,0.0,0.0,0.0,0.0,452.0,497.0,565.0,7.01,1,0.0
40179,40431,1,154loop_송탄-소사벌_1,0.000662,0.006024,0.004878,0.0,0.0,0.0,0.0,452.0,497.0,565.0,4.24,1,0.0
40179,40431,2,154loop_송탄-소사벌_2,0.000662,0.006024,0.004878,0.0,0.0,0.0,0.0,452.0,497.0,565.0,4.24,1,0.0
40691,40207,1,154loop_흑석-하남_1,0.00014575,0.0015635,0.059227,0.0,0.0,0.0,0.0,430.0,473.0,538.0,2.65,1,2.65
40691,40207,2,154loop_흑석-하남_2,0.00014575,0.0015635,0.059227,0.0,0.0,0.0,0.0,430.0,473.0,538.0,2.65,1,2.65
40211,40306,1,154loop_수지-이의_1,0.000565,0.005141,0.004163,0.0,0.0,0.0,0.0,452.0,497.0,565.0,3.62,1,0.0
40211,40306,2,154loop_수지-이의_2,0.000565,0.005141,0.004163,0.0,0.0,0.0,0.0,452.0,497.0,565.0,3.62,1,0.0
40723,40013,1,154loop_상일-천호_1,0.00024255,0.0026019,0.0985635,0.0,0.0,0.0,0.0,430.0,473.0,538.0,4.41,1,4.41
40723,40013,2,154loop_상일-천호_2,0.00024255,0.0026019,0.0985635,0.0,0.0,0.0,0.0,430.0,473.0,538.0,4.41,1,4.41
40723,40120,1,154loop_상일-SRC_1,0.000745,0.006786,0.005495,0.0,0.0,0.0,0.0,452.0,497.0,565.0,4.78,1,0.0
40723,40120,2,154loop_상일-SRC_2,0.000745,0.006786,0.005495,0.0,0.0,0.0,0.0,452.0,497.0,565.0,4.78,1,0.0
40725,40729,1,154loop_대방-신길_1,0.0001353,0.0014514,0.054981,0.0,0.0,0.0,0.0,430.0,473.0,538.0,2.46,1,2.46
40725,40729,2,154loop_대방-신길_2,0.0001353,0.0014514,0.054981,0.0,0.0,0.0,0.0,430.0,473.0,538.0,2.46,1,2.46
40725,40259,1,154loop_대방-시흥_1,0.000544,0.004951,0.00401,0.0,0.0,0.0,0.0,452.0,497.0,565.0,3.49,1,0.0
40725,40259,2,154loop_대방-시흥_2,0.000544,0.004951,0.00401,0.0,0.0,0.0,0.0,452.0,497.0,565.0,3.49,1,0.0
40727,40860,1,154loop_신정-syn부평6_1,0.000302043,0.00275122,0.00222772,0.0,0.0,0.0,0.0,452.0,497.0,565.0,1.94,1,0.0
40727,40860,2,154loop_신정-syn부평6_2,0.000302043,0.00275122,0.00222772,0.0,0.0,0.0,0.0,452.0,497.0,565.0,1.94,1,0.0
40727,40261,1,154loop_신정-온수_1,0.0001848,0.0019824,0.075096,0.0,0.0,0.0,0.0,430.0,473.0,538.0,3.36,1,3.36
40727,40261,2,154loop_신정-온수_2,0.0001848,0.0019824,0.075096,0.0,0.0,0.0,0.0,430.0,473.0,538.0,3.36,1,3.36
40728,40712,1,154loop_오류-천왕_1,0.0001848,0.0019824,0.075096,0.0,0.0,0.0,0.0,430.0,473.0,538.0,3.36,1,3.36
40728,40712,2,154loop_오류-천왕_2,0.0001848,0.0019824,0.075096,0.0,0.0,0.0,0.0,430.0,473.0,538.0,3.36,1,3.36
40732,40733,1,154loop_신내-노원_1,0.000675,0.006148,0.004979,0.0,0.0,0.0,0.0,452.0,497.0,565.0,4.33,1,0.0
40732,40733,2,154loop_신내-노원_2,0.000675,0.006148,0.004979,0.0,0.0,0.0,0.0,452.0,497.0,565.0,4.33,1,0.0
40732,40445,1,154loop_신내-구리_1,0.000801,0.00729,0.005904,0.0,0.0,0.0,0.0,452.0,497.0,565.0,5.13,1,0.0
40732,40445,2,154loop_신내-구리_2,0.000801,0.00729,0.005904,0.0,0.0,0.0,0.0,452.0,497.0,565.0,5.13,1,0.0
40221,40587,1,154loop_송도-북송도_1,0.0002585,0.002773,0.105045,0.0,0.0,0.0,0.0,430.0,473.0,538.0,4.7,1,4.7
40221,40587,2,154loop_송도-북송도_2,0.0002585,0.002773,0.105045,0.0,0.0,0.0,0.0,430.0,473.0,538.0,4.7,1,4.7
40221,40590,1,154loop_송도-동춘_1,0.00026455,0.0028379,0.1075035,0.0,0.0,0.0,0.0,430.0,473.0,538.0,4.81,1,4.81
40221,40590,2,154loop_송도-동춘_2,0.00026455,0.0028379,0.1075035,0.0,0.0,0.0,0.0,430.0,473.0,538.0,4.81,1,4.81
40747,40267,1,154loop_관양-안양_1,0.000513,0.004667,0.00378,0.0,0.0,0.0,0.0,452.0,497.0,565.0,3.29,1,0.0
40747,40267,2,154loop_관양-안양_2,0.000513,0.004667,0.00378,0.0,0.0,0.0,0.0,452.0,497.0,565.0,3.29,1,0.0
40747,40082,1,154loop_관양-과천_1,0.000918,0.008357,0.006768,0.0,0.0,0.0,0.0,452.0,497.0,565.0,5.89,1,0.0
40747,40082,2,154loop_관양-과천_2,0.000918,0.008357,0.006768,0.0,0.0,0.0,0.0,452.0,497.0,565.0,5.89,1,0.0
40753,40764,1,154loop_금정개폐소-SRC_1,0.002071,0.018848,0.015264,0.0,0.0,0.0,0.0,452.0,497.0,565.0,13.27,1,0.0
40753,40882,1,154loop_금정개폐소-syn강진1_1,0.00181868,0.0165537,0.0134058,0.0,0.0,0.0,0.0,452.0,497.0,565.0,11.66,1,0.0
40246,40017,1,154loop_구로-대림_1,0.00014465,0.0015517,0.0587805,0.0,0.0,0.0,0.0,430.0,473.0,538.0,2.63,1,2.63
40246,40017,2,154loop_구로-대림_2,0.00014465,0.0015517,0.0587805,0.0,0.0,0.0,0.0,430.0,473.0,538.0,2.63,1,2.63
40246,40724,1,154loop_구로-구공_1,0.0001496,0.0016048,0.060792,0.0,0.0,0.0,0.0,430.0,473.0,538.0,2.72,1,2.72
40246,40724,2,154loop_구로-구공_2,0.0001496,0.0016048,0.060792,0.0,0.0,0.0,0.0,430.0,473.0,538.0,2.72,1,2.72
40767,40265,1,154loop_매곡-SRC_1,0.000988,0.008992,0.007282,0.0,0.0,0.0,0.0,452.0,497.0,565.0,6.33,1,0.0
40767,40265,2,154loop_매곡-SRC_2,0.000988,0.008992,0.007282,0.0,0.0,0.0,0.0,452.0,497.0,565.0,6.33,1,0.0
40767,40524,1,154loop_매곡-입실_1,0.001349,0.012284,0.009948,0.0,0.0,0.0,0.0,452.0,497.0,565.0,8.65,1,0.0
40767,40524,2,154loop_매곡-입실_2,0.001349,0.012284,0.009948,0.0,0.0,0.0,0.0,452.0,497.0,565.0,8.65,1,0.0
40769,40790,1,154loop_syn서울1-syn서울22_1,0.00012705,0.0013629,0.0516285,0.0,0.0,0.0,0.0,430.0,473.0,538.0,2.31,1,2.31
40769,40790,2,154loop_syn서울1-syn서울22_2,0.00012705,0.0013629,0.0516285,0.0,0.0,0.0,0.0,430.0,473.0,538.0,2.31,1,2.31
40258,40580,1,154loop_화정-매월_1,0.00027885,0.0029913,0.113314,0.0,0.0,0.0,0.0,430.0,473.0,538.0,5.07,1,5.07
40258,40580,2,154loop_화정-매월_2,0.00027885,0.0029913,0.113314,0.0,0.0,0.0,0.0,430.0,473.0,538.0,5.07,1,5.07
40770,40768,1,154loop_syn서울2-SRC_1,5.5e-05,0.00059,0.02235,0.0,0.0,0.0,0.0,430.0,473.0,538.0,1.0,1,1.0
40770,40768,2,154loop_syn서울2-SRC_2,5.5e-05,0.00059,0.02235,0.0,0.0,0.0,0.0,430.0,473.0,538.0,1.0,1,1.0
40771,40716,1,154loop_syn서울3-왕십리_1,5.5e-05,0.00059,0.02235,0.0,0.0,0.0,0.0,430.0,473.0,538.0,1.0,1,1.0
40771,40716,2,154loop_syn서울3-왕십리_2,5.5e-05,0.00059,0.02235,0.0,0.0,0.0,0.0,430.0,473.0,538.0,1.0,1,1.0
40771,40339,1,154loop_syn서울3-SRC_1,5.5e-05,0.00059,0.02235,0.0,0.0,0.0,0.0,430.0,473.0,538.0,1.0,1,1.0
40771,40339,2,154loop_syn서울3-SRC_2,5.5e-05,0.00059,0.02235,0.0,0.0,0.0,0.0,430.0,473.0,538.0,1.0,1,1.0
40774,40003,1,154loop_syn서울6-논현_1,0.000109319,0.0010365,0.0109459,0.0,0.0,0.0,0.0,430.0,473.0,538.0,1.0,1,0.46
40774,40003,2,154loop_syn서울6-논현_2,0.000109319,0.0010365,0.0109459,0.0,0.0,0.0,0.0,430.0,473.0,538.0,1.0,1,0.46
40775,40025,1,154loop_syn서울7-여의_1,5.5e-05,0.00059,0.02235,0.0,0.0,0.0,0.0,430.0,473.0,538.0,1.0,1,1.0
40775,40025,2,154loop_syn서울7-여의_2,5.5e-05,0.00059,0.02235,0.0,0.0,0.0,0.0,430.0,473.0,538.0,1.0,1,1.0
40776,40031,1,154loop_syn남산-방산_1,0.0001232,0.0013216,0.050064,0.0,0.0,0.0,0.0,430.0,473.0,538.0,2.24,1,2.24
40776,40031,2,154loop_syn남산-방산_2,0.0001232,0.0013216,0.050064,0.0,0.0,0.0,0.0,430.0,473.0,538.0,2.24,1,2.24
40778,40205,1,154loop_syn서울10-신촌_1,5.5e-05,0.00059,0.02235,0.0,0.0,0.0,0.0,430.0,473.0,538.0,1.0,1,1.0
40778,40205,2,154loop_syn서울10-신촌_2,5.5e-05,0.00059,0.02235,0.0,0.0,0.0,0.0,430.0,473.0,538.0,1.0,1,1.0
40778,40799,1,154loop_syn서울10-syn서울31_1,6.71e-05,0.0007198,0.027267,0.0,0.0,0.0,0.0,430.0,473.0,538.0,1.22,1,1.22
40778,40799,2,154loop_syn서울10-syn서울31_2,6.71e-05,0.0007198,0.027267,0.0,0.0,0.0,0.0,430.0,473.0,538.0,1.22,1,1.22
40780,40793,1,154loop_syn서울12-syn서울25_1,5.5e-05,0.00059,0.02235,0.0,0.0,0.0,0.0,430.0,473.0,538.0,1.0,1,1.0
40780,40793,2,154loop_syn서울12-syn서울25_2,5.5e-05,0.00059,0.02235,0.0,0.0,0.0,0.0,430.0,473.0,538.0,1.0,1,1.0
40781,40802,1,154loop_syn서울13-syn서울34_1,5.5e-05,0.00059,0.02235,0.0,0.0,0.0,0.0,430.0,473.0,538.0,1.0,1,1.0
40781,40802,2,154loop_syn서울13-syn서울34_2,5.5e-05,0.00059,0.02235,0.0,0.0,0.0,0.0,430.0,473.0,538.0,1.0,1,1.0
40275,40593,1,154loop_여수산단개폐소-화치_1,0.000407,0.003708,0.003003,0.0,0.0,0.0,0.0,452.0,497.0,565.0,2.61,1,0.0
40275,40593,2,154loop_여수산단개폐소-화치_2,0.000407,0.003708,0.003003,0.0,0.0,0.0,0.0,452.0,497.0,565.0,2.61,1,0.0
40275,40668,1,154loop_여수산단개폐소-용성_1,0.000612,0.005568,0.00451,0.0,0.0,0.0,0.0,452.0,497.0,565.0,3.92,1,0.0
40275,40668,2,154loop_여수산단개폐소-용성_2,0.000612,0.005568,0.00451,0.0,0.0,0.0,0.0,452.0,497.0,565.0,3.92,1,0.0
40786,40773,1,154loop_syn서울18-syn서울5_1,9.075e-05,0.0009735,0.0368775,0.0,0.0,0.0,0.0,430.0,473.0,538.0,1.65,1,1.65
40786,40773,2,154loop_syn서울18-syn서울5_2,9.075e-05,0.0009735,0.0368775,0.0,0.0,0.0,0.0,430.0,473.0,538.0,1.65,1,1.65
40788,40801,1,154loop_syn서울20-syn서울33_1,5.5e-05,0.00059,0.02235,0.0,0.0,0.0,0.0,430.0,473.0,538.0,1.0,1,1.0
40788,40801,2,154loop_syn서울20-syn서울33_2,5.5e-05,0.00059,0.02235,0.0,0.0,0.0,0.0,430.0,473.0,538.0,1.0,1,1.0
40789,40739,1,154loop_syn서울21-종로_1,5.5e-05,0.00059,0.02235,0.0,0.0,0.0,0.0,430.0,473.0,538.0,1.0,1,1.0
40789,40739,2,154loop_syn서울21-종로_2,5.5e-05,0.00059,0.02235,0.0,0.0,0.0,0.0,430.0,473.0,538.0,1.0,1,1.0
40790,40008,1,154loop_syn서울22-서초_1,5.5e-05,0.00059,0.02235,0.0,0.0,0.0,0.0,430.0,473.0,538.0,1.0,1,1.0
40790,40008,2,154loop_syn서울22-서초_2,5.5e-05,0.00059,0.02235,0.0,0.0,0.0,0.0,430.0,473.0,538.0,1.0,1,1.0
40794,40730,1,154loop_syn서울26-옥인_1,5.5e-05,0.00059,0.02235,0.0,0.0,0.0,0.0,430.0,473.0,538.0,1.0,1,1.0
40794,40730,2,154loop_syn서울26-옥인_2,5.5e-05,0.00059,0.02235,0.0,0.0,0.0,0.0,430.0,473.0,538.0,1.0,1,1.0
40795,40003,1,154loop_syn서울27-논현_1,5.5e-05,0.00059,0.02235,0.0,0.0,0.0,0.0,430.0,473.0,538.0,1.0,1,1.0
40795,40003,2,154loop_syn서울27-논현_2,5.5e-05,0.00059,0.02235,0.0,0.0,0.0,0.0,430.0,473.0,538.0,1.0,1,1.0
40288,40457,1,154loop_동탄-기흥_1,0.0002189,0.0023482,0.088953,0.0,0.0,0.0,0.0,430.0,473.0,538.0,3.98,1,3.98
40288,40457,2,154loop_동탄-기흥_2,0.0002189,0.0023482,0.088953,0.0,0.0,0.0,0.0,430.0,473.0,538.0,3.98,1,3.98
40288,40086,1,154loop_동탄-SRC_1,0.0002288,0.0024544,0.092976,0.0,0.0,0.0,0.0,430.0,473.0,538.0,4.16,1,4.16
40288,40086,2,154loop_동탄-SRC_2,0.0002288,0.0024544,0.092976,0.0,0.0,0.0,0.0,430.0,473.0,538.0,4.16,1,4.16
40289,40436,1,154loop_삼미-세교_1,0.00022495,0.0024131,0.0914115,0.0,0.0,0.0,0.0,430.0,473.0,538.0,4.09,1,4.09
40289,40436,2,154loop_삼미-세교_2,0.00022495,0.0024131,0.0914115,0.0,0.0,0.0,0.0,430.0,473.0,538.0,4.09,1,4.09
40797,40222,1,154loop_syn서울29-흥인_1,5.5e-05,0.00059,0.02235,0.0,0.0,0.0,0.0,430.0,473.0,538.0,1.0,1,1.0
40797,40222,2,154loop_syn서울29-흥인_2,5.5e-05,0.00059,0.02235,0.0,0.0,0.0,0.0,430.0,473.0,538.0,1.0,1,1.0
40800,40051,1,154loop_syn서울32-한남_1,5.5e-05,0.00059,0.02235,0.0,0.0,0.0,0.0,430.0,473.0,538.0,1.0,1,1.0
40800,40051,2,154loop_syn서울32-한남_2,5.5e-05,0.00059,0.02235,0.0,0.0,0.0,0.0,430.0,473.0,538.0,1.0,1,1.0
40801,40735,1,154loop_syn서울33-용산_1,6.16e-05,0.0006608,0.025032,0.0,0.0,0.0,0.0,430.0,473.0,538.0,1.12,1,1.12
40801,40735,2,154loop_syn서울33-용산_2,6.16e-05,0.0006608,0.025032,0.0,0.0,0.0,0.0,430.0,473.0,538.0,1.12,1,1.12
40805,40810,1,154loop_syn부산1-syn부산6_1,0.00012265,0.0013157,0.0498405,0.0,0.0,0.0,0.0,430.0,473.0,538.0,2.23,1,2.23
40805,40810,2,154loop_syn부산1-syn부산6_2,0.00012265,0.0013157,0.0498405,0.0,0.0,0.0,0.0,430.0,473.0,538.0,2.23,1,2.23
40300,40437,1,154loop_우만-동수원_1,0.0002365,0.002537,0.096105,0.0,0.0,0.0,0.0,430.0,473.0,538.0,4.3,1,4.3
40300,40437,2,154loop_우만-동수원_2,0.0002365,0.002537,0.096105,0.0,0.0,0.0,0.0,430.0,473.0,538.0,4.3,1,4.3
40300,40369,1,154loop_우만-신봉_1,0.000749,0.006815,0.005519,0.0,0.0,0.0,0.0,452.0,497.0,565.0,4.8,1,0.0
40300,40369,2,154loop_우만-신봉_2,0.000749,0.006815,0.005519,0.0,0.0,0.0,0.0,452.0,497.0,565.0,4.8,1,0.0
40807,900005,1,154osm_노포_154-서창_154_1,0.00272806,0.0248361,0.0201135,0.0,0.0,0.0,0.0,452.0,497.0,565.0,17.49,1,0.0
40807,900005,2,154osm_노포_154-서창_154_2,0.00272806,0.0248361,0.0201135,0.0,0.0,0.0,0.0,452.0,497.0,565.0,17.49,1,0.0
40808,40348,1,154gap_용호-동부산_1,0.0002167,0.0023246,0.088059,0.0,0.0,0.0,0.0,430.0,473.0,538.0,3.94,1,3.94
40808,40348,2,154gap_용호-동부산_2,0.0002167,0.0023246,0.088059,0.0,0.0,0.0,0.0,430.0,473.0,538.0,3.94,1,3.94
40305,40656,1,154loop_유천-둔산_1,0.000813,0.007401,0.005994,0.0,0.0,0.0,0.0,452.0,497.0,565.0,5.21,1,0.0
40305,40656,2,154loop_유천-둔산_2,0.000813,0.007401,0.005994,0.0,0.0,0.0,0.0,452.0,497.0,565.0,5.21,1,0.0
40813,40348,1,154gap_syn부산9-동부산_1,0.00015785,0.0016933,0.0641445,0.0,0.0,0.0,0.0,430.0,473.0,538.0,2.87,1,2.87
40813,40348,2,154gap_syn부산9-동부산_2,0.00015785,0.0016933,0.0641445,0.0,0.0,0.0,0.0,430.0,473.0,538.0,2.87,1,2.87
40815,40836,1,154loop_syn울산1-syn울산22_1,0.000155833,0.00142083,0.00115,0.0,0.0,0.0,0.0,452.0,497.0,565.0,1.0,1,0.0
40815,40836,2,154loop_syn울산1-syn울산22_2,0.000155833,0.00142083,0.00115,0.0,0.0,0.0,0.0,452.0,497.0,565.0,1.0,1,0.0
40313,40330,1,154loop_비응-SRC_1,0.001032,0.009395,0.007609,0.0,0.0,0.0,0.0,452.0,497.0,565.0,6.62,1,0.0
40313,40330,2,154loop_비응-SRC_2,0.001032,0.009395,0.007609,0.0,0.0,0.0,0.0,452.0,497.0,565.0,6.62,1,0.0
40817,40172,1,154loop_syn울산3-매암_1,0.000231,0.002101,0.0017015,0.0,0.0,0.0,0.0,452.0,497.0,565.0,1.48,1,0.0
40817,40172,2,154loop_syn울산3-매암_2,0.000231,0.002101,0.0017015,0.0,0.0,0.0,0.0,452.0,497.0,565.0,1.48,1,0.0
40818,40831,1,154loop_syn울산4-syn울산17_1,0.000156589,0.00142481,0.00115426,0.0,0.0,0.0,0.0,452.0,497.0,565.0,1.0,1,0.0
40818,40831,2,154loop_syn울산4-syn울산17_2,0.000156589,0.00142481,0.00115426,0.0,0.0,0.0,0.0,452.0,497.0,565.0,1.0,1,0.0
40316,40335,1,154loop_불당-SRC_1,0.000902,0.008212,0.00665,0.0,0.0,0.0,0.0,452.0,497.0,565.0,5.78,1,0.0
40316,40335,2,154loop_불당-SRC_2,0.000902,0.008212,0.00665,0.0,0.0,0.0,0.0,452.0,497.0,565.0,5.78,1,0.0
40316,40050,1,154loop_불당-탕정_1,0.000916,0.00834,0.006754,0.0,0.0,0.0,0.0,452.0,497.0,565.0,5.87,1,0.0
40316,40050,2,154loop_불당-탕정_2,0.000916,0.00834,0.006754,0.0,0.0,0.0,0.0,452.0,497.0,565.0,5.87,1,0.0
40826,40839,1,154loop_syn울산12-syn울산25_1,0.000203566,0.00185326,0.00150054,0.0,0.0,0.0,0.0,452.0,497.0,565.0,1.3,1,0.0
40826,40839,2,154loop_syn울산12-syn울산25_2,0.000203566,0.00185326,0.00150054,0.0,0.0,0.0,0.0,452.0,497.0,565.0,1.3,1,0.0
40827,40840,1,154loop_syn울산13-syn울산26_1,0.00015625,0.00142083,0.00115069,0.0,0.0,0.0,0.0,452.0,497.0,565.0,1.0,1,0.0
40827,40840,2,154loop_syn울산13-syn울산26_2,0.00015625,0.00142083,0.00115069,0.0,0.0,0.0,0.0,452.0,497.0,565.0,1.0,1,0.0
40325,40849,1,154loop_팔달-syn대구2_1,0.0003795,0.004071,0.154215,0.0,0.0,0.0,0.0,430.0,473.0,538.0,6.9,1,6.9
40325,40849,2,154loop_팔달-syn대구2_2,0.0003795,0.004071,0.154215,0.0,0.0,0.0,0.0,430.0,473.0,538.0,6.9,1,6.9
40833,40172,1,154loop_syn울산19-매암_1,0.000155978,0.00142174,0.00115163,0.0,0.0,0.0,0.0,452.0,497.0,565.0,1.0,1,0.0
40833,40172,2,154loop_syn울산19-매암_2,0.000155978,0.00142174,0.00115163,0.0,0.0,0.0,0.0,452.0,497.0,565.0,1.0,1,0.0
40838,40172,1,154loop_syn울산24-매암_1,0.000170281,0.0015486,0.00125375,0.0,0.0,0.0,0.0,452.0,497.0,565.0,1.09,1,0.0
40838,40172,2,154loop_syn울산24-매암_2,0.000170281,0.0015486,0.00125375,0.0,0.0,0.0,0.0,452.0,497.0,565.0,1.09,1,0.0
40842,40826,1,154loop_syn울산28-syn울산12_1,0.000156164,0.00142237,0.0011516,0.0,0.0,0.0,0.0,452.0,497.0,565.0,1.0,1,0.0
40842,40826,2,154loop_syn울산28-syn울산12_2,0.000156164,0.00142237,0.0011516,0.0,0.0,0.0,0.0,452.0,497.0,565.0,1.0,1,0.0
40845,40135,1,154loop_syn경주1-천북_1,0.0012593,0.0114604,0.00928123,0.0,0.0,0.0,0.0,452.0,497.0,565.0,8.07,1,0.0
40845,40504,1,154loop_syn경주1-아화_1,0.00228521,0.0208039,0.0168483,0.0,0.0,0.0,0.0,452.0,497.0,565.0,14.65,1,0.0
40846,40341,1,154loop_syn구미1-인동_1,0.000165484,0.00150514,0.001219,0.0,0.0,0.0,0.0,452.0,497.0,565.0,1.06,1,0.0
40846,40341,2,154loop_syn구미1-인동_2,0.000165484,0.00150514,0.001219,0.0,0.0,0.0,0.0,452.0,497.0,565.0,1.06,1,0.0
40846,40537,1,154loop_syn구미1-남인동_1,0.000555471,0.00505949,0.00409746,0.0,0.0,0.0,0.0,452.0,497.0,565.0,3.56,1,0.0
40846,40537,2,154loop_syn구미1-남인동_2,0.000555471,0.00505949,0.00409746,0.0,0.0,0.0,0.0,452.0,497.0,565.0,3.56,1,0.0
40847,40543,1,154loop_syn구미2-고아_1,0.00086566,0.00787588,0.00637843,0.0,0.0,0.0,0.0,452.0,497.0,565.0,5.55,1,0.0
40847,40543,2,154loop_syn구미2-고아_2,0.00086566,0.00787588,0.00637843,0.0,0.0,0.0,0.0,452.0,497.0,565.0,5.55,1,0.0
40847,40515,1,154loop_syn구미2-광평_1,0.000613425,0.00558515,0.00452303,0.0,0.0,0.0,0.0,452.0,497.0,565.0,3.93,1,0.0
40847,40515,2,154loop_syn구미2-광평_2,0.000613425,0.00558515,0.00452303,0.0,0.0,0.0,0.0,452.0,497.0,565.0,3.93,1,0.0
40853,40200,1,154loop_syn예천1-점촌_1,0.00342155,0.0311406,0.0252195,0.0,0.0,0.0,0.0,452.0,497.0,565.0,21.93,1,0.0
40853,40530,1,154loop_syn예천1-풍산_1,0.00264864,0.024106,0.0195224,0.0,0.0,0.0,0.0,452.0,497.0,565.0,16.98,1,0.0
40854,40193,1,154loop_syn포항1-포항T1_1,0.000155708,0.00141781,0.0011484,0.0,0.0,0.0,0.0,452.0,497.0,565.0,1.0,1,0.0
40854,40193,2,154loop_syn포항1-포항T1_2,0.000155708,0.00141781,0.0011484,0.0,0.0,0.0,0.0,452.0,497.0,565.0,1.0,1,0.0
40854,40523,1,154loop_syn포항1-포항_1,0.000227741,0.00207235,0.00167829,0.0,0.0,0.0,0.0,452.0,497.0,565.0,1.46,1,0.0
40854,40523,2,154loop_syn포항1-포항_2,0.000227741,0.00207235,0.00167829,0.0,0.0,0.0,0.0,452.0,497.0,565.0,1.46,1,0.0
40855,40414,1,154loop_syn부평1-도당_1,5.995e-05,0.0006431,0.0243615,0.0,0.0,0.0,0.0,430.0,473.0,538.0,1.09,1,1.09
40855,40414,2,154loop_syn부평1-도당_2,5.995e-05,0.0006431,0.0243615,0.0,0.0,0.0,0.0,430.0,473.0,538.0,1.09,1,1.09
40856,40556,1,154loop_syn부평2-북인천_1,0.0001595,0.001711,0.064815,0.0,0.0,0.0,0.0,430.0,473.0,538.0,2.9,1,2.9
40856,40556,2,154loop_syn부평2-북인천_2,0.0001595,0.001711,0.064815,0.0,0.0,0.0,0.0,430.0,473.0,538.0,2.9,1,2.9
40857,40018,1,154loop_syn부평3-마곡_1,6.105e-05,0.0006549,0.0248085,0.0,0.0,0.0,0.0,430.0,473.0,538.0,1.11,1,1.11
40857,40018,2,154loop_syn부평3-마곡_2,6.105e-05,0.0006549,0.0248085,0.0,0.0,0.0,0.0,430.0,473.0,538.0,1.11,1,1.11
40355,40356,1,154loop_사남-개양_1,0.002179,0.019838,0.016066,0.0,0.0,0.0,0.0,452.0,497.0,565.0,13.97,1,0.0
40355,40351,1,154loop_사남-이현_1,0.002605,0.023716,0.019207,0.0,0.0,0.0,0.0,452.0,497.0,565.0,16.7,1,0.0
40859,40070,1,154loop_syn부평5-계양1_1,0.00040933,0.00372461,0.00301627,0.0,0.0,0.0,0.0,452.0,497.0,565.0,2.62,1,0.0
40859,40070,2,154loop_syn부평5-계양1_2,0.00040933,0.00372461,0.00301627,0.0,0.0,0.0,0.0,452.0,497.0,565.0,2.62,1,0.0
40860,40712,1,154loop_syn부평6-천왕_1,0.000302516,0.00275276,0.00222923,0.0,0.0,0.0,0.0,452.0,497.0,565.0,1.94,1,0.0
40860,40712,2,154loop_syn부평6-천왕_2,0.000302516,0.00275276,0.00222923,0.0,0.0,0.0,0.0,452.0,497.0,565.0,1.94,1,0.0
40868,40395,1,154loop_syn강릉1-북강릉_1,0.00144881,0.0131838,0.010677,0.0,0.0,0.0,0.0,452.0,497.0,565.0,9.28,1,0.0
40868,40599,1,154loop_syn강릉1-횡계_1,0.00221748,0.0201852,0.0163473,0.0,0.0,0.0,0.0,452.0,497.0,565.0,14.21,1,0.0
40869,40607,1,154loop_syn원주1-남원주_1,0.000521589,0.00474372,0.00384237,0.0,0.0,0.0,0.0,452.0,497.0,565.0,3.34,1,0.0
40869,40607,2,154loop_syn원주1-남원주_2,0.000521589,0.00474372,0.00384237,0.0,0.0,0.0,0.0,452.0,497.0,565.0,3.34,1,0.0
40869,40606,1,154loop_syn원주1-북원주_1,0.000860443,0.00783238,0.00634283,0.0,0.0,0.0,0.0,452.0,497.0,565.0,5.52,1,0.0
40869,40606,2,154loop_syn원주1-북원주_2,0.000860443,0.00783238,0.00634283,0.0,0.0,0.0,0.0,452.0,497.0,565.0,5.52,1,0.0
40870,40649,1,154loop_syn제천1-제천T1_1,0.0018928,0.0172295,0.0139537,0.0,0.0,0.0,0.0,452.0,497.0,565.0,12.13,1,0.0
40870,40650,1,154loop_syn제천1-제천_1,0.00279396,0.0254354,0.0205986,0.0,0.0,0.0,0.0,452.0,497.0,565.0,17.91,1,0.0
40871,40648,1,154loop_syn진천1-덕산_1,0.000209003,0.00190237,0.00154062,0.0,0.0,0.0,0.0,452.0,497.0,565.0,1.34,1,0.0
40871,40648,2,154loop_syn진천1-덕산_2,0.000209003,0.00190237,0.00154062,0.0,0.0,0.0,0.0,452.0,497.0,565.0,1.34,1,0.0
40871,40097,1,154loop_syn진천1-진천_1,0.000978145,0.0089058,0.00721271,0.0,0.0,0.0,0.0,452.0,497.0,565.0,6.27,1,0.0
40872,40151,1,154loop_syn청주1-죽림_1,0.000574979,0.00523209,0.00423744,0.0,0.0,0.0,0.0,452.0,497.0,565.0,3.69,1,0.0
40872,40151,2,154loop_syn청주1-죽림_2,0.000574979,0.00523209,0.00423744,0.0,0.0,0.0,0.0,452.0,497.0,565.0,3.69,1,0.0
40872,40639,1,154loop_syn청주1-서청주_1,0.000327337,0.00297838,0.00241198,0.0,0.0,0.0,0.0,452.0,497.0,565.0,2.1,1,0.0
40872,40639,2,154loop_syn청주1-서청주_2,0.000327337,0.00297838,0.00241198,0.0,0.0,0.0,0.0,452.0,497.0,565.0,2.1,1,0.0
40873,40639,1,154loop_syn청주2-서청주_1,0.00107731,0.00981002,0.00794514,0.0,0.0,0.0,0.0,452.0,497.0,565.0,6.91,1,0.0
40873,40639,2,154loop_syn청주2-서청주_2,0.00107731,0.00981002,0.00794514,0.0,0.0,0.0,0.0,452.0,497.0,565.0,6.91,1,0.0
40873,40638,1,154loop_syn청주2-오송_1,0.000529028,0.00481638,0.00390026,0.0,0.0,0.0,0.0,452.0,497.0,565.0,3.39,1,0.0
40873,40638,2,154loop_syn청주2-오송_2,0.000529028,0.00481638,0.00390026,0.0,0.0,0.0,0.0,452.0,497.0,565.0,3.39,1,0.0
40874,40642,1,154loop_syn충주1-충주_1,0.00145763,0.0132686,0.0107454,0.0,0.0,0.0,0.0,452.0,497.0,565.0,9.34,1,0.0
40874,40651,1,154loop_syn충주1-장연_1,0.00168526,0.0153439,0.0124266,0.0,0.0,0.0,0.0,452.0,497.0,565.0,10.81,1,0.0
40876,40487,1,154gap_syn군산2-장항_1,0.000667586,0.00607769,0.004922,0.0,0.0,0.0,0.0,452.0,497.0,565.0,4.28,1,0.0
40877,40609,1,154loop_syn무주1-무주_1,0.00407046,0.0370457,0.0300022,0.0,0.0,0.0,0.0,452.0,497.0,565.0,26.09,1,0.0
40877,40631,1,154loop_syn무주1-장수_1,0.00292572,0.0266344,0.0215703,0.0,0.0,0.0,0.0,452.0,497.0,565.0,18.76,1,0.0
40878,40632,1,154loop_syn익산1-영등_1,0.000256064,0.00232999,0.00188682,0.0,0.0,0.0,0.0,452.0,497.0,565.0,1.64,1,0.0
40878,40632,2,154loop_syn익산1-영등_2,0.000256064,0.00232999,0.00188682,0.0,0.0,0.0,0.0,452.0,497.0,565.0,1.64,1,0.0
40878,40089,1,154loop_syn익산1-이리_1,0.000658201,0.005992,0.00485251,0.0,0.0,0.0,0.0,452.0,497.0,565.0,4.22,1,0.0
40878,40089,2,154loop_syn익산1-이리_2,0.000658201,0.005992,0.00485251,0.0,0.0,0.0,0.0,452.0,497.0,565.0,4.22,1,0.0
40879,40632,1,154loop_syn익산2-영등_1,0.000256135,0.00233064,0.00188729,0.0,0.0,0.0,0.0,452.0,497.0,565.0,1.64,1,0.0
40879,40632,2,154loop_syn익산2-영등_2,0.000256135,0.00233064,0.00188729,0.0,0.0,0.0,0.0,452.0,497.0,565.0,1.64,1,0.0
40879,40633,1,154loop_syn익산2-팔봉_1,0.000462104,0.00420555,0.00340581,0.0,0.0,0.0,0.0,452.0,497.0,565.0,2.96,1,0.0
40879,40633,2,154loop_syn익산2-팔봉_2,0.000462104,0.00420555,0.00340581,0.0,0.0,0.0,0.0,452.0,497.0,565.0,2.96,1,0.0
40880,40612,1,154loop_syn전주1-남전주_1,0.000906175,0.00824958,0.00668073,0.0,0.0,0.0,0.0,452.0,497.0,565.0,5.81,1,0.0
40880,40612,2,154loop_syn전주1-남전주_2,0.000906175,0.00824958,0.00668073,0.0,0.0,0.0,0.0,452.0,497.0,565.0,5.81,1,0.0
40880,40044,1,154loop_syn전주1-전주_1,0.000901835,0.00820876,0.00664765,0.0,0.0,0.0,0.0,452.0,497.0,565.0,5.78,1,0.0
40880,40044,2,154loop_syn전주1-전주_2,0.000901835,0.00820876,0.00664765,0.0,0.0,0.0,0.0,452.0,497.0,565.0,5.78,1,0.0
40881,40620,1,154loop_syn정읍1-정주_1,0.000917695,0.00835228,0.00676395,0.0,0.0,0.0,0.0,452.0,497.0,565.0,5.88,1,0.0
40881,40630,1,154loop_syn정읍1-정공_1,0.00203303,0.0185052,0.0149867,0.0,0.0,0.0,0.0,452.0,497.0,565.0,13.03,1,0.0
40882,40263,1,154loop_syn강진1-강진_1,0.00162273,0.0147736,0.0119645,0.0,0.0,0.0,0.0,452.0,497.0,565.0,10.4,1,0.0
40882,40764,1,154loop_syn강진1-SRC_1,0.00145895,0.0132788,0.0107537,0.0,0.0,0.0,0.0,452.0,497.0,565.0,9.35,1,0.0
40884,40575,1,154loop_syn광주1-충장_1,0.0001408,0.0015104,0.057216,0.0,0.0,0.0,0.0,430.0,473.0,538.0,2.56,1,2.56
40884,40575,2,154loop_syn광주1-충장_2,0.0001408,0.0015104,0.057216,0.0,0.0,0.0,0.0,430.0,473.0,538.0,2.56,1,2.56
40886,40099,1,154loop_syn광주3-SRC_1,0.0001804,0.0019352,0.073308,0.0,0.0,0.0,0.0,430.0,473.0,538.0,3.28,1,3.28
40886,40099,2,154loop_syn광주3-SRC_2,0.0001804,0.0019352,0.073308,0.0,0.0,0.0,0.0,430.0,473.0,538.0,3.28,1,3.28
40892,40274,1,154loop_syn여수1-여천_1,0.000322954,0.00293923,0.0023805,0.0,0.0,0.0,0.0,452.0,497.0,565.0,2.07,1,0.0
40892,40274,2,154loop_syn여수1-여천_2,0.000322954,0.00293923,0.0023805,0.0,0.0,0.0,0.0,452.0,497.0,565.0,2.07,1,0.0
40892,40275,1,154loop_syn여수1-여수산단개폐소_1,0.00032729,0.00298097,0.00241435,0.0,0.0,0.0,0.0,452.0,497.0,565.0,2.1,1,0.0
40892,40275,2,154loop_syn여수1-여수산단개폐소_2,0.00032729,0.00298097,0.00241435,0.0,0.0,0.0,0.0,452.0,497.0,565.0,2.1,1,0.0
40394,40402,1,154loop_용정-내촌_1,0.001385,0.012611,0.010213,0.0,0.0,0.0,0.0,452.0,497.0,565.0,8.88,1,0.0
40394,40402,2,154loop_용정-내촌_2,0.001385,0.012611,0.010213,0.0,0.0,0.0,0.0,452.0,497.0,565.0,8.88,1,0.0
40394,40160,1,154loop_용정-SRC_1,0.001487,0.013537,0.010963,0.0,0.0,0.0,0.0,452.0,497.0,565.0,9.53,1,0.0
40410,40453,1,154loop_북동탄-농서_1,0.0001397,0.0014986,0.056769,0.0,0.0,0.0,0.0,430.0,473.0,538.0,2.54,1,2.54
40410,40453,2,154loop_북동탄-농서_2,0.0001397,0.0014986,0.056769,0.0,0.0,0.0,0.0,430.0,473.0,538.0,2.54,1,2.54
40410,40457,1,154loop_북동탄-기흥_1,0.00023375,0.0025075,0.0949875,0.0,0.0,0.0,0.0,430.0,473.0,538.0,4.25,1,4.25
40410,40457,2,154loop_북동탄-기흥_2,0.00023375,0.0025075,0.0949875,0.0,0.0,0.0,0.0,430.0,473.0,538.0,4.25,1,4.25
40412,40180,1,154loop_남시화-시화_1,0.000469,0.004268,0.003456,0.0,0.0,0.0,0.0,452.0,497.0,565.0,3.01,1,0.0
40412,40180,2,154loop_남시화-시화_2,0.000469,0.004268,0.003456,0.0,0.0,0.0,0.0,452.0,497.0,565.0,3.01,1,0.0
40412,40428,1,154loop_남시화-서시화_1,0.00047,0.004282,0.003468,0.0,0.0,0.0,0.0,452.0,497.0,565.0,3.02,1,0.0
40412,40428,2,154loop_남시화-서시화_2,0.00047,0.004282,0.003468,0.0,0.0,0.0,0.0,452.0,497.0,565.0,3.02,1,0.0
40417,40682,1,154loop_남양-마도_1,0.001295,0.011784,0.009544,0.0,0.0,0.0,0.0,452.0,497.0,565.0,8.3,1,0.0
40417,40682,2,154loop_남양-마도_2,0.001295,0.011784,0.009544,0.0,0.0,0.0,0.0,452.0,497.0,565.0,8.3,1,0.0
40417,40426,1,154loop_남양-남안산_1,0.001642,0.014946,0.012104,0.0,0.0,0.0,0.0,452.0,497.0,565.0,10.53,1,0.0
40420,40422,1,154loop_목내-SRC_1,0.000358,0.00326,0.00264,0.0,0.0,0.0,0.0,452.0,497.0,565.0,2.3,1,0.0
40420,40422,2,154loop_목내-SRC_2,0.000358,0.00326,0.00264,0.0,0.0,0.0,0.0,452.0,497.0,565.0,2.3,1,0.0
40420,40421,1,154loop_목내-중시화_1,0.00046,0.004185,0.003389,0.0,0.0,0.0,0.0,452.0,497.0,565.0,2.95,1,0.0
40420,40421,2,154loop_목내-중시화_2,0.00046,0.004185,0.003389,0.0,0.0,0.0,0.0,452.0,497.0,565.0,2.95,1,0.0
40421,40425,1,154loop_중시화-성곡_1,0.000218,0.001984,0.001607,0.0,0.0,0.0,0.0,452.0,497.0,565.0,1.4,1,0.0
40421,40425,2,154loop_중시화-성곡_2,0.000218,0.001984,0.001607,0.0,0.0,0.0,0.0,452.0,497.0,565.0,1.4,1,0.0
40421,40180,1,154loop_중시화-시화_1,0.000349,0.003177,0.002573,0.0,0.0,0.0,0.0,452.0,497.0,565.0,2.24,1,0.0
40421,40180,2,154loop_중시화-시화_2,0.000349,0.003177,0.002573,0.0,0.0,0.0,0.0,452.0,497.0,565.0,2.24,1,0.0
40423,40424,1,154loop_남정왕-동시화_1,0.0003,0.002727,0.002209,0.0,0.0,0.0,0.0,452.0,497.0,565.0,1.92,1,0.0
40423,40424,2,154loop_남정왕-동시화_2,0.0003,0.002727,0.002209,0.0,0.0,0.0,0.0,452.0,497.0,565.0,1.92,1,0.0
40423,40180,1,154loop_남정왕-시화_1,0.000564,0.005132,0.004156,0.0,0.0,0.0,0.0,452.0,497.0,565.0,3.61,1,0.0
40423,40180,2,154loop_남정왕-시화_2,0.000564,0.005132,0.004156,0.0,0.0,0.0,0.0,452.0,497.0,565.0,3.61,1,0.0
40424,40748,1,154loop_동시화-북시화_1,0.000502,0.004567,0.003699,0.0,0.0,0.0,0.0,452.0,497.0,565.0,3.22,1,0.0
40424,40748,2,154loop_동시화-북시화_2,0.000502,0.004567,0.003699,0.0,0.0,0.0,0.0,452.0,497.0,565.0,3.22,1,0.0
40424,40421,1,154loop_동시화-중시화_1,0.000592,0.005389,0.004364,0.0,0.0,0.0,0.0,452.0,497.0,565.0,3.79,1,0.0
40424,40421,2,154loop_동시화-중시화_2,0.000592,0.005389,0.004364,0.0,0.0,0.0,0.0,452.0,497.0,565.0,3.79,1,0.0
40425,40180,1,154loop_성곡-시화_1,0.000351,0.003193,0.002585,0.0,0.0,0.0,0.0,452.0,497.0,565.0,2.25,1,0.0
40425,40180,2,154loop_성곡-시화_2,0.000351,0.003193,0.002585,0.0,0.0,0.0,0.0,452.0,497.0,565.0,2.25,1,0.0
40425,40182,1,154loop_성곡-반월_1,0.000532,0.004845,0.003924,0.0,0.0,0.0,0.0,452.0,497.0,565.0,3.41,1,0.0
40425,40182,2,154loop_성곡-반월_2,0.000532,0.004845,0.003924,0.0,0.0,0.0,0.0,452.0,497.0,565.0,3.41,1,0.0
40426,40297,1,154loop_남안산-성포_1,0.000516,0.004695,0.003802,0.0,0.0,0.0,0.0,452.0,497.0,565.0,3.31,1,0.0
40426,40297,2,154loop_남안산-성포_2,0.000516,0.004695,0.003802,0.0,0.0,0.0,0.0,452.0,497.0,565.0,3.31,1,0.0
40426,40420,1,154loop_남안산-목내_1,0.000759,0.006908,0.005595,0.0,0.0,0.0,0.0,452.0,497.0,565.0,4.86,1,0.0
40426,40420,2,154loop_남안산-목내_2,0.000759,0.006908,0.005595,0.0,0.0,0.0,0.0,452.0,497.0,565.0,4.86,1,0.0
40891,40000,1,154loop_syn순천1-순천T1_1,0.000796517,0.00724658,0.00586901,0.0,0.0,0.0,0.0,452.0,497.0,565.0,5.1,1,0.0
40891,40000,2,154loop_syn순천1-순천T1_2,0.000796517,0.00724658,0.00586901,0.0,0.0,0.0,0.0,452.0,497.0,565.0,5.1,1,0.0
40891,40106,1,154loop_syn순천1-순천_1,0.000729763,0.00664502,0.00538164,0.0,0.0,0.0,0.0,452.0,497.0,565.0,4.68,1,0.0
40891,40106,2,154loop_syn순천1-순천_2,0.000729763,0.00664502,0.00538164,0.0,0.0,0.0,0.0,452.0,497.0,565.0,4.68,1,0.0
40428,40423,1,154loop_서시화-남정왕_1,0.000565,0.005145,0.004166,0.0,0.0,0.0,0.0,452.0,497.0,565.0,3.62,1,0.0
40428,40423,2,154loop_서시화-남정왕_2,0.000565,0.005145,0.004166,0.0,0.0,0.0,0.0,452.0,497.0,565.0,3.62,1,0.0
40428,40245,1,154loop_서시화-정왕_1,0.000566,0.005156,0.004176,0.0,0.0,0.0,0.0,452.0,497.0,565.0,3.63,1,0.0
40428,40245,2,154loop_서시화-정왕_2,0.000566,0.005156,0.004176,0.0,0.0,0.0,0.0,452.0,497.0,565.0,3.63,1,0.0
40435,40655,1,154loop_송강-신일_1,0.000287,0.002612,0.002115,0.0,0.0,0.0,0.0,452.0,497.0,565.0,1.84,1,0.0
40435,40655,2,154loop_송강-신일_2,0.000287,0.002612,0.002115,0.0,0.0,0.0,0.0,452.0,497.0,565.0,1.84,1,0.0
40435,40667,1,154loop_송강-신탄진_1,0.000722,0.006572,0.005323,0.0,0.0,0.0,0.0,452.0,497.0,565.0,4.63,1,0.0
40435,40667,2,154loop_송강-신탄진_2,0.000722,0.006572,0.005323,0.0,0.0,0.0,0.0,452.0,497.0,565.0,4.63,1,0.0
40436,40086,1,154loop_세교-SRC_1,0.00029865,0.0032037,0.1213605,0.0,0.0,0.0,0.0,430.0,473.0,538.0,5.43,1,5.43
40436,40086,2,154loop_세교-SRC_2,0.00029865,0.0032037,0.1213605,0.0,0.0,0.0,0.0,430.0,473.0,538.0,5.43,1,5.43
40436,40176,1,154loop_세교-오산_1,0.0003102,0.0033276,0.126054,0.0,0.0,0.0,0.0,430.0,473.0,538.0,5.64,1,5.64
40436,40176,2,154loop_세교-오산_2,0.0003102,0.0033276,0.126054,0.0,0.0,0.0,0.0,430.0,473.0,538.0,5.64,1,5.64
40439,40365,1,154loop_덕이-호수_1,0.000466,0.004241,0.003434,0.0,0.0,0.0,0.0,452.0,497.0,565.0,2.99,1,0.0
40439,40365,2,154loop_덕이-호수_2,0.000466,0.004241,0.003434,0.0,0.0,0.0,0.0,452.0,497.0,565.0,2.99,1,0.0
40439,40276,1,154loop_덕이-송포_1,0.000467,0.004249,0.003441,0.0,0.0,0.0,0.0,452.0,497.0,565.0,2.99,1,0.0
40439,40276,2,154loop_덕이-송포_2,0.000467,0.004249,0.003441,0.0,0.0,0.0,0.0,452.0,497.0,565.0,2.99,1,0.0
40445,40121,1,154loop_구리-SRC_1,0.000611,0.005557,0.004501,0.0,0.0,0.0,0.0,452.0,497.0,565.0,3.91,1,0.0
40445,40121,2,154loop_구리-SRC_2,0.000611,0.005557,0.004501,0.0,0.0,0.0,0.0,452.0,497.0,565.0,3.91,1,0.0
40445,40027,1,154loop_구리-상봉_1,0.001048,0.009542,0.007727,0.0,0.0,0.0,0.0,452.0,497.0,565.0,6.72,1,0.0
40445,40027,2,154loop_구리-상봉_2,0.001048,0.009542,0.007727,0.0,0.0,0.0,0.0,452.0,497.0,565.0,6.72,1,0.0
40895,40079,1,154제주_서제주변환소-신제주_1,0.000468,0.004258,0.003448,0.0,0.0,0.0,0.0,452.0,497.0,565.0,3.0,1,0.0
40895,40079,2,154제주_서제주변환소-신제주_2,0.000468,0.004258,0.003448,0.0,0.0,0.0,0.0,452.0,497.0,565.0,3.0,1,0.0
40079,40665,1,154제주_신제주-동제주_1,0.001229,0.011183,0.009057,0.0,0.0,0.0,0.0,452.0,497.0,565.0,7.88,1,0.0
40079,40665,2,154제주_신제주-동제주_2,0.001229,0.011183,0.009057,0.0,0.0,0.0,0.0,452.0,497.0,565.0,7.88,1,0.0
40078,40209,1,154제주_조천-성산_1,0.00348,0.031673,0.025651,0.0,0.0,0.0,0.0,452.0,497.0,565.0,22.31,1,0.0
40078,40209,2,154제주_조천-성산_2,0.00348,0.031673,0.025651,0.0,0.0,0.0,0.0,452.0,497.0,565.0,22.31,1,0.0
40209,40673,1,154제주_성산-표선_1,0.001946,0.017709,0.014342,0.0,0.0,0.0,0.0,452.0,497.0,565.0,12.47,1,0.0
40209,40673,2,154제주_성산-표선_2,0.001946,0.017709,0.014342,0.0,0.0,0.0,0.0,452.0,497.0,565.0,12.47,1,0.0
40673,40076,1,154제주_표선-한라_1,0.003,0.02731,0.022117,0.0,0.0,0.0,0.0,452.0,497.0,565.0,19.23,1,0.0
40673,40076,2,154제주_표선-한라_2,0.003,0.02731,0.022117,0.0,0.0,0.0,0.0,452.0,497.0,565.0,19.23,1,0.0
40076,40307,1,154제주_한라-신서귀_1,0.002228,0.020283,0.016426,0.0,0.0,0.0,0.0,452.0,497.0,565.0,14.28,1,0.0
40076,40307,2,154제주_한라-신서귀_2,0.002228,0.020283,0.016426,0.0,0.0,0.0,0.0,452.0,497.0,565.0,14.28,1,0.0
40307,90083,1,154제주_신서귀-남제주화력_1,0.000716,0.006522,0.005282,0.0,0.0,0.0,0.0,452.0,497.0,565.0,4.59,1,0.0
40307,90083,2,154제주_신서귀-남제주화력_2,0.000716,0.006522,0.005282,0.0,0.0,0.0,0.0,452.0,497.0,565.0,4.59,1,0.0
90083,40674,1,154제주_남제주화력-안덕_1,0.002535,0.023075,0.018687,0.0,0.0,0.0,0.0,452.0,497.0,565.0,16.25,1,0.0
90083,40674,2,154제주_남제주화력-안덕_2,0.002535,0.023075,0.018687,0.0,0.0,0.0,0.0,452.0,497.0,565.0,16.25,1,0.0
40675,40895,1,154제주_한림-서제주변환소_1,0.003502,0.031877,0.025816,0.0,0.0,0.0,0.0,452.0,497.0,565.0,22.45,1,0.0
40675,40895,2,154제주_한림-서제주변환소_2,0.003502,0.031877,0.025816,0.0,0.0,0.0,0.0,452.0,497.0,565.0,22.45,1,0.0
40894,40665,1,154제주_제주변환소-동제주_1,0.000967,0.008804,0.00713,0.0,0.0,0.0,0.0,452.0,497.0,565.0,6.2,1,0.0
40075,40665,1,154제주_산지-동제주_1,0.000464,0.004227,0.003423,0.0,0.0,0.0,0.0,452.0,497.0,565.0,2.98,1,0.0
40665,40076,1,154제주_동제주-한라_1,0.004722,0.042983,0.034811,0.0,0.0,0.0,0.0,452.0,497.0,565.0,30.27,1,0.0
40896,40675,1,154제주_금악-한림_1,0.000975,0.008877,0.007189,0.0,0.0,0.0,0.0,452.0,497.0,565.0,6.25,1,0.0
40897,40078,1,154제주_행원풍력-조천_1,0.002071,0.018855,0.01527,0.0,0.0,0.0,0.0,452.0,497.0,565.0,13.28,1,0.0
40898,40078,1,154제주_김녕풍력-조천_1,0.001377,0.012533,0.01015,0.0,0.0,0.0,0.0,452.0,497.0,565.0,8.83,1,0.0
40899,40078,1,154제주_동복풍력-조천_1,0.000714,0.006502,0.005266,0.0,0.0,0.0,0.0,452.0,497.0,565.0,4.58,1,0.0
40900,40673,1,154제주_가시리풍력-표선_1,0.0004,0.003638,0.002946,0.0,0.0,0.0,0.0,452.0,497.0,565.0,2.56,1,0.0
40901,40209,1,154제주_삼달풍력-성산_1,0.001642,0.014948,0.012106,0.0,0.0,0.0,0.0,452.0,497.0,565.0,10.53,1,0.0
40902,40675,1,154제주_탐라해상풍력-한림_1,0.002252,0.020499,0.016601,0.0,0.0,0.0,0.0,452.0,497.0,565.0,14.44,1,0.0
40903,40896,1,154제주_한경풍력-금악_1,0.002012,0.018312,0.01483,0.0,0.0,0.0,0.0,452.0,497.0,565.0,12.9,1,0.0
40904,40896,1,154제주_상명풍력-금악_1,0.000385266,0.00350745,0.0028405,0.0,0.0,0.0,0.0,452.0,497.0,565.0,2.47,1,0.0
40905,40199,1,154_해남변환소-연계_1,0.000968,0.008814,0.007138,0.0,0.0,0.0,0.0,452.0,497.0,565.0,6.21,1,0.0
40905,40199,2,154_해남변환소-연계_2,0.000968,0.008814,0.007138,0.0,0.0,0.0,0.0,452.0,497.0,565.0,6.21,1,0.0
40906,40280,1,154_진도변환소-연계_1,0.0010659,0.0114342,0.433143,0.0,0.0,0.0,0.0,430.0,473.0,538.0,19.38,1,19.38
40906,40280,2,154_진도변환소-연계_2,0.0010659,0.0114342,0.433143,0.0,0.0,0.0,0.0,430.0,473.0,538.0,19.38,1,19.38
40907,40294,1,154_완도변환소-연계_1,0.000744,0.006777,0.005488,0.0,0.0,0.0,0.0,452.0,497.0,565.0,4.77,1,0.0
40907,40294,2,154_완도변환소-연계_2,0.000744,0.006777,0.005488,0.0,0.0,0.0,0.0,452.0,497.0,565.0,4.77,1,0.0
40894,40905,1,HVDC_제주-본토_해남#1,0.001,0.01,0.0,0.0,0.0,0.0,0.0,300.0,330.0,375.0,92.5,1,0.0
40895,40906,1,HVDC_제주-본토_진도#2,0.001,0.01,0.0,0.0,0.0,0.0,0.0,400.0,440.0,500.0,106.8,1,0.0
40908,40907,1,HVDC_제주-본토_완도#3,0.001,0.01,0.0,0.0,0.0,0.0,0.0,200.0,220.0,250.0,95.9,1,0.0
20089,20079,1,HVDC_북당진-고덕,0.001,0.01,0.0,0.0,0.0,0.0,0.0,3000.0,3300.0,3750.0,25.6,1,0.0
90001,10004,1,lead_신고리_SW_1,4e-06,0.000145,0.073923,0.0,0.0,0.0,0.0,7290.0,8019.0,9112.0,2.56,1,0.0
90001,10004,2,lead_신고리_SW_2,4e-06,0.000145,0.073923,0.0,0.0,0.0,0.0,7290.0,8019.0,9112.0,2.56,1,0.0
90002,10004,1,lead_새울_SW_1,4e-06,0.00015,0.076369,0.0,0.0,0.0,0.0,7290.0,8019.0,9112.0,2.64,1,0.0
90002,10004,2,lead_새울_SW_2,4e-06,0.00015,0.076369,0.0,0.0,0.0,0.0,7290.0,8019.0,9112.0,2.64,1,0.0
90004,10007,1,lead_한울_SW_1,3e-06,9.2e-05,0.047022,0.0,0.0,0.0,0.0,7290.0,8019.0,9112.0,1.63,1,0.0
90004,10007,2,lead_한울_SW_2,3e-06,9.2e-05,0.047022,0.0,0.0,0.0,0.0,7290.0,8019.0,9112.0,1.63,1,0.0
90005,10007,1,lead_신한울_SW_1,4e-06,0.000125,0.063768,0.0,0.0,0.0,0.0,7290.0,8019.0,9112.0,2.21,1,0.0
90005,10007,2,lead_신한울_SW_2,4e-06,0.000125,0.063768,0.0,0.0,0.0,0.0,7290.0,8019.0,9112.0,2.21,1,0.0
90007,20053,1,lead_신월성_SW_1,0.0003,0.003219,0.067833,0.0,0.0,0.0,0.0,2173.0,2390.0,2716.0,11.54,1,0.0
90007,20053,2,lead_신월성_SW_2,0.0003,0.003219,0.067833,0.0,0.0,0.0,0.0,2173.0,2390.0,2716.0,11.54,1,0.0
90008,10001,1,lead_당진화력_SW_1,6.43587e-05,0.00215326,1.09765,0.0,0.0,0.0,0.0,7290.0,8019.0,9112.0,37.99,1,0.0
90008,10001,2,lead_당진화력_SW_2,6.43587e-05,0.00215326,1.09765,0.0,0.0,0.0,0.0,7290.0,8019.0,9112.0,37.99,1,0.0
90009,20034,1,lead_태안화력_SW_1,0.001144,0.012276,0.25872,0.0,0.0,0.0,0.0,2173.0,2390.0,2716.0,44.0,1,0.0
90009,20034,2,lead_태안화력_SW_2,0.001144,0.012276,0.25872,0.0,0.0,0.0,0.0,2173.0,2390.0,2716.0,44.0,1,0.0
90010,20027,1,lead_하동화력_SW_1,0.000612317,0.00656534,0.138368,0.0,0.0,0.0,0.0,2173.0,2390.0,2716.0,23.53,1,0.0
90010,20027,2,lead_하동화력_SW_2,0.000612317,0.00656534,0.138368,0.0,0.0,0.0,0.0,2173.0,2390.0,2716.0,23.53,1,0.0
90011,20085,1,lead_영흥화력_SW_1,4e-05,0.000427,0.009001,0.0,0.0,0.0,0.0,2173.0,2390.0,2716.0,1.53,1,0.0
90011,20085,2,lead_영흥화력_SW_2,4e-05,0.000427,0.009001,0.0,0.0,0.0,0.0,2173.0,2390.0,2716.0,1.53,1,0.0
90012,20002,1,lead_보령화력_SW_1,0.000823,0.008831,0.186121,0.0,0.0,0.0,0.0,2173.0,2390.0,2716.0,31.65,1,0.0
90012,20002,2,lead_보령화력_SW_2,0.000823,0.008831,0.186121,0.0,0.0,0.0,0.0,2173.0,2390.0,2716.0,31.65,1,0.0
90013,20033,1,lead_신보령_SW_1,0.00172146,0.0184726,0.389315,0.0,0.0,0.0,0.0,2173.0,2390.0,2716.0,66.21,1,0.0
90013,20033,2,lead_신보령_SW_2,0.00172146,0.0184726,0.389315,0.0,0.0,0.0,0.0,2173.0,2390.0,2716.0,66.21,1,0.0
90014,20060,1,lead_삼천포_SW_1,2.60108e-05,0.000278841,0.00587668,0.0,0.0,0.0,0.0,2173.0,2390.0,2716.0,1.0,1,0.0
90014,20060,2,lead_삼천포_SW_2,2.60108e-05,0.000278841,0.00587668,0.0,0.0,0.0,0.0,2173.0,2390.0,2716.0,1.0,1,0.0
90015,40470,1,lead_신서천_SW_1,0.0047932,0.0436372,0.0353395,0.0,0.0,0.0,0.0,452.0,497.0,565.0,30.73,1,0.0
90015,40470,2,lead_신서천_SW_2,0.0047932,0.0436372,0.0353395,0.0,0.0,0.0,0.0,452.0,497.0,565.0,30.73,1,0.0
90016,40203,1,lead_동해화력_SW_1,0.000531795,0.00483722,0.00391685,0.0,0.0,0.0,0.0,452.0,497.0,565.0,3.4,1,0.0
90016,40203,2,lead_동해화력_SW_2,0.000531795,0.00483722,0.00391685,0.0,0.0,0.0,0.0,452.0,497.0,565.0,3.4,1,0.0
90017,20043,1,lead_북평_SW_1,8.7e-05,0.000937,0.019746,0.0,0.0,0.0,0.0,2173.0,2390.0,2716.0,3.36,1,0.0
90017,20043,2,lead_북평_SW_2,8.7e-05,0.000937,0.019746,0.0,0.0,0.0,0.0,2173.0,2390.0,2716.0,3.36,1,0.0
90018,20060,1,lead_고성하이_SW_1,0.000538,0.005769,0.12159,0.0,0.0,0.0,0.0,2173.0,2390.0,2716.0,20.68,1,0.0
90018,20060,2,lead_고성하이_SW_2,0.000538,0.005769,0.12159,0.0,0.0,0.0,0.0,2173.0,2390.0,2716.0,20.68,1,0.0
90019,20043,1,lead_강릉안인_SW_1,0.000889,0.009538,0.20101,0.0,0.0,0.0,0.0,2173.0,2390.0,2716.0,34.19,1,0.0
90019,20043,2,lead_강릉안인_SW_2,0.000889,0.009538,0.20101,0.0,0.0,0.0,0.0,2173.0,2390.0,2716.0,34.19,1,0.0
90020,20043,1,lead_삼척그린파워_SW_1,0.00125016,0.0134325,0.283078,0.0,0.0,0.0,0.0,2173.0,2390.0,2716.0,48.16,1,0.0
90020,20043,2,lead_삼척그린파워_SW_2,0.00125016,0.0134325,0.283078,0.0,0.0,0.0,0.0,2173.0,2390.0,2716.0,48.16,1,0.0
90021,20043,1,lead_삼척블루파워_SW_1,0.000392926,0.00421666,0.0888762,0.0,0.0,0.0,0.0,2173.0,2390.0,2716.0,15.12,1,0.0
90021,20043,2,lead_삼척블루파워_SW_2,0.000392926,0.00421666,0.0888762,0.0,0.0,0.0,0.0,2173.0,2390.0,2716.0,15.12,1,0.0
90022,20029,1,lead_평택화력_SW_1,0.00050752,0.00544608,0.114778,0.0,0.0,0.0,0.0,2173.0,2390.0,2716.0,19.52,1,0.0
90022,20029,2,lead_평택화력_SW_2,0.00050752,0.00544608,0.114778,0.0,0.0,0.0,0.0,2173.0,2390.0,2716.0,19.52,1,0.0
90023,20057,1,lead_서인천복합_SW_1,0.000285532,0.00306798,0.0646477,0.0,0.0,0.0,0.0,2173.0,2390.0,2716.0,10.99,1,0.0
90023,20057,2,lead_서인천복합_SW_2,0.000285532,0.00306798,0.0646477,0.0,0.0,0.0,0.0,2173.0,2390.0,2716.0,10.99,1,0.0
90024,20057,1,lead_신인천복합_SW_1,0.000271802,0.00291123,0.0613454,0.0,0.0,0.0,0.0,2173.0,2390.0,2716.0,10.43,1,0.0
90024,20057,2,lead_신인천복합_SW_2,0.000271802,0.00291123,0.0613454,0.0,0.0,0.0,0.0,2173.0,2390.0,2716.0,10.43,1,0.0
90025,20057,1,lead_인천복합_SW_1,0.000229404,0.00245954,0.0518411,0.0,0.0,0.0,0.0,2173.0,2390.0,2716.0,8.82,1,0.0
90025,20057,2,lead_인천복합_SW_2,0.000229404,0.00245954,0.0518411,0.0,0.0,0.0,0.0,2173.0,2390.0,2716.0,8.82,1,0.0
90026,20002,1,lead_보령복합_SW_1,0.00079794,0.00856251,0.180457,0.0,0.0,0.0,0.0,2173.0,2390.0,2716.0,30.69,1,0.0
90026,20002,2,lead_보령복합_SW_2,0.00079794,0.00856251,0.180457,0.0,0.0,0.0,0.0,2173.0,2390.0,2716.0,30.69,1,0.0
90029,20084,1,lead_울산화력_SW_1,7.488e-05,0.00080352,0.0169344,0.0,0.0,0.0,0.0,2173.0,2390.0,2716.0,2.88,1,0.0
90029,20084,2,lead_울산화력_SW_2,7.488e-05,0.00080352,0.0169344,0.0,0.0,0.0,0.0,2173.0,2390.0,2716.0,2.88,1,0.0
90030,40610,1,lead_군산복합_SW_1,0.000156,0.00142,0.00115,0.0,0.0,0.0,0.0,452.0,497.0,565.0,1.0,1,0.0
90030,40610,2,lead_군산복합_SW_2,0.000156,0.00142,0.00115,0.0,0.0,0.0,0.0,452.0,497.0,565.0,1.0,1,0.0
90031,20084,1,lead_영남복합_SW_1,0.000110247,0.00118273,0.0249263,0.0,0.0,0.0,0.0,2173.0,2390.0,2716.0,4.24,1,0.0
90031,20084,2,lead_영남복합_SW_2,0.000110247,0.00118273,0.0249263,0.0,0.0,0.0,0.0,2173.0,2390.0,2716.0,4.24,1,0.0
90032,20060,1,lead_통영에코_SW_1,0.000899,0.009647,0.203308,0.0,0.0,0.0,0.0,2173.0,2390.0,2716.0,34.58,1,0.0
90032,20060,2,lead_통영에코_SW_2,0.000899,0.009647,0.203308,0.0,0.0,0.0,0.0,2173.0,2390.0,2716.0,34.58,1,0.0
90033,20027,1,lead_율촌복합_SW_1,0.00027586,0.0029609,0.062408,0.0,0.0,0.0,0.0,2173.0,2390.0,2716.0,10.61,1,0.0
90033,20027,2,lead_율촌복합_SW_2,0.00027586,0.0029609,0.062408,0.0,0.0,0.0,0.0,2173.0,2390.0,2716.0,10.61,1,0.0
90034,20066,1,lead_당진복합_SW_1,0.000631934,0.00680878,0.143474,0.0,0.0,0.0,0.0,2173.0,2390.0,2716.0,24.41,1,0.0
90034,20066,2,lead_당진복합_SW_2,0.000631934,0.00680878,0.143474,0.0,0.0,0.0,0.0,2173.0,2390.0,2716.0,24.41,1,0.0
90035,20049,1,lead_포천복합_SW_1,0.000130061,0.00139448,0.0293902,0.0,0.0,0.0,0.0,2173.0,2390.0,2716.0,5.0,1,0.0
90035,20049,2,lead_포천복합_SW_2,0.000130061,0.00139448,0.0293902,0.0,0.0,0.0,0.0,2173.0,2390.0,2716.0,5.0,1,0.0
90036,20049,1,lead_동두천복합_SW_1,0.000250949,0.00268978,0.05669,0.0,0.0,0.0,0.0,2173.0,2390.0,2716.0,9.64,1,0.0
90036,20049,2,lead_동두천복합_SW_2,0.000250949,0.00268978,0.05669,0.0,0.0,0.0,0.0,2173.0,2390.0,2716.0,9.64,1,0.0
90037,20046,1,lead_파주복합_SW_1,0.000302533,0.00323838,0.0682532,0.0,0.0,0.0,0.0,2173.0,2390.0,2716.0,11.59,1,0.0
90037,20046,2,lead_파주복합_SW_2,0.000302533,0.00323838,0.0682532,0.0,0.0,0.0,0.0,2173.0,2390.0,2716.0,11.59,1,0.0
90038,20045,1,lead_여주복합_SW_1,0.000853655,0.00916291,0.193117,0.0,0.0,0.0,0.0,2173.0,2390.0,2716.0,32.84,1,0.0
90038,20045,2,lead_여주복합_SW_2,0.000853655,0.00916291,0.193117,0.0,0.0,0.0,0.0,2173.0,2390.0,2716.0,32.84,1,0.0
90040,40251,1,lead_부천복합_SW_1,0.00016775,0.0017995,0.0681675,0.0,0.0,0.0,0.0,430.0,473.0,538.0,3.05,1,3.05
90040,40251,2,lead_부천복합_SW_2,0.00016775,0.0017995,0.0681675,0.0,0.0,0.0,0.0,430.0,473.0,538.0,3.05,1,3.05
90041,20075,1,lead_부산복합_SW_1,9.87171e-05,0.00135149,0.802965,0.0,0.0,0.0,0.0,1023.0,1125.0,1279.0,8.98,1,8.98
90041,20075,2,lead_부산복합_SW_2,9.87171e-05,0.00135149,0.802965,0.0,0.0,0.0,0.0,1023.0,1125.0,1279.0,8.98,1,8.98
90042,20044,1,lead_영월복합_SW_1,0.000686513,0.00737068,0.155349,0.0,0.0,0.0,0.0,2173.0,2390.0,2716.0,26.42,1,0.0
90042,20044,2,lead_영월복합_SW_2,0.000686513,0.00737068,0.155349,0.0,0.0,0.0,0.0,2173.0,2390.0,2716.0,26.42,1,0.0
90043,40549,1,lead_대구복합_SW_1,0.000156,0.00142,0.00115,0.0,0.0,0.0,0.0,452.0,497.0,565.0,1.0,1,0.0
90043,40549,2,lead_대구복합_SW_2,0.000156,0.00142,0.00115,0.0,0.0,0.0,0.0,452.0,497.0,565.0,1.0,1,0.0
90044,40641,1,lead_청주복합_SW_1,0.000218,0.001982,0.001605,0.0,0.0,0.0,0.0,452.0,497.0,565.0,1.4,1,0.0
90044,40641,2,lead_청주복합_SW_2,0.000218,0.001982,0.001605,0.0,0.0,0.0,0.0,452.0,497.0,565.0,1.4,1,0.0
90045,20027,1,lead_광양_SW_1,0.000407273,0.00437348,0.092183,0.0,0.0,0.0,0.0,2173.0,2390.0,2716.0,15.68,1,0.0
90045,20027,2,lead_광양_SW_2,0.000407273,0.00437348,0.092183,0.0,0.0,0.0,0.0,2173.0,2390.0,2716.0,15.68,1,0.0
90046,20090,1,lead_서울복합_SW_1,2.6e-05,0.000279,0.00588,0.0,0.0,0.0,0.0,2173.0,2390.0,2716.0,1.0,1,0.0
90046,20090,2,lead_서울복합_SW_2,2.6e-05,0.000279,0.00588,0.0,0.0,0.0,0.0,2173.0,2390.0,2716.0,1.0,1,0.0
90047,40177,1,lead_오성복합_SW_1,0.000322874,0.00293944,0.0023805,0.0,0.0,0.0,0.0,452.0,497.0,565.0,2.07,1,0.0
90047,40177,2,lead_오성복합_SW_2,0.000322874,0.00293944,0.0023805,0.0,0.0,0.0,0.0,452.0,497.0,565.0,2.07,1,0.0
90048,20078,1,lead_안산복합_SW_1,8.24606e-05,0.000884761,0.0186401,0.0,0.0,0.0,0.0,2173.0,2390.0,2716.0,3.17,1,0.0
90048,20078,2,lead_안산복합_SW_2,8.24606e-05,0.000884761,0.0186401,0.0,0.0,0.0,0.0,2173.0,2390.0,2716.0,3.17,1,0.0
90049,20013,1,lead_동탄복합_SW_1,0.000158309,0.00169552,0.0357275,0.0,0.0,0.0,0.0,2173.0,2390.0,2716.0,6.08,1,0.0
90049,20013,2,lead_동탄복합_SW_2,0.000158309,0.00169552,0.0357275,0.0,0.0,0.0,0.0,2173.0,2390.0,2716.0,6.08,1,0.0
90050,20013,1,lead_화성복합_SW_1,2.6e-05,0.000279,0.00588,0.0,0.0,0.0,0.0,2173.0,2390.0,2716.0,1.0,1,0.0
90050,20013,2,lead_화성복합_SW_2,2.6e-05,0.000279,0.00588,0.0,0.0,0.0,0.0,2173.0,2390.0,2716.0,1.0,1,0.0
90051,20065,1,lead_세종복합_SW_1,0.000249635,0.00268029,0.0564963,0.0,0.0,0.0,0.0,2173.0,2390.0,2716.0,9.61,1,0.0
90051,20065,2,lead_세종복합_SW_2,0.000249635,0.00268029,0.0564963,0.0,0.0,0.0,0.0,2173.0,2390.0,2716.0,9.61,1,0.0
90052,20066,1,lead_대산복합_SW_1,0.000776,0.008329,0.175526,0.0,0.0,0.0,0.0,2173.0,2390.0,2716.0,29.85,1,0.0
90052,20066,2,lead_대산복합_SW_2,0.000776,0.008329,0.175526,0.0,0.0,0.0,0.0,2173.0,2390.0,2716.0,29.85,1,0.0
90053,40293,1,lead_위례복합_SW_1,0.000156,0.00142,0.00115,0.0,0.0,0.0,0.0,452.0,497.0,565.0,1.0,1,0.0
90053,40293,2,lead_위례복합_SW_2,0.000156,0.00142,0.00115,0.0,0.0,0.0,0.0,452.0,497.0,565.0,1.0,1,0.0
90054,40723,1,lead_미사복합_SW_1,0.000178238,0.00162133,0.00131326,0.0,0.0,0.0,0.0,452.0,497.0,565.0,1.14,1,0.0
90054,40723,2,lead_미사복합_SW_2,0.000178238,0.00162133,0.00131326,0.0,0.0,0.0,0.0,452.0,497.0,565.0,1.14,1,0.0
90055,40565,1,lead_청라복합_SW_1,6.545e-05,0.0007021,0.0265965,0.0,0.0,0.0,0.0,430.0,473.0,538.0,1.19,1,1.19
90055,40565,2,lead_청라복합_SW_2,6.545e-05,0.0007021,0.0265965,0.0,0.0,0.0,0.0,430.0,473.0,538.0,1.19,1,1.19
90056,40388,1,lead_판교복합_SW_1,0.000156,0.00142,0.00115,0.0,0.0,0.0,0.0,452.0,497.0,565.0,1.0,1,0.0
90056,40388,2,lead_판교복합_SW_2,0.000156,0.00142,0.00115,0.0,0.0,0.0,0.0,452.0,497.0,565.0,1.0,1,0.0
90057,40306,1,lead_광교복합_SW_1,0.000202,0.001843,0.001493,0.0,0.0,0.0,0.0,452.0,497.0,565.0,1.3,1,0.0
90057,40306,2,lead_광교복합_SW_2,0.000202,0.001843,0.001493,0.0,0.0,0.0,0.0,452.0,497.0,565.0,1.3,1,0.0
90058,40441,1,lead_별내복합_SW_1,0.00119296,0.0108497,0.0087853,0.0,0.0,0.0,0.0,452.0,497.0,565.0,7.65,1,0.0
90058,40441,2,lead_별내복합_SW_2,0.00119296,0.0108497,0.0087853,0.0,0.0,0.0,0.0,452.0,497.0,565.0,7.65,1,0.0
90059,40364,1,lead_삼송복합_SW_1,0.00020436,0.00185915,0.00150545,0.0,0.0,0.0,0.0,452.0,497.0,565.0,1.31,1,0.0
90059,40364,2,lead_삼송복합_SW_2,0.00020436,0.00185915,0.00150545,0.0,0.0,0.0,0.0,452.0,497.0,565.0,1.31,1,0.0
90060,40398,1,lead_소양강수력_SW_1,0.001278,0.011637,0.009424,0.0,0.0,0.0,0.0,452.0,497.0,565.0,8.19,1,0.0
90060,40398,2,lead_소양강수력_SW_2,0.001278,0.011637,0.009424,0.0,0.0,0.0,0.0,452.0,497.0,565.0,8.19,1,0.0
90061,40642,1,lead_충주수력_SW_1,0.001127,0.010258,0.008308,0.0,0.0,0.0,0.0,452.0,497.0,565.0,7.22,1,0.0
90061,40642,2,lead_충주수력_SW_2,0.001127,0.010258,0.008308,0.0,0.0,0.0,0.0,452.0,497.0,565.0,7.22,1,0.0
90062,40396,1,lead_화천수력_SW_1,0.002156,0.019628,0.015896,0.0,0.0,0.0,0.0,452.0,497.0,565.0,13.82,1,0.0
90062,40396,2,lead_화천수력_SW_2,0.002156,0.019628,0.015896,0.0,0.0,0.0,0.0,452.0,497.0,565.0,13.82,1,0.0
90063,40161,1,lead_청평수력_SW_1,0.0017956,0.0163468,0.0132388,0.0,0.0,0.0,0.0,452.0,497.0,565.0,11.51,1,0.0
90063,40161,2,lead_청평수력_SW_2,0.0017956,0.0163468,0.0132388,0.0,0.0,0.0,0.0,452.0,497.0,565.0,11.51,1,0.0
90064,40311,1,lead_팔당수력_SW_1,0.000795528,0.00724116,0.0058644,0.0,0.0,0.0,0.0,452.0,497.0,565.0,5.1,1,0.0
90064,40311,2,lead_팔당수력_SW_2,0.000795528,0.00724116,0.0058644,0.0,0.0,0.0,0.0,452.0,497.0,565.0,5.1,1,0.0
90065,40430,1,lead_안동수력_SW_1,0.000437,0.003974,0.003218,0.0,0.0,0.0,0.0,452.0,497.0,565.0,2.8,1,0.0
90065,40430,2,lead_안동수력_SW_2,0.000437,0.003974,0.003218,0.0,0.0,0.0,0.0,452.0,497.0,565.0,2.8,1,0.0
90066,40452,1,lead_임하수력_SW_1,0.000841,0.007652,0.006197,0.0,0.0,0.0,0.0,452.0,497.0,565.0,5.39,1,0.0
90066,40452,2,lead_임하수력_SW_2,0.000841,0.007652,0.006197,0.0,0.0,0.0,0.0,452.0,497.0,565.0,5.39,1,0.0
90067,40352,1,lead_합천수력_SW_1,0.00238097,0.0216353,0.0175227,0.0,0.0,0.0,0.0,452.0,497.0,565.0,15.25,1,0.0
90067,40352,2,lead_합천수력_SW_2,0.00238097,0.0216353,0.0175227,0.0,0.0,0.0,0.0,452.0,497.0,565.0,15.25,1,0.0
90068,40175,1,lead_강릉수력_SW_1,0.00112632,0.0102524,0.008303,0.0,0.0,0.0,0.0,452.0,497.0,565.0,7.22,1,0.0
90068,40175,2,lead_강릉수력_SW_2,0.00112632,0.0102524,0.008303,0.0,0.0,0.0,0.0,452.0,497.0,565.0,7.22,1,0.0
90069,40708,1,lead_춘천수력_SW_1,0.000155702,0.00141886,0.00114912,0.0,0.0,0.0,0.0,452.0,497.0,565.0,1.0,1,0.0
90069,40708,2,lead_춘천수력_SW_2,0.000155702,0.00141886,0.00114912,0.0,0.0,0.0,0.0,452.0,497.0,565.0,1.0,1,0.0
90070,40400,1,lead_의암수력_SW_1,0.00108277,0.00985416,0.007981,0.0,0.0,0.0,0.0,452.0,497.0,565.0,6.94,1,0.0
90070,40400,2,lead_의암수력_SW_2,0.00108277,0.00985416,0.007981,0.0,0.0,0.0,0.0,452.0,497.0,565.0,6.94,1,0.0
90071,40614,1,lead_섬진강수력_SW_1,0.0019,0.017291,0.014003,0.0,0.0,0.0,0.0,452.0,497.0,565.0,12.18,1,0.0
90071,40614,2,lead_섬진강수력_SW_2,0.0019,0.017291,0.014003,0.0,0.0,0.0,0.0,452.0,497.0,565.0,12.18,1,0.0
90072,40667,1,lead_대청수력_SW_1,0.001008,0.009179,0.007434,0.0,0.0,0.0,0.0,452.0,497.0,565.0,6.46,1,0.0
90072,40667,2,lead_대청수력_SW_2,0.001008,0.009179,0.007434,0.0,0.0,0.0,0.0,452.0,497.0,565.0,6.46,1,0.0
90073,40494,1,lead_남강수력_SW_1,0.00141253,0.0128718,0.0104258,0.0,0.0,0.0,0.0,452.0,497.0,565.0,9.05,1,0.0
90073,40494,2,lead_남강수력_SW_2,0.00141253,0.0128718,0.0104258,0.0,0.0,0.0,0.0,452.0,497.0,565.0,9.05,1,0.0
90074,40574,1,lead_주암수력_SW_1,0.000278,0.002527,0.002047,0.0,0.0,0.0,0.0,452.0,497.0,565.0,1.78,1,0.0
90074,40574,2,lead_주암수력_SW_2,0.000278,0.002527,0.002047,0.0,0.0,0.0,0.0,452.0,497.0,565.0,1.78,1,0.0
90075,40627,1,lead_괴산수력_SW_1,0.001025,0.009334,0.007559,0.0,0.0,0.0,0.0,452.0,497.0,565.0,6.57,1,0.0
90075,40627,2,lead_괴산수력_SW_2,0.001025,0.009334,0.007559,0.0,0.0,0.0,0.0,452.0,497.0,565.0,6.57,1,0.0
90076,20040,1,lead_청평양수_SW_1,0.000420843,0.00451487,0.0951556,0.0,0.0,0.0,0.0,2173.0,2390.0,2716.0,16.18,1,0.0
90076,20040,2,lead_청평양수_SW_2,0.000420843,0.00451487,0.0951556,0.0,0.0,0.0,0.0,2173.0,2390.0,2716.0,16.18,1,0.0
90077,40187,1,lead_삼랑진양수_SW_1,0.000156,0.00142,0.00115,0.0,0.0,0.0,0.0,452.0,497.0,565.0,1.0,1,0.0
90077,40187,2,lead_삼랑진양수_SW_2,0.000156,0.00142,0.00115,0.0,0.0,0.0,0.0,452.0,497.0,565.0,1.0,1,0.0
90078,20007,1,lead_무주양수_SW_1,0.001291,0.01385,0.291898,0.0,0.0,0.0,0.0,2173.0,2390.0,2716.0,49.64,1,0.0
90078,20007,2,lead_무주양수_SW_2,0.001291,0.01385,0.291898,0.0,0.0,0.0,0.0,2173.0,2390.0,2716.0,49.64,1,0.0
90079,20074,1,lead_산청양수_SW_1,2.60015e-05,0.000278951,0.0058783,0.0,0.0,0.0,0.0,2173.0,2390.0,2716.0,1.0,1,0.0
90079,20074,2,lead_산청양수_SW_2,2.60015e-05,0.000278951,0.0058783,0.0,0.0,0.0,0.0,2173.0,2390.0,2716.0,1.0,1,0.0
90080,20042,1,lead_양양양수_SW_1,2.59533e-05,0.000278967,0.00587921,0.0,0.0,0.0,0.0,2173.0,2390.0,2716.0,1.0,1,0.0
90080,20042,2,lead_양양양수_SW_2,2.59533e-05,0.000278967,0.00587921,0.0,0.0,0.0,0.0,2173.0,2390.0,2716.0,1.0,1,0.0
90081,20073,1,lead_청송양수_SW_1,0.000225,0.002419,0.050971,0.0,0.0,0.0,0.0,2173.0,2390.0,2716.0,8.67,1,0.0
90081,20073,2,lead_청송양수_SW_2,0.000225,0.002419,0.050971,0.0,0.0,0.0,0.0,2173.0,2390.0,2716.0,8.67,1,0.0
90082,20038,1,lead_예천양수_SW_1,0.000405,0.004347,0.091606,0.0,0.0,0.0,0.0,2173.0,2390.0,2716.0,15.58,1,0.0
90082,20038,2,lead_예천양수_SW_2,0.000405,0.004347,0.091606,0.0,0.0,0.0,0.0,2173.0,2390.0,2716.0,15.58,1,0.0
90084,40079,1,lead_제주LNG복합_SW_1,0.000344,0.003132,0.002536,0.0,0.0,0.0,0.0,452.0,497.0,565.0,2.21,1,0.0
90084,40079,2,lead_제주LNG복합_SW_2,0.000344,0.003132,0.002536,0.0,0.0,0.0,0.0,452.0,497.0,565.0,2.21,1,0.0
90085,40675,1,lead_한림복합_SW_1,0.000155429,0.00141657,0.00114686,0.0,0.0,0.0,0.0,452.0,497.0,565.0,1.0,1,0.0
90085,40675,2,lead_한림복합_SW_2,0.000155429,0.00141657,0.00114686,0.0,0.0,0.0,0.0,452.0,497.0,565.0,1.0,1,0.0
90086,40075,1,lead_제주내연_SW_1,0.000371,0.003381,0.002738,0.0,0.0,0.0,0.0,452.0,497.0,565.0,2.38,1,0.0
90086,40075,2,lead_제주내연_SW_2,0.000371,0.003381,0.002738,0.0,0.0,0.0,0.0,452.0,497.0,565.0,2.38,1,0.0
40362,90063,1,154osm_가평_154-청평수력_SW_1,0.00214466,0.0195246,0.015812,0.0,0.0,0.0,0.0,452.0,497.0,565.0,13.75,1,0.0
40362,90063,2,154osm_가평_154-청평수력_SW_2,0.00214466,0.0195246,0.015812,0.0,0.0,0.0,0.0,452.0,497.0,565.0,13.75,1,0.0
40384,90062,1,154osm_양구_154-화천수력_SW_1,0.003732,0.033966,0.027508,0.0,0.0,0.0,0.0,452.0,497.0,565.0,23.92,1,0.0
40384,90062,2,154osm_양구_154-화천수력_SW_2,0.003732,0.033966,0.027508,0.0,0.0,0.0,0.0,452.0,497.0,565.0,23.92,1,0.0
90062,40708,1,154osm_화천수력_SW-춘천T1_154_1,0.003264,0.029706,0.024058,0.0,0.0,0.0,0.0,452.0,497.0,565.0,20.92,1,0.0
90062,40708,2,154osm_화천수력_SW-춘천T1_154_2,0.003264,0.029706,0.024058,0.0,0.0,0.0,0.0,452.0,497.0,565.0,20.92,1,0.0
40200,40201,1,154osm_점촌_154-상주_154_1,0.003693,0.033611,0.027221,0.0,0.0,0.0,0.0,452.0,497.0,565.0,23.67,1,0.0
40200,40201,2,154osm_점촌_154-상주_154_2,0.003693,0.033611,0.027221,0.0,0.0,0.0,0.0,452.0,497.0,565.0,23.67,1,0.0
20003,20018,1,345osm_신포항_345-서대구_345_1,0.002696,0.028935,0.609815,0.0,0.0,0.0,0.0,2173.0,2390.0,2716.0,103.71,1,0.0
20003,20018,2,345osm_신포항_345-서대구_345_2,0.002696,0.028935,0.609815,0.0,0.0,0.0,0.0,2173.0,2390.0,2716.0,103.71,1,0.0
20043,20072,1,345osm_동해_345-울진T2_345_1,0.001619,0.017376,0.366206,0.0,0.0,0.0,0.0,2173.0,2390.0,2716.0,62.28,1,0.0
20043,20072,2,345osm_동해_345-울진T2_345_2,0.001619,0.017376,0.366206,0.0,0.0,0.0,0.0,2173.0,2390.0,2716.0,62.28,1,0.0
20036,900000,1,inf345bb_900000_1,4.464e-05,0.0004464,0.0128,0.0,0.0,0.0,0.0,2173.0,2390.0,2716.0,3.2,1,0.0
20036,900000,2,inf345bb_900000_2,4.464e-05,0.0004464,0.0128,0.0,0.0,0.0,0.0,2173.0,2390.0,2716.0,3.2,1,0.0
900001,40447,1,inf154sd_900001_0_1,0.0001846,0.001846,0.0039,0.0,0.0,0.0,0.0,452.0,497.0,565.0,2.6,1,0.0
900001,40447,2,inf154sd_900001_0_2,0.0001846,0.001846,0.0039,0.0,0.0,0.0,0.0,452.0,497.0,565.0,2.6,1,0.0
900001,40121,11,inf154sd_900001_1_1,0.0002272,0.002272,0.0048,0.0,0.0,0.0,0.0,452.0,497.0,565.0,3.2,1,0.0
900001,40121,12,inf154sd_900001_1_2,0.0002272,0.002272,0.0048,0.0,0.0,0.0,0.0,452.0,497.0,565.0,3.2,1,0.0
900001,40441,21,inf154sd_900001_2_1,0.0003195,0.003195,0.00675,0.0,0.0,0.0,0.0,452.0,497.0,565.0,4.5,1,0.0
900001,40441,22,inf154sd_900001_2_2,0.0003195,0.003195,0.00675,0.0,0.0,0.0,0.0,452.0,497.0,565.0,4.5,1,0.0
20013,900002,1,inf345bb_900002_1,2.79e-05,0.000279,0.008,0.0,0.0,0.0,0.0,2173.0,2390.0,2716.0,2.0,1,0.0
20013,900002,2,inf345bb_900002_2,2.79e-05,0.000279,0.008,0.0,0.0,0.0,0.0,2173.0,2390.0,2716.0,2.0,1,0.0
900003,40410,1,inf154sd_900003_0_1,5.5e-05,0.00059,0.02235,0.0,0.0,0.0,0.0,430.0,473.0,538.0,1.0,1,1.0
900003,40410,2,inf154sd_900003_0_2,5.5e-05,0.00059,0.02235,0.0,0.0,0.0,0.0,430.0,473.0,538.0,1.0,1,1.0
900003,40288,11,inf154sd_900003_1_1,8.8e-05,0.000944,0.03576,0.0,0.0,0.0,0.0,430.0,473.0,538.0,1.6,1,1.6
900003,40288,12,inf154sd_900003_1_2,8.8e-05,0.000944,0.03576,0.0,0.0,0.0,0.0,430.0,473.0,538.0,1.6,1,1.6
900003,40086,21,inf154sd_900003_2_1,0.00011,0.00118,0.0447,0.0,0.0,0.0,0.0,430.0,473.0,538.0,2.0,1,2.0
900003,40086,22,inf154sd_900003_2_2,0.00011,0.00118,0.0447,0.0,0.0,0.0,0.0,430.0,473.0,538.0,2.0,1,2.0
20071,900006,1,345cbl_inf_900006_1,7.47524e-05,0.0010234,0.608036,0.0,0.0,0.0,0.0,1023.0,1125.0,1279.0,6.8,1,6.8
20071,900006,2,345cbl_inf_900006_2,7.47524e-05,0.0010234,0.608036,0.0,0.0,0.0,0.0,1023.0,1125.0,1279.0,6.8,1,6.8
900007,40732,1,inf154sd_900007_0_1,8.6088e-05,0.000900702,0.029382,0.0,0.0,0.0,0.0,430.0,473.0,538.0,1.4,1,1.31
900007,40732,2,inf154sd_900007_0_2,8.6088e-05,0.000900702,0.029382,0.0,0.0,0.0,0.0,430.0,473.0,538.0,1.4,1,1.31
900007,40027,11,inf154sd_900007_1_1,0.0001704,0.001704,0.0036,0.0,0.0,0.0,0.0,452.0,497.0,565.0,2.4,1,0.0
900007,40027,12,inf154sd_900007_1_2,0.0001704,0.001704,0.0036,0.0,0.0,0.0,0.0,452.0,497.0,565.0,2.4,1,0.0
20008,900008,1,inf345bb_900008_1,5.301e-05,0.0005301,0.0152,0.0,0.0,0.0,0.0,2173.0,2390.0,2716.0,3.8,1,0.0
20008,900008,2,inf345bb_900008_2,5.301e-05,0.0005301,0.0152,0.0,0.0,0.0,0.0,2173.0,2390.0,2716.0,3.8,1,0.0
900009,40288,1,inf154sd_900009_0_1,5.5e-05,0.00059,0.02235,0.0,0.0,0.0,0.0,430.0,473.0,538.0,1.0,1,1.0
900009,40288,2,inf154sd_900009_0_2,5.5e-05,0.00059,0.02235,0.0,0.0,0.0,0.0,430.0,473.0,538.0,1.0,1,1.0
900009,40410,11,inf154sd_900009_1_1,0.0001595,0.001711,0.064815,0.0,0.0,0.0,0.0,430.0,473.0,538.0,2.9,1,2.9
900009,40410,12,inf154sd_900009_1_2,0.0001595,0.001711,0.064815,0.0,0.0,0.0,0.0,430.0,473.0,538.0,2.9,1,2.9
900009,40068,21,inf154sd_900009_2_1,0.0002698,0.002698,0.0057,0.0,0.0,0.0,0.0,452.0,497.0,565.0,3.8,1,0.0
900009,40068,22,inf154sd_900009_2_2,0.0002698,0.002698,0.0057,0.0,0.0,0.0,0.0,452.0,497.0,565.0,3.8,1,0.0
20066,900010,1,inf345bb_900010_1,0.00014229,0.0014229,0.0407999999999999,0.0,0.0,0.0,0.0,2173.0,2390.0,2716.0,10.2,1,0.0
20066,900010,2,inf345bb_900010_2,0.00014229,0.0014229,0.0407999999999999,0.0,0.0,0.0,0.0,2173.0,2390.0,2716.0,10.2,1,0.0
900011,40693,1,inf154sd_900011_0_1,0.0001562,0.001562,0.0033,0.0,0.0,0.0,0.0,452.0,497.0,565.0,2.2,1,0.0
900011,40693,2,inf154sd_900011_0_2,0.0001562,0.001562,0.0033,0.0,0.0,0.0,0.0,452.0,497.0,565.0,2.2,1,0.0
900011,40273,11,inf154sd_900011_1_1,0.0004189,0.004189,0.00885,0.0,0.0,0.0,0.0,452.0,497.0,565.0,5.9,1,0.0
900011,40273,12,inf154sd_900011_1_2,0.0004189,0.004189,0.00885,0.0,0.0,0.0,0.0,452.0,497.0,565.0,5.9,1,0.0
900011,40333,21,inf154sd_900011_2_1,0.0007241999999999,0.0072419999999999,0.0153,0.0,0.0,0.0,0.0,452.0,497.0,565.0,10.2,1,0.0
900011,40333,22,inf154sd_900011_2_2,0.0007241999999999,0.0072419999999999,0.0153,0.0,0.0,0.0,0.0,452.0,497.0,565.0,10.2,1,0.0
20008,900012,1,inf345bb_900012_1,0.000129735,0.00129735,0.0372,0.0,0.0,0.0,0.0,2173.0,2390.0,2716.0,9.3,1,0.0
20008,900012,2,inf345bb_900012_2,0.000129735,0.00129735,0.0372,0.0,0.0,0.0,0.0,2173.0,2390.0,2716.0,9.3,1,0.0
900013,40360,1,inf154sd_900013_0_1,0.000142,0.00142,0.003,0.0,0.0,0.0,0.0,452.0,497.0,565.0,2.0,1,0.0
900013,40360,2,inf154sd_900013_0_2,0.000142,0.00142,0.003,0.0,0.0,0.0,0.0,452.0,497.0,565.0,2.0,1,0.0
900013,40454,11,inf154sd_900013_1_1,0.0002485,0.002485,0.00525,0.0,0.0,0.0,0.0,452.0,497.0,565.0,3.5,1,0.0
900013,40454,12,inf154sd_900013_1_2,0.0002485,0.002485,0.00525,0.0,0.0,0.0,0.0,452.0,497.0,565.0,3.5,1,0.0
900013,40707,21,inf154sd_900013_2_1,0.0003124,0.003124,0.0066,0.0,0.0,0.0,0.0,452.0,497.0,565.0,4.4,1,0.0
900013,40707,22,inf154sd_900013_2_2,0.0003124,0.003124,0.0066,0.0,0.0,0.0,0.0,452.0,497.0,565.0,4.4,1,0.0
900015,40360,1,inf154sd_900015_0_1,7.1e-05,0.00071,0.0015,0.0,0.0,0.0,0.0,452.0,497.0,565.0,1.0,1,0.0
900015,40360,2,inf154sd_900015_0_2,7.1e-05,0.00071,0.0015,0.0,0.0,0.0,0.0,452.0,497.0,565.0,1.0,1,0.0
900015,40454,11,inf154sd_900015_1_1,0.0001846,0.001846,0.0039,0.0,0.0,0.0,0.0,452.0,497.0,565.0,2.6,1,0.0
900015,40454,12,inf154sd_900015_1_2,0.0001846,0.001846,0.0039,0.0,0.0,0.0,0.0,452.0,497.0,565.0,2.6,1,0.0
900015,40707,21,inf154sd_900015_2_1,0.0002485,0.002485,0.00525,0.0,0.0,0.0,0.0,452.0,497.0,565.0,3.5,1,0.0
900015,40707,22,inf154sd_900015_2_2,0.0002485,0.002485,0.00525,0.0,0.0,0.0,0.0,452.0,497.0,565.0,3.5,1,0.0
900017,40360,1,inf154sd_900017_0_1,0.0001632999999999,0.001633,0.00345,0.0,0.0,0.0,0.0,452.0,497.0,565.0,2.3,1,0.0
900017,40360,2,inf154sd_900017_0_2,0.0001632999999999,0.001633,0.00345,0.0,0.0,0.0,0.0,452.0,497.0,565.0,2.3,1,0.0
900017,40454,11,inf154sd_900017_1_1,0.0001775,0.001775,0.00375,0.0,0.0,0.0,0.0,452.0,497.0,565.0,2.5,1,0.0
900017,40454,12,inf154sd_900017_1_2,0.0001775,0.001775,0.00375,0.0,0.0,0.0,0.0,452.0,497.0,565.0,2.5,1,0.0
900017,40387,21,inf154sd_900017_2_1,0.0002272,0.002272,0.0048,0.0,0.0,0.0,0.0,452.0,497.0,565.0,3.2,1,0.0
900017,40387,22,inf154sd_900017_2_2,0.0002272,0.002272,0.0048,0.0,0.0,0.0,0.0,452.0,497.0,565.0,3.2,1,0.0
20010,900018,1,345cbl_신성남_345-과천_345_1,8.27773e-05,0.00113327,0.67331,0.0,0.0,0.0,0.0,1023.0,1125.0,1279.0,7.53,1,7.53
20010,900018,2,345cbl_신성남_345-과천_345_2,8.27773e-05,0.00113327,0.67331,0.0,0.0,0.0,0.0,1023.0,1125.0,1279.0,7.53,1,7.53
20010,900020,1,inf345bb_900020_1,4.464e-05,0.0004464,0.0128,0.0,0.0,0.0,0.0,2173.0,2390.0,2716.0,3.2,1,0.0
20010,900020,2,inf345bb_900020_2,4.464e-05,0.0004464,0.0128,0.0,0.0,0.0,0.0,2173.0,2390.0,2716.0,3.2,1,0.0
900021,40083,1,inf154sd_900021_0_1,0.0002272,0.002272,0.0048,0.0,0.0,0.0,0.0,452.0,497.0,565.0,3.2,1,0.0
900021,40083,2,inf154sd_900021_0_2,0.0002272,0.002272,0.0048,0.0,0.0,0.0,0.0,452.0,497.0,565.0,3.2,1,0.0
20049,900022,1,inf345bb_900022_1,0.00011439,0.0011439,0.0327999999999999,0.0,0.0,0.0,0.0,2173.0,2390.0,2716.0,8.2,1,0.0
20049,900022,2,inf345bb_900022_2,0.00011439,0.0011439,0.0327999999999999,0.0,0.0,0.0,0.0,2173.0,2390.0,2716.0,8.2,1,0.0
900023,40127,1,inf154sd_900023_0_1,0.0002627,0.002627,0.00555,0.0,0.0,0.0,0.0,452.0,497.0,565.0,3.7,1,0.0
900023,40127,2,inf154sd_900023_0_2,0.0002627,0.002627,0.00555,0.0,0.0,0.0,0.0,452.0,497.0,565.0,3.7,1,0.0
900023,40448,11,inf154sd_900023_1_1,0.000568,0.00568,0.012,0.0,0.0,0.0,0.0,452.0,497.0,565.0,8.0,1,0.0
900023,40448,12,inf154sd_900023_1_2,0.000568,0.00568,0.012,0.0,0.0,0.0,0.0,452.0,497.0,565.0,8.0,1,0.0
900023,40160,21,inf154sd_900023_2_1,0.0005822,0.005822,0.0122999999999999,0.0,0.0,0.0,0.0,452.0,497.0,565.0,8.2,1,0.0
900023,40160,22,inf154sd_900023_2_2,0.0005822,0.005822,0.0122999999999999,0.0,0.0,0.0,0.0,452.0,497.0,565.0,8.2,1,0.0
900025,40469,1,inf154sd_900025_0_1,7.1e-05,0.00071,0.0015,0.0,0.0,0.0,0.0,452.0,497.0,565.0,1.0,1,0.0
900025,40469,2,inf154sd_900025_0_2,7.1e-05,0.00071,0.0015,0.0,0.0,0.0,0.0,452.0,497.0,565.0,1.0,1,0.0
900025,40378,11,inf154sd_900025_1_1,0.0006319,0.006319,0.01335,0.0,0.0,0.0,0.0,452.0,497.0,565.0,8.9,1,0.0
900025,40378,12,inf154sd_900025_1_2,0.0006319,0.006319,0.01335,0.0,0.0,0.0,0.0,452.0,497.0,565.0,8.9,1,0.0
900025,40486,21,inf154sd_900025_2_1,0.0009159,0.009159,0.01935,0.0,0.0,0.0,0.0,452.0,497.0,565.0,12.9,1,0.0
900025,40486,22,inf154sd_900025_2_2,0.0009159,0.009159,0.01935,0.0,0.0,0.0,0.0,452.0,497.0,565.0,12.9,1,0.0
20083,900026,1,inf345bb_900026_1,2.9295e-05,0.00029295,0.0084,0.0,0.0,0.0,0.0,2173.0,2390.0,2716.0,2.1,1,0.0
20083,900026,2,inf345bb_900026_2,2.9295e-05,0.00029295,0.0084,0.0,0.0,0.0,0.0,2173.0,2390.0,2716.0,2.1,1,0.0
900027,40696,1,inf154sd_900027_0_1,0.0001491,0.001491,0.00315,0.0,0.0,0.0,0.0,452.0,497.0,565.0,2.1,1,0.0
900027,40696,2,inf154sd_900027_0_2,0.0001491,0.001491,0.00315,0.0,0.0,0.0,0.0,452.0,497.0,565.0,2.1,1,0.0
900027,40334,11,inf154sd_900027_1_1,0.0002982,0.002982,0.0063,0.0,0.0,0.0,0.0,452.0,497.0,565.0,4.2,1,0.0
900027,40334,12,inf154sd_900027_1_2,0.0002982,0.002982,0.0063,0.0,0.0,0.0,0.0,452.0,497.0,565.0,4.2,1,0.0
900027,40681,21,inf154sd_900027_2_1,0.0004047,0.004047,0.00855,0.0,0.0,0.0,0.0,452.0,497.0,565.0,5.7,1,0.0
900027,40681,22,inf154sd_900027_2_2,0.0004047,0.004047,0.00855,0.0,0.0,0.0,0.0,452.0,497.0,565.0,5.7,1,0.0
20056,900028,1,inf345bb_900028_1,2.79e-05,0.000279,0.008,0.0,0.0,0.0,0.0,2173.0,2390.0,2716.0,2.0,1,0.0
20056,900028,2,inf345bb_900028_2,2.79e-05,0.000279,0.008,0.0,0.0,0.0,0.0,2173.0,2390.0,2716.0,2.0,1,0.0
900029,40282,1,inf154sd_900029_0_1,0.000142,0.00142,0.003,0.0,0.0,0.0,0.0,452.0,497.0,565.0,2.0,1,0.0
900029,40282,2,inf154sd_900029_0_2,0.000142,0.00142,0.003,0.0,0.0,0.0,0.0,452.0,497.0,565.0,2.0,1,0.0
900029,40361,11,inf154sd_900029_1_1,0.0004615,0.004615,0.00975,0.0,0.0,0.0,0.0,452.0,497.0,565.0,6.5,1,0.0
900029,40361,12,inf154sd_900029_1_2,0.0004615,0.004615,0.00975,0.0,0.0,0.0,0.0,452.0,497.0,565.0,6.5,1,0.0
900029,40095,21,inf154sd_900029_2_1,0.0006460999999999,0.006461,0.0136499999999999,0.0,0.0,0.0,0.0,452.0,497.0,565.0,9.1,1,0.0
900029,40095,22,inf154sd_900029_2_2,0.0006460999999999,0.006461,0.0136499999999999,0.0,0.0,0.0,0.0,452.0,497.0,565.0,9.1,1,0.0
20079,900030,1,inf345bb_900030_1,7.9515e-05,0.00079515,0.0228,0.0,0.0,0.0,0.0,2173.0,2390.0,2716.0,5.7,1,0.0
20079,900030,2,inf345bb_900030_2,7.9515e-05,0.00079515,0.0228,0.0,0.0,0.0,0.0,2173.0,2390.0,2716.0,5.7,1,0.0
900031,40681,1,inf154sd_900031_0_1,0.0004047,0.004047,0.00855,0.0,0.0,0.0,0.0,452.0,497.0,565.0,5.7,1,0.0
900031,40681,2,inf154sd_900031_0_2,0.0004047,0.004047,0.00855,0.0,0.0,0.0,0.0,452.0,497.0,565.0,5.7,1,0.0
900031,40334,11,inf154sd_900031_1_1,0.0004827999999999,0.004828,0.0102,0.0,0.0,0.0,0.0,452.0,497.0,565.0,6.8,1,0.0
900031,40334,12,inf154sd_900031_1_2,0.0004827999999999,0.004828,0.0102,0.0,0.0,0.0,0.0,452.0,497.0,565.0,6.8,1,0.0
900031,40332,21,inf154sd_900031_2_1,0.0005112,0.005112,0.0108,0.0,0.0,0.0,0.0,452.0,497.0,565.0,7.2,1,0.0
900031,40332,22,inf154sd_900031_2_2,0.0005112,0.005112,0.0108,0.0,0.0,0.0,0.0,452.0,497.0,565.0,7.2,1,0.0
20090,900034,1,345cbl_inf_900034_1,6.5958e-05,0.000903,0.536502,0.0,0.0,0.0,0.0,1023.0,1125.0,1279.0,6.0,1,6.0
20090,900034,2,345cbl_inf_900034_2,6.5958e-05,0.000903,0.536502,0.0,0.0,0.0,0.0,1023.0,1125.0,1279.0,6.0,1,6.0
900035,40238,1,inf154sd_900035_0_1,0.0001065,0.001065,0.00225,0.0,0.0,0.0,0.0,452.0,497.0,565.0,1.5,1,0.0
900035,40238,2,inf154sd_900035_0_2,0.0001065,0.001065,0.00225,0.0,0.0,0.0,0.0,452.0,497.0,565.0,1.5,1,0.0
900035,40290,11,inf154sd_900035_1_1,0.0001704,0.001704,0.0036,0.0,0.0,0.0,0.0,452.0,497.0,565.0,2.4,1,0.0
900035,40290,12,inf154sd_900035_1_2,0.0001704,0.001704,0.0036,0.0,0.0,0.0,0.0,452.0,497.0,565.0,2.4,1,0.0
900035,40021,21,inf154sd_900035_2_1,0.0001775,0.001775,0.00375,0.0,0.0,0.0,0.0,452.0,497.0,565.0,2.5,1,0.0
900035,40021,22,inf154sd_900035_2_2,0.0001775,0.001775,0.00375,0.0,0.0,0.0,0.0,452.0,497.0,565.0,2.5,1,0.0
900039,40749,1,inf154sd_900039_0_1,0.0001349,0.001349,0.00285,0.0,0.0,0.0,0.0,452.0,497.0,565.0,1.9,1,0.0
900039,40749,2,inf154sd_900039_0_2,0.0001349,0.001349,0.00285,0.0,0.0,0.0,0.0,452.0,497.0,565.0,1.9,1,0.0
900039,40297,11,inf154sd_900039_1_1,0.0003763,0.003763,0.00795,0.0,0.0,0.0,0.0,452.0,497.0,565.0,5.3,1,0.0
900039,40297,12,inf154sd_900039_1_2,0.0003763,0.003763,0.00795,0.0,0.0,0.0,0.0,452.0,497.0,565.0,5.3,1,0.0
900039,40244,21,inf154sd_900039_2_1,0.0004402,0.004402,0.0093,0.0,0.0,0.0,0.0,452.0,497.0,565.0,6.2,1,0.0
900039,40244,22,inf154sd_900039_2_2,0.0004402,0.004402,0.0093,0.0,0.0,0.0,0.0,452.0,497.0,565.0,6.2,1,0.0
20079,900040,1,inf345bb_900040_1,8.37e-05,0.000837,0.024,0.0,0.0,0.0,0.0,2173.0,2390.0,2716.0,6.0,1,0.0
20079,900040,2,inf345bb_900040_2,8.37e-05,0.000837,0.024,0.0,0.0,0.0,0.0,2173.0,2390.0,2716.0,6.0,1,0.0
900041,40055,1,inf154sd_900041_0_1,0.000284,0.00284,0.006,0.0,0.0,0.0,0.0,452.0,497.0,565.0,4.0,1,0.0
900041,40055,2,inf154sd_900041_0_2,0.000284,0.00284,0.006,0.0,0.0,0.0,0.0,452.0,497.0,565.0,4.0,1,0.0
900041,40334,11,inf154sd_900041_1_1,0.0003975999999999,0.0039759999999999,0.0084,0.0,0.0,0.0,0.0,452.0,497.0,565.0,5.6,1,0.0
900041,40334,12,inf154sd_900041_1_2,0.0003975999999999,0.0039759999999999,0.0084,0.0,0.0,0.0,0.0,452.0,497.0,565.0,5.6,1,0.0
900041,40433,21,inf154sd_900041_2_1,0.0004047,0.004047,0.00855,0.0,0.0,0.0,0.0,452.0,497.0,565.0,5.7,1,0.0
900041,40433,22,inf154sd_900041_2_2,0.0004047,0.004047,0.00855,0.0,0.0,0.0,0.0,452.0,497.0,565.0,5.7,1,0.0
20046,900042,1,inf345bb_900042_1,3.348e-05,0.0003348,0.0096,0.0,0.0,0.0,0.0,2173.0,2390.0,2716.0,2.4,1,0.0
20046,900042,2,inf345bb_900042_2,3.348e-05,0.0003348,0.0096,0.0,0.0,0.0,0.0,2173.0,2390.0,2716.0,2.4,1,0.0
900043,40143,1,inf154sd_900043_0_1,0.0001704,0.001704,0.0036,0.0,0.0,0.0,0.0,452.0,497.0,565.0,2.4,1,0.0
900043,40143,2,inf154sd_900043_0_2,0.0001704,0.001704,0.0036,0.0,0.0,0.0,0.0,452.0,497.0,565.0,2.4,1,0.0
900043,40276,11,inf154sd_900043_1_1,0.0003124,0.003124,0.0066,0.0,0.0,0.0,0.0,452.0,497.0,565.0,4.4,1,0.0
900043,40276,12,inf154sd_900043_1_2,0.0003124,0.003124,0.0066,0.0,0.0,0.0,0.0,452.0,497.0,565.0,4.4,1,0.0
900043,40678,21,inf154sd_900043_2_1,0.0003692,0.003692,0.0078,0.0,0.0,0.0,0.0,452.0,497.0,565.0,5.2,1,0.0
900043,40678,22,inf154sd_900043_2_2,0.0003692,0.003692,0.0078,0.0,0.0,0.0,0.0,452.0,497.0,565.0,5.2,1,0.0
20049,900044,1,inf345bb_900044_1,5.7195e-05,0.00057195,0.0163999999999999,0.0,0.0,0.0,0.0,2173.0,2390.0,2716.0,4.1,1,0.0
20049,900044,2,inf345bb_900044_2,5.7195e-05,0.00057195,0.0163999999999999,0.0,0.0,0.0,0.0,2173.0,2390.0,2716.0,4.1,1,0.0
900045,40160,1,inf154sd_900045_0_1,0.0002911,0.002911,0.0061499999999999,0.0,0.0,0.0,0.0,452.0,497.0,565.0,4.1,1,0.0
900045,40160,2,inf154sd_900045_0_2,0.0002911,0.002911,0.0061499999999999,0.0,0.0,0.0,0.0,452.0,497.0,565.0,4.1,1,0.0
900045,40401,11,inf154sd_900045_1_1,0.0005396,0.005396,0.0114,0.0,0.0,0.0,0.0,452.0,497.0,565.0,7.6,1,0.0
900045,40401,12,inf154sd_900045_1_2,0.0005396,0.005396,0.0114,0.0,0.0,0.0,0.0,452.0,497.0,565.0,7.6,1,0.0
900045,40403,21,inf154sd_900045_2_1,0.0006603,0.006603,0.01395,0.0,0.0,0.0,0.0,452.0,497.0,565.0,9.3,1,0.0
900045,40403,22,inf154sd_900045_2_2,0.0006603,0.006603,0.01395,0.0,0.0,0.0,0.0,452.0,497.0,565.0,9.3,1,0.0
20047,900046,1,inf345bb_900046_1,3.906e-05,0.0003906,0.0112,0.0,0.0,0.0,0.0,2173.0,2390.0,2716.0,2.8,1,0.0
20047,900046,2,inf345bb_900046_2,3.906e-05,0.0003906,0.0112,0.0,0.0,0.0,0.0,2173.0,2390.0,2716.0,2.8,1,0.0
900047,40367,1,inf154sd_900047_0_1,7.1e-05,0.00071,0.0015,0.0,0.0,0.0,0.0,452.0,497.0,565.0,1.0,1,0.0
900047,40367,2,inf154sd_900047_0_2,7.1e-05,0.00071,0.0015,0.0,0.0,0.0,0.0,452.0,497.0,565.0,1.0,1,0.0
900047,40144,11,inf154sd_900047_1_1,0.0001987999999999,0.0019879999999999,0.0042,0.0,0.0,0.0,0.0,452.0,497.0,565.0,2.8,1,0.0
900047,40144,12,inf154sd_900047_1_2,0.0001987999999999,0.0019879999999999,0.0042,0.0,0.0,0.0,0.0,452.0,497.0,565.0,2.8,1,0.0
900047,40368,21,inf154sd_900047_2_1,0.0002413999999999,0.002414,0.0051,0.0,0.0,0.0,0.0,452.0,497.0,565.0,3.4,1,0.0
900047,40368,22,inf154sd_900047_2_2,0.0002413999999999,0.002414,0.0051,0.0,0.0,0.0,0.0,452.0,497.0,565.0,3.4,1,0.0
20046,900048,1,inf345bb_900048_1,3.2084999999999995e-05,0.0003208499999999,0.0092,0.0,0.0,0.0,0.0,2173.0,2390.0,2716.0,2.3,1,0.0
20046,900048,2,inf345bb_900048_2,3.2084999999999995e-05,0.0003208499999999,0.0092,0.0,0.0,0.0,0.0,2173.0,2390.0,2716.0,2.3,1,0.0
900049,40143,1,inf154sd_900049_0_1,0.0001632999999999,0.001633,0.00345,0.0,0.0,0.0,0.0,452.0,497.0,565.0,2.3,1,0.0
900049,40143,2,inf154sd_900049_0_2,0.0001632999999999,0.001633,0.00345,0.0,0.0,0.0,0.0,452.0,497.0,565.0,2.3,1,0.0
900049,40678,11,inf154sd_900049_1_1,0.0002485,0.002485,0.00525,0.0,0.0,0.0,0.0,452.0,497.0,565.0,3.5,1,0.0
900049,40678,12,inf154sd_900049_1_2,0.0002485,0.002485,0.00525,0.0,0.0,0.0,0.0,452.0,497.0,565.0,3.5,1,0.0
900049,40301,21,inf154sd_900049_2_1,0.0002698,0.002698,0.0057,0.0,0.0,0.0,0.0,452.0,497.0,565.0,3.8,1,0.0
900049,40301,22,inf154sd_900049_2_2,0.0002698,0.002698,0.0057,0.0,0.0,0.0,0.0,452.0,497.0,565.0,3.8,1,0.0
20040,900050,1,inf345bb_900050_1,3.0690000000000006e-05,0.0003069,0.0088,0.0,0.0,0.0,0.0,2173.0,2390.0,2716.0,2.2,1,0.0
20040,900050,2,inf345bb_900050_2,3.0690000000000006e-05,0.0003069,0.0088,0.0,0.0,0.0,0.0,2173.0,2390.0,2716.0,2.2,1,0.0
900051,40399,1,inf154sd_900051_0_1,0.0005609,0.005609,0.01185,0.0,0.0,0.0,0.0,452.0,497.0,565.0,7.9,1,0.0
900051,40399,2,inf154sd_900051_0_2,0.0005609,0.005609,0.01185,0.0,0.0,0.0,0.0,452.0,497.0,565.0,7.9,1,0.0
900051,40440,11,inf154sd_900051_1_1,0.0009655999999999,0.009656,0.0204,0.0,0.0,0.0,0.0,452.0,497.0,565.0,13.6,1,0.0
900051,40440,12,inf154sd_900051_1_2,0.0009655999999999,0.009656,0.0204,0.0,0.0,0.0,0.0,452.0,497.0,565.0,13.6,1,0.0
900051,40161,21,inf154sd_900051_2_1,0.0010366,0.010366,0.0219,0.0,0.0,0.0,0.0,452.0,497.0,565.0,14.6,1,0.0
900051,40161,22,inf154sd_900051_2_2,0.0010366,0.010366,0.0219,0.0,0.0,0.0,0.0,452.0,497.0,565.0,14.6,1,0.0
20012,900052,1,inf345bb_900052_1,5.301e-05,0.0005301,0.0152,0.0,0.0,0.0,0.0,2173.0,2390.0,2716.0,3.8,1,0.0
20012,900052,2,inf345bb_900052_2,5.301e-05,0.0005301,0.0152,0.0,0.0,0.0,0.0,2173.0,2390.0,2716.0,3.8,1,0.0
900053,40085,1,inf154sd_900053_0_1,0.0002698,0.002698,0.0057,0.0,0.0,0.0,0.0,452.0,497.0,565.0,3.8,1,0.0
900053,40085,2,inf154sd_900053_0_2,0.0002698,0.002698,0.0057,0.0,0.0,0.0,0.0,452.0,497.0,565.0,3.8,1,0.0
900055,40678,1,inf154sd_900055_0_1,7.1e-05,0.00071,0.0015,0.0,0.0,0.0,0.0,452.0,497.0,565.0,1.0,1,0.0
900055,40678,2,inf154sd_900055_0_2,7.1e-05,0.00071,0.0015,0.0,0.0,0.0,0.0,452.0,497.0,565.0,1.0,1,0.0
900055,40439,11,inf154sd_900055_1_1,0.0001562,0.001562,0.0033,0.0,0.0,0.0,0.0,452.0,497.0,565.0,2.2,1,0.0
900055,40439,12,inf154sd_900055_1_2,0.0001562,0.001562,0.0033,0.0,0.0,0.0,0.0,452.0,497.0,565.0,2.2,1,0.0
900055,40301,21,inf154sd_900055_2_1,0.0001704,0.001704,0.0036,0.0,0.0,0.0,0.0,452.0,497.0,565.0,2.4,1,0.0
900055,40301,22,inf154sd_900055_2_2,0.0001704,0.001704,0.0036,0.0,0.0,0.0,0.0,452.0,497.0,565.0,2.4,1,0.0
20033,900056,1,inf345bb_900056_1,7.393499999999999e-05,0.00073935,0.0212,0.0,0.0,0.0,0.0,2173.0,2390.0,2716.0,5.3,1,0.0
20033,900056,2,inf345bb_900056_2,7.393499999999999e-05,0.00073935,0.0212,0.0,0.0,0.0,0.0,2173.0,2390.0,2716.0,5.3,1,0.0
900057,40116,1,inf154sd_900057_0_1,0.0003763,0.003763,0.00795,0.0,0.0,0.0,0.0,452.0,497.0,565.0,5.3,1,0.0
900057,40116,2,inf154sd_900057_0_2,0.0003763,0.003763,0.00795,0.0,0.0,0.0,0.0,452.0,497.0,565.0,5.3,1,0.0
900057,40113,11,inf154sd_900057_1_1,0.000497,0.00497,0.0105,0.0,0.0,0.0,0.0,452.0,497.0,565.0,7.0,1,0.0
900057,40113,12,inf154sd_900057_1_2,0.000497,0.00497,0.0105,0.0,0.0,0.0,0.0,452.0,497.0,565.0,7.0,1,0.0
900057,40066,21,inf154sd_900057_2_1,0.0005041,0.0050409999999999,0.01065,0.0,0.0,0.0,0.0,452.0,497.0,565.0,7.1,1,0.0
900057,40066,22,inf154sd_900057_2_2,0.0005041,0.0050409999999999,0.01065,0.0,0.0,0.0,0.0,452.0,497.0,565.0,7.1,1,0.0
20030,900058,1,inf345bb_900058_1,3.627e-05,0.0003627,0.0104,0.0,0.0,0.0,0.0,2173.0,2390.0,2716.0,2.6,1,0.0
20030,900058,2,inf345bb_900058_2,3.627e-05,0.0003627,0.0104,0.0,0.0,0.0,0.0,2173.0,2390.0,2716.0,2.6,1,0.0
900059,40113,1,inf154sd_900059_0_1,0.0001846,0.001846,0.0039,0.0,0.0,0.0,0.0,452.0,497.0,565.0,2.6,1,0.0
900059,40113,2,inf154sd_900059_0_2,0.0001846,0.001846,0.0039,0.0,0.0,0.0,0.0,452.0,497.0,565.0,2.6,1,0.0
900059,40050,11,inf154sd_900059_1_1,0.0005467,0.005467,0.01155,0.0,0.0,0.0,0.0,452.0,497.0,565.0,7.7,1,0.0
900059,40050,12,inf154sd_900059_1_2,0.0005467,0.005467,0.01155,0.0,0.0,0.0,0.0,452.0,497.0,565.0,7.7,1,0.0
900059,40335,21,inf154sd_900059_2_1,0.0005609,0.005609,0.01185,0.0,0.0,0.0,0.0,452.0,497.0,565.0,7.9,1,0.0
900059,40335,22,inf154sd_900059_2_2,0.0005609,0.005609,0.01185,0.0,0.0,0.0,0.0,452.0,497.0,565.0,7.9,1,0.0
20070,900060,1,345cbl_inf_900060_1,4.06741e-05,0.00055685,0.330843,0.0,0.0,0.0,0.0,1023.0,1125.0,1279.0,3.7,1,3.7
20070,900060,2,345cbl_inf_900060_2,4.06741e-05,0.00055685,0.330843,0.0,0.0,0.0,0.0,1023.0,1125.0,1279.0,3.7,1,3.7
900061,40277,1,inf154sd_900061_0_1,0.0001704,0.001704,0.0036,0.0,0.0,0.0,0.0,452.0,497.0,565.0,2.4,1,0.0
900061,40277,2,inf154sd_900061_0_2,0.0001704,0.001704,0.0036,0.0,0.0,0.0,0.0,452.0,497.0,565.0,2.4,1,0.0
900061,40338,11,inf154sd_900061_1_1,0.000216627,0.0022909,0.079939,0.0,0.0,0.0,0.0,430.0,473.0,538.0,3.7,1,3.57
900061,40338,12,inf154sd_900061_1_2,0.000216627,0.0022909,0.079939,0.0,0.0,0.0,0.0,430.0,473.0,538.0,3.7,1,3.57
900061,40343,21,inf154sd_900061_2_1,0.0002698,0.002698,0.0057,0.0,0.0,0.0,0.0,452.0,497.0,565.0,3.8,1,0.0
900061,40343,22,inf154sd_900061_2_2,0.0002698,0.002698,0.0057,0.0,0.0,0.0,0.0,452.0,497.0,565.0,3.8,1,0.0
20036,20071,1,345cbl_미금_345-성동_345_1,0.000155,0.002122,1.26078,0.0,0.0,0.0,0.0,1023.0,1125.0,1279.0,14.1,1,14.1
20036,20071,2,345cbl_미금_345-성동_345_2,0.000155,0.002122,1.26078,0.0,0.0,0.0,0.0,1023.0,1125.0,1279.0,14.1,1,14.1
20036,20071,3,345cbl_미금_345-성동_345_3,0.000155,0.002122,1.26078,0.0,0.0,0.0,0.0,1023.0,1125.0,1279.0,14.1,1,14.1
20036,20071,4,345cbl_미금_345-성동_345_4,0.000155,0.002122,1.26078,0.0,0.0,0.0,0.0,1023.0,1125.0,1279.0,14.1,1,14.1
40594,40886,1,154add_담양-syn광주3_1,0.00274092,0.0249512,0.0202037,0.0,0.0,0.0,0.0,452.0,497.0,565.0,17.57,1,0.0
40594,40886,2,154add_담양-syn광주3_2,0.00274092,0.0249512,0.0202037,0.0,0.0,0.0,0.0,452.0,497.0,565.0,17.57,1,0.0
90010,20024,1,345add_하동화력_SW-의령_1,0.00153036,0.0164232,0.346097,0.0,0.0,0.0,0.0,2173.0,2390.0,2716.0,58.86,1,0.0
90010,20024,2,345add_하동화력_SW-의령_2,0.00153036,0.0164232,0.346097,0.0,0.0,0.0,0.0,2173.0,2390.0,2716.0,58.86,1,0.0
40667,40098,1,154add_신탄진_154-청원_154_1,0.00220865,0.0201075,0.016284,0.0,0.0,0.0,0.0,452.0,497.0,565.0,14.16,1,0.0
40667,40098,2,154add_신탄진_154-청원_154_2,0.00220865,0.0201075,0.016284,0.0,0.0,0.0,0.0,452.0,497.0,565.0,14.16,1,0.0
40061,40269,1,154add_유성_154-가수원_154_1,0.00165025,0.0150238,0.012167,0.0,0.0,0.0,0.0,452.0,497.0,565.0,10.58,1,0.0
40061,40269,2,154add_유성_154-가수원_154_2,0.00165025,0.0150238,0.012167,0.0,0.0,0.0,0.0,452.0,497.0,565.0,10.58,1,0.0
900024,20033,1,345add_inf345_당진_900024-아산_345_1,0.00045864,0.00492156,0.103723,0.0,0.0,0.0,0.0,2173.0,2390.0,2716.0,17.64,1,0.0
900024,20033,2,345add_inf345_당진_900024-아산_345_2,0.00045864,0.00492156,0.103723,0.0,0.0,0.0,0.0,2173.0,2390.0,2716.0,17.64,1,0.0
20001,900004,1,345add_북부산_345-서창_345_1,0.00070096,0.00752184,0.158525,0.0,0.0,0.0,0.0,2173.0,2390.0,2716.0,26.96,1,0.0
20001,900004,2,345add_북부산_345-서창_345_2,0.00070096,0.00752184,0.158525,0.0,0.0,0.0,0.0,2173.0,2390.0,2716.0,26.96,1,0.0
900004,20005,1,345add_서창_345-신울산_345_1,0.00044122,0.00473463,0.0997836,0.0,0.0,0.0,0.0,2173.0,2390.0,2716.0,16.97,1,0.0
900004,20005,2,345add_서창_345-신울산_345_2,0.00044122,0.00473463,0.0997836,0.0,0.0,0.0,0.0,2173.0,2390.0,2716.0,16.97,1,0.0
900018,20000,1,345cbl_과천_345-신양재_345_1,8.76142e-05,0.00119949,0.712653,0.0,0.0,0.0,0.0,1023.0,1125.0,1279.0,7.97,1,7.97
900018,20000,2,345cbl_과천_345-신양재_345_2,8.76142e-05,0.00119949,0.712653,0.0,0.0,0.0,0.0,1023.0,1125.0,1279.0,7.97,1,7.97
900019,40082,1,154cbl_과천2_154-과천_154_1,5.5e-05,0.00059,0.02235,0.0,0.0,0.0,0.0,430.0,473.0,538.0,1.0,1,1.0
900019,40082,2,154cbl_과천2_154-과천_154_2,5.5e-05,0.00059,0.02235,0.0,0.0,0.0,0.0,430.0,473.0,538.0,1.0,1,1.0
20035,900032,1,345cbl_동서울_345-거여_345_1,2.66031e-05,0.00036421,0.216389,0.0,0.0,0.0,0.0,1023.0,1125.0,1279.0,2.42,1,2.42
20035,900032,2,345cbl_동서울_345-거여_345_2,2.66031e-05,0.00036421,0.216389,0.0,0.0,0.0,0.0,1023.0,1125.0,1279.0,2.42,1,2.42
900033,40722,1,154cbl_거여_154-송파_154_1,0.00014135,0.0015163,0.0574395,0.0,0.0,0.0,0.0,430.0,473.0,538.0,2.57,1,2.57
900033,40722,2,154cbl_거여_154-송파_154_2,0.00014135,0.0015163,0.0574395,0.0,0.0,0.0,0.0,430.0,473.0,538.0,2.57,1,2.57
900033,40012,1,154cbl_거여_154-가락_154_1,0.0001661,0.0017818,0.067497,0.0,0.0,0.0,0.0,430.0,473.0,538.0,3.02,1,3.02
900033,40012,2,154cbl_거여_154-가락_154_2,0.0001661,0.0017818,0.067497,0.0,0.0,0.0,0.0,430.0,473.0,538.0,3.02,1,3.02
900048,900054,1,345cbl_inf_900048-900054_1,5.01281e-05,0.00068628,0.407742,0.0,0.0,0.0,0.0,1023.0,1125.0,1279.0,4.56,1,4.56
900048,900054,2,345cbl_inf_900048-900054_2,5.01281e-05,0.00068628,0.407742,0.0,0.0,0.0,0.0,1023.0,1125.0,1279.0,4.56,1,4.56
900054,900060,1,345add_inf_900054-900060_1,0.00022672,0.00243288,0.0512736,0.0,0.0,0.0,0.0,2173.0,2390.0,2716.0,8.72,1,0.0
900054,900060,2,345add_inf_900054-900060_2,0.00022672,0.00243288,0.0512736,0.0,0.0,0.0,0.0,2173.0,2390.0,2716.0,8.72,1,0.0
20046,900034,1,345add_신파주_345-inf_900034_1,0.000600169,0.00658214,0.514749,0.0,0.0,0.0,0.0,2173.0,2390.0,2716.0,25.6,1,4.36
20046,900034,2,345add_신파주_345-inf_900034_2,0.000600169,0.00658214,0.514749,0.0,0.0,0.0,0.0,2173.0,2390.0,2716.0,25.6,1,4.36
900000,900050,1,345add_inf_900000-900050_1,0.000832,0.008928,0.18816,0.0,0.0,0.0,0.0,2173.0,2390.0,2716.0,32.0,1,0.0
900000,900050,2,345add_inf_900000-900050_2,0.000832,0.008928,0.18816,0.0,0.0,0.0,0.0,2173.0,2390.0,2716.0,32.0,1,0.0
900012,900014,1,345add_inf_900012-900014_1,6.5e-05,0.0006975,0.0147,0.0,0.0,0.0,0.0,2173.0,2390.0,2716.0,2.5,1,0.0
900012,900014,2,345add_inf_900012-900014_2,6.5e-05,0.0006975,0.0147,0.0,0.0,0.0,0.0,2173.0,2390.0,2716.0,2.5,1,0.0
900020,900016,1,345add_inf_900020-900016_1,6.76e-05,0.0007254,0.015288,0.0,0.0,0.0,0.0,2173.0,2390.0,2716.0,2.6,1,0.0
900020,900016,2,345add_inf_900020-900016_2,6.76e-05,0.0007254,0.015288,0.0,0.0,0.0,0.0,2173.0,2390.0,2716.0,2.6,1,0.0
20028,900038,1,345add_서서울_345-inf_900038_1,0.0002028,0.0021762,0.045864,0.0,0.0,0.0,0.0,2173.0,2390.0,2716.0,7.8,1,0.0
20028,900038,2,345add_서서울_345-inf_900038_2,0.0002028,0.0021762,0.045864,0.0,0.0,0.0,0.0,2173.0,2390.0,2716.0,7.8,1,0.0
900038,20031,1,345add_inf_900038-신시흥_345_1,0.000221,0.0023715,0.04998,0.0,0.0,0.0,0.0,2173.0,2390.0,2716.0,8.5,1,0.0
900038,20031,2,345add_inf_900038-신시흥_345_2,0.000221,0.0023715,0.04998,0.0,0.0,0.0,0.0,2173.0,2390.0,2716.0,8.5,1,0.0
90028,40438,1,lead_일산복합_SW_1,0.000155978,0.00142002,0.00115,0.0,0.0,0.0,0.0,452.0,497.0,565.0,1.0,1,0.0
90028,40438,2,lead_일산복합_SW_2,0.000155978,0.00142002,0.00115,0.0,0.0,0.0,0.0,452.0,497.0,565.0,1.0,1,0.0
90028,40438,3,lead_일산복합_SW_3,0.000155978,0.00142002,0.00115,0.0,0.0,0.0,0.0,452.0,497.0,565.0,1.0,1,0.0
90028,40438,4,lead_일산복합_SW_4,0.000155978,0.00142002,0.00115,0.0,0.0,0.0,0.0,452.0,497.0,565.0,1.0,1,0.0
90039,40747,1,lead_안양복합_SW_1,0.000233967,0.00213003,0.001725,0.0,0.0,0.0,0.0,452.0,497.0,565.0,1.5,1,0.0
90039,40747,2,lead_안양복합_SW_2,0.000233967,0.00213003,0.001725,0.0,0.0,0.0,0.0,452.0,497.0,565.0,1.5,1,0.0
90039,40747,3,lead_안양복합_SW_3,0.000233967,0.00213003,0.001725,0.0,0.0,0.0,0.0,452.0,497.0,565.0,1.5,1,0.0
90039,40747,4,lead_안양복합_SW_4,0.000233967,0.00213003,0.001725,0.0,0.0,0.0,0.0,452.0,497.0,565.0,1.5,1,0.0
90027,40707,1,lead_분당복합_SW_1,0.000155978,0.00142002,0.00115,0.0,0.0,0.0,0.0,452.0,497.0,565.0,1.0,1,0.0
90027,40707,2,lead_분당복합_SW_2,0.000155978,0.00142002,0.00115,0.0,0.0,0.0,0.0,452.0,497.0,565.0,1.0,1,0.0
90027,40707,3,lead_분당복합_SW_3,0.000155978,0.00142002,0.00115,0.0,0.0,0.0,0.0,452.0,497.0,565.0,1.0,1,0.0
90027,40707,4,lead_분당복합_SW_4,0.000155978,0.00142002,0.00115,0.0,0.0,0.0,0.0,452.0,497.0,565.0,1.0,1,0.0
40379,40840,1,154gap_태화-syn울산26_1,0.000155978,0.00142002,0.00115,0.0,0.0,0.0,0.0,452.0,497.0,565.0,1.0,1,0.0
40379,40840,2,154gap_태화-syn울산26_2,0.000155978,0.00142002,0.00115,0.0,0.0,0.0,0.0,452.0,497.0,565.0,1.0,1,0.0
40750,40841,1,154loop_남울산-syn울산27_1,0.000155978,0.00142002,0.00115,0.0,0.0,0.0,0.0,452.0,497.0,565.0,1.0,1,0.0
40750,40841,2,154loop_남울산-syn울산27_2,0.000155978,0.00142002,0.00115,0.0,0.0,0.0,0.0,452.0,497.0,565.0,1.0,1,0.0
40270,40841,1,154loop_성암-syn울산27_1,0.000155978,0.00142002,0.00115,0.0,0.0,0.0,0.0,452.0,497.0,565.0,1.0,1,0.0
40270,40841,2,154loop_성암-syn울산27_2,0.000155978,0.00142002,0.00115,0.0,0.0,0.0,0.0,452.0,497.0,565.0,1.0,1,0.0
40170,40815,1,154gap_울산T2-syn울산1_1,0.000155978,0.00142002,0.00115,0.0,0.0,0.0,0.0,452.0,497.0,565.0,1.0,1,0.0
40170,40815,2,154gap_울산T2-syn울산1_2,0.000155978,0.00142002,0.00115,0.0,0.0,0.0,0.0,452.0,497.0,565.0,1.0,1,0.0
40387,40388,1,154cbl_정자_154-동판교_154_1,0.0001254,0.0013452,0.050958,0.0,0.0,0.0,0.0,430.0,473.0,538.0,2.28,1,2.28
40387,40388,2,154cbl_정자_154-동판교_154_2,0.0001254,0.0013452,0.050958,0.0,0.0,0.0,0.0,430.0,473.0,538.0,2.28,1,2.28
40386,40388,1,154cbl_서판교_154-동판교_154_1,0.00018975,0.0020355,0.0771075,0.0,0.0,0.0,0.0,430.0,473.0,538.0,3.45,1,3.45
40386,40388,2,154cbl_서판교_154-동판교_154_2,0.00018975,0.0020355,0.0771075,0.0,0.0,0.0,0.0,430.0,473.0,538.0,3.45,1,3.45
40020,40788,1,154cbl_순화_154-syn서울20_1,0.000242,0.002596,0.09834,0.0,0.0,0.0,0.0,430.0,473.0,538.0,4.4,1,4.4
40020,40788,2,154cbl_순화_154-syn서울20_2,0.000242,0.002596,0.09834,0.0,0.0,0.0,0.0,430.0,473.0,538.0,4.4,1,4.4
40690,40027,1,154cbl_휘경_154-상봉_154_1,6.71e-05,0.0007198,0.027267,0.0,0.0,0.0,0.0,430.0,473.0,538.0,1.22,1,1.22
40690,40027,2,154cbl_휘경_154-상봉_154_2,6.71e-05,0.0007198,0.027267,0.0,0.0,0.0,0.0,430.0,473.0,538.0,1.22,1,1.22
40027,40732,1,154cbl_상봉_154-신내_154_1,0.00015125,0.0016225,0.0614625,0.0,0.0,0.0,0.0,430.0,473.0,538.0,2.75,1,2.75
40027,40732,2,154cbl_상봉_154-신내_154_2,0.00015125,0.0016225,0.0614625,0.0,0.0,0.0,0.0,430.0,473.0,538.0,2.75,1,2.75
40787,40717,1,154cbl_syn서울19_154-뚝도_154_1,8.25e-05,0.000885,0.033525,0.0,0.0,0.0,0.0,430.0,473.0,538.0,1.5,1,1.5
40787,40717,2,154cbl_syn서울19_154-뚝도_154_2,8.25e-05,0.000885,0.033525,0.0,0.0,0.0,0.0,430.0,473.0,538.0,1.5,1,1.5
40002,40014,1,154cbl_구의_154-풍납_154_1,0.0001133,0.0012154,0.046041,0.0,0.0,0.0,0.0,430.0,473.0,538.0,2.06,1,2.06
40002,40014,2,154cbl_구의_154-풍납_154_2,0.0001133,0.0012154,0.046041,0.0,0.0,0.0,0.0,430.0,473.0,538.0,2.06,1,2.06
40006,40003,1,154cbl_선릉_154-논현_154_1,0.0001463,0.0015694,0.059451,0.0,0.0,0.0,0.0,430.0,473.0,538.0,2.66,1,2.66
40006,40003,2,154cbl_선릉_154-논현_154_2,0.0001463,0.0015694,0.059451,0.0,0.0,0.0,0.0,430.0,473.0,538.0,2.66,1,2.66
40041,40314,1,154cbl_강남_154-잠실_154_1,0.00010945,0.0011741,0.044476,0.0,0.0,0.0,0.0,430.0,473.0,538.0,1.99,1,1.99
40041,40314,2,154cbl_강남_154-잠실_154_2,0.00010945,0.0011741,0.044476,0.0,0.0,0.0,0.0,430.0,473.0,538.0,1.99,1,1.99
40677,40004,1,154cbl_반포_154-논일_154_1,8.305e-05,0.0008909,0.033749,0.0,0.0,0.0,0.0,430.0,473.0,538.0,1.51,1,1.51
40677,40004,2,154cbl_반포_154-논일_154_2,8.305e-05,0.0008909,0.033749,0.0,0.0,0.0,0.0,430.0,473.0,538.0,1.51,1,1.51
40035,40692,1,154cbl_이수_154-사당_154_1,0.0001683,0.0018054,0.068391,0.0,0.0,0.0,0.0,430.0,473.0,538.0,3.06,1,3.06
40035,40692,2,154cbl_이수_154-사당_154_2,0.0001683,0.0018054,0.068391,0.0,0.0,0.0,0.0,430.0,473.0,538.0,3.06,1,3.06
40159,40546,1,154gap_달성-상인_1,0.0002057,0.0022066,0.083589,0.0,0.0,0.0,0.0,430.0,473.0,538.0,3.74,1,3.74
40159,40546,2,154gap_달성-상인_2,0.0002057,0.0022066,0.083589,0.0,0.0,0.0,0.0,430.0,473.0,538.0,3.74,1,3.74
40488,40812,1,154add_서면_154-개금_154_1,0.0002332,0.0025016,0.094764,0.0,0.0,0.0,0.0,430.0,473.0,538.0,4.24,1,4.24
40488,40812,2,154add_서면_154-개금_154_2,0.0002332,0.0025016,0.094764,0.0,0.0,0.0,0.0,430.0,473.0,538.0,4.24,1,4.24
40101,40614,1,154add_신김제_154-임실_154_1,0.00547327,0.0498285,0.0403535,0.0,0.0,0.0,0.0,452.0,497.0,565.0,35.09,1,0.0
40101,40614,2,154add_신김제_154-임실_154_2,0.00547327,0.0498285,0.0403535,0.0,0.0,0.0,0.0,452.0,497.0,565.0,35.09,1,0.0
40153,40326,1,154add_강창_154-달서_154_1,0.0001694,0.0018172,0.068838,0.0,0.0,0.0,0.0,430.0,473.0,538.0,3.08,1,3.08
40153,40326,2,154add_강창_154-달서_154_2,0.0001694,0.0018172,0.068838,0.0,0.0,0.0,0.0,430.0,473.0,538.0,3.08,1,3.08
40325,40392,1,154add_팔달_154-서침산_154_1,0.0002816,0.0030208,0.114432,0.0,0.0,0.0,0.0,430.0,473.0,538.0,5.12,1,5.12
40325,40392,2,154add_팔달_154-서침산_154_2,0.0002816,0.0030208,0.114432,0.0,0.0,0.0,0.0,430.0,473.0,538.0,5.12,1,5.12
40529,40849,1,154add_왜관_154-syn대구2_1,0.000727874,0.00693457,0.081075,0.0,0.0,0.0,0.0,430.0,473.0,538.0,6.9,1,3.45
40529,40849,2,154add_왜관_154-syn대구2_2,0.000727874,0.00693457,0.081075,0.0,0.0,0.0,0.0,430.0,473.0,538.0,6.9,1,3.45
40544,40547,1,154add_와룡_154-두류_154_1,0.000536564,0.00488487,0.003956,0.0,0.0,0.0,0.0,452.0,497.0,565.0,3.44,1,0.0
40544,40547,2,154add_와룡_154-두류_154_2,0.000536564,0.00488487,0.003956,0.0,0.0,0.0,0.0,452.0,497.0,565.0,3.44,1,0.0
40278,40544,1,154add_월배_154-와룡_154_1,0.000656667,0.00597828,0.0048415,0.0,0.0,0.0,0.0,452.0,497.0,565.0,4.21,1,0.0
40278,40544,2,154add_월배_154-와룡_154_2,0.000656667,0.00597828,0.0048415,0.0,0.0,0.0,0.0,452.0,497.0,565.0,4.21,1,0.0
40043,40852,1,154add_공평_154-syn대구5_1,8.305e-05,0.0008909,0.0337485,0.0,0.0,0.0,0.0,430.0,473.0,538.0,1.51,1,1.51
40043,40852,2,154add_공평_154-syn대구5_2,8.305e-05,0.0008909,0.0337485,0.0,0.0,0.0,0.0,430.0,473.0,538.0,1.51,1,1.51
40264,40852,1,154add_효목_154-syn대구5_1,0.00011385,0.0012213,0.0462645,0.0,0.0,0.0,0.0,430.0,473.0,538.0,2.07,1,2.07
40264,40852,2,154add_효목_154-syn대구5_2,0.00011385,0.0012213,0.0462645,0.0,0.0,0.0,0.0,430.0,473.0,538.0,2.07,1,2.07
40567,40850,1,154gap_안심-syn대구3_1,0.0001342,0.0014396,0.054534,0.0,0.0,0.0,0.0,430.0,473.0,538.0,2.44,1,2.44
40567,40850,2,154gap_안심-syn대구3_2,0.0001342,0.0014396,0.054534,0.0,0.0,0.0,0.0,430.0,473.0,538.0,2.44,1,2.44
40264,40567,1,154add_효목_154-안심_154_1,0.00025905,0.0027789,0.1052685,0.0,0.0,0.0,0.0,430.0,473.0,538.0,4.71,1,4.71
40264,40567,2,154add_효목_154-안심_154_2,0.00025905,0.0027789,0.1052685,0.0,0.0,0.0,0.0,430.0,473.0,538.0,4.71,1,4.71
40567,40243,1,154add_안심_154-반야월_154_1,0.00030855,0.0033099,0.1253835,0.0,0.0,0.0,0.0,430.0,473.0,538.0,5.61,1,5.61
40567,40243,2,154add_안심_154-반야월_154_2,0.00030855,0.0033099,0.1253835,0.0,0.0,0.0,0.0,430.0,473.0,538.0,5.61,1,5.61
40569,40568,1,154add_관음_154-구암_154_1,0.00018755,0.0020119,0.0762135,0.0,0.0,0.0,0.0,430.0,473.0,538.0,3.41,1,3.41
40569,40568,2,154add_관음_154-구암_154_2,0.00018755,0.0020119,0.0762135,0.0,0.0,0.0,0.0,430.0,473.0,538.0,3.41,1,3.41
20080,20095,1,345add_울산T4_345-울산T9_345_1,0.00077896,0.00835884,0.176165,0.0,0.0,0.0,0.0,2173.0,2390.0,2716.0,29.96,1,0.0
20080,20095,2,345add_울산T4_345-울산T9_345_2,0.00077896,0.00835884,0.176165,0.0,0.0,0.0,0.0,2173.0,2390.0,2716.0,29.96,1,0.0
20095,20004,1,345add_울산T9_345-울주_345_1,0.00044018,0.00472347,0.0995484,0.0,0.0,0.0,0.0,2173.0,2390.0,2716.0,16.93,1,0.0
40048,40814,1,154add_북부산_154-엄궁_154_1,0.00049225,0.0052805,0.2000325,0.0,0.0,0.0,0.0,430.0,473.0,538.0,8.95,1,8.95
40048,40814,2,154add_북부산_154-엄궁_154_2,0.00049225,0.0052805,0.2000325,0.0,0.0,0.0,0.0,430.0,473.0,538.0,8.95,1,8.95
40805,40813,1,154add_syn부산9-syn부산1_1,0.00013915,0.0014927,0.0565455,0.0,0.0,0.0,0.0,430.0,473.0,538.0,2.53,1,2.53
40805,40813,2,154add_syn부산9-syn부산1_2,0.00013915,0.0014927,0.0565455,0.0,0.0,0.0,0.0,430.0,473.0,538.0,2.53,1,2.53
40226,40811,1,154add_신녹산_154-syn명지_1,0.00019965,0.0021417,0.0811305,0.0,0.0,0.0,0.0,430.0,473.0,538.0,3.63,1,3.63
40226,40811,2,154add_신녹산_154-syn명지_2,0.00019965,0.0021417,0.0811305,0.0,0.0,0.0,0.0,430.0,473.0,538.0,3.63,1,3.63
40894,40908,1,154제주_제주변환소-동제주변환소_1,0.000156,0.00142,0.00115,0.0,0.0,0.0,0.0,452.0,497.0,565.0,1.0,1,0.0
40894,40908,2,154제주_제주변환소-동제주변환소_2,0.000156,0.00142,0.00115,0.0,0.0,0.0,0.0,452.0,497.0,565.0,1.0,1,0.0
40894,40908,3,154제주_제주변환소-동제주변환소_3,0.000156,0.00142,0.00115,0.0,0.0,0.0,0.0,452.0,497.0,565.0,1.0,1,0.0
40908,40078,1,154제주_동제주변환소-조천_1,0.00128058,0.0116584,0.0094415,0.0,0.0,0.0,0.0,452.0,497.0,565.0,8.21,1,0.0
40908,40078,2,154제주_동제주변환소-조천_2,0.00128058,0.0116584,0.0094415,0.0,0.0,0.0,0.0,452.0,497.0,565.0,8.21,1,0.0
40674,40896,1,154제주_안덕-금악_1,0.00173136,0.0157622,0.012765,0.0,0.0,0.0,0.0,452.0,497.0,565.0,11.1,1,0.0
40674,40896,2,154제주_안덕-금악_2,0.00173136,0.0157622,0.012765,0.0,0.0,0.0,0.0,452.0,497.0,565.0,11.1,1,0.0
40284,40793,1,154add_동빙고_154-syn서울25_1,5.5e-05,0.00059,0.02235,0.0,0.0,0.0,0.0,430.0,473.0,538.0,1.0,1,1.0
40284,40793,2,154add_동빙고_154-syn서울25_2,5.5e-05,0.00059,0.02235,0.0,0.0,0.0,0.0,430.0,473.0,538.0,1.0,1,1.0
40466,40239,1,154add_중원_154-산성_154_1,0.0003476,0.0037288,0.141252,0.0,0.0,0.0,0.0,430.0,473.0,538.0,6.32,1,6.32
40466,40239,2,154add_중원_154-산성_154_2,0.0003476,0.0037288,0.141252,0.0,0.0,0.0,0.0,430.0,473.0,538.0,6.32,1,6.32
40023,40017,1,154add_노들_154-대림_154_1,0.0001254,0.0013452,0.050958,0.0,0.0,0.0,0.0,430.0,473.0,538.0,2.28,1,2.28
40023,40017,2,154add_노들_154-대림_154_2,0.0001254,0.0013452,0.050958,0.0,0.0,0.0,0.0,430.0,473.0,538.0,2.28,1,2.28
40728,40246,1,154add_오류_154-구로_154_1,0.00012045,0.0012921,0.0489465,0.0,0.0,0.0,0.0,430.0,473.0,538.0,2.19,1,2.19
40728,40246,2,154add_오류_154-구로_154_2,0.00012045,0.0012921,0.0489465,0.0,0.0,0.0,0.0,430.0,473.0,538.0,2.19,1,2.19
40559,40555,1,154add_송월_154-송현_154_1,0.00010395,0.0011151,0.0422415,0.0,0.0,0.0,0.0,430.0,473.0,538.0,1.89,1,1.89
40559,40555,2,154add_송월_154-송현_154_2,0.00010395,0.0011151,0.0422415,0.0,0.0,0.0,0.0,430.0,473.0,538.0,1.89,1,1.89
90009,20066,1,345add_태안화력_SW-신당진_345_1,0.00092274,0.00990171,0.208681,0.0,0.0,0.0,0.0,2173.0,2390.0,2716.0,35.49,1,0.0
90009,20066,2,345add_태안화력_SW-신당진_345_2,0.00092274,0.00990171,0.208681,0.0,0.0,0.0,0.0,2173.0,2390.0,2716.0,35.49,1,0.0
40042,40251,1,154add_중동_154-부천_154_1,0.00017655,0.0018939,0.0717435,0.0,0.0,0.0,0.0,430.0,473.0,538.0,3.21,1,3.21
40042,40251,2,154add_중동_154-부천_154_2,0.00017655,0.0018939,0.0717435,0.0,0.0,0.0,0.0,430.0,473.0,538.0,3.21,1,3.21
40181,40179,1,154add_진위_154-송탄_154_1,0.00179219,0.016316,0.0132135,0.0,0.0,0.0,0.0,452.0,497.0,565.0,11.49,1,0.0
40181,40179,2,154add_진위_154-송탄_154_2,0.00179219,0.016316,0.0132135,0.0,0.0,0.0,0.0,452.0,497.0,565.0,11.49,1,0.0
40179,40177,1,154add_송탄_154-평택_154_1,0.00108873,0.00991174,0.008027,0.0,0.0,0.0,0.0,452.0,497.0,565.0,6.98,1,0.0
40179,40177,2,154add_송탄_154-평택_154_2,0.00108873,0.00991174,0.008027,0.0,0.0,0.0,0.0,452.0,497.0,565.0,6.98,1,0.0
40686,40239,1,154add_수서_154-산성_154_1,0.000599728,0.00571436,0.0669635,0.0,0.0,0.0,0.0,430.0,473.0,538.0,5.69,1,2.85
40686,40239,2,154add_수서_154-산성_154_2,0.000599728,0.00571436,0.0669635,0.0,0.0,0.0,0.0,430.0,473.0,538.0,5.69,1,2.85
40012,40686,1,154add_가락_154-수서_154_1,8.635e-05,0.0009263,0.0350895,0.0,0.0,0.0,0.0,430.0,473.0,538.0,1.57,1,1.57
40012,40686,2,154add_가락_154-수서_154_2,8.635e-05,0.0009263,0.0350895,0.0,0.0,0.0,0.0,430.0,473.0,538.0,1.57,1,1.57
40686,40783,1,154add_수서_154-syn서울15_1,6.985e-05,0.0007493,0.0283845,0.0,0.0,0.0,0.0,430.0,473.0,538.0,1.27,1,1.27
40686,40783,2,154add_수서_154-syn서울15_2,6.985e-05,0.0007493,0.0283845,0.0,0.0,0.0,0.0,430.0,473.0,538.0,1.27,1,1.27
40591,40585,1,154add_남동_154-고잔_154_1,0.00011275,0.0012095,0.0458175,0.0,0.0,0.0,0.0,430.0,473.0,538.0,2.05,1,2.05
40591,40585,2,154add_남동_154-고잔_154_2,0.00011275,0.0012095,0.0458175,0.0,0.0,0.0,0.0,430.0,473.0,538.0,2.05,1,2.05
90022,900036,1,345add_평택화력_SW-수원T2_345_1,0.0003744,0.0040176,0.084672,0.0,0.0,0.0,0.0,2173.0,2390.0,2716.0,14.4,1,0.0
90022,900036,2,345add_평택화력_SW-수원T2_345_2,0.0003744,0.0040176,0.084672,0.0,0.0,0.0,0.0,2173.0,2390.0,2716.0,14.4,1,0.0
40689,900037,1,154add_수원T2_154-수원T2b_154_1,5.5e-05,0.00059,0.02235,0.0,0.0,0.0,0.0,430.0,473.0,538.0,1.0,1,1.0
40689,900037,2,154add_수원T2_154-수원T2b_154_2,5.5e-05,0.00059,0.02235,0.0,0.0,0.0,0.0,430.0,473.0,538.0,1.0,1,1.0
40719,40782,1,154add_신사_154-syn서울14_1,5.5e-05,0.00059,0.02235,0.0,0.0,0.0,0.0,430.0,473.0,538.0,1,1,1
40719,40782,2,154add_신사_154-syn서울14_2,5.5e-05,0.00059,0.02235,0.0,0.0,0.0,0.0,430.0,473.0,538.0,1,1,1
40257,40890,1,154add_목포_154-syn목포2_1,0.00014465,0.0015517,0.0587805,0.0,0.0,0.0,0.0,430.0,473.0,538.0,2.63,1,2.63
40257,40890,2,154add_목포_154-syn목포2_2,0.00014465,0.0015517,0.0587805,0.0,0.0,0.0,0.0,430.0,473.0,538.0,2.63,1,2.63
40131,40219,1,154add_신화순_154-나주_154_1,0.00340344,0.0309848,0.025093,0.0,0.0,0.0,0.0,452.0,497.0,565.0,21.82,1,0.0
40131,40219,2,154add_신화순_154-나주_154_2,0.00340344,0.0309848,0.025093,0.0,0.0,0.0,0.0,452.0,497.0,565.0,21.82,1,0.0
40219,40166,1,154add_나주_154-남광주_154_1,0.00377779,0.0343929,0.027853,0.0,0.0,0.0,0.0,452.0,497.0,565.0,24.22,1,0.0
40219,40166,2,154add_나주_154-남광주_154_2,0.00377779,0.0343929,0.027853,0.0,0.0,0.0,0.0,452.0,497.0,565.0,24.22,1,0.0
40219,40214,1,154add_나주_154-평동_154_1,0.00287156,0.0261426,0.0211715,0.0,0.0,0.0,0.0,452.0,497.0,565.0,18.41,1,0.0
40219,40214,2,154add_나주_154-평동_154_2,0.00287156,0.0261426,0.0211715,0.0,0.0,0.0,0.0,452.0,497.0,565.0,18.41,1,0.0
40598,40166,1,154add_화순_154-남광주_154_1,0.00289027,0.026313,0.0213095,0.0,0.0,0.0,0.0,452.0,497.0,565.0,18.53,1,0.0
40598,40166,2,154add_화순_154-남광주_154_2,0.00289027,0.026313,0.0213095,0.0,0.0,0.0,0.0,452.0,497.0,565.0,18.53,1,0.0
40262,40889,1,154add_영암_154-syn양장리_1,0.00325994,0.0296784,0.024035,0.0,0.0,0.0,0.0,452.0,497.0,565.0,20.9,1,0.0
40262,40889,2,154add_영암_154-syn양장리_2,0.00325994,0.0296784,0.024035,0.0,0.0,0.0,0.0,452.0,497.0,565.0,20.9,1,0.0
40570,40252,1,154add_소라_154-서순천_154_1,0.0036764,0.0334699,0.0271055,0.0,0.0,0.0,0.0,452.0,497.0,565.0,23.57,1,0.0
40570,40252,2,154add_소라_154-서순천_154_2,0.0036764,0.0334699,0.0271055,0.0,0.0,0.0,0.0,452.0,497.0,565.0,23.57,1,0.0
40571,40883,1,154add_율촌_154-syn여수엑스포_1,0.00229132,0.0208601,0.0168935,0.0,0.0,0.0,0.0,452.0,497.0,565.0,14.69,1,0.0
40571,40883,2,154add_율촌_154-syn여수엑스포_2,0.00229132,0.0208601,0.0168935,0.0,0.0,0.0,0.0,452.0,497.0,565.0,14.69,1,0.0
40195,40356,1,154add_하동_154-개양_154_1,0.00574623,0.0523135,0.042366,0.0,0.0,0.0,0.0,452.0,497.0,565.0,36.84,1,0.0
40195,40356,2,154add_하동_154-개양_154_2,0.00574623,0.0523135,0.042366,0.0,0.0,0.0,0.0,452.0,497.0,565.0,36.84,1,0.0
40026,40205,1,154add_신촌_154-마포_154_1,0.0001034,0.0011092,0.042018,0.0,0.0,0.0,0.0,430.0,473.0,538.0,1.88,1,1.88
40726,40768,1,154add_양천_154-중부_154_1,0.000526857,0.00492506,0.0354845,0.0,0.0,0.0,0.0,430.0,473.0,538.0,4.31,1,1.44
40026,40205,2,154add_신촌_154-마포_154_2,0.0001034,0.0011092,0.042018,0.0,0.0,0.0,0.0,430.0,473.0,538.0,1.88,1,1.88
40726,40768,2,154add_양천_154-중부_154_2,0.000526857,0.00492506,0.0354845,0.0,0.0,0.0,0.0,430.0,473.0,538.0,4.31,1,1.44
40496,40835,1,154add_초동_154-syn밀양전철_1,0.00178439,0.016245,0.013156,0.0,0.0,0.0,0.0,452.0,497.0,565.0,11.44,1,0.0
40496,40835,2,154add_초동_154-syn밀양전철_2,0.00178439,0.016245,0.013156,0.0,0.0,0.0,0.0,452.0,497.0,565.0,11.44,1,0.0
40048,40843,1,154add_북부산_154-syn양산1_1,0.0018733,0.0170544,0.0138115,0.0,0.0,0.0,0.0,452.0,497.0,565.0,12.01,1,0.0
40048,40843,2,154add_북부산_154-syn양산1_2,0.0018733,0.0170544,0.0138115,0.0,0.0,0.0,0.0,452.0,497.0,565.0,12.01,1,0.0
40495,40822,1,154add_한림정_154-syn흙마음_1,0.00285284,0.0259722,0.0210335,0.0,0.0,0.0,0.0,452.0,497.0,565.0,18.29,1,0.0
40479,40830,1,154add_월림_154-syn두산중공업_1,0.00049601,0.00451566,0.003657,0.0,0.0,0.0,0.0,452.0,497.0,565.0,3.18,1,0.0
40163,40843,1,154add_양산_154-syn양산1_1,0.000625472,0.00569428,0.0046115,0.0,0.0,0.0,0.0,452.0,497.0,565.0,4.01,1,0.0
40822,40843,1,154add_syn흙마음-syn양산1_1,0.0003575,0.003835,0.145275,0.0,0.0,0.0,0.0,430.0,473.0,538.0,6.5,1,6.5
40259,40803,1,154add_시흥_154-syn만안구_1,0.000831363,0.00756871,0.0061295,0.0,0.0,0.0,0.0,452.0,497.0,565.0,5.33,1,0.0
40259,40803,2,154add_시흥_154-syn만안구_2,0.000831363,0.00756871,0.0061295,0.0,0.0,0.0,0.0,452.0,497.0,565.0,5.33,1,0.0
40267,40803,1,154add_안양_154-syn만안구_1,0.000522526,0.00475707,0.0038525,0.0,0.0,0.0,0.0,452.0,497.0,565.0,3.35,1,0.0
40267,40803,2,154add_안양_154-syn만안구_2,0.000522526,0.00475707,0.0038525,0.0,0.0,0.0,0.0,452.0,497.0,565.0,3.35,1,0.0
40719,40741,1,154add_신사_154-성수_154_1,0.00017875,0.0019175,0.0726375,0.0,0.0,0.0,0.0,430.0,473.0,538.0,3.25,1,3.25
40719,40741,2,154add_신사_154-성수_154_2,0.00017875,0.0019175,0.0726375,0.0,0.0,0.0,0.0,430.0,473.0,538.0,3.25,1,3.25
40618,40610,1,154add_소룡_154-동군산_154_1,0.00164869,0.0150116,0.0121555,0.0,0.0,0.0,0.0,452.0,497.0,565.0,10.57,1,0.0
40618,40610,2,154add_소룡_154-동군산_154_2,0.00164869,0.0150116,0.0121555,0.0,0.0,0.0,0.0,452.0,497.0,565.0,10.57,1,0.0
90015,40375,1,154add_신서천_SW-대천_154_1,0.0039868,0.0362957,0.029394,0.0,0.0,0.0,0.0,452.0,497.0,565.0,25.56,1,0.0
90015,40375,2,154add_신서천_SW-대천_154_2,0.0039868,0.0362957,0.029394,0.0,0.0,0.0,0.0,452.0,497.0,565.0,25.56,1,0.0
900024,20066,1,345add_inf_900024-신당진_345_1,0.00050544,0.00542376,0.114307,0.0,0.0,0.0,0.0,2173.0,2390.0,2716.0,19.44,1,0.0
900024,20066,2,345add_inf_900024-신당진_345_2,0.00050544,0.00542376,0.114307,0.0,0.0,0.0,0.0,2173.0,2390.0,2716.0,19.44,1,0.0
20079,20030,1,345add_북당진_345-신온양_345_1,0.00064584,0.00693036,0.146059,0.0,0.0,0.0,0.0,2173.0,2390.0,2716.0,24.84,1,0.0
20079,20030,2,345add_북당진_345-신온양_345_2,0.00064584,0.00693036,0.146059,0.0,0.0,0.0,0.0,2173.0,2390.0,2716.0,24.84,1,0.0
