hv_bus,lv_bus,id,name,r_pu,x_pu,g_pu,b_pu,ratio,tap_step,tap_min,tap_max,shift_deg,vn_hv_kv,vn_lv_kv,sn_mva,rate_a_mva,rate_b_mva,rate_c_mva,cont_bus,in_service
90000,80000,1,고리#1_GSU,0.000276,0.011058,0.0,0.0,1.0,0.025,0.95,1.05,0.0,345,22.0,1175.6,1176,1293,1470,90000,1
90000,80001,1,고리#2_GSU,0.000276,0.011048,0.0,0.0,1.0,0.025,0.95,1.05,0.0,345,22.0,1176.7,1177,1294,1471,90000,1
90001,80002,1,신고리#1_GSU,0.000281,0.011225,0.0,0.0,1.0,0.025,0.95,1.05,0.0,765,22.0,1158.1,1158,1274,1448,90001,1
90001,80003,1,신고리#2_GSU,0.000281,0.011225,0.0,0.0,1.0,0.025,0.95,1.05,0.0,765,22.0,1158.1,1158,1274,1448,90001,1
90002,80004,1,새울#1_GSU,0.000197,0.007896,0.0,0.0,1.0,0.025,0.95,1.05,0.0,765,22.0,1646.5,1646,1811,2058,90002,1
90002,80005,1,새울#2_GSU,0.000197,0.007885,0.0,0.0,1.0,0.025,0.95,1.05,0.0,765,22.0,1648.8,1649,1814,2061,90002,1
90003,80006,1,한빛#1_GSU,0.000291,0.011646,0.0,0.0,1.0,0.025,0.95,1.05,0.0,345,22.0,1116.3,1116,1228,1395,90003,1
90003,80007,1,한빛#2_GSU,0.000292,0.01167,0.0,0.0,1.0,0.025,0.95,1.05,0.0,345,22.0,1114.0,1114,1225,1392,90003,1
90003,80008,1,한빛#3_GSU,0.00028,0.011214,0.0,0.0,1.0,0.025,0.95,1.05,0.0,345,22.0,1159.3,1159,1275,1449,90003,1
90003,80009,1,한빛#4_GSU,0.00028,0.011214,0.0,0.0,1.0,0.025,0.95,1.05,0.0,345,22.0,1159.3,1159,1275,1449,90003,1
90003,80010,1,한빛#5_GSU,0.00028,0.011214,0.0,0.0,1.0,0.025,0.95,1.05,0.0,345,22.0,1159.3,1159,1275,1449,90003,1
90003,80011,1,한빛#6_GSU,0.000281,0.011236,0.0,0.0,1.0,0.025,0.95,1.05,0.0,345,22.0,1157.0,1157,1273,1446,90003,1
90004,80012,1,한울#1_GSU,0.000291,0.011646,0.0,0.0,1.0,0.025,0.95,1.05,0.0,765,22.0,1116.3,1116,1228,1395,90004,1
90004,80013,1,한울#2_GSU,0.000291,0.011622,0.0,0.0,1.0,0.025,0.95,1.05,0.0,765,22.0,1118.6,1119,1230,1398,90004,1
90004,80014,1,한울#3_GSU,0.000281,0.011248,0.0,0.0,1.0,0.025,0.95,1.05,0.0,765,22.0,1155.8,1156,1271,1445,90004,1
90004,80015,1,한울#4_GSU,0.00028,0.011202,0.0,0.0,1.0,0.025,0.95,1.05,0.0,765,22.0,1160.5,1160,1277,1451,90004,1
90004,80016,1,한울#5_GSU,0.000281,0.011225,0.0,0.0,1.0,0.025,0.95,1.05,0.0,765,22.0,1158.1,1158,1274,1448,90004,1
90004,80017,1,한울#6_GSU,0.000281,0.011225,0.0,0.0,1.0,0.025,0.95,1.05,0.0,765,22.0,1158.1,1158,1274,1448,90004,1
90005,80018,1,신한울#1_GSU,0.000209,0.008343,0.0,0.0,1.0,0.025,0.95,1.05,0.0,765,22.0,1558.1,1558,1714,1948,90005,1
90005,80019,1,신한울#2_GSU,0.000209,0.008343,0.0,0.0,1.0,0.025,0.95,1.05,0.0,765,22.0,1558.1,1558,1714,1948,90005,1
90006,80020,1,월성#1_GSU,0.000427,0.017069,0.0,0.0,1.0,0.025,0.95,1.05,0.0,345,22.0,761.6,762,838,952,90006,1
90006,80021,1,월성#2_GSU,0.000409,0.016346,0.0,0.0,1.0,0.025,0.95,1.05,0.0,345,22.0,795.3,795,875,994,90006,1
90006,80022,1,월성#3_GSU,0.000406,0.01625,0.0,0.0,1.0,0.025,0.95,1.05,0.0,345,22.0,800.0,800,880,1000,90006,1
90007,80023,1,신월성#1_GSU,0.000282,0.011282,0.0,0.0,1.0,0.025,0.95,1.05,0.0,345,22.0,1152.3,1152,1268,1440,90007,1
90007,80024,1,신월성#2_GSU,0.000291,0.011646,0.0,0.0,1.0,0.025,0.95,1.05,0.0,345,22.0,1116.3,1116,1228,1395,90007,1
90008,80025,1,당진화력#1_GSU,0.000559,0.02236,0.0,0.0,1.0,0.025,0.95,1.05,0.0,765,18.0,581.4,581,640,727,90008,1
90008,80026,1,당진화력#2_GSU,0.000559,0.02236,0.0,0.0,1.0,0.025,0.95,1.05,0.0,765,18.0,581.4,581,640,727,90008,1
90008,80027,1,당진화력#3_GSU,0.000559,0.02236,0.0,0.0,1.0,0.025,0.95,1.05,0.0,765,18.0,581.4,581,640,727,90008,1
90008,80028,1,당진화력#4_GSU,0.000559,0.02236,0.0,0.0,1.0,0.025,0.95,1.05,0.0,765,18.0,581.4,581,640,727,90008,1
90008,80029,1,당진화력#5_GSU,0.000559,0.02236,0.0,0.0,1.0,0.025,0.95,1.05,0.0,765,18.0,581.4,581,640,727,90008,1
90008,80030,1,당진화력#6_GSU,0.000559,0.02236,0.0,0.0,1.0,0.025,0.95,1.05,0.0,765,18.0,581.4,581,640,727,90008,1
90008,80031,1,당진화력#7_GSU,0.000559,0.02236,0.0,0.0,1.0,0.025,0.95,1.05,0.0,765,18.0,581.4,581,640,727,90008,1
90008,80032,1,당진화력#8_GSU,0.000559,0.02236,0.0,0.0,1.0,0.025,0.95,1.05,0.0,765,18.0,581.4,581,640,727,90008,1
90008,80033,1,당진화력#9_GSU,0.000274,0.010961,0.0,0.0,1.0,0.025,0.95,1.05,0.0,765,22.0,1186.0,1186,1305,1482,90008,1
90008,80034,1,당진화력#10_GSU,0.000274,0.010961,0.0,0.0,1.0,0.025,0.95,1.05,0.0,765,22.0,1186.0,1186,1305,1482,90008,1
90009,80035,1,태안화력#1_GSU,0.000559,0.02236,0.0,0.0,1.0,0.025,0.95,1.05,0.0,345,18.0,581.4,581,640,727,90009,1
90009,80036,1,태안화력#2_GSU,0.000559,0.02236,0.0,0.0,1.0,0.025,0.95,1.05,0.0,345,18.0,581.4,581,640,727,90009,1
90009,80037,1,태안화력#3_GSU,0.000559,0.02236,0.0,0.0,1.0,0.025,0.95,1.05,0.0,345,18.0,581.4,581,640,727,90009,1
90009,80038,1,태안화력#4_GSU,0.000559,0.02236,0.0,0.0,1.0,0.025,0.95,1.05,0.0,345,18.0,581.4,581,640,727,90009,1
90009,80039,1,태안화력#5_GSU,0.000559,0.02236,0.0,0.0,1.0,0.025,0.95,1.05,0.0,345,18.0,581.4,581,640,727,90009,1
90009,80040,1,태안화력#6_GSU,0.000559,0.02236,0.0,0.0,1.0,0.025,0.95,1.05,0.0,345,18.0,581.4,581,640,727,90009,1
90009,80041,1,태안화력#7_GSU,0.000559,0.02236,0.0,0.0,1.0,0.025,0.95,1.05,0.0,345,18.0,581.4,581,640,727,90009,1
90009,80042,1,태안화력#8_GSU,0.000559,0.02236,0.0,0.0,1.0,0.025,0.95,1.05,0.0,345,18.0,581.4,581,640,727,90009,1
90009,80043,1,태안화력#9_GSU,0.000266,0.010648,0.0,0.0,1.0,0.025,0.95,1.05,0.0,345,22.0,1220.9,1221,1343,1526,90009,1
90009,80044,1,태안화력#10_GSU,0.000266,0.010648,0.0,0.0,1.0,0.025,0.95,1.05,0.0,345,22.0,1220.9,1221,1343,1526,90009,1
90010,80045,1,하동화력#1_GSU,0.000559,0.02236,0.0,0.0,1.0,0.025,0.95,1.05,0.0,345,18.0,581.4,581,640,727,90010,1
90010,80046,1,하동화력#2_GSU,0.000559,0.02236,0.0,0.0,1.0,0.025,0.95,1.05,0.0,345,18.0,581.4,581,640,727,90010,1
90010,80047,1,하동화력#3_GSU,0.000559,0.02236,0.0,0.0,1.0,0.025,0.95,1.05,0.0,345,18.0,581.4,581,640,727,90010,1
90010,80048,1,하동화력#4_GSU,0.000559,0.02236,0.0,0.0,1.0,0.025,0.95,1.05,0.0,345,18.0,581.4,581,640,727,90010,1
90010,80049,1,하동화력#5_GSU,0.000559,0.02236,0.0,0.0,1.0,0.025,0.95,1.05,0.0,345,18.0,581.4,581,640,727,90010,1
90010,80050,1,하동화력#6_GSU,0.000559,0.02236,0.0,0.0,1.0,0.025,0.95,1.05,0.0,345,18.0,581.4,581,640,727,90010,1
90010,80051,1,하동화력#7_GSU,0.000559,0.02236,0.0,0.0,1.0,0.025,0.95,1.05,0.0,345,18.0,581.4,581,640,727,90010,1
90010,80052,1,하동화력#8_GSU,0.000559,0.02236,0.0,0.0,1.0,0.025,0.95,1.05,0.0,345,18.0,581.4,581,640,727,90010,1
90011,80053,1,영흥화력#1_GSU,0.000349,0.013975,0.0,0.0,1.0,0.025,0.95,1.05,0.0,345,22.0,930.2,930,1023,1163,90011,1
90011,80054,1,영흥화력#2_GSU,0.000349,0.013975,0.0,0.0,1.0,0.025,0.95,1.05,0.0,345,22.0,930.2,930,1023,1163,90011,1
90011,80055,1,영흥화력#3_GSU,0.000321,0.012851,0.0,0.0,1.0,0.025,0.95,1.05,0.0,345,22.0,1011.6,1012,1113,1264,90011,1
90011,80056,1,영흥화력#4_GSU,0.000321,0.012851,0.0,0.0,1.0,0.025,0.95,1.05,0.0,345,22.0,1011.6,1012,1113,1264,90011,1
90011,80057,1,영흥화력#5_GSU,0.000321,0.012851,0.0,0.0,1.0,0.025,0.95,1.05,0.0,345,22.0,1011.6,1012,1113,1264,90011,1
90011,80058,1,영흥화력#6_GSU,0.000321,0.012851,0.0,0.0,1.0,0.025,0.95,1.05,0.0,345,22.0,1011.6,1012,1113,1264,90011,1
90012,80059,1,보령화력#1_GSU,0.000559,0.02236,0.0,0.0,1.0,0.025,0.95,1.05,0.0,345,18.0,581.4,581,640,727,90012,1
90012,80060,1,보령화력#2_GSU,0.000559,0.02236,0.0,0.0,1.0,0.025,0.95,1.05,0.0,345,18.0,581.4,581,640,727,90012,1
90012,80061,1,보령화력#3_GSU,0.000559,0.02236,0.0,0.0,1.0,0.025,0.95,1.05,0.0,345,18.0,581.4,581,640,727,90012,1
90012,80062,1,보령화력#4_GSU,0.000559,0.02236,0.0,0.0,1.0,0.025,0.95,1.05,0.0,345,18.0,581.4,581,640,727,90012,1
90012,80063,1,보령화력#5_GSU,0.000559,0.02236,0.0,0.0,1.0,0.025,0.95,1.05,0.0,345,18.0,581.4,581,640,727,90012,1
90012,80064,1,보령화력#6_GSU,0.000559,0.02236,0.0,0.0,1.0,0.025,0.95,1.05,0.0,345,18.0,581.4,581,640,727,90012,1
90013,80065,1,신보령#1_GSU,0.00028,0.01118,0.0,0.0,1.0,0.025,0.95,1.05,0.0,345,22.0,1162.8,1163,1279,1454,90013,1
90013,80066,1,신보령#2_GSU,0.00028,0.01118,0.0,0.0,1.0,0.025,0.95,1.05,0.0,345,22.0,1162.8,1163,1279,1454,90013,1
90014,80067,1,삼천포#1_GSU,0.000499,0.019963,0.0,0.0,1.0,0.025,0.95,1.05,0.0,345,18.0,651.2,651,716,814,90014,1
90014,80068,1,삼천포#2_GSU,0.000499,0.019963,0.0,0.0,1.0,0.025,0.95,1.05,0.0,345,18.0,651.2,651,716,814,90014,1
90014,80069,1,삼천포#3_GSU,0.000559,0.02236,0.0,0.0,1.0,0.025,0.95,1.05,0.0,345,18.0,581.4,581,640,727,90014,1
90014,80070,1,삼천포#4_GSU,0.000559,0.02236,0.0,0.0,1.0,0.025,0.95,1.05,0.0,345,18.0,581.4,581,640,727,90014,1
90015,80071,1,신서천#1_GSU,0.00028,0.01118,0.0,0.0,1.0,0.025,0.95,1.05,0.0,154,22.0,1162.8,1163,1279,1454,90015,1
90016,80072,1,동해화력#1_GSU,0.001397,0.05589,0.0,0.0,1.0,0.025,0.95,1.05,0.0,154,18.0,232.6,233,256,291,90016,1
90016,80073,1,동해화력#2_GSU,0.001397,0.05589,0.0,0.0,1.0,0.025,0.95,1.05,0.0,154,18.0,232.6,233,256,291,90016,1
90017,80074,1,북평#1_GSU,0.00047,0.018789,0.0,0.0,1.0,0.025,0.95,1.05,0.0,345,18.0,691.9,692,761,865,90017,1
90017,80075,1,북평#2_GSU,0.00047,0.018789,0.0,0.0,1.0,0.025,0.95,1.05,0.0,345,18.0,691.9,692,761,865,90017,1
90018,80076,1,고성하이#1_GSU,0.000269,0.01075,0.0,0.0,1.0,0.025,0.95,1.05,0.0,345,22.0,1209.3,1209,1330,1512,90018,1
90018,80077,1,고성하이#2_GSU,0.000269,0.01075,0.0,0.0,1.0,0.025,0.95,1.05,0.0,345,22.0,1209.3,1209,1330,1512,90018,1
90019,80078,1,강릉안인#1_GSU,0.000269,0.01075,0.0,0.0,1.0,0.025,0.95,1.05,0.0,345,22.0,1209.3,1209,1330,1512,90019,1
90019,80079,1,강릉안인#2_GSU,0.000269,0.01075,0.0,0.0,1.0,0.025,0.95,1.05,0.0,345,22.0,1209.3,1209,1330,1512,90019,1
90020,80080,1,삼척그린파워#1_GSU,0.000273,0.010939,0.0,0.0,1.0,0.025,0.95,1.05,0.0,345,22.0,1188.4,1188,1307,1486,90020,1
90020,80081,1,삼척그린파워#2_GSU,0.000273,0.010939,0.0,0.0,1.0,0.025,0.95,1.05,0.0,345,22.0,1188.4,1188,1307,1486,90020,1
90021,80082,1,삼척블루파워#1_GSU,0.000266,0.010648,0.0,0.0,1.0,0.025,0.95,1.05,0.0,345,22.0,1220.9,1221,1343,1526,90021,1
90021,80083,1,삼척블루파워#2_GSU,0.000266,0.010648,0.0,0.0,1.0,0.025,0.95,1.05,0.0,345,22.0,1220.9,1221,1343,1526,90021,1
90022,80084,1,평택화력#1_GSU,0.000799,0.031941,0.0,0.0,1.0,0.025,0.95,1.05,0.0,345,18.0,407.0,407,448,509,90022,1
90022,80085,1,평택화력#2_GSU,0.000799,0.031941,0.0,0.0,1.0,0.025,0.95,1.05,0.0,345,18.0,407.0,407,448,509,90022,1
90022,80086,1,평택화력#3_GSU,0.000799,0.031941,0.0,0.0,1.0,0.025,0.95,1.05,0.0,345,18.0,407.0,407,448,509,90022,1
90022,80087,1,평택화력#4_GSU,0.000799,0.031941,0.0,0.0,1.0,0.025,0.95,1.05,0.0,345,18.0,407.0,407,448,509,90022,1
90022,80088,1,평택화력#5_GSU,0.000582,0.023293,0.0,0.0,1.0,0.025,0.95,1.05,0.0,345,18.0,558.1,558,614,698,90022,1
90022,80089,1,평택화력#6_GSU,0.00072,0.028812,0.0,0.0,1.0,0.025,0.95,1.05,0.0,345,18.0,451.2,451,496,564,90022,1
90023,80090,1,서인천복합#1_GSU,0.000621,0.024842,0.0,0.0,1.0,0.025,0.95,1.05,0.0,345,18.0,523.3,523,576,654,90023,1
90023,80091,1,서인천복합#2_GSU,0.000621,0.024842,0.0,0.0,1.0,0.025,0.95,1.05,0.0,345,18.0,523.3,523,576,654,90023,1
90023,80092,1,서인천복합#3_GSU,0.000621,0.024842,0.0,0.0,1.0,0.025,0.95,1.05,0.0,345,18.0,523.3,523,576,654,90023,1
90023,80093,1,서인천복합#4_GSU,0.000621,0.024842,0.0,0.0,1.0,0.025,0.95,1.05,0.0,345,18.0,523.3,523,576,654,90023,1
90024,80094,1,신인천복합#1_GSU,0.000621,0.024842,0.0,0.0,1.0,0.025,0.95,1.05,0.0,345,18.0,523.3,523,576,654,90024,1
90024,80095,1,신인천복합#2_GSU,0.000621,0.024842,0.0,0.0,1.0,0.025,0.95,1.05,0.0,345,18.0,523.3,523,576,654,90024,1
90024,80096,1,신인천복합#3_GSU,0.000621,0.024842,0.0,0.0,1.0,0.025,0.95,1.05,0.0,345,18.0,523.3,523,576,654,90024,1
90024,80097,1,신인천복합#4_GSU,0.000621,0.024842,0.0,0.0,1.0,0.025,0.95,1.05,0.0,345,18.0,523.3,523,576,654,90024,1
90025,80098,1,인천복합#1_GSU,0.000621,0.024842,0.0,0.0,1.0,0.025,0.95,1.05,0.0,345,18.0,523.3,523,576,654,90025,1
90025,80099,1,인천복합#2_GSU,0.000621,0.024842,0.0,0.0,1.0,0.025,0.95,1.05,0.0,345,18.0,523.3,523,576,654,90025,1
90025,80100,1,인천복합#3_GSU,0.000621,0.024842,0.0,0.0,1.0,0.025,0.95,1.05,0.0,345,18.0,523.3,523,576,654,90025,1
90025,80101,1,인천복합#4_GSU,0.000621,0.024842,0.0,0.0,1.0,0.025,0.95,1.05,0.0,345,18.0,523.3,523,576,654,90025,1
90025,80102,1,인천복합#5_GSU,0.000621,0.024842,0.0,0.0,1.0,0.025,0.95,1.05,0.0,345,18.0,523.3,523,576,654,90025,1
90025,80103,1,인천복합#6_GSU,0.000621,0.024842,0.0,0.0,1.0,0.025,0.95,1.05,0.0,345,18.0,523.3,523,576,654,90025,1
90025,80104,1,인천복합#7_GSU,0.000621,0.024842,0.0,0.0,1.0,0.025,0.95,1.05,0.0,345,18.0,523.3,523,576,654,90025,1
90026,80105,1,보령복합#1_GSU,0.000207,0.008281,0.0,0.0,1.0,0.025,0.95,1.05,0.0,345,18.0,1569.8,1570,1727,1962,90026,1
90026,80106,1,보령복합#2_GSU,0.000207,0.008281,0.0,0.0,1.0,0.025,0.95,1.05,0.0,345,18.0,1569.8,1570,1727,1962,90026,1
90026,80107,1,보령복합#3_GSU,0.000207,0.008281,0.0,0.0,1.0,0.025,0.95,1.05,0.0,345,18.0,1569.8,1570,1727,1962,90026,1
90027,80108,1,분당복합#1_GSU,0.000597,0.023888,0.0,0.0,1.0,0.025,0.95,1.05,0.0,154,18.0,544.2,544,599,680,90027,1
90027,80109,1,분당복합#2_GSU,0.000597,0.023888,0.0,0.0,1.0,0.025,0.95,1.05,0.0,154,18.0,544.2,544,599,680,90027,1
90028,80110,1,일산복합#1_GSU,0.000613,0.024519,0.0,0.0,1.0,0.025,0.95,1.05,0.0,154,18.0,530.2,530,583,663,90028,1
90028,80111,1,일산복합#2_GSU,0.000613,0.024519,0.0,0.0,1.0,0.025,0.95,1.05,0.0,154,18.0,530.2,530,583,663,90028,1
90029,80112,1,울산화력#1_GSU,0.000699,0.027951,0.0,0.0,1.0,0.025,0.95,1.05,0.0,345,18.0,465.1,465,512,581,90029,1
90029,80113,1,울산화력#2_GSU,0.000699,0.027951,0.0,0.0,1.0,0.025,0.95,1.05,0.0,345,18.0,465.1,465,512,581,90029,1
90029,80114,1,울산화력#3_GSU,0.000699,0.027951,0.0,0.0,1.0,0.025,0.95,1.05,0.0,345,18.0,465.1,465,512,581,90029,1
90029,80115,1,울산화력#4_GSU,0.00054,0.021584,0.0,0.0,1.0,0.025,0.95,1.05,0.0,345,18.0,602.3,602,663,753,90029,1
90029,80116,1,울산화력#5_GSU,0.00054,0.021584,0.0,0.0,1.0,0.025,0.95,1.05,0.0,345,18.0,602.3,602,663,753,90029,1
90029,80117,1,울산화력#6_GSU,0.00054,0.021584,0.0,0.0,1.0,0.025,0.95,1.05,0.0,345,18.0,602.3,602,663,753,90029,1
90030,80118,1,군산복합#1_GSU,0.000389,0.015571,0.0,0.0,1.0,0.025,0.95,1.05,0.0,154,18.0,834.9,835,918,1044,90030,1
90031,80119,1,영남복합#1_GSU,0.000587,0.023487,0.0,0.0,1.0,0.025,0.95,1.05,0.0,345,18.0,553.5,554,609,692,90031,1
90032,80120,1,통영에코#1_GSU,0.000552,0.022094,0.0,0.0,1.0,0.025,0.95,1.05,0.0,345,18.0,588.4,588,647,736,90032,1
90032,80121,1,통영에코#2_GSU,0.000552,0.022094,0.0,0.0,1.0,0.025,0.95,1.05,0.0,345,18.0,588.4,588,647,736,90032,1
90033,80122,1,율촌복합#1_GSU,0.000508,0.020328,0.0,0.0,1.0,0.025,0.95,1.05,0.0,345,18.0,639.5,640,703,799,90033,1
90033,80123,1,율촌복합#2_GSU,0.000508,0.020328,0.0,0.0,1.0,0.025,0.95,1.05,0.0,345,18.0,639.5,640,703,799,90033,1
90034,80124,1,당진복합#1_GSU,0.000466,0.018633,0.0,0.0,1.0,0.025,0.95,1.05,0.0,345,18.0,697.7,698,767,872,90034,1
90034,80125,1,당진복합#2_GSU,0.000466,0.018633,0.0,0.0,1.0,0.025,0.95,1.05,0.0,345,18.0,697.7,698,767,872,90034,1
90034,80126,1,당진복합#3_GSU,0.000466,0.018633,0.0,0.0,1.0,0.025,0.95,1.05,0.0,345,18.0,697.7,698,767,872,90034,1
90034,80127,1,당진복합#4_GSU,0.000461,0.018448,0.0,0.0,1.0,0.025,0.95,1.05,0.0,345,18.0,704.7,705,775,881,90034,1
90035,80128,1,포천복합#1_GSU,0.000386,0.015421,0.0,0.0,1.0,0.025,0.95,1.05,0.0,345,18.0,843.0,843,927,1054,90035,1
90035,80129,1,포천복합#2_GSU,0.000386,0.015421,0.0,0.0,1.0,0.025,0.95,1.05,0.0,345,18.0,843.0,843,927,1054,90035,1
90036,80130,1,동두천복합#1_GSU,0.000326,0.01303,0.0,0.0,1.0,0.025,0.95,1.05,0.0,345,18.0,997.7,998,1097,1247,90036,1
90036,80131,1,동두천복합#2_GSU,0.000326,0.01303,0.0,0.0,1.0,0.025,0.95,1.05,0.0,345,18.0,997.7,998,1097,1247,90036,1
90037,80132,1,파주복합#1_GSU,0.000311,0.012422,0.0,0.0,1.0,0.025,0.95,1.05,0.0,345,18.0,1046.5,1046,1151,1308,90037,1
90037,80133,1,파주복합#2_GSU,0.000311,0.012422,0.0,0.0,1.0,0.025,0.95,1.05,0.0,345,18.0,1046.5,1046,1151,1308,90037,1
90038,80134,1,여주복합#1_GSU,0.000294,0.011768,0.0,0.0,1.0,0.025,0.95,1.05,0.0,345,18.0,1104.7,1105,1215,1381,90038,1
90039,80135,1,안양복합#1_GSU,0.00058,0.023194,0.0,0.0,1.0,0.025,0.95,1.05,0.0,154,18.0,560.5,560,617,701,90039,1
90039,80136,1,안양복합#2_GSU,0.00058,0.023194,0.0,0.0,1.0,0.025,0.95,1.05,0.0,154,18.0,560.5,560,617,701,90039,1
90040,80137,1,부천복합#1_GSU,0.000621,0.024842,0.0,0.0,1.0,0.025,0.95,1.05,0.0,154,18.0,523.3,523,576,654,90040,1
90041,80138,1,부산복합#1_GSU,0.000466,0.018633,0.0,0.0,1.0,0.025,0.95,1.05,0.0,345,18.0,697.7,698,767,872,90041,1
90041,80139,1,부산복합#2_GSU,0.000466,0.018633,0.0,0.0,1.0,0.025,0.95,1.05,0.0,345,18.0,697.7,698,767,872,90041,1
90041,80140,1,부산복합#3_GSU,0.000466,0.018633,0.0,0.0,1.0,0.025,0.95,1.05,0.0,345,18.0,697.7,698,767,872,90041,1
90042,80141,1,영월복합#1_GSU,0.00033,0.013185,0.0,0.0,1.0,0.025,0.95,1.05,0.0,345,18.0,986.0,986,1085,1232,90042,1
90043,80142,1,대구복합#1_GSU,0.001397,0.05589,0.0,0.0,1.0,0.025,0.95,1.05,0.0,154,18.0,232.6,233,256,291,90043,1
90044,80143,1,청주복합#1_GSU,0.001397,0.05589,0.0,0.0,1.0,0.025,0.95,1.05,0.0,154,18.0,232.6,233,256,291,90044,1
90045,80144,1,광양#1_GSU,0.001132,0.045265,0.0,0.0,1.0,0.025,0.95,1.05,0.0,345,18.0,287.2,287,316,359,90045,1
90045,80145,1,광양#2_GSU,0.001127,0.045076,0.0,0.0,1.0,0.025,0.95,1.05,0.0,345,18.0,288.4,288,317,360,90045,1
90045,80146,1,광양#3_GSU,0.001132,0.045265,0.0,0.0,1.0,0.025,0.95,1.05,0.0,345,18.0,287.2,287,316,359,90045,1
90045,80147,1,광양#4_GSU,0.001132,0.045265,0.0,0.0,1.0,0.025,0.95,1.05,0.0,345,18.0,287.2,287,316,359,90045,1
90046,80148,1,서울복합#1_GSU,0.000699,0.027951,0.0,0.0,1.0,0.025,0.95,1.05,0.0,345,18.0,465.1,465,512,581,90046,1
90046,80149,1,서울복합#2_GSU,0.000699,0.027951,0.0,0.0,1.0,0.025,0.95,1.05,0.0,345,18.0,465.1,465,512,581,90046,1
90047,80150,1,오성복합#1_GSU,0.00067,0.02681,0.0,0.0,1.0,0.025,0.95,1.05,0.0,154,18.0,484.9,485,533,606,90047,1
90047,80151,1,오성복합#2_GSU,0.000672,0.026876,0.0,0.0,1.0,0.025,0.95,1.05,0.0,154,18.0,483.7,484,532,605,90047,1
90048,80152,1,안산복합#1_GSU,0.00067,0.02681,0.0,0.0,1.0,0.025,0.95,1.05,0.0,345,18.0,484.9,485,533,606,90048,1
90048,80153,1,안산복합#2_GSU,0.00067,0.02681,0.0,0.0,1.0,0.025,0.95,1.05,0.0,345,18.0,484.9,485,533,606,90048,1
90049,80154,1,동탄복합#1_GSU,0.000699,0.027951,0.0,0.0,1.0,0.025,0.95,1.05,0.0,345,18.0,465.1,465,512,581,90049,1
90049,80155,1,동탄복합#2_GSU,0.000699,0.027951,0.0,0.0,1.0,0.025,0.95,1.05,0.0,345,18.0,465.1,465,512,581,90049,1
90050,80156,1,화성복합#1_GSU,0.001164,0.046578,0.0,0.0,1.0,0.025,0.95,1.05,0.0,345,18.0,279.1,279,307,349,90050,1
90050,80157,1,화성복합#2_GSU,0.001164,0.046578,0.0,0.0,1.0,0.025,0.95,1.05,0.0,345,18.0,279.1,279,307,349,90050,1
90051,80158,1,세종복합#1_GSU,0.001055,0.042194,0.0,0.0,1.0,0.025,0.95,1.05,0.0,345,18.0,308.1,308,339,385,90051,1
90051,80159,1,세종복합#2_GSU,0.001055,0.042194,0.0,0.0,1.0,0.025,0.95,1.05,0.0,345,18.0,308.1,308,339,385,90051,1
90052,80160,1,대산복합#1_GSU,0.000699,0.027951,0.0,0.0,1.0,0.025,0.95,1.05,0.0,345,18.0,465.1,465,512,581,90052,1
90052,80161,1,대산복합#2_GSU,0.000699,0.027951,0.0,0.0,1.0,0.025,0.95,1.05,0.0,345,18.0,465.1,465,512,581,90052,1
90052,80162,1,대산복합#3_GSU,0.000678,0.027134,0.0,0.0,1.0,0.025,0.95,1.05,0.0,345,18.0,479.1,479,527,599,90052,1
90053,80163,1,위례복합#1_GSU,0.000621,0.024842,0.0,0.0,1.0,0.025,0.95,1.05,0.0,154,18.0,523.3,523,576,654,90053,1
90054,80164,1,미사복합#1_GSU,0.000998,0.039926,0.0,0.0,1.0,0.025,0.95,1.05,0.0,154,18.0,325.6,326,358,407,90054,1
90055,80165,1,청라복합#1_GSU,0.001397,0.05589,0.0,0.0,1.0,0.025,0.95,1.05,0.0,154,18.0,232.6,233,256,291,90055,1
90056,80166,1,판교복합#1_GSU,0.001815,0.072585,0.0,0.0,1.0,0.025,0.95,1.05,0.0,154,18.0,179.1,179,197,224,90056,1
90057,80167,1,광교복합#1_GSU,0.001928,0.077106,0.0,0.0,1.0,0.025,0.95,1.05,0.0,154,18.0,168.6,169,185,211,90057,1
90058,80168,1,별내복합#1_GSU,0.002149,0.085979,0.0,0.0,1.0,0.025,0.95,1.05,0.0,154,18.0,151.2,151,166,189,90058,1
90059,80169,1,삼송복합#1_GSU,0.002254,0.090153,0.0,0.0,1.0,0.025,0.95,1.05,0.0,154,18.0,144.2,144,159,180,90059,1
90060,80170,1,소양강수력#1_GSU,0.002795,0.11178,0.0,0.0,1.0,0.025,0.95,1.05,0.0,154,13.8,116.3,116,128,145,90060,1
90060,80171,1,소양강수력#2_GSU,0.002795,0.11178,0.0,0.0,1.0,0.025,0.95,1.05,0.0,154,13.8,116.3,116,128,145,90060,1
90061,80172,1,충주수력#1_GSU,0.001357,0.05428,0.0,0.0,1.0,0.025,0.95,1.05,0.0,154,13.8,239.5,240,263,299,90061,1
90061,80173,1,충주수력#2_GSU,0.001357,0.05428,0.0,0.0,1.0,0.025,0.95,1.05,0.0,154,13.8,239.5,240,263,299,90061,1
90062,80174,1,화천수력#1_GSU,0.005175,0.207006,0.0,0.0,1.0,0.025,0.95,1.05,0.0,154,13.8,62.8,63,69,78,90062,1
90062,80175,1,화천수력#2_GSU,0.005175,0.207006,0.0,0.0,1.0,0.025,0.95,1.05,0.0,154,13.8,62.8,63,69,78,90062,1
90063,80176,1,청평수력#1_GSU,0.003993,0.159705,0.0,0.0,1.0,0.025,0.95,1.05,0.0,154,13.8,81.4,81,90,102,90063,1
90063,80177,1,청평수력#2_GSU,0.003993,0.159705,0.0,0.0,1.0,0.025,0.95,1.05,0.0,154,13.8,81.4,81,90,102,90063,1
90064,80178,1,팔당수력#1_GSU,0.006989,0.27957,0.0,0.0,1.0,0.025,0.95,1.05,0.0,154,13.8,46.5,46,51,58,90064,1
90064,80179,1,팔당수력#2_GSU,0.006989,0.27957,0.0,0.0,1.0,0.025,0.95,1.05,0.0,154,13.8,46.5,46,51,58,90064,1
90064,80180,1,팔당수력#3_GSU,0.006989,0.27957,0.0,0.0,1.0,0.025,0.95,1.05,0.0,154,13.8,46.5,46,51,58,90064,1
90065,80181,1,안동수력#1_GSU,0.006214,0.248566,0.0,0.0,1.0,0.025,0.95,1.05,0.0,154,13.8,52.3,52,58,65,90065,1
90065,80182,1,안동수력#2_GSU,0.006214,0.248566,0.0,0.0,1.0,0.025,0.95,1.05,0.0,154,13.8,52.3,52,58,65,90065,1
90066,80183,1,임하수력#1_GSU,0.011168,0.446735,0.0,0.0,1.0,0.025,0.95,1.05,0.0,154,11.0,29.1,29,32,36,90066,1
90066,80184,1,임하수력#2_GSU,0.011168,0.446735,0.0,0.0,1.0,0.025,0.95,1.05,0.0,154,11.0,29.1,29,32,36,90066,1
90067,80185,1,합천수력#1_GSU,0.005594,0.223752,0.0,0.0,1.0,0.025,0.95,1.05,0.0,154,13.8,58.1,58,64,73,90067,1
90067,80186,1,합천수력#2_GSU,0.005594,0.223752,0.0,0.0,1.0,0.025,0.95,1.05,0.0,154,13.8,58.1,58,64,73,90067,1
90068,80187,1,강릉수력#1_GSU,0.006813,0.272537,0.0,0.0,1.0,0.025,0.95,1.05,0.0,154,13.8,47.7,48,52,60,90068,1
90068,80188,1,강릉수력#2_GSU,0.006813,0.272537,0.0,0.0,1.0,0.025,0.95,1.05,0.0,154,13.8,47.7,48,52,60,90068,1
90069,80189,1,춘천수력#1_GSU,0.009028,0.361111,0.0,0.0,1.0,0.025,0.95,1.05,0.0,154,13.8,36.0,36,40,45,90069,1
90069,80190,1,춘천수력#2_GSU,0.009028,0.361111,0.0,0.0,1.0,0.025,0.95,1.05,0.0,154,13.8,36.0,36,40,45,90069,1
90070,80191,1,의암수력#1_GSU,0.011649,0.46595,0.0,0.0,1.0,0.025,0.95,1.05,0.0,154,11.0,27.9,28,31,35,90070,1
90070,80192,1,의암수력#2_GSU,0.011649,0.46595,0.0,0.0,1.0,0.025,0.95,1.05,0.0,154,11.0,27.9,28,31,35,90070,1
90071,80193,1,섬진강수력#1_GSU,0.016414,0.656566,0.0,0.0,1.0,0.025,0.95,1.05,0.0,154,11.0,19.8,20,22,25,90071,1
90071,80194,1,섬진강수력#2_GSU,0.016414,0.656566,0.0,0.0,1.0,0.025,0.95,1.05,0.0,154,11.0,19.8,20,22,25,90071,1
90072,80195,1,대청수력#1_GSU,0.006214,0.248566,0.0,0.0,1.0,0.025,0.95,1.05,0.0,154,13.8,52.3,52,58,65,90072,1
90072,80196,1,대청수력#2_GSU,0.006214,0.248566,0.0,0.0,1.0,0.025,0.95,1.05,0.0,154,13.8,52.3,52,58,65,90072,1
90073,80197,1,남강수력#1_GSU,0.019939,0.797546,0.0,0.0,1.0,0.025,0.95,1.05,0.0,154,11.0,16.3,16,18,20,90073,1
90074,80198,1,주암수력#1_GSU,0.012405,0.496183,0.0,0.0,1.0,0.025,0.95,1.05,0.0,154,11.0,26.2,26,29,33,90074,1
90075,80199,1,괴산수력#1_GSU,0.108333,4.333333,0.0,0.0,1.0,0.025,0.95,1.05,0.0,154,11.0,3.0,3,3,4,90075,1
90076,80200,1,청평양수#1_GSU,0.001397,0.05589,0.0,0.0,1.0,0.025,0.95,1.05,0.0,345,18.0,232.6,233,256,291,90076,1
90076,80201,1,청평양수#2_GSU,0.001397,0.05589,0.0,0.0,1.0,0.025,0.95,1.05,0.0,345,18.0,232.6,233,256,291,90076,1
90077,80202,1,삼랑진양수#1_GSU,0.000932,0.037271,0.0,0.0,1.0,0.025,0.95,1.05,0.0,154,18.0,348.8,349,384,436,90077,1
90077,80203,1,삼랑진양수#2_GSU,0.000932,0.037271,0.0,0.0,1.0,0.025,0.95,1.05,0.0,154,18.0,348.8,349,384,436,90077,1
90078,80204,1,무주양수#1_GSU,0.000932,0.037271,0.0,0.0,1.0,0.025,0.95,1.05,0.0,345,18.0,348.8,349,384,436,90078,1
90078,80205,1,무주양수#2_GSU,0.000932,0.037271,0.0,0.0,1.0,0.025,0.95,1.05,0.0,345,18.0,348.8,349,384,436,90078,1
90079,80206,1,산청양수#1_GSU,0.000799,0.031941,0.0,0.0,1.0,0.025,0.95,1.05,0.0,345,18.0,407.0,407,448,509,90079,1
90079,80207,1,산청양수#2_GSU,0.000799,0.031941,0.0,0.0,1.0,0.025,0.95,1.05,0.0,345,18.0,407.0,407,448,509,90079,1
90080,80208,1,양양양수#1_GSU,0.001118,0.04472,0.0,0.0,1.0,0.025,0.95,1.05,0.0,345,18.0,290.7,291,320,363,90080,1
90080,80209,1,양양양수#2_GSU,0.001118,0.04472,0.0,0.0,1.0,0.025,0.95,1.05,0.0,345,18.0,290.7,291,320,363,90080,1
90080,80210,1,양양양수#3_GSU,0.001118,0.04472,0.0,0.0,1.0,0.025,0.95,1.05,0.0,345,18.0,290.7,291,320,363,90080,1
90080,80211,1,양양양수#4_GSU,0.001118,0.04472,0.0,0.0,1.0,0.025,0.95,1.05,0.0,345,18.0,290.7,291,320,363,90080,1
90081,80212,1,청송양수#1_GSU,0.000932,0.037271,0.0,0.0,1.0,0.025,0.95,1.05,0.0,345,18.0,348.8,349,384,436,90081,1
90081,80213,1,청송양수#2_GSU,0.000932,0.037271,0.0,0.0,1.0,0.025,0.95,1.05,0.0,345,18.0,348.8,349,384,436,90081,1
90082,80214,1,예천양수#1_GSU,0.000699,0.027951,0.0,0.0,1.0,0.025,0.95,1.05,0.0,345,18.0,465.1,465,512,581,90082,1
90082,80215,1,예천양수#2_GSU,0.000699,0.027951,0.0,0.0,1.0,0.025,0.95,1.05,0.0,345,18.0,465.1,465,512,581,90082,1
90083,80216,1,남제주화력#1_GSU,0.002795,0.11178,0.0,0.0,1.0,0.025,0.95,1.05,0.0,154,18.0,116.3,116,128,145,90083,1
90083,80217,1,남제주화력#2_GSU,0.002795,0.11178,0.0,0.0,1.0,0.025,0.95,1.05,0.0,154,18.0,116.3,116,128,145,90083,1
90084,80218,1,제주LNG복합#1_GSU,0.00233,0.09319,0.0,0.0,1.0,0.025,0.95,1.05,0.0,154,18.0,139.5,140,153,174,90084,1
90084,80219,1,제주LNG복합#2_GSU,0.00233,0.09319,0.0,0.0,1.0,0.025,0.95,1.05,0.0,154,18.0,139.5,140,153,174,90084,1
90085,80220,1,한림복합#1_GSU,0.002662,0.10647,0.0,0.0,1.0,0.025,0.95,1.05,0.0,154,18.0,122.1,122,134,153,90085,1
90086,80221,1,제주내연#1_GSU,0.006989,0.27957,0.0,0.0,1.0,0.025,0.95,1.05,0.0,154,18.0,46.5,46,51,58,90086,1
90086,80222,1,제주내연#2_GSU,0.006989,0.27957,0.0,0.0,1.0,0.025,0.95,1.05,0.0,154,18.0,46.5,46,51,58,90086,1
90086,80223,1,제주내연#3_GSU,0.006989,0.27957,0.0,0.0,1.0,0.025,0.95,1.05,0.0,154,18.0,46.5,46,51,58,90086,1
40000,70000,M1,순천T1_MTr1,0.012,0.242,0.0,0.0,0.98,0.01,0.9,1.1,0.0,154,22.9,60.0,60,72,78,70000,1
40000,70000,M2,순천T1_MTr2,0.012,0.242,0.0,0.0,0.98,0.01,0.9,1.1,0.0,154,22.9,60.0,60,72,78,70000,1
40000,70000,M3,순천T1_MTr3,0.012,0.242,0.0,0.0,0.98,0.01,0.9,1.1,0.0,154,22.9,60.0,60,72,78,70000,1
40000,70000,M4,순천T1_MTr4,0.012,0.242,0.0,0.0,0.98,0.01,0.9,1.1,0.0,154,22.9,60.0,60,72,78,70000,1
40001,70001,M1,화양_MTr1,0.012,0.242,0.0,0.0,0.99,0.01,0.9,1.1,0.0,154,22.9,60.0,60,72,78,70001,1
40001,70001,M2,화양_MTr2,0.012,0.242,0.0,0.0,0.99,0.01,0.9,1.1,0.0,154,22.9,60.0,60,72,78,70001,1
40001,70001,M3,화양_MTr3,0.012,0.242,0.0,0.0,0.99,0.01,0.9,1.1,0.0,154,22.9,60.0,60,72,78,70001,1
40002,70002,M1,구의_MTr1,0.012,0.242,0.0,0.0,0.99,0.01,0.9,1.1,0.0,154,22.9,60.0,60,72,78,70002,1
40002,70002,M2,구의_MTr2,0.012,0.242,0.0,0.0,0.99,0.01,0.9,1.1,0.0,154,22.9,60.0,60,72,78,70002,1
40002,70002,M3,구의_MTr3,0.012,0.242,0.0,0.0,0.99,0.01,0.9,1.1,0.0,154,22.9,60.0,60,72,78,70002,1
40003,70003,M1,논현_MTr1,0.012,0.242,0.0,0.0,0.99,0.01,0.9,1.1,0.0,154,22.9,60.0,60,72,78,70003,1
40003,70003,M2,논현_MTr2,0.012,0.242,0.0,0.0,0.99,0.01,0.9,1.1,0.0,154,22.9,60.0,60,72,78,70003,1
40003,70003,M3,논현_MTr3,0.012,0.242,0.0,0.0,0.99,0.01,0.9,1.1,0.0,154,22.9,60.0,60,72,78,70003,1
40004,70004,M1,논일_MTr1,0.012,0.242,0.0,0.0,0.99,0.01,0.9,1.1,0.0,154,22.9,60.0,60,72,78,70004,1
40004,70004,M2,논일_MTr2,0.012,0.242,0.0,0.0,0.99,0.01,0.9,1.1,0.0,154,22.9,60.0,60,72,78,70004,1
40004,70004,M3,논일_MTr3,0.012,0.242,0.0,0.0,0.99,0.01,0.9,1.1,0.0,154,22.9,60.0,60,72,78,70004,1
40005,70005,M1,역삼_MTr1,0.012,0.242,0.0,0.0,0.99,0.01,0.9,1.1,0.0,154,22.9,60.0,60,72,78,70005,1
40005,70005,M2,역삼_MTr2,0.012,0.242,0.0,0.0,0.99,0.01,0.9,1.1,0.0,154,22.9,60.0,60,72,78,70005,1
40005,70005,M3,역삼_MTr3,0.012,0.242,0.0,0.0,0.99,0.01,0.9,1.1,0.0,154,22.9,60.0,60,72,78,70005,1
40005,70005,M4,역삼_MTr4,0.012,0.242,0.0,0.0,0.99,0.01,0.9,1.1,0.0,154,22.9,60.0,60,72,78,70005,1
40006,70006,M1,선릉_MTr1,0.012,0.242,0.0,0.0,0.99,0.01,0.9,1.1,0.0,154,22.9,60.0,60,72,78,70006,1
40006,70006,M2,선릉_MTr2,0.012,0.242,0.0,0.0,0.99,0.01,0.9,1.1,0.0,154,22.9,60.0,60,72,78,70006,1
40006,70006,M3,선릉_MTr3,0.012,0.242,0.0,0.0,0.99,0.01,0.9,1.1,0.0,154,22.9,60.0,60,72,78,70006,1
40006,70006,M4,선릉_MTr4,0.012,0.242,0.0,0.0,0.99,0.01,0.9,1.1,0.0,154,22.9,60.0,60,72,78,70006,1
40007,70007,M1,양지_MTr1,0.012,0.242,0.0,0.0,0.99,0.01,0.9,1.1,0.0,154,22.9,60.0,60,72,78,70007,1
40007,70007,M2,양지_MTr2,0.012,0.242,0.0,0.0,0.99,0.01,0.9,1.1,0.0,154,22.9,60.0,60,72,78,70007,1
40007,70007,M3,양지_MTr3,0.012,0.242,0.0,0.0,0.99,0.01,0.9,1.1,0.0,154,22.9,60.0,60,72,78,70007,1
40008,70008,M1,서초_MTr1,0.012,0.242,0.0,0.0,0.99,0.01,0.9,1.1,0.0,154,22.9,60.0,60,72,78,70008,1
40008,70008,M2,서초_MTr2,0.012,0.242,0.0,0.0,0.99,0.01,0.9,1.1,0.0,154,22.9,60.0,60,72,78,70008,1
40008,70008,M3,서초_MTr3,0.012,0.242,0.0,0.0,0.99,0.01,0.9,1.1,0.0,154,22.9,60.0,60,72,78,70008,1
40009,70009,M1,도곡_MTr1,0.012,0.242,0.0,0.0,0.99,0.01,0.9,1.1,0.0,154,22.9,60.0,60,72,78,70009,1
40009,70009,M2,도곡_MTr2,0.012,0.242,0.0,0.0,0.99,0.01,0.9,1.1,0.0,154,22.9,60.0,60,72,78,70009,1
40009,70009,M3,도곡_MTr3,0.012,0.242,0.0,0.0,0.99,0.01,0.9,1.1,0.0,154,22.9,60.0,60,72,78,70009,1
40009,70009,M4,도곡_MTr4,0.012,0.242,0.0,0.0,0.99,0.01,0.9,1.1,0.0,154,22.9,60.0,60,72,78,70009,1
40010,70010,M1,교대_MTr1,0.012,0.242,0.0,0.0,0.99,0.01,0.9,1.1,0.0,154,22.9,60.0,60,72,78,70010,1
40010,70010,M2,교대_MTr2,0.012,0.242,0.0,0.0,0.99,0.01,0.9,1.1,0.0,154,22.9,60.0,60,72,78,70010,1
40010,70010,M3,교대_MTr3,0.012,0.242,0.0,0.0,0.99,0.01,0.9,1.1,0.0,154,22.9,60.0,60,72,78,70010,1
40011,70011,M1,대치_MTr1,0.012,0.242,0.0,0.0,0.99,0.01,0.9,1.1,0.0,154,22.9,60.0,60,72,78,70011,1
40011,70011,M2,대치_MTr2,0.012,0.242,0.0,0.0,0.99,0.01,0.9,1.1,0.0,154,22.9,60.0,60,72,78,70011,1
40011,70011,M3,대치_MTr3,0.012,0.242,0.0,0.0,0.99,0.01,0.9,1.1,0.0,154,22.9,60.0,60,72,78,70011,1
40012,70012,M1,가락_MTr1,0.012,0.242,0.0,0.0,0.99,0.01,0.9,1.1,0.0,154,22.9,60.0,60,72,78,70012,1
40012,70012,M2,가락_MTr2,0.012,0.242,0.0,0.0,0.99,0.01,0.9,1.1,0.0,154,22.9,60.0,60,72,78,70012,1
40012,70012,M3,가락_MTr3,0.012,0.242,0.0,0.0,0.99,0.01,0.9,1.1,0.0,154,22.9,60.0,60,72,78,70012,1
40012,70012,M4,가락_MTr4,0.012,0.242,0.0,0.0,0.99,0.01,0.9,1.1,0.0,154,22.9,60.0,60,72,78,70012,1
40013,70013,M1,천호_MTr1,0.012,0.242,0.0,0.0,0.99,0.01,0.9,1.1,0.0,154,22.9,60.0,60,72,78,70013,1
40013,70013,M2,천호_MTr2,0.012,0.242,0.0,0.0,0.99,0.01,0.9,1.1,0.0,154,22.9,60.0,60,72,78,70013,1
40013,70013,M3,천호_MTr3,0.012,0.242,0.0,0.0,0.99,0.01,0.9,1.1,0.0,154,22.9,60.0,60,72,78,70013,1
40013,70013,M4,천호_MTr4,0.012,0.242,0.0,0.0,0.99,0.01,0.9,1.1,0.0,154,22.9,60.0,60,72,78,70013,1
40014,70014,M1,풍납_MTr1,0.012,0.242,0.0,0.0,0.99,0.01,0.9,1.1,0.0,154,22.9,60.0,60,72,78,70014,1
40014,70014,M2,풍납_MTr2,0.012,0.242,0.0,0.0,0.99,0.01,0.9,1.1,0.0,154,22.9,60.0,60,72,78,70014,1
40014,70014,M3,풍납_MTr3,0.012,0.242,0.0,0.0,0.99,0.01,0.9,1.1,0.0,154,22.9,60.0,60,72,78,70014,1
40014,70014,M4,풍납_MTr4,0.012,0.242,0.0,0.0,0.99,0.01,0.9,1.1,0.0,154,22.9,60.0,60,72,78,70014,1
40015,70015,M1,독산_MTr1,0.012,0.242,0.0,0.0,0.99,0.01,0.9,1.1,0.0,154,22.9,60.0,60,72,78,70015,1
40015,70015,M2,독산_MTr2,0.012,0.242,0.0,0.0,0.99,0.01,0.9,1.1,0.0,154,22.9,60.0,60,72,78,70015,1
40015,70015,M3,독산_MTr3,0.012,0.242,0.0,0.0,0.99,0.01,0.9,1.1,0.0,154,22.9,60.0,60,72,78,70015,1
40016,70016,M1,봉천_MTr1,0.012,0.242,0.0,0.0,0.99,0.01,0.9,1.1,0.0,154,22.9,60.0,60,72,78,70016,1
40016,70016,M2,봉천_MTr2,0.012,0.242,0.0,0.0,0.99,0.01,0.9,1.1,0.0,154,22.9,60.0,60,72,78,70016,1
40016,70016,M3,봉천_MTr3,0.012,0.242,0.0,0.0,0.99,0.01,0.9,1.1,0.0,154,22.9,60.0,60,72,78,70016,1
40017,70017,M1,대림_MTr1,0.012,0.242,0.0,0.0,1.0,0.01,0.9,1.1,0.0,154,22.9,60.0,60,72,78,70017,1
40017,70017,M2,대림_MTr2,0.012,0.242,0.0,0.0,1.0,0.01,0.9,1.1,0.0,154,22.9,60.0,60,72,78,70017,1
40017,70017,M3,대림_MTr3,0.012,0.242,0.0,0.0,1.0,0.01,0.9,1.1,0.0,154,22.9,60.0,60,72,78,70017,1
40018,70018,M1,마곡_MTr1,0.012,0.242,0.0,0.0,0.99,0.01,0.9,1.1,0.0,154,22.9,60.0,60,72,78,70018,1
40018,70018,M2,마곡_MTr2,0.012,0.242,0.0,0.0,0.99,0.01,0.9,1.1,0.0,154,22.9,60.0,60,72,78,70018,1
40018,70018,M3,마곡_MTr3,0.012,0.242,0.0,0.0,0.99,0.01,0.9,1.1,0.0,154,22.9,60.0,60,72,78,70018,1
40019,70019,M1,등촌_MTr1,0.012,0.242,0.0,0.0,0.99,0.01,0.9,1.1,0.0,154,22.9,60.0,60,72,78,70019,1
40019,70019,M2,등촌_MTr2,0.012,0.242,0.0,0.0,0.99,0.01,0.9,1.1,0.0,154,22.9,60.0,60,72,78,70019,1
40019,70019,M3,등촌_MTr3,0.012,0.242,0.0,0.0,0.99,0.01,0.9,1.1,0.0,154,22.9,60.0,60,72,78,70019,1
40020,70020,M1,순화_MTr1,0.012,0.242,0.0,0.0,0.99,0.01,0.9,1.1,0.0,154,22.9,60.0,60,72,78,70020,1
40020,70020,M2,순화_MTr2,0.012,0.242,0.0,0.0,0.99,0.01,0.9,1.1,0.0,154,22.9,60.0,60,72,78,70020,1
40020,70020,M3,순화_MTr3,0.012,0.242,0.0,0.0,0.99,0.01,0.9,1.1,0.0,154,22.9,60.0,60,72,78,70020,1
40021,70021,M1,녹번_MTr1,0.012,0.242,0.0,0.0,1.0,0.01,0.9,1.1,0.0,154,22.9,60.0,60,72,78,70021,1
40021,70021,M2,녹번_MTr2,0.012,0.242,0.0,0.0,1.0,0.01,0.9,1.1,0.0,154,22.9,60.0,60,72,78,70021,1
40021,70021,M3,녹번_MTr3,0.012,0.242,0.0,0.0,1.0,0.01,0.9,1.1,0.0,154,22.9,60.0,60,72,78,70021,1
40023,70022,M1,노들_MTr1,0.012,0.242,0.0,0.0,0.99,0.01,0.9,1.1,0.0,154,22.9,60.0,60,72,78,70022,1
40023,70022,M2,노들_MTr2,0.012,0.242,0.0,0.0,0.99,0.01,0.9,1.1,0.0,154,22.9,60.0,60,72,78,70022,1
40023,70022,M3,노들_MTr3,0.012,0.242,0.0,0.0,0.99,0.01,0.9,1.1,0.0,154,22.9,60.0,60,72,78,70022,1
40024,70023,M1,영오_MTr1,0.012,0.242,0.0,0.0,0.99,0.01,0.9,1.1,0.0,154,22.9,60.0,60,72,78,70023,1
40024,70023,M2,영오_MTr2,0.012,0.242,0.0,0.0,0.99,0.01,0.9,1.1,0.0,154,22.9,60.0,60,72,78,70023,1
40024,70023,M3,영오_MTr3,0.012,0.242,0.0,0.0,0.99,0.01,0.9,1.1,0.0,154,22.9,60.0,60,72,78,70023,1
40025,70024,M1,여의_MTr1,0.012,0.242,0.0,0.0,0.99,0.01,0.9,1.1,0.0,154,22.9,60.0,60,72,78,70024,1
40025,70024,M2,여의_MTr2,0.012,0.242,0.0,0.0,0.99,0.01,0.9,1.1,0.0,154,22.9,60.0,60,72,78,70024,1
40025,70024,M3,여의_MTr3,0.012,0.242,0.0,0.0,0.99,0.01,0.9,1.1,0.0,154,22.9,60.0,60,72,78,70024,1
40026,70025,M1,마포_MTr1,0.012,0.242,0.0,0.0,0.99,0.01,0.9,1.1,0.0,154,22.9,60.0,60,72,78,70025,1
40026,70025,M2,마포_MTr2,0.012,0.242,0.0,0.0,0.99,0.01,0.9,1.1,0.0,154,22.9,60.0,60,72,78,70025,1
40026,70025,M3,마포_MTr3,0.012,0.242,0.0,0.0,0.99,0.01,0.9,1.1,0.0,154,22.9,60.0,60,72,78,70025,1
40027,70026,M1,상봉_MTr1,0.012,0.242,0.0,0.0,0.99,0.01,0.9,1.1,0.0,154,22.9,60.0,60,72,78,70026,1
40027,70026,M2,상봉_MTr2,0.012,0.242,0.0,0.0,0.99,0.01,0.9,1.1,0.0,154,22.9,60.0,60,72,78,70026,1
40027,70026,M3,상봉_MTr3,0.012,0.242,0.0,0.0,0.99,0.01,0.9,1.1,0.0,154,22.9,60.0,60,72,78,70026,1
40028,70027,M1,중계_MTr1,0.012,0.242,0.0,0.0,0.99,0.01,0.9,1.1,0.0,154,22.9,60.0,60,72,78,70027,1
40028,70027,M2,중계_MTr2,0.012,0.242,0.0,0.0,0.99,0.01,0.9,1.1,0.0,154,22.9,60.0,60,72,78,70027,1
40028,70027,M3,중계_MTr3,0.012,0.242,0.0,0.0,0.99,0.01,0.9,1.1,0.0,154,22.9,60.0,60,72,78,70027,1
40028,70027,M4,중계_MTr4,0.012,0.242,0.0,0.0,0.99,0.01,0.9,1.1,0.0,154,22.9,60.0,60,72,78,70027,1
40029,70028,M1,석촌_MTr1,0.012,0.242,0.0,0.0,0.99,0.01,0.9,1.1,0.0,154,22.9,60.0,60,72,78,70028,1
40029,70028,M2,석촌_MTr2,0.012,0.242,0.0,0.0,0.99,0.01,0.9,1.1,0.0,154,22.9,60.0,60,72,78,70028,1
40029,70028,M3,석촌_MTr3,0.012,0.242,0.0,0.0,0.99,0.01,0.9,1.1,0.0,154,22.9,60.0,60,72,78,70028,1
40029,70028,M4,석촌_MTr4,0.012,0.242,0.0,0.0,0.99,0.01,0.9,1.1,0.0,154,22.9,60.0,60,72,78,70028,1
40030,70029,M1,신당_MTr1,0.012,0.242,0.0,0.0,0.99,0.01,0.9,1.1,0.0,154,22.9,60.0,60,72,78,70029,1
40030,70029,M2,신당_MTr2,0.012,0.242,0.0,0.0,0.99,0.01,0.9,1.1,0.0,154,22.9,60.0,60,72,78,70029,1
40030,70029,M3,신당_MTr3,0.012,0.242,0.0,0.0,0.99,0.01,0.9,1.1,0.0,154,22.9,60.0,60,72,78,70029,1
40031,70030,M1,방산_MTr1,0.012,0.242,0.0,0.0,0.99,0.01,0.9,1.1,0.0,154,22.9,60.0,60,72,78,70030,1
40031,70030,M2,방산_MTr2,0.012,0.242,0.0,0.0,0.99,0.01,0.9,1.1,0.0,154,22.9,60.0,60,72,78,70030,1
40031,70030,M3,방산_MTr3,0.012,0.242,0.0,0.0,0.99,0.01,0.9,1.1,0.0,154,22.9,60.0,60,72,78,70030,1
40032,70031,M1,서대문_MTr1,0.012,0.242,0.0,0.0,0.99,0.01,0.9,1.1,0.0,154,22.9,60.0,60,72,78,70031,1
40032,70031,M2,서대문_MTr2,0.012,0.242,0.0,0.0,0.99,0.01,0.9,1.1,0.0,154,22.9,60.0,60,72,78,70031,1
40032,70031,M3,서대문_MTr3,0.012,0.242,0.0,0.0,0.99,0.01,0.9,1.1,0.0,154,22.9,60.0,60,72,78,70031,1
40032,70031,M4,서대문_MTr4,0.012,0.242,0.0,0.0,0.99,0.01,0.9,1.1,0.0,154,22.9,60.0,60,72,78,70031,1
40033,70032,M1,용두_MTr1,0.012,0.242,0.0,0.0,0.99,0.01,0.9,1.1,0.0,154,22.9,60.0,60,72,78,70032,1
40033,70032,M2,용두_MTr2,0.012,0.242,0.0,0.0,0.99,0.01,0.9,1.1,0.0,154,22.9,60.0,60,72,78,70032,1
40033,70032,M3,용두_MTr3,0.012,0.242,0.0,0.0,0.99,0.01,0.9,1.1,0.0,154,22.9,60.0,60,72,78,70032,1
40034,70033,M1,돈암_MTr1,0.012,0.242,0.0,0.0,0.99,0.01,0.9,1.1,0.0,154,22.9,60.0,60,72,78,70033,1
40034,70033,M2,돈암_MTr2,0.012,0.242,0.0,0.0,0.99,0.01,0.9,1.1,0.0,154,22.9,60.0,60,72,78,70033,1
40034,70033,M3,돈암_MTr3,0.012,0.242,0.0,0.0,0.99,0.01,0.9,1.1,0.0,154,22.9,60.0,60,72,78,70033,1
40035,70034,M1,이수_MTr1,0.012,0.242,0.0,0.0,0.99,0.01,0.9,1.1,0.0,154,22.9,60.0,60,72,78,70034,1
40035,70034,M2,이수_MTr2,0.012,0.242,0.0,0.0,0.99,0.01,0.9,1.1,0.0,154,22.9,60.0,60,72,78,70034,1
40035,70034,M3,이수_MTr3,0.012,0.242,0.0,0.0,0.99,0.01,0.9,1.1,0.0,154,22.9,60.0,60,72,78,70034,1
40036,70035,M1,중앙_MTr1,0.012,0.242,0.0,0.0,0.99,0.01,0.9,1.1,0.0,154,22.9,60.0,60,72,78,70035,1
40036,70035,M2,중앙_MTr2,0.012,0.242,0.0,0.0,0.99,0.01,0.9,1.1,0.0,154,22.9,60.0,60,72,78,70035,1
40036,70035,M3,중앙_MTr3,0.012,0.242,0.0,0.0,0.99,0.01,0.9,1.1,0.0,154,22.9,60.0,60,72,78,70035,1
40037,70036,M1,운니_MTr1,0.012,0.242,0.0,0.0,0.99,0.01,0.9,1.1,0.0,154,22.9,60.0,60,72,78,70036,1
40037,70036,M2,운니_MTr2,0.012,0.242,0.0,0.0,0.99,0.01,0.9,1.1,0.0,154,22.9,60.0,60,72,78,70036,1
40037,70036,M3,운니_MTr3,0.012,0.242,0.0,0.0,0.99,0.01,0.9,1.1,0.0,154,22.9,60.0,60,72,78,70036,1
40038,70037,M1,원남_MTr1,0.012,0.242,0.0,0.0,0.99,0.01,0.9,1.1,0.0,154,22.9,60.0,60,72,78,70037,1
40038,70037,M2,원남_MTr2,0.012,0.242,0.0,0.0,0.99,0.01,0.9,1.1,0.0,154,22.9,60.0,60,72,78,70037,1
40038,70037,M3,원남_MTr3,0.012,0.242,0.0,0.0,0.99,0.01,0.9,1.1,0.0,154,22.9,60.0,60,72,78,70037,1
40039,70038,M1,방학_MTr1,0.012,0.242,0.0,0.0,0.99,0.01,0.9,1.1,0.0,154,22.9,60.0,60,72,78,70038,1
40039,70038,M2,방학_MTr2,0.012,0.242,0.0,0.0,0.99,0.01,0.9,1.1,0.0,154,22.9,60.0,60,72,78,70038,1
40039,70038,M3,방학_MTr3,0.012,0.242,0.0,0.0,0.99,0.01,0.9,1.1,0.0,154,22.9,60.0,60,72,78,70038,1
40039,70038,M4,방학_MTr4,0.012,0.242,0.0,0.0,0.99,0.01,0.9,1.1,0.0,154,22.9,60.0,60,72,78,70038,1
40040,70039,M1,연대_MTr1,0.012,0.242,0.0,0.0,0.99,0.01,0.9,1.1,0.0,154,22.9,60.0,60,72,78,70039,1
40040,70039,M2,연대_MTr2,0.012,0.242,0.0,0.0,0.99,0.01,0.9,1.1,0.0,154,22.9,60.0,60,72,78,70039,1
40040,70039,M3,연대_MTr3,0.012,0.242,0.0,0.0,0.99,0.01,0.9,1.1,0.0,154,22.9,60.0,60,72,78,70039,1
40041,70040,M1,강남_MTr1,0.012,0.242,0.0,0.0,0.99,0.01,0.9,1.1,0.0,154,22.9,60.0,60,72,78,70040,1
40041,70040,M2,강남_MTr2,0.012,0.242,0.0,0.0,0.99,0.01,0.9,1.1,0.0,154,22.9,60.0,60,72,78,70040,1
40041,70040,M3,강남_MTr3,0.012,0.242,0.0,0.0,0.99,0.01,0.9,1.1,0.0,154,22.9,60.0,60,72,78,70040,1
40042,70041,M1,중동_MTr1,0.012,0.242,0.0,0.0,1.0,0.01,0.9,1.1,0.0,154,22.9,60.0,60,72,78,70041,1
40042,70041,M2,중동_MTr2,0.012,0.242,0.0,0.0,1.0,0.01,0.9,1.1,0.0,154,22.9,60.0,60,72,78,70041,1
40042,70041,M3,중동_MTr3,0.012,0.242,0.0,0.0,1.0,0.01,0.9,1.1,0.0,154,22.9,60.0,60,72,78,70041,1
40043,70042,M1,공평_MTr1,0.012,0.242,0.0,0.0,1.0,0.01,0.9,1.1,0.0,154,22.9,60.0,60,72,78,70042,1
40043,70042,M2,공평_MTr2,0.012,0.242,0.0,0.0,1.0,0.01,0.9,1.1,0.0,154,22.9,60.0,60,72,78,70042,1
40043,70042,M3,공평_MTr3,0.012,0.242,0.0,0.0,1.0,0.01,0.9,1.1,0.0,154,22.9,60.0,60,72,78,70042,1
40044,70043,M1,전주_MTr1,0.012,0.242,0.0,0.0,0.99,0.01,0.9,1.1,0.0,154,22.9,60.0,60,72,78,70043,1
40044,70043,M2,전주_MTr2,0.012,0.242,0.0,0.0,0.99,0.01,0.9,1.1,0.0,154,22.9,60.0,60,72,78,70043,1
40044,70043,M3,전주_MTr3,0.012,0.242,0.0,0.0,0.99,0.01,0.9,1.1,0.0,154,22.9,60.0,60,72,78,70043,1
40044,70043,M4,전주_MTr4,0.012,0.242,0.0,0.0,0.99,0.01,0.9,1.1,0.0,154,22.9,60.0,60,72,78,70043,1
40045,70044,M1,동대전_MTr1,0.012,0.242,0.0,0.0,0.99,0.01,0.9,1.1,0.0,154,22.9,60.0,60,72,78,70044,1
40045,70044,M2,동대전_MTr2,0.012,0.242,0.0,0.0,0.99,0.01,0.9,1.1,0.0,154,22.9,60.0,60,72,78,70044,1
40045,70044,M3,동대전_MTr3,0.012,0.242,0.0,0.0,0.99,0.01,0.9,1.1,0.0,154,22.9,60.0,60,72,78,70044,1
40046,70045,M1,거창_MTr1,0.012,0.242,0.0,0.0,1.0,0.01,0.9,1.1,0.0,154,22.9,60.0,60,72,78,70045,1
40046,70045,M2,거창_MTr2,0.012,0.242,0.0,0.0,1.0,0.01,0.9,1.1,0.0,154,22.9,60.0,60,72,78,70045,1
40046,70045,M3,거창_MTr3,0.012,0.242,0.0,0.0,1.0,0.01,0.9,1.1,0.0,154,22.9,60.0,60,72,78,70045,1
40047,70046,M1,내당_MTr1,0.012,0.242,0.0,0.0,1.01,0.01,0.9,1.1,0.0,154,22.9,60.0,60,72,78,70046,1
40047,70046,M2,내당_MTr2,0.012,0.242,0.0,0.0,1.01,0.01,0.9,1.1,0.0,154,22.9,60.0,60,72,78,70046,1
40047,70046,M3,내당_MTr3,0.012,0.242,0.0,0.0,1.01,0.01,0.9,1.1,0.0,154,22.9,60.0,60,72,78,70046,1
40050,70047,M1,탕정_MTr1,0.012,0.242,0.0,0.0,0.99,0.01,0.9,1.1,0.0,154,22.9,60.0,60,72,78,70047,1
40050,70047,M2,탕정_MTr2,0.012,0.242,0.0,0.0,0.99,0.01,0.9,1.1,0.0,154,22.9,60.0,60,72,78,70047,1
40050,70047,M3,탕정_MTr3,0.012,0.242,0.0,0.0,0.99,0.01,0.9,1.1,0.0,154,22.9,60.0,60,72,78,70047,1
40050,70047,M4,탕정_MTr4,0.012,0.242,0.0,0.0,0.99,0.01,0.9,1.1,0.0,154,22.9,60.0,60,72,78,70047,1
40051,70048,M1,한남_MTr1,0.012,0.242,0.0,0.0,0.99,0.01,0.9,1.1,0.0,154,22.9,60.0,60,72,78,70048,1
40051,70048,M2,한남_MTr2,0.012,0.242,0.0,0.0,0.99,0.01,0.9,1.1,0.0,154,22.9,60.0,60,72,78,70048,1
40051,70048,M3,한남_MTr3,0.012,0.242,0.0,0.0,0.99,0.01,0.9,1.1,0.0,154,22.9,60.0,60,72,78,70048,1
40052,70049,M1,서천안_MTr1,0.012,0.242,0.0,0.0,0.99,0.01,0.9,1.1,0.0,154,22.9,60.0,60,72,78,70049,1
40052,70049,M2,서천안_MTr2,0.012,0.242,0.0,0.0,0.99,0.01,0.9,1.1,0.0,154,22.9,60.0,60,72,78,70049,1
40052,70049,M3,서천안_MTr3,0.012,0.242,0.0,0.0,0.99,0.01,0.9,1.1,0.0,154,22.9,60.0,60,72,78,70049,1
40052,70049,M4,서천안_MTr4,0.012,0.242,0.0,0.0,0.99,0.01,0.9,1.1,0.0,154,22.9,60.0,60,72,78,70049,1
40053,70050,M1,천안_MTr1,0.012,0.242,0.0,0.0,0.99,0.01,0.9,1.1,0.0,154,22.9,60.0,60,72,78,70050,1
40053,70050,M2,천안_MTr2,0.012,0.242,0.0,0.0,0.99,0.01,0.9,1.1,0.0,154,22.9,60.0,60,72,78,70050,1
40053,70050,M3,천안_MTr3,0.012,0.242,0.0,0.0,0.99,0.01,0.9,1.1,0.0,154,22.9,60.0,60,72,78,70050,1
40053,70050,M4,천안_MTr4,0.012,0.242,0.0,0.0,0.99,0.01,0.9,1.1,0.0,154,22.9,60.0,60,72,78,70050,1
40054,70051,M1,성거_MTr1,0.012,0.242,0.0,0.0,0.99,0.01,0.9,1.1,0.0,154,22.9,60.0,60,72,78,70051,1
40054,70051,M2,성거_MTr2,0.012,0.242,0.0,0.0,0.99,0.01,0.9,1.1,0.0,154,22.9,60.0,60,72,78,70051,1
40054,70051,M3,성거_MTr3,0.012,0.242,0.0,0.0,0.99,0.01,0.9,1.1,0.0,154,22.9,60.0,60,72,78,70051,1
40054,70051,M4,성거_MTr4,0.012,0.242,0.0,0.0,0.99,0.01,0.9,1.1,0.0,154,22.9,60.0,60,72,78,70051,1
40055,70052,M1,원정_MTr1,0.012,0.242,0.0,0.0,0.99,0.01,0.9,1.1,0.0,154,22.9,60.0,60,72,78,70052,1
40055,70052,M2,원정_MTr2,0.012,0.242,0.0,0.0,0.99,0.01,0.9,1.1,0.0,154,22.9,60.0,60,72,78,70052,1
40055,70052,M3,원정_MTr3,0.012,0.242,0.0,0.0,0.99,0.01,0.9,1.1,0.0,154,22.9,60.0,60,72,78,70052,1
40055,70052,M4,원정_MTr4,0.012,0.242,0.0,0.0,0.99,0.01,0.9,1.1,0.0,154,22.9,60.0,60,72,78,70052,1
40058,70053,M1,울산_MTr1,0.012,0.242,0.0,0.0,1.0,0.01,0.9,1.1,0.0,154,22.9,60.0,60,72,78,70053,1
40058,70053,M2,울산_MTr2,0.012,0.242,0.0,0.0,1.0,0.01,0.9,1.1,0.0,154,22.9,60.0,60,72,78,70053,1
40058,70053,M3,울산_MTr3,0.012,0.242,0.0,0.0,1.0,0.01,0.9,1.1,0.0,154,22.9,60.0,60,72,78,70053,1
40061,70054,M1,유성_MTr1,0.012,0.242,0.0,0.0,0.99,0.01,0.9,1.1,0.0,154,22.9,60.0,60,72,78,70054,1
40061,70054,M2,유성_MTr2,0.012,0.242,0.0,0.0,0.99,0.01,0.9,1.1,0.0,154,22.9,60.0,60,72,78,70054,1
40061,70054,M3,유성_MTr3,0.012,0.242,0.0,0.0,0.99,0.01,0.9,1.1,0.0,154,22.9,60.0,60,72,78,70054,1
40063,70055,M1,양양_MTr1,0.012,0.242,0.0,0.0,0.99,0.01,0.9,1.1,0.0,154,22.9,60.0,60,72,78,70055,1
40063,70055,M2,양양_MTr2,0.012,0.242,0.0,0.0,0.99,0.01,0.9,1.1,0.0,154,22.9,60.0,60,72,78,70055,1
40064,70056,M1,흥덕_MTr1,0.012,0.242,0.0,0.0,0.99,0.01,0.9,1.1,0.0,154,22.9,60.0,60,72,78,70056,1
40064,70056,M2,흥덕_MTr2,0.012,0.242,0.0,0.0,0.99,0.01,0.9,1.1,0.0,154,22.9,60.0,60,72,78,70056,1
40064,70056,M3,흥덕_MTr3,0.012,0.242,0.0,0.0,0.99,0.01,0.9,1.1,0.0,154,22.9,60.0,60,72,78,70056,1
40064,70056,M4,흥덕_MTr4,0.012,0.242,0.0,0.0,0.99,0.01,0.9,1.1,0.0,154,22.9,60.0,60,72,78,70056,1
40065,70057,M1,신갈_MTr1,0.012,0.242,0.0,0.0,0.99,0.01,0.9,1.1,0.0,154,22.9,60.0,60,72,78,70057,1
40065,70057,M2,신갈_MTr2,0.012,0.242,0.0,0.0,0.99,0.01,0.9,1.1,0.0,154,22.9,60.0,60,72,78,70057,1
40065,70057,M3,신갈_MTr3,0.012,0.242,0.0,0.0,0.99,0.01,0.9,1.1,0.0,154,22.9,60.0,60,72,78,70057,1
40065,70057,M4,신갈_MTr4,0.012,0.242,0.0,0.0,0.99,0.01,0.9,1.1,0.0,154,22.9,60.0,60,72,78,70057,1
40066,70058,M1,인주_MTr1,0.012,0.242,0.0,0.0,0.99,0.01,0.9,1.1,0.0,154,22.9,60.0,60,72,78,70058,1
40066,70058,M2,인주_MTr2,0.012,0.242,0.0,0.0,0.99,0.01,0.9,1.1,0.0,154,22.9,60.0,60,72,78,70058,1
40066,70058,M3,인주_MTr3,0.012,0.242,0.0,0.0,0.99,0.01,0.9,1.1,0.0,154,22.9,60.0,60,72,78,70058,1
40066,70058,M4,인주_MTr4,0.012,0.242,0.0,0.0,0.99,0.01,0.9,1.1,0.0,154,22.9,60.0,60,72,78,70058,1
40067,70059,M1,속초_MTr1,0.012,0.242,0.0,0.0,0.99,0.01,0.9,1.1,0.0,154,22.9,60.0,60,72,78,70059,1
40067,70059,M2,속초_MTr2,0.012,0.242,0.0,0.0,0.99,0.01,0.9,1.1,0.0,154,22.9,60.0,60,72,78,70059,1
40067,70059,M3,속초_MTr3,0.012,0.242,0.0,0.0,0.99,0.01,0.9,1.1,0.0,154,22.9,60.0,60,72,78,70059,1
40069,70060,M1,오창_MTr1,0.012,0.242,0.0,0.0,1.0,0.01,0.9,1.1,0.0,154,22.9,60.0,60,72,78,70060,1
40069,70060,M2,오창_MTr2,0.012,0.242,0.0,0.0,1.0,0.01,0.9,1.1,0.0,154,22.9,60.0,60,72,78,70060,1
40069,70060,M3,오창_MTr3,0.012,0.242,0.0,0.0,1.0,0.01,0.9,1.1,0.0,154,22.9,60.0,60,72,78,70060,1
40069,70060,M4,오창_MTr4,0.012,0.242,0.0,0.0,1.0,0.01,0.9,1.1,0.0,154,22.9,60.0,60,72,78,70060,1
40070,70061,M1,계양1_MTr1,0.012,0.242,0.0,0.0,1.0,0.01,0.9,1.1,0.0,154,22.9,60.0,60,72,78,70061,1
40070,70061,M2,계양1_MTr2,0.012,0.242,0.0,0.0,1.0,0.01,0.9,1.1,0.0,154,22.9,60.0,60,72,78,70061,1
40070,70061,M3,계양1_MTr3,0.012,0.242,0.0,0.0,1.0,0.01,0.9,1.1,0.0,154,22.9,60.0,60,72,78,70061,1
40070,70061,M4,계양1_MTr4,0.012,0.242,0.0,0.0,1.0,0.01,0.9,1.1,0.0,154,22.9,60.0,60,72,78,70061,1
40071,70062,M1,임학_MTr1,0.012,0.242,0.0,0.0,1.0,0.01,0.9,1.1,0.0,154,22.9,60.0,60,72,78,70062,1
40071,70062,M2,임학_MTr2,0.012,0.242,0.0,0.0,1.0,0.01,0.9,1.1,0.0,154,22.9,60.0,60,72,78,70062,1
40071,70062,M3,임학_MTr3,0.012,0.242,0.0,0.0,1.0,0.01,0.9,1.1,0.0,154,22.9,60.0,60,72,78,70062,1
40072,70063,M1,동천안_MTr1,0.012,0.242,0.0,0.0,0.99,0.01,0.9,1.1,0.0,154,22.9,60.0,60,72,78,70063,1
40072,70063,M2,동천안_MTr2,0.012,0.242,0.0,0.0,0.99,0.01,0.9,1.1,0.0,154,22.9,60.0,60,72,78,70063,1
40072,70063,M3,동천안_MTr3,0.012,0.242,0.0,0.0,0.99,0.01,0.9,1.1,0.0,154,22.9,60.0,60,72,78,70063,1
40072,70063,M4,동천안_MTr4,0.012,0.242,0.0,0.0,0.99,0.01,0.9,1.1,0.0,154,22.9,60.0,60,72,78,70063,1
40073,70064,M1,봉덕_MTr1,0.012,0.242,0.0,0.0,1.0,0.01,0.9,1.1,0.0,154,22.9,60.0,60,72,78,70064,1
40073,70064,M2,봉덕_MTr2,0.012,0.242,0.0,0.0,1.0,0.01,0.9,1.1,0.0,154,22.9,60.0,60,72,78,70064,1
40073,70064,M3,봉덕_MTr3,0.012,0.242,0.0,0.0,1.0,0.01,0.9,1.1,0.0,154,22.9,60.0,60,72,78,70064,1
40074,70065,M1,노포_MTr1,0.012,0.242,0.0,0.0,0.99,0.01,0.9,1.1,0.0,154,22.9,60.0,60,72,78,70065,1
40074,70065,M2,노포_MTr2,0.012,0.242,0.0,0.0,0.99,0.01,0.9,1.1,0.0,154,22.9,60.0,60,72,78,70065,1
40074,70065,M3,노포_MTr3,0.012,0.242,0.0,0.0,0.99,0.01,0.9,1.1,0.0,154,22.9,60.0,60,72,78,70065,1
40074,70065,M4,노포_MTr4,0.012,0.242,0.0,0.0,0.99,0.01,0.9,1.1,0.0,154,22.9,60.0,60,72,78,70065,1
40075,70066,M1,산지_MTr1,0.012,0.242,0.0,0.0,1.01,0.01,0.9,1.1,0.0,154,22.9,60.0,60,72,78,70066,1
40075,70066,M2,산지_MTr2,0.012,0.242,0.0,0.0,1.01,0.01,0.9,1.1,0.0,154,22.9,60.0,60,72,78,70066,1
40075,70066,M3,산지_MTr3,0.012,0.242,0.0,0.0,1.01,0.01,0.9,1.1,0.0,154,22.9,60.0,60,72,78,70066,1
40075,70066,M4,산지_MTr4,0.012,0.242,0.0,0.0,1.01,0.01,0.9,1.1,0.0,154,22.9,60.0,60,72,78,70066,1
40076,70067,M1,한라_MTr1,0.012,0.242,0.0,0.0,1.01,0.01,0.9,1.1,0.0,154,22.9,60.0,60,72,78,70067,1
40076,70067,M2,한라_MTr2,0.012,0.242,0.0,0.0,1.01,0.01,0.9,1.1,0.0,154,22.9,60.0,60,72,78,70067,1
40076,70067,M3,한라_MTr3,0.012,0.242,0.0,0.0,1.01,0.01,0.9,1.1,0.0,154,22.9,60.0,60,72,78,70067,1
40076,70067,M4,한라_MTr4,0.012,0.242,0.0,0.0,1.01,0.01,0.9,1.1,0.0,154,22.9,60.0,60,72,78,70067,1
40077,70068,M1,노량진_MTr1,0.012,0.242,0.0,0.0,0.99,0.01,0.9,1.1,0.0,154,22.9,60.0,60,72,78,70068,1
40077,70068,M2,노량진_MTr2,0.012,0.242,0.0,0.0,0.99,0.01,0.9,1.1,0.0,154,22.9,60.0,60,72,78,70068,1
40077,70068,M3,노량진_MTr3,0.012,0.242,0.0,0.0,0.99,0.01,0.9,1.1,0.0,154,22.9,60.0,60,72,78,70068,1
40078,70069,M1,조천_MTr1,0.012,0.242,0.0,0.0,1.01,0.01,0.9,1.1,0.0,154,22.9,60.0,60,72,78,70069,1
40078,70069,M2,조천_MTr2,0.012,0.242,0.0,0.0,1.01,0.01,0.9,1.1,0.0,154,22.9,60.0,60,72,78,70069,1
40078,70069,M3,조천_MTr3,0.012,0.242,0.0,0.0,1.01,0.01,0.9,1.1,0.0,154,22.9,60.0,60,72,78,70069,1
40078,70069,M4,조천_MTr4,0.012,0.242,0.0,0.0,1.01,0.01,0.9,1.1,0.0,154,22.9,60.0,60,72,78,70069,1
40079,70070,M1,신제주_MTr1,0.012,0.242,0.0,0.0,1.01,0.01,0.9,1.1,0.0,154,22.9,60.0,60,72,78,70070,1
40079,70070,M2,신제주_MTr2,0.012,0.242,0.0,0.0,1.01,0.01,0.9,1.1,0.0,154,22.9,60.0,60,72,78,70070,1
40079,70070,M3,신제주_MTr3,0.012,0.242,0.0,0.0,1.01,0.01,0.9,1.1,0.0,154,22.9,60.0,60,72,78,70070,1
40079,70070,M4,신제주_MTr4,0.012,0.242,0.0,0.0,1.01,0.01,0.9,1.1,0.0,154,22.9,60.0,60,72,78,70070,1
40080,70071,M1,범물_MTr1,0.012,0.242,0.0,0.0,1.01,0.01,0.9,1.1,0.0,154,22.9,60.0,60,72,78,70071,1
40080,70071,M2,범물_MTr2,0.012,0.242,0.0,0.0,1.01,0.01,0.9,1.1,0.0,154,22.9,60.0,60,72,78,70071,1
40080,70071,M3,범물_MTr3,0.012,0.242,0.0,0.0,1.01,0.01,0.9,1.1,0.0,154,22.9,60.0,60,72,78,70071,1
40081,70072,M1,보광_MTr1,0.012,0.242,0.0,0.0,0.99,0.01,0.9,1.1,0.0,154,22.9,60.0,60,72,78,70072,1
40081,70072,M2,보광_MTr2,0.012,0.242,0.0,0.0,0.99,0.01,0.9,1.1,0.0,154,22.9,60.0,60,72,78,70072,1
40081,70072,M3,보광_MTr3,0.012,0.242,0.0,0.0,0.99,0.01,0.9,1.1,0.0,154,22.9,60.0,60,72,78,70072,1
40082,70073,M1,과천_MTr1,0.012,0.242,0.0,0.0,1.01,0.01,0.9,1.1,0.0,154,22.9,60.0,60,72,78,70073,1
40082,70073,M2,과천_MTr2,0.012,0.242,0.0,0.0,1.0,0.01,0.9,1.1,0.0,154,22.9,60.0,60,72,78,70073,1
40082,70073,M3,과천_MTr3,0.012,0.242,0.0,0.0,1.0,0.01,0.9,1.1,0.0,154,22.9,60.0,60,72,78,70073,1
40082,70073,M4,과천_MTr4,0.012,0.242,0.0,0.0,1.0,0.01,0.9,1.1,0.0,154,22.9,60.0,60,72,78,70073,1
40087,70074,M1,함열_MTr1,0.012,0.242,0.0,0.0,0.99,0.01,0.9,1.1,0.0,154,22.9,60.0,60,72,78,70074,1
40087,70074,M2,함열_MTr2,0.012,0.242,0.0,0.0,0.99,0.01,0.9,1.1,0.0,154,22.9,60.0,60,72,78,70074,1
40087,70074,M3,함열_MTr3,0.012,0.242,0.0,0.0,0.99,0.01,0.9,1.1,0.0,154,22.9,60.0,60,72,78,70074,1
40088,70075,M1,관창_MTr1,0.012,0.242,0.0,0.0,1.02,0.01,0.9,1.1,0.0,154,22.9,60.0,60,72,78,70075,1
40088,70075,M2,관창_MTr2,0.012,0.242,0.0,0.0,1.02,0.01,0.9,1.1,0.0,154,22.9,60.0,60,72,78,70075,1
40088,70075,M3,관창_MTr3,0.012,0.242,0.0,0.0,1.02,0.01,0.9,1.1,0.0,154,22.9,60.0,60,72,78,70075,1
40088,70075,M4,관창_MTr4,0.012,0.242,0.0,0.0,1.02,0.01,0.9,1.1,0.0,154,22.9,60.0,60,72,78,70075,1
40089,70076,M1,이리_MTr1,0.012,0.242,0.0,0.0,1.0,0.01,0.9,1.1,0.0,154,22.9,60.0,60,72,78,70076,1
40089,70076,M2,이리_MTr2,0.012,0.242,0.0,0.0,1.0,0.01,0.9,1.1,0.0,154,22.9,60.0,60,72,78,70076,1
40089,70076,M3,이리_MTr3,0.012,0.242,0.0,0.0,1.0,0.01,0.9,1.1,0.0,154,22.9,60.0,60,72,78,70076,1
40096,70077,M1,영천_MTr1,0.012,0.242,0.0,0.0,1.01,0.01,0.9,1.1,0.0,154,22.9,60.0,60,72,78,70077,1
40096,70077,M2,영천_MTr2,0.012,0.242,0.0,0.0,1.01,0.01,0.9,1.1,0.0,154,22.9,60.0,60,72,78,70077,1
40096,70077,M3,영천_MTr3,0.012,0.242,0.0,0.0,1.01,0.01,0.9,1.1,0.0,154,22.9,60.0,60,72,78,70077,1
40096,70077,M4,영천_MTr4,0.012,0.242,0.0,0.0,1.01,0.01,0.9,1.1,0.0,154,22.9,60.0,60,72,78,70077,1
40097,70078,M1,진천_MTr1,0.012,0.242,0.0,0.0,0.99,0.01,0.9,1.1,0.0,154,22.9,60.0,60,72,78,70078,1
40097,70078,M2,진천_MTr2,0.012,0.242,0.0,0.0,0.99,0.01,0.9,1.1,0.0,154,22.9,60.0,60,72,78,70078,1
40097,70078,M3,진천_MTr3,0.012,0.242,0.0,0.0,0.99,0.01,0.9,1.1,0.0,154,22.9,60.0,60,72,78,70078,1
40097,70078,M4,진천_MTr4,0.012,0.242,0.0,0.0,0.99,0.01,0.9,1.1,0.0,154,22.9,60.0,60,72,78,70078,1
40106,70079,M1,순천_MTr1,0.012,0.242,0.0,0.0,0.98,0.01,0.9,1.1,0.0,154,22.9,60.0,60,72,78,70079,1
40106,70079,M2,순천_MTr2,0.012,0.242,0.0,0.0,0.98,0.01,0.9,1.1,0.0,154,22.9,60.0,60,72,78,70079,1
40106,70079,M3,순천_MTr3,0.012,0.242,0.0,0.0,0.98,0.01,0.9,1.1,0.0,154,22.9,60.0,60,72,78,70079,1
40106,70079,M4,순천_MTr4,0.012,0.242,0.0,0.0,0.98,0.01,0.9,1.1,0.0,154,22.9,60.0,60,72,78,70079,1
40107,70080,M1,공주_MTr1,0.012,0.242,0.0,0.0,0.99,0.01,0.9,1.1,0.0,154,22.9,60.0,60,72,78,70080,1
40107,70080,M2,공주_MTr2,0.012,0.242,0.0,0.0,0.99,0.01,0.9,1.1,0.0,154,22.9,60.0,60,72,78,70080,1
40107,70080,M3,공주_MTr3,0.012,0.242,0.0,0.0,0.99,0.01,0.9,1.1,0.0,154,22.9,60.0,60,72,78,70080,1
40107,70080,M4,공주_MTr4,0.012,0.242,0.0,0.0,0.99,0.01,0.9,1.1,0.0,154,22.9,60.0,60,72,78,70080,1
40108,70081,M1,마천_MTr1,0.012,0.242,0.0,0.0,1.0,0.01,0.9,1.1,0.0,154,22.9,60.0,60,72,78,70081,1
40108,70081,M2,마천_MTr2,0.012,0.242,0.0,0.0,1.0,0.01,0.9,1.1,0.0,154,22.9,60.0,60,72,78,70081,1
40108,70081,M3,마천_MTr3,0.012,0.242,0.0,0.0,1.0,0.01,0.9,1.1,0.0,154,22.9,60.0,60,72,78,70081,1
40109,70082,M1,장유_MTr1,0.012,0.242,0.0,0.0,1.0,0.01,0.9,1.1,0.0,154,22.9,60.0,60,72,78,70082,1
40109,70082,M2,장유_MTr2,0.012,0.242,0.0,0.0,1.0,0.01,0.9,1.1,0.0,154,22.9,60.0,60,72,78,70082,1
40109,70082,M3,장유_MTr3,0.012,0.242,0.0,0.0,1.0,0.01,0.9,1.1,0.0,154,22.9,60.0,60,72,78,70082,1
40110,70083,M1,용인_MTr1,0.012,0.242,0.0,0.0,0.99,0.01,0.9,1.1,0.0,154,22.9,60.0,60,72,78,70083,1
40110,70083,M2,용인_MTr2,0.012,0.242,0.0,0.0,0.99,0.01,0.9,1.1,0.0,154,22.9,60.0,60,72,78,70083,1
40110,70083,M3,용인_MTr3,0.012,0.242,0.0,0.0,0.99,0.01,0.9,1.1,0.0,154,22.9,60.0,60,72,78,70083,1
40110,70083,M4,용인_MTr4,0.012,0.242,0.0,0.0,0.99,0.01,0.9,1.1,0.0,154,22.9,60.0,60,72,78,70083,1
40117,70084,M1,청주T1_MTr1,0.012,0.242,0.0,0.0,1.0,0.01,0.9,1.1,0.0,154,22.9,60.0,60,72,78,70084,1
40117,70084,M2,청주T1_MTr2,0.012,0.242,0.0,0.0,1.0,0.01,0.9,1.1,0.0,154,22.9,60.0,60,72,78,70084,1
40117,70084,M3,청주T1_MTr3,0.012,0.242,0.0,0.0,1.0,0.01,0.9,1.1,0.0,154,22.9,60.0,60,72,78,70084,1
40117,70084,M4,청주T1_MTr4,0.012,0.242,0.0,0.0,1.0,0.01,0.9,1.1,0.0,154,22.9,60.0,60,72,78,70084,1
40118,70085,M1,온양_MTr1,0.012,0.242,0.0,0.0,0.99,0.01,0.9,1.1,0.0,154,22.9,60.0,60,72,78,70085,1
40118,70085,M2,온양_MTr2,0.012,0.242,0.0,0.0,0.99,0.01,0.9,1.1,0.0,154,22.9,60.0,60,72,78,70085,1
40118,70085,M3,온양_MTr3,0.012,0.242,0.0,0.0,0.99,0.01,0.9,1.1,0.0,154,22.9,60.0,60,72,78,70085,1
40118,70085,M4,온양_MTr4,0.012,0.242,0.0,0.0,0.99,0.01,0.9,1.1,0.0,154,22.9,60.0,60,72,78,70085,1
40119,70086,M1,성현_MTr1,0.012,0.242,0.0,0.0,0.99,0.01,0.9,1.1,0.0,154,22.9,60.0,60,72,78,70086,1
40119,70086,M2,성현_MTr2,0.012,0.242,0.0,0.0,0.99,0.01,0.9,1.1,0.0,154,22.9,60.0,60,72,78,70086,1
40119,70086,M3,성현_MTr3,0.012,0.242,0.0,0.0,0.99,0.01,0.9,1.1,0.0,154,22.9,60.0,60,72,78,70086,1
40119,70086,M4,성현_MTr4,0.012,0.242,0.0,0.0,0.99,0.01,0.9,1.1,0.0,154,22.9,60.0,60,72,78,70086,1
40124,70087,M1,두마_MTr1,0.012,0.242,0.0,0.0,0.99,0.01,0.9,1.1,0.0,154,22.9,60.0,60,72,78,70087,1
40124,70087,M2,두마_MTr2,0.012,0.242,0.0,0.0,0.99,0.01,0.9,1.1,0.0,154,22.9,60.0,60,72,78,70087,1
40124,70087,M3,두마_MTr3,0.012,0.242,0.0,0.0,0.99,0.01,0.9,1.1,0.0,154,22.9,60.0,60,72,78,70087,1
40125,70088,M1,은진_MTr1,0.012,0.242,0.0,0.0,0.99,0.01,0.9,1.1,0.0,154,22.9,60.0,60,72,78,70088,1
40125,70088,M2,은진_MTr2,0.012,0.242,0.0,0.0,0.99,0.01,0.9,1.1,0.0,154,22.9,60.0,60,72,78,70088,1
40125,70088,M3,은진_MTr3,0.012,0.242,0.0,0.0,0.99,0.01,0.9,1.1,0.0,154,22.9,60.0,60,72,78,70088,1
40126,70089,M1,국사_MTr1,0.012,0.242,0.0,0.0,0.99,0.01,0.9,1.1,0.0,154,22.9,60.0,60,72,78,70089,1
40126,70089,M2,국사_MTr2,0.012,0.242,0.0,0.0,0.99,0.01,0.9,1.1,0.0,154,22.9,60.0,60,72,78,70089,1
40126,70089,M3,국사_MTr3,0.012,0.242,0.0,0.0,0.99,0.01,0.9,1.1,0.0,154,22.9,60.0,60,72,78,70089,1
40126,70089,M4,국사_MTr4,0.012,0.242,0.0,0.0,0.99,0.01,0.9,1.1,0.0,154,22.9,60.0,60,72,78,70089,1
40127,70090,M1,동두천_MTr1,0.012,0.242,0.0,0.0,0.99,0.01,0.9,1.1,0.0,154,22.9,60.0,60,72,78,70090,1
40127,70090,M2,동두천_MTr2,0.012,0.242,0.0,0.0,0.99,0.01,0.9,1.1,0.0,154,22.9,60.0,60,72,78,70090,1
40127,70090,M3,동두천_MTr3,0.012,0.242,0.0,0.0,0.99,0.01,0.9,1.1,0.0,154,22.9,60.0,60,72,78,70090,1
40127,70090,M4,동두천_MTr4,0.012,0.242,0.0,0.0,0.99,0.01,0.9,1.1,0.0,154,22.9,60.0,60,72,78,70090,1
40128,70091,M1,덕계_MTr1,0.012,0.242,0.0,0.0,0.99,0.01,0.9,1.1,0.0,154,22.9,60.0,60,72,78,70091,1
40128,70091,M2,덕계_MTr2,0.012,0.242,0.0,0.0,0.99,0.01,0.9,1.1,0.0,154,22.9,60.0,60,72,78,70091,1
40128,70091,M3,덕계_MTr3,0.012,0.242,0.0,0.0,0.99,0.01,0.9,1.1,0.0,154,22.9,60.0,60,72,78,70091,1
40128,70091,M4,덕계_MTr4,0.012,0.242,0.0,0.0,0.99,0.01,0.9,1.1,0.0,154,22.9,60.0,60,72,78,70091,1
40129,70092,M1,녹양_MTr1,0.012,0.242,0.0,0.0,0.99,0.01,0.9,1.1,0.0,154,22.9,60.0,60,72,78,70092,1
40129,70092,M2,녹양_MTr2,0.012,0.242,0.0,0.0,0.99,0.01,0.9,1.1,0.0,154,22.9,60.0,60,72,78,70092,1
40129,70092,M3,녹양_MTr3,0.012,0.242,0.0,0.0,0.99,0.01,0.9,1.1,0.0,154,22.9,60.0,60,72,78,70092,1
40129,70092,M4,녹양_MTr4,0.012,0.242,0.0,0.0,0.99,0.01,0.9,1.1,0.0,154,22.9,60.0,60,72,78,70092,1
40130,70093,M1,영일_MTr1,0.012,0.242,0.0,0.0,1.0,0.01,0.9,1.1,0.0,154,22.9,60.0,60,72,78,70093,1
40130,70093,M2,영일_MTr2,0.012,0.242,0.0,0.0,1.0,0.01,0.9,1.1,0.0,154,22.9,60.0,60,72,78,70093,1
40130,70093,M3,영일_MTr3,0.012,0.242,0.0,0.0,1.0,0.01,0.9,1.1,0.0,154,22.9,60.0,60,72,78,70093,1
40130,70093,M4,영일_MTr4,0.012,0.242,0.0,0.0,1.0,0.01,0.9,1.1,0.0,154,22.9,60.0,60,72,78,70093,1
40132,70094,M1,운천_MTr1,0.012,0.242,0.0,0.0,0.99,0.01,0.9,1.1,0.0,154,22.9,60.0,60,72,78,70094,1
40132,70094,M2,운천_MTr2,0.012,0.242,0.0,0.0,0.99,0.01,0.9,1.1,0.0,154,22.9,60.0,60,72,78,70094,1
40132,70094,M3,운천_MTr3,0.012,0.242,0.0,0.0,0.99,0.01,0.9,1.1,0.0,154,22.9,60.0,60,72,78,70094,1
40132,70094,M4,운천_MTr4,0.012,0.242,0.0,0.0,0.99,0.01,0.9,1.1,0.0,154,22.9,60.0,60,72,78,70094,1
40133,70095,M1,하양_MTr1,0.012,0.242,0.0,0.0,1.01,0.01,0.9,1.1,0.0,154,22.9,60.0,60,72,78,70095,1
40133,70095,M2,하양_MTr2,0.012,0.242,0.0,0.0,1.01,0.01,0.9,1.1,0.0,154,22.9,60.0,60,72,78,70095,1
40133,70095,M3,하양_MTr3,0.012,0.242,0.0,0.0,1.01,0.01,0.9,1.1,0.0,154,22.9,60.0,60,72,78,70095,1
40134,70096,M1,대송_MTr1,0.012,0.242,0.0,0.0,1.01,0.01,0.9,1.1,0.0,154,22.9,60.0,60,72,78,70096,1
40134,70096,M2,대송_MTr2,0.012,0.242,0.0,0.0,1.01,0.01,0.9,1.1,0.0,154,22.9,60.0,60,72,78,70096,1
40134,70096,M3,대송_MTr3,0.012,0.242,0.0,0.0,1.01,0.01,0.9,1.1,0.0,154,22.9,60.0,60,72,78,70096,1
40134,70096,M4,대송_MTr4,0.012,0.242,0.0,0.0,1.01,0.01,0.9,1.1,0.0,154,22.9,60.0,60,72,78,70096,1
40135,70097,M1,천북_MTr1,0.012,0.242,0.0,0.0,1.0,0.01,0.9,1.1,0.0,154,22.9,60.0,60,72,78,70097,1
40135,70097,M2,천북_MTr2,0.012,0.242,0.0,0.0,1.0,0.01,0.9,1.1,0.0,154,22.9,60.0,60,72,78,70097,1
40135,70097,M3,천북_MTr3,0.012,0.242,0.0,0.0,1.0,0.01,0.9,1.1,0.0,154,22.9,60.0,60,72,78,70097,1
40135,70097,M4,천북_MTr4,0.012,0.242,0.0,0.0,1.0,0.01,0.9,1.1,0.0,154,22.9,60.0,60,72,78,70097,1
40136,70098,M1,철원_MTr1,0.012,0.242,0.0,0.0,0.98,0.01,0.9,1.1,0.0,154,22.9,60.0,60,72,78,70098,1
40136,70098,M2,철원_MTr2,0.012,0.242,0.0,0.0,0.98,0.01,0.9,1.1,0.0,154,22.9,60.0,60,72,78,70098,1
40136,70098,M3,철원_MTr3,0.012,0.242,0.0,0.0,0.98,0.01,0.9,1.1,0.0,154,22.9,60.0,60,72,78,70098,1
40136,70098,M4,철원_MTr4,0.012,0.242,0.0,0.0,0.98,0.01,0.9,1.1,0.0,154,22.9,60.0,60,72,78,70098,1
40140,70099,M1,강동_MTr1,0.012,0.242,0.0,0.0,0.99,0.01,0.9,1.1,0.0,154,22.9,60.0,60,72,78,70099,1
40140,70099,M2,강동_MTr2,0.012,0.242,0.0,0.0,0.99,0.01,0.9,1.1,0.0,154,22.9,60.0,60,72,78,70099,1
40140,70099,M3,강동_MTr3,0.012,0.242,0.0,0.0,0.99,0.01,0.9,1.1,0.0,154,22.9,60.0,60,72,78,70099,1
40140,70099,M4,강동_MTr4,0.012,0.242,0.0,0.0,0.99,0.01,0.9,1.1,0.0,154,22.9,60.0,60,72,78,70099,1
40142,70100,M1,도봉_MTr1,0.012,0.242,0.0,0.0,0.99,0.01,0.9,1.1,0.0,154,22.9,60.0,60,72,78,70100,1
40142,70100,M2,도봉_MTr2,0.012,0.242,0.0,0.0,0.99,0.01,0.9,1.1,0.0,154,22.9,60.0,60,72,78,70100,1
40142,70100,M3,도봉_MTr3,0.012,0.242,0.0,0.0,0.99,0.01,0.9,1.1,0.0,154,22.9,60.0,60,72,78,70100,1
40142,70100,M4,도봉_MTr4,0.012,0.242,0.0,0.0,0.99,0.01,0.9,1.1,0.0,154,22.9,60.0,60,72,78,70100,1
40145,70101,M1,백석_MTr1,0.012,0.242,0.0,0.0,0.99,0.01,0.9,1.1,0.0,154,22.9,60.0,60,72,78,70101,1
40145,70101,M2,백석_MTr2,0.012,0.242,0.0,0.0,0.99,0.01,0.9,1.1,0.0,154,22.9,60.0,60,72,78,70101,1
40145,70101,M3,백석_MTr3,0.012,0.242,0.0,0.0,0.99,0.01,0.9,1.1,0.0,154,22.9,60.0,60,72,78,70101,1
40145,70101,M4,백석_MTr4,0.012,0.242,0.0,0.0,0.99,0.01,0.9,1.1,0.0,154,22.9,60.0,60,72,78,70101,1
40146,70102,M1,금촌_MTr1,0.012,0.242,0.0,0.0,0.99,0.01,0.9,1.1,0.0,154,22.9,60.0,60,72,78,70102,1
40146,70102,M2,금촌_MTr2,0.012,0.242,0.0,0.0,0.99,0.01,0.9,1.1,0.0,154,22.9,60.0,60,72,78,70102,1
40146,70102,M3,금촌_MTr3,0.012,0.242,0.0,0.0,0.99,0.01,0.9,1.1,0.0,154,22.9,60.0,60,72,78,70102,1
40146,70102,M4,금촌_MTr4,0.012,0.242,0.0,0.0,0.99,0.01,0.9,1.1,0.0,154,22.9,60.0,60,72,78,70102,1
40148,70103,M1,덕진_MTr1,0.012,0.242,0.0,0.0,0.99,0.01,0.9,1.1,0.0,154,22.9,60.0,60,72,78,70103,1
40148,70103,M2,덕진_MTr2,0.012,0.242,0.0,0.0,0.99,0.01,0.9,1.1,0.0,154,22.9,60.0,60,72,78,70103,1
40148,70103,M3,덕진_MTr3,0.012,0.242,0.0,0.0,0.99,0.01,0.9,1.1,0.0,154,22.9,60.0,60,72,78,70103,1
40149,70104,M1,용운_MTr1,0.012,0.242,0.0,0.0,0.99,0.01,0.9,1.1,0.0,154,22.9,60.0,60,72,78,70104,1
40149,70104,M2,용운_MTr2,0.012,0.242,0.0,0.0,0.99,0.01,0.9,1.1,0.0,154,22.9,60.0,60,72,78,70104,1
40149,70104,M3,용운_MTr3,0.012,0.242,0.0,0.0,0.99,0.01,0.9,1.1,0.0,154,22.9,60.0,60,72,78,70104,1
40149,70104,M4,용운_MTr4,0.012,0.242,0.0,0.0,0.99,0.01,0.9,1.1,0.0,154,22.9,60.0,60,72,78,70104,1
40150,70105,M1,대덕_MTr1,0.012,0.242,0.0,0.0,0.99,0.01,0.9,1.1,0.0,154,22.9,60.0,60,72,78,70105,1
40150,70105,M2,대덕_MTr2,0.012,0.242,0.0,0.0,0.99,0.01,0.9,1.1,0.0,154,22.9,60.0,60,72,78,70105,1
40150,70105,M3,대덕_MTr3,0.012,0.242,0.0,0.0,0.99,0.01,0.9,1.1,0.0,154,22.9,60.0,60,72,78,70105,1
40150,70105,M4,대덕_MTr4,0.012,0.242,0.0,0.0,0.99,0.01,0.9,1.1,0.0,154,22.9,60.0,60,72,78,70105,1
40151,70106,M1,죽림_MTr1,0.012,0.242,0.0,0.0,0.99,0.01,0.9,1.1,0.0,154,22.9,60.0,60,72,78,70106,1
40151,70106,M2,죽림_MTr2,0.012,0.242,0.0,0.0,0.99,0.01,0.9,1.1,0.0,154,22.9,60.0,60,72,78,70106,1
40151,70106,M3,죽림_MTr3,0.012,0.242,0.0,0.0,0.99,0.01,0.9,1.1,0.0,154,22.9,60.0,60,72,78,70106,1
40151,70106,M4,죽림_MTr4,0.012,0.242,0.0,0.0,0.99,0.01,0.9,1.1,0.0,154,22.9,60.0,60,72,78,70106,1
40152,70107,M1,창녕_MTr1,0.012,0.242,0.0,0.0,0.99,0.01,0.9,1.1,0.0,154,22.9,60.0,60,72,78,70107,1
40152,70107,M2,창녕_MTr2,0.012,0.242,0.0,0.0,0.99,0.01,0.9,1.1,0.0,154,22.9,60.0,60,72,78,70107,1
40152,70107,M3,창녕_MTr3,0.012,0.242,0.0,0.0,0.99,0.01,0.9,1.1,0.0,154,22.9,60.0,60,72,78,70107,1
40152,70107,M4,창녕_MTr4,0.012,0.242,0.0,0.0,0.99,0.01,0.9,1.1,0.0,154,22.9,60.0,60,72,78,70107,1
40153,70108,M1,강창_MTr1,0.012,0.242,0.0,0.0,1.0,0.01,0.9,1.1,0.0,154,22.9,60.0,60,72,78,70108,1
40153,70108,M2,강창_MTr2,0.012,0.242,0.0,0.0,1.0,0.01,0.9,1.1,0.0,154,22.9,60.0,60,72,78,70108,1
40153,70108,M3,강창_MTr3,0.012,0.242,0.0,0.0,1.0,0.01,0.9,1.1,0.0,154,22.9,60.0,60,72,78,70108,1
40154,70109,M1,칠서_MTr1,0.012,0.242,0.0,0.0,0.99,0.01,0.9,1.1,0.0,154,22.9,60.0,60,72,78,70109,1
40154,70109,M2,칠서_MTr2,0.012,0.242,0.0,0.0,0.99,0.01,0.9,1.1,0.0,154,22.9,60.0,60,72,78,70109,1
40154,70109,M3,칠서_MTr3,0.012,0.242,0.0,0.0,0.99,0.01,0.9,1.1,0.0,154,22.9,60.0,60,72,78,70109,1
40154,70109,M4,칠서_MTr4,0.012,0.242,0.0,0.0,0.99,0.01,0.9,1.1,0.0,154,22.9,60.0,60,72,78,70109,1
40155,70110,M1,다산_MTr1,0.012,0.242,0.0,0.0,1.0,0.01,0.9,1.1,0.0,154,22.9,60.0,60,72,78,70110,1
40155,70110,M2,다산_MTr2,0.012,0.242,0.0,0.0,1.0,0.01,0.9,1.1,0.0,154,22.9,60.0,60,72,78,70110,1
40155,70110,M3,다산_MTr3,0.012,0.242,0.0,0.0,1.0,0.01,0.9,1.1,0.0,154,22.9,60.0,60,72,78,70110,1
40156,70111,M1,유가_MTr1,0.012,0.242,0.0,0.0,1.0,0.01,0.9,1.1,0.0,154,22.9,60.0,60,72,78,70111,1
40156,70111,M2,유가_MTr2,0.012,0.242,0.0,0.0,1.0,0.01,0.9,1.1,0.0,154,22.9,60.0,60,72,78,70111,1
40156,70111,M3,유가_MTr3,0.012,0.242,0.0,0.0,1.0,0.01,0.9,1.1,0.0,154,22.9,60.0,60,72,78,70111,1
40157,70112,M1,밀양T1_MTr1,0.012,0.242,0.0,0.0,1.0,0.01,0.9,1.1,0.0,154,22.9,60.0,60,72,78,70112,1
40157,70112,M2,밀양T1_MTr2,0.012,0.242,0.0,0.0,1.0,0.01,0.9,1.1,0.0,154,22.9,60.0,60,72,78,70112,1
40157,70112,M3,밀양T1_MTr3,0.012,0.242,0.0,0.0,1.0,0.01,0.9,1.1,0.0,154,22.9,60.0,60,72,78,70112,1
40158,70113,M1,논공_MTr1,0.012,0.242,0.0,0.0,1.0,0.01,0.9,1.1,0.0,154,22.9,60.0,60,72,78,70113,1
40158,70113,M2,논공_MTr2,0.012,0.242,0.0,0.0,1.0,0.01,0.9,1.1,0.0,154,22.9,60.0,60,72,78,70113,1
40158,70113,M3,논공_MTr3,0.012,0.242,0.0,0.0,1.0,0.01,0.9,1.1,0.0,154,22.9,60.0,60,72,78,70113,1
40159,70114,M1,달성_MTr1,0.012,0.242,0.0,0.0,1.01,0.01,0.9,1.1,0.0,154,22.9,60.0,60,72,78,70114,1
40159,70114,M2,달성_MTr2,0.012,0.242,0.0,0.0,1.01,0.01,0.9,1.1,0.0,154,22.9,60.0,60,72,78,70114,1
40159,70114,M3,달성_MTr3,0.012,0.242,0.0,0.0,1.01,0.01,0.9,1.1,0.0,154,22.9,60.0,60,72,78,70114,1
40161,70115,M1,마석_MTr1,0.012,0.242,0.0,0.0,0.99,0.01,0.9,1.1,0.0,154,22.9,60.0,60,72,78,70115,1
40161,70115,M2,마석_MTr2,0.012,0.242,0.0,0.0,0.99,0.01,0.9,1.1,0.0,154,22.9,60.0,60,72,78,70115,1
40161,70115,M3,마석_MTr3,0.012,0.242,0.0,0.0,0.99,0.01,0.9,1.1,0.0,154,22.9,60.0,60,72,78,70115,1
40161,70115,M4,마석_MTr4,0.012,0.242,0.0,0.0,0.99,0.01,0.9,1.1,0.0,154,22.9,60.0,60,72,78,70115,1
40162,70116,M1,원창_MTr1,0.012,0.242,0.0,0.0,1.0,0.01,0.9,1.1,0.0,154,22.9,60.0,60,72,78,70116,1
40162,70116,M2,원창_MTr2,0.012,0.242,0.0,0.0,1.0,0.01,0.9,1.1,0.0,154,22.9,60.0,60,72,78,70116,1
40162,70116,M3,원창_MTr3,0.012,0.242,0.0,0.0,1.0,0.01,0.9,1.1,0.0,154,22.9,60.0,60,72,78,70116,1
40163,70117,M1,양산_MTr1,0.012,0.242,0.0,0.0,0.99,0.01,0.9,1.1,0.0,154,22.9,60.0,60,72,78,70117,1
40163,70117,M2,양산_MTr2,0.012,0.242,0.0,0.0,0.99,0.01,0.9,1.1,0.0,154,22.9,60.0,60,72,78,70117,1
40163,70117,M3,양산_MTr3,0.012,0.242,0.0,0.0,0.99,0.01,0.9,1.1,0.0,154,22.9,60.0,60,72,78,70117,1
40163,70117,M4,양산_MTr4,0.012,0.242,0.0,0.0,0.99,0.01,0.9,1.1,0.0,154,22.9,60.0,60,72,78,70117,1
40164,70118,M1,미남_MTr1,0.012,0.242,0.0,0.0,0.99,0.01,0.9,1.1,0.0,154,22.9,60.0,60,72,78,70118,1
40164,70118,M2,미남_MTr2,0.012,0.242,0.0,0.0,0.99,0.01,0.9,1.1,0.0,154,22.9,60.0,60,72,78,70118,1
40164,70118,M3,미남_MTr3,0.012,0.242,0.0,0.0,0.99,0.01,0.9,1.1,0.0,154,22.9,60.0,60,72,78,70118,1
40164,70118,M4,미남_MTr4,0.012,0.242,0.0,0.0,0.99,0.01,0.9,1.1,0.0,154,22.9,60.0,60,72,78,70118,1
40165,70119,M1,기장_MTr1,0.012,0.242,0.0,0.0,0.99,0.01,0.9,1.1,0.0,154,22.9,60.0,60,72,78,70119,1
40165,70119,M2,기장_MTr2,0.012,0.242,0.0,0.0,0.99,0.01,0.9,1.1,0.0,154,22.9,60.0,60,72,78,70119,1
40165,70119,M3,기장_MTr3,0.012,0.242,0.0,0.0,0.99,0.01,0.9,1.1,0.0,154,22.9,60.0,60,72,78,70119,1
40165,70119,M4,기장_MTr4,0.012,0.242,0.0,0.0,0.99,0.01,0.9,1.1,0.0,154,22.9,60.0,60,72,78,70119,1
40166,70120,M1,남광주_MTr1,0.012,0.242,0.0,0.0,1.0,0.01,0.9,1.1,0.0,154,22.9,60.0,60,72,78,70120,1
40166,70120,M2,남광주_MTr2,0.012,0.242,0.0,0.0,1.0,0.01,0.9,1.1,0.0,154,22.9,60.0,60,72,78,70120,1
40166,70120,M3,남광주_MTr3,0.012,0.242,0.0,0.0,1.0,0.01,0.9,1.1,0.0,154,22.9,60.0,60,72,78,70120,1
40167,70121,M1,칠곡_MTr1,0.012,0.242,0.0,0.0,1.0,0.01,0.9,1.1,0.0,154,22.9,60.0,60,72,78,70121,1
40167,70121,M2,칠곡_MTr2,0.012,0.242,0.0,0.0,1.0,0.01,0.9,1.1,0.0,154,22.9,60.0,60,72,78,70121,1
40167,70121,M3,칠곡_MTr3,0.012,0.242,0.0,0.0,1.0,0.01,0.9,1.1,0.0,154,22.9,60.0,60,72,78,70121,1
40167,70121,M4,칠곡_MTr4,0.012,0.242,0.0,0.0,1.0,0.01,0.9,1.1,0.0,154,22.9,60.0,60,72,78,70121,1
40168,70122,M1,영광_MTr1,0.012,0.242,0.0,0.0,0.99,0.01,0.9,1.1,0.0,154,22.9,60.0,60,72,78,70122,1
40168,70122,M2,영광_MTr2,0.012,0.242,0.0,0.0,0.99,0.01,0.9,1.1,0.0,154,22.9,60.0,60,72,78,70122,1
40168,70122,M3,영광_MTr3,0.012,0.242,0.0,0.0,0.99,0.01,0.9,1.1,0.0,154,22.9,60.0,60,72,78,70122,1
40168,70122,M4,영광_MTr4,0.012,0.242,0.0,0.0,0.99,0.01,0.9,1.1,0.0,154,22.9,60.0,60,72,78,70122,1
40169,70123,M1,용연_MTr1,0.012,0.242,0.0,0.0,1.0,0.01,0.9,1.1,0.0,154,22.9,60.0,60,72,78,70123,1
40169,70123,M2,용연_MTr2,0.012,0.242,0.0,0.0,1.0,0.01,0.9,1.1,0.0,154,22.9,60.0,60,72,78,70123,1
40169,70123,M3,용연_MTr3,0.012,0.242,0.0,0.0,1.0,0.01,0.9,1.1,0.0,154,22.9,60.0,60,72,78,70123,1
40170,70124,M1,울산T2_MTr1,0.012,0.242,0.0,0.0,1.0,0.01,0.9,1.1,0.0,154,22.9,60.0,60,72,78,70124,1
40170,70124,M2,울산T2_MTr2,0.012,0.242,0.0,0.0,1.0,0.01,0.9,1.1,0.0,154,22.9,60.0,60,72,78,70124,1
40170,70124,M3,울산T2_MTr3,0.012,0.242,0.0,0.0,1.0,0.01,0.9,1.1,0.0,154,22.9,60.0,60,72,78,70124,1
40170,70124,M4,울산T2_MTr4,0.012,0.242,0.0,0.0,1.0,0.01,0.9,1.1,0.0,154,22.9,60.0,60,72,78,70124,1
40171,70125,M1,북울산_MTr1,0.012,0.242,0.0,0.0,0.99,0.01,0.9,1.1,0.0,154,22.9,60.0,60,72,78,70125,1
40171,70125,M2,북울산_MTr2,0.012,0.242,0.0,0.0,0.99,0.01,0.9,1.1,0.0,154,22.9,60.0,60,72,78,70125,1
40171,70125,M3,북울산_MTr3,0.012,0.242,0.0,0.0,0.99,0.01,0.9,1.1,0.0,154,22.9,60.0,60,72,78,70125,1
40171,70125,M4,북울산_MTr4,0.012,0.242,0.0,0.0,0.99,0.01,0.9,1.1,0.0,154,22.9,60.0,60,72,78,70125,1
40172,70126,M1,매암_MTr1,0.012,0.242,0.0,0.0,0.99,0.01,0.9,1.1,0.0,154,22.9,60.0,60,72,78,70126,1
40172,70126,M2,매암_MTr2,0.012,0.242,0.0,0.0,0.99,0.01,0.9,1.1,0.0,154,22.9,60.0,60,72,78,70126,1
40172,70126,M3,매암_MTr3,0.012,0.242,0.0,0.0,0.99,0.01,0.9,1.1,0.0,154,22.9,60.0,60,72,78,70126,1
40173,70127,M1,방어진_MTr1,0.012,0.242,0.0,0.0,0.99,0.01,0.9,1.1,0.0,154,22.9,60.0,60,72,78,70127,1
40173,70127,M2,방어진_MTr2,0.012,0.242,0.0,0.0,0.99,0.01,0.9,1.1,0.0,154,22.9,60.0,60,72,78,70127,1
40173,70127,M3,방어진_MTr3,0.012,0.242,0.0,0.0,0.99,0.01,0.9,1.1,0.0,154,22.9,60.0,60,72,78,70127,1
40174,70128,M1,효문_MTr1,0.012,0.242,0.0,0.0,0.99,0.01,0.9,1.1,0.0,154,22.9,60.0,60,72,78,70128,1
40174,70128,M2,효문_MTr2,0.012,0.242,0.0,0.0,0.99,0.01,0.9,1.1,0.0,154,22.9,60.0,60,72,78,70128,1
40174,70128,M3,효문_MTr3,0.012,0.242,0.0,0.0,0.99,0.01,0.9,1.1,0.0,154,22.9,60.0,60,72,78,70128,1
40174,70128,M4,효문_MTr4,0.012,0.242,0.0,0.0,0.99,0.01,0.9,1.1,0.0,154,22.9,60.0,60,72,78,70128,1
40175,70129,M1,강릉_MTr1,0.012,0.242,0.0,0.0,0.99,0.01,0.9,1.1,0.0,154,22.9,60.0,60,72,78,70129,1
40175,70129,M2,강릉_MTr2,0.012,0.242,0.0,0.0,0.99,0.01,0.9,1.1,0.0,154,22.9,60.0,60,72,78,70129,1
40175,70129,M3,강릉_MTr3,0.012,0.242,0.0,0.0,0.99,0.01,0.9,1.1,0.0,154,22.9,60.0,60,72,78,70129,1
40176,70130,M1,오산_MTr1,0.012,0.242,0.0,0.0,0.99,0.01,0.9,1.1,0.0,154,22.9,60.0,60,72,78,70130,1
40176,70130,M2,오산_MTr2,0.012,0.242,0.0,0.0,0.99,0.01,0.9,1.1,0.0,154,22.9,60.0,60,72,78,70130,1
40176,70130,M3,오산_MTr3,0.012,0.242,0.0,0.0,0.99,0.01,0.9,1.1,0.0,154,22.9,60.0,60,72,78,70130,1
40176,70130,M4,오산_MTr4,0.012,0.242,0.0,0.0,0.99,0.01,0.9,1.1,0.0,154,22.9,60.0,60,72,78,70130,1
40177,70131,M1,평택_MTr1,0.012,0.242,0.0,0.0,0.99,0.01,0.9,1.1,0.0,154,22.9,60.0,60,72,78,70131,1
40177,70131,M2,평택_MTr2,0.012,0.242,0.0,0.0,0.99,0.01,0.9,1.1,0.0,154,22.9,60.0,60,72,78,70131,1
40177,70131,M3,평택_MTr3,0.012,0.242,0.0,0.0,0.99,0.01,0.9,1.1,0.0,154,22.9,60.0,60,72,78,70131,1
40177,70131,M4,평택_MTr4,0.012,0.242,0.0,0.0,0.99,0.01,0.9,1.1,0.0,154,22.9,60.0,60,72,78,70131,1
40178,70132,M1,추팔_MTr1,0.012,0.242,0.0,0.0,0.99,0.01,0.9,1.1,0.0,154,22.9,60.0,60,72,78,70132,1
40178,70132,M2,추팔_MTr2,0.012,0.242,0.0,0.0,0.99,0.01,0.9,1.1,0.0,154,22.9,60.0,60,72,78,70132,1
40178,70132,M3,추팔_MTr3,0.012,0.242,0.0,0.0,0.99,0.01,0.9,1.1,0.0,154,22.9,60.0,60,72,78,70132,1
40178,70132,M4,추팔_MTr4,0.012,0.242,0.0,0.0,0.99,0.01,0.9,1.1,0.0,154,22.9,60.0,60,72,78,70132,1
40179,70133,M1,송탄_MTr1,0.012,0.242,0.0,0.0,0.99,0.01,0.9,1.1,0.0,154,22.9,60.0,60,72,78,70133,1
40179,70133,M2,송탄_MTr2,0.012,0.242,0.0,0.0,0.99,0.01,0.9,1.1,0.0,154,22.9,60.0,60,72,78,70133,1
40179,70133,M3,송탄_MTr3,0.012,0.242,0.0,0.0,0.99,0.01,0.9,1.1,0.0,154,22.9,60.0,60,72,78,70133,1
40179,70133,M4,송탄_MTr4,0.012,0.242,0.0,0.0,0.99,0.01,0.9,1.1,0.0,154,22.9,60.0,60,72,78,70133,1
40180,70134,M1,시화_MTr1,0.012,0.242,0.0,0.0,1.0,0.01,0.9,1.1,0.0,154,22.9,60.0,60,72,78,70134,1
40180,70134,M2,시화_MTr2,0.012,0.242,0.0,0.0,1.0,0.01,0.9,1.1,0.0,154,22.9,60.0,60,72,78,70134,1
40180,70134,M3,시화_MTr3,0.012,0.242,0.0,0.0,1.0,0.01,0.9,1.1,0.0,154,22.9,60.0,60,72,78,70134,1
40180,70134,M4,시화_MTr4,0.012,0.242,0.0,0.0,1.0,0.01,0.9,1.1,0.0,154,22.9,60.0,60,72,78,70134,1
40181,70135,M1,진위_MTr1,0.012,0.242,0.0,0.0,0.99,0.01,0.9,1.1,0.0,154,22.9,60.0,60,72,78,70135,1
40181,70135,M2,진위_MTr2,0.012,0.242,0.0,0.0,0.99,0.01,0.9,1.1,0.0,154,22.9,60.0,60,72,78,70135,1
40181,70135,M3,진위_MTr3,0.012,0.242,0.0,0.0,0.99,0.01,0.9,1.1,0.0,154,22.9,60.0,60,72,78,70135,1
40181,70135,M4,진위_MTr4,0.012,0.242,0.0,0.0,0.99,0.01,0.9,1.1,0.0,154,22.9,60.0,60,72,78,70135,1
40182,70136,M1,반월_MTr1,0.012,0.242,0.0,0.0,0.99,0.01,0.9,1.1,0.0,154,22.9,60.0,60,72,78,70136,1
40182,70136,M2,반월_MTr2,0.012,0.242,0.0,0.0,0.99,0.01,0.9,1.1,0.0,154,22.9,60.0,60,72,78,70136,1
40182,70136,M3,반월_MTr3,0.012,0.242,0.0,0.0,0.99,0.01,0.9,1.1,0.0,154,22.9,60.0,60,72,78,70136,1
40182,70136,M4,반월_MTr4,0.012,0.242,0.0,0.0,0.99,0.01,0.9,1.1,0.0,154,22.9,60.0,60,72,78,70136,1
40183,70137,M1,한샘_MTr1,0.012,0.242,0.0,0.0,0.99,0.01,0.9,1.1,0.0,154,22.9,60.0,60,72,78,70137,1
40183,70137,M2,한샘_MTr2,0.012,0.242,0.0,0.0,0.99,0.01,0.9,1.1,0.0,154,22.9,60.0,60,72,78,70137,1
40183,70137,M3,한샘_MTr3,0.012,0.242,0.0,0.0,0.99,0.01,0.9,1.1,0.0,154,22.9,60.0,60,72,78,70137,1
40183,70137,M4,한샘_MTr4,0.012,0.242,0.0,0.0,0.99,0.01,0.9,1.1,0.0,154,22.9,60.0,60,72,78,70137,1
40184,70138,M1,서운_MTr1,0.012,0.242,0.0,0.0,0.99,0.01,0.9,1.1,0.0,154,22.9,60.0,60,72,78,70138,1
40184,70138,M2,서운_MTr2,0.012,0.242,0.0,0.0,0.99,0.01,0.9,1.1,0.0,154,22.9,60.0,60,72,78,70138,1
40184,70138,M3,서운_MTr3,0.012,0.242,0.0,0.0,0.99,0.01,0.9,1.1,0.0,154,22.9,60.0,60,72,78,70138,1
40184,70138,M4,서운_MTr4,0.012,0.242,0.0,0.0,0.99,0.01,0.9,1.1,0.0,154,22.9,60.0,60,72,78,70138,1
40185,70139,M1,세종T1_MTr1,0.012,0.242,0.0,0.0,0.99,0.01,0.9,1.1,0.0,154,22.9,60.0,60,72,78,70139,1
40185,70139,M2,세종T1_MTr2,0.012,0.242,0.0,0.0,0.99,0.01,0.9,1.1,0.0,154,22.9,60.0,60,72,78,70139,1
40185,70139,M3,세종T1_MTr3,0.012,0.242,0.0,0.0,0.99,0.01,0.9,1.1,0.0,154,22.9,60.0,60,72,78,70139,1
40185,70139,M4,세종T1_MTr4,0.012,0.242,0.0,0.0,0.99,0.01,0.9,1.1,0.0,154,22.9,60.0,60,72,78,70139,1
40186,70140,M1,간성_MTr1,0.012,0.242,0.0,0.0,0.97,0.01,0.9,1.1,0.0,154,22.9,60.0,60,72,78,70140,1
40186,70140,M2,간성_MTr2,0.012,0.242,0.0,0.0,0.97,0.01,0.9,1.1,0.0,154,22.9,60.0,60,72,78,70140,1
40186,70140,M3,간성_MTr3,0.012,0.242,0.0,0.0,0.97,0.01,0.9,1.1,0.0,154,22.9,60.0,60,72,78,70140,1
40187,70141,M1,밀양T2_MTr1,0.012,0.242,0.0,0.0,1.0,0.01,0.9,1.1,0.0,154,22.9,60.0,60,72,78,70141,1
40187,70141,M2,밀양T2_MTr2,0.012,0.242,0.0,0.0,1.0,0.01,0.9,1.1,0.0,154,22.9,60.0,60,72,78,70141,1
40187,70141,M3,밀양T2_MTr3,0.012,0.242,0.0,0.0,1.0,0.01,0.9,1.1,0.0,154,22.9,60.0,60,72,78,70141,1
40188,70142,M1,노변_MTr1,0.012,0.242,0.0,0.0,1.0,0.01,0.9,1.1,0.0,154,22.9,60.0,60,72,78,70142,1
40188,70142,M2,노변_MTr2,0.012,0.242,0.0,0.0,1.0,0.01,0.9,1.1,0.0,154,22.9,60.0,60,72,78,70142,1
40188,70142,M3,노변_MTr3,0.012,0.242,0.0,0.0,1.0,0.01,0.9,1.1,0.0,154,22.9,60.0,60,72,78,70142,1
40189,70143,M1,좌동_MTr1,0.012,0.242,0.0,0.0,1.0,0.01,0.9,1.1,0.0,154,22.9,60.0,60,72,78,70143,1
40189,70143,M2,좌동_MTr2,0.012,0.242,0.0,0.0,1.0,0.01,0.9,1.1,0.0,154,22.9,60.0,60,72,78,70143,1
40189,70143,M3,좌동_MTr3,0.012,0.242,0.0,0.0,1.0,0.01,0.9,1.1,0.0,154,22.9,60.0,60,72,78,70143,1
40189,70143,M4,좌동_MTr4,0.012,0.242,0.0,0.0,1.0,0.01,0.9,1.1,0.0,154,22.9,60.0,60,72,78,70143,1
40190,70144,M1,밀양_MTr1,0.012,0.242,0.0,0.0,1.0,0.01,0.9,1.1,0.0,154,22.9,60.0,60,72,78,70144,1
40190,70144,M2,밀양_MTr2,0.012,0.242,0.0,0.0,1.0,0.01,0.9,1.1,0.0,154,22.9,60.0,60,72,78,70144,1
40190,70144,M3,밀양_MTr3,0.012,0.242,0.0,0.0,1.0,0.01,0.9,1.1,0.0,154,22.9,60.0,60,72,78,70144,1
40190,70144,M4,밀양_MTr4,0.012,0.242,0.0,0.0,1.0,0.01,0.9,1.1,0.0,154,22.9,60.0,60,72,78,70144,1
40191,70145,M1,청도_MTr1,0.012,0.242,0.0,0.0,1.0,0.01,0.9,1.1,0.0,154,22.9,60.0,60,72,78,70145,1
40191,70145,M2,청도_MTr2,0.012,0.242,0.0,0.0,1.0,0.01,0.9,1.1,0.0,154,22.9,60.0,60,72,78,70145,1
40191,70145,M3,청도_MTr3,0.012,0.242,0.0,0.0,1.0,0.01,0.9,1.1,0.0,154,22.9,60.0,60,72,78,70145,1
40191,70145,M4,청도_MTr4,0.012,0.242,0.0,0.0,1.0,0.01,0.9,1.1,0.0,154,22.9,60.0,60,72,78,70145,1
40192,70146,M1,상정_MTr1,0.012,0.242,0.0,0.0,1.0,0.01,0.9,1.1,0.0,154,22.9,60.0,60,72,78,70146,1
40192,70146,M2,상정_MTr2,0.012,0.242,0.0,0.0,1.0,0.01,0.9,1.1,0.0,154,22.9,60.0,60,72,78,70146,1
40192,70146,M3,상정_MTr3,0.012,0.242,0.0,0.0,1.0,0.01,0.9,1.1,0.0,154,22.9,60.0,60,72,78,70146,1
40193,70147,M1,포항T1_MTr1,0.012,0.242,0.0,0.0,1.0,0.01,0.9,1.1,0.0,154,22.9,60.0,60,72,78,70147,1
40193,70147,M2,포항T1_MTr2,0.012,0.242,0.0,0.0,1.0,0.01,0.9,1.1,0.0,154,22.9,60.0,60,72,78,70147,1
40193,70147,M3,포항T1_MTr3,0.012,0.242,0.0,0.0,1.0,0.01,0.9,1.1,0.0,154,22.9,60.0,60,72,78,70147,1
40193,70147,M4,포항T1_MTr4,0.012,0.242,0.0,0.0,1.0,0.01,0.9,1.1,0.0,154,22.9,60.0,60,72,78,70147,1
40194,70148,M1,외동_MTr1,0.012,0.242,0.0,0.0,1.0,0.01,0.9,1.1,0.0,154,22.9,60.0,60,72,78,70148,1
40194,70148,M2,외동_MTr2,0.012,0.242,0.0,0.0,1.0,0.01,0.9,1.1,0.0,154,22.9,60.0,60,72,78,70148,1
40194,70148,M3,외동_MTr3,0.012,0.242,0.0,0.0,1.0,0.01,0.9,1.1,0.0,154,22.9,60.0,60,72,78,70148,1
40194,70148,M4,외동_MTr4,0.012,0.242,0.0,0.0,1.0,0.01,0.9,1.1,0.0,154,22.9,60.0,60,72,78,70148,1
40195,70149,M1,하동_MTr1,0.012,0.242,0.0,0.0,0.99,0.01,0.9,1.1,0.0,154,22.9,60.0,60,72,78,70149,1
40195,70149,M2,하동_MTr2,0.012,0.242,0.0,0.0,0.99,0.01,0.9,1.1,0.0,154,22.9,60.0,60,72,78,70149,1
40195,70149,M3,하동_MTr3,0.012,0.242,0.0,0.0,0.99,0.01,0.9,1.1,0.0,154,22.9,60.0,60,72,78,70149,1
40195,70149,M4,하동_MTr4,0.012,0.242,0.0,0.0,0.99,0.01,0.9,1.1,0.0,154,22.9,60.0,60,72,78,70149,1
40196,70150,M1,남해_MTr1,0.012,0.242,0.0,0.0,0.99,0.01,0.9,1.1,0.0,154,22.9,60.0,60,72,78,70150,1
40196,70150,M2,남해_MTr2,0.012,0.242,0.0,0.0,0.99,0.01,0.9,1.1,0.0,154,22.9,60.0,60,72,78,70150,1
40196,70150,M3,남해_MTr3,0.012,0.242,0.0,0.0,0.99,0.01,0.9,1.1,0.0,154,22.9,60.0,60,72,78,70150,1
40196,70150,M4,남해_MTr4,0.012,0.242,0.0,0.0,0.99,0.01,0.9,1.1,0.0,154,22.9,60.0,60,72,78,70150,1
40197,70151,M1,함양_MTr1,0.012,0.242,0.0,0.0,0.99,0.01,0.9,1.1,0.0,154,22.9,60.0,60,72,78,70151,1
40197,70151,M2,함양_MTr2,0.012,0.242,0.0,0.0,0.99,0.01,0.9,1.1,0.0,154,22.9,60.0,60,72,78,70151,1
40197,70151,M3,함양_MTr3,0.012,0.242,0.0,0.0,0.99,0.01,0.9,1.1,0.0,154,22.9,60.0,60,72,78,70151,1
40197,70151,M4,함양_MTr4,0.012,0.242,0.0,0.0,0.99,0.01,0.9,1.1,0.0,154,22.9,60.0,60,72,78,70151,1
40198,70152,M1,고성_MTr1,0.012,0.242,0.0,0.0,1.0,0.01,0.9,1.1,0.0,154,22.9,60.0,60,72,78,70152,1
40198,70152,M2,고성_MTr2,0.012,0.242,0.0,0.0,1.0,0.01,0.9,1.1,0.0,154,22.9,60.0,60,72,78,70152,1
40198,70152,M3,고성_MTr3,0.012,0.242,0.0,0.0,1.0,0.01,0.9,1.1,0.0,154,22.9,60.0,60,72,78,70152,1
40198,70152,M4,고성_MTr4,0.012,0.242,0.0,0.0,1.0,0.01,0.9,1.1,0.0,154,22.9,60.0,60,72,78,70152,1
40199,70153,M1,남창_MTr1,0.012,0.242,0.0,0.0,1.0,0.01,0.9,1.1,0.0,154,22.9,60.0,60,72,78,70153,1
40199,70153,M2,남창_MTr2,0.012,0.242,0.0,0.0,1.0,0.01,0.9,1.1,0.0,154,22.9,60.0,60,72,78,70153,1
40199,70153,M3,남창_MTr3,0.012,0.242,0.0,0.0,1.0,0.01,0.9,1.1,0.0,154,22.9,60.0,60,72,78,70153,1
40199,70153,M4,남창_MTr4,0.012,0.242,0.0,0.0,1.0,0.01,0.9,1.1,0.0,154,22.9,60.0,60,72,78,70153,1
40200,70154,M1,점촌_MTr1,0.012,0.242,0.0,0.0,0.99,0.01,0.9,1.1,0.0,154,22.9,60.0,60,72,78,70154,1
40200,70154,M2,점촌_MTr2,0.012,0.242,0.0,0.0,0.99,0.01,0.9,1.1,0.0,154,22.9,60.0,60,72,78,70154,1
40200,70154,M3,점촌_MTr3,0.012,0.242,0.0,0.0,0.99,0.01,0.9,1.1,0.0,154,22.9,60.0,60,72,78,70154,1
40200,70154,M4,점촌_MTr4,0.012,0.242,0.0,0.0,0.99,0.01,0.9,1.1,0.0,154,22.9,60.0,60,72,78,70154,1
40201,70155,M1,상주_MTr1,0.012,0.242,0.0,0.0,0.99,0.01,0.9,1.1,0.0,154,22.9,60.0,60,72,78,70155,1
40201,70155,M2,상주_MTr2,0.012,0.242,0.0,0.0,0.99,0.01,0.9,1.1,0.0,154,22.9,60.0,60,72,78,70155,1
40201,70155,M3,상주_MTr3,0.012,0.242,0.0,0.0,0.99,0.01,0.9,1.1,0.0,154,22.9,60.0,60,72,78,70155,1
40201,70155,M4,상주_MTr4,0.012,0.242,0.0,0.0,0.99,0.01,0.9,1.1,0.0,154,22.9,60.0,60,72,78,70155,1
40202,70156,M1,해남_MTr1,0.012,0.242,0.0,0.0,1.03,0.01,0.9,1.1,0.0,154,22.9,60.0,60,72,78,70156,1
40202,70156,M2,해남_MTr2,0.012,0.242,0.0,0.0,1.03,0.01,0.9,1.1,0.0,154,22.9,60.0,60,72,78,70156,1
40202,70156,M3,해남_MTr3,0.012,0.242,0.0,0.0,1.03,0.01,0.9,1.1,0.0,154,22.9,60.0,60,72,78,70156,1
40202,70156,M4,해남_MTr4,0.012,0.242,0.0,0.0,1.03,0.01,0.9,1.1,0.0,154,22.9,60.0,60,72,78,70156,1
40203,70157,M1,북평_MTr1,0.012,0.242,0.0,0.0,1.01,0.01,0.9,1.1,0.0,154,22.9,60.0,60,72,78,70157,1
40203,70157,M2,북평_MTr2,0.012,0.242,0.0,0.0,1.01,0.01,0.9,1.1,0.0,154,22.9,60.0,60,72,78,70157,1
40203,70157,M3,북평_MTr3,0.012,0.242,0.0,0.0,1.01,0.01,0.9,1.1,0.0,154,22.9,60.0,60,72,78,70157,1
40204,70158,M1,아현_MTr1,0.012,0.242,0.0,0.0,1.0,0.01,0.9,1.1,0.0,154,22.9,60.0,60,72,78,70158,1
40204,70158,M2,아현_MTr2,0.012,0.242,0.0,0.0,1.0,0.01,0.9,1.1,0.0,154,22.9,60.0,60,72,78,70158,1
40204,70158,M3,아현_MTr3,0.012,0.242,0.0,0.0,1.0,0.01,0.9,1.1,0.0,154,22.9,60.0,60,72,78,70158,1
40205,70159,M1,신촌_MTr1,0.012,0.242,0.0,0.0,0.99,0.01,0.9,1.1,0.0,154,22.9,60.0,60,72,78,70159,1
40205,70159,M2,신촌_MTr2,0.012,0.242,0.0,0.0,0.99,0.01,0.9,1.1,0.0,154,22.9,60.0,60,72,78,70159,1
40205,70159,M3,신촌_MTr3,0.012,0.242,0.0,0.0,0.99,0.01,0.9,1.1,0.0,154,22.9,60.0,60,72,78,70159,1
40206,70160,M1,태백T1_MTr1,0.012,0.242,0.0,0.0,0.99,0.01,0.9,1.1,0.0,154,22.9,60.0,60,72,78,70160,1
40206,70160,M2,태백T1_MTr2,0.012,0.242,0.0,0.0,0.99,0.01,0.9,1.1,0.0,154,22.9,60.0,60,72,78,70160,1
40206,70160,M3,태백T1_MTr3,0.012,0.242,0.0,0.0,0.99,0.01,0.9,1.1,0.0,154,22.9,60.0,60,72,78,70160,1
40207,70161,M1,하남_MTr1,0.012,0.242,0.0,0.0,0.99,0.01,0.9,1.1,0.0,154,22.9,60.0,60,72,78,70161,1
40207,70161,M2,하남_MTr2,0.012,0.242,0.0,0.0,0.99,0.01,0.9,1.1,0.0,154,22.9,60.0,60,72,78,70161,1
40207,70161,M3,하남_MTr3,0.012,0.242,0.0,0.0,0.99,0.01,0.9,1.1,0.0,154,22.9,60.0,60,72,78,70161,1
40208,70162,M1,동안양_MTr1,0.012,0.242,0.0,0.0,0.99,0.01,0.9,1.1,0.0,154,22.9,60.0,60,72,78,70162,1
40208,70162,M2,동안양_MTr2,0.012,0.242,0.0,0.0,0.99,0.01,0.9,1.1,0.0,154,22.9,60.0,60,72,78,70162,1
40208,70162,M3,동안양_MTr3,0.012,0.242,0.0,0.0,0.99,0.01,0.9,1.1,0.0,154,22.9,60.0,60,72,78,70162,1
40208,70162,M4,동안양_MTr4,0.012,0.242,0.0,0.0,0.99,0.01,0.9,1.1,0.0,154,22.9,60.0,60,72,78,70162,1
40209,70163,M1,성산_MTr1,0.012,0.242,0.0,0.0,1.01,0.01,0.9,1.1,0.0,154,22.9,60.0,60,72,78,70163,1
40209,70163,M2,성산_MTr2,0.012,0.242,0.0,0.0,1.01,0.01,0.9,1.1,0.0,154,22.9,60.0,60,72,78,70163,1
40209,70163,M3,성산_MTr3,0.012,0.242,0.0,0.0,1.01,0.01,0.9,1.1,0.0,154,22.9,60.0,60,72,78,70163,1
40211,70164,M1,수지_MTr1,0.012,0.242,0.0,0.0,0.99,0.01,0.9,1.1,0.0,154,22.9,60.0,60,72,78,70164,1
40211,70164,M2,수지_MTr2,0.012,0.242,0.0,0.0,0.99,0.01,0.9,1.1,0.0,154,22.9,60.0,60,72,78,70164,1
40211,70164,M3,수지_MTr3,0.012,0.242,0.0,0.0,0.99,0.01,0.9,1.1,0.0,154,22.9,60.0,60,72,78,70164,1
40211,70164,M4,수지_MTr4,0.012,0.242,0.0,0.0,0.99,0.01,0.9,1.1,0.0,154,22.9,60.0,60,72,78,70164,1
40212,70165,M1,포승_MTr1,0.012,0.242,0.0,0.0,0.99,0.01,0.9,1.1,0.0,154,22.9,60.0,60,72,78,70165,1
40212,70165,M2,포승_MTr2,0.012,0.242,0.0,0.0,0.99,0.01,0.9,1.1,0.0,154,22.9,60.0,60,72,78,70165,1
40212,70165,M3,포승_MTr3,0.012,0.242,0.0,0.0,0.99,0.01,0.9,1.1,0.0,154,22.9,60.0,60,72,78,70165,1
40212,70165,M4,포승_MTr4,0.012,0.242,0.0,0.0,0.99,0.01,0.9,1.1,0.0,154,22.9,60.0,60,72,78,70165,1
40214,70166,M1,평동_MTr1,0.012,0.242,0.0,0.0,0.99,0.01,0.9,1.1,0.0,154,22.9,60.0,60,72,78,70166,1
40214,70166,M2,평동_MTr2,0.012,0.242,0.0,0.0,0.99,0.01,0.9,1.1,0.0,154,22.9,60.0,60,72,78,70166,1
40214,70166,M3,평동_MTr3,0.012,0.242,0.0,0.0,0.99,0.01,0.9,1.1,0.0,154,22.9,60.0,60,72,78,70166,1
40215,70167,M1,풍동_MTr1,0.012,0.242,0.0,0.0,0.99,0.01,0.9,1.1,0.0,154,22.9,60.0,60,72,78,70167,1
40215,70167,M2,풍동_MTr2,0.012,0.242,0.0,0.0,0.99,0.01,0.9,1.1,0.0,154,22.9,60.0,60,72,78,70167,1
40215,70167,M3,풍동_MTr3,0.012,0.242,0.0,0.0,0.99,0.01,0.9,1.1,0.0,154,22.9,60.0,60,72,78,70167,1
40215,70167,M4,풍동_MTr4,0.012,0.242,0.0,0.0,0.99,0.01,0.9,1.1,0.0,154,22.9,60.0,60,72,78,70167,1
40216,70168,M1,음성_MTr1,0.012,0.242,0.0,0.0,0.99,0.01,0.9,1.1,0.0,154,22.9,60.0,60,72,78,70168,1
40216,70168,M2,음성_MTr2,0.012,0.242,0.0,0.0,0.99,0.01,0.9,1.1,0.0,154,22.9,60.0,60,72,78,70168,1
40216,70168,M3,음성_MTr3,0.012,0.242,0.0,0.0,0.99,0.01,0.9,1.1,0.0,154,22.9,60.0,60,72,78,70168,1
40216,70168,M4,음성_MTr4,0.012,0.242,0.0,0.0,0.99,0.01,0.9,1.1,0.0,154,22.9,60.0,60,72,78,70168,1
40217,70169,M1,장성_MTr1,0.012,0.242,0.0,0.0,0.99,0.01,0.9,1.1,0.0,154,22.9,60.0,60,72,78,70169,1
40217,70169,M2,장성_MTr2,0.012,0.242,0.0,0.0,0.99,0.01,0.9,1.1,0.0,154,22.9,60.0,60,72,78,70169,1
40217,70169,M3,장성_MTr3,0.012,0.242,0.0,0.0,0.99,0.01,0.9,1.1,0.0,154,22.9,60.0,60,72,78,70169,1
40218,70170,M1,북항_MTr1,0.012,0.242,0.0,0.0,0.99,0.01,0.9,1.1,0.0,154,22.9,60.0,60,72,78,70170,1
40218,70170,M2,북항_MTr2,0.012,0.242,0.0,0.0,0.99,0.01,0.9,1.1,0.0,154,22.9,60.0,60,72,78,70170,1
40218,70170,M3,북항_MTr3,0.012,0.242,0.0,0.0,0.99,0.01,0.9,1.1,0.0,154,22.9,60.0,60,72,78,70170,1
40218,70170,M4,북항_MTr4,0.012,0.242,0.0,0.0,0.99,0.01,0.9,1.1,0.0,154,22.9,60.0,60,72,78,70170,1
40219,70171,M1,나주_MTr1,0.012,0.242,0.0,0.0,0.99,0.01,0.9,1.1,0.0,154,22.9,60.0,60,72,78,70171,1
40219,70171,M2,나주_MTr2,0.012,0.242,0.0,0.0,0.99,0.01,0.9,1.1,0.0,154,22.9,60.0,60,72,78,70171,1
40219,70171,M3,나주_MTr3,0.012,0.242,0.0,0.0,0.99,0.01,0.9,1.1,0.0,154,22.9,60.0,60,72,78,70171,1
40219,70171,M4,나주_MTr4,0.012,0.242,0.0,0.0,0.99,0.01,0.9,1.1,0.0,154,22.9,60.0,60,72,78,70171,1
40220,70172,M1,계양2_MTr1,0.012,0.242,0.0,0.0,1.0,0.01,0.9,1.1,0.0,154,22.9,60.0,60,72,78,70172,1
40220,70172,M2,계양2_MTr2,0.012,0.242,0.0,0.0,1.0,0.01,0.9,1.1,0.0,154,22.9,60.0,60,72,78,70172,1
40220,70172,M3,계양2_MTr3,0.012,0.242,0.0,0.0,1.0,0.01,0.9,1.1,0.0,154,22.9,60.0,60,72,78,70172,1
40220,70172,M4,계양2_MTr4,0.012,0.242,0.0,0.0,1.0,0.01,0.9,1.1,0.0,154,22.9,60.0,60,72,78,70172,1
40221,70173,M1,송도_MTr1,0.012,0.242,0.0,0.0,1.0,0.01,0.9,1.1,0.0,154,22.9,60.0,60,72,78,70173,1
40221,70173,M2,송도_MTr2,0.012,0.242,0.0,0.0,1.0,0.01,0.9,1.1,0.0,154,22.9,60.0,60,72,78,70173,1
40221,70173,M3,송도_MTr3,0.012,0.242,0.0,0.0,1.0,0.01,0.9,1.1,0.0,154,22.9,60.0,60,72,78,70173,1
40222,70174,M1,흥인_MTr1,0.012,0.242,0.0,0.0,0.99,0.01,0.9,1.1,0.0,154,22.9,60.0,60,72,78,70174,1
40222,70174,M2,흥인_MTr2,0.012,0.242,0.0,0.0,0.99,0.01,0.9,1.1,0.0,154,22.9,60.0,60,72,78,70174,1
40222,70174,M3,흥인_MTr3,0.012,0.242,0.0,0.0,0.99,0.01,0.9,1.1,0.0,154,22.9,60.0,60,72,78,70174,1
40223,70175,M1,연수_MTr1,0.012,0.242,0.0,0.0,1.0,0.01,0.9,1.1,0.0,154,22.9,60.0,60,72,78,70175,1
40223,70175,M2,연수_MTr2,0.012,0.242,0.0,0.0,1.0,0.01,0.9,1.1,0.0,154,22.9,60.0,60,72,78,70175,1
40223,70175,M3,연수_MTr3,0.012,0.242,0.0,0.0,1.0,0.01,0.9,1.1,0.0,154,22.9,60.0,60,72,78,70175,1
40224,70176,M1,논산_MTr1,0.012,0.242,0.0,0.0,0.99,0.01,0.9,1.1,0.0,154,22.9,60.0,60,72,78,70176,1
40224,70176,M2,논산_MTr2,0.012,0.242,0.0,0.0,0.99,0.01,0.9,1.1,0.0,154,22.9,60.0,60,72,78,70176,1
40224,70176,M3,논산_MTr3,0.012,0.242,0.0,0.0,0.99,0.01,0.9,1.1,0.0,154,22.9,60.0,60,72,78,70176,1
40224,70176,M4,논산_MTr4,0.012,0.242,0.0,0.0,0.99,0.01,0.9,1.1,0.0,154,22.9,60.0,60,72,78,70176,1
40225,70177,M1,주촌_MTr1,0.012,0.242,0.0,0.0,0.99,0.01,0.9,1.1,0.0,154,22.9,60.0,60,72,78,70177,1
40225,70177,M2,주촌_MTr2,0.012,0.242,0.0,0.0,0.99,0.01,0.9,1.1,0.0,154,22.9,60.0,60,72,78,70177,1
40225,70177,M3,주촌_MTr3,0.012,0.242,0.0,0.0,0.99,0.01,0.9,1.1,0.0,154,22.9,60.0,60,72,78,70177,1
40225,70177,M4,주촌_MTr4,0.012,0.242,0.0,0.0,0.99,0.01,0.9,1.1,0.0,154,22.9,60.0,60,72,78,70177,1
40227,70178,M1,미음_MTr1,0.012,0.242,0.0,0.0,1.0,0.01,0.9,1.1,0.0,154,22.9,60.0,60,72,78,70178,1
40227,70178,M2,미음_MTr2,0.012,0.242,0.0,0.0,1.0,0.01,0.9,1.1,0.0,154,22.9,60.0,60,72,78,70178,1
40227,70178,M3,미음_MTr3,0.012,0.242,0.0,0.0,1.0,0.01,0.9,1.1,0.0,154,22.9,60.0,60,72,78,70178,1
40228,70179,M1,삼정_MTr1,0.012,0.242,0.0,0.0,0.99,0.01,0.9,1.1,0.0,154,22.9,60.0,60,72,78,70179,1
40228,70179,M2,삼정_MTr2,0.012,0.242,0.0,0.0,0.99,0.01,0.9,1.1,0.0,154,22.9,60.0,60,72,78,70179,1
40228,70179,M3,삼정_MTr3,0.012,0.242,0.0,0.0,0.99,0.01,0.9,1.1,0.0,154,22.9,60.0,60,72,78,70179,1
40229,70180,M1,야탑_MTr1,0.012,0.242,0.0,0.0,0.99,0.01,0.9,1.1,0.0,154,22.9,60.0,60,72,78,70180,1
40229,70180,M2,야탑_MTr2,0.012,0.242,0.0,0.0,0.99,0.01,0.9,1.1,0.0,154,22.9,60.0,60,72,78,70180,1
40229,70180,M3,야탑_MTr3,0.012,0.242,0.0,0.0,0.99,0.01,0.9,1.1,0.0,154,22.9,60.0,60,72,78,70180,1
40229,70180,M4,야탑_MTr4,0.012,0.242,0.0,0.0,0.99,0.01,0.9,1.1,0.0,154,22.9,60.0,60,72,78,70180,1
40230,70181,M1,신림_MTr1,0.012,0.242,0.0,0.0,0.99,0.01,0.9,1.1,0.0,154,22.9,60.0,60,72,78,70181,1
40230,70181,M2,신림_MTr2,0.012,0.242,0.0,0.0,0.99,0.01,0.9,1.1,0.0,154,22.9,60.0,60,72,78,70181,1
40230,70181,M3,신림_MTr3,0.012,0.242,0.0,0.0,0.99,0.01,0.9,1.1,0.0,154,22.9,60.0,60,72,78,70181,1
40231,70182,M1,여주_MTr1,0.012,0.242,0.0,0.0,0.99,0.01,0.9,1.1,0.0,154,22.9,60.0,60,72,78,70182,1
40231,70182,M2,여주_MTr2,0.012,0.242,0.0,0.0,0.99,0.01,0.9,1.1,0.0,154,22.9,60.0,60,72,78,70182,1
40231,70182,M3,여주_MTr3,0.012,0.242,0.0,0.0,0.99,0.01,0.9,1.1,0.0,154,22.9,60.0,60,72,78,70182,1
40231,70182,M4,여주_MTr4,0.012,0.242,0.0,0.0,0.99,0.01,0.9,1.1,0.0,154,22.9,60.0,60,72,78,70182,1
40232,70183,M1,안암_MTr1,0.012,0.242,0.0,0.0,0.99,0.01,0.9,1.1,0.0,154,22.9,60.0,60,72,78,70183,1
40232,70183,M2,안암_MTr2,0.012,0.242,0.0,0.0,0.99,0.01,0.9,1.1,0.0,154,22.9,60.0,60,72,78,70183,1
40232,70183,M3,안암_MTr3,0.012,0.242,0.0,0.0,0.99,0.01,0.9,1.1,0.0,154,22.9,60.0,60,72,78,70183,1
40233,70184,M1,가남_MTr1,0.012,0.242,0.0,0.0,0.98,0.01,0.9,1.1,0.0,154,22.9,60.0,60,72,78,70184,1
40233,70184,M2,가남_MTr2,0.012,0.242,0.0,0.0,0.98,0.01,0.9,1.1,0.0,154,22.9,60.0,60,72,78,70184,1
40233,70184,M3,가남_MTr3,0.012,0.242,0.0,0.0,0.98,0.01,0.9,1.1,0.0,154,22.9,60.0,60,72,78,70184,1
40233,70184,M4,가남_MTr4,0.012,0.242,0.0,0.0,0.98,0.01,0.9,1.1,0.0,154,22.9,60.0,60,72,78,70184,1
40234,70185,M1,거제_MTr1,0.012,0.242,0.0,0.0,1.0,0.01,0.9,1.1,0.0,154,22.9,60.0,60,72,78,70185,1
40234,70185,M2,거제_MTr2,0.012,0.242,0.0,0.0,1.0,0.01,0.9,1.1,0.0,154,22.9,60.0,60,72,78,70185,1
40234,70185,M3,거제_MTr3,0.012,0.242,0.0,0.0,1.0,0.01,0.9,1.1,0.0,154,22.9,60.0,60,72,78,70185,1
40235,70186,M1,은평_MTr1,0.012,0.242,0.0,0.0,0.99,0.01,0.9,1.1,0.0,154,22.9,60.0,60,72,78,70186,1
40235,70186,M2,은평_MTr2,0.012,0.242,0.0,0.0,0.99,0.01,0.9,1.1,0.0,154,22.9,60.0,60,72,78,70186,1
40235,70186,M3,은평_MTr3,0.012,0.242,0.0,0.0,0.99,0.01,0.9,1.1,0.0,154,22.9,60.0,60,72,78,70186,1
40235,70186,M4,은평_MTr4,0.012,0.242,0.0,0.0,0.99,0.01,0.9,1.1,0.0,154,22.9,60.0,60,72,78,70186,1
40236,70187,M1,화곡_MTr1,0.012,0.242,0.0,0.0,1.0,0.01,0.9,1.1,0.0,154,22.9,60.0,60,72,78,70187,1
40236,70187,M2,화곡_MTr2,0.012,0.242,0.0,0.0,1.0,0.01,0.9,1.1,0.0,154,22.9,60.0,60,72,78,70187,1
40236,70187,M3,화곡_MTr3,0.012,0.242,0.0,0.0,1.0,0.01,0.9,1.1,0.0,154,22.9,60.0,60,72,78,70187,1
40237,70188,M1,원흥_MTr1,0.012,0.242,0.0,0.0,0.99,0.01,0.9,1.1,0.0,154,22.9,60.0,60,72,78,70188,1
40237,70188,M2,원흥_MTr2,0.012,0.242,0.0,0.0,0.99,0.01,0.9,1.1,0.0,154,22.9,60.0,60,72,78,70188,1
40237,70188,M3,원흥_MTr3,0.012,0.242,0.0,0.0,0.99,0.01,0.9,1.1,0.0,154,22.9,60.0,60,72,78,70188,1
40237,70188,M4,원흥_MTr4,0.012,0.242,0.0,0.0,0.99,0.01,0.9,1.1,0.0,154,22.9,60.0,60,72,78,70188,1
40238,70189,M1,수색_MTr1,0.012,0.242,0.0,0.0,0.99,0.01,0.9,1.1,0.0,154,22.9,60.0,60,72,78,70189,1
40238,70189,M2,수색_MTr2,0.012,0.242,0.0,0.0,0.99,0.01,0.9,1.1,0.0,154,22.9,60.0,60,72,78,70189,1
40238,70189,M3,수색_MTr3,0.012,0.242,0.0,0.0,0.99,0.01,0.9,1.1,0.0,154,22.9,60.0,60,72,78,70189,1
40239,70190,M1,산성_MTr1,0.012,0.242,0.0,0.0,0.99,0.01,0.9,1.1,0.0,154,22.9,60.0,60,72,78,70190,1
40239,70190,M2,산성_MTr2,0.012,0.242,0.0,0.0,0.99,0.01,0.9,1.1,0.0,154,22.9,60.0,60,72,78,70190,1
40239,70190,M3,산성_MTr3,0.012,0.242,0.0,0.0,0.99,0.01,0.9,1.1,0.0,154,22.9,60.0,60,72,78,70190,1
40239,70190,M4,산성_MTr4,0.012,0.242,0.0,0.0,0.99,0.01,0.9,1.1,0.0,154,22.9,60.0,60,72,78,70190,1
40240,70191,M1,상계_MTr1,0.012,0.242,0.0,0.0,0.99,0.01,0.9,1.1,0.0,154,22.9,60.0,60,72,78,70191,1
40240,70191,M2,상계_MTr2,0.012,0.242,0.0,0.0,0.99,0.01,0.9,1.1,0.0,154,22.9,60.0,60,72,78,70191,1
40240,70191,M3,상계_MTr3,0.012,0.242,0.0,0.0,0.99,0.01,0.9,1.1,0.0,154,22.9,60.0,60,72,78,70191,1
40240,70191,M4,상계_MTr4,0.012,0.242,0.0,0.0,0.99,0.01,0.9,1.1,0.0,154,22.9,60.0,60,72,78,70191,1
40241,70192,M1,봉화_MTr1,0.012,0.242,0.0,0.0,1.0,0.01,0.9,1.1,0.0,154,22.9,60.0,60,72,78,70192,1
40241,70192,M2,봉화_MTr2,0.012,0.242,0.0,0.0,1.0,0.01,0.9,1.1,0.0,154,22.9,60.0,60,72,78,70192,1
40241,70192,M3,봉화_MTr3,0.012,0.242,0.0,0.0,1.0,0.01,0.9,1.1,0.0,154,22.9,60.0,60,72,78,70192,1
40241,70192,M4,봉화_MTr4,0.012,0.242,0.0,0.0,1.0,0.01,0.9,1.1,0.0,154,22.9,60.0,60,72,78,70192,1
40242,70193,M1,둔포_MTr1,0.012,0.242,0.0,0.0,0.99,0.01,0.9,1.1,0.0,154,22.9,60.0,60,72,78,70193,1
40242,70193,M2,둔포_MTr2,0.012,0.242,0.0,0.0,0.99,0.01,0.9,1.1,0.0,154,22.9,60.0,60,72,78,70193,1
40242,70193,M3,둔포_MTr3,0.012,0.242,0.0,0.0,0.99,0.01,0.9,1.1,0.0,154,22.9,60.0,60,72,78,70193,1
40242,70193,M4,둔포_MTr4,0.012,0.242,0.0,0.0,0.99,0.01,0.9,1.1,0.0,154,22.9,60.0,60,72,78,70193,1
40243,70194,M1,반야월_MTr1,0.012,0.242,0.0,0.0,1.0,0.01,0.9,1.1,0.0,154,22.9,60.0,60,72,78,70194,1
40243,70194,M2,반야월_MTr2,0.012,0.242,0.0,0.0,1.0,0.01,0.9,1.1,0.0,154,22.9,60.0,60,72,78,70194,1
40243,70194,M3,반야월_MTr3,0.012,0.242,0.0,0.0,1.0,0.01,0.9,1.1,0.0,154,22.9,60.0,60,72,78,70194,1
40244,70195,M1,산본_MTr1,0.012,0.242,0.0,0.0,0.99,0.01,0.9,1.1,0.0,154,22.9,60.0,60,72,78,70195,1
40244,70195,M2,산본_MTr2,0.012,0.242,0.0,0.0,0.99,0.01,0.9,1.1,0.0,154,22.9,60.0,60,72,78,70195,1
40244,70195,M3,산본_MTr3,0.012,0.242,0.0,0.0,0.99,0.01,0.9,1.1,0.0,154,22.9,60.0,60,72,78,70195,1
40244,70195,M4,산본_MTr4,0.012,0.242,0.0,0.0,0.99,0.01,0.9,1.1,0.0,154,22.9,60.0,60,72,78,70195,1
40245,70196,M1,정왕_MTr1,0.012,0.242,0.0,0.0,0.99,0.01,0.9,1.1,0.0,154,22.9,60.0,60,72,78,70196,1
40245,70196,M2,정왕_MTr2,0.012,0.242,0.0,0.0,0.99,0.01,0.9,1.1,0.0,154,22.9,60.0,60,72,78,70196,1
40245,70196,M3,정왕_MTr3,0.012,0.242,0.0,0.0,0.99,0.01,0.9,1.1,0.0,154,22.9,60.0,60,72,78,70196,1
40245,70196,M4,정왕_MTr4,0.012,0.242,0.0,0.0,0.99,0.01,0.9,1.1,0.0,154,22.9,60.0,60,72,78,70196,1
40246,70197,M1,구로_MTr1,0.012,0.242,0.0,0.0,0.99,0.01,0.9,1.1,0.0,154,22.9,60.0,60,72,78,70197,1
40246,70197,M2,구로_MTr2,0.012,0.242,0.0,0.0,0.99,0.01,0.9,1.1,0.0,154,22.9,60.0,60,72,78,70197,1
40246,70197,M3,구로_MTr3,0.012,0.242,0.0,0.0,0.99,0.01,0.9,1.1,0.0,154,22.9,60.0,60,72,78,70197,1
40247,70198,M1,벌교_MTr1,0.012,0.242,0.0,0.0,0.99,0.01,0.9,1.1,0.0,154,22.9,60.0,60,72,78,70198,1
40247,70198,M2,벌교_MTr2,0.012,0.242,0.0,0.0,0.99,0.01,0.9,1.1,0.0,154,22.9,60.0,60,72,78,70198,1
40247,70198,M3,벌교_MTr3,0.012,0.242,0.0,0.0,0.99,0.01,0.9,1.1,0.0,154,22.9,60.0,60,72,78,70198,1
40247,70198,M4,벌교_MTr4,0.012,0.242,0.0,0.0,0.99,0.01,0.9,1.1,0.0,154,22.9,60.0,60,72,78,70198,1
40248,70199,M1,보성_MTr1,0.012,0.242,0.0,0.0,1.0,0.01,0.9,1.1,0.0,154,22.9,60.0,60,72,78,70199,1
40248,70199,M2,보성_MTr2,0.012,0.242,0.0,0.0,1.0,0.01,0.9,1.1,0.0,154,22.9,60.0,60,72,78,70199,1
40248,70199,M3,보성_MTr3,0.012,0.242,0.0,0.0,1.0,0.01,0.9,1.1,0.0,154,22.9,60.0,60,72,78,70199,1
40248,70199,M4,보성_MTr4,0.012,0.242,0.0,0.0,1.0,0.01,0.9,1.1,0.0,154,22.9,60.0,60,72,78,70199,1
40249,70200,M1,능곡_MTr1,0.012,0.242,0.0,0.0,0.99,0.01,0.9,1.1,0.0,154,22.9,60.0,60,72,78,70200,1
40249,70200,M2,능곡_MTr2,0.012,0.242,0.0,0.0,0.99,0.01,0.9,1.1,0.0,154,22.9,60.0,60,72,78,70200,1
40249,70200,M3,능곡_MTr3,0.012,0.242,0.0,0.0,0.99,0.01,0.9,1.1,0.0,154,22.9,60.0,60,72,78,70200,1
40249,70200,M4,능곡_MTr4,0.012,0.242,0.0,0.0,0.99,0.01,0.9,1.1,0.0,154,22.9,60.0,60,72,78,70200,1
40250,70201,M1,태금_MTr1,0.012,0.242,0.0,0.0,0.99,0.01,0.9,1.1,0.0,154,22.9,60.0,60,72,78,70201,1
40250,70201,M2,태금_MTr2,0.012,0.242,0.0,0.0,0.99,0.01,0.9,1.1,0.0,154,22.9,60.0,60,72,78,70201,1
40250,70201,M3,태금_MTr3,0.012,0.242,0.0,0.0,0.99,0.01,0.9,1.1,0.0,154,22.9,60.0,60,72,78,70201,1
40250,70201,M4,태금_MTr4,0.012,0.242,0.0,0.0,0.99,0.01,0.9,1.1,0.0,154,22.9,60.0,60,72,78,70201,1
40251,70202,M1,부천_MTr1,0.012,0.242,0.0,0.0,1.0,0.01,0.9,1.1,0.0,154,22.9,60.0,60,72,78,70202,1
40251,70202,M2,부천_MTr2,0.012,0.242,0.0,0.0,1.0,0.01,0.9,1.1,0.0,154,22.9,60.0,60,72,78,70202,1
40251,70202,M3,부천_MTr3,0.012,0.242,0.0,0.0,1.0,0.01,0.9,1.1,0.0,154,22.9,60.0,60,72,78,70202,1
40252,70203,M1,서순천_MTr1,0.012,0.242,0.0,0.0,0.98,0.01,0.9,1.1,0.0,154,22.9,60.0,60,72,78,70203,1
40252,70203,M2,서순천_MTr2,0.012,0.242,0.0,0.0,0.98,0.01,0.9,1.1,0.0,154,22.9,60.0,60,72,78,70203,1
40252,70203,M3,서순천_MTr3,0.012,0.242,0.0,0.0,0.98,0.01,0.9,1.1,0.0,154,22.9,60.0,60,72,78,70203,1
40252,70203,M4,서순천_MTr4,0.012,0.242,0.0,0.0,0.98,0.01,0.9,1.1,0.0,154,22.9,60.0,60,72,78,70203,1
40253,70204,M1,고흥_MTr1,0.012,0.242,0.0,0.0,1.0,0.01,0.9,1.1,0.0,154,22.9,60.0,60,72,78,70204,1
40253,70204,M2,고흥_MTr2,0.012,0.242,0.0,0.0,1.0,0.01,0.9,1.1,0.0,154,22.9,60.0,60,72,78,70204,1
40253,70204,M3,고흥_MTr3,0.012,0.242,0.0,0.0,1.0,0.01,0.9,1.1,0.0,154,22.9,60.0,60,72,78,70204,1
40253,70204,M4,고흥_MTr4,0.012,0.242,0.0,0.0,1.0,0.01,0.9,1.1,0.0,154,22.9,60.0,60,72,78,70204,1
40254,70205,M1,장흥_MTr1,0.012,0.242,0.0,0.0,1.01,0.01,0.9,1.1,0.0,154,22.9,60.0,60,72,78,70205,1
40254,70205,M2,장흥_MTr2,0.012,0.242,0.0,0.0,1.01,0.01,0.9,1.1,0.0,154,22.9,60.0,60,72,78,70205,1
40254,70205,M3,장흥_MTr3,0.012,0.242,0.0,0.0,1.01,0.01,0.9,1.1,0.0,154,22.9,60.0,60,72,78,70205,1
40254,70205,M4,장흥_MTr4,0.012,0.242,0.0,0.0,1.01,0.01,0.9,1.1,0.0,154,22.9,60.0,60,72,78,70205,1
40255,70206,M1,순천T2_MTr1,0.012,0.242,0.0,0.0,0.98,0.01,0.9,1.1,0.0,154,22.9,60.0,60,72,78,70206,1
40255,70206,M2,순천T2_MTr2,0.012,0.242,0.0,0.0,0.98,0.01,0.9,1.1,0.0,154,22.9,60.0,60,72,78,70206,1
40255,70206,M3,순천T2_MTr3,0.012,0.242,0.0,0.0,0.98,0.01,0.9,1.1,0.0,154,22.9,60.0,60,72,78,70206,1
40255,70206,M4,순천T2_MTr4,0.012,0.242,0.0,0.0,0.98,0.01,0.9,1.1,0.0,154,22.9,60.0,60,72,78,70206,1
40256,70207,M1,비아_MTr1,0.012,0.242,0.0,0.0,0.99,0.01,0.9,1.1,0.0,154,22.9,60.0,60,72,78,70207,1
40256,70207,M2,비아_MTr2,0.012,0.242,0.0,0.0,0.99,0.01,0.9,1.1,0.0,154,22.9,60.0,60,72,78,70207,1
40256,70207,M3,비아_MTr3,0.012,0.242,0.0,0.0,0.99,0.01,0.9,1.1,0.0,154,22.9,60.0,60,72,78,70207,1
40257,70208,M1,목포_MTr1,0.012,0.242,0.0,0.0,1.0,0.01,0.9,1.1,0.0,154,22.9,60.0,60,72,78,70208,1
40257,70208,M2,목포_MTr2,0.012,0.242,0.0,0.0,1.0,0.01,0.9,1.1,0.0,154,22.9,60.0,60,72,78,70208,1
40257,70208,M3,목포_MTr3,0.012,0.242,0.0,0.0,1.0,0.01,0.9,1.1,0.0,154,22.9,60.0,60,72,78,70208,1
40257,70208,M4,목포_MTr4,0.012,0.242,0.0,0.0,1.0,0.01,0.9,1.1,0.0,154,22.9,60.0,60,72,78,70208,1
40258,70209,M1,화정_MTr1,0.012,0.242,0.0,0.0,1.0,0.01,0.9,1.1,0.0,154,22.9,60.0,60,72,78,70209,1
40258,70209,M2,화정_MTr2,0.012,0.242,0.0,0.0,1.0,0.01,0.9,1.1,0.0,154,22.9,60.0,60,72,78,70209,1
40258,70209,M3,화정_MTr3,0.012,0.242,0.0,0.0,1.0,0.01,0.9,1.1,0.0,154,22.9,60.0,60,72,78,70209,1
40259,70210,M1,시흥_MTr1,0.012,0.242,0.0,0.0,0.99,0.01,0.9,1.1,0.0,154,22.9,60.0,60,72,78,70210,1
40259,70210,M2,시흥_MTr2,0.012,0.242,0.0,0.0,0.99,0.01,0.9,1.1,0.0,154,22.9,60.0,60,72,78,70210,1
40259,70210,M3,시흥_MTr3,0.012,0.242,0.0,0.0,0.99,0.01,0.9,1.1,0.0,154,22.9,60.0,60,72,78,70210,1
40260,70211,M1,영동_MTr1,0.012,0.242,0.0,0.0,0.99,0.01,0.9,1.1,0.0,154,22.9,60.0,60,72,78,70211,1
40260,70211,M2,영동_MTr2,0.012,0.242,0.0,0.0,0.99,0.01,0.9,1.1,0.0,154,22.9,60.0,60,72,78,70211,1
40260,70211,M3,영동_MTr3,0.012,0.242,0.0,0.0,0.99,0.01,0.9,1.1,0.0,154,22.9,60.0,60,72,78,70211,1
40260,70211,M4,영동_MTr4,0.012,0.242,0.0,0.0,0.99,0.01,0.9,1.1,0.0,154,22.9,60.0,60,72,78,70211,1
40261,70212,M1,온수_MTr1,0.012,0.242,0.0,0.0,1.0,0.01,0.9,1.1,0.0,154,22.9,60.0,60,72,78,70212,1
40261,70212,M2,온수_MTr2,0.012,0.242,0.0,0.0,1.0,0.01,0.9,1.1,0.0,154,22.9,60.0,60,72,78,70212,1
40261,70212,M3,온수_MTr3,0.012,0.242,0.0,0.0,1.0,0.01,0.9,1.1,0.0,154,22.9,60.0,60,72,78,70212,1
40262,70213,M1,영암_MTr1,0.012,0.242,0.0,0.0,0.99,0.01,0.9,1.1,0.0,154,22.9,60.0,60,72,78,70213,1
40262,70213,M2,영암_MTr2,0.012,0.242,0.0,0.0,0.99,0.01,0.9,1.1,0.0,154,22.9,60.0,60,72,78,70213,1
40262,70213,M3,영암_MTr3,0.012,0.242,0.0,0.0,0.99,0.01,0.9,1.1,0.0,154,22.9,60.0,60,72,78,70213,1
40262,70213,M4,영암_MTr4,0.012,0.242,0.0,0.0,0.99,0.01,0.9,1.1,0.0,154,22.9,60.0,60,72,78,70213,1
40263,70214,M1,강진_MTr1,0.012,0.242,0.0,0.0,1.01,0.01,0.9,1.1,0.0,154,22.9,60.0,60,72,78,70214,1
40263,70214,M2,강진_MTr2,0.012,0.242,0.0,0.0,1.01,0.01,0.9,1.1,0.0,154,22.9,60.0,60,72,78,70214,1
40263,70214,M3,강진_MTr3,0.012,0.242,0.0,0.0,1.01,0.01,0.9,1.1,0.0,154,22.9,60.0,60,72,78,70214,1
40263,70214,M4,강진_MTr4,0.012,0.242,0.0,0.0,1.01,0.01,0.9,1.1,0.0,154,22.9,60.0,60,72,78,70214,1
40264,70215,M1,효목_MTr1,0.012,0.242,0.0,0.0,1.0,0.01,0.9,1.1,0.0,154,22.9,60.0,60,72,78,70215,1
40264,70215,M2,효목_MTr2,0.012,0.242,0.0,0.0,1.0,0.01,0.9,1.1,0.0,154,22.9,60.0,60,72,78,70215,1
40264,70215,M3,효목_MTr3,0.012,0.242,0.0,0.0,1.0,0.01,0.9,1.1,0.0,154,22.9,60.0,60,72,78,70215,1
40266,70216,M1,지도_MTr1,0.012,0.242,0.0,0.0,0.99,0.01,0.9,1.1,0.0,154,22.9,60.0,60,72,78,70216,1
40266,70216,M2,지도_MTr2,0.012,0.242,0.0,0.0,0.99,0.01,0.9,1.1,0.0,154,22.9,60.0,60,72,78,70216,1
40266,70216,M3,지도_MTr3,0.012,0.242,0.0,0.0,0.99,0.01,0.9,1.1,0.0,154,22.9,60.0,60,72,78,70216,1
40266,70216,M4,지도_MTr4,0.012,0.242,0.0,0.0,0.99,0.01,0.9,1.1,0.0,154,22.9,60.0,60,72,78,70216,1
40267,70217,M1,안양_MTr1,0.012,0.242,0.0,0.0,0.99,0.01,0.9,1.1,0.0,154,22.9,60.0,60,72,78,70217,1
40267,70217,M2,안양_MTr2,0.012,0.242,0.0,0.0,0.99,0.01,0.9,1.1,0.0,154,22.9,60.0,60,72,78,70217,1
40267,70217,M3,안양_MTr3,0.012,0.242,0.0,0.0,0.99,0.01,0.9,1.1,0.0,154,22.9,60.0,60,72,78,70217,1
40267,70217,M4,안양_MTr4,0.012,0.242,0.0,0.0,0.99,0.01,0.9,1.1,0.0,154,22.9,60.0,60,72,78,70217,1
40269,70218,M1,가수원_MTr1,0.012,0.242,0.0,0.0,0.99,0.01,0.9,1.1,0.0,154,22.9,60.0,60,72,78,70218,1
40269,70218,M2,가수원_MTr2,0.012,0.242,0.0,0.0,0.99,0.01,0.9,1.1,0.0,154,22.9,60.0,60,72,78,70218,1
40269,70218,M3,가수원_MTr3,0.012,0.242,0.0,0.0,0.99,0.01,0.9,1.1,0.0,154,22.9,60.0,60,72,78,70218,1
40269,70218,M4,가수원_MTr4,0.012,0.242,0.0,0.0,0.99,0.01,0.9,1.1,0.0,154,22.9,60.0,60,72,78,70218,1
40270,70219,M1,성암_MTr1,0.012,0.242,0.0,0.0,1.0,0.01,0.9,1.1,0.0,154,22.9,60.0,60,72,78,70219,1
40270,70219,M2,성암_MTr2,0.012,0.242,0.0,0.0,1.0,0.01,0.9,1.1,0.0,154,22.9,60.0,60,72,78,70219,1
40270,70219,M3,성암_MTr3,0.012,0.242,0.0,0.0,1.0,0.01,0.9,1.1,0.0,154,22.9,60.0,60,72,78,70219,1
40271,70220,M1,월산_MTr1,0.012,0.242,0.0,0.0,0.99,0.01,0.9,1.1,0.0,154,22.9,60.0,60,72,78,70220,1
40271,70220,M2,월산_MTr2,0.012,0.242,0.0,0.0,0.99,0.01,0.9,1.1,0.0,154,22.9,60.0,60,72,78,70220,1
40271,70220,M3,월산_MTr3,0.012,0.242,0.0,0.0,0.99,0.01,0.9,1.1,0.0,154,22.9,60.0,60,72,78,70220,1
40271,70220,M4,월산_MTr4,0.012,0.242,0.0,0.0,0.99,0.01,0.9,1.1,0.0,154,22.9,60.0,60,72,78,70220,1
40272,70221,M1,울산화력_MTr1,0.012,0.242,0.0,0.0,1.0,0.01,0.9,1.1,0.0,154,22.9,60.0,60,72,78,70221,1
40272,70221,M2,울산화력_MTr2,0.012,0.242,0.0,0.0,1.0,0.01,0.9,1.1,0.0,154,22.9,60.0,60,72,78,70221,1
40272,70221,M3,울산화력_MTr3,0.012,0.242,0.0,0.0,1.0,0.01,0.9,1.1,0.0,154,22.9,60.0,60,72,78,70221,1
40273,70222,M1,서산_MTr1,0.012,0.242,0.0,0.0,0.99,0.01,0.9,1.1,0.0,154,22.9,60.0,60,72,78,70222,1
40273,70222,M2,서산_MTr2,0.012,0.242,0.0,0.0,0.99,0.01,0.9,1.1,0.0,154,22.9,60.0,60,72,78,70222,1
40273,70222,M3,서산_MTr3,0.012,0.242,0.0,0.0,0.99,0.01,0.9,1.1,0.0,154,22.9,60.0,60,72,78,70222,1
40273,70222,M4,서산_MTr4,0.012,0.242,0.0,0.0,0.99,0.01,0.9,1.1,0.0,154,22.9,60.0,60,72,78,70222,1
40274,70223,M1,여천_MTr1,0.012,0.242,0.0,0.0,0.99,0.01,0.9,1.1,0.0,154,22.9,60.0,60,72,78,70223,1
40274,70223,M2,여천_MTr2,0.012,0.242,0.0,0.0,0.99,0.01,0.9,1.1,0.0,154,22.9,60.0,60,72,78,70223,1
40274,70223,M3,여천_MTr3,0.012,0.242,0.0,0.0,0.99,0.01,0.9,1.1,0.0,154,22.9,60.0,60,72,78,70223,1
40274,70223,M4,여천_MTr4,0.012,0.242,0.0,0.0,0.99,0.01,0.9,1.1,0.0,154,22.9,60.0,60,72,78,70223,1
40276,70224,M1,송포_MTr1,0.012,0.242,0.0,0.0,1.0,0.01,0.9,1.1,0.0,154,22.9,60.0,60,72,78,70224,1
40276,70224,M2,송포_MTr2,0.012,0.242,0.0,0.0,1.0,0.01,0.9,1.1,0.0,154,22.9,60.0,60,72,78,70224,1
40276,70224,M3,송포_MTr3,0.012,0.242,0.0,0.0,1.0,0.01,0.9,1.1,0.0,154,22.9,60.0,60,72,78,70224,1
40276,70224,M4,송포_MTr4,0.012,0.242,0.0,0.0,1.0,0.01,0.9,1.1,0.0,154,22.9,60.0,60,72,78,70224,1
40277,70225,M1,장기_MTr1,0.012,0.242,0.0,0.0,1.0,0.01,0.9,1.1,0.0,154,22.9,60.0,60,72,78,70225,1
40277,70225,M2,장기_MTr2,0.012,0.242,0.0,0.0,1.0,0.01,0.9,1.1,0.0,154,22.9,60.0,60,72,78,70225,1
40277,70225,M3,장기_MTr3,0.012,0.242,0.0,0.0,1.0,0.01,0.9,1.1,0.0,154,22.9,60.0,60,72,78,70225,1
40277,70225,M4,장기_MTr4,0.012,0.242,0.0,0.0,1.0,0.01,0.9,1.1,0.0,154,22.9,60.0,60,72,78,70225,1
40278,70226,M1,월배_MTr1,0.012,0.242,0.0,0.0,1.01,0.01,0.9,1.1,0.0,154,22.9,60.0,60,72,78,70226,1
40278,70226,M2,월배_MTr2,0.012,0.242,0.0,0.0,1.01,0.01,0.9,1.1,0.0,154,22.9,60.0,60,72,78,70226,1
40278,70226,M3,월배_MTr3,0.012,0.242,0.0,0.0,1.01,0.01,0.9,1.1,0.0,154,22.9,60.0,60,72,78,70226,1
40279,70227,M1,화원_MTr1,0.012,0.242,0.0,0.0,1.05,0.01,0.9,1.1,0.0,154,22.9,60.0,60,72,78,70227,1
40279,70227,M2,화원_MTr2,0.012,0.242,0.0,0.0,1.05,0.01,0.9,1.1,0.0,154,22.9,60.0,60,72,78,70227,1
40279,70227,M3,화원_MTr3,0.012,0.242,0.0,0.0,1.05,0.01,0.9,1.1,0.0,154,22.9,60.0,60,72,78,70227,1
40280,70228,M1,진도_MTr1,0.012,0.242,0.0,0.0,1.06,0.01,0.9,1.1,0.0,154,22.9,60.0,60,72,78,70228,1
40280,70228,M2,진도_MTr2,0.012,0.242,0.0,0.0,1.06,0.01,0.9,1.1,0.0,154,22.9,60.0,60,72,78,70228,1
40280,70228,M3,진도_MTr3,0.012,0.242,0.0,0.0,1.06,0.01,0.9,1.1,0.0,154,22.9,60.0,60,72,78,70228,1
40280,70228,M4,진도_MTr4,0.012,0.242,0.0,0.0,1.06,0.01,0.9,1.1,0.0,154,22.9,60.0,60,72,78,70228,1
40281,70229,M1,안좌_MTr1,0.012,0.242,0.0,0.0,1.03,0.01,0.9,1.1,0.0,154,22.9,60.0,60,72,78,70229,1
40281,70229,M2,안좌_MTr2,0.012,0.242,0.0,0.0,1.03,0.01,0.9,1.1,0.0,154,22.9,60.0,60,72,78,70229,1
40281,70229,M3,안좌_MTr3,0.012,0.242,0.0,0.0,1.03,0.01,0.9,1.1,0.0,154,22.9,60.0,60,72,78,70229,1
40281,70229,M4,안좌_MTr4,0.012,0.242,0.0,0.0,1.03,0.01,0.9,1.1,0.0,154,22.9,60.0,60,72,78,70229,1
40283,70230,M1,태백_MTr1,0.012,0.242,0.0,0.0,0.98,0.01,0.9,1.1,0.0,154,22.9,60.0,60,72,78,70230,1
40283,70230,M2,태백_MTr2,0.012,0.242,0.0,0.0,0.98,0.01,0.9,1.1,0.0,154,22.9,60.0,60,72,78,70230,1
40284,70231,M1,동빙고_MTr1,0.012,0.242,0.0,0.0,0.99,0.01,0.9,1.1,0.0,154,22.9,60.0,60,72,78,70231,1
40284,70231,M2,동빙고_MTr2,0.012,0.242,0.0,0.0,0.99,0.01,0.9,1.1,0.0,154,22.9,60.0,60,72,78,70231,1
40284,70231,M3,동빙고_MTr3,0.012,0.242,0.0,0.0,0.99,0.01,0.9,1.1,0.0,154,22.9,60.0,60,72,78,70231,1
40285,70232,M1,남음성_MTr1,0.012,0.242,0.0,0.0,0.99,0.01,0.9,1.1,0.0,154,22.9,60.0,60,72,78,70232,1
40285,70232,M2,남음성_MTr2,0.012,0.242,0.0,0.0,0.99,0.01,0.9,1.1,0.0,154,22.9,60.0,60,72,78,70232,1
40285,70232,M3,남음성_MTr3,0.012,0.242,0.0,0.0,0.99,0.01,0.9,1.1,0.0,154,22.9,60.0,60,72,78,70232,1
40285,70232,M4,남음성_MTr4,0.012,0.242,0.0,0.0,0.99,0.01,0.9,1.1,0.0,154,22.9,60.0,60,72,78,70232,1
40286,70233,M1,경산_MTr1,0.012,0.242,0.0,0.0,1.0,0.01,0.9,1.1,0.0,154,22.9,60.0,60,72,78,70233,1
40286,70233,M2,경산_MTr2,0.012,0.242,0.0,0.0,1.0,0.01,0.9,1.1,0.0,154,22.9,60.0,60,72,78,70233,1
40286,70233,M3,경산_MTr3,0.012,0.242,0.0,0.0,1.0,0.01,0.9,1.1,0.0,154,22.9,60.0,60,72,78,70233,1
40287,70234,M1,금호_MTr1,0.012,0.242,0.0,0.0,1.01,0.01,0.9,1.1,0.0,154,22.9,60.0,60,72,78,70234,1
40287,70234,M2,금호_MTr2,0.012,0.242,0.0,0.0,1.01,0.01,0.9,1.1,0.0,154,22.9,60.0,60,72,78,70234,1
40287,70234,M3,금호_MTr3,0.012,0.242,0.0,0.0,1.01,0.01,0.9,1.1,0.0,154,22.9,60.0,60,72,78,70234,1
40287,70234,M4,금호_MTr4,0.012,0.242,0.0,0.0,1.01,0.01,0.9,1.1,0.0,154,22.9,60.0,60,72,78,70234,1
40288,70235,M1,동탄_MTr1,0.012,0.242,0.0,0.0,0.99,0.01,0.9,1.1,0.0,154,22.9,60.0,60,72,78,70235,1
40288,70235,M2,동탄_MTr2,0.012,0.242,0.0,0.0,0.99,0.01,0.9,1.1,0.0,154,22.9,60.0,60,72,78,70235,1
40288,70235,M3,동탄_MTr3,0.012,0.242,0.0,0.0,0.99,0.01,0.9,1.1,0.0,154,22.9,60.0,60,72,78,70235,1
40288,70235,M4,동탄_MTr4,0.012,0.242,0.0,0.0,0.99,0.01,0.9,1.1,0.0,154,22.9,60.0,60,72,78,70235,1
40289,70236,M1,삼미_MTr1,0.012,0.242,0.0,0.0,0.99,0.01,0.9,1.1,0.0,154,22.9,60.0,60,72,78,70236,1
40289,70236,M2,삼미_MTr2,0.012,0.242,0.0,0.0,0.99,0.01,0.9,1.1,0.0,154,22.9,60.0,60,72,78,70236,1
40289,70236,M3,삼미_MTr3,0.012,0.242,0.0,0.0,0.99,0.01,0.9,1.1,0.0,154,22.9,60.0,60,72,78,70236,1
40289,70236,M4,삼미_MTr4,0.012,0.242,0.0,0.0,0.99,0.01,0.9,1.1,0.0,154,22.9,60.0,60,72,78,70236,1
40290,70237,M1,상암_MTr1,0.012,0.242,0.0,0.0,0.99,0.01,0.9,1.1,0.0,154,22.9,60.0,60,72,78,70237,1
40290,70237,M2,상암_MTr2,0.012,0.242,0.0,0.0,0.99,0.01,0.9,1.1,0.0,154,22.9,60.0,60,72,78,70237,1
40290,70237,M3,상암_MTr3,0.012,0.242,0.0,0.0,0.99,0.01,0.9,1.1,0.0,154,22.9,60.0,60,72,78,70237,1
40292,70238,M1,만승_MTr1,0.012,0.242,0.0,0.0,0.99,0.01,0.9,1.1,0.0,154,22.9,60.0,60,72,78,70238,1
40292,70238,M2,만승_MTr2,0.012,0.242,0.0,0.0,0.99,0.01,0.9,1.1,0.0,154,22.9,60.0,60,72,78,70238,1
40292,70238,M3,만승_MTr3,0.012,0.242,0.0,0.0,0.99,0.01,0.9,1.1,0.0,154,22.9,60.0,60,72,78,70238,1
40292,70238,M4,만승_MTr4,0.012,0.242,0.0,0.0,0.99,0.01,0.9,1.1,0.0,154,22.9,60.0,60,72,78,70238,1
40293,70239,M1,위례_MTr1,0.012,0.242,0.0,0.0,0.99,0.01,0.9,1.1,0.0,154,22.9,60.0,60,72,78,70239,1
40293,70239,M2,위례_MTr2,0.012,0.242,0.0,0.0,0.99,0.01,0.9,1.1,0.0,154,22.9,60.0,60,72,78,70239,1
40293,70239,M3,위례_MTr3,0.012,0.242,0.0,0.0,0.99,0.01,0.9,1.1,0.0,154,22.9,60.0,60,72,78,70239,1
40293,70239,M4,위례_MTr4,0.012,0.242,0.0,0.0,0.99,0.01,0.9,1.1,0.0,154,22.9,60.0,60,72,78,70239,1
40294,70240,M1,완도_MTr1,0.012,0.242,0.0,0.0,1.0,0.01,0.9,1.1,0.0,154,22.9,60.0,60,72,78,70240,1
40294,70240,M2,완도_MTr2,0.012,0.242,0.0,0.0,1.0,0.01,0.9,1.1,0.0,154,22.9,60.0,60,72,78,70240,1
40294,70240,M3,완도_MTr3,0.012,0.242,0.0,0.0,1.0,0.01,0.9,1.1,0.0,154,22.9,60.0,60,72,78,70240,1
40294,70240,M4,완도_MTr4,0.012,0.242,0.0,0.0,1.0,0.01,0.9,1.1,0.0,154,22.9,60.0,60,72,78,70240,1
40295,70241,M1,당진T1_MTr1,0.012,0.242,0.0,0.0,0.99,0.01,0.9,1.1,0.0,154,22.9,60.0,60,72,78,70241,1
40295,70241,M2,당진T1_MTr2,0.012,0.242,0.0,0.0,0.99,0.01,0.9,1.1,0.0,154,22.9,60.0,60,72,78,70241,1
40295,70241,M3,당진T1_MTr3,0.012,0.242,0.0,0.0,0.99,0.01,0.9,1.1,0.0,154,22.9,60.0,60,72,78,70241,1
40295,70241,M4,당진T1_MTr4,0.012,0.242,0.0,0.0,0.99,0.01,0.9,1.1,0.0,154,22.9,60.0,60,72,78,70241,1
40296,70242,M1,진안_MTr1,0.012,0.242,0.0,0.0,0.99,0.01,0.9,1.1,0.0,154,22.9,60.0,60,72,78,70242,1
40296,70242,M2,진안_MTr2,0.012,0.242,0.0,0.0,0.99,0.01,0.9,1.1,0.0,154,22.9,60.0,60,72,78,70242,1
40296,70242,M3,진안_MTr3,0.012,0.242,0.0,0.0,0.99,0.01,0.9,1.1,0.0,154,22.9,60.0,60,72,78,70242,1
40296,70242,M4,진안_MTr4,0.012,0.242,0.0,0.0,0.99,0.01,0.9,1.1,0.0,154,22.9,60.0,60,72,78,70242,1
40297,70243,M1,성포_MTr1,0.012,0.242,0.0,0.0,1.0,0.01,0.9,1.1,0.0,154,22.9,60.0,60,72,78,70243,1
40297,70243,M2,성포_MTr2,0.012,0.242,0.0,0.0,1.0,0.01,0.9,1.1,0.0,154,22.9,60.0,60,72,78,70243,1
40297,70243,M3,성포_MTr3,0.012,0.242,0.0,0.0,1.0,0.01,0.9,1.1,0.0,154,22.9,60.0,60,72,78,70243,1
40297,70243,M4,성포_MTr4,0.012,0.242,0.0,0.0,1.0,0.01,0.9,1.1,0.0,154,22.9,60.0,60,72,78,70243,1
40299,70244,M1,횡성_MTr1,0.012,0.242,0.0,0.0,0.98,0.01,0.9,1.1,0.0,154,22.9,60.0,60,72,78,70244,1
40299,70244,M2,횡성_MTr2,0.012,0.242,0.0,0.0,0.98,0.01,0.9,1.1,0.0,154,22.9,60.0,60,72,78,70244,1
40299,70244,M3,횡성_MTr3,0.012,0.242,0.0,0.0,0.98,0.01,0.9,1.1,0.0,154,22.9,60.0,60,72,78,70244,1
40300,70245,M1,우만_MTr1,0.012,0.242,0.0,0.0,0.99,0.01,0.9,1.1,0.0,154,22.9,60.0,60,72,78,70245,1
40300,70245,M2,우만_MTr2,0.012,0.242,0.0,0.0,0.99,0.01,0.9,1.1,0.0,154,22.9,60.0,60,72,78,70245,1
40300,70245,M3,우만_MTr3,0.012,0.242,0.0,0.0,0.99,0.01,0.9,1.1,0.0,154,22.9,60.0,60,72,78,70245,1
40300,70245,M4,우만_MTr4,0.012,0.242,0.0,0.0,0.99,0.01,0.9,1.1,0.0,154,22.9,60.0,60,72,78,70245,1
40301,70246,M1,문발_MTr1,0.012,0.242,0.0,0.0,0.99,0.01,0.9,1.1,0.0,154,22.9,60.0,60,72,78,70246,1
40301,70246,M2,문발_MTr2,0.012,0.242,0.0,0.0,0.99,0.01,0.9,1.1,0.0,154,22.9,60.0,60,72,78,70246,1
40301,70246,M3,문발_MTr3,0.012,0.242,0.0,0.0,0.99,0.01,0.9,1.1,0.0,154,22.9,60.0,60,72,78,70246,1
40301,70246,M4,문발_MTr4,0.012,0.242,0.0,0.0,0.99,0.01,0.9,1.1,0.0,154,22.9,60.0,60,72,78,70246,1
40302,70247,M1,일동_MTr1,0.012,0.242,0.0,0.0,0.99,0.01,0.9,1.1,0.0,154,22.9,60.0,60,72,78,70247,1
40302,70247,M2,일동_MTr2,0.012,0.242,0.0,0.0,0.99,0.01,0.9,1.1,0.0,154,22.9,60.0,60,72,78,70247,1
40302,70247,M3,일동_MTr3,0.012,0.242,0.0,0.0,0.99,0.01,0.9,1.1,0.0,154,22.9,60.0,60,72,78,70247,1
40302,70247,M4,일동_MTr4,0.012,0.242,0.0,0.0,0.99,0.01,0.9,1.1,0.0,154,22.9,60.0,60,72,78,70247,1
40304,70248,M1,안산_MTr1,0.012,0.242,0.0,0.0,0.99,0.01,0.9,1.1,0.0,154,22.9,60.0,60,72,78,70248,1
40304,70248,M2,안산_MTr2,0.012,0.242,0.0,0.0,0.99,0.01,0.9,1.1,0.0,154,22.9,60.0,60,72,78,70248,1
40304,70248,M3,안산_MTr3,0.012,0.242,0.0,0.0,0.99,0.01,0.9,1.1,0.0,154,22.9,60.0,60,72,78,70248,1
40304,70248,M4,안산_MTr4,0.012,0.242,0.0,0.0,0.99,0.01,0.9,1.1,0.0,154,22.9,60.0,60,72,78,70248,1
40305,70249,M1,유천_MTr1,0.012,0.242,0.0,0.0,0.99,0.01,0.9,1.1,0.0,154,22.9,60.0,60,72,78,70249,1
40305,70249,M2,유천_MTr2,0.012,0.242,0.0,0.0,0.99,0.01,0.9,1.1,0.0,154,22.9,60.0,60,72,78,70249,1
40305,70249,M3,유천_MTr3,0.012,0.242,0.0,0.0,0.99,0.01,0.9,1.1,0.0,154,22.9,60.0,60,72,78,70249,1
40306,70250,M1,이의_MTr1,0.012,0.242,0.0,0.0,0.99,0.01,0.9,1.1,0.0,154,22.9,60.0,60,72,78,70250,1
40306,70250,M2,이의_MTr2,0.012,0.242,0.0,0.0,0.99,0.01,0.9,1.1,0.0,154,22.9,60.0,60,72,78,70250,1
40306,70250,M3,이의_MTr3,0.012,0.242,0.0,0.0,0.99,0.01,0.9,1.1,0.0,154,22.9,60.0,60,72,78,70250,1
40306,70250,M4,이의_MTr4,0.012,0.242,0.0,0.0,0.99,0.01,0.9,1.1,0.0,154,22.9,60.0,60,72,78,70250,1
40307,70251,M1,신서귀_MTr1,0.012,0.242,0.0,0.0,1.01,0.01,0.9,1.1,0.0,154,22.9,60.0,60,72,78,70251,1
40307,70251,M2,신서귀_MTr2,0.012,0.242,0.0,0.0,1.01,0.01,0.9,1.1,0.0,154,22.9,60.0,60,72,78,70251,1
40307,70251,M3,신서귀_MTr3,0.012,0.242,0.0,0.0,1.01,0.01,0.9,1.1,0.0,154,22.9,60.0,60,72,78,70251,1
40308,70252,M1,초정_MTr1,0.012,0.242,0.0,0.0,0.99,0.01,0.9,1.1,0.0,154,22.9,60.0,60,72,78,70252,1
40308,70252,M2,초정_MTr2,0.012,0.242,0.0,0.0,0.99,0.01,0.9,1.1,0.0,154,22.9,60.0,60,72,78,70252,1
40308,70252,M3,초정_MTr3,0.012,0.242,0.0,0.0,0.99,0.01,0.9,1.1,0.0,154,22.9,60.0,60,72,78,70252,1
40308,70252,M4,초정_MTr4,0.012,0.242,0.0,0.0,0.99,0.01,0.9,1.1,0.0,154,22.9,60.0,60,72,78,70252,1
40309,70253,M1,청주_MTr1,0.012,0.242,0.0,0.0,0.99,0.01,0.9,1.1,0.0,154,22.9,60.0,60,72,78,70253,1
40309,70253,M2,청주_MTr2,0.012,0.242,0.0,0.0,0.99,0.01,0.9,1.1,0.0,154,22.9,60.0,60,72,78,70253,1
40309,70253,M3,청주_MTr3,0.012,0.242,0.0,0.0,0.99,0.01,0.9,1.1,0.0,154,22.9,60.0,60,72,78,70253,1
40309,70253,M4,청주_MTr4,0.012,0.242,0.0,0.0,0.99,0.01,0.9,1.1,0.0,154,22.9,60.0,60,72,78,70253,1
40310,70254,M1,증평_MTr1,0.012,0.242,0.0,0.0,0.99,0.01,0.9,1.1,0.0,154,22.9,60.0,60,72,78,70254,1
40310,70254,M2,증평_MTr2,0.012,0.242,0.0,0.0,0.99,0.01,0.9,1.1,0.0,154,22.9,60.0,60,72,78,70254,1
40310,70254,M3,증평_MTr3,0.012,0.242,0.0,0.0,0.99,0.01,0.9,1.1,0.0,154,22.9,60.0,60,72,78,70254,1
40311,70255,M1,신장_MTr1,0.012,0.242,0.0,0.0,0.99,0.01,0.9,1.1,0.0,154,22.9,60.0,60,72,78,70255,1
40311,70255,M2,신장_MTr2,0.012,0.242,0.0,0.0,0.99,0.01,0.9,1.1,0.0,154,22.9,60.0,60,72,78,70255,1
40311,70255,M3,신장_MTr3,0.012,0.242,0.0,0.0,0.99,0.01,0.9,1.1,0.0,154,22.9,60.0,60,72,78,70255,1
40311,70255,M4,신장_MTr4,0.012,0.242,0.0,0.0,0.99,0.01,0.9,1.1,0.0,154,22.9,60.0,60,72,78,70255,1
40312,70256,M1,미아_MTr1,0.012,0.242,0.0,0.0,0.99,0.01,0.9,1.1,0.0,154,22.9,60.0,60,72,78,70256,1
40312,70256,M2,미아_MTr2,0.012,0.242,0.0,0.0,0.99,0.01,0.9,1.1,0.0,154,22.9,60.0,60,72,78,70256,1
40312,70256,M3,미아_MTr3,0.012,0.242,0.0,0.0,0.99,0.01,0.9,1.1,0.0,154,22.9,60.0,60,72,78,70256,1
40313,70257,M1,비응_MTr1,0.012,0.242,0.0,0.0,0.99,0.01,0.9,1.1,0.0,154,22.9,60.0,60,72,78,70257,1
40313,70257,M2,비응_MTr2,0.012,0.242,0.0,0.0,0.99,0.01,0.9,1.1,0.0,154,22.9,60.0,60,72,78,70257,1
40313,70257,M3,비응_MTr3,0.012,0.242,0.0,0.0,0.99,0.01,0.9,1.1,0.0,154,22.9,60.0,60,72,78,70257,1
40313,70257,M4,비응_MTr4,0.012,0.242,0.0,0.0,0.99,0.01,0.9,1.1,0.0,154,22.9,60.0,60,72,78,70257,1
40314,70258,M1,잠실_MTr1,0.012,0.242,0.0,0.0,0.99,0.01,0.9,1.1,0.0,154,22.9,60.0,60,72,78,70258,1
40314,70258,M2,잠실_MTr2,0.012,0.242,0.0,0.0,0.99,0.01,0.9,1.1,0.0,154,22.9,60.0,60,72,78,70258,1
40314,70258,M3,잠실_MTr3,0.012,0.242,0.0,0.0,0.99,0.01,0.9,1.1,0.0,154,22.9,60.0,60,72,78,70258,1
40314,70258,M4,잠실_MTr4,0.012,0.242,0.0,0.0,0.99,0.01,0.9,1.1,0.0,154,22.9,60.0,60,72,78,70258,1
40315,70259,M1,장재_MTr1,0.012,0.242,0.0,0.0,0.99,0.01,0.9,1.1,0.0,154,22.9,60.0,60,72,78,70259,1
40315,70259,M2,장재_MTr2,0.012,0.242,0.0,0.0,0.99,0.01,0.9,1.1,0.0,154,22.9,60.0,60,72,78,70259,1
40315,70259,M3,장재_MTr3,0.012,0.242,0.0,0.0,0.99,0.01,0.9,1.1,0.0,154,22.9,60.0,60,72,78,70259,1
40315,70259,M4,장재_MTr4,0.012,0.242,0.0,0.0,0.99,0.01,0.9,1.1,0.0,154,22.9,60.0,60,72,78,70259,1
40316,70260,M1,불당_MTr1,0.012,0.242,0.0,0.0,0.99,0.01,0.9,1.1,0.0,154,22.9,60.0,60,72,78,70260,1
40316,70260,M2,불당_MTr2,0.012,0.242,0.0,0.0,0.99,0.01,0.9,1.1,0.0,154,22.9,60.0,60,72,78,70260,1
40316,70260,M3,불당_MTr3,0.012,0.242,0.0,0.0,0.99,0.01,0.9,1.1,0.0,154,22.9,60.0,60,72,78,70260,1
40316,70260,M4,불당_MTr4,0.012,0.242,0.0,0.0,0.99,0.01,0.9,1.1,0.0,154,22.9,60.0,60,72,78,70260,1
40318,70261,M1,삼척그린파워_MTr1,0.012,0.242,0.0,0.0,0.98,0.01,0.9,1.1,0.0,154,22.9,60.0,60,72,78,70261,1
40318,70261,M2,삼척그린파워_MTr2,0.012,0.242,0.0,0.0,0.98,0.01,0.9,1.1,0.0,154,22.9,60.0,60,72,78,70261,1
40318,70261,M3,삼척그린파워_MTr3,0.012,0.242,0.0,0.0,0.98,0.01,0.9,1.1,0.0,154,22.9,60.0,60,72,78,70261,1
40318,70261,M4,삼척그린파워_MTr4,0.012,0.242,0.0,0.0,0.98,0.01,0.9,1.1,0.0,154,22.9,60.0,60,72,78,70261,1
40319,70262,M1,합천T1_MTr1,0.012,0.242,0.0,0.0,1.0,0.01,0.9,1.1,0.0,154,22.9,60.0,60,72,78,70262,1
40319,70262,M2,합천T1_MTr2,0.012,0.242,0.0,0.0,1.0,0.01,0.9,1.1,0.0,154,22.9,60.0,60,72,78,70262,1
40319,70262,M3,합천T1_MTr3,0.012,0.242,0.0,0.0,1.0,0.01,0.9,1.1,0.0,154,22.9,60.0,60,72,78,70262,1
40319,70262,M4,합천T1_MTr4,0.012,0.242,0.0,0.0,1.0,0.01,0.9,1.1,0.0,154,22.9,60.0,60,72,78,70262,1
40320,70263,M1,남군포_MTr1,0.012,0.242,0.0,0.0,0.99,0.01,0.9,1.1,0.0,154,22.9,60.0,60,72,78,70263,1
40320,70263,M2,남군포_MTr2,0.012,0.242,0.0,0.0,0.99,0.01,0.9,1.1,0.0,154,22.9,60.0,60,72,78,70263,1
40320,70263,M3,남군포_MTr3,0.012,0.242,0.0,0.0,0.99,0.01,0.9,1.1,0.0,154,22.9,60.0,60,72,78,70263,1
40320,70263,M4,남군포_MTr4,0.012,0.242,0.0,0.0,0.99,0.01,0.9,1.1,0.0,154,22.9,60.0,60,72,78,70263,1
40321,70264,M1,수원T1_MTr1,0.012,0.242,0.0,0.0,0.99,0.01,0.9,1.1,0.0,154,22.9,60.0,60,72,78,70264,1
40321,70264,M2,수원T1_MTr2,0.012,0.242,0.0,0.0,0.99,0.01,0.9,1.1,0.0,154,22.9,60.0,60,72,78,70264,1
40321,70264,M3,수원T1_MTr3,0.012,0.242,0.0,0.0,0.99,0.01,0.9,1.1,0.0,154,22.9,60.0,60,72,78,70264,1
40321,70264,M4,수원T1_MTr4,0.012,0.242,0.0,0.0,0.99,0.01,0.9,1.1,0.0,154,22.9,60.0,60,72,78,70264,1
40322,70265,M1,목동_MTr1,0.012,0.242,0.0,0.0,0.99,0.01,0.9,1.1,0.0,154,22.9,60.0,60,72,78,70265,1
40322,70265,M2,목동_MTr2,0.012,0.242,0.0,0.0,0.99,0.01,0.9,1.1,0.0,154,22.9,60.0,60,72,78,70265,1
40322,70265,M3,목동_MTr3,0.012,0.242,0.0,0.0,0.99,0.01,0.9,1.1,0.0,154,22.9,60.0,60,72,78,70265,1
40323,70266,M1,남대구_MTr1,0.012,0.242,0.0,0.0,1.0,0.01,0.9,1.1,0.0,154,22.9,60.0,60,72,78,70266,1
40323,70266,M2,남대구_MTr2,0.012,0.242,0.0,0.0,1.0,0.01,0.9,1.1,0.0,154,22.9,60.0,60,72,78,70266,1
40323,70266,M3,남대구_MTr3,0.012,0.242,0.0,0.0,1.0,0.01,0.9,1.1,0.0,154,22.9,60.0,60,72,78,70266,1
40324,70267,M1,부안_MTr1,0.012,0.242,0.0,0.0,1.0,0.01,0.9,1.1,0.0,154,22.9,60.0,60,72,78,70267,1
40324,70267,M2,부안_MTr2,0.012,0.242,0.0,0.0,1.0,0.01,0.9,1.1,0.0,154,22.9,60.0,60,72,78,70267,1
40324,70267,M3,부안_MTr3,0.012,0.242,0.0,0.0,1.0,0.01,0.9,1.1,0.0,154,22.9,60.0,60,72,78,70267,1
40325,70268,M1,팔달_MTr1,0.012,0.242,0.0,0.0,1.0,0.01,0.9,1.1,0.0,154,22.9,60.0,60,72,78,70268,1
40325,70268,M2,팔달_MTr2,0.012,0.242,0.0,0.0,1.0,0.01,0.9,1.1,0.0,154,22.9,60.0,60,72,78,70268,1
40325,70268,M3,팔달_MTr3,0.012,0.242,0.0,0.0,1.0,0.01,0.9,1.1,0.0,154,22.9,60.0,60,72,78,70268,1
40326,70269,M1,달서_MTr1,0.012,0.242,0.0,0.0,1.01,0.01,0.9,1.1,0.0,154,22.9,60.0,60,72,78,70269,1
40326,70269,M2,달서_MTr2,0.012,0.242,0.0,0.0,1.01,0.01,0.9,1.1,0.0,154,22.9,60.0,60,72,78,70269,1
40326,70269,M3,달서_MTr3,0.012,0.242,0.0,0.0,1.01,0.01,0.9,1.1,0.0,154,22.9,60.0,60,72,78,70269,1
40327,70270,M1,풍세_MTr1,0.012,0.242,0.0,0.0,0.99,0.01,0.9,1.1,0.0,154,22.9,60.0,60,72,78,70270,1
40327,70270,M2,풍세_MTr2,0.012,0.242,0.0,0.0,0.99,0.01,0.9,1.1,0.0,154,22.9,60.0,60,72,78,70270,1
40327,70270,M3,풍세_MTr3,0.012,0.242,0.0,0.0,0.99,0.01,0.9,1.1,0.0,154,22.9,60.0,60,72,78,70270,1
40327,70270,M4,풍세_MTr4,0.012,0.242,0.0,0.0,0.99,0.01,0.9,1.1,0.0,154,22.9,60.0,60,72,78,70270,1
40329,70271,M1,영월_MTr1,0.012,0.242,0.0,0.0,0.99,0.01,0.9,1.1,0.0,154,22.9,60.0,60,72,78,70271,1
40329,70271,M2,영월_MTr2,0.012,0.242,0.0,0.0,0.99,0.01,0.9,1.1,0.0,154,22.9,60.0,60,72,78,70271,1
40329,70271,M3,영월_MTr3,0.012,0.242,0.0,0.0,0.99,0.01,0.9,1.1,0.0,154,22.9,60.0,60,72,78,70271,1
40332,70272,M1,당진_MTr1,0.012,0.242,0.0,0.0,0.99,0.01,0.9,1.1,0.0,154,22.9,60.0,60,72,78,70272,1
40332,70272,M2,당진_MTr2,0.012,0.242,0.0,0.0,0.99,0.01,0.9,1.1,0.0,154,22.9,60.0,60,72,78,70272,1
40332,70272,M3,당진_MTr3,0.012,0.242,0.0,0.0,0.99,0.01,0.9,1.1,0.0,154,22.9,60.0,60,72,78,70272,1
40332,70272,M4,당진_MTr4,0.012,0.242,0.0,0.0,0.99,0.01,0.9,1.1,0.0,154,22.9,60.0,60,72,78,70272,1
40334,70273,M1,송악_MTr1,0.012,0.242,0.0,0.0,0.99,0.01,0.9,1.1,0.0,154,22.9,60.0,60,72,78,70273,1
40334,70273,M2,송악_MTr2,0.012,0.242,0.0,0.0,0.99,0.01,0.9,1.1,0.0,154,22.9,60.0,60,72,78,70273,1
40334,70273,M3,송악_MTr3,0.012,0.242,0.0,0.0,0.99,0.01,0.9,1.1,0.0,154,22.9,60.0,60,72,78,70273,1
40334,70273,M4,송악_MTr4,0.012,0.242,0.0,0.0,0.99,0.01,0.9,1.1,0.0,154,22.9,60.0,60,72,78,70273,1
40340,70274,M1,의성_MTr1,0.012,0.242,0.0,0.0,0.99,0.01,0.9,1.1,0.0,154,22.9,60.0,60,72,78,70274,1
40340,70274,M2,의성_MTr2,0.012,0.242,0.0,0.0,0.99,0.01,0.9,1.1,0.0,154,22.9,60.0,60,72,78,70274,1
40340,70274,M3,의성_MTr3,0.012,0.242,0.0,0.0,0.99,0.01,0.9,1.1,0.0,154,22.9,60.0,60,72,78,70274,1
40340,70274,M4,의성_MTr4,0.012,0.242,0.0,0.0,0.99,0.01,0.9,1.1,0.0,154,22.9,60.0,60,72,78,70274,1
40341,70275,M1,인동_MTr1,0.012,0.242,0.0,0.0,1.0,0.01,0.9,1.1,0.0,154,22.9,60.0,60,72,78,70275,1
40341,70275,M2,인동_MTr2,0.012,0.242,0.0,0.0,1.0,0.01,0.9,1.1,0.0,154,22.9,60.0,60,72,78,70275,1
40341,70275,M3,인동_MTr3,0.012,0.242,0.0,0.0,1.0,0.01,0.9,1.1,0.0,154,22.9,60.0,60,72,78,70275,1
40341,70275,M4,인동_MTr4,0.012,0.242,0.0,0.0,1.0,0.01,0.9,1.1,0.0,154,22.9,60.0,60,72,78,70275,1
40342,70276,M1,송정1_MTr1,0.012,0.242,0.0,0.0,0.99,0.01,0.9,1.1,0.0,154,22.9,60.0,60,72,78,70276,1
40342,70276,M2,송정1_MTr2,0.012,0.242,0.0,0.0,0.99,0.01,0.9,1.1,0.0,154,22.9,60.0,60,72,78,70276,1
40342,70276,M3,송정1_MTr3,0.012,0.242,0.0,0.0,0.99,0.01,0.9,1.1,0.0,154,22.9,60.0,60,72,78,70276,1
40342,70276,M4,송정1_MTr4,0.012,0.242,0.0,0.0,0.99,0.01,0.9,1.1,0.0,154,22.9,60.0,60,72,78,70276,1
40343,70277,M1,양곡_MTr1,0.012,0.242,0.0,0.0,1.0,0.01,0.9,1.1,0.0,154,22.9,60.0,60,72,78,70277,1
40343,70277,M2,양곡_MTr2,0.012,0.242,0.0,0.0,1.0,0.01,0.9,1.1,0.0,154,22.9,60.0,60,72,78,70277,1
40343,70277,M3,양곡_MTr3,0.012,0.242,0.0,0.0,1.0,0.01,0.9,1.1,0.0,154,22.9,60.0,60,72,78,70277,1
40343,70277,M4,양곡_MTr4,0.012,0.242,0.0,0.0,1.0,0.01,0.9,1.1,0.0,154,22.9,60.0,60,72,78,70277,1
40346,70278,M1,진영_MTr1,0.012,0.242,0.0,0.0,0.99,0.01,0.9,1.1,0.0,154,22.9,60.0,60,72,78,70278,1
40346,70278,M2,진영_MTr2,0.012,0.242,0.0,0.0,0.99,0.01,0.9,1.1,0.0,154,22.9,60.0,60,72,78,70278,1
40346,70278,M3,진영_MTr3,0.012,0.242,0.0,0.0,0.99,0.01,0.9,1.1,0.0,154,22.9,60.0,60,72,78,70278,1
40346,70278,M4,진영_MTr4,0.012,0.242,0.0,0.0,0.99,0.01,0.9,1.1,0.0,154,22.9,60.0,60,72,78,70278,1
40349,70279,M1,구룡_MTr1,0.012,0.242,0.0,0.0,1.0,0.01,0.9,1.1,0.0,154,22.9,60.0,60,72,78,70279,1
40349,70279,M2,구룡_MTr2,0.012,0.242,0.0,0.0,1.0,0.01,0.9,1.1,0.0,154,22.9,60.0,60,72,78,70279,1
40349,70279,M3,구룡_MTr3,0.012,0.242,0.0,0.0,1.0,0.01,0.9,1.1,0.0,154,22.9,60.0,60,72,78,70279,1
40350,70280,M1,동진주_MTr1,0.012,0.242,0.0,0.0,1.0,0.01,0.9,1.1,0.0,154,22.9,60.0,60,72,78,70280,1
40350,70280,M2,동진주_MTr2,0.012,0.242,0.0,0.0,1.0,0.01,0.9,1.1,0.0,154,22.9,60.0,60,72,78,70280,1
40350,70280,M3,동진주_MTr3,0.012,0.242,0.0,0.0,1.0,0.01,0.9,1.1,0.0,154,22.9,60.0,60,72,78,70280,1
40350,70280,M4,동진주_MTr4,0.012,0.242,0.0,0.0,1.0,0.01,0.9,1.1,0.0,154,22.9,60.0,60,72,78,70280,1
40351,70281,M1,이현_MTr1,0.012,0.242,0.0,0.0,0.99,0.01,0.9,1.1,0.0,154,22.9,60.0,60,72,78,70281,1
40351,70281,M2,이현_MTr2,0.012,0.242,0.0,0.0,0.99,0.01,0.9,1.1,0.0,154,22.9,60.0,60,72,78,70281,1
40351,70281,M3,이현_MTr3,0.012,0.242,0.0,0.0,0.99,0.01,0.9,1.1,0.0,154,22.9,60.0,60,72,78,70281,1
40351,70281,M4,이현_MTr4,0.012,0.242,0.0,0.0,0.99,0.01,0.9,1.1,0.0,154,22.9,60.0,60,72,78,70281,1
40352,70282,M1,합천_MTr1,0.012,0.242,0.0,0.0,1.0,0.01,0.9,1.1,0.0,154,22.9,60.0,60,72,78,70282,1
40352,70282,M2,합천_MTr2,0.012,0.242,0.0,0.0,1.0,0.01,0.9,1.1,0.0,154,22.9,60.0,60,72,78,70282,1
40352,70282,M3,합천_MTr3,0.012,0.242,0.0,0.0,1.0,0.01,0.9,1.1,0.0,154,22.9,60.0,60,72,78,70282,1
40352,70282,M4,합천_MTr4,0.012,0.242,0.0,0.0,1.0,0.01,0.9,1.1,0.0,154,22.9,60.0,60,72,78,70282,1
40353,70283,M1,산청_MTr1,0.012,0.242,0.0,0.0,1.0,0.01,0.9,1.1,0.0,154,22.9,60.0,60,72,78,70283,1
40353,70283,M2,산청_MTr2,0.012,0.242,0.0,0.0,1.0,0.01,0.9,1.1,0.0,154,22.9,60.0,60,72,78,70283,1
40353,70283,M3,산청_MTr3,0.012,0.242,0.0,0.0,1.0,0.01,0.9,1.1,0.0,154,22.9,60.0,60,72,78,70283,1
40353,70283,M4,산청_MTr4,0.012,0.242,0.0,0.0,1.0,0.01,0.9,1.1,0.0,154,22.9,60.0,60,72,78,70283,1
40354,70284,M1,사봉_MTr1,0.012,0.242,0.0,0.0,1.0,0.01,0.9,1.1,0.0,154,22.9,60.0,60,72,78,70284,1
40354,70284,M2,사봉_MTr2,0.012,0.242,0.0,0.0,1.0,0.01,0.9,1.1,0.0,154,22.9,60.0,60,72,78,70284,1
40354,70284,M3,사봉_MTr3,0.012,0.242,0.0,0.0,1.0,0.01,0.9,1.1,0.0,154,22.9,60.0,60,72,78,70284,1
40354,70284,M4,사봉_MTr4,0.012,0.242,0.0,0.0,1.0,0.01,0.9,1.1,0.0,154,22.9,60.0,60,72,78,70284,1
40355,70285,M1,사남_MTr1,0.012,0.242,0.0,0.0,1.0,0.01,0.9,1.1,0.0,154,22.9,60.0,60,72,78,70285,1
40355,70285,M2,사남_MTr2,0.012,0.242,0.0,0.0,1.0,0.01,0.9,1.1,0.0,154,22.9,60.0,60,72,78,70285,1
40355,70285,M3,사남_MTr3,0.012,0.242,0.0,0.0,1.0,0.01,0.9,1.1,0.0,154,22.9,60.0,60,72,78,70285,1
40356,70286,M1,개양_MTr1,0.012,0.242,0.0,0.0,1.0,0.01,0.9,1.1,0.0,154,22.9,60.0,60,72,78,70286,1
40356,70286,M2,개양_MTr2,0.012,0.242,0.0,0.0,1.0,0.01,0.9,1.1,0.0,154,22.9,60.0,60,72,78,70286,1
40356,70286,M3,개양_MTr3,0.012,0.242,0.0,0.0,1.0,0.01,0.9,1.1,0.0,154,22.9,60.0,60,72,78,70286,1
40357,70287,M1,사천_MTr1,0.012,0.242,0.0,0.0,0.99,0.01,0.9,1.1,0.0,154,22.9,60.0,60,72,78,70287,1
40357,70287,M2,사천_MTr2,0.012,0.242,0.0,0.0,0.99,0.01,0.9,1.1,0.0,154,22.9,60.0,60,72,78,70287,1
40357,70287,M3,사천_MTr3,0.012,0.242,0.0,0.0,0.99,0.01,0.9,1.1,0.0,154,22.9,60.0,60,72,78,70287,1
40357,70287,M4,사천_MTr4,0.012,0.242,0.0,0.0,0.99,0.01,0.9,1.1,0.0,154,22.9,60.0,60,72,78,70287,1
40358,70288,M1,남면_MTr1,0.012,0.242,0.0,0.0,0.99,0.01,0.9,1.1,0.0,154,22.9,60.0,60,72,78,70288,1
40358,70288,M2,남면_MTr2,0.012,0.242,0.0,0.0,0.99,0.01,0.9,1.1,0.0,154,22.9,60.0,60,72,78,70288,1
40358,70288,M3,남면_MTr3,0.012,0.242,0.0,0.0,0.99,0.01,0.9,1.1,0.0,154,22.9,60.0,60,72,78,70288,1
40358,70288,M4,남면_MTr4,0.012,0.242,0.0,0.0,0.99,0.01,0.9,1.1,0.0,154,22.9,60.0,60,72,78,70288,1
40359,70289,M1,문산_MTr1,0.012,0.242,0.0,0.0,1.0,0.01,0.9,1.1,0.0,154,22.9,60.0,60,72,78,70289,1
40359,70289,M2,문산_MTr2,0.012,0.242,0.0,0.0,1.0,0.01,0.9,1.1,0.0,154,22.9,60.0,60,72,78,70289,1
40359,70289,M3,문산_MTr3,0.012,0.242,0.0,0.0,1.0,0.01,0.9,1.1,0.0,154,22.9,60.0,60,72,78,70289,1
40359,70289,M4,문산_MTr4,0.012,0.242,0.0,0.0,1.0,0.01,0.9,1.1,0.0,154,22.9,60.0,60,72,78,70289,1
40360,70290,M1,성남T1_MTr1,0.012,0.242,0.0,0.0,0.99,0.01,0.9,1.1,0.0,154,22.9,60.0,60,72,78,70290,1
40360,70290,M2,성남T1_MTr2,0.012,0.242,0.0,0.0,0.99,0.01,0.9,1.1,0.0,154,22.9,60.0,60,72,78,70290,1
40360,70290,M3,성남T1_MTr3,0.012,0.242,0.0,0.0,0.99,0.01,0.9,1.1,0.0,154,22.9,60.0,60,72,78,70290,1
40360,70290,M4,성남T1_MTr4,0.012,0.242,0.0,0.0,0.99,0.01,0.9,1.1,0.0,154,22.9,60.0,60,72,78,70290,1
40361,70291,M1,남사_MTr1,0.012,0.242,0.0,0.0,1.0,0.01,0.9,1.1,0.0,154,22.9,60.0,60,72,78,70291,1
40361,70291,M2,남사_MTr2,0.012,0.242,0.0,0.0,1.0,0.01,0.9,1.1,0.0,154,22.9,60.0,60,72,78,70291,1
40361,70291,M3,남사_MTr3,0.012,0.242,0.0,0.0,1.0,0.01,0.9,1.1,0.0,154,22.9,60.0,60,72,78,70291,1
40361,70291,M4,남사_MTr4,0.012,0.242,0.0,0.0,1.0,0.01,0.9,1.1,0.0,154,22.9,60.0,60,72,78,70291,1
40362,70292,M1,가평_MTr1,0.012,0.242,0.0,0.0,0.99,0.01,0.9,1.1,0.0,154,22.9,60.0,60,72,78,70292,1
40362,70292,M2,가평_MTr2,0.012,0.242,0.0,0.0,0.99,0.01,0.9,1.1,0.0,154,22.9,60.0,60,72,78,70292,1
40363,70293,M1,고양_MTr1,0.012,0.242,0.0,0.0,0.99,0.01,0.9,1.1,0.0,154,22.9,60.0,60,72,78,70293,1
40363,70293,M2,고양_MTr2,0.012,0.242,0.0,0.0,0.99,0.01,0.9,1.1,0.0,154,22.9,60.0,60,72,78,70293,1
40363,70293,M3,고양_MTr3,0.012,0.242,0.0,0.0,0.99,0.01,0.9,1.1,0.0,154,22.9,60.0,60,72,78,70293,1
40363,70293,M4,고양_MTr4,0.012,0.242,0.0,0.0,0.99,0.01,0.9,1.1,0.0,154,22.9,60.0,60,72,78,70293,1
40364,70294,M1,불광_MTr1,0.012,0.242,0.0,0.0,0.99,0.01,0.9,1.1,0.0,154,22.9,60.0,60,72,78,70294,1
40364,70294,M2,불광_MTr2,0.012,0.242,0.0,0.0,0.99,0.01,0.9,1.1,0.0,154,22.9,60.0,60,72,78,70294,1
40364,70294,M3,불광_MTr3,0.012,0.242,0.0,0.0,0.99,0.01,0.9,1.1,0.0,154,22.9,60.0,60,72,78,70294,1
40364,70294,M4,불광_MTr4,0.012,0.242,0.0,0.0,0.99,0.01,0.9,1.1,0.0,154,22.9,60.0,60,72,78,70294,1
40365,70295,M1,호수_MTr1,0.012,0.242,0.0,0.0,1.0,0.01,0.9,1.1,0.0,154,22.9,60.0,60,72,78,70295,1
40365,70295,M2,호수_MTr2,0.012,0.242,0.0,0.0,1.0,0.01,0.9,1.1,0.0,154,22.9,60.0,60,72,78,70295,1
40365,70295,M3,호수_MTr3,0.012,0.242,0.0,0.0,1.0,0.01,0.9,1.1,0.0,154,22.9,60.0,60,72,78,70295,1
40365,70295,M4,호수_MTr4,0.012,0.242,0.0,0.0,1.0,0.01,0.9,1.1,0.0,154,22.9,60.0,60,72,78,70295,1
40366,70296,M1,백학_MTr1,0.012,0.242,0.0,0.0,0.99,0.01,0.9,1.1,0.0,154,22.9,60.0,60,72,78,70296,1
40366,70296,M2,백학_MTr2,0.012,0.242,0.0,0.0,0.99,0.01,0.9,1.1,0.0,154,22.9,60.0,60,72,78,70296,1
40366,70296,M3,백학_MTr3,0.012,0.242,0.0,0.0,0.99,0.01,0.9,1.1,0.0,154,22.9,60.0,60,72,78,70296,1
40366,70296,M4,백학_MTr4,0.012,0.242,0.0,0.0,0.99,0.01,0.9,1.1,0.0,154,22.9,60.0,60,72,78,70296,1
40367,70297,M1,월롱_MTr1,0.012,0.242,0.0,0.0,0.99,0.01,0.9,1.1,0.0,154,22.9,60.0,60,72,78,70297,1
40367,70297,M2,월롱_MTr2,0.012,0.242,0.0,0.0,0.99,0.01,0.9,1.1,0.0,154,22.9,60.0,60,72,78,70297,1
40367,70297,M3,월롱_MTr3,0.012,0.242,0.0,0.0,0.99,0.01,0.9,1.1,0.0,154,22.9,60.0,60,72,78,70297,1
40367,70297,M4,월롱_MTr4,0.012,0.242,0.0,0.0,0.99,0.01,0.9,1.1,0.0,154,22.9,60.0,60,72,78,70297,1
40368,70298,M1,선유_MTr1,0.012,0.242,0.0,0.0,0.99,0.01,0.9,1.1,0.0,154,22.9,60.0,60,72,78,70298,1
40368,70298,M2,선유_MTr2,0.012,0.242,0.0,0.0,0.99,0.01,0.9,1.1,0.0,154,22.9,60.0,60,72,78,70298,1
40368,70298,M3,선유_MTr3,0.012,0.242,0.0,0.0,0.99,0.01,0.9,1.1,0.0,154,22.9,60.0,60,72,78,70298,1
40368,70298,M4,선유_MTr4,0.012,0.242,0.0,0.0,0.99,0.01,0.9,1.1,0.0,154,22.9,60.0,60,72,78,70298,1
40369,70299,M1,신봉_MTr1,0.012,0.242,0.0,0.0,0.99,0.01,0.9,1.1,0.0,154,22.9,60.0,60,72,78,70299,1
40369,70299,M2,신봉_MTr2,0.012,0.242,0.0,0.0,0.99,0.01,0.9,1.1,0.0,154,22.9,60.0,60,72,78,70299,1
40369,70299,M3,신봉_MTr3,0.012,0.242,0.0,0.0,0.99,0.01,0.9,1.1,0.0,154,22.9,60.0,60,72,78,70299,1
40369,70299,M4,신봉_MTr4,0.012,0.242,0.0,0.0,0.99,0.01,0.9,1.1,0.0,154,22.9,60.0,60,72,78,70299,1
40371,70300,M1,전의_MTr1,0.012,0.242,0.0,0.0,0.99,0.01,0.9,1.1,0.0,154,22.9,60.0,60,72,78,70300,1
40371,70300,M2,전의_MTr2,0.012,0.242,0.0,0.0,0.99,0.01,0.9,1.1,0.0,154,22.9,60.0,60,72,78,70300,1
40371,70300,M3,전의_MTr3,0.012,0.242,0.0,0.0,0.99,0.01,0.9,1.1,0.0,154,22.9,60.0,60,72,78,70300,1
40371,70300,M4,전의_MTr4,0.012,0.242,0.0,0.0,0.99,0.01,0.9,1.1,0.0,154,22.9,60.0,60,72,78,70300,1
40372,70301,M1,동영월_MTr1,0.012,0.242,0.0,0.0,0.98,0.01,0.9,1.1,0.0,154,22.9,60.0,60,72,78,70301,1
40372,70301,M2,동영월_MTr2,0.012,0.242,0.0,0.0,0.98,0.01,0.9,1.1,0.0,154,22.9,60.0,60,72,78,70301,1
40372,70301,M3,동영월_MTr3,0.012,0.242,0.0,0.0,0.98,0.01,0.9,1.1,0.0,154,22.9,60.0,60,72,78,70301,1
40373,70302,M1,은하_MTr1,0.012,0.242,0.0,0.0,0.99,0.01,0.9,1.1,0.0,154,22.9,60.0,60,72,78,70302,1
40373,70302,M2,은하_MTr2,0.012,0.242,0.0,0.0,0.99,0.01,0.9,1.1,0.0,154,22.9,60.0,60,72,78,70302,1
40373,70302,M3,은하_MTr3,0.012,0.242,0.0,0.0,0.99,0.01,0.9,1.1,0.0,154,22.9,60.0,60,72,78,70302,1
40373,70302,M4,은하_MTr4,0.012,0.242,0.0,0.0,0.99,0.01,0.9,1.1,0.0,154,22.9,60.0,60,72,78,70302,1
40374,70303,M1,해미_MTr1,0.012,0.242,0.0,0.0,0.99,0.01,0.9,1.1,0.0,154,22.9,60.0,60,72,78,70303,1
40374,70303,M2,해미_MTr2,0.012,0.242,0.0,0.0,0.99,0.01,0.9,1.1,0.0,154,22.9,60.0,60,72,78,70303,1
40374,70303,M3,해미_MTr3,0.012,0.242,0.0,0.0,0.99,0.01,0.9,1.1,0.0,154,22.9,60.0,60,72,78,70303,1
40374,70303,M4,해미_MTr4,0.012,0.242,0.0,0.0,0.99,0.01,0.9,1.1,0.0,154,22.9,60.0,60,72,78,70303,1
40375,70304,M1,대천_MTr1,0.012,0.242,0.0,0.0,1.02,0.01,0.9,1.1,0.0,154,22.9,60.0,60,72,78,70304,1
40375,70304,M2,대천_MTr2,0.012,0.242,0.0,0.0,1.02,0.01,0.9,1.1,0.0,154,22.9,60.0,60,72,78,70304,1
40375,70304,M3,대천_MTr3,0.012,0.242,0.0,0.0,1.02,0.01,0.9,1.1,0.0,154,22.9,60.0,60,72,78,70304,1
40375,70304,M4,대천_MTr4,0.012,0.242,0.0,0.0,1.02,0.01,0.9,1.1,0.0,154,22.9,60.0,60,72,78,70304,1
40376,70305,M1,신풍_MTr1,0.012,0.242,0.0,0.0,0.99,0.01,0.9,1.1,0.0,154,22.9,60.0,60,72,78,70305,1
40376,70305,M2,신풍_MTr2,0.012,0.242,0.0,0.0,0.99,0.01,0.9,1.1,0.0,154,22.9,60.0,60,72,78,70305,1
40376,70305,M3,신풍_MTr3,0.012,0.242,0.0,0.0,0.99,0.01,0.9,1.1,0.0,154,22.9,60.0,60,72,78,70305,1
40376,70305,M4,신풍_MTr4,0.012,0.242,0.0,0.0,0.99,0.01,0.9,1.1,0.0,154,22.9,60.0,60,72,78,70305,1
40377,70306,M1,홍성_MTr1,0.012,0.242,0.0,0.0,0.99,0.01,0.9,1.1,0.0,154,22.9,60.0,60,72,78,70306,1
40377,70306,M2,홍성_MTr2,0.012,0.242,0.0,0.0,0.99,0.01,0.9,1.1,0.0,154,22.9,60.0,60,72,78,70306,1
40377,70306,M3,홍성_MTr3,0.012,0.242,0.0,0.0,0.99,0.01,0.9,1.1,0.0,154,22.9,60.0,60,72,78,70306,1
40377,70306,M4,홍성_MTr4,0.012,0.242,0.0,0.0,0.99,0.01,0.9,1.1,0.0,154,22.9,60.0,60,72,78,70306,1
40378,70307,M1,예산_MTr1,0.012,0.242,0.0,0.0,1.0,0.01,0.9,1.1,0.0,154,22.9,60.0,60,72,78,70307,1
40378,70307,M2,예산_MTr2,0.012,0.242,0.0,0.0,1.0,0.01,0.9,1.1,0.0,154,22.9,60.0,60,72,78,70307,1
40378,70307,M3,예산_MTr3,0.012,0.242,0.0,0.0,1.0,0.01,0.9,1.1,0.0,154,22.9,60.0,60,72,78,70307,1
40378,70307,M4,예산_MTr4,0.012,0.242,0.0,0.0,1.0,0.01,0.9,1.1,0.0,154,22.9,60.0,60,72,78,70307,1
40379,70308,M1,태화_MTr1,0.012,0.242,0.0,0.0,0.99,0.01,0.9,1.1,0.0,154,22.9,60.0,60,72,78,70308,1
40379,70308,M2,태화_MTr2,0.012,0.242,0.0,0.0,0.99,0.01,0.9,1.1,0.0,154,22.9,60.0,60,72,78,70308,1
40379,70308,M3,태화_MTr3,0.012,0.242,0.0,0.0,0.99,0.01,0.9,1.1,0.0,154,22.9,60.0,60,72,78,70308,1
40380,70309,M1,주문진_MTr1,0.012,0.242,0.0,0.0,0.99,0.01,0.9,1.1,0.0,154,22.9,60.0,60,72,78,70309,1
40380,70309,M2,주문진_MTr2,0.012,0.242,0.0,0.0,0.99,0.01,0.9,1.1,0.0,154,22.9,60.0,60,72,78,70309,1
40380,70309,M3,주문진_MTr3,0.012,0.242,0.0,0.0,0.99,0.01,0.9,1.1,0.0,154,22.9,60.0,60,72,78,70309,1
40381,70310,M1,인제_MTr1,0.012,0.242,0.0,0.0,0.97,0.01,0.9,1.1,0.0,154,22.9,60.0,60,72,78,70310,1
40381,70310,M2,인제_MTr2,0.012,0.242,0.0,0.0,0.97,0.01,0.9,1.1,0.0,154,22.9,60.0,60,72,78,70310,1
40382,70311,M1,홍천_MTr1,0.012,0.242,0.0,0.0,0.98,0.01,0.9,1.1,0.0,154,22.9,60.0,60,72,78,70311,1
40382,70311,M2,홍천_MTr2,0.012,0.242,0.0,0.0,0.98,0.01,0.9,1.1,0.0,154,22.9,60.0,60,72,78,70311,1
40382,70311,M3,홍천_MTr3,0.012,0.242,0.0,0.0,0.98,0.01,0.9,1.1,0.0,154,22.9,60.0,60,72,78,70311,1
40383,70312,M1,상남_MTr1,0.012,0.242,0.0,0.0,0.97,0.01,0.9,1.1,0.0,154,22.9,60.0,60,72,78,70312,1
40383,70312,M2,상남_MTr2,0.012,0.242,0.0,0.0,0.97,0.01,0.9,1.1,0.0,154,22.9,60.0,60,72,78,70312,1
40384,70313,M1,양구_MTr1,0.012,0.242,0.0,0.0,0.97,0.01,0.9,1.1,0.0,154,22.9,60.0,60,72,78,70313,1
40384,70313,M2,양구_MTr2,0.012,0.242,0.0,0.0,0.97,0.01,0.9,1.1,0.0,154,22.9,60.0,60,72,78,70313,1
40384,70313,M3,양구_MTr3,0.012,0.242,0.0,0.0,0.97,0.01,0.9,1.1,0.0,154,22.9,60.0,60,72,78,70313,1
40385,70314,M1,문막_MTr1,0.012,0.242,0.0,0.0,0.98,0.01,0.9,1.1,0.0,154,22.9,60.0,60,72,78,70314,1
40385,70314,M2,문막_MTr2,0.012,0.242,0.0,0.0,0.98,0.01,0.9,1.1,0.0,154,22.9,60.0,60,72,78,70314,1
40385,70314,M3,문막_MTr3,0.012,0.242,0.0,0.0,0.98,0.01,0.9,1.1,0.0,154,22.9,60.0,60,72,78,70314,1
40386,70315,M1,서판교_MTr1,0.012,0.242,0.0,0.0,0.99,0.01,0.9,1.1,0.0,154,22.9,60.0,60,72,78,70315,1
40386,70315,M2,서판교_MTr2,0.012,0.242,0.0,0.0,0.99,0.01,0.9,1.1,0.0,154,22.9,60.0,60,72,78,70315,1
40386,70315,M3,서판교_MTr3,0.012,0.242,0.0,0.0,0.99,0.01,0.9,1.1,0.0,154,22.9,60.0,60,72,78,70315,1
40386,70315,M4,서판교_MTr4,0.012,0.242,0.0,0.0,0.99,0.01,0.9,1.1,0.0,154,22.9,60.0,60,72,78,70315,1
40387,70316,M1,정자_MTr1,0.012,0.242,0.0,0.0,0.99,0.01,0.9,1.1,0.0,154,22.9,60.0,60,72,78,70316,1
40387,70316,M2,정자_MTr2,0.012,0.242,0.0,0.0,0.99,0.01,0.9,1.1,0.0,154,22.9,60.0,60,72,78,70316,1
40387,70316,M3,정자_MTr3,0.012,0.242,0.0,0.0,0.99,0.01,0.9,1.1,0.0,154,22.9,60.0,60,72,78,70316,1
40387,70316,M4,정자_MTr4,0.012,0.242,0.0,0.0,0.99,0.01,0.9,1.1,0.0,154,22.9,60.0,60,72,78,70316,1
40388,70317,M1,동판교_MTr1,0.012,0.242,0.0,0.0,0.99,0.01,0.9,1.1,0.0,154,22.9,60.0,60,72,78,70317,1
40388,70317,M2,동판교_MTr2,0.012,0.242,0.0,0.0,0.99,0.01,0.9,1.1,0.0,154,22.9,60.0,60,72,78,70317,1
40388,70317,M3,동판교_MTr3,0.012,0.242,0.0,0.0,0.99,0.01,0.9,1.1,0.0,154,22.9,60.0,60,72,78,70317,1
40388,70317,M4,동판교_MTr4,0.012,0.242,0.0,0.0,0.99,0.01,0.9,1.1,0.0,154,22.9,60.0,60,72,78,70317,1
40389,70318,M1,양촌_MTr1,0.012,0.242,0.0,0.0,0.99,0.01,0.9,1.1,0.0,154,22.9,60.0,60,72,78,70318,1
40389,70318,M2,양촌_MTr2,0.012,0.242,0.0,0.0,0.99,0.01,0.9,1.1,0.0,154,22.9,60.0,60,72,78,70318,1
40389,70318,M3,양촌_MTr3,0.012,0.242,0.0,0.0,0.99,0.01,0.9,1.1,0.0,154,22.9,60.0,60,72,78,70318,1
40389,70318,M4,양촌_MTr4,0.012,0.242,0.0,0.0,0.99,0.01,0.9,1.1,0.0,154,22.9,60.0,60,72,78,70318,1
40390,70319,M1,김포_MTr1,0.012,0.242,0.0,0.0,1.0,0.01,0.9,1.1,0.0,154,22.9,60.0,60,72,78,70319,1
40390,70319,M2,김포_MTr2,0.012,0.242,0.0,0.0,1.0,0.01,0.9,1.1,0.0,154,22.9,60.0,60,72,78,70319,1
40390,70319,M3,김포_MTr3,0.012,0.242,0.0,0.0,1.0,0.01,0.9,1.1,0.0,154,22.9,60.0,60,72,78,70319,1
40390,70319,M4,김포_MTr4,0.012,0.242,0.0,0.0,1.0,0.01,0.9,1.1,0.0,154,22.9,60.0,60,72,78,70319,1
40391,70320,M1,통진_MTr1,0.012,0.242,0.0,0.0,0.99,0.01,0.9,1.1,0.0,154,22.9,60.0,60,72,78,70320,1
40391,70320,M2,통진_MTr2,0.012,0.242,0.0,0.0,0.99,0.01,0.9,1.1,0.0,154,22.9,60.0,60,72,78,70320,1
40391,70320,M3,통진_MTr3,0.012,0.242,0.0,0.0,0.99,0.01,0.9,1.1,0.0,154,22.9,60.0,60,72,78,70320,1
40391,70320,M4,통진_MTr4,0.012,0.242,0.0,0.0,0.99,0.01,0.9,1.1,0.0,154,22.9,60.0,60,72,78,70320,1
40392,70321,M1,서침산_MTr1,0.012,0.242,0.0,0.0,1.01,0.01,0.9,1.1,0.0,154,22.9,60.0,60,72,78,70321,1
40392,70321,M2,서침산_MTr2,0.012,0.242,0.0,0.0,1.01,0.01,0.9,1.1,0.0,154,22.9,60.0,60,72,78,70321,1
40392,70321,M3,서침산_MTr3,0.012,0.242,0.0,0.0,1.01,0.01,0.9,1.1,0.0,154,22.9,60.0,60,72,78,70321,1
40393,70322,M1,송우_MTr1,0.012,0.242,0.0,0.0,0.99,0.01,0.9,1.1,0.0,154,22.9,60.0,60,72,78,70322,1
40393,70322,M2,송우_MTr2,0.012,0.242,0.0,0.0,0.99,0.01,0.9,1.1,0.0,154,22.9,60.0,60,72,78,70322,1
40393,70322,M3,송우_MTr3,0.012,0.242,0.0,0.0,0.99,0.01,0.9,1.1,0.0,154,22.9,60.0,60,72,78,70322,1
40393,70322,M4,송우_MTr4,0.012,0.242,0.0,0.0,0.99,0.01,0.9,1.1,0.0,154,22.9,60.0,60,72,78,70322,1
40394,70323,M1,용정_MTr1,0.012,0.242,0.0,0.0,0.99,0.01,0.9,1.1,0.0,154,22.9,60.0,60,72,78,70323,1
40394,70323,M2,용정_MTr2,0.012,0.242,0.0,0.0,0.99,0.01,0.9,1.1,0.0,154,22.9,60.0,60,72,78,70323,1
40394,70323,M3,용정_MTr3,0.012,0.242,0.0,0.0,0.99,0.01,0.9,1.1,0.0,154,22.9,60.0,60,72,78,70323,1
40394,70323,M4,용정_MTr4,0.012,0.242,0.0,0.0,0.99,0.01,0.9,1.1,0.0,154,22.9,60.0,60,72,78,70323,1
40395,70324,M1,북강릉_MTr1,0.012,0.242,0.0,0.0,0.99,0.01,0.9,1.1,0.0,154,22.9,60.0,60,72,78,70324,1
40395,70324,M2,북강릉_MTr2,0.012,0.242,0.0,0.0,0.99,0.01,0.9,1.1,0.0,154,22.9,60.0,60,72,78,70324,1
40395,70324,M3,북강릉_MTr3,0.012,0.242,0.0,0.0,0.99,0.01,0.9,1.1,0.0,154,22.9,60.0,60,72,78,70324,1
40396,70325,M1,화천_MTr1,0.012,0.242,0.0,0.0,0.98,0.01,0.9,1.1,0.0,154,22.9,60.0,60,72,78,70325,1
40396,70325,M2,화천_MTr2,0.012,0.242,0.0,0.0,0.98,0.01,0.9,1.1,0.0,154,22.9,60.0,60,72,78,70325,1
40396,70325,M3,화천_MTr3,0.012,0.242,0.0,0.0,0.98,0.01,0.9,1.1,0.0,154,22.9,60.0,60,72,78,70325,1
40397,70326,M1,춘천_MTr1,0.012,0.242,0.0,0.0,0.99,0.01,0.9,1.1,0.0,154,22.9,60.0,60,72,78,70326,1
40397,70326,M2,춘천_MTr2,0.012,0.242,0.0,0.0,0.99,0.01,0.9,1.1,0.0,154,22.9,60.0,60,72,78,70326,1
40397,70326,M3,춘천_MTr3,0.012,0.242,0.0,0.0,0.99,0.01,0.9,1.1,0.0,154,22.9,60.0,60,72,78,70326,1
40398,70327,M1,북춘천_MTr1,0.012,0.242,0.0,0.0,0.99,0.01,0.9,1.1,0.0,154,22.9,60.0,60,72,78,70327,1
40398,70327,M2,북춘천_MTr2,0.012,0.242,0.0,0.0,0.99,0.01,0.9,1.1,0.0,154,22.9,60.0,60,72,78,70327,1
40398,70327,M3,북춘천_MTr3,0.012,0.242,0.0,0.0,0.99,0.01,0.9,1.1,0.0,154,22.9,60.0,60,72,78,70327,1
40399,70328,M1,서홍천_MTr1,0.012,0.242,0.0,0.0,0.99,0.01,0.9,1.1,0.0,154,22.9,60.0,60,72,78,70328,1
40399,70328,M2,서홍천_MTr2,0.012,0.242,0.0,0.0,0.99,0.01,0.9,1.1,0.0,154,22.9,60.0,60,72,78,70328,1
40399,70328,M3,서홍천_MTr3,0.012,0.242,0.0,0.0,0.99,0.01,0.9,1.1,0.0,154,22.9,60.0,60,72,78,70328,1
40400,70329,M1,남춘천_MTr1,0.012,0.242,0.0,0.0,0.99,0.01,0.9,1.1,0.0,154,22.9,60.0,60,72,78,70329,1
40400,70329,M2,남춘천_MTr2,0.012,0.242,0.0,0.0,0.99,0.01,0.9,1.1,0.0,154,22.9,60.0,60,72,78,70329,1
40400,70329,M3,남춘천_MTr3,0.012,0.242,0.0,0.0,0.99,0.01,0.9,1.1,0.0,154,22.9,60.0,60,72,78,70329,1
40401,70330,M1,전곡_MTr1,0.012,0.242,0.0,0.0,0.99,0.01,0.9,1.1,0.0,154,22.9,60.0,60,72,78,70330,1
40401,70330,M2,전곡_MTr2,0.012,0.242,0.0,0.0,0.99,0.01,0.9,1.1,0.0,154,22.9,60.0,60,72,78,70330,1
40401,70330,M3,전곡_MTr3,0.012,0.242,0.0,0.0,0.99,0.01,0.9,1.1,0.0,154,22.9,60.0,60,72,78,70330,1
40401,70330,M4,전곡_MTr4,0.012,0.242,0.0,0.0,0.99,0.01,0.9,1.1,0.0,154,22.9,60.0,60,72,78,70330,1
40402,70331,M1,내촌_MTr1,0.012,0.242,0.0,0.0,0.99,0.01,0.9,1.1,0.0,154,22.9,60.0,60,72,78,70331,1
40402,70331,M2,내촌_MTr2,0.012,0.242,0.0,0.0,0.99,0.01,0.9,1.1,0.0,154,22.9,60.0,60,72,78,70331,1
40402,70331,M3,내촌_MTr3,0.012,0.242,0.0,0.0,0.99,0.01,0.9,1.1,0.0,154,22.9,60.0,60,72,78,70331,1
40402,70331,M4,내촌_MTr4,0.012,0.242,0.0,0.0,0.99,0.01,0.9,1.1,0.0,154,22.9,60.0,60,72,78,70331,1
40403,70332,M1,포천_MTr1,0.012,0.242,0.0,0.0,0.99,0.01,0.9,1.1,0.0,154,22.9,60.0,60,72,78,70332,1
40403,70332,M2,포천_MTr2,0.012,0.242,0.0,0.0,0.99,0.01,0.9,1.1,0.0,154,22.9,60.0,60,72,78,70332,1
40403,70332,M3,포천_MTr3,0.012,0.242,0.0,0.0,0.99,0.01,0.9,1.1,0.0,154,22.9,60.0,60,72,78,70332,1
40403,70332,M4,포천_MTr4,0.012,0.242,0.0,0.0,0.99,0.01,0.9,1.1,0.0,154,22.9,60.0,60,72,78,70332,1
40404,70333,M1,향남_MTr1,0.012,0.242,0.0,0.0,0.99,0.01,0.9,1.1,0.0,154,22.9,60.0,60,72,78,70333,1
40404,70333,M2,향남_MTr2,0.012,0.242,0.0,0.0,0.99,0.01,0.9,1.1,0.0,154,22.9,60.0,60,72,78,70333,1
40404,70333,M3,향남_MTr3,0.012,0.242,0.0,0.0,0.99,0.01,0.9,1.1,0.0,154,22.9,60.0,60,72,78,70333,1
40404,70333,M4,향남_MTr4,0.012,0.242,0.0,0.0,0.99,0.01,0.9,1.1,0.0,154,22.9,60.0,60,72,78,70333,1
40405,70334,M1,발안_MTr1,0.012,0.242,0.0,0.0,0.99,0.01,0.9,1.1,0.0,154,22.9,60.0,60,72,78,70334,1
40405,70334,M2,발안_MTr2,0.012,0.242,0.0,0.0,0.99,0.01,0.9,1.1,0.0,154,22.9,60.0,60,72,78,70334,1
40405,70334,M3,발안_MTr3,0.012,0.242,0.0,0.0,0.99,0.01,0.9,1.1,0.0,154,22.9,60.0,60,72,78,70334,1
40405,70334,M4,발안_MTr4,0.012,0.242,0.0,0.0,0.99,0.01,0.9,1.1,0.0,154,22.9,60.0,60,72,78,70334,1
40406,70335,M1,남수원_MTr1,0.012,0.242,0.0,0.0,0.99,0.01,0.9,1.1,0.0,154,22.9,60.0,60,72,78,70335,1
40406,70335,M2,남수원_MTr2,0.012,0.242,0.0,0.0,0.99,0.01,0.9,1.1,0.0,154,22.9,60.0,60,72,78,70335,1
40406,70335,M3,남수원_MTr3,0.012,0.242,0.0,0.0,0.99,0.01,0.9,1.1,0.0,154,22.9,60.0,60,72,78,70335,1
40406,70335,M4,남수원_MTr4,0.012,0.242,0.0,0.0,0.99,0.01,0.9,1.1,0.0,154,22.9,60.0,60,72,78,70335,1
40407,70336,M1,조암_MTr1,0.012,0.242,0.0,0.0,0.99,0.01,0.9,1.1,0.0,154,22.9,60.0,60,72,78,70336,1
40407,70336,M2,조암_MTr2,0.012,0.242,0.0,0.0,0.99,0.01,0.9,1.1,0.0,154,22.9,60.0,60,72,78,70336,1
40407,70336,M3,조암_MTr3,0.012,0.242,0.0,0.0,0.99,0.01,0.9,1.1,0.0,154,22.9,60.0,60,72,78,70336,1
40407,70336,M4,조암_MTr4,0.012,0.242,0.0,0.0,0.99,0.01,0.9,1.1,0.0,154,22.9,60.0,60,72,78,70336,1
40408,70337,M1,장덕_MTr1,0.012,0.242,0.0,0.0,0.99,0.01,0.9,1.1,0.0,154,22.9,60.0,60,72,78,70337,1
40408,70337,M2,장덕_MTr2,0.012,0.242,0.0,0.0,0.99,0.01,0.9,1.1,0.0,154,22.9,60.0,60,72,78,70337,1
40408,70337,M3,장덕_MTr3,0.012,0.242,0.0,0.0,0.99,0.01,0.9,1.1,0.0,154,22.9,60.0,60,72,78,70337,1
40408,70337,M4,장덕_MTr4,0.012,0.242,0.0,0.0,0.99,0.01,0.9,1.1,0.0,154,22.9,60.0,60,72,78,70337,1
40409,70338,M1,사강_MTr1,0.012,0.242,0.0,0.0,0.99,0.01,0.9,1.1,0.0,154,22.9,60.0,60,72,78,70338,1
40409,70338,M2,사강_MTr2,0.012,0.242,0.0,0.0,0.99,0.01,0.9,1.1,0.0,154,22.9,60.0,60,72,78,70338,1
40409,70338,M3,사강_MTr3,0.012,0.242,0.0,0.0,0.99,0.01,0.9,1.1,0.0,154,22.9,60.0,60,72,78,70338,1
40409,70338,M4,사강_MTr4,0.012,0.242,0.0,0.0,0.99,0.01,0.9,1.1,0.0,154,22.9,60.0,60,72,78,70338,1
40410,70339,M1,북동탄_MTr1,0.012,0.242,0.0,0.0,0.99,0.01,0.9,1.1,0.0,154,22.9,60.0,60,72,78,70339,1
40410,70339,M2,북동탄_MTr2,0.012,0.242,0.0,0.0,0.99,0.01,0.9,1.1,0.0,154,22.9,60.0,60,72,78,70339,1
40410,70339,M3,북동탄_MTr3,0.012,0.242,0.0,0.0,0.99,0.01,0.9,1.1,0.0,154,22.9,60.0,60,72,78,70339,1
40410,70339,M4,북동탄_MTr4,0.012,0.242,0.0,0.0,0.99,0.01,0.9,1.1,0.0,154,22.9,60.0,60,72,78,70339,1
40411,70340,M1,구문천_MTr1,0.012,0.242,0.0,0.0,0.99,0.01,0.9,1.1,0.0,154,22.9,60.0,60,72,78,70340,1
40411,70340,M2,구문천_MTr2,0.012,0.242,0.0,0.0,0.99,0.01,0.9,1.1,0.0,154,22.9,60.0,60,72,78,70340,1
40411,70340,M3,구문천_MTr3,0.012,0.242,0.0,0.0,0.99,0.01,0.9,1.1,0.0,154,22.9,60.0,60,72,78,70340,1
40411,70340,M4,구문천_MTr4,0.012,0.242,0.0,0.0,0.99,0.01,0.9,1.1,0.0,154,22.9,60.0,60,72,78,70340,1
40412,70341,M1,남시화_MTr1,0.012,0.242,0.0,0.0,0.99,0.01,0.9,1.1,0.0,154,22.9,60.0,60,72,78,70341,1
40412,70341,M2,남시화_MTr2,0.012,0.242,0.0,0.0,0.99,0.01,0.9,1.1,0.0,154,22.9,60.0,60,72,78,70341,1
40412,70341,M3,남시화_MTr3,0.012,0.242,0.0,0.0,0.99,0.01,0.9,1.1,0.0,154,22.9,60.0,60,72,78,70341,1
40412,70341,M4,남시화_MTr4,0.012,0.242,0.0,0.0,0.99,0.01,0.9,1.1,0.0,154,22.9,60.0,60,72,78,70341,1
40413,70342,M1,원미_MTr1,0.012,0.242,0.0,0.0,1.0,0.01,0.9,1.1,0.0,154,22.9,60.0,60,72,78,70342,1
40413,70342,M2,원미_MTr2,0.012,0.242,0.0,0.0,1.0,0.01,0.9,1.1,0.0,154,22.9,60.0,60,72,78,70342,1
40413,70342,M3,원미_MTr3,0.012,0.242,0.0,0.0,1.0,0.01,0.9,1.1,0.0,154,22.9,60.0,60,72,78,70342,1
40414,70343,M1,도당_MTr1,0.012,0.242,0.0,0.0,1.0,0.01,0.9,1.1,0.0,154,22.9,60.0,60,72,78,70343,1
40414,70343,M2,도당_MTr2,0.012,0.242,0.0,0.0,1.0,0.01,0.9,1.1,0.0,154,22.9,60.0,60,72,78,70343,1
40414,70343,M3,도당_MTr3,0.012,0.242,0.0,0.0,1.0,0.01,0.9,1.1,0.0,154,22.9,60.0,60,72,78,70343,1
40415,70344,M1,고강_MTr1,0.012,0.242,0.0,0.0,0.99,0.01,0.9,1.1,0.0,154,22.9,60.0,60,72,78,70344,1
40415,70344,M2,고강_MTr2,0.012,0.242,0.0,0.0,0.99,0.01,0.9,1.1,0.0,154,22.9,60.0,60,72,78,70344,1
40415,70344,M3,고강_MTr3,0.012,0.242,0.0,0.0,0.99,0.01,0.9,1.1,0.0,154,22.9,60.0,60,72,78,70344,1
40416,70345,M1,안면_MTr1,0.012,0.242,0.0,0.0,0.99,0.01,0.9,1.1,0.0,154,22.9,60.0,60,72,78,70345,1
40416,70345,M2,안면_MTr2,0.012,0.242,0.0,0.0,0.99,0.01,0.9,1.1,0.0,154,22.9,60.0,60,72,78,70345,1
40416,70345,M3,안면_MTr3,0.012,0.242,0.0,0.0,0.99,0.01,0.9,1.1,0.0,154,22.9,60.0,60,72,78,70345,1
40416,70345,M4,안면_MTr4,0.012,0.242,0.0,0.0,0.99,0.01,0.9,1.1,0.0,154,22.9,60.0,60,72,78,70345,1
40417,70346,M1,남양_MTr1,0.012,0.242,0.0,0.0,0.99,0.01,0.9,1.1,0.0,154,22.9,60.0,60,72,78,70346,1
40417,70346,M2,남양_MTr2,0.012,0.242,0.0,0.0,0.99,0.01,0.9,1.1,0.0,154,22.9,60.0,60,72,78,70346,1
40417,70346,M3,남양_MTr3,0.012,0.242,0.0,0.0,0.99,0.01,0.9,1.1,0.0,154,22.9,60.0,60,72,78,70346,1
40417,70346,M4,남양_MTr4,0.012,0.242,0.0,0.0,0.99,0.01,0.9,1.1,0.0,154,22.9,60.0,60,72,78,70346,1
40418,70347,M1,태안_MTr1,0.012,0.242,0.0,0.0,0.99,0.01,0.9,1.1,0.0,154,22.9,60.0,60,72,78,70347,1
40418,70347,M2,태안_MTr2,0.012,0.242,0.0,0.0,0.99,0.01,0.9,1.1,0.0,154,22.9,60.0,60,72,78,70347,1
40418,70347,M3,태안_MTr3,0.012,0.242,0.0,0.0,0.99,0.01,0.9,1.1,0.0,154,22.9,60.0,60,72,78,70347,1
40418,70347,M4,태안_MTr4,0.012,0.242,0.0,0.0,0.99,0.01,0.9,1.1,0.0,154,22.9,60.0,60,72,78,70347,1
40419,70348,M1,원곡_MTr1,0.012,0.242,0.0,0.0,0.99,0.01,0.9,1.1,0.0,154,22.9,60.0,60,72,78,70348,1
40419,70348,M2,원곡_MTr2,0.012,0.242,0.0,0.0,0.99,0.01,0.9,1.1,0.0,154,22.9,60.0,60,72,78,70348,1
40419,70348,M3,원곡_MTr3,0.012,0.242,0.0,0.0,0.99,0.01,0.9,1.1,0.0,154,22.9,60.0,60,72,78,70348,1
40419,70348,M4,원곡_MTr4,0.012,0.242,0.0,0.0,0.99,0.01,0.9,1.1,0.0,154,22.9,60.0,60,72,78,70348,1
40420,70349,M1,목내_MTr1,0.012,0.242,0.0,0.0,0.99,0.01,0.9,1.1,0.0,154,22.9,60.0,60,72,78,70349,1
40420,70349,M2,목내_MTr2,0.012,0.242,0.0,0.0,0.99,0.01,0.9,1.1,0.0,154,22.9,60.0,60,72,78,70349,1
40420,70349,M3,목내_MTr3,0.012,0.242,0.0,0.0,0.99,0.01,0.9,1.1,0.0,154,22.9,60.0,60,72,78,70349,1
40420,70349,M4,목내_MTr4,0.012,0.242,0.0,0.0,0.99,0.01,0.9,1.1,0.0,154,22.9,60.0,60,72,78,70349,1
40421,70350,M1,중시화_MTr1,0.012,0.242,0.0,0.0,0.99,0.01,0.9,1.1,0.0,154,22.9,60.0,60,72,78,70350,1
40421,70350,M2,중시화_MTr2,0.012,0.242,0.0,0.0,0.99,0.01,0.9,1.1,0.0,154,22.9,60.0,60,72,78,70350,1
40421,70350,M3,중시화_MTr3,0.012,0.242,0.0,0.0,0.99,0.01,0.9,1.1,0.0,154,22.9,60.0,60,72,78,70350,1
40421,70350,M4,중시화_MTr4,0.012,0.242,0.0,0.0,0.99,0.01,0.9,1.1,0.0,154,22.9,60.0,60,72,78,70350,1
40423,70351,M1,남정왕_MTr1,0.012,0.242,0.0,0.0,0.99,0.01,0.9,1.1,0.0,154,22.9,60.0,60,72,78,70351,1
40423,70351,M2,남정왕_MTr2,0.012,0.242,0.0,0.0,0.99,0.01,0.9,1.1,0.0,154,22.9,60.0,60,72,78,70351,1
40423,70351,M3,남정왕_MTr3,0.012,0.242,0.0,0.0,0.99,0.01,0.9,1.1,0.0,154,22.9,60.0,60,72,78,70351,1
40423,70351,M4,남정왕_MTr4,0.012,0.242,0.0,0.0,0.99,0.01,0.9,1.1,0.0,154,22.9,60.0,60,72,78,70351,1
40424,70352,M1,동시화_MTr1,0.012,0.242,0.0,0.0,0.99,0.01,0.9,1.1,0.0,154,22.9,60.0,60,72,78,70352,1
40424,70352,M2,동시화_MTr2,0.012,0.242,0.0,0.0,0.99,0.01,0.9,1.1,0.0,154,22.9,60.0,60,72,78,70352,1
40424,70352,M3,동시화_MTr3,0.012,0.242,0.0,0.0,0.99,0.01,0.9,1.1,0.0,154,22.9,60.0,60,72,78,70352,1
40424,70352,M4,동시화_MTr4,0.012,0.242,0.0,0.0,0.99,0.01,0.9,1.1,0.0,154,22.9,60.0,60,72,78,70352,1
40425,70353,M1,성곡_MTr1,0.012,0.242,0.0,0.0,0.99,0.01,0.9,1.1,0.0,154,22.9,60.0,60,72,78,70353,1
40425,70353,M2,성곡_MTr2,0.012,0.242,0.0,0.0,0.99,0.01,0.9,1.1,0.0,154,22.9,60.0,60,72,78,70353,1
40425,70353,M3,성곡_MTr3,0.012,0.242,0.0,0.0,0.99,0.01,0.9,1.1,0.0,154,22.9,60.0,60,72,78,70353,1
40425,70353,M4,성곡_MTr4,0.012,0.242,0.0,0.0,0.99,0.01,0.9,1.1,0.0,154,22.9,60.0,60,72,78,70353,1
40426,70354,M1,남안산_MTr1,0.012,0.242,0.0,0.0,0.99,0.01,0.9,1.1,0.0,154,22.9,60.0,60,72,78,70354,1
40426,70354,M2,남안산_MTr2,0.012,0.242,0.0,0.0,0.99,0.01,0.9,1.1,0.0,154,22.9,60.0,60,72,78,70354,1
40426,70354,M3,남안산_MTr3,0.012,0.242,0.0,0.0,0.99,0.01,0.9,1.1,0.0,154,22.9,60.0,60,72,78,70354,1
40426,70354,M4,남안산_MTr4,0.012,0.242,0.0,0.0,0.99,0.01,0.9,1.1,0.0,154,22.9,60.0,60,72,78,70354,1
40427,70355,M1,소래_MTr1,0.012,0.242,0.0,0.0,1.0,0.01,0.9,1.1,0.0,154,22.9,60.0,60,72,78,70355,1
40427,70355,M2,소래_MTr2,0.012,0.242,0.0,0.0,1.0,0.01,0.9,1.1,0.0,154,22.9,60.0,60,72,78,70355,1
40427,70355,M3,소래_MTr3,0.012,0.242,0.0,0.0,1.0,0.01,0.9,1.1,0.0,154,22.9,60.0,60,72,78,70355,1
40428,70356,M1,서시화_MTr1,0.012,0.242,0.0,0.0,0.99,0.01,0.9,1.1,0.0,154,22.9,60.0,60,72,78,70356,1
40428,70356,M2,서시화_MTr2,0.012,0.242,0.0,0.0,0.99,0.01,0.9,1.1,0.0,154,22.9,60.0,60,72,78,70356,1
40428,70356,M3,서시화_MTr3,0.012,0.242,0.0,0.0,0.99,0.01,0.9,1.1,0.0,154,22.9,60.0,60,72,78,70356,1
40428,70356,M4,서시화_MTr4,0.012,0.242,0.0,0.0,0.99,0.01,0.9,1.1,0.0,154,22.9,60.0,60,72,78,70356,1
40429,70357,M1,강화_MTr1,0.012,0.242,0.0,0.0,0.99,0.01,0.9,1.1,0.0,154,22.9,60.0,60,72,78,70357,1
40429,70357,M2,강화_MTr2,0.012,0.242,0.0,0.0,0.99,0.01,0.9,1.1,0.0,154,22.9,60.0,60,72,78,70357,1
40429,70357,M3,강화_MTr3,0.012,0.242,0.0,0.0,0.99,0.01,0.9,1.1,0.0,154,22.9,60.0,60,72,78,70357,1
40429,70357,M4,강화_MTr4,0.012,0.242,0.0,0.0,0.99,0.01,0.9,1.1,0.0,154,22.9,60.0,60,72,78,70357,1
40430,70358,M1,안동_MTr1,0.012,0.242,0.0,0.0,1.0,0.01,0.9,1.1,0.0,154,22.9,60.0,60,72,78,70358,1
40430,70358,M2,안동_MTr2,0.012,0.242,0.0,0.0,1.0,0.01,0.9,1.1,0.0,154,22.9,60.0,60,72,78,70358,1
40430,70358,M3,안동_MTr3,0.012,0.242,0.0,0.0,1.0,0.01,0.9,1.1,0.0,154,22.9,60.0,60,72,78,70358,1
40430,70358,M4,안동_MTr4,0.012,0.242,0.0,0.0,1.0,0.01,0.9,1.1,0.0,154,22.9,60.0,60,72,78,70358,1
40431,70359,M1,소사벌_MTr1,0.012,0.242,0.0,0.0,0.99,0.01,0.9,1.1,0.0,154,22.9,60.0,60,72,78,70359,1
40431,70359,M2,소사벌_MTr2,0.012,0.242,0.0,0.0,0.99,0.01,0.9,1.1,0.0,154,22.9,60.0,60,72,78,70359,1
40431,70359,M3,소사벌_MTr3,0.012,0.242,0.0,0.0,0.99,0.01,0.9,1.1,0.0,154,22.9,60.0,60,72,78,70359,1
40431,70359,M4,소사벌_MTr4,0.012,0.242,0.0,0.0,0.99,0.01,0.9,1.1,0.0,154,22.9,60.0,60,72,78,70359,1
40432,70360,M1,팽성_MTr1,0.012,0.242,0.0,0.0,0.99,0.01,0.9,1.1,0.0,154,22.9,60.0,60,72,78,70360,1
40432,70360,M2,팽성_MTr2,0.012,0.242,0.0,0.0,0.99,0.01,0.9,1.1,0.0,154,22.9,60.0,60,72,78,70360,1
40432,70360,M3,팽성_MTr3,0.012,0.242,0.0,0.0,0.99,0.01,0.9,1.1,0.0,154,22.9,60.0,60,72,78,70360,1
40432,70360,M4,팽성_MTr4,0.012,0.242,0.0,0.0,0.99,0.01,0.9,1.1,0.0,154,22.9,60.0,60,72,78,70360,1
40433,70361,M1,만호_MTr1,0.012,0.242,0.0,0.0,0.99,0.01,0.9,1.1,0.0,154,22.9,60.0,60,72,78,70361,1
40433,70361,M2,만호_MTr2,0.012,0.242,0.0,0.0,0.99,0.01,0.9,1.1,0.0,154,22.9,60.0,60,72,78,70361,1
40433,70361,M3,만호_MTr3,0.012,0.242,0.0,0.0,0.99,0.01,0.9,1.1,0.0,154,22.9,60.0,60,72,78,70361,1
40433,70361,M4,만호_MTr4,0.012,0.242,0.0,0.0,0.99,0.01,0.9,1.1,0.0,154,22.9,60.0,60,72,78,70361,1
40434,70362,M1,청북_MTr1,0.012,0.242,0.0,0.0,0.99,0.01,0.9,1.1,0.0,154,22.9,60.0,60,72,78,70362,1
40434,70362,M2,청북_MTr2,0.012,0.242,0.0,0.0,0.99,0.01,0.9,1.1,0.0,154,22.9,60.0,60,72,78,70362,1
40434,70362,M3,청북_MTr3,0.012,0.242,0.0,0.0,0.99,0.01,0.9,1.1,0.0,154,22.9,60.0,60,72,78,70362,1
40434,70362,M4,청북_MTr4,0.012,0.242,0.0,0.0,0.99,0.01,0.9,1.1,0.0,154,22.9,60.0,60,72,78,70362,1
40435,70363,M1,송강_MTr1,0.012,0.242,0.0,0.0,0.99,0.01,0.9,1.1,0.0,154,22.9,60.0,60,72,78,70363,1
40435,70363,M2,송강_MTr2,0.012,0.242,0.0,0.0,0.99,0.01,0.9,1.1,0.0,154,22.9,60.0,60,72,78,70363,1
40435,70363,M3,송강_MTr3,0.012,0.242,0.0,0.0,0.99,0.01,0.9,1.1,0.0,154,22.9,60.0,60,72,78,70363,1
40436,70364,M1,세교_MTr1,0.012,0.242,0.0,0.0,0.99,0.01,0.9,1.1,0.0,154,22.9,60.0,60,72,78,70364,1
40436,70364,M2,세교_MTr2,0.012,0.242,0.0,0.0,0.99,0.01,0.9,1.1,0.0,154,22.9,60.0,60,72,78,70364,1
40436,70364,M3,세교_MTr3,0.012,0.242,0.0,0.0,0.99,0.01,0.9,1.1,0.0,154,22.9,60.0,60,72,78,70364,1
40436,70364,M4,세교_MTr4,0.012,0.242,0.0,0.0,0.99,0.01,0.9,1.1,0.0,154,22.9,60.0,60,72,78,70364,1
40437,70365,M1,동수원_MTr1,0.012,0.242,0.0,0.0,0.99,0.01,0.9,1.1,0.0,154,22.9,60.0,60,72,78,70365,1
40437,70365,M2,동수원_MTr2,0.012,0.242,0.0,0.0,0.99,0.01,0.9,1.1,0.0,154,22.9,60.0,60,72,78,70365,1
40437,70365,M3,동수원_MTr3,0.012,0.242,0.0,0.0,0.99,0.01,0.9,1.1,0.0,154,22.9,60.0,60,72,78,70365,1
40437,70365,M4,동수원_MTr4,0.012,0.242,0.0,0.0,0.99,0.01,0.9,1.1,0.0,154,22.9,60.0,60,72,78,70365,1
40438,70366,M1,일산_MTr1,0.012,0.242,0.0,0.0,0.99,0.01,0.9,1.1,0.0,154,22.9,60.0,60,72,78,70366,1
40438,70366,M2,일산_MTr2,0.012,0.242,0.0,0.0,0.99,0.01,0.9,1.1,0.0,154,22.9,60.0,60,72,78,70366,1
40438,70366,M3,일산_MTr3,0.012,0.242,0.0,0.0,0.99,0.01,0.9,1.1,0.0,154,22.9,60.0,60,72,78,70366,1
40438,70366,M4,일산_MTr4,0.012,0.242,0.0,0.0,0.99,0.01,0.9,1.1,0.0,154,22.9,60.0,60,72,78,70366,1
40439,70367,M1,덕이_MTr1,0.012,0.242,0.0,0.0,1.0,0.01,0.9,1.1,0.0,154,22.9,60.0,60,72,78,70367,1
40439,70367,M2,덕이_MTr2,0.012,0.242,0.0,0.0,1.0,0.01,0.9,1.1,0.0,154,22.9,60.0,60,72,78,70367,1
40439,70367,M3,덕이_MTr3,0.012,0.242,0.0,0.0,1.0,0.01,0.9,1.1,0.0,154,22.9,60.0,60,72,78,70367,1
40439,70367,M4,덕이_MTr4,0.012,0.242,0.0,0.0,1.0,0.01,0.9,1.1,0.0,154,22.9,60.0,60,72,78,70367,1
40440,70368,M1,서종_MTr1,0.012,0.242,0.0,0.0,0.99,0.01,0.9,1.1,0.0,154,22.9,60.0,60,72,78,70368,1
40440,70368,M2,서종_MTr2,0.012,0.242,0.0,0.0,0.99,0.01,0.9,1.1,0.0,154,22.9,60.0,60,72,78,70368,1
40440,70368,M3,서종_MTr3,0.012,0.242,0.0,0.0,0.99,0.01,0.9,1.1,0.0,154,22.9,60.0,60,72,78,70368,1
40440,70368,M4,서종_MTr4,0.012,0.242,0.0,0.0,0.99,0.01,0.9,1.1,0.0,154,22.9,60.0,60,72,78,70368,1
40441,70369,M1,진건_MTr1,0.012,0.242,0.0,0.0,0.99,0.01,0.9,1.1,0.0,154,22.9,60.0,60,72,78,70369,1
40441,70369,M2,진건_MTr2,0.012,0.242,0.0,0.0,0.99,0.01,0.9,1.1,0.0,154,22.9,60.0,60,72,78,70369,1
40441,70369,M3,진건_MTr3,0.012,0.242,0.0,0.0,0.99,0.01,0.9,1.1,0.0,154,22.9,60.0,60,72,78,70369,1
40441,70369,M4,진건_MTr4,0.012,0.242,0.0,0.0,0.99,0.01,0.9,1.1,0.0,154,22.9,60.0,60,72,78,70369,1
40442,70370,M1,진접_MTr1,0.012,0.242,0.0,0.0,0.99,0.01,0.9,1.1,0.0,154,22.9,60.0,60,72,78,70370,1
40442,70370,M2,진접_MTr2,0.012,0.242,0.0,0.0,0.99,0.01,0.9,1.1,0.0,154,22.9,60.0,60,72,78,70370,1
40442,70370,M3,진접_MTr3,0.012,0.242,0.0,0.0,0.99,0.01,0.9,1.1,0.0,154,22.9,60.0,60,72,78,70370,1
40442,70370,M4,진접_MTr4,0.012,0.242,0.0,0.0,0.99,0.01,0.9,1.1,0.0,154,22.9,60.0,60,72,78,70370,1
40443,70371,M1,지제_MTr1,0.012,0.242,0.0,0.0,0.98,0.01,0.9,1.1,0.0,154,22.9,60.0,60,72,78,70371,1
40443,70371,M2,지제_MTr2,0.012,0.242,0.0,0.0,0.98,0.01,0.9,1.1,0.0,154,22.9,60.0,60,72,78,70371,1
40443,70371,M3,지제_MTr3,0.012,0.242,0.0,0.0,0.98,0.01,0.9,1.1,0.0,154,22.9,60.0,60,72,78,70371,1
40443,70371,M4,지제_MTr4,0.012,0.242,0.0,0.0,0.98,0.01,0.9,1.1,0.0,154,22.9,60.0,60,72,78,70371,1
40444,70372,M1,용문_MTr1,0.012,0.242,0.0,0.0,0.99,0.01,0.9,1.1,0.0,154,22.9,60.0,60,72,78,70372,1
40444,70372,M2,용문_MTr2,0.012,0.242,0.0,0.0,0.99,0.01,0.9,1.1,0.0,154,22.9,60.0,60,72,78,70372,1
40444,70372,M3,용문_MTr3,0.012,0.242,0.0,0.0,0.99,0.01,0.9,1.1,0.0,154,22.9,60.0,60,72,78,70372,1
40444,70372,M4,용문_MTr4,0.012,0.242,0.0,0.0,0.99,0.01,0.9,1.1,0.0,154,22.9,60.0,60,72,78,70372,1
40445,70373,M1,구리_MTr1,0.012,0.242,0.0,0.0,0.99,0.01,0.9,1.1,0.0,154,22.9,60.0,60,72,78,70373,1
40445,70373,M2,구리_MTr2,0.012,0.242,0.0,0.0,0.99,0.01,0.9,1.1,0.0,154,22.9,60.0,60,72,78,70373,1
40445,70373,M3,구리_MTr3,0.012,0.242,0.0,0.0,0.99,0.01,0.9,1.1,0.0,154,22.9,60.0,60,72,78,70373,1
40445,70373,M4,구리_MTr4,0.012,0.242,0.0,0.0,0.99,0.01,0.9,1.1,0.0,154,22.9,60.0,60,72,78,70373,1
40446,70374,M1,영덕_MTr1,0.012,0.242,0.0,0.0,0.99,0.01,0.9,1.1,0.0,154,22.9,60.0,60,72,78,70374,1
40446,70374,M2,영덕_MTr2,0.012,0.242,0.0,0.0,0.99,0.01,0.9,1.1,0.0,154,22.9,60.0,60,72,78,70374,1
40446,70374,M3,영덕_MTr3,0.012,0.242,0.0,0.0,0.99,0.01,0.9,1.1,0.0,154,22.9,60.0,60,72,78,70374,1
40446,70374,M4,영덕_MTr4,0.012,0.242,0.0,0.0,0.99,0.01,0.9,1.1,0.0,154,22.9,60.0,60,72,78,70374,1
40447,70375,M1,덕소_MTr1,0.012,0.242,0.0,0.0,0.99,0.01,0.9,1.1,0.0,154,22.9,60.0,60,72,78,70375,1
40447,70375,M2,덕소_MTr2,0.012,0.242,0.0,0.0,0.99,0.01,0.9,1.1,0.0,154,22.9,60.0,60,72,78,70375,1
40447,70375,M3,덕소_MTr3,0.012,0.242,0.0,0.0,0.99,0.01,0.9,1.1,0.0,154,22.9,60.0,60,72,78,70375,1
40447,70375,M4,덕소_MTr4,0.012,0.242,0.0,0.0,0.99,0.01,0.9,1.1,0.0,154,22.9,60.0,60,72,78,70375,1
40448,70376,M1,옥정_MTr1,0.012,0.242,0.0,0.0,0.99,0.01,0.9,1.1,0.0,154,22.9,60.0,60,72,78,70376,1
40448,70376,M2,옥정_MTr2,0.012,0.242,0.0,0.0,0.99,0.01,0.9,1.1,0.0,154,22.9,60.0,60,72,78,70376,1
40448,70376,M3,옥정_MTr3,0.012,0.242,0.0,0.0,0.99,0.01,0.9,1.1,0.0,154,22.9,60.0,60,72,78,70376,1
40448,70376,M4,옥정_MTr4,0.012,0.242,0.0,0.0,0.99,0.01,0.9,1.1,0.0,154,22.9,60.0,60,72,78,70376,1
40449,70377,M1,용현_MTr1,0.012,0.242,0.0,0.0,0.99,0.01,0.9,1.1,0.0,154,22.9,60.0,60,72,78,70377,1
40449,70377,M2,용현_MTr2,0.012,0.242,0.0,0.0,0.99,0.01,0.9,1.1,0.0,154,22.9,60.0,60,72,78,70377,1
40449,70377,M3,용현_MTr3,0.012,0.242,0.0,0.0,0.99,0.01,0.9,1.1,0.0,154,22.9,60.0,60,72,78,70377,1
40449,70377,M4,용현_MTr4,0.012,0.242,0.0,0.0,0.99,0.01,0.9,1.1,0.0,154,22.9,60.0,60,72,78,70377,1
40450,70378,M1,금오_MTr1,0.012,0.242,0.0,0.0,0.99,0.01,0.9,1.1,0.0,154,22.9,60.0,60,72,78,70378,1
40450,70378,M2,금오_MTr2,0.012,0.242,0.0,0.0,0.99,0.01,0.9,1.1,0.0,154,22.9,60.0,60,72,78,70378,1
40450,70378,M3,금오_MTr3,0.012,0.242,0.0,0.0,0.99,0.01,0.9,1.1,0.0,154,22.9,60.0,60,72,78,70378,1
40450,70378,M4,금오_MTr4,0.012,0.242,0.0,0.0,0.99,0.01,0.9,1.1,0.0,154,22.9,60.0,60,72,78,70378,1
40451,70379,M1,진보_MTr1,0.012,0.242,0.0,0.0,0.99,0.01,0.9,1.1,0.0,154,22.9,60.0,60,72,78,70379,1
40451,70379,M2,진보_MTr2,0.012,0.242,0.0,0.0,0.99,0.01,0.9,1.1,0.0,154,22.9,60.0,60,72,78,70379,1
40451,70379,M3,진보_MTr3,0.012,0.242,0.0,0.0,0.99,0.01,0.9,1.1,0.0,154,22.9,60.0,60,72,78,70379,1
40451,70379,M4,진보_MTr4,0.012,0.242,0.0,0.0,0.99,0.01,0.9,1.1,0.0,154,22.9,60.0,60,72,78,70379,1
40452,70380,M1,동안동_MTr1,0.012,0.242,0.0,0.0,1.0,0.01,0.9,1.1,0.0,154,22.9,60.0,60,72,78,70380,1
40452,70380,M2,동안동_MTr2,0.012,0.242,0.0,0.0,1.0,0.01,0.9,1.1,0.0,154,22.9,60.0,60,72,78,70380,1
40452,70380,M3,동안동_MTr3,0.012,0.242,0.0,0.0,1.0,0.01,0.9,1.1,0.0,154,22.9,60.0,60,72,78,70380,1
40452,70380,M4,동안동_MTr4,0.012,0.242,0.0,0.0,1.0,0.01,0.9,1.1,0.0,154,22.9,60.0,60,72,78,70380,1
40453,70381,M1,농서_MTr1,0.012,0.242,0.0,0.0,0.99,0.01,0.9,1.1,0.0,154,22.9,60.0,60,72,78,70381,1
40453,70381,M2,농서_MTr2,0.012,0.242,0.0,0.0,0.99,0.01,0.9,1.1,0.0,154,22.9,60.0,60,72,78,70381,1
40453,70381,M3,농서_MTr3,0.012,0.242,0.0,0.0,0.99,0.01,0.9,1.1,0.0,154,22.9,60.0,60,72,78,70381,1
40453,70381,M4,농서_MTr4,0.012,0.242,0.0,0.0,0.99,0.01,0.9,1.1,0.0,154,22.9,60.0,60,72,78,70381,1
40454,70382,M1,죽전_MTr1,0.012,0.242,0.0,0.0,0.99,0.01,0.9,1.1,0.0,154,22.9,60.0,60,72,78,70382,1
40454,70382,M2,죽전_MTr2,0.012,0.242,0.0,0.0,0.99,0.01,0.9,1.1,0.0,154,22.9,60.0,60,72,78,70382,1
40454,70382,M3,죽전_MTr3,0.012,0.242,0.0,0.0,0.99,0.01,0.9,1.1,0.0,154,22.9,60.0,60,72,78,70382,1
40454,70382,M4,죽전_MTr4,0.012,0.242,0.0,0.0,0.99,0.01,0.9,1.1,0.0,154,22.9,60.0,60,72,78,70382,1
40455,70383,M1,모현_MTr1,0.012,0.242,0.0,0.0,0.99,0.01,0.9,1.1,0.0,154,22.9,60.0,60,72,78,70383,1
40455,70383,M2,모현_MTr2,0.012,0.242,0.0,0.0,0.99,0.01,0.9,1.1,0.0,154,22.9,60.0,60,72,78,70383,1
40455,70383,M3,모현_MTr3,0.012,0.242,0.0,0.0,0.99,0.01,0.9,1.1,0.0,154,22.9,60.0,60,72,78,70383,1
40455,70383,M4,모현_MTr4,0.012,0.242,0.0,0.0,0.99,0.01,0.9,1.1,0.0,154,22.9,60.0,60,72,78,70383,1
40456,70384,M1,동백_MTr1,0.012,0.242,0.0,0.0,0.99,0.01,0.9,1.1,0.0,154,22.9,60.0,60,72,78,70384,1
40456,70384,M2,동백_MTr2,0.012,0.242,0.0,0.0,0.99,0.01,0.9,1.1,0.0,154,22.9,60.0,60,72,78,70384,1
40456,70384,M3,동백_MTr3,0.012,0.242,0.0,0.0,0.99,0.01,0.9,1.1,0.0,154,22.9,60.0,60,72,78,70384,1
40456,70384,M4,동백_MTr4,0.012,0.242,0.0,0.0,0.99,0.01,0.9,1.1,0.0,154,22.9,60.0,60,72,78,70384,1
40457,70385,M1,기흥_MTr1,0.012,0.242,0.0,0.0,0.99,0.01,0.9,1.1,0.0,154,22.9,60.0,60,72,78,70385,1
40457,70385,M2,기흥_MTr2,0.012,0.242,0.0,0.0,0.99,0.01,0.9,1.1,0.0,154,22.9,60.0,60,72,78,70385,1
40457,70385,M3,기흥_MTr3,0.012,0.242,0.0,0.0,0.99,0.01,0.9,1.1,0.0,154,22.9,60.0,60,72,78,70385,1
40457,70385,M4,기흥_MTr4,0.012,0.242,0.0,0.0,0.99,0.01,0.9,1.1,0.0,154,22.9,60.0,60,72,78,70385,1
40458,70386,M1,호매실_MTr1,0.012,0.242,0.0,0.0,0.99,0.01,0.9,1.1,0.0,154,22.9,60.0,60,72,78,70386,1
40458,70386,M2,호매실_MTr2,0.012,0.242,0.0,0.0,0.99,0.01,0.9,1.1,0.0,154,22.9,60.0,60,72,78,70386,1
40458,70386,M3,호매실_MTr3,0.012,0.242,0.0,0.0,0.99,0.01,0.9,1.1,0.0,154,22.9,60.0,60,72,78,70386,1
40458,70386,M4,호매실_MTr4,0.012,0.242,0.0,0.0,0.99,0.01,0.9,1.1,0.0,154,22.9,60.0,60,72,78,70386,1
40459,70387,M1,의왕_MTr1,0.012,0.242,0.0,0.0,0.99,0.01,0.9,1.1,0.0,154,22.9,60.0,60,72,78,70387,1
40459,70387,M2,의왕_MTr2,0.012,0.242,0.0,0.0,0.99,0.01,0.9,1.1,0.0,154,22.9,60.0,60,72,78,70387,1
40459,70387,M3,의왕_MTr3,0.012,0.242,0.0,0.0,0.99,0.01,0.9,1.1,0.0,154,22.9,60.0,60,72,78,70387,1
40459,70387,M4,의왕_MTr4,0.012,0.242,0.0,0.0,0.99,0.01,0.9,1.1,0.0,154,22.9,60.0,60,72,78,70387,1
40460,70388,M1,율전_MTr1,0.012,0.242,0.0,0.0,0.99,0.01,0.9,1.1,0.0,154,22.9,60.0,60,72,78,70388,1
40460,70388,M2,율전_MTr2,0.012,0.242,0.0,0.0,0.99,0.01,0.9,1.1,0.0,154,22.9,60.0,60,72,78,70388,1
40460,70388,M3,율전_MTr3,0.012,0.242,0.0,0.0,0.99,0.01,0.9,1.1,0.0,154,22.9,60.0,60,72,78,70388,1
40460,70388,M4,율전_MTr4,0.012,0.242,0.0,0.0,0.99,0.01,0.9,1.1,0.0,154,22.9,60.0,60,72,78,70388,1
40461,70389,M1,마북_MTr1,0.012,0.242,0.0,0.0,0.99,0.01,0.9,1.1,0.0,154,22.9,60.0,60,72,78,70389,1
40461,70389,M2,마북_MTr2,0.012,0.242,0.0,0.0,0.99,0.01,0.9,1.1,0.0,154,22.9,60.0,60,72,78,70389,1
40461,70389,M3,마북_MTr3,0.012,0.242,0.0,0.0,0.99,0.01,0.9,1.1,0.0,154,22.9,60.0,60,72,78,70389,1
40461,70389,M4,마북_MTr4,0.012,0.242,0.0,0.0,0.99,0.01,0.9,1.1,0.0,154,22.9,60.0,60,72,78,70389,1
40462,70390,M1,평촌_MTr1,0.012,0.242,0.0,0.0,0.99,0.01,0.9,1.1,0.0,154,22.9,60.0,60,72,78,70390,1
40462,70390,M2,평촌_MTr2,0.012,0.242,0.0,0.0,0.99,0.01,0.9,1.1,0.0,154,22.9,60.0,60,72,78,70390,1
40462,70390,M3,평촌_MTr3,0.012,0.242,0.0,0.0,0.99,0.01,0.9,1.1,0.0,154,22.9,60.0,60,72,78,70390,1
40462,70390,M4,평촌_MTr4,0.012,0.242,0.0,0.0,0.99,0.01,0.9,1.1,0.0,154,22.9,60.0,60,72,78,70390,1
40463,70391,M1,남안성_MTr1,0.012,0.242,0.0,0.0,0.99,0.01,0.9,1.1,0.0,154,22.9,60.0,60,72,78,70391,1
40463,70391,M2,남안성_MTr2,0.012,0.242,0.0,0.0,0.99,0.01,0.9,1.1,0.0,154,22.9,60.0,60,72,78,70391,1
40463,70391,M3,남안성_MTr3,0.012,0.242,0.0,0.0,0.99,0.01,0.9,1.1,0.0,154,22.9,60.0,60,72,78,70391,1
40463,70391,M4,남안성_MTr4,0.012,0.242,0.0,0.0,0.99,0.01,0.9,1.1,0.0,154,22.9,60.0,60,72,78,70391,1
40464,70392,M1,오천_MTr1,0.012,0.242,0.0,0.0,0.98,0.01,0.9,1.1,0.0,154,22.9,60.0,60,72,78,70392,1
40464,70392,M2,오천_MTr2,0.012,0.242,0.0,0.0,0.98,0.01,0.9,1.1,0.0,154,22.9,60.0,60,72,78,70392,1
40464,70392,M3,오천_MTr3,0.012,0.242,0.0,0.0,0.98,0.01,0.9,1.1,0.0,154,22.9,60.0,60,72,78,70392,1
40464,70392,M4,오천_MTr4,0.012,0.242,0.0,0.0,0.98,0.01,0.9,1.1,0.0,154,22.9,60.0,60,72,78,70392,1
40465,70393,M1,오포_MTr1,0.012,0.242,0.0,0.0,0.99,0.01,0.9,1.1,0.0,154,22.9,60.0,60,72,78,70393,1
40465,70393,M2,오포_MTr2,0.012,0.242,0.0,0.0,0.99,0.01,0.9,1.1,0.0,154,22.9,60.0,60,72,78,70393,1
40465,70393,M3,오포_MTr3,0.012,0.242,0.0,0.0,0.99,0.01,0.9,1.1,0.0,154,22.9,60.0,60,72,78,70393,1
40465,70393,M4,오포_MTr4,0.012,0.242,0.0,0.0,0.99,0.01,0.9,1.1,0.0,154,22.9,60.0,60,72,78,70393,1
40466,70394,M1,중원_MTr1,0.012,0.242,0.0,0.0,0.99,0.01,0.9,1.1,0.0,154,22.9,60.0,60,72,78,70394,1
40466,70394,M2,중원_MTr2,0.012,0.242,0.0,0.0,0.99,0.01,0.9,1.1,0.0,154,22.9,60.0,60,72,78,70394,1
40466,70394,M3,중원_MTr3,0.012,0.242,0.0,0.0,0.99,0.01,0.9,1.1,0.0,154,22.9,60.0,60,72,78,70394,1
40466,70394,M4,중원_MTr4,0.012,0.242,0.0,0.0,0.99,0.01,0.9,1.1,0.0,154,22.9,60.0,60,72,78,70394,1
40467,70395,M1,이천_MTr1,0.012,0.242,0.0,0.0,0.99,0.01,0.9,1.1,0.0,154,22.9,60.0,60,72,78,70395,1
40467,70395,M2,이천_MTr2,0.012,0.242,0.0,0.0,0.99,0.01,0.9,1.1,0.0,154,22.9,60.0,60,72,78,70395,1
40467,70395,M3,이천_MTr3,0.012,0.242,0.0,0.0,0.99,0.01,0.9,1.1,0.0,154,22.9,60.0,60,72,78,70395,1
40467,70395,M4,이천_MTr4,0.012,0.242,0.0,0.0,0.99,0.01,0.9,1.1,0.0,154,22.9,60.0,60,72,78,70395,1
40468,70396,M1,율현_MTr1,0.012,0.242,0.0,0.0,0.98,0.01,0.9,1.1,0.0,154,22.9,60.0,60,72,78,70396,1
40468,70396,M2,율현_MTr2,0.012,0.242,0.0,0.0,0.98,0.01,0.9,1.1,0.0,154,22.9,60.0,60,72,78,70396,1
40468,70396,M3,율현_MTr3,0.012,0.242,0.0,0.0,0.98,0.01,0.9,1.1,0.0,154,22.9,60.0,60,72,78,70396,1
40468,70396,M4,율현_MTr4,0.012,0.242,0.0,0.0,0.98,0.01,0.9,1.1,0.0,154,22.9,60.0,60,72,78,70396,1
40469,70397,M1,합덕_MTr1,0.012,0.242,0.0,0.0,1.0,0.01,0.9,1.1,0.0,154,22.9,60.0,60,72,78,70397,1
40469,70397,M2,합덕_MTr2,0.012,0.242,0.0,0.0,1.0,0.01,0.9,1.1,0.0,154,22.9,60.0,60,72,78,70397,1
40469,70397,M3,합덕_MTr3,0.012,0.242,0.0,0.0,1.0,0.01,0.9,1.1,0.0,154,22.9,60.0,60,72,78,70397,1
40469,70397,M4,합덕_MTr4,0.012,0.242,0.0,0.0,1.0,0.01,0.9,1.1,0.0,154,22.9,60.0,60,72,78,70397,1
40470,70398,M1,옥산_MTr1,0.012,0.242,0.0,0.0,1.01,0.01,0.9,1.1,0.0,154,22.9,60.0,60,72,78,70398,1
40470,70398,M2,옥산_MTr2,0.012,0.242,0.0,0.0,1.01,0.01,0.9,1.1,0.0,154,22.9,60.0,60,72,78,70398,1
40470,70398,M3,옥산_MTr3,0.012,0.242,0.0,0.0,1.01,0.01,0.9,1.1,0.0,154,22.9,60.0,60,72,78,70398,1
40470,70398,M4,옥산_MTr4,0.012,0.242,0.0,0.0,1.01,0.01,0.9,1.1,0.0,154,22.9,60.0,60,72,78,70398,1
40471,70399,M1,부여_MTr1,0.012,0.242,0.0,0.0,0.99,0.01,0.9,1.1,0.0,154,22.9,60.0,60,72,78,70399,1
40471,70399,M2,부여_MTr2,0.012,0.242,0.0,0.0,0.99,0.01,0.9,1.1,0.0,154,22.9,60.0,60,72,78,70399,1
40471,70399,M3,부여_MTr3,0.012,0.242,0.0,0.0,0.99,0.01,0.9,1.1,0.0,154,22.9,60.0,60,72,78,70399,1
40471,70399,M4,부여_MTr4,0.012,0.242,0.0,0.0,0.99,0.01,0.9,1.1,0.0,154,22.9,60.0,60,72,78,70399,1
40472,70400,M1,금산_MTr1,0.012,0.242,0.0,0.0,1.0,0.01,0.9,1.1,0.0,154,22.9,60.0,60,72,78,70400,1
40472,70400,M2,금산_MTr2,0.012,0.242,0.0,0.0,1.0,0.01,0.9,1.1,0.0,154,22.9,60.0,60,72,78,70400,1
40472,70400,M3,금산_MTr3,0.012,0.242,0.0,0.0,1.0,0.01,0.9,1.1,0.0,154,22.9,60.0,60,72,78,70400,1
40472,70400,M4,금산_MTr4,0.012,0.242,0.0,0.0,1.0,0.01,0.9,1.1,0.0,154,22.9,60.0,60,72,78,70400,1
40473,70401,M1,추부_MTr1,0.012,0.242,0.0,0.0,0.99,0.01,0.9,1.1,0.0,154,22.9,60.0,60,72,78,70401,1
40473,70401,M2,추부_MTr2,0.012,0.242,0.0,0.0,0.99,0.01,0.9,1.1,0.0,154,22.9,60.0,60,72,78,70401,1
40473,70401,M3,추부_MTr3,0.012,0.242,0.0,0.0,0.99,0.01,0.9,1.1,0.0,154,22.9,60.0,60,72,78,70401,1
40474,70402,M1,석문_MTr1,0.012,0.242,0.0,0.0,0.99,0.01,0.9,1.1,0.0,154,22.9,60.0,60,72,78,70402,1
40474,70402,M2,석문_MTr2,0.012,0.242,0.0,0.0,0.99,0.01,0.9,1.1,0.0,154,22.9,60.0,60,72,78,70402,1
40474,70402,M3,석문_MTr3,0.012,0.242,0.0,0.0,0.99,0.01,0.9,1.1,0.0,154,22.9,60.0,60,72,78,70402,1
40474,70402,M4,석문_MTr4,0.012,0.242,0.0,0.0,0.99,0.01,0.9,1.1,0.0,154,22.9,60.0,60,72,78,70402,1
40475,70403,M1,대산_MTr1,0.012,0.242,0.0,0.0,0.99,0.01,0.9,1.1,0.0,154,22.9,60.0,60,72,78,70403,1
40475,70403,M2,대산_MTr2,0.012,0.242,0.0,0.0,0.99,0.01,0.9,1.1,0.0,154,22.9,60.0,60,72,78,70403,1
40475,70403,M3,대산_MTr3,0.012,0.242,0.0,0.0,0.99,0.01,0.9,1.1,0.0,154,22.9,60.0,60,72,78,70403,1
40475,70403,M4,대산_MTr4,0.012,0.242,0.0,0.0,0.99,0.01,0.9,1.1,0.0,154,22.9,60.0,60,72,78,70403,1
40476,70404,M1,창공_MTr1,0.012,0.242,0.0,0.0,1.0,0.01,0.9,1.1,0.0,154,22.9,60.0,60,72,78,70404,1
40476,70404,M2,창공_MTr2,0.012,0.242,0.0,0.0,1.0,0.01,0.9,1.1,0.0,154,22.9,60.0,60,72,78,70404,1
40476,70404,M3,창공_MTr3,0.012,0.242,0.0,0.0,1.0,0.01,0.9,1.1,0.0,154,22.9,60.0,60,72,78,70404,1
40477,70405,M1,차룡_MTr1,0.012,0.242,0.0,0.0,1.0,0.01,0.9,1.1,0.0,154,22.9,60.0,60,72,78,70405,1
40477,70405,M2,차룡_MTr2,0.012,0.242,0.0,0.0,1.0,0.01,0.9,1.1,0.0,154,22.9,60.0,60,72,78,70405,1
40477,70405,M3,차룡_MTr3,0.012,0.242,0.0,0.0,1.0,0.01,0.9,1.1,0.0,154,22.9,60.0,60,72,78,70405,1
40478,70406,M1,진해_MTr1,0.012,0.242,0.0,0.0,1.0,0.01,0.9,1.1,0.0,154,22.9,60.0,60,72,78,70406,1
40478,70406,M2,진해_MTr2,0.012,0.242,0.0,0.0,1.0,0.01,0.9,1.1,0.0,154,22.9,60.0,60,72,78,70406,1
40478,70406,M3,진해_MTr3,0.012,0.242,0.0,0.0,1.0,0.01,0.9,1.1,0.0,154,22.9,60.0,60,72,78,70406,1
40479,70407,M1,월림_MTr1,0.012,0.242,0.0,0.0,1.0,0.01,0.9,1.1,0.0,154,22.9,60.0,60,72,78,70407,1
40479,70407,M2,월림_MTr2,0.012,0.242,0.0,0.0,1.0,0.01,0.9,1.1,0.0,154,22.9,60.0,60,72,78,70407,1
40479,70407,M3,월림_MTr3,0.012,0.242,0.0,0.0,1.0,0.01,0.9,1.1,0.0,154,22.9,60.0,60,72,78,70407,1
40479,70407,M4,월림_MTr4,0.012,0.242,0.0,0.0,1.0,0.01,0.9,1.1,0.0,154,22.9,60.0,60,72,78,70407,1
40480,70408,M1,완암_MTr1,0.012,0.242,0.0,0.0,1.0,0.01,0.9,1.1,0.0,154,22.9,60.0,60,72,78,70408,1
40480,70408,M2,완암_MTr2,0.012,0.242,0.0,0.0,1.0,0.01,0.9,1.1,0.0,154,22.9,60.0,60,72,78,70408,1
40480,70408,M3,완암_MTr3,0.012,0.242,0.0,0.0,1.0,0.01,0.9,1.1,0.0,154,22.9,60.0,60,72,78,70408,1
40481,70409,M1,안민_MTr1,0.012,0.242,0.0,0.0,1.0,0.01,0.9,1.1,0.0,154,22.9,60.0,60,72,78,70409,1
40481,70409,M2,안민_MTr2,0.012,0.242,0.0,0.0,1.0,0.01,0.9,1.1,0.0,154,22.9,60.0,60,72,78,70409,1
40481,70409,M3,안민_MTr3,0.012,0.242,0.0,0.0,1.0,0.01,0.9,1.1,0.0,154,22.9,60.0,60,72,78,70409,1
40481,70409,M4,안민_MTr4,0.012,0.242,0.0,0.0,1.0,0.01,0.9,1.1,0.0,154,22.9,60.0,60,72,78,70409,1
40482,70410,M1,동읍_MTr1,0.012,0.242,0.0,0.0,1.0,0.01,0.9,1.1,0.0,154,22.9,60.0,60,72,78,70410,1
40482,70410,M2,동읍_MTr2,0.012,0.242,0.0,0.0,1.0,0.01,0.9,1.1,0.0,154,22.9,60.0,60,72,78,70410,1
40482,70410,M3,동읍_MTr3,0.012,0.242,0.0,0.0,1.0,0.01,0.9,1.1,0.0,154,22.9,60.0,60,72,78,70410,1
40483,70411,M1,서대전_MTr1,0.012,0.242,0.0,0.0,0.99,0.01,0.9,1.1,0.0,154,22.9,60.0,60,72,78,70411,1
40483,70411,M2,서대전_MTr2,0.012,0.242,0.0,0.0,0.99,0.01,0.9,1.1,0.0,154,22.9,60.0,60,72,78,70411,1
40483,70411,M3,서대전_MTr3,0.012,0.242,0.0,0.0,0.99,0.01,0.9,1.1,0.0,154,22.9,60.0,60,72,78,70411,1
40484,70412,M1,남대전_MTr1,0.012,0.242,0.0,0.0,0.99,0.01,0.9,1.1,0.0,154,22.9,60.0,60,72,78,70412,1
40484,70412,M2,남대전_MTr2,0.012,0.242,0.0,0.0,0.99,0.01,0.9,1.1,0.0,154,22.9,60.0,60,72,78,70412,1
40484,70412,M3,남대전_MTr3,0.012,0.242,0.0,0.0,0.99,0.01,0.9,1.1,0.0,154,22.9,60.0,60,72,78,70412,1
40485,70413,M1,신월_MTr1,0.012,0.242,0.0,0.0,0.99,0.01,0.9,1.1,0.0,154,22.9,60.0,60,72,78,70413,1
40485,70413,M2,신월_MTr2,0.012,0.242,0.0,0.0,0.99,0.01,0.9,1.1,0.0,154,22.9,60.0,60,72,78,70413,1
40485,70413,M3,신월_MTr3,0.012,0.242,0.0,0.0,0.99,0.01,0.9,1.1,0.0,154,22.9,60.0,60,72,78,70413,1
40485,70413,M4,신월_MTr4,0.012,0.242,0.0,0.0,0.99,0.01,0.9,1.1,0.0,154,22.9,60.0,60,72,78,70413,1
40486,70414,M1,응봉_MTr1,0.012,0.242,0.0,0.0,0.99,0.01,0.9,1.1,0.0,154,22.9,60.0,60,72,78,70414,1
40486,70414,M2,응봉_MTr2,0.012,0.242,0.0,0.0,0.99,0.01,0.9,1.1,0.0,154,22.9,60.0,60,72,78,70414,1
40486,70414,M3,응봉_MTr3,0.012,0.242,0.0,0.0,0.99,0.01,0.9,1.1,0.0,154,22.9,60.0,60,72,78,70414,1
40486,70414,M4,응봉_MTr4,0.012,0.242,0.0,0.0,0.99,0.01,0.9,1.1,0.0,154,22.9,60.0,60,72,78,70414,1
40487,70415,M1,장항_MTr1,0.012,0.242,0.0,0.0,1.01,0.01,0.9,1.1,0.0,154,22.9,60.0,60,72,78,70415,1
40487,70415,M2,장항_MTr2,0.012,0.242,0.0,0.0,1.01,0.01,0.9,1.1,0.0,154,22.9,60.0,60,72,78,70415,1
40487,70415,M3,장항_MTr3,0.012,0.242,0.0,0.0,1.01,0.01,0.9,1.1,0.0,154,22.9,60.0,60,72,78,70415,1
40487,70415,M4,장항_MTr4,0.012,0.242,0.0,0.0,1.01,0.01,0.9,1.1,0.0,154,22.9,60.0,60,72,78,70415,1
40488,70416,M1,개금_MTr1,0.012,0.242,0.0,0.0,0.99,0.01,0.9,1.1,0.0,154,22.9,60.0,60,72,78,70416,1
40488,70416,M2,개금_MTr2,0.012,0.242,0.0,0.0,0.99,0.01,0.9,1.1,0.0,154,22.9,60.0,60,72,78,70416,1
40488,70416,M3,개금_MTr3,0.012,0.242,0.0,0.0,0.99,0.01,0.9,1.1,0.0,154,22.9,60.0,60,72,78,70416,1
40488,70416,M4,개금_MTr4,0.012,0.242,0.0,0.0,0.99,0.01,0.9,1.1,0.0,154,22.9,60.0,60,72,78,70416,1
40489,70417,M1,통영_MTr1,0.012,0.242,0.0,0.0,1.0,0.01,0.9,1.1,0.0,154,22.9,60.0,60,72,78,70417,1
40489,70417,M2,통영_MTr2,0.012,0.242,0.0,0.0,1.0,0.01,0.9,1.1,0.0,154,22.9,60.0,60,72,78,70417,1
40489,70417,M3,통영_MTr3,0.012,0.242,0.0,0.0,1.0,0.01,0.9,1.1,0.0,154,22.9,60.0,60,72,78,70417,1
40489,70417,M4,통영_MTr4,0.012,0.242,0.0,0.0,1.0,0.01,0.9,1.1,0.0,154,22.9,60.0,60,72,78,70417,1
40490,70418,M1,진동_MTr1,0.012,0.242,0.0,0.0,0.99,0.01,0.9,1.1,0.0,154,22.9,60.0,60,72,78,70418,1
40490,70418,M2,진동_MTr2,0.012,0.242,0.0,0.0,0.99,0.01,0.9,1.1,0.0,154,22.9,60.0,60,72,78,70418,1
40490,70418,M3,진동_MTr3,0.012,0.242,0.0,0.0,0.99,0.01,0.9,1.1,0.0,154,22.9,60.0,60,72,78,70418,1
40491,70419,M1,삼천포_MTr1,0.012,0.242,0.0,0.0,1.0,0.01,0.9,1.1,0.0,154,22.9,60.0,60,72,78,70419,1
40491,70419,M2,삼천포_MTr2,0.012,0.242,0.0,0.0,1.0,0.01,0.9,1.1,0.0,154,22.9,60.0,60,72,78,70419,1
40491,70419,M3,삼천포_MTr3,0.012,0.242,0.0,0.0,1.0,0.01,0.9,1.1,0.0,154,22.9,60.0,60,72,78,70419,1
40491,70419,M4,삼천포_MTr4,0.012,0.242,0.0,0.0,1.0,0.01,0.9,1.1,0.0,154,22.9,60.0,60,72,78,70419,1
40492,70420,M1,안정_MTr1,0.012,0.242,0.0,0.0,0.99,0.01,0.9,1.1,0.0,154,22.9,60.0,60,72,78,70420,1
40492,70420,M2,안정_MTr2,0.012,0.242,0.0,0.0,0.99,0.01,0.9,1.1,0.0,154,22.9,60.0,60,72,78,70420,1
40492,70420,M3,안정_MTr3,0.012,0.242,0.0,0.0,0.99,0.01,0.9,1.1,0.0,154,22.9,60.0,60,72,78,70420,1
40492,70420,M4,안정_MTr4,0.012,0.242,0.0,0.0,0.99,0.01,0.9,1.1,0.0,154,22.9,60.0,60,72,78,70420,1
40493,70421,M1,아주_MTr1,0.012,0.242,0.0,0.0,1.0,0.01,0.9,1.1,0.0,154,22.9,60.0,60,72,78,70421,1
40493,70421,M2,아주_MTr2,0.012,0.242,0.0,0.0,1.0,0.01,0.9,1.1,0.0,154,22.9,60.0,60,72,78,70421,1
40493,70421,M3,아주_MTr3,0.012,0.242,0.0,0.0,1.0,0.01,0.9,1.1,0.0,154,22.9,60.0,60,72,78,70421,1
40493,70421,M4,아주_MTr4,0.012,0.242,0.0,0.0,1.0,0.01,0.9,1.1,0.0,154,22.9,60.0,60,72,78,70421,1
40494,70422,M1,진주_MTr1,0.012,0.242,0.0,0.0,1.0,0.01,0.9,1.1,0.0,154,22.9,60.0,60,72,78,70422,1
40494,70422,M2,진주_MTr2,0.012,0.242,0.0,0.0,1.0,0.01,0.9,1.1,0.0,154,22.9,60.0,60,72,78,70422,1
40494,70422,M3,진주_MTr3,0.012,0.242,0.0,0.0,1.0,0.01,0.9,1.1,0.0,154,22.9,60.0,60,72,78,70422,1
40494,70422,M4,진주_MTr4,0.012,0.242,0.0,0.0,1.0,0.01,0.9,1.1,0.0,154,22.9,60.0,60,72,78,70422,1
40495,70423,M1,한림정_MTr1,0.012,0.242,0.0,0.0,0.99,0.01,0.9,1.1,0.0,154,22.9,60.0,60,72,78,70423,1
40495,70423,M2,한림정_MTr2,0.012,0.242,0.0,0.0,0.99,0.01,0.9,1.1,0.0,154,22.9,60.0,60,72,78,70423,1
40495,70423,M3,한림정_MTr3,0.012,0.242,0.0,0.0,0.99,0.01,0.9,1.1,0.0,154,22.9,60.0,60,72,78,70423,1
40495,70423,M4,한림정_MTr4,0.012,0.242,0.0,0.0,0.99,0.01,0.9,1.1,0.0,154,22.9,60.0,60,72,78,70423,1
40496,70424,M1,초동_MTr1,0.012,0.242,0.0,0.0,0.99,0.01,0.9,1.1,0.0,154,22.9,60.0,60,72,78,70424,1
40496,70424,M2,초동_MTr2,0.012,0.242,0.0,0.0,0.99,0.01,0.9,1.1,0.0,154,22.9,60.0,60,72,78,70424,1
40496,70424,M3,초동_MTr3,0.012,0.242,0.0,0.0,0.99,0.01,0.9,1.1,0.0,154,22.9,60.0,60,72,78,70424,1
40497,70425,M1,중리_MTr1,0.012,0.242,0.0,0.0,1.0,0.01,0.9,1.1,0.0,154,22.9,60.0,60,72,78,70425,1
40497,70425,M2,중리_MTr2,0.012,0.242,0.0,0.0,1.0,0.01,0.9,1.1,0.0,154,22.9,60.0,60,72,78,70425,1
40497,70425,M3,중리_MTr3,0.012,0.242,0.0,0.0,1.0,0.01,0.9,1.1,0.0,154,22.9,60.0,60,72,78,70425,1
40498,70426,M1,서마산_MTr1,0.012,0.242,0.0,0.0,1.0,0.01,0.9,1.1,0.0,154,22.9,60.0,60,72,78,70426,1
40498,70426,M2,서마산_MTr2,0.012,0.242,0.0,0.0,1.0,0.01,0.9,1.1,0.0,154,22.9,60.0,60,72,78,70426,1
40498,70426,M3,서마산_MTr3,0.012,0.242,0.0,0.0,1.0,0.01,0.9,1.1,0.0,154,22.9,60.0,60,72,78,70426,1
40499,70427,M1,마산_MTr1,0.012,0.242,0.0,0.0,0.99,0.01,0.9,1.1,0.0,154,22.9,60.0,60,72,78,70427,1
40499,70427,M2,마산_MTr2,0.012,0.242,0.0,0.0,0.99,0.01,0.9,1.1,0.0,154,22.9,60.0,60,72,78,70427,1
40499,70427,M3,마산_MTr3,0.012,0.242,0.0,0.0,0.99,0.01,0.9,1.1,0.0,154,22.9,60.0,60,72,78,70427,1
40499,70427,M4,마산_MTr4,0.012,0.242,0.0,0.0,0.99,0.01,0.9,1.1,0.0,154,22.9,60.0,60,72,78,70427,1
40500,70428,M1,수산_MTr1,0.012,0.242,0.0,0.0,0.99,0.01,0.9,1.1,0.0,154,22.9,60.0,60,72,78,70428,1
40500,70428,M2,수산_MTr2,0.012,0.242,0.0,0.0,0.99,0.01,0.9,1.1,0.0,154,22.9,60.0,60,72,78,70428,1
40500,70428,M3,수산_MTr3,0.012,0.242,0.0,0.0,0.99,0.01,0.9,1.1,0.0,154,22.9,60.0,60,72,78,70428,1
40500,70428,M4,수산_MTr4,0.012,0.242,0.0,0.0,0.99,0.01,0.9,1.1,0.0,154,22.9,60.0,60,72,78,70428,1
40501,70429,M1,천선_MTr1,0.012,0.242,0.0,0.0,1.0,0.01,0.9,1.1,0.0,154,22.9,60.0,60,72,78,70429,1
40501,70429,M2,천선_MTr2,0.012,0.242,0.0,0.0,1.0,0.01,0.9,1.1,0.0,154,22.9,60.0,60,72,78,70429,1
40501,70429,M3,천선_MTr3,0.012,0.242,0.0,0.0,1.0,0.01,0.9,1.1,0.0,154,22.9,60.0,60,72,78,70429,1
40501,70429,M4,천선_MTr4,0.012,0.242,0.0,0.0,1.0,0.01,0.9,1.1,0.0,154,22.9,60.0,60,72,78,70429,1
40502,70430,M1,청통_MTr1,0.012,0.242,0.0,0.0,1.01,0.01,0.9,1.1,0.0,154,22.9,60.0,60,72,78,70430,1
40502,70430,M2,청통_MTr2,0.012,0.242,0.0,0.0,1.01,0.01,0.9,1.1,0.0,154,22.9,60.0,60,72,78,70430,1
40502,70430,M3,청통_MTr3,0.012,0.242,0.0,0.0,1.01,0.01,0.9,1.1,0.0,154,22.9,60.0,60,72,78,70430,1
40503,70431,M1,양북_MTr1,0.012,0.242,0.0,0.0,1.0,0.01,0.9,1.1,0.0,154,22.9,60.0,60,72,78,70431,1
40503,70431,M2,양북_MTr2,0.012,0.242,0.0,0.0,1.0,0.01,0.9,1.1,0.0,154,22.9,60.0,60,72,78,70431,1
40503,70431,M3,양북_MTr3,0.012,0.242,0.0,0.0,1.0,0.01,0.9,1.1,0.0,154,22.9,60.0,60,72,78,70431,1
40503,70431,M4,양북_MTr4,0.012,0.242,0.0,0.0,1.0,0.01,0.9,1.1,0.0,154,22.9,60.0,60,72,78,70431,1
40504,70432,M1,아화_MTr1,0.012,0.242,0.0,0.0,1.0,0.01,0.9,1.1,0.0,154,22.9,60.0,60,72,78,70432,1
40504,70432,M2,아화_MTr2,0.012,0.242,0.0,0.0,1.0,0.01,0.9,1.1,0.0,154,22.9,60.0,60,72,78,70432,1
40504,70432,M3,아화_MTr3,0.012,0.242,0.0,0.0,1.0,0.01,0.9,1.1,0.0,154,22.9,60.0,60,72,78,70432,1
40504,70432,M4,아화_MTr4,0.012,0.242,0.0,0.0,1.0,0.01,0.9,1.1,0.0,154,22.9,60.0,60,72,78,70432,1
40505,70433,M1,북포항_MTr1,0.012,0.242,0.0,0.0,1.0,0.01,0.9,1.1,0.0,154,22.9,60.0,60,72,78,70433,1
40505,70433,M2,북포항_MTr2,0.012,0.242,0.0,0.0,1.0,0.01,0.9,1.1,0.0,154,22.9,60.0,60,72,78,70433,1
40505,70433,M3,북포항_MTr3,0.012,0.242,0.0,0.0,1.0,0.01,0.9,1.1,0.0,154,22.9,60.0,60,72,78,70433,1
40505,70433,M4,북포항_MTr4,0.012,0.242,0.0,0.0,1.0,0.01,0.9,1.1,0.0,154,22.9,60.0,60,72,78,70433,1
40506,70434,M1,남포항_MTr1,0.012,0.242,0.0,0.0,1.0,0.01,0.9,1.1,0.0,154,22.9,60.0,60,72,78,70434,1
40506,70434,M2,남포항_MTr2,0.012,0.242,0.0,0.0,1.0,0.01,0.9,1.1,0.0,154,22.9,60.0,60,72,78,70434,1
40506,70434,M3,남포항_MTr3,0.012,0.242,0.0,0.0,1.0,0.01,0.9,1.1,0.0,154,22.9,60.0,60,72,78,70434,1
40506,70434,M4,남포항_MTr4,0.012,0.242,0.0,0.0,1.0,0.01,0.9,1.1,0.0,154,22.9,60.0,60,72,78,70434,1
40507,70435,M1,경주_MTr1,0.012,0.242,0.0,0.0,1.0,0.01,0.9,1.1,0.0,154,22.9,60.0,60,72,78,70435,1
40507,70435,M2,경주_MTr2,0.012,0.242,0.0,0.0,1.0,0.01,0.9,1.1,0.0,154,22.9,60.0,60,72,78,70435,1
40507,70435,M3,경주_MTr3,0.012,0.242,0.0,0.0,1.0,0.01,0.9,1.1,0.0,154,22.9,60.0,60,72,78,70435,1
40507,70435,M4,경주_MTr4,0.012,0.242,0.0,0.0,1.0,0.01,0.9,1.1,0.0,154,22.9,60.0,60,72,78,70435,1
40508,70436,M1,가야_MTr1,0.012,0.242,0.0,0.0,0.99,0.01,0.9,1.1,0.0,154,22.9,60.0,60,72,78,70436,1
40508,70436,M2,가야_MTr2,0.012,0.242,0.0,0.0,0.99,0.01,0.9,1.1,0.0,154,22.9,60.0,60,72,78,70436,1
40508,70436,M3,가야_MTr3,0.012,0.242,0.0,0.0,0.99,0.01,0.9,1.1,0.0,154,22.9,60.0,60,72,78,70436,1
40509,70437,M1,청하_MTr1,0.012,0.242,0.0,0.0,1.0,0.01,0.9,1.1,0.0,154,22.9,60.0,60,72,78,70437,1
40509,70437,M2,청하_MTr2,0.012,0.242,0.0,0.0,1.0,0.01,0.9,1.1,0.0,154,22.9,60.0,60,72,78,70437,1
40509,70437,M3,청하_MTr3,0.012,0.242,0.0,0.0,1.0,0.01,0.9,1.1,0.0,154,22.9,60.0,60,72,78,70437,1
40509,70437,M4,청하_MTr4,0.012,0.242,0.0,0.0,1.0,0.01,0.9,1.1,0.0,154,22.9,60.0,60,72,78,70437,1
40510,70438,M1,어모_MTr1,0.012,0.242,0.0,0.0,1.0,0.01,0.9,1.1,0.0,154,22.9,60.0,60,72,78,70438,1
40510,70438,M2,어모_MTr2,0.012,0.242,0.0,0.0,1.0,0.01,0.9,1.1,0.0,154,22.9,60.0,60,72,78,70438,1
40510,70438,M3,어모_MTr3,0.012,0.242,0.0,0.0,1.0,0.01,0.9,1.1,0.0,154,22.9,60.0,60,72,78,70438,1
40510,70438,M4,어모_MTr4,0.012,0.242,0.0,0.0,1.0,0.01,0.9,1.1,0.0,154,22.9,60.0,60,72,78,70438,1
40511,70439,M1,농소_MTr1,0.012,0.242,0.0,0.0,1.0,0.01,0.9,1.1,0.0,154,22.9,60.0,60,72,78,70439,1
40511,70439,M2,농소_MTr2,0.012,0.242,0.0,0.0,1.0,0.01,0.9,1.1,0.0,154,22.9,60.0,60,72,78,70439,1
40511,70439,M3,농소_MTr3,0.012,0.242,0.0,0.0,1.0,0.01,0.9,1.1,0.0,154,22.9,60.0,60,72,78,70439,1
40512,70440,M1,남구미_MTr1,0.012,0.242,0.0,0.0,1.0,0.01,0.9,1.1,0.0,154,22.9,60.0,60,72,78,70440,1
40512,70440,M2,남구미_MTr2,0.012,0.242,0.0,0.0,1.0,0.01,0.9,1.1,0.0,154,22.9,60.0,60,72,78,70440,1
40512,70440,M3,남구미_MTr3,0.012,0.242,0.0,0.0,1.0,0.01,0.9,1.1,0.0,154,22.9,60.0,60,72,78,70440,1
40512,70440,M4,남구미_MTr4,0.012,0.242,0.0,0.0,1.0,0.01,0.9,1.1,0.0,154,22.9,60.0,60,72,78,70440,1
40513,70441,M1,금릉_MTr1,0.012,0.242,0.0,0.0,1.0,0.01,0.9,1.1,0.0,154,22.9,60.0,60,72,78,70441,1
40513,70441,M2,금릉_MTr2,0.012,0.242,0.0,0.0,1.0,0.01,0.9,1.1,0.0,154,22.9,60.0,60,72,78,70441,1
40513,70441,M3,금릉_MTr3,0.012,0.242,0.0,0.0,1.0,0.01,0.9,1.1,0.0,154,22.9,60.0,60,72,78,70441,1
40513,70441,M4,금릉_MTr4,0.012,0.242,0.0,0.0,1.0,0.01,0.9,1.1,0.0,154,22.9,60.0,60,72,78,70441,1
40514,70442,M1,김천_MTr1,0.012,0.242,0.0,0.0,1.0,0.01,0.9,1.1,0.0,154,22.9,60.0,60,72,78,70442,1
40514,70442,M2,김천_MTr2,0.012,0.242,0.0,0.0,1.0,0.01,0.9,1.1,0.0,154,22.9,60.0,60,72,78,70442,1
40514,70442,M3,김천_MTr3,0.012,0.242,0.0,0.0,1.0,0.01,0.9,1.1,0.0,154,22.9,60.0,60,72,78,70442,1
40514,70442,M4,김천_MTr4,0.012,0.242,0.0,0.0,1.0,0.01,0.9,1.1,0.0,154,22.9,60.0,60,72,78,70442,1
40515,70443,M1,광평_MTr1,0.012,0.242,0.0,0.0,0.99,0.01,0.9,1.1,0.0,154,22.9,60.0,60,72,78,70443,1
40515,70443,M2,광평_MTr2,0.012,0.242,0.0,0.0,0.99,0.01,0.9,1.1,0.0,154,22.9,60.0,60,72,78,70443,1
40515,70443,M3,광평_MTr3,0.012,0.242,0.0,0.0,0.99,0.01,0.9,1.1,0.0,154,22.9,60.0,60,72,78,70443,1
40515,70443,M4,광평_MTr4,0.012,0.242,0.0,0.0,0.99,0.01,0.9,1.1,0.0,154,22.9,60.0,60,72,78,70443,1
40516,70444,M1,현풍_MTr1,0.012,0.242,0.0,0.0,0.99,0.01,0.9,1.1,0.0,154,22.9,60.0,60,72,78,70444,1
40516,70444,M2,현풍_MTr2,0.012,0.242,0.0,0.0,0.99,0.01,0.9,1.1,0.0,154,22.9,60.0,60,72,78,70444,1
40516,70444,M3,현풍_MTr3,0.012,0.242,0.0,0.0,0.99,0.01,0.9,1.1,0.0,154,22.9,60.0,60,72,78,70444,1
40517,70445,M1,침산_MTr1,0.012,0.242,0.0,0.0,1.0,0.01,0.9,1.1,0.0,154,22.9,60.0,60,72,78,70445,1
40517,70445,M2,침산_MTr2,0.012,0.242,0.0,0.0,1.0,0.01,0.9,1.1,0.0,154,22.9,60.0,60,72,78,70445,1
40518,70446,M1,쌍림_MTr1,0.012,0.242,0.0,0.0,1.0,0.01,0.9,1.1,0.0,154,22.9,60.0,60,72,78,70446,1
40518,70446,M2,쌍림_MTr2,0.012,0.242,0.0,0.0,1.0,0.01,0.9,1.1,0.0,154,22.9,60.0,60,72,78,70446,1
40518,70446,M3,쌍림_MTr3,0.012,0.242,0.0,0.0,1.0,0.01,0.9,1.1,0.0,154,22.9,60.0,60,72,78,70446,1
40518,70446,M4,쌍림_MTr4,0.012,0.242,0.0,0.0,1.0,0.01,0.9,1.1,0.0,154,22.9,60.0,60,72,78,70446,1
40519,70447,M1,성서_MTr1,0.012,0.242,0.0,0.0,1.0,0.01,0.9,1.1,0.0,154,22.9,60.0,60,72,78,70447,1
40519,70447,M2,성서_MTr2,0.012,0.242,0.0,0.0,1.0,0.01,0.9,1.1,0.0,154,22.9,60.0,60,72,78,70447,1
40519,70447,M3,성서_MTr3,0.012,0.242,0.0,0.0,1.0,0.01,0.9,1.1,0.0,154,22.9,60.0,60,72,78,70447,1
40520,70448,M1,다사_MTr1,0.012,0.242,0.0,0.0,1.0,0.01,0.9,1.1,0.0,154,22.9,60.0,60,72,78,70448,1
40520,70448,M2,다사_MTr2,0.012,0.242,0.0,0.0,1.0,0.01,0.9,1.1,0.0,154,22.9,60.0,60,72,78,70448,1
40520,70448,M3,다사_MTr3,0.012,0.242,0.0,0.0,1.0,0.01,0.9,1.1,0.0,154,22.9,60.0,60,72,78,70448,1
40521,70449,M1,구지_MTr1,0.012,0.242,0.0,0.0,0.99,0.01,0.9,1.1,0.0,154,22.9,60.0,60,72,78,70449,1
40521,70449,M2,구지_MTr2,0.012,0.242,0.0,0.0,0.99,0.01,0.9,1.1,0.0,154,22.9,60.0,60,72,78,70449,1
40521,70449,M3,구지_MTr3,0.012,0.242,0.0,0.0,0.99,0.01,0.9,1.1,0.0,154,22.9,60.0,60,72,78,70449,1
40521,70449,M4,구지_MTr4,0.012,0.242,0.0,0.0,0.99,0.01,0.9,1.1,0.0,154,22.9,60.0,60,72,78,70449,1
40522,70450,M1,흥해_MTr1,0.012,0.242,0.0,0.0,1.0,0.01,0.9,1.1,0.0,154,22.9,60.0,60,72,78,70450,1
40522,70450,M2,흥해_MTr2,0.012,0.242,0.0,0.0,1.0,0.01,0.9,1.1,0.0,154,22.9,60.0,60,72,78,70450,1
40522,70450,M3,흥해_MTr3,0.012,0.242,0.0,0.0,1.0,0.01,0.9,1.1,0.0,154,22.9,60.0,60,72,78,70450,1
40522,70450,M4,흥해_MTr4,0.012,0.242,0.0,0.0,1.0,0.01,0.9,1.1,0.0,154,22.9,60.0,60,72,78,70450,1
40523,70451,M1,포항_MTr1,0.012,0.242,0.0,0.0,1.0,0.01,0.9,1.1,0.0,154,22.9,60.0,60,72,78,70451,1
40523,70451,M2,포항_MTr2,0.012,0.242,0.0,0.0,1.0,0.01,0.9,1.1,0.0,154,22.9,60.0,60,72,78,70451,1
40523,70451,M3,포항_MTr3,0.012,0.242,0.0,0.0,1.0,0.01,0.9,1.1,0.0,154,22.9,60.0,60,72,78,70451,1
40523,70451,M4,포항_MTr4,0.012,0.242,0.0,0.0,1.0,0.01,0.9,1.1,0.0,154,22.9,60.0,60,72,78,70451,1
40524,70452,M1,입실_MTr1,0.012,0.242,0.0,0.0,1.0,0.01,0.9,1.1,0.0,154,22.9,60.0,60,72,78,70452,1
40524,70452,M2,입실_MTr2,0.012,0.242,0.0,0.0,1.0,0.01,0.9,1.1,0.0,154,22.9,60.0,60,72,78,70452,1
40524,70452,M3,입실_MTr3,0.012,0.242,0.0,0.0,1.0,0.01,0.9,1.1,0.0,154,22.9,60.0,60,72,78,70452,1
40524,70452,M4,입실_MTr4,0.012,0.242,0.0,0.0,1.0,0.01,0.9,1.1,0.0,154,22.9,60.0,60,72,78,70452,1
40525,70453,M1,왕신_MTr1,0.012,0.242,0.0,0.0,1.0,0.01,0.9,1.1,0.0,154,22.9,60.0,60,72,78,70453,1
40525,70453,M2,왕신_MTr2,0.012,0.242,0.0,0.0,1.0,0.01,0.9,1.1,0.0,154,22.9,60.0,60,72,78,70453,1
40525,70453,M3,왕신_MTr3,0.012,0.242,0.0,0.0,1.0,0.01,0.9,1.1,0.0,154,22.9,60.0,60,72,78,70453,1
40525,70453,M4,왕신_MTr4,0.012,0.242,0.0,0.0,1.0,0.01,0.9,1.1,0.0,154,22.9,60.0,60,72,78,70453,1
40526,70454,M1,진량_MTr1,0.012,0.242,0.0,0.0,1.0,0.01,0.9,1.1,0.0,154,22.9,60.0,60,72,78,70454,1
40526,70454,M2,진량_MTr2,0.012,0.242,0.0,0.0,1.0,0.01,0.9,1.1,0.0,154,22.9,60.0,60,72,78,70454,1
40526,70454,M3,진량_MTr3,0.012,0.242,0.0,0.0,1.0,0.01,0.9,1.1,0.0,154,22.9,60.0,60,72,78,70454,1
40527,70455,M1,자인_MTr1,0.012,0.242,0.0,0.0,1.0,0.01,0.9,1.1,0.0,154,22.9,60.0,60,72,78,70455,1
40527,70455,M2,자인_MTr2,0.012,0.242,0.0,0.0,1.0,0.01,0.9,1.1,0.0,154,22.9,60.0,60,72,78,70455,1
40528,70456,M1,와촌_MTr1,0.012,0.242,0.0,0.0,1.0,0.01,0.9,1.1,0.0,154,22.9,60.0,60,72,78,70456,1
40528,70456,M2,와촌_MTr2,0.012,0.242,0.0,0.0,1.0,0.01,0.9,1.1,0.0,154,22.9,60.0,60,72,78,70456,1
40528,70456,M3,와촌_MTr3,0.012,0.242,0.0,0.0,1.0,0.01,0.9,1.1,0.0,154,22.9,60.0,60,72,78,70456,1
40529,70457,M1,왜관_MTr1,0.012,0.242,0.0,0.0,1.0,0.01,0.9,1.1,0.0,154,22.9,60.0,60,72,78,70457,1
40529,70457,M2,왜관_MTr2,0.012,0.242,0.0,0.0,1.0,0.01,0.9,1.1,0.0,154,22.9,60.0,60,72,78,70457,1
40529,70457,M3,왜관_MTr3,0.012,0.242,0.0,0.0,1.0,0.01,0.9,1.1,0.0,154,22.9,60.0,60,72,78,70457,1
40530,70458,M1,풍산_MTr1,0.012,0.242,0.0,0.0,0.99,0.01,0.9,1.1,0.0,154,22.9,60.0,60,72,78,70458,1
40530,70458,M2,풍산_MTr2,0.012,0.242,0.0,0.0,0.99,0.01,0.9,1.1,0.0,154,22.9,60.0,60,72,78,70458,1
40530,70458,M3,풍산_MTr3,0.012,0.242,0.0,0.0,0.99,0.01,0.9,1.1,0.0,154,22.9,60.0,60,72,78,70458,1
40530,70458,M4,풍산_MTr4,0.012,0.242,0.0,0.0,0.99,0.01,0.9,1.1,0.0,154,22.9,60.0,60,72,78,70458,1
40531,70459,M1,평해_MTr1,0.012,0.242,0.0,0.0,0.99,0.01,0.9,1.1,0.0,154,22.9,60.0,60,72,78,70459,1
40531,70459,M2,평해_MTr2,0.012,0.242,0.0,0.0,0.99,0.01,0.9,1.1,0.0,154,22.9,60.0,60,72,78,70459,1
40531,70459,M3,평해_MTr3,0.012,0.242,0.0,0.0,0.99,0.01,0.9,1.1,0.0,154,22.9,60.0,60,72,78,70459,1
40531,70459,M4,평해_MTr4,0.012,0.242,0.0,0.0,0.99,0.01,0.9,1.1,0.0,154,22.9,60.0,60,72,78,70459,1
40532,70460,M1,울진_MTr1,0.012,0.242,0.0,0.0,0.98,0.01,0.9,1.1,0.0,154,22.9,60.0,60,72,78,70460,1
40532,70460,M2,울진_MTr2,0.012,0.242,0.0,0.0,0.98,0.01,0.9,1.1,0.0,154,22.9,60.0,60,72,78,70460,1
40532,70460,M3,울진_MTr3,0.012,0.242,0.0,0.0,0.98,0.01,0.9,1.1,0.0,154,22.9,60.0,60,72,78,70460,1
40532,70460,M4,울진_MTr4,0.012,0.242,0.0,0.0,0.98,0.01,0.9,1.1,0.0,154,22.9,60.0,60,72,78,70460,1
40533,70461,M1,예천_MTr1,0.012,0.242,0.0,0.0,0.99,0.01,0.9,1.1,0.0,154,22.9,60.0,60,72,78,70461,1
40533,70461,M2,예천_MTr2,0.012,0.242,0.0,0.0,0.99,0.01,0.9,1.1,0.0,154,22.9,60.0,60,72,78,70461,1
40533,70461,M3,예천_MTr3,0.012,0.242,0.0,0.0,0.99,0.01,0.9,1.1,0.0,154,22.9,60.0,60,72,78,70461,1
40533,70461,M4,예천_MTr4,0.012,0.242,0.0,0.0,0.99,0.01,0.9,1.1,0.0,154,22.9,60.0,60,72,78,70461,1
40534,70462,M1,영주_MTr1,0.012,0.242,0.0,0.0,1.0,0.01,0.9,1.1,0.0,154,22.9,60.0,60,72,78,70462,1
40534,70462,M2,영주_MTr2,0.012,0.242,0.0,0.0,1.0,0.01,0.9,1.1,0.0,154,22.9,60.0,60,72,78,70462,1
40534,70462,M3,영주_MTr3,0.012,0.242,0.0,0.0,1.0,0.01,0.9,1.1,0.0,154,22.9,60.0,60,72,78,70462,1
40534,70462,M4,영주_MTr4,0.012,0.242,0.0,0.0,1.0,0.01,0.9,1.1,0.0,154,22.9,60.0,60,72,78,70462,1
40535,70463,M1,문경_MTr1,0.012,0.242,0.0,0.0,0.99,0.01,0.9,1.1,0.0,154,22.9,60.0,60,72,78,70463,1
40535,70463,M2,문경_MTr2,0.012,0.242,0.0,0.0,0.99,0.01,0.9,1.1,0.0,154,22.9,60.0,60,72,78,70463,1
40535,70463,M3,문경_MTr3,0.012,0.242,0.0,0.0,0.99,0.01,0.9,1.1,0.0,154,22.9,60.0,60,72,78,70463,1
40535,70463,M4,문경_MTr4,0.012,0.242,0.0,0.0,0.99,0.01,0.9,1.1,0.0,154,22.9,60.0,60,72,78,70463,1
40536,70464,M1,청리_MTr1,0.012,0.242,0.0,0.0,0.99,0.01,0.9,1.1,0.0,154,22.9,60.0,60,72,78,70464,1
40536,70464,M2,청리_MTr2,0.012,0.242,0.0,0.0,0.99,0.01,0.9,1.1,0.0,154,22.9,60.0,60,72,78,70464,1
40536,70464,M3,청리_MTr3,0.012,0.242,0.0,0.0,0.99,0.01,0.9,1.1,0.0,154,22.9,60.0,60,72,78,70464,1
40536,70464,M4,청리_MTr4,0.012,0.242,0.0,0.0,0.99,0.01,0.9,1.1,0.0,154,22.9,60.0,60,72,78,70464,1
40537,70465,M1,남인동_MTr1,0.012,0.242,0.0,0.0,1.0,0.01,0.9,1.1,0.0,154,22.9,60.0,60,72,78,70465,1
40537,70465,M2,남인동_MTr2,0.012,0.242,0.0,0.0,1.0,0.01,0.9,1.1,0.0,154,22.9,60.0,60,72,78,70465,1
40537,70465,M3,남인동_MTr3,0.012,0.242,0.0,0.0,1.0,0.01,0.9,1.1,0.0,154,22.9,60.0,60,72,78,70465,1
40537,70465,M4,남인동_MTr4,0.012,0.242,0.0,0.0,1.0,0.01,0.9,1.1,0.0,154,22.9,60.0,60,72,78,70465,1
40538,70466,M1,안계_MTr1,0.012,0.242,0.0,0.0,1.0,0.01,0.9,1.1,0.0,154,22.9,60.0,60,72,78,70466,1
40538,70466,M2,안계_MTr2,0.012,0.242,0.0,0.0,1.0,0.01,0.9,1.1,0.0,154,22.9,60.0,60,72,78,70466,1
40538,70466,M3,안계_MTr3,0.012,0.242,0.0,0.0,1.0,0.01,0.9,1.1,0.0,154,22.9,60.0,60,72,78,70466,1
40538,70466,M4,안계_MTr4,0.012,0.242,0.0,0.0,1.0,0.01,0.9,1.1,0.0,154,22.9,60.0,60,72,78,70466,1
40539,70467,M1,금전_MTr1,0.012,0.242,0.0,0.0,1.0,0.01,0.9,1.1,0.0,154,22.9,60.0,60,72,78,70467,1
40539,70467,M2,금전_MTr2,0.012,0.242,0.0,0.0,1.0,0.01,0.9,1.1,0.0,154,22.9,60.0,60,72,78,70467,1
40539,70467,M3,금전_MTr3,0.012,0.242,0.0,0.0,1.0,0.01,0.9,1.1,0.0,154,22.9,60.0,60,72,78,70467,1
40539,70467,M4,금전_MTr4,0.012,0.242,0.0,0.0,1.0,0.01,0.9,1.1,0.0,154,22.9,60.0,60,72,78,70467,1
40540,70468,M1,산동_MTr1,0.012,0.242,0.0,0.0,0.99,0.01,0.9,1.1,0.0,154,22.9,60.0,60,72,78,70468,1
40540,70468,M2,산동_MTr2,0.012,0.242,0.0,0.0,0.99,0.01,0.9,1.1,0.0,154,22.9,60.0,60,72,78,70468,1
40540,70468,M3,산동_MTr3,0.012,0.242,0.0,0.0,0.99,0.01,0.9,1.1,0.0,154,22.9,60.0,60,72,78,70468,1
40540,70468,M4,산동_MTr4,0.012,0.242,0.0,0.0,0.99,0.01,0.9,1.1,0.0,154,22.9,60.0,60,72,78,70468,1
40541,70469,M1,군위_MTr1,0.012,0.242,0.0,0.0,0.99,0.01,0.9,1.1,0.0,154,22.9,60.0,60,72,78,70469,1
40541,70469,M2,군위_MTr2,0.012,0.242,0.0,0.0,0.99,0.01,0.9,1.1,0.0,154,22.9,60.0,60,72,78,70469,1
40541,70469,M3,군위_MTr3,0.012,0.242,0.0,0.0,0.99,0.01,0.9,1.1,0.0,154,22.9,60.0,60,72,78,70469,1
40541,70469,M4,군위_MTr4,0.012,0.242,0.0,0.0,0.99,0.01,0.9,1.1,0.0,154,22.9,60.0,60,72,78,70469,1
40542,70470,M1,구미_MTr1,0.012,0.242,0.0,0.0,1.0,0.01,0.9,1.1,0.0,154,22.9,60.0,60,72,78,70470,1
40542,70470,M2,구미_MTr2,0.012,0.242,0.0,0.0,1.0,0.01,0.9,1.1,0.0,154,22.9,60.0,60,72,78,70470,1
40542,70470,M3,구미_MTr3,0.012,0.242,0.0,0.0,1.0,0.01,0.9,1.1,0.0,154,22.9,60.0,60,72,78,70470,1
40542,70470,M4,구미_MTr4,0.012,0.242,0.0,0.0,1.0,0.01,0.9,1.1,0.0,154,22.9,60.0,60,72,78,70470,1
40543,70471,M1,고아_MTr1,0.012,0.242,0.0,0.0,1.0,0.01,0.9,1.1,0.0,154,22.9,60.0,60,72,78,70471,1
40543,70471,M2,고아_MTr2,0.012,0.242,0.0,0.0,1.0,0.01,0.9,1.1,0.0,154,22.9,60.0,60,72,78,70471,1
40543,70471,M3,고아_MTr3,0.012,0.242,0.0,0.0,1.0,0.01,0.9,1.1,0.0,154,22.9,60.0,60,72,78,70471,1
40543,70471,M4,고아_MTr4,0.012,0.242,0.0,0.0,1.0,0.01,0.9,1.1,0.0,154,22.9,60.0,60,72,78,70471,1
40544,70472,M1,와룡_MTr1,0.012,0.242,0.0,0.0,1.0,0.01,0.9,1.1,0.0,154,22.9,60.0,60,72,78,70472,1
40544,70472,M2,와룡_MTr2,0.012,0.242,0.0,0.0,1.0,0.01,0.9,1.1,0.0,154,22.9,60.0,60,72,78,70472,1
40544,70472,M3,와룡_MTr3,0.012,0.242,0.0,0.0,1.0,0.01,0.9,1.1,0.0,154,22.9,60.0,60,72,78,70472,1
40545,70473,M1,서구지_MTr1,0.012,0.242,0.0,0.0,0.99,0.01,0.9,1.1,0.0,154,22.9,60.0,60,72,78,70473,1
40545,70473,M2,서구지_MTr2,0.012,0.242,0.0,0.0,0.99,0.01,0.9,1.1,0.0,154,22.9,60.0,60,72,78,70473,1
40545,70473,M3,서구지_MTr3,0.012,0.242,0.0,0.0,0.99,0.01,0.9,1.1,0.0,154,22.9,60.0,60,72,78,70473,1
40545,70473,M4,서구지_MTr4,0.012,0.242,0.0,0.0,0.99,0.01,0.9,1.1,0.0,154,22.9,60.0,60,72,78,70473,1
40546,70474,M1,상인_MTr1,0.012,0.242,0.0,0.0,1.0,0.01,0.9,1.1,0.0,154,22.9,60.0,60,72,78,70474,1
40546,70474,M2,상인_MTr2,0.012,0.242,0.0,0.0,1.0,0.01,0.9,1.1,0.0,154,22.9,60.0,60,72,78,70474,1
40546,70474,M3,상인_MTr3,0.012,0.242,0.0,0.0,1.0,0.01,0.9,1.1,0.0,154,22.9,60.0,60,72,78,70474,1
40547,70475,M1,두류_MTr1,0.012,0.242,0.0,0.0,1.0,0.01,0.9,1.1,0.0,154,22.9,60.0,60,72,78,70475,1
40547,70475,M2,두류_MTr2,0.012,0.242,0.0,0.0,1.0,0.01,0.9,1.1,0.0,154,22.9,60.0,60,72,78,70475,1
40547,70475,M3,두류_MTr3,0.012,0.242,0.0,0.0,1.0,0.01,0.9,1.1,0.0,154,22.9,60.0,60,72,78,70475,1
40548,70476,M1,산격_MTr1,0.012,0.242,0.0,0.0,1.0,0.01,0.9,1.1,0.0,154,22.9,60.0,60,72,78,70476,1
40548,70476,M2,산격_MTr2,0.012,0.242,0.0,0.0,1.0,0.01,0.9,1.1,0.0,154,22.9,60.0,60,72,78,70476,1
40548,70476,M3,산격_MTr3,0.012,0.242,0.0,0.0,1.0,0.01,0.9,1.1,0.0,154,22.9,60.0,60,72,78,70476,1
40549,70477,M1,동인_MTr1,0.012,0.242,0.0,0.0,1.0,0.01,0.9,1.1,0.0,154,22.9,60.0,60,72,78,70477,1
40549,70477,M2,동인_MTr2,0.012,0.242,0.0,0.0,1.0,0.01,0.9,1.1,0.0,154,22.9,60.0,60,72,78,70477,1
40549,70477,M3,동인_MTr3,0.012,0.242,0.0,0.0,1.0,0.01,0.9,1.1,0.0,154,22.9,60.0,60,72,78,70477,1
40550,70478,M1,검단_MTr1,0.012,0.242,0.0,0.0,1.0,0.01,0.9,1.1,0.0,154,22.9,60.0,60,72,78,70478,1
40550,70478,M2,검단_MTr2,0.012,0.242,0.0,0.0,1.0,0.01,0.9,1.1,0.0,154,22.9,60.0,60,72,78,70478,1
40550,70478,M3,검단_MTr3,0.012,0.242,0.0,0.0,1.0,0.01,0.9,1.1,0.0,154,22.9,60.0,60,72,78,70478,1
40551,70479,M1,학익_MTr1,0.012,0.242,0.0,0.0,1.0,0.01,0.9,1.1,0.0,154,22.9,60.0,60,72,78,70479,1
40551,70479,M2,학익_MTr2,0.012,0.242,0.0,0.0,1.0,0.01,0.9,1.1,0.0,154,22.9,60.0,60,72,78,70479,1
40551,70479,M3,학익_MTr3,0.012,0.242,0.0,0.0,1.0,0.01,0.9,1.1,0.0,154,22.9,60.0,60,72,78,70479,1
40552,70480,M1,주안_MTr1,0.012,0.242,0.0,0.0,0.99,0.01,0.9,1.1,0.0,154,22.9,60.0,60,72,78,70480,1
40552,70480,M2,주안_MTr2,0.012,0.242,0.0,0.0,0.99,0.01,0.9,1.1,0.0,154,22.9,60.0,60,72,78,70480,1
40552,70480,M3,주안_MTr3,0.012,0.242,0.0,0.0,0.99,0.01,0.9,1.1,0.0,154,22.9,60.0,60,72,78,70480,1
40553,70481,M1,인천_MTr1,0.012,0.242,0.0,0.0,1.0,0.01,0.9,1.1,0.0,154,22.9,60.0,60,72,78,70481,1
40553,70481,M2,인천_MTr2,0.012,0.242,0.0,0.0,1.0,0.01,0.9,1.1,0.0,154,22.9,60.0,60,72,78,70481,1
40553,70481,M3,인천_MTr3,0.012,0.242,0.0,0.0,1.0,0.01,0.9,1.1,0.0,154,22.9,60.0,60,72,78,70481,1
40554,70482,M1,신현_MTr1,0.012,0.242,0.0,0.0,0.99,0.01,0.9,1.1,0.0,154,22.9,60.0,60,72,78,70482,1
40554,70482,M2,신현_MTr2,0.012,0.242,0.0,0.0,0.99,0.01,0.9,1.1,0.0,154,22.9,60.0,60,72,78,70482,1
40554,70482,M3,신현_MTr3,0.012,0.242,0.0,0.0,0.99,0.01,0.9,1.1,0.0,154,22.9,60.0,60,72,78,70482,1
40555,70483,M1,송현_MTr1,0.012,0.242,0.0,0.0,1.0,0.01,0.9,1.1,0.0,154,22.9,60.0,60,72,78,70483,1
40555,70483,M2,송현_MTr2,0.012,0.242,0.0,0.0,1.0,0.01,0.9,1.1,0.0,154,22.9,60.0,60,72,78,70483,1
40555,70483,M3,송현_MTr3,0.012,0.242,0.0,0.0,1.0,0.01,0.9,1.1,0.0,154,22.9,60.0,60,72,78,70483,1
40556,70484,M1,북인천_MTr1,0.012,0.242,0.0,0.0,1.0,0.01,0.9,1.1,0.0,154,22.9,60.0,60,72,78,70484,1
40556,70484,M2,북인천_MTr2,0.012,0.242,0.0,0.0,1.0,0.01,0.9,1.1,0.0,154,22.9,60.0,60,72,78,70484,1
40556,70484,M3,북인천_MTr3,0.012,0.242,0.0,0.0,1.0,0.01,0.9,1.1,0.0,154,22.9,60.0,60,72,78,70484,1
40556,70484,M4,북인천_MTr4,0.012,0.242,0.0,0.0,1.0,0.01,0.9,1.1,0.0,154,22.9,60.0,60,72,78,70484,1
40557,70485,M1,만수_MTr1,0.012,0.242,0.0,0.0,0.99,0.01,0.9,1.1,0.0,154,22.9,60.0,60,72,78,70485,1
40557,70485,M2,만수_MTr2,0.012,0.242,0.0,0.0,0.99,0.01,0.9,1.1,0.0,154,22.9,60.0,60,72,78,70485,1
40557,70485,M3,만수_MTr3,0.012,0.242,0.0,0.0,0.99,0.01,0.9,1.1,0.0,154,22.9,60.0,60,72,78,70485,1
40558,70486,M1,영종_MTr1,0.012,0.242,0.0,0.0,1.0,0.01,0.9,1.1,0.0,154,22.9,60.0,60,72,78,70486,1
40558,70486,M2,영종_MTr2,0.012,0.242,0.0,0.0,1.0,0.01,0.9,1.1,0.0,154,22.9,60.0,60,72,78,70486,1
40558,70486,M3,영종_MTr3,0.012,0.242,0.0,0.0,1.0,0.01,0.9,1.1,0.0,154,22.9,60.0,60,72,78,70486,1
40559,70487,M1,송월_MTr1,0.012,0.242,0.0,0.0,1.0,0.01,0.9,1.1,0.0,154,22.9,60.0,60,72,78,70487,1
40559,70487,M2,송월_MTr2,0.012,0.242,0.0,0.0,1.0,0.01,0.9,1.1,0.0,154,22.9,60.0,60,72,78,70487,1
40559,70487,M3,송월_MTr3,0.012,0.242,0.0,0.0,1.0,0.01,0.9,1.1,0.0,154,22.9,60.0,60,72,78,70487,1
40560,70488,M1,남인천_MTr1,0.012,0.242,0.0,0.0,1.0,0.01,0.9,1.1,0.0,154,22.9,60.0,60,72,78,70488,1
40560,70488,M2,남인천_MTr2,0.012,0.242,0.0,0.0,1.0,0.01,0.9,1.1,0.0,154,22.9,60.0,60,72,78,70488,1
40560,70488,M3,남인천_MTr3,0.012,0.242,0.0,0.0,1.0,0.01,0.9,1.1,0.0,154,22.9,60.0,60,72,78,70488,1
40561,70489,M1,관교_MTr1,0.012,0.242,0.0,0.0,0.99,0.01,0.9,1.1,0.0,154,22.9,60.0,60,72,78,70489,1
40561,70489,M2,관교_MTr2,0.012,0.242,0.0,0.0,0.99,0.01,0.9,1.1,0.0,154,22.9,60.0,60,72,78,70489,1
40561,70489,M3,관교_MTr3,0.012,0.242,0.0,0.0,0.99,0.01,0.9,1.1,0.0,154,22.9,60.0,60,72,78,70489,1
40562,70490,M1,왕길_MTr1,0.012,0.242,0.0,0.0,0.99,0.01,0.9,1.1,0.0,154,22.9,60.0,60,72,78,70490,1
40562,70490,M2,왕길_MTr2,0.012,0.242,0.0,0.0,0.99,0.01,0.9,1.1,0.0,154,22.9,60.0,60,72,78,70490,1
40562,70490,M3,왕길_MTr3,0.012,0.242,0.0,0.0,0.99,0.01,0.9,1.1,0.0,154,22.9,60.0,60,72,78,70490,1
40562,70490,M4,왕길_MTr4,0.012,0.242,0.0,0.0,0.99,0.01,0.9,1.1,0.0,154,22.9,60.0,60,72,78,70490,1
40563,70491,M1,경서_MTr1,0.012,0.242,0.0,0.0,0.99,0.01,0.9,1.1,0.0,154,22.9,60.0,60,72,78,70491,1
40563,70491,M2,경서_MTr2,0.012,0.242,0.0,0.0,0.99,0.01,0.9,1.1,0.0,154,22.9,60.0,60,72,78,70491,1
40563,70491,M3,경서_MTr3,0.012,0.242,0.0,0.0,0.99,0.01,0.9,1.1,0.0,154,22.9,60.0,60,72,78,70491,1
40563,70491,M4,경서_MTr4,0.012,0.242,0.0,0.0,0.99,0.01,0.9,1.1,0.0,154,22.9,60.0,60,72,78,70491,1
40564,70492,M1,부평T1_MTr1,0.012,0.242,0.0,0.0,1.0,0.01,0.9,1.1,0.0,154,22.9,60.0,60,72,78,70492,1
40564,70492,M2,부평T1_MTr2,0.012,0.242,0.0,0.0,1.0,0.01,0.9,1.1,0.0,154,22.9,60.0,60,72,78,70492,1
40564,70492,M3,부평T1_MTr3,0.012,0.242,0.0,0.0,1.0,0.01,0.9,1.1,0.0,154,22.9,60.0,60,72,78,70492,1
40565,70493,M1,청라_MTr1,0.012,0.242,0.0,0.0,1.0,0.01,0.9,1.1,0.0,154,22.9,60.0,60,72,78,70493,1
40565,70493,M2,청라_MTr2,0.012,0.242,0.0,0.0,1.0,0.01,0.9,1.1,0.0,154,22.9,60.0,60,72,78,70493,1
40565,70493,M3,청라_MTr3,0.012,0.242,0.0,0.0,1.0,0.01,0.9,1.1,0.0,154,22.9,60.0,60,72,78,70493,1
40566,70494,M1,부개_MTr1,0.012,0.242,0.0,0.0,1.0,0.01,0.9,1.1,0.0,154,22.9,60.0,60,72,78,70494,1
40566,70494,M2,부개_MTr2,0.012,0.242,0.0,0.0,1.0,0.01,0.9,1.1,0.0,154,22.9,60.0,60,72,78,70494,1
40566,70494,M3,부개_MTr3,0.012,0.242,0.0,0.0,1.0,0.01,0.9,1.1,0.0,154,22.9,60.0,60,72,78,70494,1
40567,70495,M1,안심_MTr1,0.012,0.242,0.0,0.0,1.0,0.01,0.9,1.1,0.0,154,22.9,60.0,60,72,78,70495,1
40567,70495,M2,안심_MTr2,0.012,0.242,0.0,0.0,1.0,0.01,0.9,1.1,0.0,154,22.9,60.0,60,72,78,70495,1
40567,70495,M3,안심_MTr3,0.012,0.242,0.0,0.0,1.0,0.01,0.9,1.1,0.0,154,22.9,60.0,60,72,78,70495,1
40568,70496,M1,구암_MTr1,0.012,0.242,0.0,0.0,1.0,0.01,0.9,1.1,0.0,154,22.9,60.0,60,72,78,70496,1
40568,70496,M2,구암_MTr2,0.012,0.242,0.0,0.0,1.0,0.01,0.9,1.1,0.0,154,22.9,60.0,60,72,78,70496,1
40568,70496,M3,구암_MTr3,0.012,0.242,0.0,0.0,1.0,0.01,0.9,1.1,0.0,154,22.9,60.0,60,72,78,70496,1
40569,70497,M1,관음_MTr1,0.012,0.242,0.0,0.0,1.0,0.01,0.9,1.1,0.0,154,22.9,60.0,60,72,78,70497,1
40569,70497,M2,관음_MTr2,0.012,0.242,0.0,0.0,1.0,0.01,0.9,1.1,0.0,154,22.9,60.0,60,72,78,70497,1
40569,70497,M3,관음_MTr3,0.012,0.242,0.0,0.0,1.0,0.01,0.9,1.1,0.0,154,22.9,60.0,60,72,78,70497,1
40570,70498,M1,소라_MTr1,0.012,0.242,0.0,0.0,0.99,0.01,0.9,1.1,0.0,154,22.9,60.0,60,72,78,70498,1
40570,70498,M2,소라_MTr2,0.012,0.242,0.0,0.0,0.99,0.01,0.9,1.1,0.0,154,22.9,60.0,60,72,78,70498,1
40570,70498,M3,소라_MTr3,0.012,0.242,0.0,0.0,0.99,0.01,0.9,1.1,0.0,154,22.9,60.0,60,72,78,70498,1
40570,70498,M4,소라_MTr4,0.012,0.242,0.0,0.0,0.99,0.01,0.9,1.1,0.0,154,22.9,60.0,60,72,78,70498,1
40571,70499,M1,율촌_MTr1,0.012,0.242,0.0,0.0,0.98,0.01,0.9,1.1,0.0,154,22.9,60.0,60,72,78,70499,1
40571,70499,M2,율촌_MTr2,0.012,0.242,0.0,0.0,0.98,0.01,0.9,1.1,0.0,154,22.9,60.0,60,72,78,70499,1
40571,70499,M3,율촌_MTr3,0.012,0.242,0.0,0.0,0.98,0.01,0.9,1.1,0.0,154,22.9,60.0,60,72,78,70499,1
40571,70499,M4,율촌_MTr4,0.012,0.242,0.0,0.0,0.98,0.01,0.9,1.1,0.0,154,22.9,60.0,60,72,78,70499,1
40572,70500,M1,여수_MTr1,0.012,0.242,0.0,0.0,0.99,0.01,0.9,1.1,0.0,154,22.9,60.0,60,72,78,70500,1
40572,70500,M2,여수_MTr2,0.012,0.242,0.0,0.0,0.99,0.01,0.9,1.1,0.0,154,22.9,60.0,60,72,78,70500,1
40572,70500,M3,여수_MTr3,0.012,0.242,0.0,0.0,0.99,0.01,0.9,1.1,0.0,154,22.9,60.0,60,72,78,70500,1
40573,70501,M1,백운_MTr1,0.012,0.242,0.0,0.0,0.99,0.01,0.9,1.1,0.0,154,22.9,60.0,60,72,78,70501,1
40573,70501,M2,백운_MTr2,0.012,0.242,0.0,0.0,0.99,0.01,0.9,1.1,0.0,154,22.9,60.0,60,72,78,70501,1
40573,70501,M3,백운_MTr3,0.012,0.242,0.0,0.0,0.99,0.01,0.9,1.1,0.0,154,22.9,60.0,60,72,78,70501,1
40573,70501,M4,백운_MTr4,0.012,0.242,0.0,0.0,0.99,0.01,0.9,1.1,0.0,154,22.9,60.0,60,72,78,70501,1
40574,70502,M1,승주_MTr1,0.012,0.242,0.0,0.0,0.99,0.01,0.9,1.1,0.0,154,22.9,60.0,60,72,78,70502,1
40574,70502,M2,승주_MTr2,0.012,0.242,0.0,0.0,0.99,0.01,0.9,1.1,0.0,154,22.9,60.0,60,72,78,70502,1
40574,70502,M3,승주_MTr3,0.012,0.242,0.0,0.0,0.99,0.01,0.9,1.1,0.0,154,22.9,60.0,60,72,78,70502,1
40574,70502,M4,승주_MTr4,0.012,0.242,0.0,0.0,0.99,0.01,0.9,1.1,0.0,154,22.9,60.0,60,72,78,70502,1
40575,70503,M1,충장_MTr1,0.012,0.242,0.0,0.0,1.0,0.01,0.9,1.1,0.0,154,22.9,60.0,60,72,78,70503,1
40575,70503,M2,충장_MTr2,0.012,0.242,0.0,0.0,1.0,0.01,0.9,1.1,0.0,154,22.9,60.0,60,72,78,70503,1
40575,70503,M3,충장_MTr3,0.012,0.242,0.0,0.0,1.0,0.01,0.9,1.1,0.0,154,22.9,60.0,60,72,78,70503,1
40576,70504,M1,일곡_MTr1,0.012,0.242,0.0,0.0,1.0,0.01,0.9,1.1,0.0,154,22.9,60.0,60,72,78,70504,1
40576,70504,M2,일곡_MTr2,0.012,0.242,0.0,0.0,1.0,0.01,0.9,1.1,0.0,154,22.9,60.0,60,72,78,70504,1
40576,70504,M3,일곡_MTr3,0.012,0.242,0.0,0.0,1.0,0.01,0.9,1.1,0.0,154,22.9,60.0,60,72,78,70504,1
40577,70505,M1,북광주_MTr1,0.012,0.242,0.0,0.0,1.0,0.01,0.9,1.1,0.0,154,22.9,60.0,60,72,78,70505,1
40577,70505,M2,북광주_MTr2,0.012,0.242,0.0,0.0,1.0,0.01,0.9,1.1,0.0,154,22.9,60.0,60,72,78,70505,1
40577,70505,M3,북광주_MTr3,0.012,0.242,0.0,0.0,1.0,0.01,0.9,1.1,0.0,154,22.9,60.0,60,72,78,70505,1
40578,70506,M1,계림_MTr1,0.012,0.242,0.0,0.0,1.0,0.01,0.9,1.1,0.0,154,22.9,60.0,60,72,78,70506,1
40578,70506,M2,계림_MTr2,0.012,0.242,0.0,0.0,1.0,0.01,0.9,1.1,0.0,154,22.9,60.0,60,72,78,70506,1
40578,70506,M3,계림_MTr3,0.012,0.242,0.0,0.0,1.0,0.01,0.9,1.1,0.0,154,22.9,60.0,60,72,78,70506,1
40578,70506,M4,계림_MTr4,0.012,0.242,0.0,0.0,1.0,0.01,0.9,1.1,0.0,154,22.9,60.0,60,72,78,70506,1
40579,70507,M1,송정2_MTr1,0.012,0.242,0.0,0.0,0.99,0.01,0.9,1.1,0.0,154,22.9,60.0,60,72,78,70507,1
40579,70507,M2,송정2_MTr2,0.012,0.242,0.0,0.0,0.99,0.01,0.9,1.1,0.0,154,22.9,60.0,60,72,78,70507,1
40579,70507,M3,송정2_MTr3,0.012,0.242,0.0,0.0,0.99,0.01,0.9,1.1,0.0,154,22.9,60.0,60,72,78,70507,1
40580,70508,M1,매월_MTr1,0.012,0.242,0.0,0.0,1.0,0.01,0.9,1.1,0.0,154,22.9,60.0,60,72,78,70508,1
40580,70508,M2,매월_MTr2,0.012,0.242,0.0,0.0,1.0,0.01,0.9,1.1,0.0,154,22.9,60.0,60,72,78,70508,1
40580,70508,M3,매월_MTr3,0.012,0.242,0.0,0.0,1.0,0.01,0.9,1.1,0.0,154,22.9,60.0,60,72,78,70508,1
40581,70509,M1,농성_MTr1,0.012,0.242,0.0,0.0,1.0,0.01,0.9,1.1,0.0,154,22.9,60.0,60,72,78,70509,1
40581,70509,M2,농성_MTr2,0.012,0.242,0.0,0.0,1.0,0.01,0.9,1.1,0.0,154,22.9,60.0,60,72,78,70509,1
40581,70509,M3,농성_MTr3,0.012,0.242,0.0,0.0,1.0,0.01,0.9,1.1,0.0,154,22.9,60.0,60,72,78,70509,1
40582,70510,M1,곡성_MTr1,0.012,0.242,0.0,0.0,1.01,0.01,0.9,1.1,0.0,154,22.9,60.0,60,72,78,70510,1
40582,70510,M2,곡성_MTr2,0.012,0.242,0.0,0.0,1.01,0.01,0.9,1.1,0.0,154,22.9,60.0,60,72,78,70510,1
40582,70510,M3,곡성_MTr3,0.012,0.242,0.0,0.0,1.01,0.01,0.9,1.1,0.0,154,22.9,60.0,60,72,78,70510,1
40583,70511,M1,구례_MTr1,0.012,0.242,0.0,0.0,1.01,0.01,0.9,1.1,0.0,154,22.9,60.0,60,72,78,70511,1
40583,70511,M2,구례_MTr2,0.012,0.242,0.0,0.0,1.01,0.01,0.9,1.1,0.0,154,22.9,60.0,60,72,78,70511,1
40583,70511,M3,구례_MTr3,0.012,0.242,0.0,0.0,1.01,0.01,0.9,1.1,0.0,154,22.9,60.0,60,72,78,70511,1
40584,70512,M1,금천_MTr1,0.012,0.242,0.0,0.0,0.99,0.01,0.9,1.1,0.0,154,22.9,60.0,60,72,78,70512,1
40584,70512,M2,금천_MTr2,0.012,0.242,0.0,0.0,0.99,0.01,0.9,1.1,0.0,154,22.9,60.0,60,72,78,70512,1
40584,70512,M3,금천_MTr3,0.012,0.242,0.0,0.0,0.99,0.01,0.9,1.1,0.0,154,22.9,60.0,60,72,78,70512,1
40585,70513,M1,고잔_MTr1,0.012,0.242,0.0,0.0,0.99,0.01,0.9,1.1,0.0,154,22.9,60.0,60,72,78,70513,1
40585,70513,M2,고잔_MTr2,0.012,0.242,0.0,0.0,0.99,0.01,0.9,1.1,0.0,154,22.9,60.0,60,72,78,70513,1
40585,70513,M3,고잔_MTr3,0.012,0.242,0.0,0.0,0.99,0.01,0.9,1.1,0.0,154,22.9,60.0,60,72,78,70513,1
40586,70514,M1,도림_MTr1,0.012,0.242,0.0,0.0,0.99,0.01,0.9,1.1,0.0,154,22.9,60.0,60,72,78,70514,1
40586,70514,M2,도림_MTr2,0.012,0.242,0.0,0.0,0.99,0.01,0.9,1.1,0.0,154,22.9,60.0,60,72,78,70514,1
40586,70514,M3,도림_MTr3,0.012,0.242,0.0,0.0,0.99,0.01,0.9,1.1,0.0,154,22.9,60.0,60,72,78,70514,1
40586,70514,M4,도림_MTr4,0.012,0.242,0.0,0.0,0.99,0.01,0.9,1.1,0.0,154,22.9,60.0,60,72,78,70514,1
40587,70515,M1,북송도_MTr1,0.012,0.242,0.0,0.0,1.0,0.01,0.9,1.1,0.0,154,22.9,60.0,60,72,78,70515,1
40587,70515,M2,북송도_MTr2,0.012,0.242,0.0,0.0,1.0,0.01,0.9,1.1,0.0,154,22.9,60.0,60,72,78,70515,1
40587,70515,M3,북송도_MTr3,0.012,0.242,0.0,0.0,1.0,0.01,0.9,1.1,0.0,154,22.9,60.0,60,72,78,70515,1
40587,70515,M4,북송도_MTr4,0.012,0.242,0.0,0.0,1.0,0.01,0.9,1.1,0.0,154,22.9,60.0,60,72,78,70515,1
40588,70516,M1,동송도_MTr1,0.012,0.242,0.0,0.0,1.0,0.01,0.9,1.1,0.0,154,22.9,60.0,60,72,78,70516,1
40588,70516,M2,동송도_MTr2,0.012,0.242,0.0,0.0,1.0,0.01,0.9,1.1,0.0,154,22.9,60.0,60,72,78,70516,1
40588,70516,M3,동송도_MTr3,0.012,0.242,0.0,0.0,1.0,0.01,0.9,1.1,0.0,154,22.9,60.0,60,72,78,70516,1
40589,70517,M1,오봉_MTr1,0.012,0.242,0.0,0.0,0.99,0.01,0.9,1.1,0.0,154,22.9,60.0,60,72,78,70517,1
40589,70517,M2,오봉_MTr2,0.012,0.242,0.0,0.0,0.99,0.01,0.9,1.1,0.0,154,22.9,60.0,60,72,78,70517,1
40589,70517,M3,오봉_MTr3,0.012,0.242,0.0,0.0,0.99,0.01,0.9,1.1,0.0,154,22.9,60.0,60,72,78,70517,1
40590,70518,M1,동춘_MTr1,0.012,0.242,0.0,0.0,0.99,0.01,0.9,1.1,0.0,154,22.9,60.0,60,72,78,70518,1
40590,70518,M2,동춘_MTr2,0.012,0.242,0.0,0.0,0.99,0.01,0.9,1.1,0.0,154,22.9,60.0,60,72,78,70518,1
40590,70518,M3,동춘_MTr3,0.012,0.242,0.0,0.0,0.99,0.01,0.9,1.1,0.0,154,22.9,60.0,60,72,78,70518,1
40591,70519,M1,남동_MTr1,0.012,0.242,0.0,0.0,0.99,0.01,0.9,1.1,0.0,154,22.9,60.0,60,72,78,70519,1
40591,70519,M2,남동_MTr2,0.012,0.242,0.0,0.0,0.99,0.01,0.9,1.1,0.0,154,22.9,60.0,60,72,78,70519,1
40591,70519,M3,남동_MTr3,0.012,0.242,0.0,0.0,0.99,0.01,0.9,1.1,0.0,154,22.9,60.0,60,72,78,70519,1
40591,70519,M4,남동_MTr4,0.012,0.242,0.0,0.0,0.99,0.01,0.9,1.1,0.0,154,22.9,60.0,60,72,78,70519,1
40592,70520,M1,중산_MTr1,0.012,0.242,0.0,0.0,1.0,0.01,0.9,1.1,0.0,154,22.9,60.0,60,72,78,70520,1
40592,70520,M2,중산_MTr2,0.012,0.242,0.0,0.0,1.0,0.01,0.9,1.1,0.0,154,22.9,60.0,60,72,78,70520,1
40592,70520,M3,중산_MTr3,0.012,0.242,0.0,0.0,1.0,0.01,0.9,1.1,0.0,154,22.9,60.0,60,72,78,70520,1
40593,70521,M1,화치_MTr1,0.012,0.242,0.0,0.0,0.99,0.01,0.9,1.1,0.0,154,22.9,60.0,60,72,78,70521,1
40593,70521,M2,화치_MTr2,0.012,0.242,0.0,0.0,0.99,0.01,0.9,1.1,0.0,154,22.9,60.0,60,72,78,70521,1
40593,70521,M3,화치_MTr3,0.012,0.242,0.0,0.0,0.99,0.01,0.9,1.1,0.0,154,22.9,60.0,60,72,78,70521,1
40593,70521,M4,화치_MTr4,0.012,0.242,0.0,0.0,0.99,0.01,0.9,1.1,0.0,154,22.9,60.0,60,72,78,70521,1
40594,70522,M1,담양_MTr1,0.012,0.242,0.0,0.0,0.99,0.01,0.9,1.1,0.0,154,22.9,60.0,60,72,78,70522,1
40594,70522,M2,담양_MTr2,0.012,0.242,0.0,0.0,0.99,0.01,0.9,1.1,0.0,154,22.9,60.0,60,72,78,70522,1
40594,70522,M3,담양_MTr3,0.012,0.242,0.0,0.0,0.99,0.01,0.9,1.1,0.0,154,22.9,60.0,60,72,78,70522,1
40595,70523,M1,삼호_MTr1,0.012,0.242,0.0,0.0,1.02,0.01,0.9,1.1,0.0,154,22.9,60.0,60,72,78,70523,1
40595,70523,M2,삼호_MTr2,0.012,0.242,0.0,0.0,1.02,0.01,0.9,1.1,0.0,154,22.9,60.0,60,72,78,70523,1
40595,70523,M3,삼호_MTr3,0.012,0.242,0.0,0.0,1.02,0.01,0.9,1.1,0.0,154,22.9,60.0,60,72,78,70523,1
40595,70523,M4,삼호_MTr4,0.012,0.242,0.0,0.0,1.02,0.01,0.9,1.1,0.0,154,22.9,60.0,60,72,78,70523,1
40596,70524,M1,엄다_MTr1,0.012,0.242,0.0,0.0,0.99,0.01,0.9,1.1,0.0,154,22.9,60.0,60,72,78,70524,1
40596,70524,M2,엄다_MTr2,0.012,0.242,0.0,0.0,0.99,0.01,0.9,1.1,0.0,154,22.9,60.0,60,72,78,70524,1
40596,70524,M3,엄다_MTr3,0.012,0.242,0.0,0.0,0.99,0.01,0.9,1.1,0.0,154,22.9,60.0,60,72,78,70524,1
40597,70525,M1,운남_MTr1,0.012,0.242,0.0,0.0,0.99,0.01,0.9,1.1,0.0,154,22.9,60.0,60,72,78,70525,1
40597,70525,M2,운남_MTr2,0.012,0.242,0.0,0.0,0.99,0.01,0.9,1.1,0.0,154,22.9,60.0,60,72,78,70525,1
40597,70525,M3,운남_MTr3,0.012,0.242,0.0,0.0,0.99,0.01,0.9,1.1,0.0,154,22.9,60.0,60,72,78,70525,1
40598,70526,M1,화순_MTr1,0.012,0.242,0.0,0.0,0.99,0.01,0.9,1.1,0.0,154,22.9,60.0,60,72,78,70526,1
40598,70526,M2,화순_MTr2,0.012,0.242,0.0,0.0,0.99,0.01,0.9,1.1,0.0,154,22.9,60.0,60,72,78,70526,1
40598,70526,M3,화순_MTr3,0.012,0.242,0.0,0.0,0.99,0.01,0.9,1.1,0.0,154,22.9,60.0,60,72,78,70526,1
40598,70526,M4,화순_MTr4,0.012,0.242,0.0,0.0,0.99,0.01,0.9,1.1,0.0,154,22.9,60.0,60,72,78,70526,1
40599,70527,M1,횡계_MTr1,0.012,0.242,0.0,0.0,0.98,0.01,0.9,1.1,0.0,154,22.9,60.0,60,72,78,70527,1
40599,70527,M2,횡계_MTr2,0.012,0.242,0.0,0.0,0.98,0.01,0.9,1.1,0.0,154,22.9,60.0,60,72,78,70527,1
40599,70527,M3,횡계_MTr3,0.012,0.242,0.0,0.0,0.98,0.01,0.9,1.1,0.0,154,22.9,60.0,60,72,78,70527,1
40600,70528,M1,올림픽_MTr1,0.012,0.242,0.0,0.0,0.99,0.01,0.9,1.1,0.0,154,22.9,60.0,60,72,78,70528,1
40600,70528,M2,올림픽_MTr2,0.012,0.242,0.0,0.0,0.99,0.01,0.9,1.1,0.0,154,22.9,60.0,60,72,78,70528,1
40600,70528,M3,올림픽_MTr3,0.012,0.242,0.0,0.0,0.99,0.01,0.9,1.1,0.0,154,22.9,60.0,60,72,78,70528,1
40601,70529,M1,주진_MTr1,0.012,0.242,0.0,0.0,0.98,0.01,0.9,1.1,0.0,154,22.9,60.0,60,72,78,70529,1
40601,70529,M2,주진_MTr2,0.012,0.242,0.0,0.0,0.98,0.01,0.9,1.1,0.0,154,22.9,60.0,60,72,78,70529,1
40602,70530,M1,평창_MTr1,0.012,0.242,0.0,0.0,0.98,0.01,0.9,1.1,0.0,154,22.9,60.0,60,72,78,70530,1
40602,70530,M2,평창_MTr2,0.012,0.242,0.0,0.0,0.98,0.01,0.9,1.1,0.0,154,22.9,60.0,60,72,78,70530,1
40602,70530,M3,평창_MTr3,0.012,0.242,0.0,0.0,0.98,0.01,0.9,1.1,0.0,154,22.9,60.0,60,72,78,70530,1
40603,70531,M1,삼척_MTr1,0.012,0.242,0.0,0.0,1.0,0.01,0.9,1.1,0.0,154,22.9,60.0,60,72,78,70531,1
40603,70531,M2,삼척_MTr2,0.012,0.242,0.0,0.0,1.0,0.01,0.9,1.1,0.0,154,22.9,60.0,60,72,78,70531,1
40603,70531,M3,삼척_MTr3,0.012,0.242,0.0,0.0,1.0,0.01,0.9,1.1,0.0,154,22.9,60.0,60,72,78,70531,1
40604,70532,M1,서원주_MTr1,0.012,0.242,0.0,0.0,0.98,0.01,0.9,1.1,0.0,154,22.9,60.0,60,72,78,70532,1
40604,70532,M2,서원주_MTr2,0.012,0.242,0.0,0.0,0.98,0.01,0.9,1.1,0.0,154,22.9,60.0,60,72,78,70532,1
40604,70532,M3,서원주_MTr3,0.012,0.242,0.0,0.0,0.98,0.01,0.9,1.1,0.0,154,22.9,60.0,60,72,78,70532,1
40605,70533,M1,동원주_MTr1,0.012,0.242,0.0,0.0,0.98,0.01,0.9,1.1,0.0,154,22.9,60.0,60,72,78,70533,1
40605,70533,M2,동원주_MTr2,0.012,0.242,0.0,0.0,0.98,0.01,0.9,1.1,0.0,154,22.9,60.0,60,72,78,70533,1
40605,70533,M3,동원주_MTr3,0.012,0.242,0.0,0.0,0.98,0.01,0.9,1.1,0.0,154,22.9,60.0,60,72,78,70533,1
40606,70534,M1,북원주_MTr1,0.012,0.242,0.0,0.0,0.98,0.01,0.9,1.1,0.0,154,22.9,60.0,60,72,78,70534,1
40606,70534,M2,북원주_MTr2,0.012,0.242,0.0,0.0,0.98,0.01,0.9,1.1,0.0,154,22.9,60.0,60,72,78,70534,1
40606,70534,M3,북원주_MTr3,0.012,0.242,0.0,0.0,0.98,0.01,0.9,1.1,0.0,154,22.9,60.0,60,72,78,70534,1
40607,70535,M1,남원주_MTr1,0.012,0.242,0.0,0.0,0.98,0.01,0.9,1.1,0.0,154,22.9,60.0,60,72,78,70535,1
40607,70535,M2,남원주_MTr2,0.012,0.242,0.0,0.0,0.98,0.01,0.9,1.1,0.0,154,22.9,60.0,60,72,78,70535,1
40607,70535,M3,남원주_MTr3,0.012,0.242,0.0,0.0,0.98,0.01,0.9,1.1,0.0,154,22.9,60.0,60,72,78,70535,1
40608,70536,M1,둔내_MTr1,0.012,0.242,0.0,0.0,0.98,0.01,0.9,1.1,0.0,154,22.9,60.0,60,72,78,70536,1
40608,70536,M2,둔내_MTr2,0.012,0.242,0.0,0.0,0.98,0.01,0.9,1.1,0.0,154,22.9,60.0,60,72,78,70536,1
40608,70536,M3,둔내_MTr3,0.012,0.242,0.0,0.0,0.98,0.01,0.9,1.1,0.0,154,22.9,60.0,60,72,78,70536,1
40609,70537,M1,무주_MTr1,0.012,0.242,0.0,0.0,1.0,0.01,0.9,1.1,0.0,154,22.9,60.0,60,72,78,70537,1
40609,70537,M2,무주_MTr2,0.012,0.242,0.0,0.0,1.0,0.01,0.9,1.1,0.0,154,22.9,60.0,60,72,78,70537,1
40609,70537,M3,무주_MTr3,0.012,0.242,0.0,0.0,1.0,0.01,0.9,1.1,0.0,154,22.9,60.0,60,72,78,70537,1
40609,70537,M4,무주_MTr4,0.012,0.242,0.0,0.0,1.0,0.01,0.9,1.1,0.0,154,22.9,60.0,60,72,78,70537,1
40610,70538,M1,동군산_MTr1,0.012,0.242,0.0,0.0,1.0,0.01,0.9,1.1,0.0,154,22.9,60.0,60,72,78,70538,1
40610,70538,M2,동군산_MTr2,0.012,0.242,0.0,0.0,1.0,0.01,0.9,1.1,0.0,154,22.9,60.0,60,72,78,70538,1
40610,70538,M3,동군산_MTr3,0.012,0.242,0.0,0.0,1.0,0.01,0.9,1.1,0.0,154,22.9,60.0,60,72,78,70538,1
40611,70539,M1,내초_MTr1,0.012,0.242,0.0,0.0,1.0,0.01,0.9,1.1,0.0,154,22.9,60.0,60,72,78,70539,1
40611,70539,M2,내초_MTr2,0.012,0.242,0.0,0.0,1.0,0.01,0.9,1.1,0.0,154,22.9,60.0,60,72,78,70539,1
40611,70539,M3,내초_MTr3,0.012,0.242,0.0,0.0,1.0,0.01,0.9,1.1,0.0,154,22.9,60.0,60,72,78,70539,1
40612,70540,M1,남전주_MTr1,0.012,0.242,0.0,0.0,0.99,0.01,0.9,1.1,0.0,154,22.9,60.0,60,72,78,70540,1
40612,70540,M2,남전주_MTr2,0.012,0.242,0.0,0.0,0.99,0.01,0.9,1.1,0.0,154,22.9,60.0,60,72,78,70540,1
40612,70540,M3,남전주_MTr3,0.012,0.242,0.0,0.0,0.99,0.01,0.9,1.1,0.0,154,22.9,60.0,60,72,78,70540,1
40612,70540,M4,남전주_MTr4,0.012,0.242,0.0,0.0,0.99,0.01,0.9,1.1,0.0,154,22.9,60.0,60,72,78,70540,1
40613,70541,M1,동전주_MTr1,0.012,0.242,0.0,0.0,0.99,0.01,0.9,1.1,0.0,154,22.9,60.0,60,72,78,70541,1
40613,70541,M2,동전주_MTr2,0.012,0.242,0.0,0.0,0.99,0.01,0.9,1.1,0.0,154,22.9,60.0,60,72,78,70541,1
40613,70541,M3,동전주_MTr3,0.012,0.242,0.0,0.0,0.99,0.01,0.9,1.1,0.0,154,22.9,60.0,60,72,78,70541,1
40613,70541,M4,동전주_MTr4,0.012,0.242,0.0,0.0,0.99,0.01,0.9,1.1,0.0,154,22.9,60.0,60,72,78,70541,1
40614,70542,M1,임실_MTr1,0.012,0.242,0.0,0.0,1.01,0.01,0.9,1.1,0.0,154,22.9,60.0,60,72,78,70542,1
40614,70542,M2,임실_MTr2,0.012,0.242,0.0,0.0,1.01,0.01,0.9,1.1,0.0,154,22.9,60.0,60,72,78,70542,1
40614,70542,M3,임실_MTr3,0.012,0.242,0.0,0.0,1.01,0.01,0.9,1.1,0.0,154,22.9,60.0,60,72,78,70542,1
40615,70543,M1,남원_MTr1,0.012,0.242,0.0,0.0,1.01,0.01,0.9,1.1,0.0,154,22.9,60.0,60,72,78,70543,1
40615,70543,M2,남원_MTr2,0.012,0.242,0.0,0.0,1.01,0.01,0.9,1.1,0.0,154,22.9,60.0,60,72,78,70543,1
40615,70543,M3,남원_MTr3,0.012,0.242,0.0,0.0,1.01,0.01,0.9,1.1,0.0,154,22.9,60.0,60,72,78,70543,1
40616,70544,M1,김제_MTr1,0.012,0.242,0.0,0.0,1.0,0.01,0.9,1.1,0.0,154,22.9,60.0,60,72,78,70544,1
40616,70544,M2,김제_MTr2,0.012,0.242,0.0,0.0,1.0,0.01,0.9,1.1,0.0,154,22.9,60.0,60,72,78,70544,1
40616,70544,M3,김제_MTr3,0.012,0.242,0.0,0.0,1.0,0.01,0.9,1.1,0.0,154,22.9,60.0,60,72,78,70544,1
40617,70545,M1,군장_MTr1,0.012,0.242,0.0,0.0,1.0,0.01,0.9,1.1,0.0,154,22.9,60.0,60,72,78,70545,1
40617,70545,M2,군장_MTr2,0.012,0.242,0.0,0.0,1.0,0.01,0.9,1.1,0.0,154,22.9,60.0,60,72,78,70545,1
40617,70545,M3,군장_MTr3,0.012,0.242,0.0,0.0,1.0,0.01,0.9,1.1,0.0,154,22.9,60.0,60,72,78,70545,1
40618,70546,M1,소룡_MTr1,0.012,0.242,0.0,0.0,1.0,0.01,0.9,1.1,0.0,154,22.9,60.0,60,72,78,70546,1
40618,70546,M2,소룡_MTr2,0.012,0.242,0.0,0.0,1.0,0.01,0.9,1.1,0.0,154,22.9,60.0,60,72,78,70546,1
40618,70546,M3,소룡_MTr3,0.012,0.242,0.0,0.0,1.0,0.01,0.9,1.1,0.0,154,22.9,60.0,60,72,78,70546,1
40619,70547,M1,고창_MTr1,0.012,0.242,0.0,0.0,1.0,0.01,0.9,1.1,0.0,154,22.9,60.0,60,72,78,70547,1
40619,70547,M2,고창_MTr2,0.012,0.242,0.0,0.0,1.0,0.01,0.9,1.1,0.0,154,22.9,60.0,60,72,78,70547,1
40619,70547,M3,고창_MTr3,0.012,0.242,0.0,0.0,1.0,0.01,0.9,1.1,0.0,154,22.9,60.0,60,72,78,70547,1
40619,70547,M4,고창_MTr4,0.012,0.242,0.0,0.0,1.0,0.01,0.9,1.1,0.0,154,22.9,60.0,60,72,78,70547,1
40620,70548,M1,정주_MTr1,0.012,0.242,0.0,0.0,1.0,0.01,0.9,1.1,0.0,154,22.9,60.0,60,72,78,70548,1
40620,70548,M2,정주_MTr2,0.012,0.242,0.0,0.0,1.0,0.01,0.9,1.1,0.0,154,22.9,60.0,60,72,78,70548,1
40620,70548,M3,정주_MTr3,0.012,0.242,0.0,0.0,1.0,0.01,0.9,1.1,0.0,154,22.9,60.0,60,72,78,70548,1
40621,70549,M1,원주_MTr1,0.012,0.242,0.0,0.0,0.98,0.01,0.9,1.1,0.0,154,22.9,60.0,60,72,78,70549,1
40621,70549,M2,원주_MTr2,0.012,0.242,0.0,0.0,0.98,0.01,0.9,1.1,0.0,154,22.9,60.0,60,72,78,70549,1
40621,70549,M3,원주_MTr3,0.012,0.242,0.0,0.0,0.98,0.01,0.9,1.1,0.0,154,22.9,60.0,60,72,78,70549,1
40622,70550,M1,이원_MTr1,0.012,0.242,0.0,0.0,1.0,0.01,0.9,1.1,0.0,154,22.9,60.0,60,72,78,70550,1
40622,70550,M2,이원_MTr2,0.012,0.242,0.0,0.0,1.0,0.01,0.9,1.1,0.0,154,22.9,60.0,60,72,78,70550,1
40622,70550,M3,이원_MTr3,0.012,0.242,0.0,0.0,1.0,0.01,0.9,1.1,0.0,154,22.9,60.0,60,72,78,70550,1
40623,70551,M1,정선_MTr1,0.012,0.242,0.0,0.0,0.99,0.01,0.9,1.1,0.0,154,22.9,60.0,60,72,78,70551,1
40623,70551,M2,정선_MTr2,0.012,0.242,0.0,0.0,0.99,0.01,0.9,1.1,0.0,154,22.9,60.0,60,72,78,70551,1
40623,70551,M3,정선_MTr3,0.012,0.242,0.0,0.0,0.99,0.01,0.9,1.1,0.0,154,22.9,60.0,60,72,78,70551,1
40624,70552,M1,한국철도공사동해변전사업소_MTr1,0.012,0.242,0.0,0.0,1.0,0.01,0.9,1.1,0.0,154,22.9,60.0,60,72,78,70552,1
40624,70552,M2,한국철도공사동해변전사업소_MTr2,0.012,0.242,0.0,0.0,1.0,0.01,0.9,1.1,0.0,154,22.9,60.0,60,72,78,70552,1
40624,70552,M3,한국철도공사동해변전사업소_MTr3,0.012,0.242,0.0,0.0,1.0,0.01,0.9,1.1,0.0,154,22.9,60.0,60,72,78,70552,1
40625,70553,M1,고한_MTr1,0.012,0.242,0.0,0.0,0.98,0.01,0.9,1.1,0.0,154,22.9,60.0,60,72,78,70553,1
40625,70553,M2,고한_MTr2,0.012,0.242,0.0,0.0,0.98,0.01,0.9,1.1,0.0,154,22.9,60.0,60,72,78,70553,1
40625,70553,M3,고한_MTr3,0.012,0.242,0.0,0.0,0.98,0.01,0.9,1.1,0.0,154,22.9,60.0,60,72,78,70553,1
40626,70554,M1,도계_MTr1,0.012,0.242,0.0,0.0,0.99,0.01,0.9,1.1,0.0,154,22.9,60.0,60,72,78,70554,1
40626,70554,M2,도계_MTr2,0.012,0.242,0.0,0.0,0.99,0.01,0.9,1.1,0.0,154,22.9,60.0,60,72,78,70554,1
40626,70554,M3,도계_MTr3,0.012,0.242,0.0,0.0,0.99,0.01,0.9,1.1,0.0,154,22.9,60.0,60,72,78,70554,1
40627,70555,M1,괴산_MTr1,0.012,0.242,0.0,0.0,0.99,0.01,0.9,1.1,0.0,154,22.9,60.0,60,72,78,70555,1
40627,70555,M2,괴산_MTr2,0.012,0.242,0.0,0.0,0.99,0.01,0.9,1.1,0.0,154,22.9,60.0,60,72,78,70555,1
40627,70555,M3,괴산_MTr3,0.012,0.242,0.0,0.0,0.99,0.01,0.9,1.1,0.0,154,22.9,60.0,60,72,78,70555,1
40627,70555,M4,괴산_MTr4,0.012,0.242,0.0,0.0,0.99,0.01,0.9,1.1,0.0,154,22.9,60.0,60,72,78,70555,1
40628,70556,M1,감곡_MTr1,0.012,0.242,0.0,0.0,0.99,0.01,0.9,1.1,0.0,154,22.9,60.0,60,72,78,70556,1
40628,70556,M2,감곡_MTr2,0.012,0.242,0.0,0.0,0.99,0.01,0.9,1.1,0.0,154,22.9,60.0,60,72,78,70556,1
40628,70556,M3,감곡_MTr3,0.012,0.242,0.0,0.0,0.99,0.01,0.9,1.1,0.0,154,22.9,60.0,60,72,78,70556,1
40628,70556,M4,감곡_MTr4,0.012,0.242,0.0,0.0,0.99,0.01,0.9,1.1,0.0,154,22.9,60.0,60,72,78,70556,1
40629,70557,M1,태평_MTr1,0.012,0.242,0.0,0.0,0.99,0.01,0.9,1.1,0.0,154,22.9,60.0,60,72,78,70557,1
40629,70557,M2,태평_MTr2,0.012,0.242,0.0,0.0,0.99,0.01,0.9,1.1,0.0,154,22.9,60.0,60,72,78,70557,1
40629,70557,M3,태평_MTr3,0.012,0.242,0.0,0.0,0.99,0.01,0.9,1.1,0.0,154,22.9,60.0,60,72,78,70557,1
40629,70557,M4,태평_MTr4,0.012,0.242,0.0,0.0,0.99,0.01,0.9,1.1,0.0,154,22.9,60.0,60,72,78,70557,1
40630,70558,M1,정공_MTr1,0.012,0.242,0.0,0.0,0.99,0.01,0.9,1.1,0.0,154,22.9,60.0,60,72,78,70558,1
40630,70558,M2,정공_MTr2,0.012,0.242,0.0,0.0,0.99,0.01,0.9,1.1,0.0,154,22.9,60.0,60,72,78,70558,1
40630,70558,M3,정공_MTr3,0.012,0.242,0.0,0.0,0.99,0.01,0.9,1.1,0.0,154,22.9,60.0,60,72,78,70558,1
40631,70559,M1,장수_MTr1,0.012,0.242,0.0,0.0,1.0,0.01,0.9,1.1,0.0,154,22.9,60.0,60,72,78,70559,1
40631,70559,M2,장수_MTr2,0.012,0.242,0.0,0.0,1.0,0.01,0.9,1.1,0.0,154,22.9,60.0,60,72,78,70559,1
40631,70559,M3,장수_MTr3,0.012,0.242,0.0,0.0,1.0,0.01,0.9,1.1,0.0,154,22.9,60.0,60,72,78,70559,1
40632,70560,M1,영등_MTr1,0.012,0.242,0.0,0.0,1.0,0.01,0.9,1.1,0.0,154,22.9,60.0,60,72,78,70560,1
40632,70560,M2,영등_MTr2,0.012,0.242,0.0,0.0,1.0,0.01,0.9,1.1,0.0,154,22.9,60.0,60,72,78,70560,1
40632,70560,M3,영등_MTr3,0.012,0.242,0.0,0.0,1.0,0.01,0.9,1.1,0.0,154,22.9,60.0,60,72,78,70560,1
40632,70560,M4,영등_MTr4,0.012,0.242,0.0,0.0,1.0,0.01,0.9,1.1,0.0,154,22.9,60.0,60,72,78,70560,1
40633,70561,M1,팔봉_MTr1,0.012,0.242,0.0,0.0,0.99,0.01,0.9,1.1,0.0,154,22.9,60.0,60,72,78,70561,1
40633,70561,M2,팔봉_MTr2,0.012,0.242,0.0,0.0,0.99,0.01,0.9,1.1,0.0,154,22.9,60.0,60,72,78,70561,1
40633,70561,M3,팔봉_MTr3,0.012,0.242,0.0,0.0,0.99,0.01,0.9,1.1,0.0,154,22.9,60.0,60,72,78,70561,1
40634,70562,M1,북전주_MTr1,0.012,0.242,0.0,0.0,0.99,0.01,0.9,1.1,0.0,154,22.9,60.0,60,72,78,70562,1
40634,70562,M2,북전주_MTr2,0.012,0.242,0.0,0.0,0.99,0.01,0.9,1.1,0.0,154,22.9,60.0,60,72,78,70562,1
40634,70562,M3,북전주_MTr3,0.012,0.242,0.0,0.0,0.99,0.01,0.9,1.1,0.0,154,22.9,60.0,60,72,78,70562,1
40635,70563,M1,봉동_MTr1,0.012,0.242,0.0,0.0,1.0,0.01,0.9,1.1,0.0,154,22.9,60.0,60,72,78,70563,1
40635,70563,M2,봉동_MTr2,0.012,0.242,0.0,0.0,1.0,0.01,0.9,1.1,0.0,154,22.9,60.0,60,72,78,70563,1
40635,70563,M3,봉동_MTr3,0.012,0.242,0.0,0.0,1.0,0.01,0.9,1.1,0.0,154,22.9,60.0,60,72,78,70563,1
40636,70564,M1,단양_MTr1,0.012,0.242,0.0,0.0,0.98,0.01,0.9,1.1,0.0,154,22.9,60.0,60,72,78,70564,1
40636,70564,M2,단양_MTr2,0.012,0.242,0.0,0.0,0.98,0.01,0.9,1.1,0.0,154,22.9,60.0,60,72,78,70564,1
40636,70564,M3,단양_MTr3,0.012,0.242,0.0,0.0,0.98,0.01,0.9,1.1,0.0,154,22.9,60.0,60,72,78,70564,1
40636,70564,M4,단양_MTr4,0.012,0.242,0.0,0.0,0.98,0.01,0.9,1.1,0.0,154,22.9,60.0,60,72,78,70564,1
40637,70565,M1,금왕_MTr1,0.012,0.242,0.0,0.0,0.99,0.01,0.9,1.1,0.0,154,22.9,60.0,60,72,78,70565,1
40637,70565,M2,금왕_MTr2,0.012,0.242,0.0,0.0,0.99,0.01,0.9,1.1,0.0,154,22.9,60.0,60,72,78,70565,1
40637,70565,M3,금왕_MTr3,0.012,0.242,0.0,0.0,0.99,0.01,0.9,1.1,0.0,154,22.9,60.0,60,72,78,70565,1
40637,70565,M4,금왕_MTr4,0.012,0.242,0.0,0.0,0.99,0.01,0.9,1.1,0.0,154,22.9,60.0,60,72,78,70565,1
40638,70566,M1,오송_MTr1,0.012,0.242,0.0,0.0,0.99,0.01,0.9,1.1,0.0,154,22.9,60.0,60,72,78,70566,1
40638,70566,M2,오송_MTr2,0.012,0.242,0.0,0.0,0.99,0.01,0.9,1.1,0.0,154,22.9,60.0,60,72,78,70566,1
40638,70566,M3,오송_MTr3,0.012,0.242,0.0,0.0,0.99,0.01,0.9,1.1,0.0,154,22.9,60.0,60,72,78,70566,1
40638,70566,M4,오송_MTr4,0.012,0.242,0.0,0.0,0.99,0.01,0.9,1.1,0.0,154,22.9,60.0,60,72,78,70566,1
40639,70567,M1,서청주_MTr1,0.012,0.242,0.0,0.0,0.99,0.01,0.9,1.1,0.0,154,22.9,60.0,60,72,78,70567,1
40639,70567,M2,서청주_MTr2,0.012,0.242,0.0,0.0,0.99,0.01,0.9,1.1,0.0,154,22.9,60.0,60,72,78,70567,1
40639,70567,M3,서청주_MTr3,0.012,0.242,0.0,0.0,0.99,0.01,0.9,1.1,0.0,154,22.9,60.0,60,72,78,70567,1
40639,70567,M4,서청주_MTr4,0.012,0.242,0.0,0.0,0.99,0.01,0.9,1.1,0.0,154,22.9,60.0,60,72,78,70567,1
40640,70568,M1,상당_MTr1,0.012,0.242,0.0,0.0,0.99,0.01,0.9,1.1,0.0,154,22.9,60.0,60,72,78,70568,1
40640,70568,M2,상당_MTr2,0.012,0.242,0.0,0.0,0.99,0.01,0.9,1.1,0.0,154,22.9,60.0,60,72,78,70568,1
40640,70568,M3,상당_MTr3,0.012,0.242,0.0,0.0,0.99,0.01,0.9,1.1,0.0,154,22.9,60.0,60,72,78,70568,1
40640,70568,M4,상당_MTr4,0.012,0.242,0.0,0.0,0.99,0.01,0.9,1.1,0.0,154,22.9,60.0,60,72,78,70568,1
40641,70569,M1,사직_MTr1,0.012,0.242,0.0,0.0,0.99,0.01,0.9,1.1,0.0,154,22.9,60.0,60,72,78,70569,1
40641,70569,M2,사직_MTr2,0.012,0.242,0.0,0.0,0.99,0.01,0.9,1.1,0.0,154,22.9,60.0,60,72,78,70569,1
40641,70569,M3,사직_MTr3,0.012,0.242,0.0,0.0,0.99,0.01,0.9,1.1,0.0,154,22.9,60.0,60,72,78,70569,1
40641,70569,M4,사직_MTr4,0.012,0.242,0.0,0.0,0.99,0.01,0.9,1.1,0.0,154,22.9,60.0,60,72,78,70569,1
40642,70570,M1,충주_MTr1,0.012,0.242,0.0,0.0,1.0,0.01,0.9,1.1,0.0,154,22.9,60.0,60,72,78,70570,1
40642,70570,M2,충주_MTr2,0.012,0.242,0.0,0.0,1.0,0.01,0.9,1.1,0.0,154,22.9,60.0,60,72,78,70570,1
40642,70570,M3,충주_MTr3,0.012,0.242,0.0,0.0,1.0,0.01,0.9,1.1,0.0,154,22.9,60.0,60,72,78,70570,1
40642,70570,M4,충주_MTr4,0.012,0.242,0.0,0.0,1.0,0.01,0.9,1.1,0.0,154,22.9,60.0,60,72,78,70570,1
40643,70571,M1,북충주_MTr1,0.012,0.242,0.0,0.0,0.99,0.01,0.9,1.1,0.0,154,22.9,60.0,60,72,78,70571,1
40643,70571,M2,북충주_MTr2,0.012,0.242,0.0,0.0,0.99,0.01,0.9,1.1,0.0,154,22.9,60.0,60,72,78,70571,1
40643,70571,M3,북충주_MTr3,0.012,0.242,0.0,0.0,0.99,0.01,0.9,1.1,0.0,154,22.9,60.0,60,72,78,70571,1
40643,70571,M4,북충주_MTr4,0.012,0.242,0.0,0.0,0.99,0.01,0.9,1.1,0.0,154,22.9,60.0,60,72,78,70571,1
40644,70572,M1,북청주_MTr1,0.012,0.242,0.0,0.0,0.99,0.01,0.9,1.1,0.0,154,22.9,60.0,60,72,78,70572,1
40644,70572,M2,북청주_MTr2,0.012,0.242,0.0,0.0,0.99,0.01,0.9,1.1,0.0,154,22.9,60.0,60,72,78,70572,1
40644,70572,M3,북청주_MTr3,0.012,0.242,0.0,0.0,0.99,0.01,0.9,1.1,0.0,154,22.9,60.0,60,72,78,70572,1
40644,70572,M4,북청주_MTr4,0.012,0.242,0.0,0.0,0.99,0.01,0.9,1.1,0.0,154,22.9,60.0,60,72,78,70572,1
40645,70573,M1,봉명_MTr1,0.012,0.242,0.0,0.0,0.99,0.01,0.9,1.1,0.0,154,22.9,60.0,60,72,78,70573,1
40645,70573,M2,봉명_MTr2,0.012,0.242,0.0,0.0,0.99,0.01,0.9,1.1,0.0,154,22.9,60.0,60,72,78,70573,1
40645,70573,M3,봉명_MTr3,0.012,0.242,0.0,0.0,0.99,0.01,0.9,1.1,0.0,154,22.9,60.0,60,72,78,70573,1
40645,70573,M4,봉명_MTr4,0.012,0.242,0.0,0.0,0.99,0.01,0.9,1.1,0.0,154,22.9,60.0,60,72,78,70573,1
40646,70574,M1,보은_MTr1,0.012,0.242,0.0,0.0,0.99,0.01,0.9,1.1,0.0,154,22.9,60.0,60,72,78,70574,1
40646,70574,M2,보은_MTr2,0.012,0.242,0.0,0.0,0.99,0.01,0.9,1.1,0.0,154,22.9,60.0,60,72,78,70574,1
40646,70574,M3,보은_MTr3,0.012,0.242,0.0,0.0,0.99,0.01,0.9,1.1,0.0,154,22.9,60.0,60,72,78,70574,1
40646,70574,M4,보은_MTr4,0.012,0.242,0.0,0.0,0.99,0.01,0.9,1.1,0.0,154,22.9,60.0,60,72,78,70574,1
40647,70575,M1,삼죽_MTr1,0.012,0.242,0.0,0.0,0.99,0.01,0.9,1.1,0.0,154,22.9,60.0,60,72,78,70575,1
40647,70575,M2,삼죽_MTr2,0.012,0.242,0.0,0.0,0.99,0.01,0.9,1.1,0.0,154,22.9,60.0,60,72,78,70575,1
40647,70575,M3,삼죽_MTr3,0.012,0.242,0.0,0.0,0.99,0.01,0.9,1.1,0.0,154,22.9,60.0,60,72,78,70575,1
40647,70575,M4,삼죽_MTr4,0.012,0.242,0.0,0.0,0.99,0.01,0.9,1.1,0.0,154,22.9,60.0,60,72,78,70575,1
40648,70576,M1,덕산_MTr1,0.012,0.242,0.0,0.0,0.99,0.01,0.9,1.1,0.0,154,22.9,60.0,60,72,78,70576,1
40648,70576,M2,덕산_MTr2,0.012,0.242,0.0,0.0,0.99,0.01,0.9,1.1,0.0,154,22.9,60.0,60,72,78,70576,1
40648,70576,M3,덕산_MTr3,0.012,0.242,0.0,0.0,0.99,0.01,0.9,1.1,0.0,154,22.9,60.0,60,72,78,70576,1
40648,70576,M4,덕산_MTr4,0.012,0.242,0.0,0.0,0.99,0.01,0.9,1.1,0.0,154,22.9,60.0,60,72,78,70576,1
40649,70577,M1,제천T1_MTr1,0.012,0.242,0.0,0.0,0.98,0.01,0.9,1.1,0.0,154,22.9,60.0,60,72,78,70577,1
40649,70577,M2,제천T1_MTr2,0.012,0.242,0.0,0.0,0.98,0.01,0.9,1.1,0.0,154,22.9,60.0,60,72,78,70577,1
40649,70577,M3,제천T1_MTr3,0.012,0.242,0.0,0.0,0.98,0.01,0.9,1.1,0.0,154,22.9,60.0,60,72,78,70577,1
40649,70577,M4,제천T1_MTr4,0.012,0.242,0.0,0.0,0.98,0.01,0.9,1.1,0.0,154,22.9,60.0,60,72,78,70577,1
40650,70578,M1,제천_MTr1,0.012,0.242,0.0,0.0,0.98,0.01,0.9,1.1,0.0,154,22.9,60.0,60,72,78,70578,1
40650,70578,M2,제천_MTr2,0.012,0.242,0.0,0.0,0.98,0.01,0.9,1.1,0.0,154,22.9,60.0,60,72,78,70578,1
40650,70578,M3,제천_MTr3,0.012,0.242,0.0,0.0,0.98,0.01,0.9,1.1,0.0,154,22.9,60.0,60,72,78,70578,1
40650,70578,M4,제천_MTr4,0.012,0.242,0.0,0.0,0.98,0.01,0.9,1.1,0.0,154,22.9,60.0,60,72,78,70578,1
40651,70579,M1,장연_MTr1,0.012,0.242,0.0,0.0,0.99,0.01,0.9,1.1,0.0,154,22.9,60.0,60,72,78,70579,1
40651,70579,M2,장연_MTr2,0.012,0.242,0.0,0.0,0.99,0.01,0.9,1.1,0.0,154,22.9,60.0,60,72,78,70579,1
40651,70579,M3,장연_MTr3,0.012,0.242,0.0,0.0,0.99,0.01,0.9,1.1,0.0,154,22.9,60.0,60,72,78,70579,1
40651,70579,M4,장연_MTr4,0.012,0.242,0.0,0.0,0.99,0.01,0.9,1.1,0.0,154,22.9,60.0,60,72,78,70579,1
40652,70580,M1,왕암_MTr1,0.012,0.242,0.0,0.0,0.98,0.01,0.9,1.1,0.0,154,22.9,60.0,60,72,78,70580,1
40652,70580,M2,왕암_MTr2,0.012,0.242,0.0,0.0,0.98,0.01,0.9,1.1,0.0,154,22.9,60.0,60,72,78,70580,1
40652,70580,M3,왕암_MTr3,0.012,0.242,0.0,0.0,0.98,0.01,0.9,1.1,0.0,154,22.9,60.0,60,72,78,70580,1
40652,70580,M4,왕암_MTr4,0.012,0.242,0.0,0.0,0.98,0.01,0.9,1.1,0.0,154,22.9,60.0,60,72,78,70580,1
40653,70581,M1,옥천1_MTr1,0.012,0.242,0.0,0.0,0.99,0.01,0.9,1.1,0.0,154,22.9,60.0,60,72,78,70581,1
40653,70581,M2,옥천1_MTr2,0.012,0.242,0.0,0.0,0.99,0.01,0.9,1.1,0.0,154,22.9,60.0,60,72,78,70581,1
40653,70581,M3,옥천1_MTr3,0.012,0.242,0.0,0.0,0.99,0.01,0.9,1.1,0.0,154,22.9,60.0,60,72,78,70581,1
40654,70582,M1,옥천2_MTr1,0.012,0.242,0.0,0.0,0.99,0.01,0.9,1.1,0.0,154,22.9,60.0,60,72,78,70582,1
40654,70582,M2,옥천2_MTr2,0.012,0.242,0.0,0.0,0.99,0.01,0.9,1.1,0.0,154,22.9,60.0,60,72,78,70582,1
40654,70582,M3,옥천2_MTr3,0.012,0.242,0.0,0.0,0.99,0.01,0.9,1.1,0.0,154,22.9,60.0,60,72,78,70582,1
40655,70583,M1,신일_MTr1,0.012,0.242,0.0,0.0,0.99,0.01,0.9,1.1,0.0,154,22.9,60.0,60,72,78,70583,1
40655,70583,M2,신일_MTr2,0.012,0.242,0.0,0.0,0.99,0.01,0.9,1.1,0.0,154,22.9,60.0,60,72,78,70583,1
40655,70583,M3,신일_MTr3,0.012,0.242,0.0,0.0,0.99,0.01,0.9,1.1,0.0,154,22.9,60.0,60,72,78,70583,1
40656,70584,M1,둔산_MTr1,0.012,0.242,0.0,0.0,0.99,0.01,0.9,1.1,0.0,154,22.9,60.0,60,72,78,70584,1
40656,70584,M2,둔산_MTr2,0.012,0.242,0.0,0.0,0.99,0.01,0.9,1.1,0.0,154,22.9,60.0,60,72,78,70584,1
40656,70584,M3,둔산_MTr3,0.012,0.242,0.0,0.0,0.99,0.01,0.9,1.1,0.0,154,22.9,60.0,60,72,78,70584,1
40657,70585,M1,대화_MTr1,0.012,0.242,0.0,0.0,0.99,0.01,0.9,1.1,0.0,154,22.9,60.0,60,72,78,70585,1
40657,70585,M2,대화_MTr2,0.012,0.242,0.0,0.0,0.99,0.01,0.9,1.1,0.0,154,22.9,60.0,60,72,78,70585,1
40657,70585,M3,대화_MTr3,0.012,0.242,0.0,0.0,0.99,0.01,0.9,1.1,0.0,154,22.9,60.0,60,72,78,70585,1
40658,70586,M1,웅촌_MTr1,0.012,0.242,0.0,0.0,0.98,0.01,0.9,1.1,0.0,154,22.9,60.0,60,72,78,70586,1
40658,70586,M2,웅촌_MTr2,0.012,0.242,0.0,0.0,0.98,0.01,0.9,1.1,0.0,154,22.9,60.0,60,72,78,70586,1
40658,70586,M3,웅촌_MTr3,0.012,0.242,0.0,0.0,0.98,0.01,0.9,1.1,0.0,154,22.9,60.0,60,72,78,70586,1
40659,70587,M1,옥동_MTr1,0.012,0.242,0.0,0.0,0.99,0.01,0.9,1.1,0.0,154,22.9,60.0,60,72,78,70587,1
40659,70587,M2,옥동_MTr2,0.012,0.242,0.0,0.0,0.99,0.01,0.9,1.1,0.0,154,22.9,60.0,60,72,78,70587,1
40659,70587,M3,옥동_MTr3,0.012,0.242,0.0,0.0,0.99,0.01,0.9,1.1,0.0,154,22.9,60.0,60,72,78,70587,1
40660,70588,M1,반천_MTr1,0.012,0.242,0.0,0.0,1.0,0.01,0.9,1.1,0.0,154,22.9,60.0,60,72,78,70588,1
40660,70588,M2,반천_MTr2,0.012,0.242,0.0,0.0,1.0,0.01,0.9,1.1,0.0,154,22.9,60.0,60,72,78,70588,1
40660,70588,M3,반천_MTr3,0.012,0.242,0.0,0.0,1.0,0.01,0.9,1.1,0.0,154,22.9,60.0,60,72,78,70588,1
40661,70589,M1,언양_MTr1,0.012,0.242,0.0,0.0,0.99,0.01,0.9,1.1,0.0,154,22.9,60.0,60,72,78,70589,1
40661,70589,M2,언양_MTr2,0.012,0.242,0.0,0.0,0.99,0.01,0.9,1.1,0.0,154,22.9,60.0,60,72,78,70589,1
40661,70589,M3,언양_MTr3,0.012,0.242,0.0,0.0,0.99,0.01,0.9,1.1,0.0,154,22.9,60.0,60,72,78,70589,1
40661,70589,M4,언양_MTr4,0.012,0.242,0.0,0.0,0.99,0.01,0.9,1.1,0.0,154,22.9,60.0,60,72,78,70589,1
40662,70590,M1,당월_MTr1,0.012,0.242,0.0,0.0,1.0,0.01,0.9,1.1,0.0,154,22.9,60.0,60,72,78,70590,1
40662,70590,M2,당월_MTr2,0.012,0.242,0.0,0.0,1.0,0.01,0.9,1.1,0.0,154,22.9,60.0,60,72,78,70590,1
40662,70590,M3,당월_MTr3,0.012,0.242,0.0,0.0,1.0,0.01,0.9,1.1,0.0,154,22.9,60.0,60,72,78,70590,1
40663,70591,M1,처용_MTr1,0.012,0.242,0.0,0.0,1.0,0.01,0.9,1.1,0.0,154,22.9,60.0,60,72,78,70591,1
40663,70591,M2,처용_MTr2,0.012,0.242,0.0,0.0,1.0,0.01,0.9,1.1,0.0,154,22.9,60.0,60,72,78,70591,1
40663,70591,M3,처용_MTr3,0.012,0.242,0.0,0.0,1.0,0.01,0.9,1.1,0.0,154,22.9,60.0,60,72,78,70591,1
40663,70591,M4,처용_MTr4,0.012,0.242,0.0,0.0,1.0,0.01,0.9,1.1,0.0,154,22.9,60.0,60,72,78,70591,1
40664,70592,M1,직동_MTr1,0.012,0.242,0.0,0.0,1.0,0.01,0.9,1.1,0.0,154,22.9,60.0,60,72,78,70592,1
40664,70592,M2,직동_MTr2,0.012,0.242,0.0,0.0,1.0,0.01,0.9,1.1,0.0,154,22.9,60.0,60,72,78,70592,1
40664,70592,M3,직동_MTr3,0.012,0.242,0.0,0.0,1.0,0.01,0.9,1.1,0.0,154,22.9,60.0,60,72,78,70592,1
40664,70592,M4,직동_MTr4,0.012,0.242,0.0,0.0,1.0,0.01,0.9,1.1,0.0,154,22.9,60.0,60,72,78,70592,1
40665,70593,M1,동제주_MTr1,0.012,0.242,0.0,0.0,1.01,0.01,0.9,1.1,0.0,154,22.9,60.0,60,72,78,70593,1
40665,70593,M2,동제주_MTr2,0.012,0.242,0.0,0.0,1.01,0.01,0.9,1.1,0.0,154,22.9,60.0,60,72,78,70593,1
40665,70593,M3,동제주_MTr3,0.012,0.242,0.0,0.0,1.01,0.01,0.9,1.1,0.0,154,22.9,60.0,60,72,78,70593,1
40666,70594,M1,신흥_MTr1,0.012,0.242,0.0,0.0,0.99,0.01,0.9,1.1,0.0,154,22.9,60.0,60,72,78,70594,1
40666,70594,M2,신흥_MTr2,0.012,0.242,0.0,0.0,0.99,0.01,0.9,1.1,0.0,154,22.9,60.0,60,72,78,70594,1
40666,70594,M3,신흥_MTr3,0.012,0.242,0.0,0.0,0.99,0.01,0.9,1.1,0.0,154,22.9,60.0,60,72,78,70594,1
40667,70595,M1,신탄진_MTr1,0.012,0.242,0.0,0.0,0.99,0.01,0.9,1.1,0.0,154,22.9,60.0,60,72,78,70595,1
40667,70595,M2,신탄진_MTr2,0.012,0.242,0.0,0.0,0.99,0.01,0.9,1.1,0.0,154,22.9,60.0,60,72,78,70595,1
40667,70595,M3,신탄진_MTr3,0.012,0.242,0.0,0.0,0.99,0.01,0.9,1.1,0.0,154,22.9,60.0,60,72,78,70595,1
40667,70595,M4,신탄진_MTr4,0.012,0.242,0.0,0.0,0.99,0.01,0.9,1.1,0.0,154,22.9,60.0,60,72,78,70595,1
40668,70596,M1,용성_MTr1,0.012,0.242,0.0,0.0,0.99,0.01,0.9,1.1,0.0,154,22.9,60.0,60,72,78,70596,1
40668,70596,M2,용성_MTr2,0.012,0.242,0.0,0.0,0.99,0.01,0.9,1.1,0.0,154,22.9,60.0,60,72,78,70596,1
40668,70596,M3,용성_MTr3,0.012,0.242,0.0,0.0,0.99,0.01,0.9,1.1,0.0,154,22.9,60.0,60,72,78,70596,1
40668,70596,M4,용성_MTr4,0.012,0.242,0.0,0.0,0.99,0.01,0.9,1.1,0.0,154,22.9,60.0,60,72,78,70596,1
40669,70597,M1,팔복_MTr1,0.012,0.242,0.0,0.0,0.99,0.01,0.9,1.1,0.0,154,22.9,60.0,60,72,78,70597,1
40669,70597,M2,팔복_MTr2,0.012,0.242,0.0,0.0,0.99,0.01,0.9,1.1,0.0,154,22.9,60.0,60,72,78,70597,1
40669,70597,M3,팔복_MTr3,0.012,0.242,0.0,0.0,0.99,0.01,0.9,1.1,0.0,154,22.9,60.0,60,72,78,70597,1
40669,70597,M4,팔복_MTr4,0.012,0.242,0.0,0.0,0.99,0.01,0.9,1.1,0.0,154,22.9,60.0,60,72,78,70597,1
40670,70598,M1,백산_MTr1,0.012,0.242,0.0,0.0,0.99,0.01,0.9,1.1,0.0,154,22.9,60.0,60,72,78,70598,1
40670,70598,M2,백산_MTr2,0.012,0.242,0.0,0.0,0.99,0.01,0.9,1.1,0.0,154,22.9,60.0,60,72,78,70598,1
40670,70598,M3,백산_MTr3,0.012,0.242,0.0,0.0,0.99,0.01,0.9,1.1,0.0,154,22.9,60.0,60,72,78,70598,1
40670,70598,M4,백산_MTr4,0.012,0.242,0.0,0.0,0.99,0.01,0.9,1.1,0.0,154,22.9,60.0,60,72,78,70598,1
40671,70599,M1,서세종_MTr1,0.012,0.242,0.0,0.0,0.99,0.01,0.9,1.1,0.0,154,22.9,60.0,60,72,78,70599,1
40671,70599,M2,서세종_MTr2,0.012,0.242,0.0,0.0,0.99,0.01,0.9,1.1,0.0,154,22.9,60.0,60,72,78,70599,1
40671,70599,M3,서세종_MTr3,0.012,0.242,0.0,0.0,0.99,0.01,0.9,1.1,0.0,154,22.9,60.0,60,72,78,70599,1
40671,70599,M4,서세종_MTr4,0.012,0.242,0.0,0.0,0.99,0.01,0.9,1.1,0.0,154,22.9,60.0,60,72,78,70599,1
40672,70600,M1,조치원_MTr1,0.012,0.242,0.0,0.0,1.0,0.01,0.9,1.1,0.0,154,22.9,60.0,60,72,78,70600,1
40672,70600,M2,조치원_MTr2,0.012,0.242,0.0,0.0,1.0,0.01,0.9,1.1,0.0,154,22.9,60.0,60,72,78,70600,1
40672,70600,M3,조치원_MTr3,0.012,0.242,0.0,0.0,1.0,0.01,0.9,1.1,0.0,154,22.9,60.0,60,72,78,70600,1
40672,70600,M4,조치원_MTr4,0.012,0.242,0.0,0.0,1.0,0.01,0.9,1.1,0.0,154,22.9,60.0,60,72,78,70600,1
40673,70601,M1,표선_MTr1,0.012,0.242,0.0,0.0,1.01,0.01,0.9,1.1,0.0,154,22.9,60.0,60,72,78,70601,1
40673,70601,M2,표선_MTr2,0.012,0.242,0.0,0.0,1.01,0.01,0.9,1.1,0.0,154,22.9,60.0,60,72,78,70601,1
40673,70601,M3,표선_MTr3,0.012,0.242,0.0,0.0,1.01,0.01,0.9,1.1,0.0,154,22.9,60.0,60,72,78,70601,1
40673,70601,M4,표선_MTr4,0.012,0.242,0.0,0.0,1.01,0.01,0.9,1.1,0.0,154,22.9,60.0,60,72,78,70601,1
40674,70602,M1,안덕_MTr1,0.012,0.242,0.0,0.0,1.02,0.01,0.9,1.1,0.0,154,22.9,60.0,60,72,78,70602,1
40674,70602,M2,안덕_MTr2,0.012,0.242,0.0,0.0,1.02,0.01,0.9,1.1,0.0,154,22.9,60.0,60,72,78,70602,1
40674,70602,M3,안덕_MTr3,0.012,0.242,0.0,0.0,1.02,0.01,0.9,1.1,0.0,154,22.9,60.0,60,72,78,70602,1
40674,70602,M4,안덕_MTr4,0.012,0.242,0.0,0.0,1.02,0.01,0.9,1.1,0.0,154,22.9,60.0,60,72,78,70602,1
40675,70603,M1,한림_MTr1,0.012,0.242,0.0,0.0,1.01,0.01,0.9,1.1,0.0,154,22.9,60.0,60,72,78,70603,1
40675,70603,M2,한림_MTr2,0.012,0.242,0.0,0.0,1.01,0.01,0.9,1.1,0.0,154,22.9,60.0,60,72,78,70603,1
40675,70603,M3,한림_MTr3,0.012,0.242,0.0,0.0,1.01,0.01,0.9,1.1,0.0,154,22.9,60.0,60,72,78,70603,1
40675,70603,M4,한림_MTr4,0.012,0.242,0.0,0.0,1.01,0.01,0.9,1.1,0.0,154,22.9,60.0,60,72,78,70603,1
40676,70604,M1,동남_MTr1,0.012,0.242,0.0,0.0,0.99,0.01,0.9,1.1,0.0,154,22.9,60.0,60,72,78,70604,1
40676,70604,M2,동남_MTr2,0.012,0.242,0.0,0.0,0.99,0.01,0.9,1.1,0.0,154,22.9,60.0,60,72,78,70604,1
40676,70604,M3,동남_MTr3,0.012,0.242,0.0,0.0,0.99,0.01,0.9,1.1,0.0,154,22.9,60.0,60,72,78,70604,1
40676,70604,M4,동남_MTr4,0.012,0.242,0.0,0.0,0.99,0.01,0.9,1.1,0.0,154,22.9,60.0,60,72,78,70604,1
40677,70605,M1,반포_MTr1,0.012,0.242,0.0,0.0,0.99,0.01,0.9,1.1,0.0,154,22.9,60.0,60,72,78,70605,1
40677,70605,M2,반포_MTr2,0.012,0.242,0.0,0.0,0.99,0.01,0.9,1.1,0.0,154,22.9,60.0,60,72,78,70605,1
40677,70605,M3,반포_MTr3,0.012,0.242,0.0,0.0,0.99,0.01,0.9,1.1,0.0,154,22.9,60.0,60,72,78,70605,1
40678,70606,M1,운정_MTr1,0.012,0.242,0.0,0.0,0.99,0.01,0.9,1.1,0.0,154,22.9,60.0,60,72,78,70606,1
40678,70606,M2,운정_MTr2,0.012,0.242,0.0,0.0,0.99,0.01,0.9,1.1,0.0,154,22.9,60.0,60,72,78,70606,1
40678,70606,M3,운정_MTr3,0.012,0.242,0.0,0.0,0.99,0.01,0.9,1.1,0.0,154,22.9,60.0,60,72,78,70606,1
40678,70606,M4,운정_MTr4,0.012,0.242,0.0,0.0,0.99,0.01,0.9,1.1,0.0,154,22.9,60.0,60,72,78,70606,1
40679,70607,M1,양정_MTr1,0.012,0.242,0.0,0.0,0.99,0.01,0.9,1.1,0.0,154,22.9,60.0,60,72,78,70607,1
40679,70607,M2,양정_MTr2,0.012,0.242,0.0,0.0,0.99,0.01,0.9,1.1,0.0,154,22.9,60.0,60,72,78,70607,1
40679,70607,M3,양정_MTr3,0.012,0.242,0.0,0.0,0.99,0.01,0.9,1.1,0.0,154,22.9,60.0,60,72,78,70607,1
40679,70607,M4,양정_MTr4,0.012,0.242,0.0,0.0,0.99,0.01,0.9,1.1,0.0,154,22.9,60.0,60,72,78,70607,1
40680,70608,M1,신서_MTr1,0.012,0.242,0.0,0.0,1.0,0.01,0.9,1.1,0.0,154,22.9,60.0,60,72,78,70608,1
40680,70608,M2,신서_MTr2,0.012,0.242,0.0,0.0,1.0,0.01,0.9,1.1,0.0,154,22.9,60.0,60,72,78,70608,1
40680,70608,M3,신서_MTr3,0.012,0.242,0.0,0.0,1.0,0.01,0.9,1.1,0.0,154,22.9,60.0,60,72,78,70608,1
40682,70609,M1,마도_MTr1,0.012,0.242,0.0,0.0,0.99,0.01,0.9,1.1,0.0,154,22.9,60.0,60,72,78,70609,1
40682,70609,M2,마도_MTr2,0.012,0.242,0.0,0.0,0.99,0.01,0.9,1.1,0.0,154,22.9,60.0,60,72,78,70609,1
40682,70609,M3,마도_MTr3,0.012,0.242,0.0,0.0,0.99,0.01,0.9,1.1,0.0,154,22.9,60.0,60,72,78,70609,1
40682,70609,M4,마도_MTr4,0.012,0.242,0.0,0.0,0.99,0.01,0.9,1.1,0.0,154,22.9,60.0,60,72,78,70609,1
40683,70610,M1,직산_MTr1,0.012,0.242,0.0,0.0,0.99,0.01,0.9,1.1,0.0,154,22.9,60.0,60,72,78,70610,1
40683,70610,M2,직산_MTr2,0.012,0.242,0.0,0.0,0.99,0.01,0.9,1.1,0.0,154,22.9,60.0,60,72,78,70610,1
40683,70610,M3,직산_MTr3,0.012,0.242,0.0,0.0,0.99,0.01,0.9,1.1,0.0,154,22.9,60.0,60,72,78,70610,1
40683,70610,M4,직산_MTr4,0.012,0.242,0.0,0.0,0.99,0.01,0.9,1.1,0.0,154,22.9,60.0,60,72,78,70610,1
40684,70611,M1,석곡_MTr1,0.012,0.242,0.0,0.0,0.99,0.01,0.9,1.1,0.0,154,22.9,60.0,60,72,78,70611,1
40684,70611,M2,석곡_MTr2,0.012,0.242,0.0,0.0,0.99,0.01,0.9,1.1,0.0,154,22.9,60.0,60,72,78,70611,1
40684,70611,M3,석곡_MTr3,0.012,0.242,0.0,0.0,0.99,0.01,0.9,1.1,0.0,154,22.9,60.0,60,72,78,70611,1
40684,70611,M4,석곡_MTr4,0.012,0.242,0.0,0.0,0.99,0.01,0.9,1.1,0.0,154,22.9,60.0,60,72,78,70611,1
40685,70612,M1,북오송_MTr1,0.012,0.242,0.0,0.0,0.99,0.01,0.9,1.1,0.0,154,22.9,60.0,60,72,78,70612,1
40685,70612,M2,북오송_MTr2,0.012,0.242,0.0,0.0,0.99,0.01,0.9,1.1,0.0,154,22.9,60.0,60,72,78,70612,1
40685,70612,M3,북오송_MTr3,0.012,0.242,0.0,0.0,0.99,0.01,0.9,1.1,0.0,154,22.9,60.0,60,72,78,70612,1
40685,70612,M4,북오송_MTr4,0.012,0.242,0.0,0.0,0.99,0.01,0.9,1.1,0.0,154,22.9,60.0,60,72,78,70612,1
40686,70613,M1,수서_MTr1,0.012,0.242,0.0,0.0,0.99,0.01,0.9,1.1,0.0,154,22.9,60.0,60,72,78,70613,1
40686,70613,M2,수서_MTr2,0.012,0.242,0.0,0.0,0.99,0.01,0.9,1.1,0.0,154,22.9,60.0,60,72,78,70613,1
40686,70613,M3,수서_MTr3,0.012,0.242,0.0,0.0,0.99,0.01,0.9,1.1,0.0,154,22.9,60.0,60,72,78,70613,1
40686,70613,M4,수서_MTr4,0.012,0.242,0.0,0.0,0.99,0.01,0.9,1.1,0.0,154,22.9,60.0,60,72,78,70613,1
40688,70614,M1,서강화_MTr1,0.012,0.242,0.0,0.0,0.99,0.01,0.9,1.1,0.0,154,22.9,60.0,60,72,78,70614,1
40688,70614,M2,서강화_MTr2,0.012,0.242,0.0,0.0,0.99,0.01,0.9,1.1,0.0,154,22.9,60.0,60,72,78,70614,1
40688,70614,M3,서강화_MTr3,0.012,0.242,0.0,0.0,0.99,0.01,0.9,1.1,0.0,154,22.9,60.0,60,72,78,70614,1
40688,70614,M4,서강화_MTr4,0.012,0.242,0.0,0.0,0.99,0.01,0.9,1.1,0.0,154,22.9,60.0,60,72,78,70614,1
40689,70615,M1,수원T2_MTr1,0.012,0.242,0.0,0.0,1.0,0.01,0.9,1.1,0.0,154,22.9,60.0,60,72,78,70615,1
40689,70615,M2,수원T2_MTr2,0.012,0.242,0.0,0.0,0.99,0.01,0.9,1.1,0.0,154,22.9,60.0,60,72,78,70615,1
40689,70615,M3,수원T2_MTr3,0.012,0.242,0.0,0.0,0.99,0.01,0.9,1.1,0.0,154,22.9,60.0,60,72,78,70615,1
40689,70615,M4,수원T2_MTr4,0.012,0.242,0.0,0.0,0.99,0.01,0.9,1.1,0.0,154,22.9,60.0,60,72,78,70615,1
40690,70616,M1,휘경_MTr1,0.012,0.242,0.0,0.0,0.99,0.01,0.9,1.1,0.0,154,22.9,60.0,60,72,78,70616,1
40690,70616,M2,휘경_MTr2,0.012,0.242,0.0,0.0,0.99,0.01,0.9,1.1,0.0,154,22.9,60.0,60,72,78,70616,1
40690,70616,M3,휘경_MTr3,0.012,0.242,0.0,0.0,0.99,0.01,0.9,1.1,0.0,154,22.9,60.0,60,72,78,70616,1
40690,70616,M4,휘경_MTr4,0.012,0.242,0.0,0.0,0.99,0.01,0.9,1.1,0.0,154,22.9,60.0,60,72,78,70616,1
40691,70617,M1,흑석_MTr1,0.012,0.242,0.0,0.0,0.99,0.01,0.9,1.1,0.0,154,22.9,60.0,60,72,78,70617,1
40691,70617,M2,흑석_MTr2,0.012,0.242,0.0,0.0,0.99,0.01,0.9,1.1,0.0,154,22.9,60.0,60,72,78,70617,1
40691,70617,M3,흑석_MTr3,0.012,0.242,0.0,0.0,0.99,0.01,0.9,1.1,0.0,154,22.9,60.0,60,72,78,70617,1
40692,70618,M1,사당_MTr1,0.012,0.242,0.0,0.0,0.99,0.01,0.9,1.1,0.0,154,22.9,60.0,60,72,78,70618,1
40692,70618,M2,사당_MTr2,0.012,0.242,0.0,0.0,0.99,0.01,0.9,1.1,0.0,154,22.9,60.0,60,72,78,70618,1
40692,70618,M3,사당_MTr3,0.012,0.242,0.0,0.0,0.99,0.01,0.9,1.1,0.0,154,22.9,60.0,60,72,78,70618,1
40693,70619,M1,성연_MTr1,0.012,0.242,0.0,0.0,0.99,0.01,0.9,1.1,0.0,154,22.9,60.0,60,72,78,70619,1
40693,70619,M2,성연_MTr2,0.012,0.242,0.0,0.0,0.99,0.01,0.9,1.1,0.0,154,22.9,60.0,60,72,78,70619,1
40693,70619,M3,성연_MTr3,0.012,0.242,0.0,0.0,0.99,0.01,0.9,1.1,0.0,154,22.9,60.0,60,72,78,70619,1
40693,70619,M4,성연_MTr4,0.012,0.242,0.0,0.0,0.99,0.01,0.9,1.1,0.0,154,22.9,60.0,60,72,78,70619,1
40697,70620,M1,김해T1_MTr1,0.012,0.242,0.0,0.0,0.99,0.01,0.9,1.1,0.0,154,22.9,60.0,60,72,78,70620,1
40697,70620,M2,김해T1_MTr2,0.012,0.242,0.0,0.0,0.99,0.01,0.9,1.1,0.0,154,22.9,60.0,60,72,78,70620,1
40697,70620,M3,김해T1_MTr3,0.012,0.242,0.0,0.0,0.99,0.01,0.9,1.1,0.0,154,22.9,60.0,60,72,78,70620,1
40697,70620,M4,김해T1_MTr4,0.012,0.242,0.0,0.0,0.99,0.01,0.9,1.1,0.0,154,22.9,60.0,60,72,78,70620,1
40698,70621,M1,창원T1_MTr1,0.012,0.242,0.0,0.0,1.0,0.01,0.9,1.1,0.0,154,22.9,60.0,60,72,78,70621,1
40698,70621,M2,창원T1_MTr2,0.012,0.242,0.0,0.0,1.0,0.01,0.9,1.1,0.0,154,22.9,60.0,60,72,78,70621,1
40698,70621,M3,창원T1_MTr3,0.012,0.242,0.0,0.0,1.0,0.01,0.9,1.1,0.0,154,22.9,60.0,60,72,78,70621,1
40700,70622,M1,나주T1_MTr1,0.012,0.242,0.0,0.0,0.99,0.01,0.9,1.1,0.0,154,22.9,60.0,60,72,78,70622,1
40700,70622,M2,나주T1_MTr2,0.012,0.242,0.0,0.0,0.99,0.01,0.9,1.1,0.0,154,22.9,60.0,60,72,78,70622,1
40700,70622,M3,나주T1_MTr3,0.012,0.242,0.0,0.0,0.99,0.01,0.9,1.1,0.0,154,22.9,60.0,60,72,78,70622,1
40700,70622,M4,나주T1_MTr4,0.012,0.242,0.0,0.0,0.99,0.01,0.9,1.1,0.0,154,22.9,60.0,60,72,78,70622,1
40701,70623,M1,울산T5_MTr1,0.012,0.242,0.0,0.0,1.0,0.01,0.9,1.1,0.0,154,22.9,60.0,60,72,78,70623,1
40701,70623,M2,울산T5_MTr2,0.012,0.242,0.0,0.0,1.0,0.01,0.9,1.1,0.0,154,22.9,60.0,60,72,78,70623,1
40701,70623,M3,울산T5_MTr3,0.012,0.242,0.0,0.0,1.0,0.01,0.9,1.1,0.0,154,22.9,60.0,60,72,78,70623,1
40701,70623,M4,울산T5_MTr4,0.012,0.242,0.0,0.0,1.0,0.01,0.9,1.1,0.0,154,22.9,60.0,60,72,78,70623,1
40702,70624,M1,양산T2_MTr1,0.012,0.242,0.0,0.0,1.0,0.01,0.9,1.1,0.0,154,22.9,60.0,60,72,78,70624,1
40702,70624,M2,양산T2_MTr2,0.012,0.242,0.0,0.0,1.0,0.01,0.9,1.1,0.0,154,22.9,60.0,60,72,78,70624,1
40702,70624,M3,양산T2_MTr3,0.012,0.242,0.0,0.0,1.0,0.01,0.9,1.1,0.0,154,22.9,60.0,60,72,78,70624,1
40703,70625,M1,정읍T3_MTr1,0.012,0.242,0.0,0.0,1.0,0.01,0.9,1.1,0.0,154,22.9,60.0,60,72,78,70625,1
40703,70625,M2,정읍T3_MTr2,0.012,0.242,0.0,0.0,1.0,0.01,0.9,1.1,0.0,154,22.9,60.0,60,72,78,70625,1
40703,70625,M3,정읍T3_MTr3,0.012,0.242,0.0,0.0,1.0,0.01,0.9,1.1,0.0,154,22.9,60.0,60,72,78,70625,1
40703,70625,M4,정읍T3_MTr4,0.012,0.242,0.0,0.0,1.0,0.01,0.9,1.1,0.0,154,22.9,60.0,60,72,78,70625,1
40704,70626,M1,구서_MTr1,0.012,0.242,0.0,0.0,0.99,0.01,0.9,1.1,0.0,154,22.9,60.0,60,72,78,70626,1
40704,70626,M2,구서_MTr2,0.012,0.242,0.0,0.0,0.99,0.01,0.9,1.1,0.0,154,22.9,60.0,60,72,78,70626,1
40704,70626,M3,구서_MTr3,0.012,0.242,0.0,0.0,0.99,0.01,0.9,1.1,0.0,154,22.9,60.0,60,72,78,70626,1
40704,70626,M4,구서_MTr4,0.012,0.242,0.0,0.0,0.99,0.01,0.9,1.1,0.0,154,22.9,60.0,60,72,78,70626,1
40705,70627,M1,수영_MTr1,0.012,0.242,0.0,0.0,0.99,0.01,0.9,1.1,0.0,154,22.9,60.0,60,72,78,70627,1
40705,70627,M2,수영_MTr2,0.012,0.242,0.0,0.0,0.99,0.01,0.9,1.1,0.0,154,22.9,60.0,60,72,78,70627,1
40705,70627,M3,수영_MTr3,0.012,0.242,0.0,0.0,0.99,0.01,0.9,1.1,0.0,154,22.9,60.0,60,72,78,70627,1
40705,70627,M4,수영_MTr4,0.012,0.242,0.0,0.0,0.99,0.01,0.9,1.1,0.0,154,22.9,60.0,60,72,78,70627,1
40706,70628,M1,거제T1_MTr1,0.012,0.242,0.0,0.0,0.99,0.01,0.9,1.1,0.0,154,22.9,60.0,60,72,78,70628,1
40706,70628,M2,거제T1_MTr2,0.012,0.242,0.0,0.0,0.99,0.01,0.9,1.1,0.0,154,22.9,60.0,60,72,78,70628,1
40706,70628,M3,거제T1_MTr3,0.012,0.242,0.0,0.0,0.99,0.01,0.9,1.1,0.0,154,22.9,60.0,60,72,78,70628,1
40707,70629,M1,성남T2_MTr1,0.012,0.242,0.0,0.0,0.99,0.01,0.9,1.1,0.0,154,22.9,60.0,60,72,78,70629,1
40707,70629,M2,성남T2_MTr2,0.012,0.242,0.0,0.0,0.99,0.01,0.9,1.1,0.0,154,22.9,60.0,60,72,78,70629,1
40707,70629,M3,성남T2_MTr3,0.012,0.242,0.0,0.0,0.99,0.01,0.9,1.1,0.0,154,22.9,60.0,60,72,78,70629,1
40707,70629,M4,성남T2_MTr4,0.012,0.242,0.0,0.0,0.99,0.01,0.9,1.1,0.0,154,22.9,60.0,60,72,78,70629,1
40708,70630,M1,춘천T1_MTr1,0.012,0.242,0.0,0.0,0.99,0.01,0.9,1.1,0.0,154,22.9,60.0,60,72,78,70630,1
40708,70630,M2,춘천T1_MTr2,0.012,0.242,0.0,0.0,0.99,0.01,0.9,1.1,0.0,154,22.9,60.0,60,72,78,70630,1
40708,70630,M3,춘천T1_MTr3,0.012,0.242,0.0,0.0,0.99,0.01,0.9,1.1,0.0,154,22.9,60.0,60,72,78,70630,1
40709,70631,M1,춘천T2_MTr1,0.012,0.242,0.0,0.0,0.99,0.01,0.9,1.1,0.0,154,22.9,60.0,60,72,78,70631,1
40709,70631,M2,춘천T2_MTr2,0.012,0.242,0.0,0.0,0.99,0.01,0.9,1.1,0.0,154,22.9,60.0,60,72,78,70631,1
40709,70631,M3,춘천T2_MTr3,0.012,0.242,0.0,0.0,0.99,0.01,0.9,1.1,0.0,154,22.9,60.0,60,72,78,70631,1
40710,70632,M1,울산T9_MTr1,0.012,0.242,0.0,0.0,1.02,0.01,0.9,1.1,0.0,154,22.9,60.0,60,72,78,70632,1
40710,70632,M2,울산T9_MTr2,0.012,0.242,0.0,0.0,1.0,0.01,0.9,1.1,0.0,154,22.9,60.0,60,72,78,70632,1
40710,70632,M3,울산T9_MTr3,0.012,0.242,0.0,0.0,1.0,0.01,0.9,1.1,0.0,154,22.9,60.0,60,72,78,70632,1
40710,70632,M4,울산T9_MTr4,0.012,0.242,0.0,0.0,1.0,0.01,0.9,1.1,0.0,154,22.9,60.0,60,72,78,70632,1
40711,70633,M1,한라시멘트_MTr1,0.012,0.242,0.0,0.0,1.0,0.01,0.9,1.1,0.0,154,22.9,60.0,60,72,78,70633,1
40711,70633,M2,한라시멘트_MTr2,0.012,0.242,0.0,0.0,1.0,0.01,0.9,1.1,0.0,154,22.9,60.0,60,72,78,70633,1
40711,70633,M3,한라시멘트_MTr3,0.012,0.242,0.0,0.0,1.0,0.01,0.9,1.1,0.0,154,22.9,60.0,60,72,78,70633,1
40712,70634,M1,천왕_MTr1,0.012,0.242,0.0,0.0,0.99,0.01,0.9,1.1,0.0,154,22.9,60.0,60,72,78,70634,1
40712,70634,M2,천왕_MTr2,0.012,0.242,0.0,0.0,0.99,0.01,0.9,1.1,0.0,154,22.9,60.0,60,72,78,70634,1
40712,70634,M3,천왕_MTr3,0.012,0.242,0.0,0.0,0.99,0.01,0.9,1.1,0.0,154,22.9,60.0,60,72,78,70634,1
40713,70635,M1,가양_MTr1,0.012,0.242,0.0,0.0,1.0,0.01,0.9,1.1,0.0,154,22.9,60.0,60,72,78,70635,1
40713,70635,M2,가양_MTr2,0.012,0.242,0.0,0.0,1.0,0.01,0.9,1.1,0.0,154,22.9,60.0,60,72,78,70635,1
40713,70635,M3,가양_MTr3,0.012,0.242,0.0,0.0,1.0,0.01,0.9,1.1,0.0,154,22.9,60.0,60,72,78,70635,1
40713,70635,M4,가양_MTr4,0.012,0.242,0.0,0.0,1.0,0.01,0.9,1.1,0.0,154,22.9,60.0,60,72,78,70635,1
40714,70636,M1,군자_MTr1,0.012,0.242,0.0,0.0,0.99,0.01,0.9,1.1,0.0,154,22.9,60.0,60,72,78,70636,1
40714,70636,M2,군자_MTr2,0.012,0.242,0.0,0.0,0.99,0.01,0.9,1.1,0.0,154,22.9,60.0,60,72,78,70636,1
40714,70636,M3,군자_MTr3,0.012,0.242,0.0,0.0,0.99,0.01,0.9,1.1,0.0,154,22.9,60.0,60,72,78,70636,1
40715,70637,M1,마장_MTr1,0.012,0.242,0.0,0.0,0.99,0.01,0.9,1.1,0.0,154,22.9,60.0,60,72,78,70637,1
40715,70637,M2,마장_MTr2,0.012,0.242,0.0,0.0,0.99,0.01,0.9,1.1,0.0,154,22.9,60.0,60,72,78,70637,1
40715,70637,M3,마장_MTr3,0.012,0.242,0.0,0.0,0.99,0.01,0.9,1.1,0.0,154,22.9,60.0,60,72,78,70637,1
40716,70638,M1,왕십리_MTr1,0.012,0.242,0.0,0.0,0.99,0.01,0.9,1.1,0.0,154,22.9,60.0,60,72,78,70638,1
40716,70638,M2,왕십리_MTr2,0.012,0.242,0.0,0.0,0.99,0.01,0.9,1.1,0.0,154,22.9,60.0,60,72,78,70638,1
40716,70638,M3,왕십리_MTr3,0.012,0.242,0.0,0.0,0.99,0.01,0.9,1.1,0.0,154,22.9,60.0,60,72,78,70638,1
40717,70639,M1,뚝도_MTr1,0.012,0.242,0.0,0.0,0.99,0.01,0.9,1.1,0.0,154,22.9,60.0,60,72,78,70639,1
40717,70639,M2,뚝도_MTr2,0.012,0.242,0.0,0.0,0.99,0.01,0.9,1.1,0.0,154,22.9,60.0,60,72,78,70639,1
40717,70639,M3,뚝도_MTr3,0.012,0.242,0.0,0.0,0.99,0.01,0.9,1.1,0.0,154,22.9,60.0,60,72,78,70639,1
40718,70640,M1,광장_MTr1,0.012,0.242,0.0,0.0,0.99,0.01,0.9,1.1,0.0,154,22.9,60.0,60,72,78,70640,1
40718,70640,M2,광장_MTr2,0.012,0.242,0.0,0.0,0.99,0.01,0.9,1.1,0.0,154,22.9,60.0,60,72,78,70640,1
40718,70640,M3,광장_MTr3,0.012,0.242,0.0,0.0,0.99,0.01,0.9,1.1,0.0,154,22.9,60.0,60,72,78,70640,1
40719,70641,M1,신사_MTr1,0.012,0.242,0.0,0.0,0.99,0.01,0.9,1.1,0.0,154,22.9,60.0,60,72,78,70641,1
40719,70641,M2,신사_MTr2,0.012,0.242,0.0,0.0,0.99,0.01,0.9,1.1,0.0,154,22.9,60.0,60,72,78,70641,1
40719,70641,M3,신사_MTr3,0.012,0.242,0.0,0.0,0.99,0.01,0.9,1.1,0.0,154,22.9,60.0,60,72,78,70641,1
40720,70642,M1,염곡_MTr1,0.012,0.242,0.0,0.0,0.99,0.01,0.9,1.1,0.0,154,22.9,60.0,60,72,78,70642,1
40720,70642,M2,염곡_MTr2,0.012,0.242,0.0,0.0,0.99,0.01,0.9,1.1,0.0,154,22.9,60.0,60,72,78,70642,1
40720,70642,M3,염곡_MTr3,0.012,0.242,0.0,0.0,0.99,0.01,0.9,1.1,0.0,154,22.9,60.0,60,72,78,70642,1
40720,70642,M4,염곡_MTr4,0.012,0.242,0.0,0.0,0.99,0.01,0.9,1.1,0.0,154,22.9,60.0,60,72,78,70642,1
40721,70643,M1,개포_MTr1,0.012,0.242,0.0,0.0,0.99,0.01,0.9,1.1,0.0,154,22.9,60.0,60,72,78,70643,1
40721,70643,M2,개포_MTr2,0.012,0.242,0.0,0.0,0.99,0.01,0.9,1.1,0.0,154,22.9,60.0,60,72,78,70643,1
40721,70643,M3,개포_MTr3,0.012,0.242,0.0,0.0,0.99,0.01,0.9,1.1,0.0,154,22.9,60.0,60,72,78,70643,1
40721,70643,M4,개포_MTr4,0.012,0.242,0.0,0.0,0.99,0.01,0.9,1.1,0.0,154,22.9,60.0,60,72,78,70643,1
40722,70644,M1,송파_MTr1,0.012,0.242,0.0,0.0,0.99,0.01,0.9,1.1,0.0,154,22.9,60.0,60,72,78,70644,1
40722,70644,M2,송파_MTr2,0.012,0.242,0.0,0.0,0.99,0.01,0.9,1.1,0.0,154,22.9,60.0,60,72,78,70644,1
40722,70644,M3,송파_MTr3,0.012,0.242,0.0,0.0,0.99,0.01,0.9,1.1,0.0,154,22.9,60.0,60,72,78,70644,1
40722,70644,M4,송파_MTr4,0.012,0.242,0.0,0.0,0.99,0.01,0.9,1.1,0.0,154,22.9,60.0,60,72,78,70644,1
40723,70645,M1,상일_MTr1,0.012,0.242,0.0,0.0,0.99,0.01,0.9,1.1,0.0,154,22.9,60.0,60,72,78,70645,1
40723,70645,M2,상일_MTr2,0.012,0.242,0.0,0.0,0.99,0.01,0.9,1.1,0.0,154,22.9,60.0,60,72,78,70645,1
40723,70645,M3,상일_MTr3,0.012,0.242,0.0,0.0,0.99,0.01,0.9,1.1,0.0,154,22.9,60.0,60,72,78,70645,1
40723,70645,M4,상일_MTr4,0.012,0.242,0.0,0.0,0.99,0.01,0.9,1.1,0.0,154,22.9,60.0,60,72,78,70645,1
40724,70646,M1,구공_MTr1,0.012,0.242,0.0,0.0,0.99,0.01,0.9,1.1,0.0,154,22.9,60.0,60,72,78,70646,1
40724,70646,M2,구공_MTr2,0.012,0.242,0.0,0.0,0.99,0.01,0.9,1.1,0.0,154,22.9,60.0,60,72,78,70646,1
40724,70646,M3,구공_MTr3,0.012,0.242,0.0,0.0,0.99,0.01,0.9,1.1,0.0,154,22.9,60.0,60,72,78,70646,1
40725,70647,M1,대방_MTr1,0.012,0.242,0.0,0.0,0.99,0.01,0.9,1.1,0.0,154,22.9,60.0,60,72,78,70647,1
40725,70647,M2,대방_MTr2,0.012,0.242,0.0,0.0,0.99,0.01,0.9,1.1,0.0,154,22.9,60.0,60,72,78,70647,1
40725,70647,M3,대방_MTr3,0.012,0.242,0.0,0.0,0.99,0.01,0.9,1.1,0.0,154,22.9,60.0,60,72,78,70647,1
40725,70647,M4,대방_MTr4,0.012,0.242,0.0,0.0,0.99,0.01,0.9,1.1,0.0,154,22.9,60.0,60,72,78,70647,1
40726,70648,M1,양천_MTr1,0.012,0.242,0.0,0.0,0.99,0.01,0.9,1.1,0.0,154,22.9,60.0,60,72,78,70648,1
40726,70648,M2,양천_MTr2,0.012,0.242,0.0,0.0,0.99,0.01,0.9,1.1,0.0,154,22.9,60.0,60,72,78,70648,1
40726,70648,M3,양천_MTr3,0.012,0.242,0.0,0.0,0.99,0.01,0.9,1.1,0.0,154,22.9,60.0,60,72,78,70648,1
40726,70648,M4,양천_MTr4,0.012,0.242,0.0,0.0,0.99,0.01,0.9,1.1,0.0,154,22.9,60.0,60,72,78,70648,1
40727,70649,M1,신정_MTr1,0.012,0.242,0.0,0.0,0.99,0.01,0.9,1.1,0.0,154,22.9,60.0,60,72,78,70649,1
40727,70649,M2,신정_MTr2,0.012,0.242,0.0,0.0,0.99,0.01,0.9,1.1,0.0,154,22.9,60.0,60,72,78,70649,1
40727,70649,M3,신정_MTr3,0.012,0.242,0.0,0.0,0.99,0.01,0.9,1.1,0.0,154,22.9,60.0,60,72,78,70649,1
40728,70650,M1,오류_MTr1,0.012,0.242,0.0,0.0,0.99,0.01,0.9,1.1,0.0,154,22.9,60.0,60,72,78,70650,1
40728,70650,M2,오류_MTr2,0.012,0.242,0.0,0.0,0.99,0.01,0.9,1.1,0.0,154,22.9,60.0,60,72,78,70650,1
40728,70650,M3,오류_MTr3,0.012,0.242,0.0,0.0,0.99,0.01,0.9,1.1,0.0,154,22.9,60.0,60,72,78,70650,1
40729,70651,M1,신길_MTr1,0.012,0.242,0.0,0.0,0.99,0.01,0.9,1.1,0.0,154,22.9,60.0,60,72,78,70651,1
40729,70651,M2,신길_MTr2,0.012,0.242,0.0,0.0,0.99,0.01,0.9,1.1,0.0,154,22.9,60.0,60,72,78,70651,1
40729,70651,M3,신길_MTr3,0.012,0.242,0.0,0.0,0.99,0.01,0.9,1.1,0.0,154,22.9,60.0,60,72,78,70651,1
40730,70652,M1,옥인_MTr1,0.012,0.242,0.0,0.0,0.99,0.01,0.9,1.1,0.0,154,22.9,60.0,60,72,78,70652,1
40730,70652,M2,옥인_MTr2,0.012,0.242,0.0,0.0,0.99,0.01,0.9,1.1,0.0,154,22.9,60.0,60,72,78,70652,1
40730,70652,M3,옥인_MTr3,0.012,0.242,0.0,0.0,0.99,0.01,0.9,1.1,0.0,154,22.9,60.0,60,72,78,70652,1
40731,70653,M1,현저_MTr1,0.012,0.242,0.0,0.0,0.99,0.01,0.9,1.1,0.0,154,22.9,60.0,60,72,78,70653,1
40731,70653,M2,현저_MTr2,0.012,0.242,0.0,0.0,0.99,0.01,0.9,1.1,0.0,154,22.9,60.0,60,72,78,70653,1
40731,70653,M3,현저_MTr3,0.012,0.242,0.0,0.0,0.99,0.01,0.9,1.1,0.0,154,22.9,60.0,60,72,78,70653,1
40732,70654,M1,신내_MTr1,0.012,0.242,0.0,0.0,0.99,0.01,0.9,1.1,0.0,154,22.9,60.0,60,72,78,70654,1
40732,70654,M2,신내_MTr2,0.012,0.242,0.0,0.0,0.99,0.01,0.9,1.1,0.0,154,22.9,60.0,60,72,78,70654,1
40732,70654,M3,신내_MTr3,0.012,0.242,0.0,0.0,0.99,0.01,0.9,1.1,0.0,154,22.9,60.0,60,72,78,70654,1
40732,70654,M4,신내_MTr4,0.012,0.242,0.0,0.0,0.99,0.01,0.9,1.1,0.0,154,22.9,60.0,60,72,78,70654,1
40733,70655,M1,노원_MTr1,0.012,0.242,0.0,0.0,0.99,0.01,0.9,1.1,0.0,154,22.9,60.0,60,72,78,70655,1
40733,70655,M2,노원_MTr2,0.012,0.242,0.0,0.0,0.99,0.01,0.9,1.1,0.0,154,22.9,60.0,60,72,78,70655,1
40733,70655,M3,노원_MTr3,0.012,0.242,0.0,0.0,0.99,0.01,0.9,1.1,0.0,154,22.9,60.0,60,72,78,70655,1
40734,70656,M1,쌍문_MTr1,0.012,0.242,0.0,0.0,0.99,0.01,0.9,1.1,0.0,154,22.9,60.0,60,72,78,70656,1
40734,70656,M2,쌍문_MTr2,0.012,0.242,0.0,0.0,0.99,0.01,0.9,1.1,0.0,154,22.9,60.0,60,72,78,70656,1
40734,70656,M3,쌍문_MTr3,0.012,0.242,0.0,0.0,0.99,0.01,0.9,1.1,0.0,154,22.9,60.0,60,72,78,70656,1
40735,70657,M1,용산_MTr1,0.012,0.242,0.0,0.0,0.99,0.01,0.9,1.1,0.0,154,22.9,60.0,60,72,78,70657,1
40735,70657,M2,용산_MTr2,0.012,0.242,0.0,0.0,0.99,0.01,0.9,1.1,0.0,154,22.9,60.0,60,72,78,70657,1
40735,70657,M3,용산_MTr3,0.012,0.242,0.0,0.0,0.99,0.01,0.9,1.1,0.0,154,22.9,60.0,60,72,78,70657,1
40736,70658,M1,초월_MTr1,0.012,0.242,0.0,0.0,0.99,0.01,0.9,1.1,0.0,154,22.9,60.0,60,72,78,70658,1
40736,70658,M2,초월_MTr2,0.012,0.242,0.0,0.0,0.99,0.01,0.9,1.1,0.0,154,22.9,60.0,60,72,78,70658,1
40736,70658,M3,초월_MTr3,0.012,0.242,0.0,0.0,0.99,0.01,0.9,1.1,0.0,154,22.9,60.0,60,72,78,70658,1
40736,70658,M4,초월_MTr4,0.012,0.242,0.0,0.0,0.99,0.01,0.9,1.1,0.0,154,22.9,60.0,60,72,78,70658,1
40737,70659,M1,문래_MTr1,0.012,0.242,0.0,0.0,0.99,0.01,0.9,1.1,0.0,154,22.9,60.0,60,72,78,70659,1
40737,70659,M2,문래_MTr2,0.012,0.242,0.0,0.0,0.99,0.01,0.9,1.1,0.0,154,22.9,60.0,60,72,78,70659,1
40737,70659,M3,문래_MTr3,0.012,0.242,0.0,0.0,0.99,0.01,0.9,1.1,0.0,154,22.9,60.0,60,72,78,70659,1
40738,70660,M1,양평_MTr1,0.012,0.242,0.0,0.0,0.99,0.01,0.9,1.1,0.0,154,22.9,60.0,60,72,78,70660,1
40738,70660,M2,양평_MTr2,0.012,0.242,0.0,0.0,0.99,0.01,0.9,1.1,0.0,154,22.9,60.0,60,72,78,70660,1
40738,70660,M3,양평_MTr3,0.012,0.242,0.0,0.0,0.99,0.01,0.9,1.1,0.0,154,22.9,60.0,60,72,78,70660,1
40739,70661,M1,종로_MTr1,0.012,0.242,0.0,0.0,0.99,0.01,0.9,1.1,0.0,154,22.9,60.0,60,72,78,70661,1
40739,70661,M2,종로_MTr2,0.012,0.242,0.0,0.0,0.99,0.01,0.9,1.1,0.0,154,22.9,60.0,60,72,78,70661,1
40739,70661,M3,종로_MTr3,0.012,0.242,0.0,0.0,0.99,0.01,0.9,1.1,0.0,154,22.9,60.0,60,72,78,70661,1
40740,70662,M1,세종로_MTr1,0.012,0.242,0.0,0.0,0.99,0.01,0.9,1.1,0.0,154,22.9,60.0,60,72,78,70662,1
40740,70662,M2,세종로_MTr2,0.012,0.242,0.0,0.0,0.99,0.01,0.9,1.1,0.0,154,22.9,60.0,60,72,78,70662,1
40740,70662,M3,세종로_MTr3,0.012,0.242,0.0,0.0,0.99,0.01,0.9,1.1,0.0,154,22.9,60.0,60,72,78,70662,1
40740,70662,M4,세종로_MTr4,0.012,0.242,0.0,0.0,0.99,0.01,0.9,1.1,0.0,154,22.9,60.0,60,72,78,70662,1
40741,70663,M1,성수_MTr1,0.012,0.242,0.0,0.0,0.99,0.01,0.9,1.1,0.0,154,22.9,60.0,60,72,78,70663,1
40741,70663,M2,성수_MTr2,0.012,0.242,0.0,0.0,0.99,0.01,0.9,1.1,0.0,154,22.9,60.0,60,72,78,70663,1
40741,70663,M3,성수_MTr3,0.012,0.242,0.0,0.0,0.99,0.01,0.9,1.1,0.0,154,22.9,60.0,60,72,78,70663,1
40742,70664,M1,종암_MTr1,0.012,0.242,0.0,0.0,0.99,0.01,0.9,1.1,0.0,154,22.9,60.0,60,72,78,70664,1
40742,70664,M2,종암_MTr2,0.012,0.242,0.0,0.0,0.99,0.01,0.9,1.1,0.0,154,22.9,60.0,60,72,78,70664,1
40742,70664,M3,종암_MTr3,0.012,0.242,0.0,0.0,0.99,0.01,0.9,1.1,0.0,154,22.9,60.0,60,72,78,70664,1
40743,70665,M1,울산T10_MTr1,0.012,0.242,0.0,0.0,0.99,0.01,0.9,1.1,0.0,154,22.9,60.0,60,72,78,70665,1
40743,70665,M2,울산T10_MTr2,0.012,0.242,0.0,0.0,0.99,0.01,0.9,1.1,0.0,154,22.9,60.0,60,72,78,70665,1
40743,70665,M3,울산T10_MTr3,0.012,0.242,0.0,0.0,0.99,0.01,0.9,1.1,0.0,154,22.9,60.0,60,72,78,70665,1
40744,70666,M1,덕림_MTr1,0.012,0.242,0.0,0.0,0.99,0.01,0.9,1.1,0.0,154,22.9,60.0,60,72,78,70666,1
40744,70666,M2,덕림_MTr2,0.012,0.242,0.0,0.0,0.99,0.01,0.9,1.1,0.0,154,22.9,60.0,60,72,78,70666,1
40744,70666,M3,덕림_MTr3,0.012,0.242,0.0,0.0,0.99,0.01,0.9,1.1,0.0,154,22.9,60.0,60,72,78,70666,1
40745,70667,M1,의창_MTr1,0.012,0.242,0.0,0.0,1.0,0.01,0.9,1.1,0.0,154,22.9,60.0,60,72,78,70667,1
40745,70667,M2,의창_MTr2,0.012,0.242,0.0,0.0,1.0,0.01,0.9,1.1,0.0,154,22.9,60.0,60,72,78,70667,1
40745,70667,M3,의창_MTr3,0.012,0.242,0.0,0.0,1.0,0.01,0.9,1.1,0.0,154,22.9,60.0,60,72,78,70667,1
40746,70668,M1,영월T1_MTr1,0.012,0.242,0.0,0.0,0.98,0.01,0.9,1.1,0.0,154,22.9,60.0,60,72,78,70668,1
40746,70668,M2,영월T1_MTr2,0.012,0.242,0.0,0.0,0.98,0.01,0.9,1.1,0.0,154,22.9,60.0,60,72,78,70668,1
40746,70668,M3,영월T1_MTr3,0.012,0.242,0.0,0.0,0.98,0.01,0.9,1.1,0.0,154,22.9,60.0,60,72,78,70668,1
40747,70669,M1,관양_MTr1,0.012,0.242,0.0,0.0,0.99,0.01,0.9,1.1,0.0,154,22.9,60.0,60,72,78,70669,1
40747,70669,M2,관양_MTr2,0.012,0.242,0.0,0.0,0.99,0.01,0.9,1.1,0.0,154,22.9,60.0,60,72,78,70669,1
40747,70669,M3,관양_MTr3,0.012,0.242,0.0,0.0,0.99,0.01,0.9,1.1,0.0,154,22.9,60.0,60,72,78,70669,1
40747,70669,M4,관양_MTr4,0.012,0.242,0.0,0.0,0.99,0.01,0.9,1.1,0.0,154,22.9,60.0,60,72,78,70669,1
40748,70670,M1,북시화_MTr1,0.012,0.242,0.0,0.0,1.0,0.01,0.9,1.1,0.0,154,22.9,60.0,60,72,78,70670,1
40748,70670,M2,북시화_MTr2,0.012,0.242,0.0,0.0,1.0,0.01,0.9,1.1,0.0,154,22.9,60.0,60,72,78,70670,1
40748,70670,M3,북시화_MTr3,0.012,0.242,0.0,0.0,1.0,0.01,0.9,1.1,0.0,154,22.9,60.0,60,72,78,70670,1
40748,70670,M4,북시화_MTr4,0.012,0.242,0.0,0.0,1.0,0.01,0.9,1.1,0.0,154,22.9,60.0,60,72,78,70670,1
40749,70671,M1,북안산_MTr1,0.012,0.242,0.0,0.0,0.99,0.01,0.9,1.1,0.0,154,22.9,60.0,60,72,78,70671,1
40749,70671,M2,북안산_MTr2,0.012,0.242,0.0,0.0,0.99,0.01,0.9,1.1,0.0,154,22.9,60.0,60,72,78,70671,1
40749,70671,M3,북안산_MTr3,0.012,0.242,0.0,0.0,0.99,0.01,0.9,1.1,0.0,154,22.9,60.0,60,72,78,70671,1
40749,70671,M4,북안산_MTr4,0.012,0.242,0.0,0.0,0.99,0.01,0.9,1.1,0.0,154,22.9,60.0,60,72,78,70671,1
40751,70672,M1,동평택에너지센터_MTr1,0.012,0.242,0.0,0.0,0.99,0.01,0.9,1.1,0.0,154,22.9,60.0,60,72,78,70672,1
40751,70672,M2,동평택에너지센터_MTr2,0.012,0.242,0.0,0.0,0.99,0.01,0.9,1.1,0.0,154,22.9,60.0,60,72,78,70672,1
40751,70672,M3,동평택에너지센터_MTr3,0.012,0.242,0.0,0.0,0.99,0.01,0.9,1.1,0.0,154,22.9,60.0,60,72,78,70672,1
40751,70672,M4,동평택에너지센터_MTr4,0.012,0.242,0.0,0.0,0.99,0.01,0.9,1.1,0.0,154,22.9,60.0,60,72,78,70672,1
40752,70673,M1,부강_MTr1,0.012,0.242,0.0,0.0,0.99,0.01,0.9,1.1,0.0,154,22.9,60.0,60,72,78,70673,1
40752,70673,M2,부강_MTr2,0.012,0.242,0.0,0.0,0.99,0.01,0.9,1.1,0.0,154,22.9,60.0,60,72,78,70673,1
40752,70673,M3,부강_MTr3,0.012,0.242,0.0,0.0,0.99,0.01,0.9,1.1,0.0,154,22.9,60.0,60,72,78,70673,1
40754,70674,M1,서포항_MTr1,0.012,0.242,0.0,0.0,1.0,0.01,0.9,1.1,0.0,154,22.9,60.0,60,72,78,70674,1
40754,70674,M2,서포항_MTr2,0.012,0.242,0.0,0.0,1.0,0.01,0.9,1.1,0.0,154,22.9,60.0,60,72,78,70674,1
40754,70674,M3,서포항_MTr3,0.012,0.242,0.0,0.0,1.0,0.01,0.9,1.1,0.0,154,22.9,60.0,60,72,78,70674,1
40754,70674,M4,서포항_MTr4,0.012,0.242,0.0,0.0,1.0,0.01,0.9,1.1,0.0,154,22.9,60.0,60,72,78,70674,1
40755,70675,M1,지사_MTr1,0.012,0.242,0.0,0.0,1.0,0.01,0.9,1.1,0.0,154,22.9,60.0,60,72,78,70675,1
40755,70675,M2,지사_MTr2,0.012,0.242,0.0,0.0,1.0,0.01,0.9,1.1,0.0,154,22.9,60.0,60,72,78,70675,1
40755,70675,M3,지사_MTr3,0.012,0.242,0.0,0.0,1.0,0.01,0.9,1.1,0.0,154,22.9,60.0,60,72,78,70675,1
40755,70675,M4,지사_MTr4,0.012,0.242,0.0,0.0,1.0,0.01,0.9,1.1,0.0,154,22.9,60.0,60,72,78,70675,1
40756,70676,M1,산막_MTr1,0.012,0.242,0.0,0.0,1.0,0.01,0.9,1.1,0.0,154,22.9,60.0,60,72,78,70676,1
40756,70676,M2,산막_MTr2,0.012,0.242,0.0,0.0,1.0,0.01,0.9,1.1,0.0,154,22.9,60.0,60,72,78,70676,1
40756,70676,M3,산막_MTr3,0.012,0.242,0.0,0.0,1.0,0.01,0.9,1.1,0.0,154,22.9,60.0,60,72,78,70676,1
40756,70676,M4,산막_MTr4,0.012,0.242,0.0,0.0,1.0,0.01,0.9,1.1,0.0,154,22.9,60.0,60,72,78,70676,1
40757,70677,M1,봉무_MTr1,0.012,0.242,0.0,0.0,1.0,0.01,0.9,1.1,0.0,154,22.9,60.0,60,72,78,70677,1
40757,70677,M2,봉무_MTr2,0.012,0.242,0.0,0.0,1.0,0.01,0.9,1.1,0.0,154,22.9,60.0,60,72,78,70677,1
40757,70677,M3,봉무_MTr3,0.012,0.242,0.0,0.0,1.0,0.01,0.9,1.1,0.0,154,22.9,60.0,60,72,78,70677,1
40758,70678,M1,양산T3_MTr1,0.012,0.242,0.0,0.0,1.0,0.01,0.9,1.1,0.0,154,22.9,60.0,60,72,78,70678,1
40758,70678,M2,양산T3_MTr2,0.012,0.242,0.0,0.0,1.0,0.01,0.9,1.1,0.0,154,22.9,60.0,60,72,78,70678,1
40758,70678,M3,양산T3_MTr3,0.012,0.242,0.0,0.0,1.0,0.01,0.9,1.1,0.0,154,22.9,60.0,60,72,78,70678,1
40760,70679,M1,원주T1_MTr1,0.012,0.242,0.0,0.0,0.98,0.01,0.9,1.1,0.0,154,22.9,60.0,60,72,78,70679,1
40760,70679,M2,원주T1_MTr2,0.012,0.242,0.0,0.0,0.98,0.01,0.9,1.1,0.0,154,22.9,60.0,60,72,78,70679,1
40761,70680,M1,세종T2_MTr1,0.012,0.242,0.0,0.0,1.0,0.01,0.9,1.1,0.0,154,22.9,60.0,60,72,78,70680,1
40761,70680,M2,세종T2_MTr2,0.012,0.242,0.0,0.0,1.0,0.01,0.9,1.1,0.0,154,22.9,60.0,60,72,78,70680,1
40761,70680,M3,세종T2_MTr3,0.012,0.242,0.0,0.0,1.0,0.01,0.9,1.1,0.0,154,22.9,60.0,60,72,78,70680,1
40761,70680,M4,세종T2_MTr4,0.012,0.242,0.0,0.0,1.0,0.01,0.9,1.1,0.0,154,22.9,60.0,60,72,78,70680,1
40765,70681,M1,대불_MTr1,0.012,0.242,0.0,0.0,1.0,0.01,0.9,1.1,0.0,154,22.9,60.0,60,72,78,70681,1
40765,70681,M2,대불_MTr2,0.012,0.242,0.0,0.0,1.0,0.01,0.9,1.1,0.0,154,22.9,60.0,60,72,78,70681,1
40765,70681,M3,대불_MTr3,0.012,0.242,0.0,0.0,1.0,0.01,0.9,1.1,0.0,154,22.9,60.0,60,72,78,70681,1
40765,70681,M4,대불_MTr4,0.012,0.242,0.0,0.0,1.0,0.01,0.9,1.1,0.0,154,22.9,60.0,60,72,78,70681,1
40767,70682,M1,매곡_MTr1,0.012,0.242,0.0,0.0,1.0,0.01,0.9,1.1,0.0,154,22.9,60.0,60,72,78,70682,1
40767,70682,M2,매곡_MTr2,0.012,0.242,0.0,0.0,1.0,0.01,0.9,1.1,0.0,154,22.9,60.0,60,72,78,70682,1
40767,70682,M3,매곡_MTr3,0.012,0.242,0.0,0.0,1.0,0.01,0.9,1.1,0.0,154,22.9,60.0,60,72,78,70682,1
40767,70682,M4,매곡_MTr4,0.012,0.242,0.0,0.0,1.0,0.01,0.9,1.1,0.0,154,22.9,60.0,60,72,78,70682,1
40769,70683,M1,syn서울1_MTr1,0.012,0.242,0.0,0.0,0.99,0.01,0.9,1.1,0.0,154,22.9,60.0,60,72,78,70683,1
40769,70683,M2,syn서울1_MTr2,0.012,0.242,0.0,0.0,0.99,0.01,0.9,1.1,0.0,154,22.9,60.0,60,72,78,70683,1
40769,70683,M3,syn서울1_MTr3,0.012,0.242,0.0,0.0,0.99,0.01,0.9,1.1,0.0,154,22.9,60.0,60,72,78,70683,1
40770,70684,M1,syn서울2_MTr1,0.012,0.242,0.0,0.0,0.99,0.01,0.9,1.1,0.0,154,22.9,60.0,60,72,78,70684,1
40770,70684,M2,syn서울2_MTr2,0.012,0.242,0.0,0.0,0.99,0.01,0.9,1.1,0.0,154,22.9,60.0,60,72,78,70684,1
40770,70684,M3,syn서울2_MTr3,0.012,0.242,0.0,0.0,0.99,0.01,0.9,1.1,0.0,154,22.9,60.0,60,72,78,70684,1
40771,70685,M1,syn서울3_MTr1,0.012,0.242,0.0,0.0,0.99,0.01,0.9,1.1,0.0,154,22.9,60.0,60,72,78,70685,1
40771,70685,M2,syn서울3_MTr2,0.012,0.242,0.0,0.0,0.99,0.01,0.9,1.1,0.0,154,22.9,60.0,60,72,78,70685,1
40771,70685,M3,syn서울3_MTr3,0.012,0.242,0.0,0.0,0.99,0.01,0.9,1.1,0.0,154,22.9,60.0,60,72,78,70685,1
40772,70686,M1,syn서울4_MTr1,0.012,0.242,0.0,0.0,0.99,0.01,0.9,1.1,0.0,154,22.9,60.0,60,72,78,70686,1
40772,70686,M2,syn서울4_MTr2,0.012,0.242,0.0,0.0,0.99,0.01,0.9,1.1,0.0,154,22.9,60.0,60,72,78,70686,1
40772,70686,M3,syn서울4_MTr3,0.012,0.242,0.0,0.0,0.99,0.01,0.9,1.1,0.0,154,22.9,60.0,60,72,78,70686,1
40773,70687,M1,syn서울5_MTr1,0.012,0.242,0.0,0.0,0.99,0.01,0.9,1.1,0.0,154,22.9,60.0,60,72,78,70687,1
40773,70687,M2,syn서울5_MTr2,0.012,0.242,0.0,0.0,0.99,0.01,0.9,1.1,0.0,154,22.9,60.0,60,72,78,70687,1
40773,70687,M3,syn서울5_MTr3,0.012,0.242,0.0,0.0,0.99,0.01,0.9,1.1,0.0,154,22.9,60.0,60,72,78,70687,1
40773,70687,M4,syn서울5_MTr4,0.012,0.242,0.0,0.0,0.99,0.01,0.9,1.1,0.0,154,22.9,60.0,60,72,78,70687,1
40774,70688,M1,syn서울6_MTr1,0.012,0.242,0.0,0.0,0.99,0.01,0.9,1.1,0.0,154,22.9,60.0,60,72,78,70688,1
40774,70688,M2,syn서울6_MTr2,0.012,0.242,0.0,0.0,0.99,0.01,0.9,1.1,0.0,154,22.9,60.0,60,72,78,70688,1
40774,70688,M3,syn서울6_MTr3,0.012,0.242,0.0,0.0,0.99,0.01,0.9,1.1,0.0,154,22.9,60.0,60,72,78,70688,1
40775,70689,M1,syn서울7_MTr1,0.012,0.242,0.0,0.0,0.99,0.01,0.9,1.1,0.0,154,22.9,60.0,60,72,78,70689,1
40775,70689,M2,syn서울7_MTr2,0.012,0.242,0.0,0.0,0.99,0.01,0.9,1.1,0.0,154,22.9,60.0,60,72,78,70689,1
40775,70689,M3,syn서울7_MTr3,0.012,0.242,0.0,0.0,0.99,0.01,0.9,1.1,0.0,154,22.9,60.0,60,72,78,70689,1
40775,70689,M4,syn서울7_MTr4,0.012,0.242,0.0,0.0,0.99,0.01,0.9,1.1,0.0,154,22.9,60.0,60,72,78,70689,1
40776,70690,M1,syn남산_MTr1,0.012,0.242,0.0,0.0,0.99,0.01,0.9,1.1,0.0,154,22.9,60.0,60,72,78,70690,1
40776,70690,M2,syn남산_MTr2,0.012,0.242,0.0,0.0,0.99,0.01,0.9,1.1,0.0,154,22.9,60.0,60,72,78,70690,1
40776,70690,M3,syn남산_MTr3,0.012,0.242,0.0,0.0,0.99,0.01,0.9,1.1,0.0,154,22.9,60.0,60,72,78,70690,1
40776,70690,M4,syn남산_MTr4,0.012,0.242,0.0,0.0,0.99,0.01,0.9,1.1,0.0,154,22.9,60.0,60,72,78,70690,1
40777,70691,M1,syn서울9_MTr1,0.012,0.242,0.0,0.0,0.99,0.01,0.9,1.1,0.0,154,22.9,60.0,60,72,78,70691,1
40777,70691,M2,syn서울9_MTr2,0.012,0.242,0.0,0.0,0.99,0.01,0.9,1.1,0.0,154,22.9,60.0,60,72,78,70691,1
40777,70691,M3,syn서울9_MTr3,0.012,0.242,0.0,0.0,0.99,0.01,0.9,1.1,0.0,154,22.9,60.0,60,72,78,70691,1
40778,70692,M1,syn서울10_MTr1,0.012,0.242,0.0,0.0,0.99,0.01,0.9,1.1,0.0,154,22.9,60.0,60,72,78,70692,1
40778,70692,M2,syn서울10_MTr2,0.012,0.242,0.0,0.0,0.99,0.01,0.9,1.1,0.0,154,22.9,60.0,60,72,78,70692,1
40778,70692,M3,syn서울10_MTr3,0.012,0.242,0.0,0.0,0.99,0.01,0.9,1.1,0.0,154,22.9,60.0,60,72,78,70692,1
40778,70692,M4,syn서울10_MTr4,0.012,0.242,0.0,0.0,0.99,0.01,0.9,1.1,0.0,154,22.9,60.0,60,72,78,70692,1
40779,70693,M1,syn서울11_MTr1,0.012,0.242,0.0,0.0,0.99,0.01,0.9,1.1,0.0,154,22.9,60.0,60,72,78,70693,1
40779,70693,M2,syn서울11_MTr2,0.012,0.242,0.0,0.0,0.99,0.01,0.9,1.1,0.0,154,22.9,60.0,60,72,78,70693,1
40779,70693,M3,syn서울11_MTr3,0.012,0.242,0.0,0.0,0.99,0.01,0.9,1.1,0.0,154,22.9,60.0,60,72,78,70693,1
40780,70694,M1,syn서울12_MTr1,0.012,0.242,0.0,0.0,0.99,0.01,0.9,1.1,0.0,154,22.9,60.0,60,72,78,70694,1
40780,70694,M2,syn서울12_MTr2,0.012,0.242,0.0,0.0,0.99,0.01,0.9,1.1,0.0,154,22.9,60.0,60,72,78,70694,1
40780,70694,M3,syn서울12_MTr3,0.012,0.242,0.0,0.0,0.99,0.01,0.9,1.1,0.0,154,22.9,60.0,60,72,78,70694,1
40781,70695,M1,syn서울13_MTr1,0.012,0.242,0.0,0.0,0.99,0.01,0.9,1.1,0.0,154,22.9,60.0,60,72,78,70695,1
40781,70695,M2,syn서울13_MTr2,0.012,0.242,0.0,0.0,0.99,0.01,0.9,1.1,0.0,154,22.9,60.0,60,72,78,70695,1
40781,70695,M3,syn서울13_MTr3,0.012,0.242,0.0,0.0,0.99,0.01,0.9,1.1,0.0,154,22.9,60.0,60,72,78,70695,1
40782,70696,M1,syn서울14_MTr1,0.012,0.242,0.0,0.0,0.99,0.01,0.9,1.1,0.0,154,22.9,60.0,60,72,78,70696,1
40782,70696,M2,syn서울14_MTr2,0.012,0.242,0.0,0.0,0.99,0.01,0.9,1.1,0.0,154,22.9,60.0,60,72,78,70696,1
40782,70696,M3,syn서울14_MTr3,0.012,0.242,0.0,0.0,0.99,0.01,0.9,1.1,0.0,154,22.9,60.0,60,72,78,70696,1
40783,70697,M1,syn서울15_MTr1,0.012,0.242,0.0,0.0,0.99,0.01,0.9,1.1,0.0,154,22.9,60.0,60,72,78,70697,1
40783,70697,M2,syn서울15_MTr2,0.012,0.242,0.0,0.0,0.99,0.01,0.9,1.1,0.0,154,22.9,60.0,60,72,78,70697,1
40783,70697,M3,syn서울15_MTr3,0.012,0.242,0.0,0.0,0.99,0.01,0.9,1.1,0.0,154,22.9,60.0,60,72,78,70697,1
40784,70698,M1,syn서울16_MTr1,0.012,0.242,0.0,0.0,0.99,0.01,0.9,1.1,0.0,154,22.9,60.0,60,72,78,70698,1
40784,70698,M2,syn서울16_MTr2,0.012,0.242,0.0,0.0,0.99,0.01,0.9,1.1,0.0,154,22.9,60.0,60,72,78,70698,1
40784,70698,M3,syn서울16_MTr3,0.012,0.242,0.0,0.0,0.99,0.01,0.9,1.1,0.0,154,22.9,60.0,60,72,78,70698,1
40785,70699,M1,syn서울17_MTr1,0.012,0.242,0.0,0.0,0.99,0.01,0.9,1.1,0.0,154,22.9,60.0,60,72,78,70699,1
40785,70699,M2,syn서울17_MTr2,0.012,0.242,0.0,0.0,0.99,0.01,0.9,1.1,0.0,154,22.9,60.0,60,72,78,70699,1
40785,70699,M3,syn서울17_MTr3,0.012,0.242,0.0,0.0,0.99,0.01,0.9,1.1,0.0,154,22.9,60.0,60,72,78,70699,1
40785,70699,M4,syn서울17_MTr4,0.012,0.242,0.0,0.0,0.99,0.01,0.9,1.1,0.0,154,22.9,60.0,60,72,78,70699,1
40786,70700,M1,syn서울18_MTr1,0.012,0.242,0.0,0.0,0.99,0.01,0.9,1.1,0.0,154,22.9,60.0,60,72,78,70700,1
40786,70700,M2,syn서울18_MTr2,0.012,0.242,0.0,0.0,0.99,0.01,0.9,1.1,0.0,154,22.9,60.0,60,72,78,70700,1
40786,70700,M3,syn서울18_MTr3,0.012,0.242,0.0,0.0,0.99,0.01,0.9,1.1,0.0,154,22.9,60.0,60,72,78,70700,1
40786,70700,M4,syn서울18_MTr4,0.012,0.242,0.0,0.0,0.99,0.01,0.9,1.1,0.0,154,22.9,60.0,60,72,78,70700,1
40787,70701,M1,syn서울19_MTr1,0.012,0.242,0.0,0.0,0.99,0.01,0.9,1.1,0.0,154,22.9,60.0,60,72,78,70701,1
40787,70701,M2,syn서울19_MTr2,0.012,0.242,0.0,0.0,0.99,0.01,0.9,1.1,0.0,154,22.9,60.0,60,72,78,70701,1
40787,70701,M3,syn서울19_MTr3,0.012,0.242,0.0,0.0,0.99,0.01,0.9,1.1,0.0,154,22.9,60.0,60,72,78,70701,1
40788,70702,M1,syn서울20_MTr1,0.012,0.242,0.0,0.0,0.99,0.01,0.9,1.1,0.0,154,22.9,60.0,60,72,78,70702,1
40788,70702,M2,syn서울20_MTr2,0.012,0.242,0.0,0.0,0.99,0.01,0.9,1.1,0.0,154,22.9,60.0,60,72,78,70702,1
40788,70702,M3,syn서울20_MTr3,0.012,0.242,0.0,0.0,0.99,0.01,0.9,1.1,0.0,154,22.9,60.0,60,72,78,70702,1
40789,70703,M1,syn서울21_MTr1,0.012,0.242,0.0,0.0,0.99,0.01,0.9,1.1,0.0,154,22.9,60.0,60,72,78,70703,1
40789,70703,M2,syn서울21_MTr2,0.012,0.242,0.0,0.0,0.99,0.01,0.9,1.1,0.0,154,22.9,60.0,60,72,78,70703,1
40789,70703,M3,syn서울21_MTr3,0.012,0.242,0.0,0.0,0.99,0.01,0.9,1.1,0.0,154,22.9,60.0,60,72,78,70703,1
40790,70704,M1,syn서울22_MTr1,0.012,0.242,0.0,0.0,0.99,0.01,0.9,1.1,0.0,154,22.9,60.0,60,72,78,70704,1
40790,70704,M2,syn서울22_MTr2,0.012,0.242,0.0,0.0,0.99,0.01,0.9,1.1,0.0,154,22.9,60.0,60,72,78,70704,1
40790,70704,M3,syn서울22_MTr3,0.012,0.242,0.0,0.0,0.99,0.01,0.9,1.1,0.0,154,22.9,60.0,60,72,78,70704,1
40791,70705,M1,syn서울23_MTr1,0.012,0.242,0.0,0.0,0.99,0.01,0.9,1.1,0.0,154,22.9,60.0,60,72,78,70705,1
40791,70705,M2,syn서울23_MTr2,0.012,0.242,0.0,0.0,0.99,0.01,0.9,1.1,0.0,154,22.9,60.0,60,72,78,70705,1
40791,70705,M3,syn서울23_MTr3,0.012,0.242,0.0,0.0,0.99,0.01,0.9,1.1,0.0,154,22.9,60.0,60,72,78,70705,1
40792,70706,M1,syn서울24_MTr1,0.012,0.242,0.0,0.0,0.99,0.01,0.9,1.1,0.0,154,22.9,60.0,60,72,78,70706,1
40792,70706,M2,syn서울24_MTr2,0.012,0.242,0.0,0.0,0.99,0.01,0.9,1.1,0.0,154,22.9,60.0,60,72,78,70706,1
40792,70706,M3,syn서울24_MTr3,0.012,0.242,0.0,0.0,0.99,0.01,0.9,1.1,0.0,154,22.9,60.0,60,72,78,70706,1
40793,70707,M1,syn서울25_MTr1,0.012,0.242,0.0,0.0,0.99,0.01,0.9,1.1,0.0,154,22.9,60.0,60,72,78,70707,1
40793,70707,M2,syn서울25_MTr2,0.012,0.242,0.0,0.0,0.99,0.01,0.9,1.1,0.0,154,22.9,60.0,60,72,78,70707,1
40793,70707,M3,syn서울25_MTr3,0.012,0.242,0.0,0.0,0.99,0.01,0.9,1.1,0.0,154,22.9,60.0,60,72,78,70707,1
40794,70708,M1,syn서울26_MTr1,0.012,0.242,0.0,0.0,0.99,0.01,0.9,1.1,0.0,154,22.9,60.0,60,72,78,70708,1
40794,70708,M2,syn서울26_MTr2,0.012,0.242,0.0,0.0,0.99,0.01,0.9,1.1,0.0,154,22.9,60.0,60,72,78,70708,1
40794,70708,M3,syn서울26_MTr3,0.012,0.242,0.0,0.0,0.99,0.01,0.9,1.1,0.0,154,22.9,60.0,60,72,78,70708,1
40795,70709,M1,syn서울27_MTr1,0.012,0.242,0.0,0.0,0.99,0.01,0.9,1.1,0.0,154,22.9,60.0,60,72,78,70709,1
40795,70709,M2,syn서울27_MTr2,0.012,0.242,0.0,0.0,0.99,0.01,0.9,1.1,0.0,154,22.9,60.0,60,72,78,70709,1
40795,70709,M3,syn서울27_MTr3,0.012,0.242,0.0,0.0,0.99,0.01,0.9,1.1,0.0,154,22.9,60.0,60,72,78,70709,1
40796,70710,M1,syn서울28_MTr1,0.012,0.242,0.0,0.0,1.0,0.01,0.9,1.1,0.0,154,22.9,60.0,60,72,78,70710,1
40796,70710,M2,syn서울28_MTr2,0.012,0.242,0.0,0.0,1.0,0.01,0.9,1.1,0.0,154,22.9,60.0,60,72,78,70710,1
40796,70710,M3,syn서울28_MTr3,0.012,0.242,0.0,0.0,1.0,0.01,0.9,1.1,0.0,154,22.9,60.0,60,72,78,70710,1
40797,70711,M1,syn서울29_MTr1,0.012,0.242,0.0,0.0,0.99,0.01,0.9,1.1,0.0,154,22.9,60.0,60,72,78,70711,1
40797,70711,M2,syn서울29_MTr2,0.012,0.242,0.0,0.0,0.99,0.01,0.9,1.1,0.0,154,22.9,60.0,60,72,78,70711,1
40797,70711,M3,syn서울29_MTr3,0.012,0.242,0.0,0.0,0.99,0.01,0.9,1.1,0.0,154,22.9,60.0,60,72,78,70711,1
40797,70711,M4,syn서울29_MTr4,0.012,0.242,0.0,0.0,0.99,0.01,0.9,1.1,0.0,154,22.9,60.0,60,72,78,70711,1
40798,70712,M1,syn서울30_MTr1,0.012,0.242,0.0,0.0,0.99,0.01,0.9,1.1,0.0,154,22.9,60.0,60,72,78,70712,1
40798,70712,M2,syn서울30_MTr2,0.012,0.242,0.0,0.0,0.99,0.01,0.9,1.1,0.0,154,22.9,60.0,60,72,78,70712,1
40798,70712,M3,syn서울30_MTr3,0.012,0.242,0.0,0.0,0.99,0.01,0.9,1.1,0.0,154,22.9,60.0,60,72,78,70712,1
40799,70713,M1,syn서울31_MTr1,0.012,0.242,0.0,0.0,0.99,0.01,0.9,1.1,0.0,154,22.9,60.0,60,72,78,70713,1
40799,70713,M2,syn서울31_MTr2,0.012,0.242,0.0,0.0,0.99,0.01,0.9,1.1,0.0,154,22.9,60.0,60,72,78,70713,1
40799,70713,M3,syn서울31_MTr3,0.012,0.242,0.0,0.0,0.99,0.01,0.9,1.1,0.0,154,22.9,60.0,60,72,78,70713,1
40799,70713,M4,syn서울31_MTr4,0.012,0.242,0.0,0.0,0.99,0.01,0.9,1.1,0.0,154,22.9,60.0,60,72,78,70713,1
40800,70714,M1,syn서울32_MTr1,0.012,0.242,0.0,0.0,0.99,0.01,0.9,1.1,0.0,154,22.9,60.0,60,72,78,70714,1
40800,70714,M2,syn서울32_MTr2,0.012,0.242,0.0,0.0,0.99,0.01,0.9,1.1,0.0,154,22.9,60.0,60,72,78,70714,1
40800,70714,M3,syn서울32_MTr3,0.012,0.242,0.0,0.0,0.99,0.01,0.9,1.1,0.0,154,22.9,60.0,60,72,78,70714,1
40801,70715,M1,syn서울33_MTr1,0.012,0.242,0.0,0.0,0.99,0.01,0.9,1.1,0.0,154,22.9,60.0,60,72,78,70715,1
40801,70715,M2,syn서울33_MTr2,0.012,0.242,0.0,0.0,0.99,0.01,0.9,1.1,0.0,154,22.9,60.0,60,72,78,70715,1
40801,70715,M3,syn서울33_MTr3,0.012,0.242,0.0,0.0,0.99,0.01,0.9,1.1,0.0,154,22.9,60.0,60,72,78,70715,1
40802,70716,M1,syn서울34_MTr1,0.012,0.242,0.0,0.0,0.99,0.01,0.9,1.1,0.0,154,22.9,60.0,60,72,78,70716,1
40802,70716,M2,syn서울34_MTr2,0.012,0.242,0.0,0.0,0.99,0.01,0.9,1.1,0.0,154,22.9,60.0,60,72,78,70716,1
40802,70716,M3,syn서울34_MTr3,0.012,0.242,0.0,0.0,0.99,0.01,0.9,1.1,0.0,154,22.9,60.0,60,72,78,70716,1
40803,70717,M1,syn만안구_MTr1,0.012,0.242,0.0,0.0,0.99,0.01,0.9,1.1,0.0,154,22.9,60.0,60,72,78,70717,1
40803,70717,M2,syn만안구_MTr2,0.012,0.242,0.0,0.0,0.99,0.01,0.9,1.1,0.0,154,22.9,60.0,60,72,78,70717,1
40803,70717,M3,syn만안구_MTr3,0.012,0.242,0.0,0.0,0.99,0.01,0.9,1.1,0.0,154,22.9,60.0,60,72,78,70717,1
40804,70718,M1,syn서울36_MTr1,0.012,0.242,0.0,0.0,0.99,0.01,0.9,1.1,0.0,154,22.9,60.0,60,72,78,70718,1
40804,70718,M2,syn서울36_MTr2,0.012,0.242,0.0,0.0,0.99,0.01,0.9,1.1,0.0,154,22.9,60.0,60,72,78,70718,1
40804,70718,M3,syn서울36_MTr3,0.012,0.242,0.0,0.0,0.99,0.01,0.9,1.1,0.0,154,22.9,60.0,60,72,78,70718,1
40805,70719,M1,syn부산1_MTr1,0.012,0.242,0.0,0.0,0.99,0.01,0.9,1.1,0.0,154,22.9,60.0,60,72,78,70719,1
40805,70719,M2,syn부산1_MTr2,0.012,0.242,0.0,0.0,0.99,0.01,0.9,1.1,0.0,154,22.9,60.0,60,72,78,70719,1
40805,70719,M3,syn부산1_MTr3,0.012,0.242,0.0,0.0,0.99,0.01,0.9,1.1,0.0,154,22.9,60.0,60,72,78,70719,1
40805,70719,M4,syn부산1_MTr4,0.012,0.242,0.0,0.0,0.99,0.01,0.9,1.1,0.0,154,22.9,60.0,60,72,78,70719,1
40806,70720,M1,syn부산2_MTr1,0.012,0.242,0.0,0.0,0.99,0.01,0.9,1.1,0.0,154,22.9,60.0,60,72,78,70720,1
40806,70720,M2,syn부산2_MTr2,0.012,0.242,0.0,0.0,0.99,0.01,0.9,1.1,0.0,154,22.9,60.0,60,72,78,70720,1
40806,70720,M3,syn부산2_MTr3,0.012,0.242,0.0,0.0,0.99,0.01,0.9,1.1,0.0,154,22.9,60.0,60,72,78,70720,1
40806,70720,M4,syn부산2_MTr4,0.012,0.242,0.0,0.0,0.99,0.01,0.9,1.1,0.0,154,22.9,60.0,60,72,78,70720,1
40807,70721,M1,노포_MTr1,0.012,0.242,0.0,0.0,0.99,0.01,0.9,1.1,0.0,154,22.9,60.0,60,72,78,70721,1
40807,70721,M2,노포_MTr2,0.012,0.242,0.0,0.0,0.99,0.01,0.9,1.1,0.0,154,22.9,60.0,60,72,78,70721,1
40807,70721,M3,노포_MTr3,0.012,0.242,0.0,0.0,0.99,0.01,0.9,1.1,0.0,154,22.9,60.0,60,72,78,70721,1
40807,70721,M4,노포_MTr4,0.012,0.242,0.0,0.0,0.99,0.01,0.9,1.1,0.0,154,22.9,60.0,60,72,78,70721,1
40808,70722,M1,용호_MTr1,0.012,0.242,0.0,0.0,0.99,0.01,0.9,1.1,0.0,154,22.9,60.0,60,72,78,70722,1
40808,70722,M2,용호_MTr2,0.012,0.242,0.0,0.0,0.99,0.01,0.9,1.1,0.0,154,22.9,60.0,60,72,78,70722,1
40808,70722,M3,용호_MTr3,0.012,0.242,0.0,0.0,0.99,0.01,0.9,1.1,0.0,154,22.9,60.0,60,72,78,70722,1
40808,70722,M4,용호_MTr4,0.012,0.242,0.0,0.0,0.99,0.01,0.9,1.1,0.0,154,22.9,60.0,60,72,78,70722,1
40809,70723,M1,syn부산5_MTr1,0.012,0.242,0.0,0.0,0.99,0.01,0.9,1.1,0.0,154,22.9,60.0,60,72,78,70723,1
40809,70723,M2,syn부산5_MTr2,0.012,0.242,0.0,0.0,0.99,0.01,0.9,1.1,0.0,154,22.9,60.0,60,72,78,70723,1
40809,70723,M3,syn부산5_MTr3,0.012,0.242,0.0,0.0,0.99,0.01,0.9,1.1,0.0,154,22.9,60.0,60,72,78,70723,1
40809,70723,M4,syn부산5_MTr4,0.012,0.242,0.0,0.0,0.99,0.01,0.9,1.1,0.0,154,22.9,60.0,60,72,78,70723,1
40810,70724,M1,syn부산6_MTr1,0.012,0.242,0.0,0.0,0.99,0.01,0.9,1.1,0.0,154,22.9,60.0,60,72,78,70724,1
40810,70724,M2,syn부산6_MTr2,0.012,0.242,0.0,0.0,0.99,0.01,0.9,1.1,0.0,154,22.9,60.0,60,72,78,70724,1
40810,70724,M3,syn부산6_MTr3,0.012,0.242,0.0,0.0,0.99,0.01,0.9,1.1,0.0,154,22.9,60.0,60,72,78,70724,1
40810,70724,M4,syn부산6_MTr4,0.012,0.242,0.0,0.0,0.99,0.01,0.9,1.1,0.0,154,22.9,60.0,60,72,78,70724,1
40811,70725,M1,syn명지_MTr1,0.012,0.242,0.0,0.0,1.0,0.01,0.9,1.1,0.0,154,22.9,60.0,60,72,78,70725,1
40811,70725,M2,syn명지_MTr2,0.012,0.242,0.0,0.0,1.0,0.01,0.9,1.1,0.0,154,22.9,60.0,60,72,78,70725,1
40811,70725,M3,syn명지_MTr3,0.012,0.242,0.0,0.0,1.0,0.01,0.9,1.1,0.0,154,22.9,60.0,60,72,78,70725,1
40811,70725,M4,syn명지_MTr4,0.012,0.242,0.0,0.0,1.0,0.01,0.9,1.1,0.0,154,22.9,60.0,60,72,78,70725,1
40812,70726,M1,서면_MTr1,0.012,0.242,0.0,0.0,0.99,0.01,0.9,1.1,0.0,154,22.9,60.0,60,72,78,70726,1
40812,70726,M2,서면_MTr2,0.012,0.242,0.0,0.0,0.99,0.01,0.9,1.1,0.0,154,22.9,60.0,60,72,78,70726,1
40812,70726,M3,서면_MTr3,0.012,0.242,0.0,0.0,0.99,0.01,0.9,1.1,0.0,154,22.9,60.0,60,72,78,70726,1
40812,70726,M4,서면_MTr4,0.012,0.242,0.0,0.0,0.99,0.01,0.9,1.1,0.0,154,22.9,60.0,60,72,78,70726,1
40813,70727,M1,syn부산9_MTr1,0.012,0.242,0.0,0.0,1.0,0.01,0.9,1.1,0.0,154,22.9,60.0,60,72,78,70727,1
40813,70727,M2,syn부산9_MTr2,0.012,0.242,0.0,0.0,1.0,0.01,0.9,1.1,0.0,154,22.9,60.0,60,72,78,70727,1
40813,70727,M3,syn부산9_MTr3,0.012,0.242,0.0,0.0,1.0,0.01,0.9,1.1,0.0,154,22.9,60.0,60,72,78,70727,1
40813,70727,M4,syn부산9_MTr4,0.012,0.242,0.0,0.0,1.0,0.01,0.9,1.1,0.0,154,22.9,60.0,60,72,78,70727,1
40814,70728,M1,엄궁_MTr1,0.012,0.242,0.0,0.0,0.99,0.01,0.9,1.1,0.0,154,22.9,60.0,60,72,78,70728,1
40814,70728,M2,엄궁_MTr2,0.012,0.242,0.0,0.0,0.99,0.01,0.9,1.1,0.0,154,22.9,60.0,60,72,78,70728,1
40814,70728,M3,엄궁_MTr3,0.012,0.242,0.0,0.0,0.99,0.01,0.9,1.1,0.0,154,22.9,60.0,60,72,78,70728,1
40814,70728,M4,엄궁_MTr4,0.012,0.242,0.0,0.0,0.99,0.01,0.9,1.1,0.0,154,22.9,60.0,60,72,78,70728,1
40815,70729,M1,syn울산1_MTr1,0.012,0.242,0.0,0.0,1.0,0.01,0.9,1.1,0.0,154,22.9,60.0,60,72,78,70729,1
40815,70729,M2,syn울산1_MTr2,0.012,0.242,0.0,0.0,1.0,0.01,0.9,1.1,0.0,154,22.9,60.0,60,72,78,70729,1
40815,70729,M3,syn울산1_MTr3,0.012,0.242,0.0,0.0,1.0,0.01,0.9,1.1,0.0,154,22.9,60.0,60,72,78,70729,1
40816,70730,M1,syn울산2_MTr1,0.012,0.242,0.0,0.0,0.98,0.01,0.9,1.1,0.0,154,22.9,60.0,60,72,78,70730,1
40816,70730,M2,syn울산2_MTr2,0.012,0.242,0.0,0.0,0.98,0.01,0.9,1.1,0.0,154,22.9,60.0,60,72,78,70730,1
40816,70730,M3,syn울산2_MTr3,0.012,0.242,0.0,0.0,0.98,0.01,0.9,1.1,0.0,154,22.9,60.0,60,72,78,70730,1
40816,70730,M4,syn울산2_MTr4,0.012,0.242,0.0,0.0,0.98,0.01,0.9,1.1,0.0,154,22.9,60.0,60,72,78,70730,1
40817,70731,M1,syn울산3_MTr1,0.012,0.242,0.0,0.0,0.99,0.01,0.9,1.1,0.0,154,22.9,60.0,60,72,78,70731,1
40817,70731,M2,syn울산3_MTr2,0.012,0.242,0.0,0.0,0.99,0.01,0.9,1.1,0.0,154,22.9,60.0,60,72,78,70731,1
40817,70731,M3,syn울산3_MTr3,0.012,0.242,0.0,0.0,0.99,0.01,0.9,1.1,0.0,154,22.9,60.0,60,72,78,70731,1
40817,70731,M4,syn울산3_MTr4,0.012,0.242,0.0,0.0,0.99,0.01,0.9,1.1,0.0,154,22.9,60.0,60,72,78,70731,1
40818,70732,M1,syn울산4_MTr1,0.012,0.242,0.0,0.0,0.99,0.01,0.9,1.1,0.0,154,22.9,60.0,60,72,78,70732,1
40818,70732,M2,syn울산4_MTr2,0.012,0.242,0.0,0.0,0.99,0.01,0.9,1.1,0.0,154,22.9,60.0,60,72,78,70732,1
40818,70732,M3,syn울산4_MTr3,0.012,0.242,0.0,0.0,0.99,0.01,0.9,1.1,0.0,154,22.9,60.0,60,72,78,70732,1
40818,70732,M4,syn울산4_MTr4,0.012,0.242,0.0,0.0,0.99,0.01,0.9,1.1,0.0,154,22.9,60.0,60,72,78,70732,1
40819,70733,M1,syn울산5_MTr1,0.012,0.242,0.0,0.0,0.99,0.01,0.9,1.1,0.0,154,22.9,60.0,60,72,78,70733,1
40819,70733,M2,syn울산5_MTr2,0.012,0.242,0.0,0.0,0.99,0.01,0.9,1.1,0.0,154,22.9,60.0,60,72,78,70733,1
40819,70733,M3,syn울산5_MTr3,0.012,0.242,0.0,0.0,0.99,0.01,0.9,1.1,0.0,154,22.9,60.0,60,72,78,70733,1
40819,70733,M4,syn울산5_MTr4,0.012,0.242,0.0,0.0,0.99,0.01,0.9,1.1,0.0,154,22.9,60.0,60,72,78,70733,1
40820,70734,M1,syn울산6_MTr1,0.012,0.242,0.0,0.0,1.0,0.01,0.9,1.1,0.0,154,22.9,60.0,60,72,78,70734,1
40820,70734,M2,syn울산6_MTr2,0.012,0.242,0.0,0.0,1.0,0.01,0.9,1.1,0.0,154,22.9,60.0,60,72,78,70734,1
40820,70734,M3,syn울산6_MTr3,0.012,0.242,0.0,0.0,1.0,0.01,0.9,1.1,0.0,154,22.9,60.0,60,72,78,70734,1
40820,70734,M4,syn울산6_MTr4,0.012,0.242,0.0,0.0,1.0,0.01,0.9,1.1,0.0,154,22.9,60.0,60,72,78,70734,1
40821,70735,M1,syn울산7_MTr1,0.012,0.242,0.0,0.0,0.98,0.01,0.9,1.1,0.0,154,22.9,60.0,60,72,78,70735,1
40821,70735,M2,syn울산7_MTr2,0.012,0.242,0.0,0.0,0.98,0.01,0.9,1.1,0.0,154,22.9,60.0,60,72,78,70735,1
40821,70735,M3,syn울산7_MTr3,0.012,0.242,0.0,0.0,0.98,0.01,0.9,1.1,0.0,154,22.9,60.0,60,72,78,70735,1
40822,70736,M1,syn흙마음_MTr1,0.012,0.242,0.0,0.0,0.99,0.01,0.9,1.1,0.0,154,22.9,60.0,60,72,78,70736,1
40822,70736,M2,syn흙마음_MTr2,0.012,0.242,0.0,0.0,0.99,0.01,0.9,1.1,0.0,154,22.9,60.0,60,72,78,70736,1
40822,70736,M3,syn흙마음_MTr3,0.012,0.242,0.0,0.0,0.99,0.01,0.9,1.1,0.0,154,22.9,60.0,60,72,78,70736,1
40822,70736,M4,syn흙마음_MTr4,0.012,0.242,0.0,0.0,0.99,0.01,0.9,1.1,0.0,154,22.9,60.0,60,72,78,70736,1
40823,70737,M1,syn울산9_MTr1,0.012,0.242,0.0,0.0,1.0,0.01,0.9,1.1,0.0,154,22.9,60.0,60,72,78,70737,1
40823,70737,M2,syn울산9_MTr2,0.012,0.242,0.0,0.0,1.0,0.01,0.9,1.1,0.0,154,22.9,60.0,60,72,78,70737,1
40823,70737,M3,syn울산9_MTr3,0.012,0.242,0.0,0.0,1.0,0.01,0.9,1.1,0.0,154,22.9,60.0,60,72,78,70737,1
40823,70737,M4,syn울산9_MTr4,0.012,0.242,0.0,0.0,1.0,0.01,0.9,1.1,0.0,154,22.9,60.0,60,72,78,70737,1
40824,70738,M1,syn울산10_MTr1,0.012,0.242,0.0,0.0,0.99,0.01,0.9,1.1,0.0,154,22.9,60.0,60,72,78,70738,1
40824,70738,M2,syn울산10_MTr2,0.012,0.242,0.0,0.0,0.99,0.01,0.9,1.1,0.0,154,22.9,60.0,60,72,78,70738,1
40824,70738,M3,syn울산10_MTr3,0.012,0.242,0.0,0.0,0.99,0.01,0.9,1.1,0.0,154,22.9,60.0,60,72,78,70738,1
40824,70738,M4,syn울산10_MTr4,0.012,0.242,0.0,0.0,0.99,0.01,0.9,1.1,0.0,154,22.9,60.0,60,72,78,70738,1
40825,70739,M1,syn울산11_MTr1,0.012,0.242,0.0,0.0,0.99,0.01,0.9,1.1,0.0,154,22.9,60.0,60,72,78,70739,1
40825,70739,M2,syn울산11_MTr2,0.012,0.242,0.0,0.0,0.99,0.01,0.9,1.1,0.0,154,22.9,60.0,60,72,78,70739,1
40825,70739,M3,syn울산11_MTr3,0.012,0.242,0.0,0.0,0.99,0.01,0.9,1.1,0.0,154,22.9,60.0,60,72,78,70739,1
40826,70740,M1,syn울산12_MTr1,0.012,0.242,0.0,0.0,0.99,0.01,0.9,1.1,0.0,154,22.9,60.0,60,72,78,70740,1
40826,70740,M2,syn울산12_MTr2,0.012,0.242,0.0,0.0,0.99,0.01,0.9,1.1,0.0,154,22.9,60.0,60,72,78,70740,1
40826,70740,M3,syn울산12_MTr3,0.012,0.242,0.0,0.0,0.99,0.01,0.9,1.1,0.0,154,22.9,60.0,60,72,78,70740,1
40827,70741,M1,syn울산13_MTr1,0.012,0.242,0.0,0.0,0.99,0.01,0.9,1.1,0.0,154,22.9,60.0,60,72,78,70741,1
40827,70741,M2,syn울산13_MTr2,0.012,0.242,0.0,0.0,0.99,0.01,0.9,1.1,0.0,154,22.9,60.0,60,72,78,70741,1
40827,70741,M3,syn울산13_MTr3,0.012,0.242,0.0,0.0,0.99,0.01,0.9,1.1,0.0,154,22.9,60.0,60,72,78,70741,1
40827,70741,M4,syn울산13_MTr4,0.012,0.242,0.0,0.0,0.99,0.01,0.9,1.1,0.0,154,22.9,60.0,60,72,78,70741,1
40828,70742,M1,syn울산14_MTr1,0.012,0.242,0.0,0.0,1.0,0.01,0.9,1.1,0.0,154,22.9,60.0,60,72,78,70742,1
40828,70742,M2,syn울산14_MTr2,0.012,0.242,0.0,0.0,1.0,0.01,0.9,1.1,0.0,154,22.9,60.0,60,72,78,70742,1
40828,70742,M3,syn울산14_MTr3,0.012,0.242,0.0,0.0,1.0,0.01,0.9,1.1,0.0,154,22.9,60.0,60,72,78,70742,1
40829,70743,M1,syn울산15_MTr1,0.012,0.242,0.0,0.0,0.98,0.01,0.9,1.1,0.0,154,22.9,60.0,60,72,78,70743,1
40829,70743,M2,syn울산15_MTr2,0.012,0.242,0.0,0.0,0.98,0.01,0.9,1.1,0.0,154,22.9,60.0,60,72,78,70743,1
40829,70743,M3,syn울산15_MTr3,0.012,0.242,0.0,0.0,0.98,0.01,0.9,1.1,0.0,154,22.9,60.0,60,72,78,70743,1
40829,70743,M4,syn울산15_MTr4,0.012,0.242,0.0,0.0,0.98,0.01,0.9,1.1,0.0,154,22.9,60.0,60,72,78,70743,1
40830,70744,M1,syn두산중공업_MTr1,0.012,0.242,0.0,0.0,0.99,0.01,0.9,1.1,0.0,154,22.9,60.0,60,72,78,70744,1
40830,70744,M2,syn두산중공업_MTr2,0.012,0.242,0.0,0.0,0.99,0.01,0.9,1.1,0.0,154,22.9,60.0,60,72,78,70744,1
40830,70744,M3,syn두산중공업_MTr3,0.012,0.242,0.0,0.0,0.99,0.01,0.9,1.1,0.0,154,22.9,60.0,60,72,78,70744,1
40831,70745,M1,syn울산17_MTr1,0.012,0.242,0.0,0.0,1.0,0.01,0.9,1.1,0.0,154,22.9,60.0,60,72,78,70745,1
40831,70745,M2,syn울산17_MTr2,0.012,0.242,0.0,0.0,1.0,0.01,0.9,1.1,0.0,154,22.9,60.0,60,72,78,70745,1
40831,70745,M3,syn울산17_MTr3,0.012,0.242,0.0,0.0,1.0,0.01,0.9,1.1,0.0,154,22.9,60.0,60,72,78,70745,1
40831,70745,M4,syn울산17_MTr4,0.012,0.242,0.0,0.0,1.0,0.01,0.9,1.1,0.0,154,22.9,60.0,60,72,78,70745,1
40832,70746,M1,syn울산18_MTr1,0.012,0.242,0.0,0.0,0.99,0.01,0.9,1.1,0.0,154,22.9,60.0,60,72,78,70746,1
40832,70746,M2,syn울산18_MTr2,0.012,0.242,0.0,0.0,0.99,0.01,0.9,1.1,0.0,154,22.9,60.0,60,72,78,70746,1
40832,70746,M3,syn울산18_MTr3,0.012,0.242,0.0,0.0,0.99,0.01,0.9,1.1,0.0,154,22.9,60.0,60,72,78,70746,1
40833,70747,M1,syn울산19_MTr1,0.012,0.242,0.0,0.0,0.99,0.01,0.9,1.1,0.0,154,22.9,60.0,60,72,78,70747,1
40833,70747,M2,syn울산19_MTr2,0.012,0.242,0.0,0.0,0.99,0.01,0.9,1.1,0.0,154,22.9,60.0,60,72,78,70747,1
40833,70747,M3,syn울산19_MTr3,0.012,0.242,0.0,0.0,0.99,0.01,0.9,1.1,0.0,154,22.9,60.0,60,72,78,70747,1
40833,70747,M4,syn울산19_MTr4,0.012,0.242,0.0,0.0,0.99,0.01,0.9,1.1,0.0,154,22.9,60.0,60,72,78,70747,1
40834,70748,M1,syn울산20_MTr1,0.012,0.242,0.0,0.0,0.99,0.01,0.9,1.1,0.0,154,22.9,60.0,60,72,78,70748,1
40834,70748,M2,syn울산20_MTr2,0.012,0.242,0.0,0.0,0.99,0.01,0.9,1.1,0.0,154,22.9,60.0,60,72,78,70748,1
40834,70748,M3,syn울산20_MTr3,0.012,0.242,0.0,0.0,0.99,0.01,0.9,1.1,0.0,154,22.9,60.0,60,72,78,70748,1
40834,70748,M4,syn울산20_MTr4,0.012,0.242,0.0,0.0,0.99,0.01,0.9,1.1,0.0,154,22.9,60.0,60,72,78,70748,1
40835,70749,M1,syn밀양전철_MTr1,0.012,0.242,0.0,0.0,0.99,0.01,0.9,1.1,0.0,154,22.9,60.0,60,72,78,70749,1
40835,70749,M2,syn밀양전철_MTr2,0.012,0.242,0.0,0.0,0.99,0.01,0.9,1.1,0.0,154,22.9,60.0,60,72,78,70749,1
40835,70749,M3,syn밀양전철_MTr3,0.012,0.242,0.0,0.0,0.99,0.01,0.9,1.1,0.0,154,22.9,60.0,60,72,78,70749,1
40835,70749,M4,syn밀양전철_MTr4,0.012,0.242,0.0,0.0,0.99,0.01,0.9,1.1,0.0,154,22.9,60.0,60,72,78,70749,1
40836,70750,M1,syn울산22_MTr1,0.012,0.242,0.0,0.0,1.0,0.01,0.9,1.1,0.0,154,22.9,60.0,60,72,78,70750,1
40836,70750,M2,syn울산22_MTr2,0.012,0.242,0.0,0.0,1.0,0.01,0.9,1.1,0.0,154,22.9,60.0,60,72,78,70750,1
40836,70750,M3,syn울산22_MTr3,0.012,0.242,0.0,0.0,1.0,0.01,0.9,1.1,0.0,154,22.9,60.0,60,72,78,70750,1
40837,70751,M1,syn울산23_MTr1,0.012,0.242,0.0,0.0,0.99,0.01,0.9,1.1,0.0,154,22.9,60.0,60,72,78,70751,1
40837,70751,M2,syn울산23_MTr2,0.012,0.242,0.0,0.0,0.99,0.01,0.9,1.1,0.0,154,22.9,60.0,60,72,78,70751,1
40837,70751,M3,syn울산23_MTr3,0.012,0.242,0.0,0.0,0.99,0.01,0.9,1.1,0.0,154,22.9,60.0,60,72,78,70751,1
40838,70752,M1,syn울산24_MTr1,0.012,0.242,0.0,0.0,0.99,0.01,0.9,1.1,0.0,154,22.9,60.0,60,72,78,70752,1
40838,70752,M2,syn울산24_MTr2,0.012,0.242,0.0,0.0,0.99,0.01,0.9,1.1,0.0,154,22.9,60.0,60,72,78,70752,1
40838,70752,M3,syn울산24_MTr3,0.012,0.242,0.0,0.0,0.99,0.01,0.9,1.1,0.0,154,22.9,60.0,60,72,78,70752,1
40838,70752,M4,syn울산24_MTr4,0.012,0.242,0.0,0.0,0.99,0.01,0.9,1.1,0.0,154,22.9,60.0,60,72,78,70752,1
40839,70753,M1,syn울산25_MTr1,0.012,0.242,0.0,0.0,0.99,0.01,0.9,1.1,0.0,154,22.9,60.0,60,72,78,70753,1
40839,70753,M2,syn울산25_MTr2,0.012,0.242,0.0,0.0,0.99,0.01,0.9,1.1,0.0,154,22.9,60.0,60,72,78,70753,1
40839,70753,M3,syn울산25_MTr3,0.012,0.242,0.0,0.0,0.99,0.01,0.9,1.1,0.0,154,22.9,60.0,60,72,78,70753,1
40839,70753,M4,syn울산25_MTr4,0.012,0.242,0.0,0.0,0.99,0.01,0.9,1.1,0.0,154,22.9,60.0,60,72,78,70753,1
40840,70754,M1,syn울산26_MTr1,0.012,0.242,0.0,0.0,0.99,0.01,0.9,1.1,0.0,154,22.9,60.0,60,72,78,70754,1
40840,70754,M2,syn울산26_MTr2,0.012,0.242,0.0,0.0,0.99,0.01,0.9,1.1,0.0,154,22.9,60.0,60,72,78,70754,1
40840,70754,M3,syn울산26_MTr3,0.012,0.242,0.0,0.0,0.99,0.01,0.9,1.1,0.0,154,22.9,60.0,60,72,78,70754,1
40840,70754,M4,syn울산26_MTr4,0.012,0.242,0.0,0.0,0.99,0.01,0.9,1.1,0.0,154,22.9,60.0,60,72,78,70754,1
40841,70755,M1,syn울산27_MTr1,0.012,0.242,0.0,0.0,1.0,0.01,0.9,1.1,0.0,154,22.9,60.0,60,72,78,70755,1
40841,70755,M2,syn울산27_MTr2,0.012,0.242,0.0,0.0,1.0,0.01,0.9,1.1,0.0,154,22.9,60.0,60,72,78,70755,1
40841,70755,M3,syn울산27_MTr3,0.012,0.242,0.0,0.0,1.0,0.01,0.9,1.1,0.0,154,22.9,60.0,60,72,78,70755,1
40842,70756,M1,syn울산28_MTr1,0.012,0.242,0.0,0.0,0.99,0.01,0.9,1.1,0.0,154,22.9,60.0,60,72,78,70756,1
40842,70756,M2,syn울산28_MTr2,0.012,0.242,0.0,0.0,0.99,0.01,0.9,1.1,0.0,154,22.9,60.0,60,72,78,70756,1
40842,70756,M3,syn울산28_MTr3,0.012,0.242,0.0,0.0,0.99,0.01,0.9,1.1,0.0,154,22.9,60.0,60,72,78,70756,1
40842,70756,M4,syn울산28_MTr4,0.012,0.242,0.0,0.0,0.99,0.01,0.9,1.1,0.0,154,22.9,60.0,60,72,78,70756,1
40843,70757,M1,syn양산1_MTr1,0.012,0.242,0.0,0.0,0.99,0.01,0.9,1.1,0.0,154,22.9,60.0,60,72,78,70757,1
40843,70757,M2,syn양산1_MTr2,0.012,0.242,0.0,0.0,0.99,0.01,0.9,1.1,0.0,154,22.9,60.0,60,72,78,70757,1
40843,70757,M3,syn양산1_MTr3,0.012,0.242,0.0,0.0,0.99,0.01,0.9,1.1,0.0,154,22.9,60.0,60,72,78,70757,1
40843,70757,M4,syn양산1_MTr4,0.012,0.242,0.0,0.0,0.99,0.01,0.9,1.1,0.0,154,22.9,60.0,60,72,78,70757,1
40844,70758,M1,syn울산30_MTr1,0.012,0.242,0.0,0.0,1.0,0.01,0.9,1.1,0.0,154,22.9,60.0,60,72,78,70758,1
40844,70758,M2,syn울산30_MTr2,0.012,0.242,0.0,0.0,1.0,0.01,0.9,1.1,0.0,154,22.9,60.0,60,72,78,70758,1
40844,70758,M3,syn울산30_MTr3,0.012,0.242,0.0,0.0,1.0,0.01,0.9,1.1,0.0,154,22.9,60.0,60,72,78,70758,1
40844,70758,M4,syn울산30_MTr4,0.012,0.242,0.0,0.0,1.0,0.01,0.9,1.1,0.0,154,22.9,60.0,60,72,78,70758,1
40845,70759,M1,syn경주1_MTr1,0.012,0.242,0.0,0.0,1.0,0.01,0.9,1.1,0.0,154,22.9,60.0,60,72,78,70759,1
40845,70759,M2,syn경주1_MTr2,0.012,0.242,0.0,0.0,1.0,0.01,0.9,1.1,0.0,154,22.9,60.0,60,72,78,70759,1
40845,70759,M3,syn경주1_MTr3,0.012,0.242,0.0,0.0,1.0,0.01,0.9,1.1,0.0,154,22.9,60.0,60,72,78,70759,1
40845,70759,M4,syn경주1_MTr4,0.012,0.242,0.0,0.0,1.0,0.01,0.9,1.1,0.0,154,22.9,60.0,60,72,78,70759,1
40846,70760,M1,syn구미1_MTr1,0.012,0.242,0.0,0.0,0.99,0.01,0.9,1.1,0.0,154,22.9,60.0,60,72,78,70760,1
40846,70760,M2,syn구미1_MTr2,0.012,0.242,0.0,0.0,0.99,0.01,0.9,1.1,0.0,154,22.9,60.0,60,72,78,70760,1
40846,70760,M3,syn구미1_MTr3,0.012,0.242,0.0,0.0,0.99,0.01,0.9,1.1,0.0,154,22.9,60.0,60,72,78,70760,1
40846,70760,M4,syn구미1_MTr4,0.012,0.242,0.0,0.0,0.99,0.01,0.9,1.1,0.0,154,22.9,60.0,60,72,78,70760,1
40847,70761,M1,syn구미2_MTr1,0.012,0.242,0.0,0.0,1.0,0.01,0.9,1.1,0.0,154,22.9,60.0,60,72,78,70761,1
40847,70761,M2,syn구미2_MTr2,0.012,0.242,0.0,0.0,1.0,0.01,0.9,1.1,0.0,154,22.9,60.0,60,72,78,70761,1
40847,70761,M3,syn구미2_MTr3,0.012,0.242,0.0,0.0,1.0,0.01,0.9,1.1,0.0,154,22.9,60.0,60,72,78,70761,1
40847,70761,M4,syn구미2_MTr4,0.012,0.242,0.0,0.0,1.0,0.01,0.9,1.1,0.0,154,22.9,60.0,60,72,78,70761,1
40848,70762,M1,syn대구1_MTr1,0.012,0.242,0.0,0.0,1.0,0.01,0.9,1.1,0.0,154,22.9,60.0,60,72,78,70762,1
40848,70762,M2,syn대구1_MTr2,0.012,0.242,0.0,0.0,1.0,0.01,0.9,1.1,0.0,154,22.9,60.0,60,72,78,70762,1
40848,70762,M3,syn대구1_MTr3,0.012,0.242,0.0,0.0,1.0,0.01,0.9,1.1,0.0,154,22.9,60.0,60,72,78,70762,1
40849,70763,M1,syn대구2_MTr1,0.012,0.242,0.0,0.0,1.0,0.01,0.9,1.1,0.0,154,22.9,60.0,60,72,78,70763,1
40849,70763,M2,syn대구2_MTr2,0.012,0.242,0.0,0.0,1.0,0.01,0.9,1.1,0.0,154,22.9,60.0,60,72,78,70763,1
40849,70763,M3,syn대구2_MTr3,0.012,0.242,0.0,0.0,1.0,0.01,0.9,1.1,0.0,154,22.9,60.0,60,72,78,70763,1
40850,70764,M1,syn대구3_MTr1,0.012,0.242,0.0,0.0,1.0,0.01,0.9,1.1,0.0,154,22.9,60.0,60,72,78,70764,1
40850,70764,M2,syn대구3_MTr2,0.012,0.242,0.0,0.0,1.0,0.01,0.9,1.1,0.0,154,22.9,60.0,60,72,78,70764,1
40851,70765,M1,syn대구4_MTr1,0.012,0.242,0.0,0.0,1.0,0.01,0.9,1.1,0.0,154,22.9,60.0,60,72,78,70765,1
40851,70765,M2,syn대구4_MTr2,0.012,0.242,0.0,0.0,1.0,0.01,0.9,1.1,0.0,154,22.9,60.0,60,72,78,70765,1
40851,70765,M3,syn대구4_MTr3,0.012,0.242,0.0,0.0,1.0,0.01,0.9,1.1,0.0,154,22.9,60.0,60,72,78,70765,1
40852,70766,M1,syn대구5_MTr1,0.012,0.242,0.0,0.0,1.0,0.01,0.9,1.1,0.0,154,22.9,60.0,60,72,78,70766,1
40852,70766,M2,syn대구5_MTr2,0.012,0.242,0.0,0.0,1.0,0.01,0.9,1.1,0.0,154,22.9,60.0,60,72,78,70766,1
40853,70767,M1,syn예천1_MTr1,0.012,0.242,0.0,0.0,1.0,0.01,0.9,1.1,0.0,154,22.9,60.0,60,72,78,70767,1
40853,70767,M2,syn예천1_MTr2,0.012,0.242,0.0,0.0,1.0,0.01,0.9,1.1,0.0,154,22.9,60.0,60,72,78,70767,1
40853,70767,M3,syn예천1_MTr3,0.012,0.242,0.0,0.0,1.0,0.01,0.9,1.1,0.0,154,22.9,60.0,60,72,78,70767,1
40853,70767,M4,syn예천1_MTr4,0.012,0.242,0.0,0.0,1.0,0.01,0.9,1.1,0.0,154,22.9,60.0,60,72,78,70767,1
40854,70768,M1,syn포항1_MTr1,0.012,0.242,0.0,0.0,1.0,0.01,0.9,1.1,0.0,154,22.9,60.0,60,72,78,70768,1
40854,70768,M2,syn포항1_MTr2,0.012,0.242,0.0,0.0,1.0,0.01,0.9,1.1,0.0,154,22.9,60.0,60,72,78,70768,1
40854,70768,M3,syn포항1_MTr3,0.012,0.242,0.0,0.0,1.0,0.01,0.9,1.1,0.0,154,22.9,60.0,60,72,78,70768,1
40854,70768,M4,syn포항1_MTr4,0.012,0.242,0.0,0.0,1.0,0.01,0.9,1.1,0.0,154,22.9,60.0,60,72,78,70768,1
40855,70769,M1,syn부평1_MTr1,0.012,0.242,0.0,0.0,0.99,0.01,0.9,1.1,0.0,154,22.9,60.0,60,72,78,70769,1
40855,70769,M2,syn부평1_MTr2,0.012,0.242,0.0,0.0,0.99,0.01,0.9,1.1,0.0,154,22.9,60.0,60,72,78,70769,1
40855,70769,M3,syn부평1_MTr3,0.012,0.242,0.0,0.0,0.99,0.01,0.9,1.1,0.0,154,22.9,60.0,60,72,78,70769,1
40856,70770,M1,syn부평2_MTr1,0.012,0.242,0.0,0.0,1.0,0.01,0.9,1.1,0.0,154,22.9,60.0,60,72,78,70770,1
40856,70770,M2,syn부평2_MTr2,0.012,0.242,0.0,0.0,1.0,0.01,0.9,1.1,0.0,154,22.9,60.0,60,72,78,70770,1
40856,70770,M3,syn부평2_MTr3,0.012,0.242,0.0,0.0,1.0,0.01,0.9,1.1,0.0,154,22.9,60.0,60,72,78,70770,1
40856,70770,M4,syn부평2_MTr4,0.012,0.242,0.0,0.0,1.0,0.01,0.9,1.1,0.0,154,22.9,60.0,60,72,78,70770,1
40857,70771,M1,syn부평3_MTr1,0.012,0.242,0.0,0.0,0.99,0.01,0.9,1.1,0.0,154,22.9,60.0,60,72,78,70771,1
40857,70771,M2,syn부평3_MTr2,0.012,0.242,0.0,0.0,0.99,0.01,0.9,1.1,0.0,154,22.9,60.0,60,72,78,70771,1
40857,70771,M3,syn부평3_MTr3,0.012,0.242,0.0,0.0,0.99,0.01,0.9,1.1,0.0,154,22.9,60.0,60,72,78,70771,1
40858,70772,M1,syn부평4_MTr1,0.012,0.242,0.0,0.0,1.0,0.01,0.9,1.1,0.0,154,22.9,60.0,60,72,78,70772,1
40858,70772,M2,syn부평4_MTr2,0.012,0.242,0.0,0.0,1.0,0.01,0.9,1.1,0.0,154,22.9,60.0,60,72,78,70772,1
40858,70772,M3,syn부평4_MTr3,0.012,0.242,0.0,0.0,1.0,0.01,0.9,1.1,0.0,154,22.9,60.0,60,72,78,70772,1
40859,70773,M1,syn부평5_MTr1,0.012,0.242,0.0,0.0,1.0,0.01,0.9,1.1,0.0,154,22.9,60.0,60,72,78,70773,1
40859,70773,M2,syn부평5_MTr2,0.012,0.242,0.0,0.0,1.0,0.01,0.9,1.1,0.0,154,22.9,60.0,60,72,78,70773,1
40859,70773,M3,syn부평5_MTr3,0.012,0.242,0.0,0.0,1.0,0.01,0.9,1.1,0.0,154,22.9,60.0,60,72,78,70773,1
40860,70774,M1,syn부평6_MTr1,0.012,0.242,0.0,0.0,1.0,0.01,0.9,1.1,0.0,154,22.9,60.0,60,72,78,70774,1
40860,70774,M2,syn부평6_MTr2,0.012,0.242,0.0,0.0,1.0,0.01,0.9,1.1,0.0,154,22.9,60.0,60,72,78,70774,1
40860,70774,M3,syn부평6_MTr3,0.012,0.242,0.0,0.0,1.0,0.01,0.9,1.1,0.0,154,22.9,60.0,60,72,78,70774,1
40860,70774,M4,syn부평6_MTr4,0.012,0.242,0.0,0.0,1.0,0.01,0.9,1.1,0.0,154,22.9,60.0,60,72,78,70774,1
40861,70775,M1,syn인천1_MTr1,0.012,0.242,0.0,0.0,0.99,0.01,0.9,1.1,0.0,154,22.9,60.0,60,72,78,70775,1
40861,70775,M2,syn인천1_MTr2,0.012,0.242,0.0,0.0,0.99,0.01,0.9,1.1,0.0,154,22.9,60.0,60,72,78,70775,1
40861,70775,M3,syn인천1_MTr3,0.012,0.242,0.0,0.0,0.99,0.01,0.9,1.1,0.0,154,22.9,60.0,60,72,78,70775,1
40862,70776,M1,syn인천2_MTr1,0.012,0.242,0.0,0.0,1.0,0.01,0.9,1.1,0.0,154,22.9,60.0,60,72,78,70776,1
40862,70776,M2,syn인천2_MTr2,0.012,0.242,0.0,0.0,1.0,0.01,0.9,1.1,0.0,154,22.9,60.0,60,72,78,70776,1
40862,70776,M3,syn인천2_MTr3,0.012,0.242,0.0,0.0,1.0,0.01,0.9,1.1,0.0,154,22.9,60.0,60,72,78,70776,1
40863,70777,M1,syn인천3_MTr1,0.012,0.242,0.0,0.0,1.0,0.01,0.9,1.1,0.0,154,22.9,60.0,60,72,78,70777,1
40863,70777,M2,syn인천3_MTr2,0.012,0.242,0.0,0.0,1.0,0.01,0.9,1.1,0.0,154,22.9,60.0,60,72,78,70777,1
40863,70777,M3,syn인천3_MTr3,0.012,0.242,0.0,0.0,1.0,0.01,0.9,1.1,0.0,154,22.9,60.0,60,72,78,70777,1
40864,70778,M1,syn인천4_MTr1,0.012,0.242,0.0,0.0,1.0,0.01,0.9,1.1,0.0,154,22.9,60.0,60,72,78,70778,1
40864,70778,M2,syn인천4_MTr2,0.012,0.242,0.0,0.0,1.0,0.01,0.9,1.1,0.0,154,22.9,60.0,60,72,78,70778,1
40864,70778,M3,syn인천4_MTr3,0.012,0.242,0.0,0.0,1.0,0.01,0.9,1.1,0.0,154,22.9,60.0,60,72,78,70778,1
40864,70778,M4,syn인천4_MTr4,0.012,0.242,0.0,0.0,1.0,0.01,0.9,1.1,0.0,154,22.9,60.0,60,72,78,70778,1
40865,70779,M1,syn인천5_MTr1,0.012,0.242,0.0,0.0,1.0,0.01,0.9,1.1,0.0,154,22.9,60.0,60,72,78,70779,1
40865,70779,M2,syn인천5_MTr2,0.012,0.242,0.0,0.0,1.0,0.01,0.9,1.1,0.0,154,22.9,60.0,60,72,78,70779,1
40865,70779,M3,syn인천5_MTr3,0.012,0.242,0.0,0.0,1.0,0.01,0.9,1.1,0.0,154,22.9,60.0,60,72,78,70779,1
40866,70780,M1,syn인천6_MTr1,0.012,0.242,0.0,0.0,0.99,0.01,0.9,1.1,0.0,154,22.9,60.0,60,72,78,70780,1
40866,70780,M2,syn인천6_MTr2,0.012,0.242,0.0,0.0,0.99,0.01,0.9,1.1,0.0,154,22.9,60.0,60,72,78,70780,1
40866,70780,M3,syn인천6_MTr3,0.012,0.242,0.0,0.0,0.99,0.01,0.9,1.1,0.0,154,22.9,60.0,60,72,78,70780,1
40867,70781,M1,syn인천7_MTr1,0.012,0.242,0.0,0.0,1.0,0.01,0.9,1.1,0.0,154,22.9,60.0,60,72,78,70781,1
40867,70781,M2,syn인천7_MTr2,0.012,0.242,0.0,0.0,1.0,0.01,0.9,1.1,0.0,154,22.9,60.0,60,72,78,70781,1
40867,70781,M3,syn인천7_MTr3,0.012,0.242,0.0,0.0,1.0,0.01,0.9,1.1,0.0,154,22.9,60.0,60,72,78,70781,1
40868,70782,M1,syn강릉1_MTr1,0.012,0.242,0.0,0.0,0.99,0.01,0.9,1.1,0.0,154,22.9,60.0,60,72,78,70782,1
40868,70782,M2,syn강릉1_MTr2,0.012,0.242,0.0,0.0,0.99,0.01,0.9,1.1,0.0,154,22.9,60.0,60,72,78,70782,1
40868,70782,M3,syn강릉1_MTr3,0.012,0.242,0.0,0.0,0.99,0.01,0.9,1.1,0.0,154,22.9,60.0,60,72,78,70782,1
40869,70783,M1,syn원주1_MTr1,0.012,0.242,0.0,0.0,0.98,0.01,0.9,1.1,0.0,154,22.9,60.0,60,72,78,70783,1
40869,70783,M2,syn원주1_MTr2,0.012,0.242,0.0,0.0,0.98,0.01,0.9,1.1,0.0,154,22.9,60.0,60,72,78,70783,1
40869,70783,M3,syn원주1_MTr3,0.012,0.242,0.0,0.0,0.98,0.01,0.9,1.1,0.0,154,22.9,60.0,60,72,78,70783,1
40870,70784,M1,syn제천1_MTr1,0.012,0.242,0.0,0.0,0.98,0.01,0.9,1.1,0.0,154,22.9,60.0,60,72,78,70784,1
40870,70784,M2,syn제천1_MTr2,0.012,0.242,0.0,0.0,0.98,0.01,0.9,1.1,0.0,154,22.9,60.0,60,72,78,70784,1
40870,70784,M3,syn제천1_MTr3,0.012,0.242,0.0,0.0,0.98,0.01,0.9,1.1,0.0,154,22.9,60.0,60,72,78,70784,1
40870,70784,M4,syn제천1_MTr4,0.012,0.242,0.0,0.0,0.98,0.01,0.9,1.1,0.0,154,22.9,60.0,60,72,78,70784,1
40871,70785,M1,syn진천1_MTr1,0.012,0.242,0.0,0.0,0.99,0.01,0.9,1.1,0.0,154,22.9,60.0,60,72,78,70785,1
40871,70785,M2,syn진천1_MTr2,0.012,0.242,0.0,0.0,0.99,0.01,0.9,1.1,0.0,154,22.9,60.0,60,72,78,70785,1
40871,70785,M3,syn진천1_MTr3,0.012,0.242,0.0,0.0,0.99,0.01,0.9,1.1,0.0,154,22.9,60.0,60,72,78,70785,1
40871,70785,M4,syn진천1_MTr4,0.012,0.242,0.0,0.0,0.99,0.01,0.9,1.1,0.0,154,22.9,60.0,60,72,78,70785,1
40872,70786,M1,syn청주1_MTr1,0.012,0.242,0.0,0.0,1.0,0.01,0.9,1.1,0.0,154,22.9,60.0,60,72,78,70786,1
40872,70786,M2,syn청주1_MTr2,0.012,0.242,0.0,0.0,1.0,0.01,0.9,1.1,0.0,154,22.9,60.0,60,72,78,70786,1
40872,70786,M3,syn청주1_MTr3,0.012,0.242,0.0,0.0,1.0,0.01,0.9,1.1,0.0,154,22.9,60.0,60,72,78,70786,1
40872,70786,M4,syn청주1_MTr4,0.012,0.242,0.0,0.0,1.0,0.01,0.9,1.1,0.0,154,22.9,60.0,60,72,78,70786,1
40873,70787,M1,syn청주2_MTr1,0.012,0.242,0.0,0.0,0.99,0.01,0.9,1.1,0.0,154,22.9,60.0,60,72,78,70787,1
40873,70787,M2,syn청주2_MTr2,0.012,0.242,0.0,0.0,0.99,0.01,0.9,1.1,0.0,154,22.9,60.0,60,72,78,70787,1
40873,70787,M3,syn청주2_MTr3,0.012,0.242,0.0,0.0,0.99,0.01,0.9,1.1,0.0,154,22.9,60.0,60,72,78,70787,1
40873,70787,M4,syn청주2_MTr4,0.012,0.242,0.0,0.0,0.99,0.01,0.9,1.1,0.0,154,22.9,60.0,60,72,78,70787,1
40874,70788,M1,syn충주1_MTr1,0.012,0.242,0.0,0.0,0.99,0.01,0.9,1.1,0.0,154,22.9,60.0,60,72,78,70788,1
40874,70788,M2,syn충주1_MTr2,0.012,0.242,0.0,0.0,0.99,0.01,0.9,1.1,0.0,154,22.9,60.0,60,72,78,70788,1
40874,70788,M3,syn충주1_MTr3,0.012,0.242,0.0,0.0,0.99,0.01,0.9,1.1,0.0,154,22.9,60.0,60,72,78,70788,1
40874,70788,M4,syn충주1_MTr4,0.012,0.242,0.0,0.0,0.99,0.01,0.9,1.1,0.0,154,22.9,60.0,60,72,78,70788,1
40875,70789,M1,syn군산1_MTr1,0.012,0.242,0.0,0.0,1.0,0.01,0.9,1.1,0.0,154,22.9,60.0,60,72,78,70789,1
40875,70789,M2,syn군산1_MTr2,0.012,0.242,0.0,0.0,1.0,0.01,0.9,1.1,0.0,154,22.9,60.0,60,72,78,70789,1
40875,70789,M3,syn군산1_MTr3,0.012,0.242,0.0,0.0,1.0,0.01,0.9,1.1,0.0,154,22.9,60.0,60,72,78,70789,1
40875,70789,M4,syn군산1_MTr4,0.012,0.242,0.0,0.0,1.0,0.01,0.9,1.1,0.0,154,22.9,60.0,60,72,78,70789,1
40876,70790,M1,syn군산2_MTr1,0.012,0.242,0.0,0.0,1.02,0.01,0.9,1.1,0.0,154,22.9,60.0,60,72,78,70790,1
40876,70790,M2,syn군산2_MTr2,0.012,0.242,0.0,0.0,1.02,0.01,0.9,1.1,0.0,154,22.9,60.0,60,72,78,70790,1
40876,70790,M3,syn군산2_MTr3,0.012,0.242,0.0,0.0,1.02,0.01,0.9,1.1,0.0,154,22.9,60.0,60,72,78,70790,1
40876,70790,M4,syn군산2_MTr4,0.012,0.242,0.0,0.0,1.02,0.01,0.9,1.1,0.0,154,22.9,60.0,60,72,78,70790,1
40877,70791,M1,syn무주1_MTr1,0.012,0.242,0.0,0.0,1.0,0.01,0.9,1.1,0.0,154,22.9,60.0,60,72,78,70791,1
40877,70791,M2,syn무주1_MTr2,0.012,0.242,0.0,0.0,1.0,0.01,0.9,1.1,0.0,154,22.9,60.0,60,72,78,70791,1
40877,70791,M3,syn무주1_MTr3,0.012,0.242,0.0,0.0,1.0,0.01,0.9,1.1,0.0,154,22.9,60.0,60,72,78,70791,1
40878,70792,M1,syn익산1_MTr1,0.012,0.242,0.0,0.0,1.0,0.01,0.9,1.1,0.0,154,22.9,60.0,60,72,78,70792,1
40878,70792,M2,syn익산1_MTr2,0.012,0.242,0.0,0.0,1.0,0.01,0.9,1.1,0.0,154,22.9,60.0,60,72,78,70792,1
40878,70792,M3,syn익산1_MTr3,0.012,0.242,0.0,0.0,1.0,0.01,0.9,1.1,0.0,154,22.9,60.0,60,72,78,70792,1
40879,70793,M1,syn익산2_MTr1,0.012,0.242,0.0,0.0,1.0,0.01,0.9,1.1,0.0,154,22.9,60.0,60,72,78,70793,1
40879,70793,M2,syn익산2_MTr2,0.012,0.242,0.0,0.0,1.0,0.01,0.9,1.1,0.0,154,22.9,60.0,60,72,78,70793,1
40879,70793,M3,syn익산2_MTr3,0.012,0.242,0.0,0.0,1.0,0.01,0.9,1.1,0.0,154,22.9,60.0,60,72,78,70793,1
40880,70794,M1,syn전주1_MTr1,0.012,0.242,0.0,0.0,0.99,0.01,0.9,1.1,0.0,154,22.9,60.0,60,72,78,70794,1
40880,70794,M2,syn전주1_MTr2,0.012,0.242,0.0,0.0,0.99,0.01,0.9,1.1,0.0,154,22.9,60.0,60,72,78,70794,1
40880,70794,M3,syn전주1_MTr3,0.012,0.242,0.0,0.0,0.99,0.01,0.9,1.1,0.0,154,22.9,60.0,60,72,78,70794,1
40880,70794,M4,syn전주1_MTr4,0.012,0.242,0.0,0.0,0.99,0.01,0.9,1.1,0.0,154,22.9,60.0,60,72,78,70794,1
40881,70795,M1,syn정읍1_MTr1,0.012,0.242,0.0,0.0,0.99,0.01,0.9,1.1,0.0,154,22.9,60.0,60,72,78,70795,1
40881,70795,M2,syn정읍1_MTr2,0.012,0.242,0.0,0.0,0.99,0.01,0.9,1.1,0.0,154,22.9,60.0,60,72,78,70795,1
40881,70795,M3,syn정읍1_MTr3,0.012,0.242,0.0,0.0,0.99,0.01,0.9,1.1,0.0,154,22.9,60.0,60,72,78,70795,1
40882,70796,M1,syn강진1_MTr1,0.012,0.242,0.0,0.0,1.0,0.01,0.9,1.1,0.0,154,22.9,60.0,60,72,78,70796,1
40882,70796,M2,syn강진1_MTr2,0.012,0.242,0.0,0.0,1.0,0.01,0.9,1.1,0.0,154,22.9,60.0,60,72,78,70796,1
40882,70796,M3,syn강진1_MTr3,0.012,0.242,0.0,0.0,1.0,0.01,0.9,1.1,0.0,154,22.9,60.0,60,72,78,70796,1
40882,70796,M4,syn강진1_MTr4,0.012,0.242,0.0,0.0,1.0,0.01,0.9,1.1,0.0,154,22.9,60.0,60,72,78,70796,1
40883,70797,M1,syn여수엑스포_MTr1,0.012,0.242,0.0,0.0,0.98,0.01,0.9,1.1,0.0,154,22.9,60.0,60,72,78,70797,1
40883,70797,M2,syn여수엑스포_MTr2,0.012,0.242,0.0,0.0,0.98,0.01,0.9,1.1,0.0,154,22.9,60.0,60,72,78,70797,1
40883,70797,M3,syn여수엑스포_MTr3,0.012,0.242,0.0,0.0,0.98,0.01,0.9,1.1,0.0,154,22.9,60.0,60,72,78,70797,1
40883,70797,M4,syn여수엑스포_MTr4,0.012,0.242,0.0,0.0,0.98,0.01,0.9,1.1,0.0,154,22.9,60.0,60,72,78,70797,1
40884,70798,M1,syn광주1_MTr1,0.012,0.242,0.0,0.0,1.0,0.01,0.9,1.1,0.0,154,22.9,60.0,60,72,78,70798,1
40884,70798,M2,syn광주1_MTr2,0.012,0.242,0.0,0.0,1.0,0.01,0.9,1.1,0.0,154,22.9,60.0,60,72,78,70798,1
40884,70798,M3,syn광주1_MTr3,0.012,0.242,0.0,0.0,1.0,0.01,0.9,1.1,0.0,154,22.9,60.0,60,72,78,70798,1
40884,70798,M4,syn광주1_MTr4,0.012,0.242,0.0,0.0,1.0,0.01,0.9,1.1,0.0,154,22.9,60.0,60,72,78,70798,1
40885,70799,M1,syn광주2_MTr1,0.012,0.242,0.0,0.0,0.99,0.01,0.9,1.1,0.0,154,22.9,60.0,60,72,78,70799,1
40885,70799,M2,syn광주2_MTr2,0.012,0.242,0.0,0.0,0.99,0.01,0.9,1.1,0.0,154,22.9,60.0,60,72,78,70799,1
40885,70799,M3,syn광주2_MTr3,0.012,0.242,0.0,0.0,0.99,0.01,0.9,1.1,0.0,154,22.9,60.0,60,72,78,70799,1
40886,70800,M1,syn광주3_MTr1,0.012,0.242,0.0,0.0,1.0,0.01,0.9,1.1,0.0,154,22.9,60.0,60,72,78,70800,1
40886,70800,M2,syn광주3_MTr2,0.012,0.242,0.0,0.0,1.0,0.01,0.9,1.1,0.0,154,22.9,60.0,60,72,78,70800,1
40886,70800,M3,syn광주3_MTr3,0.012,0.242,0.0,0.0,1.0,0.01,0.9,1.1,0.0,154,22.9,60.0,60,72,78,70800,1
40887,70801,M1,syn광주4_MTr1,0.012,0.242,0.0,0.0,1.0,0.01,0.9,1.1,0.0,154,22.9,60.0,60,72,78,70801,1
40887,70801,M2,syn광주4_MTr2,0.012,0.242,0.0,0.0,1.0,0.01,0.9,1.1,0.0,154,22.9,60.0,60,72,78,70801,1
40887,70801,M3,syn광주4_MTr3,0.012,0.242,0.0,0.0,1.0,0.01,0.9,1.1,0.0,154,22.9,60.0,60,72,78,70801,1
40888,70802,M1,노안_MTr1,0.012,0.242,0.0,0.0,0.99,0.01,0.9,1.1,0.0,154,22.9,60.0,60,72,78,70802,1
40888,70802,M2,노안_MTr2,0.012,0.242,0.0,0.0,0.99,0.01,0.9,1.1,0.0,154,22.9,60.0,60,72,78,70802,1
40888,70802,M3,노안_MTr3,0.012,0.242,0.0,0.0,0.99,0.01,0.9,1.1,0.0,154,22.9,60.0,60,72,78,70802,1
40888,70802,M4,노안_MTr4,0.012,0.242,0.0,0.0,0.99,0.01,0.9,1.1,0.0,154,22.9,60.0,60,72,78,70802,1
40889,70803,M1,syn양장리_MTr1,0.012,0.242,0.0,0.0,0.99,0.01,0.9,1.1,0.0,154,22.9,60.0,60,72,78,70803,1
40889,70803,M2,syn양장리_MTr2,0.012,0.242,0.0,0.0,0.99,0.01,0.9,1.1,0.0,154,22.9,60.0,60,72,78,70803,1
40889,70803,M3,syn양장리_MTr3,0.012,0.242,0.0,0.0,0.99,0.01,0.9,1.1,0.0,154,22.9,60.0,60,72,78,70803,1
40889,70803,M4,syn양장리_MTr4,0.012,0.242,0.0,0.0,0.99,0.01,0.9,1.1,0.0,154,22.9,60.0,60,72,78,70803,1
40890,70804,M1,syn목포2_MTr1,0.012,0.242,0.0,0.0,0.99,0.01,0.9,1.1,0.0,154,22.9,60.0,60,72,78,70804,1
40890,70804,M2,syn목포2_MTr2,0.012,0.242,0.0,0.0,0.99,0.01,0.9,1.1,0.0,154,22.9,60.0,60,72,78,70804,1
40890,70804,M3,syn목포2_MTr3,0.012,0.242,0.0,0.0,0.99,0.01,0.9,1.1,0.0,154,22.9,60.0,60,72,78,70804,1
40890,70804,M4,syn목포2_MTr4,0.012,0.242,0.0,0.0,0.99,0.01,0.9,1.1,0.0,154,22.9,60.0,60,72,78,70804,1
40891,70805,M1,syn순천1_MTr1,0.012,0.242,0.0,0.0,0.98,0.01,0.9,1.1,0.0,154,22.9,60.0,60,72,78,70805,1
40891,70805,M2,syn순천1_MTr2,0.012,0.242,0.0,0.0,0.98,0.01,0.9,1.1,0.0,154,22.9,60.0,60,72,78,70805,1
40891,70805,M3,syn순천1_MTr3,0.012,0.242,0.0,0.0,0.98,0.01,0.9,1.1,0.0,154,22.9,60.0,60,72,78,70805,1
40891,70805,M4,syn순천1_MTr4,0.012,0.242,0.0,0.0,0.98,0.01,0.9,1.1,0.0,154,22.9,60.0,60,72,78,70805,1
40892,70806,M1,syn여수1_MTr1,0.012,0.242,0.0,0.0,1.0,0.01,0.9,1.1,0.0,154,22.9,60.0,60,72,78,70806,1
40892,70806,M2,syn여수1_MTr2,0.012,0.242,0.0,0.0,1.0,0.01,0.9,1.1,0.0,154,22.9,60.0,60,72,78,70806,1
40892,70806,M3,syn여수1_MTr3,0.012,0.242,0.0,0.0,1.0,0.01,0.9,1.1,0.0,154,22.9,60.0,60,72,78,70806,1
40892,70806,M4,syn여수1_MTr4,0.012,0.242,0.0,0.0,1.0,0.01,0.9,1.1,0.0,154,22.9,60.0,60,72,78,70806,1
900000,900001,1,inf345_MTr_900000,0.0003,0.005,0.0,0.0,1.01,0.0125,0.9,1.1,0.0,345,154.0,2000.0,2000,2200,2500,900001,1
900002,900003,1,inf345_MTr_900002,0.0003,0.005,0.0,0.0,1.01,0.0125,0.9,1.1,0.0,345,154.0,2000.0,2000,2200,2500,900003,1
900004,900005,1,서창_MTr1,0.0003,0.005,0.0,0.0,1.02,0.0125,0.9,1.1,0.0,345,154.0,2000.0,2000,2200,2500,900005,1
900006,900007,1,inf345_MTr_900006,0.0003,0.005,0.0,0.0,1.01,0.0125,0.9,1.1,0.0,345,154.0,2000.0,2000,2200,2500,900007,1
900008,900009,1,inf345_MTr_900008,0.0003,0.005,0.0,0.0,1.01,0.0125,0.9,1.1,0.0,345,154.0,2000.0,2000,2200,2500,900009,1
900010,900011,1,inf345_MTr_900010,0.0003,0.005,0.0,0.0,0.99,0.0125,0.9,1.1,0.0,345,154.0,2000.0,2000,2200,2500,900011,1
900012,900013,1,inf345_MTr_900012,0.0003,0.005,0.0,0.0,1.01,0.0125,0.9,1.1,0.0,345,154.0,2000.0,2000,2200,2500,900013,1
900014,900015,1,inf345_MTr_900014,0.0003,0.005,0.0,0.0,1.01,0.0125,0.9,1.1,0.0,345,154.0,2000.0,2000,2200,2500,900015,1
900016,900017,1,inf345_MTr_900016,0.0003,0.005,0.0,0.0,1.01,0.0125,0.9,1.1,0.0,345,154.0,2000.0,2000,2200,2500,900017,1
900018,900019,1,과천_MTr1,0.0003,0.005,0.0,0.0,1.01,0.0125,0.9,1.1,0.0,345,154.0,2000.0,2000,2200,2500,900019,1
900020,900021,1,inf345_MTr_900020,0.0003,0.005,0.0,0.0,1.01,0.0125,0.9,1.1,0.0,345,154.0,2000.0,2000,2200,2500,900021,1
900022,900023,1,inf345_MTr_900022,0.0003,0.005,0.0,0.0,1.0,0.0125,0.9,1.1,0.0,345,154.0,2000.0,2000,2200,2500,900023,1
900024,900025,1,inf345_MTr_900024,0.0003,0.005,0.0,0.0,0.99,0.0125,0.9,1.1,0.0,345,154.0,2000.0,2000,2200,2500,900025,1
900026,900027,1,inf345_MTr_900026,0.0003,0.005,0.0,0.0,0.99,0.0125,0.9,1.1,0.0,345,154.0,2000.0,2000,2200,2500,900027,1
900028,900029,1,inf345_MTr_900028,0.0003,0.005,0.0,0.0,1.0,0.0125,0.9,1.1,0.0,345,154.0,2000.0,2000,2200,2500,900029,1
900030,900031,1,inf345_MTr_900030,0.0003,0.005,0.0,0.0,0.98,0.0125,0.9,1.1,0.0,345,154.0,2000.0,2000,2200,2500,900031,1
900032,900033,1,거여_MTr1,0.0003,0.005,0.0,0.0,1.01,0.0125,0.9,1.1,0.0,345,154.0,2000.0,2000,2200,2500,900033,1
900034,900035,1,inf345_MTr_900034,0.0003,0.005,0.0,0.0,1.01,0.0125,0.9,1.1,0.0,345,154.0,2000.0,2000,2200,2500,900035,1
900036,900037,1,수원T2_MTr1,0.0003,0.005,0.0,0.0,1.0,0.0125,0.9,1.1,0.0,345,154.0,2000.0,2000,2200,2500,900037,1
900038,900039,1,inf345_MTr_900038,0.0003,0.005,0.0,0.0,1.01,0.0125,0.9,1.1,0.0,345,154.0,2000.0,2000,2200,2500,900039,1
900040,900041,1,inf345_MTr_900040,0.0003,0.005,0.0,0.0,0.98,0.0125,0.9,1.1,0.0,345,154.0,2000.0,2000,2200,2500,900041,1
900042,900043,1,inf345_MTr_900042,0.0003,0.005,0.0,0.0,1.01,0.0125,0.9,1.1,0.0,345,154.0,2000.0,2000,2200,2500,900043,1
900044,900045,1,inf345_MTr_900044,0.0003,0.005,0.0,0.0,1.0,0.0125,0.9,1.1,0.0,345,154.0,2000.0,2000,2200,2500,900045,1
900046,900047,1,inf345_MTr_900046,0.0003,0.005,0.0,0.0,1.01,0.0125,0.9,1.1,0.0,345,154.0,2000.0,2000,2200,2500,900047,1
900048,900049,1,inf345_MTr_900048,0.0003,0.005,0.0,0.0,1.01,0.0125,0.9,1.1,0.0,345,154.0,2000.0,2000,2200,2500,900049,1
900050,900051,1,inf345_MTr_900050,0.0003,0.005,0.0,0.0,1.0,0.0125,0.9,1.1,0.0,345,154.0,2000.0,2000,2200,2500,900051,1
900052,900053,1,inf345_MTr_900052,0.0003,0.005,0.0,0.0,1.01,0.0125,0.9,1.1,0.0,345,154.0,2000.0,2000,2200,2500,900053,1
900054,900055,1,inf345_MTr_900054,0.0003,0.005,0.0,0.0,1.01,0.0125,0.9,1.1,0.0,345,154.0,2000.0,2000,2200,2500,900055,1
900056,900057,1,inf345_MTr_900056,0.0003,0.005,0.0,0.0,0.99,0.0125,0.9,1.1,0.0,345,154.0,2000.0,2000,2200,2500,900057,1
900058,900059,1,inf345_MTr_900058,0.0003,0.005,0.0,0.0,0.99,0.0125,0.9,1.1,0.0,345,154.0,2000.0,2000,2200,2500,900059,1
900060,900061,1,inf345_MTr_900060,0.0003,0.005,0.0,0.0,1.01,0.0125,0.9,1.1,0.0,345,154.0,2000.0,2000,2200,2500,900061,1
20095,40710,1,울산T9_MTr1,0.0003,0.005,0.0,0.0,1.02,0.0125,0.9,1.1,0.0,345,154.0,2000.0,2000,2200,2500,40710,1
